"lodindex","lodcolumn","chr","pos","lod","ci_lo","ci_hi"
2,"Cotyledon_Color","LG1",42,53.8246435788713,40.834,45.035
3,"Testa_Color","LG2",16,6.975825215623,14.185,19.267
3,"Testa_Color","LG3",108,6.93076868567625,103.996,111.737
4,"Testa_Pattern","LG6",23,43.2813556260832,0,32.573
