"lodindex","lodcolumn","chr","pos","lod","ci_lo","ci_hi"
1,"RootRot_E1","LG3",289,3.81342118685366,254.9834355,297.9742435
1,"RootRot_E1","LG5",74.1257256,4.08795540698125,40.27162753,192.8704581
2,"RootRot_E2","LG1",76.5523329,3.26465058705526,30.39120083,212.8596637
2,"RootRot_E2","LG6",370,5.77467805891794,306.5732152,557.5671798
3,"RootRot_E3","LG6",308,5.31344036843729,296.3108005,377.9223611
4,"RootRot_Mean","LG3",280.4713849,3.61367685738528,245.2143842,297.9742435
4,"RootRot_Mean","LG5",133,3.77733627545828,29.99727342,202.4022194
4,"RootRot_Mean","LG6",315,7.09483802788698,306.5732152,367.4657462
