"SNP","Chr","Pos","Hits","MAF","max_negLog10_P","min_negLog10_P","Models","Traits","max_negLog10_HBP","min_negLog10_HBP","min_P","max_P","min_HBP","max_HBP"
"Lcu.1GRN.Chr1p365986872",1,365986872,5,0.470967741935484,174.755870922512,29.1850650042624,"BLINK;MLMM;FarmCPU;GLM;MLM","Cotyledon_Color_RvsY",169.22905754068,23.6582516224305,1.75440185347007e-175,6.53032800789268e-30,5.90122888246168e-170,2.19658684103084e-24
"Lcu.1GRN.Chr1p361840399",1,361840399,3,0.0419354838709678,83.661754121273,9.57508573558266,"BLINK;FarmCPU;MLM","Cotyledon_Color_RvsY",78.4359707351051,6.57038919416402,2.17894304639327e-84,2.66019984866345e-10,3.66462267843082e-79,2.68912385824721e-07
"Lcu.1GRN.Chr1p361856257",1,361856257,2,0.0451612903225806,39.4713843899537,8.36883712932798,"MLMM;MLM","Cotyledon_Color_RvsY",34.2456010037859,5.42861105216786,3.37765750583362e-40,4.27723262387012e-09,5.68066261132369e-35,3.72725364246975e-06
"Lcu.1GRN.Chr1p365318023",1,365318023,2,0.470967741935484,34.7520855692407,26.2703694732893,"GLM;MLM","Cotyledon_Color_RvsY",29.5263021830728,21.0445860871214,1.76976022729517e-35,5.36575114246383e-27,2.97644469187297e-30,9.02430807268566e-22
"Lcu.1GRN.Chr1p365318027",1,365318027,2,0.47258064516129,34.5522240386692,26.0591477338757,"GLM;MLM","Cotyledon_Color_RvsY",29.502531911557,21.0094556067635,2.80398677745807e-35,8.7267446037738e-27,3.14389540124413e-30,9.78462967379194e-22
"Lcu.1GRN.Chr5p1658484",5,1658484,5,0.123456790123457,33.9696534948387,10.2188336710324,"BLINK;FarmCPU;MLMM;GLM;MLM","DTF_Nepal_2017",28.4428401130068,4.69202028920055,1.07237456622211e-34,6.04179977908152e-11,3.60711415716432e-29,2.03226206629031e-05
"Lcu.1GRN.Chr1p368962767",1,368962767,2,0.432258064516129,33.5958793541427,20.0099270397103,"GLM;MLM","Cotyledon_Color_RvsY",28.6711259636388,16.1363261716538,2.53583298034856e-34,9.77401407937407e-21,2.13242633025226e-29,7.30590176408182e-17
"Lcu.1GRN.Chr2p44546658",2,44546658,4,0.0679012345679012,33.0171689949641,6.8457642549314,"FarmCPU;GLM;MLM","DTF_Nepal_2017;DTF_Sask_2017",27.4903556131323,2.5493997944778,9.61238163525073e-34,1.42638165637858e-07,3.23328797350438e-28,0.00282228069771233
"Lcu.1GRN.Chr6p3269280",6,3269280,7,0.281055900621118,32.9904432161074,5.83957156059844,"FarmCPU;GLM;BLINK;MLMM;MLM","DTF_Sask_2017_b;DTF_Sask_2017",27.4636298342755,0.631280228971959,1.02224921068576e-33,1.44686642695228e-06,3.43850900250737e-28,0.233732858824872
"Lcu.1GRN.Chr1p437374598",1,437374598,2,0.476708074534162,30.5815117937333,22.0408364807936,"FarmCPU;GLM","DTF_Sask_2017_b",25.3557284075654,18.1433058430124,2.62112785812537e-31,9.10255934850147e-23,4.40830457127029e-26,7.18942499125353e-19
"Lcu.1GRN.Chr1p365786633",1,365786633,2,0.432258064516129,30.1711572069412,22.0904795239166,"GLM;MLM","Cotyledon_Color_RvsY",25.3433138294454,17.79145431693,6.74283904637765e-31,8.11933529013949e-23,4.53613708302582e-26,1.61638824367965e-18
"Lcu.1GRN.Chr1p365987296",1,365987296,2,0.42741935483871,29.6628456346479,22.7597425364173,"GLM;MLM","Cotyledon_Color_RvsY",24.9796911858617,18.2743218397436,2.17347357964007e-30,1.73883135779096e-23,1.04787339540628e-25,5.31714079387338e-19
"Lcu.1GRN.Chr1p365785855",1,365785855,2,0.430645161290323,29.6614065276793,23.0823633116198,"GLM;MLM","Cotyledon_Color_RvsY",24.9796911858617,18.4586399167799,2.1806876916713e-30,8.27249833420853e-24,1.04787339540628e-25,3.4782443089784e-19
"Lcu.1GRN.Chr1p361407757",1,361407757,3,0.15,29.4868377683345,12.7783903293466,"FarmCPU;GLM;MLM","Cotyledon_Color_RvsY",24.4371456412223,9.57057918286309,3.25958440759898e-30,1.66574941973488e-13,3.65472209476949e-25,2.68794771756412e-10
"Lcu.1GRN.Chr1p367671439",1,367671439,2,0.42741935483871,29.4836368041983,18.9772588909667,"GLM;MLM","Cotyledon_Color_RvsY",24.8599134093584,15.2633588657776,3.28369790439648e-30,1.05375854418146e-19,1.38065951626016e-25,5.45307077277976e-16
"Lcu.1GRN.Chr1p367608559",1,367608559,2,0.45,29.095938823766,17.9461665513238,"GLM;MLM","Cotyledon_Color_RvsY",24.5233679513734,14.3487720952062,8.0179099850722e-30,1.13196617254794e-18,2.99662258660976e-25,4.47948312425215e-15
"Lcu.1GRN.Chr1p365313844",1,365313844,2,0.417741935483871,28.985633185842,22.7073252268799,"GLM;MLM","Cotyledon_Color_RvsY",24.5066139812902,18.2596930910956,1.03363406602035e-29,1.9618905402064e-23,3.1144833874907e-25,5.49929362781339e-19
"Lcu.1GRN.Chr1p368315235",1,368315235,2,0.424193548387097,28.9846126881816,24.797575575528,"GLM;MLM","Cotyledon_Color_RvsY",24.5066139812902,19.8728221850241,1.03606573729767e-29,1.59376551096455e-25,3.1144833874907e-25,1.34022530906653e-20
"Lcu.1GRN.Chr1p366900567",1,366900567,2,0.409677419354839,28.9542461170744,20.2765900625046,"GLM;MLM","Cotyledon_Color_RvsY",24.5066139812902,16.3832451362523,1.11110188127517e-29,5.28944295175899e-21,3.1144833874907e-25,4.13766059849841e-17
"Lcu.1GRN.Chr1p365205475",1,365205475,2,0.451612903225806,28.6635339921741,21.0668330496351,"GLM;MLM","Cotyledon_Color_RvsY",24.2725550277478,16.9871776991454,2.17003134884224e-29,8.57367368842298e-22,5.33881623245167e-25,1.0299646062692e-17
"Lcu.1GRN.Chr1p366873883",1,366873883,2,0.409677419354839,28.5689194882014,20.8403949575071,"GLM;MLM","Cotyledon_Color_RvsY",24.2725550277478,16.8320955155531,2.6982395999512e-29,1.44412585173048e-21,5.33881623245167e-25,1.47198872839099e-17
"Lcu.1GRN.Chr1p366875708",1,366875708,2,0.409677419354839,28.5689194882014,20.8403949575071,"GLM;MLM","Cotyledon_Color_RvsY",24.2725550277478,16.8320955155531,2.6982395999512e-29,1.44412585173048e-21,5.33881623245167e-25,1.47198872839099e-17
"Lcu.1GRN.Chr1p366876079",1,366876079,2,0.409677419354839,28.5689194882014,20.8403949575071,"GLM;MLM","Cotyledon_Color_RvsY",24.2725550277478,16.8320955155531,2.6982395999512e-29,1.44412585173048e-21,5.33881623245167e-25,1.47198872839099e-17
"Lcu.1GRN.Chr1p366876200",1,366876200,2,0.409677419354839,28.5689194882014,20.8403949575071,"GLM;MLM","Cotyledon_Color_RvsY",24.2725550277478,16.8320955155531,2.6982395999512e-29,1.44412585173048e-21,5.33881623245167e-25,1.47198872839099e-17
"Lcu.1GRN.Chr1p367497600",1,367497600,2,0.409677419354839,28.2916668730288,20.2137171095763,"GLM;MLM","Cotyledon_Color_RvsY",24.0201259963003,16.3303564042306,5.10896734689659e-29,6.11340109515299e-21,9.54715566429758e-25,4.67351451403029e-17
"Lcu.1GRN.Chr1p446411579",1,446411579,3,0.279503105590062,28.1986041951007,8.04598123387267,"FarmCPU;GLM","DTF_Sask_2017_b;DTF_Sask_2017",23.1489120679885,4.74961677341907,6.32988478107865e-29,8.99536450204531e-09,7.09721451385694e-24,1.7798492773291e-05
"Lcu.1GRN.Chr1p366878173",1,366878173,2,0.412903225806452,28.1412203044694,19.8168728364007,"GLM;MLM","Cotyledon_Color_RvsY",23.8931605235904,15.9802555345974,7.22403257294464e-29,1.52449906941465e-20,1.27890850761246e-24,1.04651260914653e-16
"Lcu.1GRN.Chr1p365313072",1,365313072,2,0.409677419354839,27.8638047196265,17.6665893269016,"GLM;MLM","Cotyledon_Color_RvsY",23.6409358580858,14.1026478955706,1.36834396270808e-28,2.15481838892002e-18,2.28593639345537e-24,7.89499945617873e-15
"Lcu.1GRN.Chr1p366892376",1,366892376,2,0.380645161290323,27.8455299451838,20.4149955857728,"GLM;MLM","Cotyledon_Color_RvsY",23.6409358580858,16.4992750414806,1.42715142277818e-28,3.845956911075e-21,2.28593639345537e-24,3.16756079112842e-17
"Lcu.1GRN.Chr1p368964376",1,368964376,2,0.435483870967742,27.6521877350623,22.0878187773836,"GLM;MLM","Cotyledon_Color_RvsY",23.4677970340527,17.79145431693,2.22747205851142e-28,8.1692318635758e-23,3.40567315411505e-24,1.61638824367965e-18
"Lcu.1GRN.Chr1p366659710",1,366659710,2,0.416129032258065,27.2336765266656,19.9167986478569,"GLM;MLM","Cotyledon_Color_RvsY",23.0685909808514,16.0527430977066,5.83879830579554e-28,1.2111595338306e-20,8.53903943358925e-24,8.85639345469559e-17
"Lcu.1GRN.Chr1p357509147",1,357509147,2,0.361290322580645,27.0994015299576,13.2719086808196,"GLM;MLM","Cotyledon_Color_RvsY",22.9527993898373,10.0314449617122,7.95423595976487e-28,5.34676774161263e-14,1.11480936961593e-23,9.30154386067494e-11
"Lcu.1GRN.Chr1p351845237",1,351845237,2,0.346774193548387,27.0108394322286,13.7153196554843,"GLM;MLM","Cotyledon_Color_RvsY",22.8819660590688,10.4485776616375,9.75350178464737e-28,1.92610671139578e-14,1.31230245391859e-23,3.55977327578057e-11
"Lcu.1GRN.Chr1p361792419",1,361792419,3,0.209677419354839,26.8132063697854,8.67926970154272,"FarmCPU;GLM;MLM","Cotyledon_Color_RvsY",21.8884529792814,5.72299925959274,1.53742390747169e-27,2.09281239321852e-09,1.29284666871132e-22,1.89234684481111e-06
"Lcu.1GRN.Chr1p367559138",1,367559138,2,0.387096774193548,26.4868969836029,19.1442273566082,"GLM;MLM","Cotyledon_Color_RvsY",22.37964328558,15.3958013089413,3.25913999944911e-27,7.17418618605261e-20,4.1721192617613e-23,4.01974673434022e-16
"Lcu.1GRN.Chr1p365316597",1,365316597,2,0.396774193548387,26.4750929032529,21.3488237725851,"GLM;MLM","Cotyledon_Color_RvsY",22.37964328558,17.1825968887219,3.34893791803462e-27,4.47895013526844e-22,4.1721192617613e-23,6.56754581778703e-18
"Lcu.1GRN.Chr1p367559246",1,367559246,2,0.401612903225806,26.2585380332939,21.342740659368,"GLM;MLM","Cotyledon_Color_RvsY",22.1788826828043,17.1825968887219,5.51393912002983e-27,4.54212770597102e-22,6.62395414281098e-23,6.56754581778703e-18
"Lcu.1GRN.Chr1p367435302",1,367435302,2,0.383870967741936,26.0929325065357,14.7385134262343,"GLM;MLM","Cotyledon_Color_RvsY",22.0285171226027,11.4020317425727,8.07360491945489e-27,1.8259402991722e-15,9.36446298600788e-23,3.96249071362357e-12
"Lcu.1GRN.Chr1p369133533",1,369133533,2,0.393548387096774,25.9939030207808,19.393908644165,"GLM;MLM","Cotyledon_Color_RvsY",21.9442108936686,15.6229701180056,1.01413782037469e-26,4.03730310557332e-20,1.13707498741991e-22,2.38248339247786e-16
"Lcu.1GRN.Chr1p369007361",1,369007361,2,0.393548387096774,25.939556263741,22.4614075903836,"GLM;MLM","Cotyledon_Color_RvsY",21.9041045757434,18.0485375608585,1.14932733606033e-26,3.45614862032197e-23,1.24708318725356e-22,8.94257186901417e-19
"Lcu.1GRN.Chr1p367435719",1,367435719,2,0.333870967741935,25.8196611731506,14.1089823557904,"GLM;MLM","Cotyledon_Color_RvsY",21.8084569263972,10.8227182222412,1.51474255585285e-26,7.78068161201542e-15,1.55432944250906e-22,1.50411754700505e-11
"Lcu.1GRN.Chr1p367435947",1,367435947,2,0.391935483870968,25.8167563683512,14.8765728021655,"GLM;MLM","Cotyledon_Color_RvsY",21.8084569263972,11.5316030082784,1.52490796073334e-26,1.3287008041144e-15,1.55432944250906e-22,2.94033620643123e-12
"Lcu.1GRN.Chr1p366877095",1,366877095,2,0.42741935483871,25.7626913731622,15.8098689982101,"GLM;MLM","Cotyledon_Color_RvsY",21.7673569083726,12.4165945247485,1.72706477654806e-26,1.54928387871454e-16,1.70861058145042e-22,3.83182331199686e-13
"Lcu.1GRN.Chr1p365784742",1,365784742,2,0.4,25.7331483164368,18.4502344835997,"GLM;MLM","Cotyledon_Color_RvsY",21.7504029789552,14.8042346940487,1.84863718083016e-26,3.54621870648363e-19,1.77663012172656e-22,1.56951440479445e-15
"Lcu.1GRN.Chr1p368316858",1,368316858,2,0.395161290322581,25.6890899682367,23.2420397251135,"GLM;MLM","Cotyledon_Color_RvsY",21.7420601830216,18.5603243832959,2.04602074014323e-26,5.72743639468882e-24,1.81108910078884e-22,2.75217228253185e-19
"Lcu.1GRN.Chr1p368412432",1,368412432,2,0.395161290322581,25.6890899682367,23.2420397251135,"GLM;MLM","Cotyledon_Color_RvsY",21.7420601830216,18.5603243832959,2.04602074014323e-26,5.72743639468882e-24,1.81108910078884e-22,2.75217228253185e-19
"Lcu.1GRN.Chr1p368412525",1,368412525,2,0.395161290322581,25.6890899682367,23.2420397251135,"GLM;MLM","Cotyledon_Color_RvsY",21.7420601830216,18.5603243832959,2.04602074014323e-26,5.72743639468882e-24,1.81108910078884e-22,2.75217228253185e-19
"Lcu.1GRN.Chr1p368322066",1,368322066,2,0.393548387096774,25.5556097540914,22.8932095188702,"GLM;MLM","Cotyledon_Color_RvsY",21.619860979286,18.3663961370383,2.7822121695302e-26,1.27876423466327e-23,2.39960092520094e-22,4.30134089320981e-19
"Lcu.1GRN.Chr1p368314687",1,368314687,2,0.396774193548387,25.4735212817087,23.0119853909151,"GLM;MLM","Cotyledon_Color_RvsY",21.5487678912048,18.4394145185226,3.36107898366542e-26,9.7277994624152e-24,2.82639013624647e-22,3.63567857974913e-19
"Lcu.1GRN.Chr1p365687768",1,365687768,2,0.398387096774194,25.4555501280224,19.5426490805064,"GLM;MLM","Cotyledon_Color_RvsY",21.5415206029103,15.7401115682754,3.50307852021443e-26,2.86649322396512e-20,2.87395125026577e-22,1.81923344578391e-16
"Lcu.1GRN.Chr1p365687572",1,365687572,2,0.440322580645161,24.9626908628368,16.0265023365484,"GLM;MLM","Cotyledon_Color_RvsY",21.0591267714028,12.6136323070233,1.08970548563311e-25,9.40800768419407e-17,8.72716583537979e-22,2.43426409285331e-13
"Lcu.1GRN.Chr1p365387232",1,365387232,2,0.416129032258065,24.9307330774796,13.9792623294834,"GLM;MLM","Cotyledon_Color_RvsY",21.0373881512274,10.6979616154657,1.1729160321133e-25,1.04890865871522e-14,9.17512202264777e-22,2.00464919776171e-11
"Lcu.1GRN.Chr1p355811638",1,355811638,2,0.367741935483871,24.912408544164,13.3547263591864,"GLM;MLM","Cotyledon_Color_RvsY",21.0290478388183,10.1043747815278,1.22346473505506e-25,4.41848760287041e-14,9.35302642127876e-22,7.86366888632123e-11
"Lcu.1GRN.Chr1p367682669",1,367682669,2,0.333870967741935,24.8417134120337,11.6792020184306,"GLM;MLM","Cotyledon_Color_RvsY",20.9681125439771,8.56062860191059,1.4397483449616e-25,2.09313857533673e-12,1.07618629233267e-21,2.75024509050895e-09
"Lcu.1GRN.Chr1p365687685",1,365687685,2,0.408064516129032,24.6720375844073,18.4914340168039,"GLM;MLM","Cotyledon_Color_RvsY",20.807982034257,14.8396818983637,2.12795488204043e-25,3.22526930346311e-19,1.55602999958107e-21,1.44649887973064e-15
"Lcu.1GRN.Chr1p368411419",1,368411419,2,0.382258064516129,24.6100451525536,22.4056488886152,"GLM;MLM","Cotyledon_Color_RvsY",20.7553296286574,18.0249635424616,2.45445371876455e-25,3.92962502985737e-23,1.75658985961633e-21,9.44140130298595e-19
"Lcu.1GRN.Chr1p366878031",1,366878031,2,0.414516129032258,24.5622295844009,13.2576654986659,"GLM;MLM","Cotyledon_Color_RvsY",20.7166574399447,10.0231081881905,2.74012525569433e-25,5.52502822941415e-14,1.92018273308778e-21,9.48182229818036e-11
"Lcu.1GRN.Chr1p371692181",1,371692181,2,0.338709677419355,24.4978189586685,11.3776571328363,"GLM;MLM","Cotyledon_Color_RvsY",20.6612016568651,8.2789785450332,3.17819866820015e-25,4.1912432515231e-12,2.18171663556424e-21,5.26043253278012e-09
"Lcu.1GRN.Chr1p368411487",1,368411487,2,0.383870967741936,24.4402448248771,21.9295167080747,"GLM;MLM","Cotyledon_Color_RvsY",20.6124014473812,17.6579758313462,3.62873434418239e-25,1.1762057331051e-22,2.44117297029919e-21,2.1979821879298e-18
"Lcu.1GRN.Chr1p369133465",1,369133465,2,0.406451612903226,24.4179077822078,16.7691503884126,"GLM;MLM","Cotyledon_Color_RvsY",20.5986645764739,13.3030348469344,3.82025381235503e-25,1.70156918338523e-17,2.51962218451064e-21,4.97697149137165e-14
"Lcu.1GRN.Chr1p366901526",1,366901526,2,0.416129032258065,24.4051504877161,14.6707504636771,"GLM;MLM","Cotyledon_Color_RvsY",20.5943404495191,11.3425941687997,3.93413729739364e-25,2.13427086731312e-15,2.54483453906232e-21,4.54366005585768e-12
"Lcu.1GRN.Chr1p369005240",1,369005240,2,0.366129032258064,24.3604805888494,19.1372848557624,"GLM;MLM","Cotyledon_Color_RvsY",20.5579430766183,15.3958013089413,4.36033052422364e-25,7.28979212570654e-20,2.76730433479534e-21,4.01974673434022e-16
"Lcu.1GRN.Chr1p373777286",1,373777286,2,0.335483870967742,24.2369709885578,11.9602043004796,"GLM;MLM","Cotyledon_Color_RvsY",20.4425513665489,8.81691027747643,5.79467404318165e-25,1.09596251300781e-12,3.60951319237571e-21,1.52436764608995e-09
"Lcu.1GRN.Chr1p368085376",1,368085376,2,0.416129032258065,24.1352466985059,18.0660382493342,"GLM;MLM","Cotyledon_Color_RvsY",20.3487960061683,14.453038719886,7.3240837454783e-25,8.58937869500241e-19,4.47923650402782e-21,3.52339456524619e-15
"Lcu.1GRN.Chr1p355077751",1,355077751,2,0.367741935483871,24.1122880105167,11.8934301592965,"GLM;MLM","Cotyledon_Color_RvsY",20.333662655691,8.75755188456796,7.72168337371454e-25,1.27811473199106e-12,4.63807048458257e-21,1.7476244636408e-09
"Lcu.1GRN.Chr1p365687251",1,365687251,2,0.414516129032258,24.0495764372629,17.2563028622172,"GLM;MLM","Cotyledon_Color_RvsY",20.2786379111035,13.7465228196841,8.92120589599717e-25,5.54239070659473e-18,5.26456011161207e-21,1.79257436038957e-14
"Lcu.1GRN.Chr1p365319091",1,365319091,2,0.395161290322581,23.9166651914345,17.506175297188,"GLM;MLM","Cotyledon_Color_RvsY",20.1532798031655,13.957085520645,1.21153177401043e-24,3.11763093985399e-18,7.02619496945803e-21,1.10386122773249e-14
"Lcu.1GRN.Chr1p365303155",1,365303155,2,0.391935483870968,23.7420574067002,18.1155791979428,"GLM;MLM","Cotyledon_Color_RvsY",19.9860960365105,14.4918558031029,1.81110067860475e-24,7.66338777878008e-19,1.0325330541699e-20,3.22213844623115e-15
"Lcu.1GRN.Chr1p365783623",1,365783623,2,0.387096774193548,23.6959939855041,17.665673450057,"GLM;MLM","Cotyledon_Color_RvsY",19.9473318540559,14.1026478955706,2.01375213789826e-24,2.15936744677225e-18,1.12893294228071e-20,7.89499945617873e-15
"Lcu.1GRN.Chr1p363532953",1,363532953,3,0.182258064516129,23.6734253357044,10.7254949420059,"GLM;MLM;BLINK","Cotyledon_Color_RvsY",19.9319417888833,6.15292406961336,2.12116603450536e-24,1.88150361895077e-11,1.16965615660404e-20,7.03195253106237e-07
"Lcu.1GRN.Chr1p368422512",1,368422512,2,0.37741935483871,23.6471589073831,17.8443287550045,"GLM;MLM","Cotyledon_Color_RvsY",19.9127372150494,14.2669053798175,2.25341454193021e-24,1.43110416278956e-18,1.22253917617006e-20,5.4087215047757e-15
"Lcu.1GRN.Chr6p1734191",6,1734191,1,0.335403726708075,23.5857335791279,23.5857335791279,"GLM","DTF_Sask_2017_b",18.5530624191767,18.5530624191767,2.59577126713606e-24,2.59577126713606e-24,2.79857906364818e-19,2.79857906364818e-19
"Lcu.1GRN.Chr1p355065029",1,355065029,2,0.416129032258065,23.5829781518739,11.4141483584885,"GLM;MLM","Cotyledon_Color_RvsY",19.8555053194956,8.31119975662745,2.61229276814885e-24,3.85346697647372e-12,1.39474457387924e-20,4.88427652130868e-09
"Lcu.1GRN.Chr1p365324936",1,365324936,2,0.390322580645161,23.5661281632607,17.9515335785096,"GLM;MLM","Cotyledon_Color_RvsY",19.8516394251173,14.3489994827396,2.71563774737501e-24,1.11806337551633e-18,1.40721538594705e-20,4.47713837419406e-15
"Lcu.1GRN.Chr1p365687602",1,365687602,2,0.412903225806452,23.5655101295852,15.8839398010473,"GLM;MLM","Cotyledon_Color_RvsY",19.8516394251173,12.4874601877105,2.71950505499276e-24,1.30635195322152e-16,1.40721538594705e-20,3.25491620332787e-13
"Lcu.1GRN.Chr1p365313175",1,365313175,2,0.393548387096774,23.5333547669349,17.4239549382003,"GLM;MLM","Cotyledon_Color_RvsY",19.8516394251173,13.9014629301511,2.92850003170029e-24,3.76742887281145e-18,1.40721538594705e-20,1.2546918293673e-14
"Lcu.1GRN.Chr1p365324533",1,365324533,2,0.393548387096774,23.5333547669349,17.4239549382003,"GLM;MLM","Cotyledon_Color_RvsY",19.8516394251173,13.9014629301511,2.92850003170029e-24,3.76742887281145e-18,1.40721538594705e-20,1.2546918293673e-14
"Lcu.1GRN.Chr1p365325118",1,365325118,2,0.393548387096774,23.5333547669349,17.4239549382003,"GLM;MLM","Cotyledon_Color_RvsY",19.8516394251173,13.9014629301511,2.92850003170029e-24,3.76742887281145e-18,1.40721538594705e-20,1.2546918293673e-14
"Lcu.1GRN.Chr1p365386981",1,365386981,2,0.393548387096774,23.5333547669349,17.4239549382003,"GLM;MLM","Cotyledon_Color_RvsY",19.8516394251173,13.9014629301511,2.92850003170029e-24,3.76742887281145e-18,1.40721538594705e-20,1.2546918293673e-14
"Lcu.1GRN.Chr1p365782304",1,365782304,2,0.393548387096774,23.5333547669349,17.4239549382003,"GLM;MLM","Cotyledon_Color_RvsY",19.8516394251173,13.9014629301511,2.92850003170029e-24,3.76742887281145e-18,1.40721538594705e-20,1.2546918293673e-14
"Lcu.1GRN.Chr4p416272481",4,416272481,2,0.277950310559006,23.486384295736,6.27295880817311,"GLM","DTF_Sask_2017_b;DTF_Sask_2017",18.5530624191767,3.70898810754247,3.26298971032443e-24,5.33385483467657e-07,2.79857906364818e-19,0.000195439297295823
"Lcu.1GRN.Chr1p381165558",1,381165558,2,0.37258064516129,23.4824556248863,7.66835753321226,"GLM;MLM","Cotyledon_Color_RvsY",19.8069005917735,4.76272043315542,3.29264094988621e-24,2.14606299894514e-08,1.55990951885968e-20,1.72694921714397e-05
"Lcu.1GRN.Chr6p1445607",6,1445607,1,0.335403726708075,23.4722485302421,23.4722485302421,"GLM","DTF_Sask_2017_b",18.5530624191767,18.5530624191767,3.37094347156214e-24,3.37094347156214e-24,2.79857906364818e-19,2.79857906364818e-19
"Lcu.1GRN.Chr1p365987502",1,365987502,2,0.391935483870968,23.4389614115109,16.992270443557,"GLM;MLM","Cotyledon_Color_RvsY",19.7694805261103,13.5107800405118,3.63947372608264e-24,1.01795728898848e-17,1.70027619280728e-20,3.08474990473143e-14
"Lcu.1GRN.Chr1p365303305",1,365303305,2,0.385483870967742,23.4038917421505,17.0170718932645,"GLM;MLM","Cotyledon_Color_RvsY",19.7404012204391,13.5309887245399,3.94555641851234e-24,9.6145310591682e-18,1.81802051482978e-20,2.94449807994512e-14
"Lcu.1GRN.Chr4p416056128",4,416056128,1,0.27639751552795,23.3809057966726,23.3809057966726,"GLM","DTF_Sask_2017_b",18.5530624191767,18.5530624191767,4.16000835939342e-24,4.16000835939342e-24,2.79857906364818e-19,2.79857906364818e-19
"Lcu.1GRN.Chr1p365302765",1,365302765,2,0.387096774193548,23.2669613803853,17.5157673516942,"GLM;MLM","Cotyledon_Color_RvsY",19.6093797182844,13.962081823462,5.4080241163435e-24,3.0495281615785e-18,2.45821736208394e-20,1.09123472247412e-14
"Lcu.1GRN.Chr1p365311739",1,365311739,2,0.374193548387097,23.2204509181106,16.7928873297338,"GLM;MLM","Cotyledon_Color_RvsY",19.5686987996704,13.3229787992384,6.01934286795595e-24,1.61106354381399e-17,2.69961106995432e-20,4.75358430738668e-14
"Lcu.1GRN.Chr1p365324212",1,365324212,2,0.395161290322581,23.208116841589,16.5868342788176,"GLM;MLM","Cotyledon_Color_RvsY",19.5650902114138,13.1499260084252,6.19274444489972e-24,2.58920073233308e-17,2.72213580877626e-20,7.08066408725757e-14
"Lcu.1GRN.Chr1p367554581",1,367554581,2,0.346774193548387,23.2054128680732,14.1227857034709,"GLM;MLM","Cotyledon_Color_RvsY",19.5650902114138,10.8340184247678,6.23142155073987e-24,7.53727388213006e-15,2.72213580877626e-20,1.46548566700026e-11
"Lcu.1GRN.Chr1p365311989",1,365311989,2,0.390322580645161,23.1830378222859,17.0556081785767,"GLM;MLM","Cotyledon_Color_RvsY",19.551018056287,13.5581785744301,6.56088125735218e-24,8.79815930707624e-18,2.81178392485406e-20,2.76580416041431e-14
"Lcu.1GRN.Chr1p366141043",1,366141043,2,0.382258064516129,23.1802043468285,12.8807505216586,"GLM;MLM","Cotyledon_Color_RvsY",19.551018056287,9.66356730725266,6.6038264771357e-24,1.31598057371066e-13,2.81178392485406e-20,2.16986489037908e-10
"Lcu.1GRN.Chr1p27007485",1,27007485,3,0.0774193548387097,23.1112311934203,9.07172108536927,"MLMM;FarmCPU;BLINK","Cotyledon_Color_RvsY",18.061539066308,4.40200231314358,7.74049628572383e-24,8.47771699245801e-10,8.67882504713355e-19,3.96275923601065e-05
"Lcu.1GRN.Chr1p365326117",1,365326117,2,0.395161290322581,23.105297236908,16.7000374975509,"GLM;MLM","Cotyledon_Color_RvsY",19.4815738420681,13.2430600287182,7.8469839278761e-24,1.99509004886029e-17,3.29933305358488e-20,5.71399651649658e-14
"Lcu.1GRN.Chr1p365687404",1,365687404,2,0.419354838709677,22.7761319079734,14.4676039360127,"GLM;MLM","Cotyledon_Color_RvsY",19.1578035450202,11.1556344022285,1.67443422399358e-23,3.40718773709707e-15,6.95338785953145e-20,6.98820437539104e-12
"Lcu.1GRN.Chr1p367554944",1,367554944,2,0.324193548387097,22.7701718627942,10.98101136397,"GLM;MLM","Cotyledon_Color_RvsY",19.157172333346,7.90290430204318,1.69757174165144e-23,1.04469288289862e-11,6.96350139053742e-20,1.25053455851231e-08
"Lcu.1GRN.Chr1p365319399",1,365319399,2,0.388709677419355,22.7637728385602,15.1117359264405,"GLM;MLM","Cotyledon_Color_RvsY",19.1560375491044,11.7462905468436,1.72276944864172e-23,7.73150557817866e-16,6.98172037507553e-20,1.79353333573463e-12
"Lcu.1GRN.Chr4p415952453",4,415952453,1,0.274844720496894,22.7594459588831,22.7594459588831,"GLM","DTF_Sask_2017_b",18.1433058430124,18.1433058430124,1.74001920258735e-23,1.74001920258735e-23,7.18942499125353e-19,7.18942499125353e-19
"Lcu.1GRN.Chr4p416272221",4,416272221,1,0.270186335403727,22.7576046731878,22.7576046731878,"GLM","DTF_Sask_2017_b",18.1433058430124,18.1433058430124,1.74741205229141e-23,1.74741205229141e-23,7.18942499125353e-19,7.18942499125353e-19
"Lcu.1GRN.Chr1p365316514",1,365316514,2,0.388709677419355,22.6761494533064,16.6569486870945,"GLM;MLM","Cotyledon_Color_RvsY",19.0736153575365,13.2093165513102,2.10790263477303e-23,2.20318675932781e-17,8.44082006607975e-20,6.17566100562349e-14
"Lcu.1GRN.Chr2p44545877",2,44545877,6,0.066358024691358,22.6374763100507,7.13507259193546,"GLM;BLINK;FarmCPU;MLMM;MLM","DTF_Nepal_2017;DTF_Sask_2017",17.258072721458,2.72220256241042,2.30421866343356e-23,7.32702052408091e-08,5.51985003118573e-18,0.00189582147124886
"Lcu.1GRN.Chr1p364467603",1,364467603,2,0.187096774193548,22.6196861769642,11.2614965846707,"GLM;MLM","Cotyledon_Color_RvsY",19.0222917208466,8.1676524937132,2.40056695230219e-23,5.47650407715083e-12,9.49966475347094e-20,6.79747323586344e-09
"Lcu.1GRN.Chr4p423043571",4,423043571,1,0.288819875776398,22.5919095979776,22.5919095979776,"GLM","DTF_Sask_2017_b",18.1433058430124,18.1433058430124,2.55911853335534e-23,2.55911853335534e-23,7.18942499125353e-19,7.18942499125353e-19
"Lcu.1GRN.Chr3p239208186",3,239208186,2,0.461180124223602,22.5615293093151,6.6963603517065,"GLM;BLINK","DTF_Sask_2017_b",18.1433058430124,2.16954696987463,2.74454711544998e-23,2.01205407436355e-07,7.18942499125353e-19,0.00676788592831446
"Lcu.1GRN.Chr1p367592989",1,367592989,2,0.380645161290323,22.4995622264705,21.7420192370926,"GLM;MLM","Cotyledon_Color_RvsY",18.9072472958822,17.4939594562135,3.16546687732525e-23,1.81125986100993e-22,1.23809139200612e-19,3.20656866141225e-18
"Lcu.1GRN.Chr1p381602380",1,381602380,2,0.37258064516129,22.4452812497343,6.69256241719676,"GLM;MLM","Cotyledon_Color_RvsY",18.8625819163557,3.85771413813224,3.58689571528721e-23,2.02972678472191e-07,1.37220211268537e-19,0.000138766892153771
"Lcu.1GRN.Chr1p369008065",1,369008065,2,0.374193548387097,22.4449126260374,20.9244453856497,"GLM;MLM","Cotyledon_Color_RvsY",18.8625819163557,16.8600300017168,3.58994151971841e-23,1.19002096987273e-21,1.37220211268537e-19,1.38028890887304e-17
"Lcu.1GRN.Chr1p367435755",1,367435755,2,0.324193548387097,22.4347730769091,16.2057967070322,"GLM;MLM","Cotyledon_Color_RvsY",18.8573497017221,12.7861932948482,3.6747425921819e-23,6.22591651721514e-17,1.38883386685893e-19,1.63608817277039e-13
"Lcu.1GRN.Chr4p441072457",4,441072457,1,0.397515527950311,22.4345765019691,22.4345765019691,"GLM","DTF_Sask_2017_b",18.1433058430124,18.1433058430124,3.67640626934352e-23,3.67640626934352e-23,7.18942499125353e-19,7.18942499125353e-19
"Lcu.1GRN.Chr4p439775879",4,439775879,1,0.273291925465838,22.4083686107661,22.4083686107661,"GLM","DTF_Sask_2017_b",18.1433058430124,18.1433058430124,3.90509307329211e-23,3.90509307329211e-23,7.18942499125353e-19,7.18942499125353e-19
"Lcu.1GRN.Chr4p439785790",4,439785790,1,0.273291925465838,22.4083686107661,22.4083686107661,"GLM","DTF_Sask_2017_b",18.1433058430124,18.1433058430124,3.90509307329211e-23,3.90509307329211e-23,7.18942499125353e-19,7.18942499125353e-19
"Lcu.1GRN.Chr4p439803326",4,439803326,1,0.273291925465838,22.4083686107661,22.4083686107661,"GLM","DTF_Sask_2017_b",18.1433058430124,18.1433058430124,3.90509307329211e-23,3.90509307329211e-23,7.18942499125353e-19,7.18942499125353e-19
"Lcu.1GRN.Chr4p439806734",4,439806734,1,0.273291925465838,22.4083686107661,22.4083686107661,"GLM","DTF_Sask_2017_b",18.1433058430124,18.1433058430124,3.90509307329211e-23,3.90509307329211e-23,7.18942499125353e-19,7.18942499125353e-19
"Lcu.1GRN.Chr4p439859738",4,439859738,1,0.273291925465838,22.4083686107661,22.4083686107661,"GLM","DTF_Sask_2017_b",18.1433058430124,18.1433058430124,3.90509307329211e-23,3.90509307329211e-23,7.18942499125353e-19,7.18942499125353e-19
"Lcu.1GRN.Chr4p439774134",4,439774134,1,0.274844720496894,22.3679812988198,22.3679812988198,"GLM","DTF_Sask_2017_b",18.1433058430124,18.1433058430124,4.28566974547811e-23,4.28566974547811e-23,7.18942499125353e-19,7.18942499125353e-19
"Lcu.1GRN.Chr4p439787989",4,439787989,1,0.274844720496894,22.3679812988198,22.3679812988198,"GLM","DTF_Sask_2017_b",18.1433058430124,18.1433058430124,4.28566974547811e-23,4.28566974547811e-23,7.18942499125353e-19,7.18942499125353e-19
"Lcu.1GRN.Chr1p367684024",1,367684024,2,0.382258064516129,22.3537791373954,20.623197689942,"GLM;MLM","Cotyledon_Color_RvsY",18.7812082650028,16.6645860321771,4.42813510108851e-23,2.38123528928411e-21,1.65497613283093e-19,2.16478100148818e-17
"Lcu.1GRN.Chr4p431243285",4,431243285,1,0.268633540372671,22.3498606583211,22.3498606583211,"GLM","DTF_Sask_2017_b",18.1433058430124,18.1433058430124,4.46826931821007e-23,4.46826931821007e-23,7.18942499125353e-19,7.18942499125353e-19
"Lcu.1GRN.Chr4p439812071",4,439812071,1,0.277950310559006,22.3314007707919,22.3314007707919,"GLM","DTF_Sask_2017_b",18.1433058430124,18.1433058430124,4.66228941544522e-23,4.66228941544522e-23,7.18942499125353e-19,7.18942499125353e-19
"Lcu.1GRN.Chr1p369008051",1,369008051,2,0.370967741935484,22.3300665675152,22.3073642359054,"GLM;MLM","Cotyledon_Color_RvsY",18.7648651941537,17.9566421131292,4.67663453569897e-23,4.92760360292995e-23,1.71844171200844e-19,1.10498882740449e-18
"Lcu.1GRN.Chr1p367590516",1,367590516,2,0.379032258064516,22.32789074864,21.2049235157662,"GLM;MLM","Cotyledon_Color_RvsY",18.7648651941537,17.1094738980933,4.70012330296302e-23,6.23844692006057e-22,1.71844171200844e-19,7.77188027837042e-18
"Lcu.1GRN.Chr4p422904956",4,422904956,1,0.291925465838509,22.3190719994534,22.3190719994534,"GLM","DTF_Sask_2017_b",18.1433058430124,18.1433058430124,4.79653922682418e-23,4.79653922682418e-23,7.18942499125353e-19,7.18942499125353e-19
"Lcu.1GRN.Chr1p355102028",1,355102028,2,0.354838709677419,22.2964452217473,8.48762124137857,"GLM;MLM","Cotyledon_Color_RvsY",18.7381147884693,5.53829965938392,5.05306376016545e-23,3.25370937471811e-09,1.82761709442535e-19,2.89534513557092e-06
"Lcu.1GRN.Chr2p414512712",2,414512712,1,0.226708074534162,22.2357670187147,22.2357670187147,"GLM","DTF_Sask_2017_b",18.1433058430124,18.1433058430124,5.81076057539756e-23,5.81076057539756e-23,7.18942499125353e-19,7.18942499125353e-19
"Lcu.1GRN.Chr4p418804416",4,418804416,1,0.287267080745342,22.2328442848533,22.2328442848533,"GLM","DTF_Sask_2017_b",18.1433058430124,18.1433058430124,5.84999796688106e-23,5.84999796688106e-23,7.18942499125353e-19,7.18942499125353e-19
"Lcu.1GRN.Chr4p419238218",4,419238218,1,0.287267080745342,22.2328442848533,22.2328442848533,"GLM","DTF_Sask_2017_b",18.1433058430124,18.1433058430124,5.84999796688106e-23,5.84999796688106e-23,7.18942499125353e-19,7.18942499125353e-19
"Lcu.1GRN.Chr3p240799788",3,240799788,1,0.496894409937888,22.2096911536467,22.2096911536467,"GLM","DTF_Sask_2017_b",18.1433058430124,18.1433058430124,6.17033646271057e-23,6.17033646271057e-23,7.18942499125353e-19,7.18942499125353e-19
"Lcu.1GRN.Chr3p240803535",3,240803535,1,0.496894409937888,22.2096911536467,22.2096911536467,"GLM","DTF_Sask_2017_b",18.1433058430124,18.1433058430124,6.17033646271057e-23,6.17033646271057e-23,7.18942499125353e-19,7.18942499125353e-19
"Lcu.1GRN.Chr3p240805336",3,240805336,1,0.496894409937888,22.2096911536467,22.2096911536467,"GLM","DTF_Sask_2017_b",18.1433058430124,18.1433058430124,6.17033646271057e-23,6.17033646271057e-23,7.18942499125353e-19,7.18942499125353e-19
"Lcu.1GRN.Chr3p241043180",3,241043180,1,0.496894409937888,22.2096911536467,22.2096911536467,"GLM","DTF_Sask_2017_b",18.1433058430124,18.1433058430124,6.17033646271057e-23,6.17033646271057e-23,7.18942499125353e-19,7.18942499125353e-19
"Lcu.1GRN.Chr2p44558948",2,44558948,3,0.0709876543209876,22.2040609479576,6.96684410810309,"GLM;MLM","DTF_Nepal_2017;DTF_Sask_2017",17.1543688208454,2.60036780187098,6.25084963534742e-23,1.07933408437626e-07,7.00859846430968e-18,0.00250976002773325
"Lcu.1GRN.Chr4p439859717",4,439859717,1,0.27639751552795,22.1780856391716,22.1780856391716,"GLM","DTF_Sask_2017_b",18.1433058430124,18.1433058430124,6.63612198827449e-23,6.63612198827449e-23,7.18942499125353e-19,7.18942499125353e-19
"Lcu.1GRN.Chr1p363935389",1,363935389,2,0.185483870967742,22.1661490855714,11.8840001484515,"GLM;MLM","Cotyledon_Color_RvsY",18.6124635573392,8.75512677529168,6.82104499603552e-23,1.30617044165363e-12,2.44082387466115e-19,1.75741053179083e-09
"Lcu.1GRN.Chr4p422904852",4,422904852,1,0.291925465838509,22.1644763743145,22.1644763743145,"GLM","DTF_Sask_2017_b",18.1433058430124,18.1433058430124,6.84736731859693e-23,6.84736731859693e-23,7.18942499125353e-19,7.18942499125353e-19
"Lcu.1GRN.Chr1p365687187",1,365687187,2,0.42741935483871,22.1484629860903,13.1656273075313,"GLM;MLM","Cotyledon_Color_RvsY",18.6012352745576,9.93766700210908,7.10455717913031e-23,6.82924498589764e-14,2.50475196186702e-19,1.1543380141565e-10
"Lcu.1GRN.Chr1p367671252",1,367671252,2,0.37741935483871,22.1457774233499,20.7672603889788,"GLM;MLM","Cotyledon_Color_RvsY",18.6012352745576,16.7845150514972,7.14862600490637e-23,1.7089903523004e-21,2.50475196186702e-19,1.64242273666351e-17
"Lcu.1GRN.Chr4p388900786",4,388900786,1,0.304347826086957,22.1451472543514,22.1451472543514,"GLM","DTF_Sask_2017_b",18.1433058430124,18.1433058430124,7.15900631725801e-23,7.15900631725801e-23,7.18942499125353e-19,7.18942499125353e-19
"Lcu.1GRN.Chr3p241036673",3,241036673,1,0.495341614906832,22.1449334867023,22.1449334867023,"GLM","DTF_Sask_2017_b",18.1433058430124,18.1433058430124,7.16253097785633e-23,7.16253097785633e-23,7.18942499125353e-19,7.18942499125353e-19
"Lcu.1GRN.Chr4p439859319",4,439859319,1,0.279503105590062,22.1409195912518,22.1409195912518,"GLM","DTF_Sask_2017_b",18.1433058430124,18.1433058430124,7.22903635363882e-23,7.22903635363882e-23,7.18942499125353e-19,7.18942499125353e-19
"Lcu.1GRN.Chr4p422819517",4,422819517,1,0.307453416149068,22.1305679651931,22.1305679651931,"GLM","DTF_Sask_2017_b",18.1433058430124,18.1433058430124,7.40341398183348e-23,7.40341398183348e-23,7.18942499125353e-19,7.18942499125353e-19
"Lcu.1GRN.Chr1p365386345",1,365386345,2,0.361290322580645,22.1295294149047,16.0548374515922,"GLM;MLM","Cotyledon_Color_RvsY",18.5894877673391,12.6386137800596,7.42113932421751e-23,8.81378695056871e-17,2.57342924852482e-19,2.2981915311643e-13
"Lcu.1GRN.Chr3p344658696",3,344658696,1,0.461180124223602,22.085513751261,22.085513751261,"GLM","DTF_Sask_2017_b",18.1433058430124,18.1433058430124,8.21270548164988e-23,8.21270548164988e-23,7.18942499125353e-19,7.18942499125353e-19
"Lcu.1GRN.Chr4p422819640",4,422819640,1,0.288819875776398,22.0782367650525,22.0782367650525,"GLM","DTF_Sask_2017_b",18.1433058430124,18.1433058430124,8.35147595282756e-23,8.35147595282756e-23,7.18942499125353e-19,7.18942499125353e-19
"Lcu.1GRN.Chr3p240543236",3,240543236,1,0.493788819875776,22.0668108027616,22.0668108027616,"GLM","DTF_Sask_2017_b",18.1433058430124,18.1433058430124,8.57411288884354e-23,8.57411288884354e-23,7.18942499125353e-19,7.18942499125353e-19
"Lcu.1GRN.Chr3p240547408",3,240547408,1,0.493788819875776,22.0668108027616,22.0668108027616,"GLM","DTF_Sask_2017_b",18.1433058430124,18.1433058430124,8.57411288884354e-23,8.57411288884354e-23,7.18942499125353e-19,7.18942499125353e-19
"Lcu.1GRN.Chr4p422904973",4,422904973,1,0.287267080745342,22.0607569412085,22.0607569412085,"GLM","DTF_Sask_2017_b",18.1433058430124,18.1433058430124,8.69446890879704e-23,8.69446890879704e-23,7.18942499125353e-19,7.18942499125353e-19
"Lcu.1GRN.Chr4p439803492",4,439803492,1,0.277950310559006,22.0574321781118,22.0574321781118,"GLM","DTF_Sask_2017_b",18.1433058430124,18.1433058430124,8.76128528147796e-23,8.76128528147796e-23,7.18942499125353e-19,7.18942499125353e-19
"Lcu.1GRN.Chr4p422819482",4,422819482,1,0.341614906832298,22.0459656068427,22.0459656068427,"GLM","DTF_Sask_2017_b",18.1433058430124,18.1433058430124,8.9956881841678e-23,8.9956881841678e-23,7.18942499125353e-19,7.18942499125353e-19
"Lcu.1GRN.Chr1p361295364",1,361295364,2,0.170967741935484,22.0451949738145,12.3135701252573,"GLM;MLM","Cotyledon_Color_RvsY",18.5096076676752,9.13506160647357,9.01166473676938e-23,4.85769087775013e-13,3.09308840052337e-19,7.32720586312188e-10
"Lcu.1GRN.Chr4p439858295",4,439858295,1,0.293478260869565,22.0359244524579,22.0359244524579,"GLM","DTF_Sask_2017_b",18.1433058430124,18.1433058430124,9.2060970215826e-23,9.2060970215826e-23,7.18942499125353e-19,7.18942499125353e-19
"Lcu.1GRN.Chr1p355254360",1,355254360,2,0.380645161290323,22.0297576537889,8.18806355307354,"GLM;MLM","Cotyledon_Color_RvsY",18.4985794665545,5.26004067800478,9.33775223279739e-23,6.48539521691118e-09,3.17263808615087e-19,5.4948940375989e-06
"Lcu.1GRN.Chr3p241036901",3,241036901,1,0.482919254658385,22.0192592420224,22.0192592420224,"GLM","DTF_Sask_2017_b",18.1433058430124,18.1433058430124,9.56622866985841e-23,9.56622866985841e-23,7.18942499125353e-19,7.18942499125353e-19
"Lcu.1GRN.Chr3p344656513",3,344656513,1,0.434782608695652,22.0088547614859,22.0088547614859,"GLM","DTF_Sask_2017_b",18.1433058430124,18.1433058430124,9.79817605183277e-23,9.79817605183277e-23,7.18942499125353e-19,7.18942499125353e-19
"Lcu.1GRN.Chr2p576098218",2,576098218,1,0.256211180124224,22.0081017649525,22.0081017649525,"GLM","DTF_Sask_2017_b",18.1433058430124,18.1433058430124,9.81517924374616e-23,9.81517924374616e-23,7.18942499125353e-19,7.18942499125353e-19
"Lcu.1GRN.Chr1p367578006",1,367578006,2,0.37741935483871,22.0046947158431,20.7802398019921,"GLM;MLM","Cotyledon_Color_RvsY",18.4778813340112,16.7849053372024,9.89248235180095e-23,1.65867079542114e-21,3.32750461122823e-19,1.64094741012771e-17
"Lcu.1GRN.Chr4p439870776",4,439870776,2,0.301242236024845,21.9995306496331,6.68187198318196,"GLM","DTF_Sask_2017_b;DTF_Sask_2017",18.1433058430124,3.9772266807181,1.00108130334565e-22,2.08030980885977e-07,7.18942499125353e-19,0.000105383670101918
"Lcu.1GRN.Chr1p369007464",1,369007464,2,0.374193548387097,21.9993118184734,19.7267324065612,"GLM;MLM","Cotyledon_Color_RvsY",18.4768198104242,15.8988890290653,1.00158585266083e-22,1.87615015442015e-20,3.33564780695016e-19,1.26214999798369e-16
"Lcu.1GRN.Chr6p2182821",6,2182821,1,0.335403726708075,21.9980213669085,21.9980213669085,"GLM","DTF_Sask_2017_b",18.1433058430124,18.1433058430124,1.00456636527637e-22,1.00456636527637e-22,7.18942499125353e-19,7.18942499125353e-19
"Lcu.1GRN.Chr1p369006843",1,369006843,2,0.280645161290323,21.9787449012376,14.675600215905,"GLM;MLM","Cotyledon_Color_RvsY",18.4605316911676,11.3446864864824,1.05015909691261e-22,2.110570113636e-15,3.4631261269726e-19,4.52182253129554e-12
"Lcu.1GRN.Chr4p422819735",4,422819735,1,0.287267080745342,21.9726266303618,21.9726266303618,"GLM","DTF_Sask_2017_b",18.1359907072288,18.1359907072288,1.06505827169793e-22,1.06505827169793e-22,7.31154728123674e-19,7.31154728123674e-19
"Lcu.1GRN.Chr4p439778620",4,439778620,1,0.277950310559006,21.9726080090321,21.9726080090321,"GLM","DTF_Sask_2017_b",18.1359907072288,18.1359907072288,1.06510393938942e-22,1.06510393938942e-22,7.31154728123674e-19,7.31154728123674e-19
"Lcu.1GRN.Chr1p355856946",1,355856946,2,0.380645161290323,21.9635086277683,8.44455017284175,"GLM;MLM","Cotyledon_Color_RvsY",18.4495324706416,5.49980015392158,1.08765552986601e-22,3.59293886127521e-09,3.55195560790719e-19,3.16373315693864e-06
"Lcu.1GRN.Chr1p367886131",1,367886131,2,0.382258064516129,21.9556800617182,20.6763003315314,"GLM;MLM","Cotyledon_Color_RvsY",18.4459000191851,16.7057894504668,1.10743931760975e-22,2.10717045561117e-21,3.58178885525423e-19,1.96884056845156e-17
"Lcu.1GRN.Chr4p419373677",4,419373677,1,0.282608695652174,21.9329169900225,21.9329169900225,"GLM","DTF_Sask_2017_b",18.1050736125267,18.1050736125267,1.16703265949223e-22,1.16703265949223e-22,7.85102549150843e-19,7.85102549150843e-19
"Lcu.1GRN.Chr1p367591371",1,367591371,2,0.379032258064516,21.9186309750441,20.4788482666283,"GLM;MLM","Cotyledon_Color_RvsY",18.4130068922822,16.5430994918229,1.20606030824922e-22,3.32010434765059e-21,3.86360845433204e-19,2.86352189514407e-17
"Lcu.1GRN.Chr1p368422443",1,368422443,2,0.338709677419355,21.9003351808386,15.886416662508,"GLM;MLM","Cotyledon_Color_RvsY",18.3988276642715,12.4874601877105,1.25795417015706e-22,1.29892279237546e-16,3.99183273918133e-19,3.25491620332787e-13
"Lcu.1GRN.Chr4p423073947",4,423073947,1,0.301242236024845,21.8965469047784,21.8965469047784,"GLM","DTF_Sask_2017_b",18.0901513943202,18.0901513943202,1.26897508488769e-22,1.26897508488769e-22,8.12547214206251e-19,8.12547214206251e-19
"Lcu.1GRN.Chr1p367435967",1,367435967,2,0.359677419354839,21.8954339206308,8.66370693044847,"GLM;MLM","Cotyledon_Color_RvsY",18.3980043164842,5.70860238042529,1.27223130964167e-22,2.16916740333332e-09,3.99940774701157e-19,1.95612957629228e-06
"Lcu.1GRN.Chr3p343245810",3,343245810,2,0.458074534161491,21.8949570444711,7.55075287313242,"GLM;BLINK","DTF_Sask_2017_b",18.0901513943202,2.80209074168419,1.27362904785729e-22,2.81350134345921e-08,8.12547214206251e-19,0.00157728167732557
"Lcu.1GRN.Chr1p367613056",1,367613056,2,0.370967741935484,21.8837153884823,21.4959617817004,"GLM;MLM","Cotyledon_Color_RvsY",18.3903257621373,17.2701783955325,1.3070271576291e-22,3.19181872562074e-22,4.07074818453915e-19,5.36811244640436e-18
"Lcu.1GRN.Chr4p419373590",4,419373590,1,0.288819875776398,21.8832057209052,21.8832057209052,"GLM","DTF_Sask_2017_b",18.0901513943202,18.0901513943202,1.30856192361406e-22,1.30856192361406e-22,8.12547214206251e-19,8.12547214206251e-19
"Lcu.1GRN.Chr6p2183233",6,2183233,1,0.333850931677019,21.879534925547,21.879534925547,"GLM","DTF_Sask_2017_b",18.0901513943202,18.0901513943202,1.31966918090583e-22,1.31966918090583e-22,8.12547214206251e-19,8.12547214206251e-19
"Lcu.1GRN.Chr5p422393732",5,422393732,1,0.338509316770186,21.8766020866578,21.8766020866578,"GLM","DTF_Sask_2017_b",18.0901513943202,18.0901513943202,1.32861121279269e-22,1.32861121279269e-22,8.12547214206251e-19,8.12547214206251e-19
"Lcu.1GRN.Chr1p357738654",1,357738654,2,0.47258064516129,21.8699065848754,9.43886746774914,"GLM;MLM","Cotyledon_Color_RvsY",18.3805197009842,6.4383933633071,1.34925307068863e-22,3.64026107855701e-10,4.16370832686534e-19,3.6442371970565e-07
"Lcu.1GRN.Chr4p488683410",4,488683410,1,0.256211180124224,21.8680738137795,21.8680738137795,"GLM","DTF_Sask_2017_b",18.0894484589538,18.0894484589538,1.354959100532e-22,1.354959100532e-22,8.13863442444016e-19,8.13863442444016e-19
"Lcu.1GRN.Chr6p3270522",6,3270522,1,0.0838509316770186,21.8557955555837,21.8557955555837,"FarmCPU","DTF_Sask_2017_b",16.9310421650797,16.9310421650797,1.39381278682764e-22,1.39381278682764e-22,1.17208156416714e-17,1.17208156416714e-17
"Lcu.1GRN.Chr1p369006605",1,369006605,2,0.370967741935484,21.8489061313412,21.3623527896029,"GLM;MLM","Cotyledon_Color_RvsY",18.3634854346676,17.1825968887219,1.41609982351085e-22,4.34157402637983e-22,4.3302659030443e-19,6.56754581778703e-18
"Lcu.1GRN.Chr1p364633717",1,364633717,2,0.480645161290323,21.839928808122,10.2271232559272,"GLM;MLM","Cotyledon_Color_RvsY",18.3584384050768,7.18886059059579,1.44567673439788e-22,5.92757071944659e-11,4.38088239747039e-19,6.47350383177952e-08
"Lcu.1GRN.Chr1p361910110",1,361910110,2,0.0467741935483871,21.8324808763358,5.60986104676675,"MLMM;MLM","Cotyledon_Color_RvsY",16.9077274858319,2.85020353101706,1.47068317384186e-22,2.45549442949344e-06,1.23672321783916e-17,0.00141187571754773
"Lcu.1GRN.Chr1p363515087",1,363515087,2,0.206451612903226,21.8159224101957,11.2140785194521,"GLM;MLM","Cotyledon_Color_RvsY",18.3430123837201,8.12342778466098,1.52783899318117e-22,6.10831577965043e-12,4.53928672885093e-19,7.52613865880468e-09
"Lcu.1GRN.Chr1p368320180",1,368320180,2,0.37258064516129,21.8091279251983,21.294436922583,"GLM;MLM","Cotyledon_Color_RvsY",18.3430123837201,17.1825968887219,1.55192980826852e-22,5.07648465106454e-22,4.53928672885093e-19,6.56754581778703e-18
"Lcu.1GRN.Chr1p368411848",1,368411848,2,0.37258064516129,21.8091279251983,21.294436922583,"GLM;MLM","Cotyledon_Color_RvsY",18.3430123837201,17.1825968887219,1.55192980826852e-22,5.07648465106454e-22,4.53928672885093e-19,6.56754581778703e-18
"Lcu.1GRN.Chr1p368412956",1,368412956,2,0.37258064516129,21.8091279251983,21.294436922583,"GLM;MLM","Cotyledon_Color_RvsY",18.3430123837201,17.1825968887219,1.55192980826852e-22,5.07648465106454e-22,4.53928672885093e-19,6.56754581778703e-18
"Lcu.1GRN.Chr4p439811641",4,439811641,1,0.27639751552795,21.8019978093459,21.8019978093459,"GLM","DTF_Sask_2017_b",18.0480490881812,18.0480490881812,1.57761922745492e-22,1.57761922745492e-22,8.95263568445137e-19,8.95263568445137e-19
"Lcu.1GRN.Chr6p2134238",6,2134238,1,0.330745341614907,21.8010272677654,21.8010272677654,"GLM","DTF_Sask_2017_b",18.0480490881812,18.0480490881812,1.5811487615941e-22,1.5811487615941e-22,8.95263568445137e-19,8.95263568445137e-19
"Lcu.1GRN.Chr4p419238023",4,419238023,1,0.309006211180124,21.7894128417447,21.7894128417447,"GLM","DTF_Sask_2017_b",18.0480490881812,18.0480490881812,1.62400423805289e-22,1.62400423805289e-22,8.95263568445137e-19,8.95263568445137e-19
"Lcu.1GRN.Chr4p439778514",4,439778514,1,0.281055900621118,21.7857103830015,21.7857103830015,"GLM","DTF_Sask_2017_b",18.0480490881812,18.0480490881812,1.63790842567067e-22,1.63790842567067e-22,8.95263568445137e-19,8.95263568445137e-19
"Lcu.1GRN.Chr3p240145023",3,240145023,1,0.484472049689441,21.7824036814321,21.7824036814321,"GLM","DTF_Sask_2017_b",18.0480490881812,18.0480490881812,1.65042699523579e-22,1.65042699523579e-22,8.95263568445137e-19,8.95263568445137e-19
"Lcu.1GRN.Chr4p439870735",4,439870735,2,0.301242236024845,21.7801108442956,6.54127970940309,"GLM","DTF_Sask_2017_b;DTF_Sask_2017",18.0480490881812,3.88552869896882,1.6591633877384e-22,2.875545809411e-07,8.95263568445137e-19,0.00013015813018789
"Lcu.1GRN.Chr3p344658434",3,344658434,1,0.459627329192547,21.7755219205595,21.7755219205595,"GLM","DTF_Sask_2017_b",18.0480490881812,18.0480490881812,1.67678769950809e-22,1.67678769950809e-22,8.95263568445137e-19,8.95263568445137e-19
"Lcu.1GRN.Chr1p369133539",1,369133539,2,0.364516129032258,21.774141452347,16.2917869312696,"GLM;MLM","Cotyledon_Color_RvsY",18.3117860597421,12.8687772703937,1.68212609316532e-22,5.10755519711441e-17,4.87768713430811e-19,1.35276615668329e-13
"Lcu.1GRN.Chr2p409606851",2,409606851,1,0.271739130434783,21.7603491352483,21.7603491352483,"GLM","DTF_Sask_2017_b",18.0397157274003,18.0397157274003,1.73640434839762e-22,1.73640434839762e-22,9.12608002277283e-19,9.12608002277283e-19
"Lcu.1GRN.Chr1p367494512",1,367494512,2,0.37741935483871,21.7573120006691,19.5426661701144,"GLM;MLM","Cotyledon_Color_RvsY",18.2986844805834,15.7401115682754,1.74859003605673e-22,2.8663804288831e-20,5.02707679195124e-19,1.81923344578391e-16
"Lcu.1GRN.Chr4p418017929",4,418017929,1,0.295031055900621,21.731223132271,21.731223132271,"GLM","DTF_Sask_2017_b",18.0173231070819,18.0173231070819,1.85685019554621e-22,1.85685019554621e-22,9.60897122654297e-19,9.60897122654297e-19
"Lcu.1GRN.Chr1p382567683",1,382567683,2,0.353225806451613,21.7209374533789,6.1607288007947,"GLM;MLM","Cotyledon_Color_RvsY",18.2660060788532,3.35490116311656,1.90135209087547e-22,6.90670965075945e-07,5.41993304026702e-19,0.000441670951539354
"Lcu.1GRN.Chr3p240805205",3,240805205,1,0.496894409937888,21.7160200642697,21.7160200642697,"GLM","DTF_Sask_2017_b",18.0126425215647,18.0126425215647,1.92300288472402e-22,1.92300288472402e-22,9.7130914665975e-19,9.7130914665975e-19
"Lcu.1GRN.Chr4p439788597",4,439788597,1,0.288819875776398,21.7130761196052,21.7130761196052,"GLM","DTF_Sask_2017_b",18.0126425215647,18.0126425215647,1.93608259339329e-22,1.93608259339329e-22,9.7130914665975e-19,9.7130914665975e-19
"Lcu.1GRN.Chr4p439806560",4,439806560,1,0.282608695652174,21.7017698442526,21.7017698442526,"GLM","DTF_Sask_2017_b",18.0126425215647,18.0126425215647,1.98714773364744e-22,1.98714773364744e-22,9.7130914665975e-19,9.7130914665975e-19
"Lcu.1GRN.Chr6p2134947",6,2134947,1,0.33695652173913,21.7006068126593,21.7006068126593,"GLM","DTF_Sask_2017_b",18.0126425215647,18.0126425215647,1.99247640581635e-22,1.99247640581635e-22,9.7130914665975e-19,9.7130914665975e-19
"Lcu.1GRN.Chr1p368411597",1,368411597,2,0.353225806451613,21.68389865688,11.8363611093539,"GLM;MLM","Cotyledon_Color_RvsY",18.2326322364407,8.71438144414195,2.07062447503752e-22,1.4576017822265e-12,5.85285498147014e-19,1.93027219953614e-09
"Lcu.1GRN.Chr1p367687922",1,367687922,2,0.375806451612903,21.6549164447673,19.2087114259914,"GLM;MLM","Cotyledon_Color_RvsY",18.2072843089831,15.4527500558017,2.21352053457121e-22,6.18427187615869e-20,6.20462718043429e-19,3.52573725113198e-16
"Lcu.1GRN.Chr2p43989580",2,43989580,3,0.0694444444444444,21.6471321824943,6.19522750552112,"GLM;MLM","DTF_Nepal_2017;DTF_Sask_2017",16.7223787919904,1.99063341842316,2.25355321305892e-22,6.37929218899719e-07,1.89505233404247e-17,0.0102180160749353
"Lcu.1GRN.Chr3p344658671",3,344658671,1,0.458074534161491,21.6387546891025,21.6387546891025,"GLM","DTF_Sask_2017_b",17.9570393472849,17.9570393472849,2.29744599224288e-22,2.29744599224288e-22,1.10397859438966e-18,1.10397859438966e-18
"Lcu.1GRN.Chr1p368962659",1,368962659,2,0.325806451612903,21.6379917540023,12.2853144832841,"GLM;MLM","Cotyledon_Color_RvsY",18.1939637424868,9.1106836195636,2.3014855155557e-22,5.18424499083982e-13,6.39788246620598e-19,7.75026193259474e-10
"Lcu.1GRN.Chr6p2132299",6,2132299,1,0.338509316770186,21.6203528717727,21.6203528717727,"GLM","DTF_Sask_2017_b",17.9447978386599,17.9447978386599,2.39688461743419e-22,2.39688461743419e-22,1.13553927903167e-18,1.13553927903167e-18
"Lcu.1GRN.Chr1p367566992",1,367566992,2,0.406451612903226,21.6113341995163,12.0196841760073,"GLM;MLM","Cotyledon_Color_RvsY",18.1708806483592,8.86761914018556,2.44717935672107e-22,9.55687320303458e-13,6.74713425149342e-19,1.35637838341145e-09
"Lcu.1GRN.Chr1p367612441",1,367612441,2,0.37741935483871,21.6014325615957,20.3785517916903,"GLM;MLM","Cotyledon_Color_RvsY",18.1645242912032,16.4749877002564,2.50361438611302e-22,4.18261805959999e-21,6.84661187165593e-19,3.34974925917493e-17
"Lcu.1GRN.Chr1p368325461",1,368325461,2,0.37741935483871,21.587550942974,12.893590350407,"GLM;MLM","Cotyledon_Color_RvsY",18.1541592463044,9.67427300648837,2.58493160792375e-22,1.27764338162512e-13,7.01198137227814e-19,2.11702990811378e-10
"Lcu.1GRN.Chr4p439858324",4,439858324,1,0.28416149068323,21.5778810022158,21.5778810022158,"GLM","DTF_Sask_2017_b",17.9263911648541,17.9263911648541,2.64313288319236e-22,2.64313288319236e-22,1.18470121851331e-18,1.18470121851331e-18
"Lcu.1GRN.Chr3p345035314",3,345035314,1,0.436335403726708,21.5759293996409,21.5759293996409,"GLM","DTF_Sask_2017_b",17.9263911648541,17.9263911648541,2.65503713858564e-22,2.65503713858564e-22,1.18470121851331e-18,1.18470121851331e-18
"Lcu.1GRN.Chr4p488679053",4,488679053,1,0.254658385093168,21.5723909544051,21.5723909544051,"GLM","DTF_Sask_2017_b",17.9263911648541,17.9263911648541,2.67675760722697e-22,2.67675760722697e-22,1.18470121851331e-18,1.18470121851331e-18
"Lcu.1GRN.Chr4p488683452",4,488683452,1,0.254658385093168,21.5723909544051,21.5723909544051,"GLM","DTF_Sask_2017_b",17.9263911648541,17.9263911648541,2.67675760722697e-22,2.67675760722697e-22,1.18470121851331e-18,1.18470121851331e-18
"Lcu.1GRN.Chr4p488866113",4,488866113,1,0.254658385093168,21.5723909544051,21.5723909544051,"GLM","DTF_Sask_2017_b",17.9263911648541,17.9263911648541,2.67675760722697e-22,2.67675760722697e-22,1.18470121851331e-18,1.18470121851331e-18
"Lcu.1GRN.Chr1p367669176",1,367669176,2,0.37258064516129,21.5546363282693,16.7627892571854,"GLM;MLM","Cotyledon_Color_RvsY",18.1247329594455,13.3004338645805,2.78845520210544e-22,1.72667556368428e-17,7.50355448773281e-19,5.00686792525682e-14
"Lcu.1GRN.Chr1p364568835",1,364568835,2,0.495161290322581,21.5473583475035,12.5033147228975,"GLM;MLM","Cotyledon_Color_RvsY",18.1209155107891,9.31296107491415,2.83557835455273e-22,3.13823366623479e-13,7.56980146337967e-19,4.86450803507095e-10
"Lcu.1GRN.Chr4p488683760",4,488683760,1,0.267080745341615,21.5399002184013,21.5399002184013,"GLM","DTF_Sask_2017_b",17.8995775617419,17.8995775617419,2.884694201704e-22,2.884694201704e-22,1.2601505643436e-18,1.2601505643436e-18
"Lcu.1GRN.Chr5p439889246",5,439889246,1,0.288819875776398,21.5212585812677,21.5212585812677,"GLM","DTF_Sask_2017_b",17.8865398021263,17.8865398021263,3.01121259817326e-22,3.01121259817326e-22,1.29855454873044e-18,1.29855454873044e-18
"Lcu.1GRN.Chr3p344655790",3,344655790,1,0.464285714285714,21.5121638938838,21.5121638938838,"GLM","DTF_Sask_2017_b",17.8829776033424,17.8829776033424,3.07493617752734e-22,3.07493617752734e-22,1.30924943952701e-18,1.30924943952701e-18
"Lcu.1GRN.Chr1p366601445",1,366601445,2,0.470967741935484,21.5053259606654,10.1279146623451,"GLM;MLM","Cotyledon_Color_RvsY",18.0823162997895,7.09246297434745,3.12373396175893e-22,7.44878326041085e-11,8.27339387019658e-19,8.08233831920844e-08
"Lcu.1GRN.Chr4p488684268",4,488684268,1,0.253105590062112,21.4860783315526,21.4860783315526,"GLM","DTF_Sask_2017_b",17.8738177889926,17.8738177889926,3.26528932448515e-22,3.26528932448515e-22,1.33715641133743e-18,1.33715641133743e-18
"Lcu.1GRN.Chr4p488688171",4,488688171,1,0.253105590062112,21.4860783315526,21.4860783315526,"GLM","DTF_Sask_2017_b",17.8738177889926,17.8738177889926,3.26528932448515e-22,3.26528932448515e-22,1.33715641133743e-18,1.33715641133743e-18
"Lcu.1GRN.Chr4p488689550",4,488689550,1,0.253105590062112,21.4860783315526,21.4860783315526,"GLM","DTF_Sask_2017_b",17.8738177889926,17.8738177889926,3.26528932448515e-22,3.26528932448515e-22,1.33715641133743e-18,1.33715641133743e-18
"Lcu.1GRN.Chr3p344659836",3,344659836,1,0.277950310559006,21.4815530784483,21.4815530784483,"GLM","DTF_Sask_2017_b",17.8738177889926,17.8738177889926,3.2994907984733e-22,3.2994907984733e-22,1.33715641133743e-18,1.33715641133743e-18
"Lcu.1GRN.Chr1p382566676",1,382566676,2,0.354838709677419,21.449772290411,5.80931381638234,"GLM;MLM","Cotyledon_Color_RvsY",18.030168878227,3.03223675011953,3.5499947401979e-22,1.55126567747906e-06,9.32891469356364e-19,0.000928460110563341
"Lcu.1GRN.Chr2p52953807",2,52953807,2,0.245341614906832,21.4440373817329,10.8963954379272,"GLM;BLINK","DTF_Sask_2017_b",17.8415032859629,5.84670331081501,3.59718371200746e-22,1.26941773656752e-11,1.44044511149621e-18,1.42330078598669e-06
"Lcu.1GRN.Chr1p367563036",1,367563036,2,0.320967741935484,21.4412620392698,18.6744021695092,"GLM;MLM","Cotyledon_Color_RvsY",18.0250383677371,15.0049212841086,3.62024498610485e-22,2.11640037830967e-19,9.43977476931108e-19,9.88732286181789e-16
"Lcu.1GRN.Chr1p361546354",1,361546354,2,0.22741935483871,21.4293651501514,10.6087531320565,"GLM;MLM","Cotyledon_Color_RvsY",18.0164951206263,7.54880737057878,3.72078734884239e-22,2.46176655941446e-11,9.62730829360052e-19,2.82613321600875e-08
"Lcu.1GRN.Chr2p17508955",2,17508955,2,0.27639751552795,21.4249220797642,6.58231689175836,"GLM","DTF_Sask_2017_b;DTF_Sask_2017",17.8275276236466,3.91343877464592,3.75904842323479e-22,2.61627329481314e-07,1.48755275409202e-18,0.000122056587982859
"Lcu.1GRN.Chr1p364870820",1,364870820,2,0.387096774193548,21.4102226563735,19.8601346979173,"GLM;MLM","Cotyledon_Color_RvsY",18.0006805701974,16.0054191740212,3.88845738409022e-22,1.37995620009335e-20,9.98434156423111e-19,9.87599419482553e-17
"Lcu.1GRN.Chr1p351587615",1,351587615,1,0.416129032258065,21.3860796514048,21.3860796514048,"GLM","Cotyledon_Color_RvsY",17.9798402007788,17.9798402007788,4.11074321459117e-22,4.11074321459117e-22,1.04751391125938e-18,1.04751391125938e-18
"Lcu.1GRN.Chr4p422865655",4,422865655,1,0.305900621118012,21.3647476267703,21.3647476267703,"GLM","DTF_Sask_2017_b",17.772432696182,17.772432696182,4.31769910113432e-22,4.31769910113432e-22,1.68875755064099e-18,1.68875755064099e-18
"Lcu.1GRN.Chr1p368965430",1,368965430,2,0.374193548387097,21.3491042693745,19.4423355939222,"GLM;MLM","Cotyledon_Color_RvsY",17.9461425285097,15.6558849015846,4.47605825991476e-22,3.61130696983102e-20,1.13202878850583e-18,2.20858998458391e-16
"Lcu.1GRN.Chr4p439809982",4,439809982,1,0.285714285714286,21.3489350683005,21.3489350683005,"GLM","DTF_Sask_2017_b",17.7616409390872,17.7616409390872,4.47780247138491e-22,4.47780247138491e-22,1.73124710792221e-18,1.73124710792221e-18
"Lcu.1GRN.Chr4p422819133",4,422819133,1,0.343167701863354,21.3420488349875,21.3420488349875,"GLM","DTF_Sask_2017_b",17.7597181253058,17.7597181253058,4.5493690111409e-22,4.5493690111409e-22,1.73892909792094e-18,1.73892909792094e-18
"Lcu.1GRN.Chr1p367537687",1,367537687,2,0.369354838709677,21.3371182740446,20.5394379426056,"GLM;MLM","Cotyledon_Color_RvsY",17.9374096905776,16.5924081573905,4.60131246189542e-22,2.88776638966931e-21,1.15502214094804e-18,2.55618241366815e-17
"Lcu.1GRN.Chr4p422865750",4,422865750,1,0.315217391304348,21.3139843710034,21.3139843710034,"GLM","DTF_Sask_2017_b",17.7365609958164,17.7365609958164,4.85305964599538e-22,4.85305964599538e-22,1.8341675437579e-18,1.8341675437579e-18
"Lcu.1GRN.Chr4p422822151",4,422822151,1,0.333850931677019,21.3054644640004,21.3054644640004,"GLM","DTF_Sask_2017_b",17.7328935916078,17.7328935916078,4.94920605975289e-22,4.94920605975289e-22,1.84972177188989e-18,1.84972177188989e-18
"Lcu.1GRN.Chr1p367669117",1,367669117,2,0.370967741935484,21.272668524516,18.6484458991578,"GLM;MLM","Cotyledon_Color_RvsY",17.8761889111791,14.9849553774464,5.33742119004682e-22,2.24674663981676e-19,1.32987581735739e-18,1.03524853013047e-15
"Lcu.1GRN.Chr3p224629028",3,224629028,1,0.479813664596273,21.2643527249707,21.2643527249707,"GLM","DTF_Sask_2017_b",17.6995075801039,17.6995075801039,5.44060598619057e-22,5.44060598619057e-22,1.99752590365252e-18,1.99752590365252e-18
"Lcu.1GRN.Chr2p411832080",2,411832080,1,0.279503105590062,21.2556051607726,21.2556051607726,"GLM","DTF_Sask_2017_b",17.6995075801039,17.6995075801039,5.55130180718534e-22,5.55130180718534e-22,1.99752590365252e-18,1.99752590365252e-18
"Lcu.1GRN.Chr4p440126888",4,440126888,1,0.31832298136646,21.2471576206304,21.2471576206304,"GLM","DTF_Sask_2017_b",17.6995075801039,17.6995075801039,5.66033818319101e-22,5.66033818319101e-22,1.99752590365252e-18,1.99752590365252e-18
"Lcu.1GRN.Chr4p440126910",4,440126910,1,0.31832298136646,21.2471576206304,21.2471576206304,"GLM","DTF_Sask_2017_b",17.6995075801039,17.6995075801039,5.66033818319101e-22,5.66033818319101e-22,1.99752590365252e-18,1.99752590365252e-18
"Lcu.1GRN.Chr4p488684178",4,488684178,1,0.256211180124224,21.2443383536956,21.2443383536956,"GLM","DTF_Sask_2017_b",17.6995075801039,17.6995075801039,5.69720237031749e-22,5.69720237031749e-22,1.99752590365252e-18,1.99752590365252e-18
"Lcu.1GRN.Chr4p419240003",4,419240003,1,0.304347826086957,21.2440497288962,21.2440497288962,"GLM","DTF_Sask_2017_b",17.6995075801039,17.6995075801039,5.70098989349853e-22,5.70098989349853e-22,1.99752590365252e-18,1.99752590365252e-18
"Lcu.1GRN.Chr1p367684157",1,367684157,2,0.370967741935484,21.2352276168743,17.9306636540001,"GLM;MLM","Cotyledon_Color_RvsY",17.8419531434126,14.3433695247869,5.81798213205213e-22,1.17310354179659e-18,1.43895382044999e-18,4.53555539130451e-15
"Lcu.1GRN.Chr4p439805853",4,439805853,1,0.293478260869565,21.1930670624815,21.1930670624815,"GLM","DTF_Sask_2017_b",17.6530254149159,17.6530254149159,6.41110570525284e-22,6.41110570525284e-22,2.22317978634926e-18,2.22317978634926e-18
"Lcu.1GRN.Chr2p52323063",2,52323063,2,0.198757763975155,21.1851360798207,6.59307542727368,"GLM","DTF_Sask_2017_b;DTF_Sask_2017",17.6495487736813,3.92117506774966,6.52925935804811e-22,2.55225799382698e-07,2.24104834947813e-18,0.000119901587235977
"Lcu.1GRN.Chr4p488684501",4,488684501,1,0.257763975155279,21.1714881434499,21.1714881434499,"GLM","DTF_Sask_2017_b",17.6403099562155,17.6403099562155,6.7377028963054e-22,6.7377028963054e-22,2.28923324254703e-18,2.28923324254703e-18
"Lcu.1GRN.Chr3p225094849",3,225094849,1,0.495341614906832,21.162178951174,21.162178951174,"GLM","DTF_Sask_2017_b",17.6353655693421,17.6353655693421,6.88368595408704e-22,6.88368595408704e-22,2.31544479331839e-18,2.31544479331839e-18
"Lcu.1GRN.Chr1p367666858",1,367666858,2,0.353225806451613,21.1505173353342,13.5230295195183,"GLM;MLM","Cotyledon_Color_RvsY",17.7629438521782,10.2657290819044,7.07102975337535e-22,2.99895866923162e-14,1.7260610316035e-18,5.4233910252335e-11
"Lcu.1GRN.Chr1p366878393",1,366878393,2,0.482258064516129,21.1498781476088,10.1264026598924,"GLM;MLM","Cotyledon_Color_RvsY",17.7629438521782,7.09234966708737,7.08144444494503e-22,7.47476150147826e-11,1.7260610316035e-18,8.08444727320816e-08
"Lcu.1GRN.Chr2p52950765",2,52950765,1,0.225155279503106,21.1487975135921,21.1487975135921,"GLM","DTF_Sask_2017_b",17.6348213564654,17.6348213564654,7.09908680188466e-22,7.09908680188466e-22,2.31834808765974e-18,2.31834808765974e-18
"Lcu.1GRN.Chr2p52951465",2,52951465,1,0.225155279503106,21.1487975135921,21.1487975135921,"GLM","DTF_Sask_2017_b",17.6348213564654,17.6348213564654,7.09908680188466e-22,7.09908680188466e-22,2.31834808765974e-18,2.31834808765974e-18
"Lcu.1GRN.Chr2p52952850",2,52952850,1,0.225155279503106,21.1487975135921,21.1487975135921,"GLM","DTF_Sask_2017_b",17.6348213564654,17.6348213564654,7.09908680188466e-22,7.09908680188466e-22,2.31834808765974e-18,2.31834808765974e-18
"Lcu.1GRN.Chr4p440095388",4,440095388,1,0.316770186335404,21.1385863182473,21.1385863182473,"GLM","DTF_Sask_2017_b",17.6288062757142,17.6288062757142,7.26797930055422e-22,7.26797930055422e-22,2.35068114748992e-18,2.35068114748992e-18
"Lcu.1GRN.Chr4p440092296",4,440092296,1,0.316770186335404,21.1221044367443,21.1221044367443,"GLM","DTF_Sask_2017_b",17.6164803539823,17.6164803539823,7.54910669077657e-22,7.54910669077657e-22,2.41835273357757e-18,2.41835273357757e-18
"Lcu.1GRN.Chr3p241042171",3,241042171,1,0.461180124223602,21.1173847141883,21.1173847141883,"GLM","DTF_Sask_2017_b",17.6158771976212,17.6158771976212,7.63159449065588e-22,7.63159449065588e-22,2.42171372079099e-18,2.42171372079099e-18
"Lcu.1GRN.Chr4p422819131",4,422819131,1,0.343167701863354,21.1092421897728,21.1092421897728,"GLM","DTF_Sask_2017_b",17.6118125856261,17.6118125856261,7.7760279014194e-22,7.7760279014194e-22,2.44448521225863e-18,2.44448521225863e-18
"Lcu.1GRN.Chr1p368780831",1,368780831,2,0.367741935483871,21.1086912080665,13.9112029802678,"GLM;MLM","Cotyledon_Color_RvsY",17.7248926264887,10.6348096007448,7.78589947071693e-22,1.22686568546423e-14,1.88411485414866e-18,2.3184108428233e-11
"Lcu.1GRN.Chr3p344656570",3,344656570,1,0.46583850931677,21.1032233931763,21.1032233931763,"GLM","DTF_Sask_2017_b",17.6112423383448,17.6112423383448,7.88454446676905e-22,7.88454446676905e-22,2.44769703435302e-18,2.44769703435302e-18
"Lcu.1GRN.Chr4p440092263",4,440092263,1,0.324534161490683,21.1006292222361,21.1006292222361,"GLM","DTF_Sask_2017_b",17.6112423383448,17.6112423383448,7.93178215296027e-22,7.93178215296027e-22,2.44769703435302e-18,2.44769703435302e-18
"Lcu.1GRN.Chr1p367578126",1,367578126,2,0.364516129032258,21.0862015783915,18.8920845166229,"GLM;MLM","Cotyledon_Color_RvsY",17.7055162322378,15.1848150703329,8.19970865365809e-22,1.28208105679304e-19,1.97007957193215e-18,6.53408725500461e-16
"Lcu.1GRN.Chr2p52953865",2,52953865,1,0.229813664596273,21.08302266231,21.08302266231,"GLM","DTF_Sask_2017_b",17.5976019656364,17.5976019656364,8.25994846474392e-22,8.25994846474392e-22,2.52579462294593e-18,2.52579462294593e-18
"Lcu.1GRN.Chr5p440718483",5,440718483,1,0.287267080745342,21.0553631758032,21.0553631758032,"GLM","DTF_Sask_2017_b",17.5738727727579,17.5738727727579,8.80312409861532e-22,8.80312409861532e-22,2.6676400393504e-18,2.6676400393504e-18
"Lcu.1GRN.Chr2p44193346",2,44193346,3,0.0725308641975309,21.0505934002729,5.52502618190023,"GLM;MLM","DTF_Nepal_2017;DTF_Sask_2017",16.3461107645224,1.46061079796731,8.9003400486515e-22,2.98520264740762e-06,4.507017407742e-17,0.0346249537551917
"Lcu.1GRN.Chr4p440127004",4,440127004,1,0.319875776397516,21.0471164075502,21.0471164075502,"GLM","DTF_Sask_2017_b",17.5695210483885,17.5695210483885,8.97188281456187e-22,8.97188281456187e-22,2.69450473811226e-18,2.69450473811226e-18
"Lcu.1GRN.Chr3p345035397",3,345035397,1,0.440993788819876,21.0370841850534,21.0370841850534,"GLM","DTF_Sask_2017_b",17.5633492467049,17.5633492467049,9.18154601161576e-22,9.18154601161576e-22,2.73306998875147e-18,2.73306998875147e-18
"Lcu.1GRN.Chr2p44071765",2,44071765,3,0.0709876543209876,21.0294895982924,5.65834904516154,"GLM;MLM","DTF_Nepal_2017;DTF_Sask_2017",16.3461107645224,1.51174690504127,9.34351746476991e-22,2.19609414886636e-06,4.507017407742e-17,0.0307789000238221
"Lcu.1GRN.Chr1p360324633",1,360324633,2,0.225806451612903,21.0209049125896,13.9762186897545,"GLM;MLM","Cotyledon_Color_RvsY",17.6433106434131,10.6973785742845,9.53004798585062e-22,1.05628548085079e-14,2.27347067436639e-18,2.00734225049343e-11
"Lcu.1GRN.Chr2p52954618",2,52954618,1,0.231366459627329,21.0164760993049,21.0164760993049,"GLM","DTF_Sask_2017_b",17.549879204249,17.549879204249,9.62772996171599e-22,9.62772996171599e-22,2.8191669523563e-18,2.8191669523563e-18
"Lcu.1GRN.Chr4p422865651",4,422865651,1,0.298136645962733,21.0159947457272,21.0159947457272,"GLM","DTF_Sask_2017_b",17.549879204249,17.549879204249,9.6384068449335e-22,9.6384068449335e-22,2.8191669523563e-18,2.8191669523563e-18
"Lcu.1GRN.Chr5p460193195",5,460193195,1,0.436335403726708,21.0102166517802,21.0102166517802,"GLM","DTF_Sask_2017_b",17.5478612591752,17.5478612591752,9.76749838794918e-22,9.76749838794918e-22,2.83229666401664e-18,2.83229666401664e-18
"Lcu.1GRN.Chr2p52995435",2,52995435,1,0.226708074534162,21.0034577391625,21.0034577391625,"GLM","DTF_Sask_2017_b",17.5448302190767,17.5448302190767,9.92069872042589e-22,9.92069872042589e-22,2.85213304828504e-18,2.85213304828504e-18
"Lcu.1GRN.Chr2p54513196",2,54513196,1,0.22360248447205,20.9917018638312,20.9917018638312,"GLM","DTF_Sask_2017_b",17.5399735875518,17.5399735875518,1.01929087470635e-21,1.01929087470635e-21,2.884206906343e-18,2.884206906343e-18
"Lcu.1GRN.Chr4p439784841",4,439784841,1,0.302795031055901,20.9912400079912,20.9912400079912,"GLM","DTF_Sask_2017_b",17.5399735875518,17.5399735875518,1.02037542878706e-21,1.02037542878706e-21,2.884206906343e-18,2.884206906343e-18
"Lcu.1GRN.Chr4p440024383",4,440024383,1,0.313664596273292,20.9772011526728,20.9772011526728,"GLM","DTF_Sask_2017_b",17.5295690168886,17.5295690168886,1.05389864788436e-21,1.05389864788436e-21,2.95413938744098e-18,2.95413938744098e-18
"Lcu.1GRN.Chr2p54510331",2,54510331,1,0.220496894409938,20.9730265843812,20.9730265843812,"GLM","DTF_Sask_2017_b",17.5289985728658,17.5289985728658,1.06407788104438e-21,1.06407788104438e-21,2.95802218688639e-18,2.95802218688639e-18
"Lcu.1GRN.Chr4p440268934",4,440268934,1,0.312111801242236,20.9592369038242,20.9592369038242,"GLM","DTF_Sask_2017_b",17.5190379284298,17.5190379284298,1.09840650488362e-21,1.09840650488362e-21,3.02664908889117e-18,3.02664908889117e-18
"Lcu.1GRN.Chr4p440024396",4,440024396,1,0.316770186335404,20.9559461988222,20.9559461988222,"GLM","DTF_Sask_2017_b",17.5190379284298,17.5190379284298,1.10676088300462e-21,1.10676088300462e-21,3.02664908889117e-18,3.02664908889117e-18
"Lcu.1GRN.Chr3p316080834",3,316080834,1,0.364906832298137,20.950693176981,20.950693176981,"GLM","DTF_Sask_2017_b",17.5173014803114,17.5173014803114,1.12022903021669e-21,1.12022903021669e-21,3.03877482424916e-18,3.03877482424916e-18
"Lcu.1GRN.Chr1p369005259",1,369005259,2,0.32258064516129,20.9473099315148,13.8806431903915,"GLM;MLM","Cotyledon_Color_RvsY",17.5727848940659,10.6115083834288,1.12898993057907e-21,1.31630584452e-14,2.67433067590908e-18,2.44619805526883e-11
"Lcu.1GRN.Chr4p440125557",4,440125557,1,0.313664596273292,20.9407748174042,20.9407748174042,"GLM","DTF_Sask_2017_b",17.5144139752331,17.5144139752331,1.14610704630694e-21,1.14610704630694e-21,3.05904612035746e-18,3.05904612035746e-18
"Lcu.1GRN.Chr5p404772161",5,404772161,1,0.319875776397516,20.9364149230533,20.9364149230533,"GLM","DTF_Sask_2017_b",17.5144139752331,17.5144139752331,1.15767079401092e-21,1.15767079401092e-21,3.05904612035746e-18,3.05904612035746e-18
"Lcu.1GRN.Chr2p52951752",2,52951752,1,0.22360248447205,20.9359525831004,20.9359525831004,"GLM","DTF_Sask_2017_b",17.5144139752331,17.5144139752331,1.15890388004953e-21,1.15890388004953e-21,3.05904612035746e-18,3.05904612035746e-18
"Lcu.1GRN.Chr4p440213461",4,440213461,1,0.313664596273292,20.9340173874171,20.9340173874171,"GLM","DTF_Sask_2017_b",17.5144139752331,17.5144139752331,1.16407942338504e-21,1.16407942338504e-21,3.05904612035746e-18,3.05904612035746e-18
"Lcu.1GRN.Chr1p367608468",1,367608468,2,0.391935483870968,20.9264139780754,15.8855160158994,"GLM;MLM","Cotyledon_Color_RvsY",17.5549366337086,12.4874601877105,1.1846389885232e-21,1.30161931361463e-16,2.78652771085722e-18,3.25491620332787e-13
"Lcu.1GRN.Chr1p364633986",1,364633986,2,0.482258064516129,20.9219947497168,9.96559901306929,"GLM;MLM","Cotyledon_Color_RvsY",17.5535438599802,6.93847271385582,1.19675499905882e-21,1.0824329074264e-10,2.79547839422513e-18,1.15219844864651e-07
"Lcu.1GRN.Chr2p44078808",2,44078808,3,0.0740740740740741,20.9186816369149,5.38317974136833,"GLM;MLM","DTF_Nepal_2017;DTF_Sask_2017",16.3461107645224,1.41266886030375,1.20591962557795e-21,4.1382836831079e-06,4.507017407742e-17,0.0386661685454432
"Lcu.1GRN.Chr2p44142916",2,44142916,3,0.0740740740740741,20.9186816369149,5.38317974136833,"GLM;MLM","DTF_Nepal_2017;DTF_Sask_2017",16.3461107645224,1.41266886030375,1.20591962557795e-21,4.1382836831079e-06,4.507017407742e-17,0.0386661685454432
"Lcu.1GRN.Chr2p44193620",2,44193620,3,0.0740740740740741,20.9186816369149,5.38317974136833,"GLM;MLM","DTF_Nepal_2017;DTF_Sask_2017",16.3461107645224,1.41266886030375,1.20591962557795e-21,4.1382836831079e-06,4.507017407742e-17,0.0386661685454432
"Lcu.1GRN.Chr3p345157918",3,345157918,1,0.472049689440994,20.9150416426591,20.9150416426591,"GLM","DTF_Sask_2017_b",17.4988179711265,17.4988179711265,1.21606939131056e-21,1.21606939131056e-21,3.17089622439503e-18,3.17089622439503e-18
"Lcu.1GRN.Chr1p368048642",1,368048642,2,0.445161290322581,20.9138733009887,14.4496818358152,"GLM;MLM","Cotyledon_Color_RvsY",17.5484279213918,11.1403523981972,1.21934527304478e-21,3.55073420799168e-15,2.8286035272983e-18,7.23848371720932e-12
"Lcu.1GRN.Chr1p365323936",1,365323936,2,0.388709677419355,20.9044032004741,14.03790812466,"GLM;MLM","Cotyledon_Color_RvsY",17.5435676574334,10.7541327915144,1.24622597655992e-21,9.16414337792559e-15,2.86043670706795e-18,1.7614373803444e-11
"Lcu.1GRN.Chr2p411995309",2,411995309,1,0.282608695652174,20.9041617845827,20.9041617845827,"GLM","DTF_Sask_2017_b",17.4951632261359,17.4951632261359,1.2469189220239e-21,1.2469189220239e-21,3.19769305624586e-18,3.19769305624586e-18
"Lcu.1GRN.Chr4p440024855",4,440024855,1,0.31832298136646,20.8970649795756,20.8970649795756,"GLM","DTF_Sask_2017_b",17.4951632261359,17.4951632261359,1.26746221270368e-21,1.26746221270368e-21,3.19769305624586e-18,3.19769305624586e-18
"Lcu.1GRN.Chr2p54511426",2,54511426,1,0.222049689440994,20.8916428394727,20.8916428394727,"GLM","DTF_Sask_2017_b",17.4951632261359,17.4951632261359,1.28338559547516e-21,1.28338559547516e-21,3.19769305624586e-18,3.19769305624586e-18
"Lcu.1GRN.Chr2p54513608",2,54513608,1,0.222049689440994,20.8916428394727,20.8916428394727,"GLM","DTF_Sask_2017_b",17.4951632261359,17.4951632261359,1.28338559547516e-21,1.28338559547516e-21,3.19769305624586e-18,3.19769305624586e-18
"Lcu.1GRN.Chr2p54575507",2,54575507,1,0.222049689440994,20.8916428394727,20.8916428394727,"GLM","DTF_Sask_2017_b",17.4951632261359,17.4951632261359,1.28338559547516e-21,1.28338559547516e-21,3.19769305624586e-18,3.19769305624586e-18
"Lcu.1GRN.Chr2p54584467",2,54584467,1,0.222049689440994,20.8916428394727,20.8916428394727,"GLM","DTF_Sask_2017_b",17.4951632261359,17.4951632261359,1.28338559547516e-21,1.28338559547516e-21,3.19769305624586e-18,3.19769305624586e-18
"Lcu.1GRN.Chr2p54584261",2,54584261,1,0.228260869565217,20.8809702384426,20.8809702384426,"GLM","DTF_Sask_2017_b",17.4876957649809,17.4876957649809,1.31531496568978e-21,1.31531496568978e-21,3.2531510960601e-18,3.2531510960601e-18
"Lcu.1GRN.Chr5p403712999",5,403712999,1,0.315217391304348,20.8698160888778,20.8698160888778,"GLM","DTF_Sask_2017_b",17.4823479669917,17.4823479669917,1.34953425023429e-21,1.34953425023429e-21,3.29345726864393e-18,3.29345726864393e-18
"Lcu.1GRN.Chr4p488683323",4,488683323,1,0.259316770186335,20.8692822624224,20.8692822624224,"GLM","DTF_Sask_2017_b",17.4823479669917,17.4823479669917,1.35119409178922e-21,1.35119409178922e-21,3.29345726864393e-18,3.29345726864393e-18
"Lcu.1GRN.Chr1p367612579",1,367612579,2,0.359677419354839,20.8660608350233,19.3667436578425,"GLM;MLM","Cotyledon_Color_RvsY",17.5095091685864,15.6033582695735,1.36125398762206e-21,4.29790035320951e-20,3.09379000036803e-18,2.49253766915177e-16
"Lcu.1GRN.Chr1p367581845",1,367581845,2,0.380645161290323,20.8621916917104,13.4180140389956,"GLM;MLM","Cotyledon_Color_RvsY",17.5085645782908,10.1630422637002,1.37343562529616e-21,3.81931924315978e-14,3.1005263152617e-18,6.87001580675895e-11
"Lcu.1GRN.Chr2p553089558",2,553089558,1,0.245341614906832,20.8560946337936,20.8560946337936,"GLM","DTF_Sask_2017_b",17.4726237831207,17.4726237831207,1.39285326385882e-21,1.39285326385882e-21,3.36803206016382e-18,3.36803206016382e-18
"Lcu.1GRN.Chr3p225093536",3,225093536,1,0.493788819875776,20.8533091292744,20.8533091292744,"GLM","DTF_Sask_2017_b",17.4726237831207,17.4726237831207,1.40181554202087e-21,1.40181554202087e-21,3.36803206016382e-18,3.36803206016382e-18
"Lcu.1GRN.Chr4p392270347",4,392270347,1,0.282608695652174,20.8445655172793,20.8445655172793,"GLM","DTF_Sask_2017_b",17.4669712481028,17.4669712481028,1.43032418710855e-21,1.43032418710855e-21,3.4121550059939e-18,3.4121550059939e-18
"Lcu.1GRN.Chr2p54578793",2,54578793,1,0.22360248447205,20.8161678525772,20.8161678525772,"GLM","DTF_Sask_2017_b",17.4416428151284,17.4416428151284,1.52697577591355e-21,1.52697577591355e-21,3.61707225927262e-18,3.61707225927262e-18
"Lcu.1GRN.Chr1p368965128",1,368965128,2,0.367741935483871,20.8147351999172,19.456287411064,"GLM;MLM","Cotyledon_Color_RvsY",17.464013077141,15.6618677890551,1.53202128822057e-21,3.49713653979961e-20,3.43547603103259e-18,2.17837282681996e-16
"Lcu.1GRN.Chr6p1767463",6,1767463,1,0.388198757763975,20.8053462241644,20.8053462241644,"GLM","DTF_Sask_2017_b",17.4338688797976,17.4338688797976,1.56550253728584e-21,1.56550253728584e-21,3.68240134237221e-18,3.68240134237221e-18
"Lcu.1GRN.Chr2p411816027",2,411816027,1,0.285714285714286,20.7977431610057,20.7977431610057,"GLM","DTF_Sask_2017_b",17.4324374117321,17.4324374117321,1.59315062765469e-21,1.59315062765469e-21,3.69455884587424e-18,3.69455884587424e-18
"Lcu.1GRN.Chr1p364579838",1,364579838,2,0.487096774193548,20.7967967285284,9.06147086097149,"GLM;MLM","Cotyledon_Color_RvsY",17.4490701671238,6.08610747711249,1.59662627308097e-21,8.68018815141458e-10,3.55573865361329e-18,8.20148552788446e-07
"Lcu.1GRN.Chr4p440092189",4,440092189,1,0.338509316770186,20.7948270055178,20.7948270055178,"GLM","DTF_Sask_2017_b",17.4324374117321,17.4324374117321,1.60388414587722e-21,1.60388414587722e-21,3.69455884587424e-18,3.69455884587424e-18
"Lcu.1GRN.Chr1p367666848",1,367666848,2,0.364516129032258,20.7940399610109,12.6152552612435,"GLM;MLM","Cotyledon_Color_RvsY",17.4490701671238,9.41682148285035,1.60679339932044e-21,2.42518424802114e-13,3.55573865361329e-18,3.82982136128697e-10
"Lcu.1GRN.Chr2p411910322",2,411910322,1,0.291925465838509,20.7927435763662,20.7927435763662,"GLM","DTF_Sask_2017_b",17.4324374117321,17.4324374117321,1.61159690114027e-21,1.61159690114027e-21,3.69455884587424e-18,3.69455884587424e-18
"Lcu.1GRN.Chr3p241028522",3,241028522,1,0.476708074534162,20.7919334588158,20.7919334588158,"GLM","DTF_Sask_2017_b",17.4324374117321,17.4324374117321,1.6146059225296e-21,1.6146059225296e-21,3.69455884587424e-18,3.69455884587424e-18
"Lcu.1GRN.Chr2p556312868",2,556312868,1,0.259316770186335,20.7731986128175,20.7731986128175,"GLM","DTF_Sask_2017_b",17.4224337973365,17.4224337973365,1.68578190238587e-21,1.68578190238587e-21,3.7806476406852e-18,3.7806476406852e-18
"Lcu.1GRN.Chr1p367960388",1,367960388,2,0.361290322580645,20.7725167884592,17.2365386105193,"GLM;MLM","Cotyledon_Color_RvsY",17.4303948374449,13.7350310939522,1.68843058880716e-21,5.80044601941402e-18,3.71197602526338e-18,1.84064021340777e-14
"Lcu.1GRN.Chr2p579805908",2,579805908,1,0.271739130434783,20.7704332973072,20.7704332973072,"GLM","DTF_Sask_2017_b",17.4224337973365,17.4224337973365,1.69655015305778e-21,1.69655015305778e-21,3.7806476406852e-18,3.7806476406852e-18
"Lcu.1GRN.Chr5p404118116",5,404118116,1,0.319875776397516,20.7641531142192,20.7641531142192,"GLM","DTF_Sask_2017_b",17.4224337973365,17.4224337973365,1.72126162255125e-21,1.72126162255125e-21,3.7806476406852e-18,3.7806476406852e-18
"Lcu.1GRN.Chr2p411814159",2,411814159,1,0.28416149068323,20.7633774521339,20.7633774521339,"GLM","DTF_Sask_2017_b",17.4224337973365,17.4224337973365,1.72433859088436e-21,1.72433859088436e-21,3.7806476406852e-18,3.7806476406852e-18
"Lcu.1GRN.Chr2p411834956",2,411834956,1,0.28416149068323,20.7633774521339,20.7633774521339,"GLM","DTF_Sask_2017_b",17.4224337973365,17.4224337973365,1.72433859088436e-21,1.72433859088436e-21,3.7806476406852e-18,3.7806476406852e-18
"Lcu.1GRN.Chr2p411833202",2,411833202,1,0.28416149068323,20.7618863538236,20.7618863538236,"GLM","DTF_Sask_2017_b",17.4224337973365,17.4224337973365,1.73026907677634e-21,1.73026907677634e-21,3.7806476406852e-18,3.7806476406852e-18
"Lcu.1GRN.Chr2p104446207",2,104446207,1,0.419254658385093,20.7617264583319,20.7617264583319,"GLM","DTF_Sask_2017_b",17.4224337973365,17.4224337973365,1.73090623237571e-21,1.73090623237571e-21,3.7806476406852e-18,3.7806476406852e-18
"Lcu.1GRN.Chr1p367886700",1,367886700,2,0.382258064516129,20.7569736855923,18.7538863544672,"GLM;MLM","Cotyledon_Color_RvsY",17.4176810245969,15.0595818853415,1.74995271708245e-21,1.76243717800918e-19,3.82224899731735e-18,8.71802509199137e-16
"Lcu.1GRN.Chr1p359993721",1,359993721,2,0.224193548387097,20.7517670723845,12.6317932782227,"GLM;MLM","Cotyledon_Color_RvsY",17.415285388723,9.4313157573196,1.77105858550184e-21,2.33456903983301e-13,3.84339137567417e-18,3.70411313312033e-10
"Lcu.1GRN.Chr3p238702626",3,238702626,1,0.492236024844721,20.7488805131489,20.7488805131489,"GLM","DTF_Sask_2017_b",17.4137195216107,17.4137195216107,1.78286921836344e-21,1.78286921836344e-21,3.85727389771104e-18,3.85727389771104e-18
"Lcu.1GRN.Chr5p404861929",5,404861929,1,0.312111801242236,20.7474083050881,20.7474083050881,"GLM","DTF_Sask_2017_b",17.4137195216107,17.4137195216107,1.78892319413891e-21,1.78892319413891e-21,3.85727389771104e-18,3.85727389771104e-18
"Lcu.1GRN.Chr1p367969103",1,367969103,2,0.369354838709677,20.7394932665342,17.0394462581883,"GLM;MLM","Cotyledon_Color_RvsY",17.4058044830568,13.5460566318434,1.82182531914117e-21,9.13174429157738e-18,3.9282174174587e-18,2.84409021493056e-14
"Lcu.1GRN.Chr4p439979734",4,439979734,1,0.338509316770186,20.7282565624631,20.7282565624631,"GLM","DTF_Sask_2017_b",17.3973428330404,17.3973428330404,1.86957734834209e-21,1.86957734834209e-21,4.00550397407505e-18,4.00550397407505e-18
"Lcu.1GRN.Chr1p367484107",1,367484107,2,0.356451612903226,20.7235014037033,19.0665473066091,"GLM;MLM","Cotyledon_Color_RvsY",17.3925876742807,15.3419382991501,1.89016012190303e-21,8.579316572881e-20,4.04960184537679e-18,4.55052705558741e-16
"Lcu.1GRN.Chr4p439809248",4,439809248,1,0.293478260869565,20.7153588538623,20.7153588538623,"GLM","DTF_Sask_2017_b",17.3899310121688,17.3899310121688,1.92593287347045e-21,1.92593287347045e-21,4.07444995444567e-18,4.07444995444567e-18
"Lcu.1GRN.Chr4p440503495",4,440503495,1,0.31055900621118,20.7153472696803,20.7153472696803,"GLM","DTF_Sask_2017_b",17.3899310121688,17.3899310121688,1.92598424565092e-21,1.92598424565092e-21,4.07444995444567e-18,4.07444995444567e-18
"Lcu.1GRN.Chr2p54390220",2,54390220,1,0.245341614906832,20.6986657914441,20.6986657914441,"GLM","DTF_Sask_2017_b",17.3759723922682,17.3759723922682,2.00140144292118e-21,2.00140144292118e-21,4.20753374469417e-18,4.20753374469417e-18
"Lcu.1GRN.Chr4p440406413",4,440406413,1,0.312111801242236,20.6890495322677,20.6890495322677,"GLM","DTF_Sask_2017_b",17.3730680317112,17.3730680317112,2.04621124839591e-21,2.04621124839591e-21,4.23576608083148e-18,4.23576608083148e-18
"Lcu.1GRN.Chr4p440406429",4,440406429,1,0.312111801242236,20.6890495322677,20.6890495322677,"GLM","DTF_Sask_2017_b",17.3730680317112,17.3730680317112,2.04621124839591e-21,2.04621124839591e-21,4.23576608083148e-18,4.23576608083148e-18
"Lcu.1GRN.Chr2p411835305",2,411835305,1,0.285714285714286,20.6862745270966,20.6862745270966,"GLM","DTF_Sask_2017_b",17.3730680317112,17.3730680317112,2.05932775537233e-21,2.05932775537233e-21,4.23576608083148e-18,4.23576608083148e-18
"Lcu.1GRN.Chr3p241042168",3,241042168,1,0.456521739130435,20.6850375654954,20.6850375654954,"GLM","DTF_Sask_2017_b",17.3730680317112,17.3730680317112,2.06520151280108e-21,2.06520151280108e-21,4.23576608083148e-18,4.23576608083148e-18
"Lcu.1GRN.Chr1p360634752",1,360634752,2,0.151612903225806,20.6787280328873,12.2155627707907,"GLM;MLM","Cotyledon_Color_RvsY",17.3505717380099,9.0485848712987,2.09542425719023e-21,6.0874755402197e-13,4.46095931087536e-18,8.94159775125362e-10
"Lcu.1GRN.Chr2p579805989",2,579805989,1,0.270186335403727,20.673460927178,20.673460927178,"GLM","DTF_Sask_2017_b",17.3667556333862,17.3667556333862,2.1209922069885e-21,2.1209922069885e-21,4.29778184149459e-18,4.29778184149459e-18
"Lcu.1GRN.Chr2p580052410",2,580052410,1,0.270186335403727,20.673460927178,20.673460927178,"GLM","DTF_Sask_2017_b",17.3667556333862,17.3667556333862,2.1209922069885e-21,2.1209922069885e-21,4.29778184149459e-18,4.29778184149459e-18
"Lcu.1GRN.Chr1p368326641",1,368326641,2,0.453225806451613,20.6681902076375,17.4076809867634,"GLM;MLM","Cotyledon_Color_RvsY",17.3427739501261,13.8894677766934,2.14688999634923e-21,3.9112809544382e-18,4.54177954340881e-18,1.28982925568776e-14
"Lcu.1GRN.Chr3p238703280",3,238703280,1,0.492236024844721,20.6674135984763,20.6674135984763,"GLM","DTF_Sask_2017_b",17.3662669730295,17.3662669730295,2.1507325182624e-21,2.1507325182624e-21,4.30262035008076e-18,4.30262035008076e-18
"Lcu.1GRN.Chr4p181401741",4,181401741,1,0.454968944099379,20.6630600386311,20.6630600386311,"GLM","DTF_Sask_2017_b",17.3662669730295,17.3662669730295,2.172400836599e-21,2.172400836599e-21,4.30262035008076e-18,4.30262035008076e-18
"Lcu.1GRN.Chr2p316171160",2,316171160,1,0.304347826086957,20.6628621740585,20.6628621740585,"GLM","DTF_Sask_2017_b",17.3662669730295,17.3662669730295,2.17339080795145e-21,2.17339080795145e-21,4.30262035008076e-18,4.30262035008076e-18
"Lcu.1GRN.Chr3p238695843",3,238695843,1,0.496894409937888,20.6617950051388,20.6617950051388,"GLM","DTF_Sask_2017_b",17.3662669730295,17.3662669730295,2.17873793344353e-21,2.17873793344353e-21,4.30262035008076e-18,4.30262035008076e-18
"Lcu.1GRN.Chr4p422823158",4,422823158,1,0.329192546583851,20.6600842444692,20.6600842444692,"GLM","DTF_Sask_2017_b",17.3662669730295,17.3662669730295,2.18733728297904e-21,2.18733728297904e-21,4.30262035008076e-18,4.30262035008076e-18
"Lcu.1GRN.Chr1p367960316",1,367960316,2,0.359677419354839,20.658898831114,17.3711857443251,"GLM;MLM","Cotyledon_Color_RvsY",17.3362054319381,13.8572095871984,2.19331580869312e-21,4.25416426968479e-18,4.61099411639174e-18,1.3892820125253e-14
"Lcu.1GRN.Chr2p411911432",2,411911432,1,0.285714285714286,20.6569807124124,20.6569807124124,"GLM","DTF_Sask_2017_b",17.3656957774881,17.3656957774881,2.20302430007973e-21,2.20302430007973e-21,4.30828299270301e-18,4.30828299270301e-18
"Lcu.1GRN.Chr2p580052670",2,580052670,1,0.273291925465838,20.6464044299778,20.6464044299778,"GLM","DTF_Sask_2017_b",17.3576371512747,17.3576371512747,2.25733268520575e-21,2.25733268520575e-21,4.38897238915956e-18,4.38897238915956e-18
"Lcu.1GRN.Chr5p401496919",5,401496919,1,0.307453416149068,20.6424248588592,20.6424248588592,"GLM","DTF_Sask_2017_b",17.3561607253099,17.3561607253099,2.27811236418949e-21,2.27811236418949e-21,4.40391851497314e-18,4.40391851497314e-18
"Lcu.1GRN.Chr1p365384637",1,365384637,2,0.379032258064516,20.6424163397654,14.7657800226668,"GLM;MLM","Cotyledon_Color_RvsY",17.3224288339654,11.4264873616714,2.27815705193973e-21,1.71482567511605e-15,4.75960778316652e-18,3.74552446663481e-12
"Lcu.1GRN.Chr1p369008519",1,369008519,2,0.354838709677419,20.6325192421179,16.4712861926754,"GLM;MLM","Cotyledon_Color_RvsY",17.3152208748286,13.0448433559611,2.33066984890614e-21,3.3784213061771e-17,4.83926188312971e-18,9.01896380551487e-14
"Lcu.1GRN.Chr1p367431270",1,367431270,2,0.364516129032258,20.629573862184,19.398340336636,"GLM;MLM","Cotyledon_Color_RvsY",17.3149480847561,15.6229701180056,2.34653014506468e-21,3.99631454206043e-20,4.84230248653356e-18,2.38248339247786e-16
"Lcu.1GRN.Chr4p419672040",4,419672040,1,0.333850931677019,20.6249529743741,20.6249529743741,"GLM","DTF_Sask_2017_b",17.3411776412285,17.3411776412285,2.3716304931069e-21,2.3716304931069e-21,4.55850419471366e-18,4.55850419471366e-18
"Lcu.1GRN.Chr2p54513159",2,54513159,1,0.226708074534162,20.6178130259126,20.6178130259126,"GLM","DTF_Sask_2017_b",17.3365123118948,17.3365123118948,2.41094317357133e-21,2.41094317357133e-21,4.60773705945833e-18,4.60773705945833e-18
"Lcu.1GRN.Chr1p367886022",1,367886022,2,0.362903225806452,20.6168108458451,18.2015272290178,"GLM;MLM","Cotyledon_Color_RvsY",17.3048413120609,14.5723409384764,2.41651310193869e-21,6.28742432535873e-19,4.95631257658421e-18,2.67706589626322e-15
"Lcu.1GRN.Chr1p367669140",1,367669140,2,0.374193548387097,20.6115884193642,17.9396412326885,"GLM;MLM","Cotyledon_Color_RvsY",17.3022589817462,14.3473263021002,2.44574728806318e-21,1.14910249419483e-18,4.98587077602392e-18,4.49442044959106e-15
"Lcu.1GRN.Chr2p53015106",2,53015106,1,0.232919254658385,20.6071901734687,20.6071901734687,"GLM","DTF_Sask_2017_b",17.3296304441377,17.3296304441377,2.47064203720177e-21,2.47064203720177e-21,4.68133322326367e-18,4.68133322326367e-18
"Lcu.1GRN.Chr2p53455084",2,53455084,1,0.229813664596273,20.6060238236607,20.6060238236607,"GLM","DTF_Sask_2017_b",17.3296304441377,17.3296304441377,2.47728615988171e-21,2.47728615988171e-21,4.68133322326367e-18,4.68133322326367e-18
"Lcu.1GRN.Chr6p274444991",6,274444991,1,0.237577639751553,20.5957022344532,20.5957022344532,"GLM","DTF_Sask_2017_b",17.3217418836012,17.3217418836012,2.53686738803651e-21,2.53686738803651e-21,4.76714230565182e-18,4.76714230565182e-18
"Lcu.1GRN.Chr3p343756399",3,343756399,1,0.444099378881988,20.5886683683742,20.5886683683742,"GLM","DTF_Sask_2017_b",17.3171274916457,17.3171274916457,2.57828921301675e-21,2.57828921301675e-21,4.81806337619337e-18,4.81806337619337e-18
"Lcu.1GRN.Chr2p54304969",2,54304969,1,0.281055900621118,20.5843361283144,20.5843361283144,"GLM","DTF_Sask_2017_b",17.316093864016,17.316093864016,2.604137261221e-21,2.604137261221e-21,4.82954409878502e-18,4.82954409878502e-18
"Lcu.1GRN.Chr2p568169092",2,568169092,1,0.240683229813665,20.5815289930613,20.5815289930613,"GLM","DTF_Sask_2017_b",17.316093864016,17.316093864016,2.62102405587383e-21,2.62102405587383e-21,4.82954409878502e-18,4.82954409878502e-18
"Lcu.1GRN.Chr5p404775472",5,404775472,1,0.347826086956522,20.5798191772094,20.5798191772094,"GLM","DTF_Sask_2017_b",17.316093864016,17.316093864016,2.63136335793132e-21,2.63136335793132e-21,4.82954409878502e-18,4.82954409878502e-18
"Lcu.1GRN.Chr3p238929437",3,238929437,1,0.496894409937888,20.5756654097192,20.5756654097192,"GLM","DTF_Sask_2017_b",17.316093864016,17.316093864016,2.65665151809967e-21,2.65665151809967e-21,4.82954409878502e-18,4.82954409878502e-18
"Lcu.1GRN.Chr5p404060893",5,404060893,1,0.307453416149068,20.5726201985476,20.5726201985476,"GLM","DTF_Sask_2017_b",17.316093864016,17.316093864016,2.67534504247553e-21,2.67534504247553e-21,4.82954409878502e-18,4.82954409878502e-18
"Lcu.1GRN.Chr1p355049808",1,355049808,2,0.488709677419355,20.5725063635509,8.58343866639882,"GLM;MLM","Cotyledon_Color_RvsY",17.265801069759,5.63181312949461,2.67604638182844e-21,2.60952422923247e-09,5.42249212841256e-18,2.33446233088894e-06
"Lcu.1GRN.Chr2p220888504",2,220888504,1,0.309006211180124,20.5713520780453,20.5713520780453,"GLM","DTF_Sask_2017_b",17.316093864016,17.316093864016,2.68316834687617e-21,2.68316834687617e-21,4.82954409878502e-18,4.82954409878502e-18
"Lcu.1GRN.Chr1p368780968",1,368780968,2,0.364516129032258,20.5691590664249,19.0625717069981,"GLM;MLM","Cotyledon_Color_RvsY",17.2650621557406,15.3419382991501,2.69675152859436e-21,8.65821354525249e-20,5.43172587675868e-18,4.55052705558741e-16
"Lcu.1GRN.Chr1p365383351",1,365383351,2,0.370967741935484,20.5658712988927,11.5462191163544,"GLM;MLM","Cotyledon_Color_RvsY",17.2643671987867,8.43437908249333,2.71724439200764e-21,2.84302634193624e-12,5.44042466908592e-18,3.67807785214641e-09
"Lcu.1GRN.Chr2p553454446",2,553454446,1,0.251552795031056,20.5637276179726,20.5637276179726,"GLM","DTF_Sask_2017_b",17.316093864016,17.316093864016,2.73068988756915e-21,2.73068988756915e-21,4.82954409878502e-18,4.82954409878502e-18
"Lcu.1GRN.Chr4p440092281",4,440092281,1,0.327639751552795,20.5608625412127,20.5608625412127,"GLM","DTF_Sask_2017_b",17.316093864016,17.316093864016,2.74876402825977e-21,2.74876402825977e-21,4.82954409878502e-18,4.82954409878502e-18
"Lcu.1GRN.Chr5p441076095",5,441076095,1,0.312111801242236,20.5587783971258,20.5587783971258,"GLM","DTF_Sask_2017_b",17.316093864016,17.316093864016,2.76198682666707e-21,2.76198682666707e-21,4.82954409878502e-18,4.82954409878502e-18
"Lcu.1GRN.Chr4p418812122",4,418812122,1,0.347826086956522,20.5547117120554,20.5547117120554,"GLM","DTF_Sask_2017_b",17.316093864016,17.316093864016,2.78797123079841e-21,2.78797123079841e-21,4.82954409878502e-18,4.82954409878502e-18
"Lcu.1GRN.Chr4p438502078",4,438502078,1,0.309006211180124,20.554417175063,20.554417175063,"GLM","DTF_Sask_2017_b",17.316093864016,17.316093864016,2.78986266440504e-21,2.78986266440504e-21,4.82954409878502e-18,4.82954409878502e-18
"Lcu.1GRN.Chr2p411911122",2,411911122,1,0.282608695652174,20.5507846989185,20.5507846989185,"GLM","DTF_Sask_2017_b",17.316093864016,17.316093864016,2.81329517318838e-21,2.81329517318838e-21,4.82954409878502e-18,4.82954409878502e-18
"Lcu.1GRN.Chr5p397494394",5,397494394,1,0.313664596273292,20.5439483132563,20.5439483132563,"GLM","DTF_Sask_2017_b",17.316093864016,17.316093864016,2.8579306543953e-21,2.8579306543953e-21,4.82954409878502e-18,4.82954409878502e-18
"Lcu.1GRN.Chr5p1650395",5,1650395,1,0.468944099378882,20.5376664493387,20.5376664493387,"GLM","DTF_Sask_2017_b",17.316093864016,17.316093864016,2.89956968570813e-21,2.89956968570813e-21,4.82954409878502e-18,4.82954409878502e-18
"Lcu.1GRN.Chr6p1767473",6,1767473,1,0.385093167701863,20.5370881108914,20.5370881108914,"GLM","DTF_Sask_2017_b",17.316093864016,17.316093864016,2.90343353790737e-21,2.90343353790737e-21,4.82954409878502e-18,4.82954409878502e-18
"Lcu.1GRN.Chr5p389568855",5,389568855,1,0.313664596273292,20.5347175826803,20.5347175826803,"GLM","DTF_Sask_2017_b",17.316093864016,17.316093864016,2.91932480434274e-21,2.91932480434274e-21,4.82954409878502e-18,4.82954409878502e-18
"Lcu.1GRN.Chr5p399390864",5,399390864,1,0.313664596273292,20.5347175826803,20.5347175826803,"GLM","DTF_Sask_2017_b",17.316093864016,17.316093864016,2.91932480434274e-21,2.91932480434274e-21,4.82954409878502e-18,4.82954409878502e-18
"Lcu.1GRN.Chr4p440404133",4,440404133,1,0.313664596273292,20.5318436004842,20.5318436004842,"GLM","DTF_Sask_2017_b",17.316093864016,17.316093864016,2.93870775824887e-21,2.93870775824887e-21,4.82954409878502e-18,4.82954409878502e-18
"Lcu.1GRN.Chr4p440503714",4,440503714,1,0.313664596273292,20.5318436004842,20.5318436004842,"GLM","DTF_Sask_2017_b",17.316093864016,17.316093864016,2.93870775824887e-21,2.93870775824887e-21,4.82954409878502e-18,4.82954409878502e-18
"Lcu.1GRN.Chr5p441071399",5,441071399,1,0.304347826086957,20.5310050853494,20.5310050853494,"GLM","DTF_Sask_2017_b",17.316093864016,17.316093864016,2.94438715644332e-21,2.94438715644332e-21,4.82954409878502e-18,4.82954409878502e-18
"Lcu.1GRN.Chr5p404775324",5,404775324,1,0.368012422360248,20.5296850845972,20.5296850845972,"GLM","DTF_Sask_2017_b",17.316093864016,17.316093864016,2.95334998211864e-21,2.95334998211864e-21,4.82954409878502e-18,4.82954409878502e-18
"Lcu.1GRN.Chr4p488866356",4,488866356,1,0.268633540372671,20.5282418900628,20.5282418900628,"GLM","DTF_Sask_2017_b",17.316093864016,17.316093864016,2.96318051990063e-21,2.96318051990063e-21,4.82954409878502e-18,4.82954409878502e-18
"Lcu.1GRN.Chr4p439779829",4,439779829,1,0.287267080745342,20.526500262088,20.526500262088,"GLM","DTF_Sask_2017_b",17.316093864016,17.316093864016,2.97508746347473e-21,2.97508746347473e-21,4.82954409878502e-18,4.82954409878502e-18
"Lcu.1GRN.Chr4p436977449",4,436977449,1,0.293478260869565,20.5251501525708,20.5251501525708,"GLM","DTF_Sask_2017_b",17.316093864016,17.316093864016,2.98435063391301e-21,2.98435063391301e-21,4.82954409878502e-18,4.82954409878502e-18
"Lcu.1GRN.Chr2p411914252",2,411914252,1,0.287267080745342,20.5247921601448,20.5247921601448,"GLM","DTF_Sask_2017_b",17.316093864016,17.316093864016,2.98681167227346e-21,2.98681167227346e-21,4.82954409878502e-18,4.82954409878502e-18
"Lcu.1GRN.Chr3p239677720",3,239677720,1,0.459627329192547,20.5237951436296,20.5237951436296,"GLM","DTF_Sask_2017_b",17.316093864016,17.316093864016,2.99367641845903e-21,2.99367641845903e-21,4.82954409878502e-18,4.82954409878502e-18
"Lcu.1GRN.Chr3p239686768",3,239686768,1,0.459627329192547,20.5237951436296,20.5237951436296,"GLM","DTF_Sask_2017_b",17.316093864016,17.316093864016,2.99367641845903e-21,2.99367641845903e-21,4.82954409878502e-18,4.82954409878502e-18
"Lcu.1GRN.Chr3p239915361",3,239915361,1,0.459627329192547,20.5237951436296,20.5237951436296,"GLM","DTF_Sask_2017_b",17.316093864016,17.316093864016,2.99367641845903e-21,2.99367641845903e-21,4.82954409878502e-18,4.82954409878502e-18
"Lcu.1GRN.Chr4p180959218",4,180959218,1,0.451863354037267,20.5225952912845,20.5225952912845,"GLM","DTF_Sask_2017_b",17.316093864016,17.316093864016,3.00195866995586e-21,3.00195866995586e-21,4.82954409878502e-18,4.82954409878502e-18
"Lcu.1GRN.Chr1p371779951",1,371779951,2,0.353225806451613,20.521366600728,5.59165857685664,"GLM;MLM","Cotyledon_Color_RvsY",17.2224399235098,2.83422252110091,3.01046373046849e-21,2.56059812500627e-06,5.99183818713902e-18,0.00146479712502378
"Lcu.1GRN.Chr6p278097942",6,278097942,1,0.236024844720497,20.5206879511139,20.5206879511139,"GLM","DTF_Sask_2017_b",17.316093864016,17.316093864016,3.01517170455144e-21,3.01517170455144e-21,4.82954409878502e-18,4.82954409878502e-18
"Lcu.1GRN.Chr5p441076607",5,441076607,1,0.313664596273292,20.5161503130611,20.5161503130611,"GLM","DTF_Sask_2017_b",17.3153299201329,17.3153299201329,3.04684026945274e-21,3.04684026945274e-21,4.83804696430633e-18,4.83804696430633e-18
"Lcu.1GRN.Chr6p278579489",6,278579489,1,0.236024844720497,20.515807441036,20.515807441036,"GLM","DTF_Sask_2017_b",17.3153299201329,17.3153299201329,3.04924667530686e-21,3.04924667530686e-21,4.83804696430633e-18,4.83804696430633e-18
"Lcu.1GRN.Chr5p405109117",5,405109117,1,0.313664596273292,20.5112998297647,20.5112998297647,"GLM","DTF_Sask_2017_b",17.3137067815056,17.3137067815056,3.08106010261744e-21,3.08106010261744e-21,4.8561625843735e-18,4.8561625843735e-18
"Lcu.1GRN.Chr5p37198812",5,37198812,1,0.380434782608696,20.5101063899883,20.5101063899883,"GLM","DTF_Sask_2017_b",17.3137067815056,17.3137067815056,3.08953848937598e-21,3.08953848937598e-21,4.8561625843735e-18,4.8561625843735e-18
"Lcu.1GRN.Chr2p44193395",2,44193395,2,0.0756172839506173,20.4933989007959,7.87261806577525,"GLM","DTF_Nepal_2017;DTF_Sask_2017",16.0079782041223,4.62876514177594,3.21071013689421e-21,1.34085536561351e-08,9.81797215106086e-17,2.35090380137227e-05
"Lcu.1GRN.Chr2p44193751",2,44193751,2,0.0756172839506173,20.4933989007959,7.87261806577525,"GLM","DTF_Nepal_2017;DTF_Sask_2017",16.0079782041223,4.62876514177594,3.21071013689421e-21,1.34085536561351e-08,9.81797215106086e-17,2.35090380137227e-05
"Lcu.1GRN.Chr5p401488020",5,401488020,1,0.312111801242236,20.4919276051359,20.4919276051359,"GLM","DTF_Sask_2017_b",17.3030450489272,17.3030450489272,3.22160577317956e-21,3.22160577317956e-21,4.97685457892329e-18,4.97685457892329e-18
"Lcu.1GRN.Chr4p417889024",4,417889024,1,0.315217391304348,20.4912431122324,20.4912431122324,"GLM","DTF_Sask_2017_b",17.3030450489272,17.3030450489272,3.22668735970534e-21,3.22668735970534e-21,4.97685457892329e-18,4.97685457892329e-18
"Lcu.1GRN.Chr3p238633362",3,238633362,1,0.493788819875776,20.4889393247122,20.4889393247122,"GLM","DTF_Sask_2017_b",17.3030450489272,17.3030450489272,3.24384934007121e-21,3.24384934007121e-21,4.97685457892329e-18,4.97685457892329e-18
"Lcu.1GRN.Chr2p126729106",2,126729106,1,0.399068322981366,20.4881456684251,20.4881456684251,"GLM","DTF_Sask_2017_b",17.3030450489272,17.3030450489272,3.24978276857371e-21,3.24978276857371e-21,4.97685457892329e-18,4.97685457892329e-18
"Lcu.1GRN.Chr4p440191073",4,440191073,1,0.326086956521739,20.4868314058389,20.4868314058389,"GLM","DTF_Sask_2017_b",17.3030450489272,17.3030450489272,3.2596321614722e-21,3.2596321614722e-21,4.97685457892329e-18,4.97685457892329e-18
"Lcu.1GRN.Chr5p399772488",5,399772488,1,0.309006211180124,20.4857263921447,20.4857263921447,"GLM","DTF_Sask_2017_b",17.3030450489272,17.3030450489272,3.26793649086139e-21,3.26793649086139e-21,4.97685457892329e-18,4.97685457892329e-18
"Lcu.1GRN.Chr4p438273611",4,438273611,1,0.31055900621118,20.485466157074,20.485466157074,"GLM","DTF_Sask_2017_b",17.3030450489272,17.3030450489272,3.26989526898312e-21,3.26989526898312e-21,4.97685457892329e-18,4.97685457892329e-18
"Lcu.1GRN.Chr5p388818301",5,388818301,1,0.315217391304348,20.4809642129701,20.4809642129701,"GLM","DTF_Sask_2017_b",17.3022130771743,17.3022130771743,3.30396765494564e-21,3.30396765494564e-21,4.98639780634422e-18,4.98639780634422e-18
"Lcu.1GRN.Chr3p238745856",3,238745856,1,0.493788819875776,20.4792263165144,20.4792263165144,"GLM","DTF_Sask_2017_b",17.3022130771743,17.3022130771743,3.31721548082003e-21,3.31721548082003e-21,4.98639780634422e-18,4.98639780634422e-18
"Lcu.1GRN.Chr6p277838962",6,277838962,1,0.239130434782609,20.4768509047345,20.4768509047345,"GLM","DTF_Sask_2017_b",17.3022130771743,17.3022130771743,3.33540899213804e-21,3.33540899213804e-21,4.98639780634422e-18,4.98639780634422e-18
"Lcu.1GRN.Chr2p54578341",2,54578341,1,0.225155279503106,20.4768439408948,20.4768439408948,"GLM","DTF_Sask_2017_b",17.3022130771743,17.3022130771743,3.33546247529469e-21,3.33546247529469e-21,4.98639780634422e-18,4.98639780634422e-18
"Lcu.1GRN.Chr1p361330005",1,361330005,2,0.193548387096774,20.476500715491,11.4131315018283,"GLM;MLM","Cotyledon_Color_RvsY",17.1801362550374,8.31119975662745,3.33809955220665e-21,3.86250005103981e-12,6.60486195339468e-18,4.88427652130868e-09
"Lcu.1GRN.Chr5p404862369",5,404862369,1,0.31832298136646,20.4668209137577,20.4668209137577,"GLM","DTF_Sask_2017_b",17.2977500141121,17.2977500141121,3.41333635391119e-21,3.41333635391119e-21,5.03790514104812e-18,5.03790514104812e-18
"Lcu.1GRN.Chr2p566266665",2,566266665,1,0.240683229813665,20.4659178625433,20.4659178625433,"GLM","DTF_Sask_2017_b",17.2977500141121,17.2977500141121,3.42044126683657e-21,3.42044126683657e-21,5.03790514104812e-18,5.03790514104812e-18
"Lcu.1GRN.Chr3p226308272",3,226308272,1,0.468944099378882,20.4619701234323,20.4619701234323,"GLM","DTF_Sask_2017_b",17.2977500141121,17.2977500141121,3.45167483742973e-21,3.45167483742973e-21,5.03790514104812e-18,5.03790514104812e-18
"Lcu.1GRN.Chr5p405116671",5,405116671,1,0.313664596273292,20.461135539072,20.461135539072,"GLM","DTF_Sask_2017_b",17.2977500141121,17.2977500141121,3.45831430365885e-21,3.45831430365885e-21,5.03790514104812e-18,5.03790514104812e-18
"Lcu.1GRN.Chr2p53454211",2,53454211,1,0.231366459627329,20.4557218366714,20.4557218366714,"GLM","DTF_Sask_2017_b",17.2977500141121,17.2977500141121,3.50169376859893e-21,3.50169376859893e-21,5.03790514104812e-18,5.03790514104812e-18
"Lcu.1GRN.Chr6p278593570",6,278593570,1,0.237577639751553,20.449125578968,20.449125578968,"GLM","DTF_Sask_2017_b",17.2977500141121,17.2977500141121,3.55528500413048e-21,3.55528500413048e-21,5.03790514104812e-18,5.03790514104812e-18
"Lcu.1GRN.Chr5p441071887",5,441071887,1,0.305900621118012,20.4486361591051,20.4486361591051,"GLM","DTF_Sask_2017_b",17.2977500141121,17.2977500141121,3.55929382299758e-21,3.55929382299758e-21,5.03790514104812e-18,5.03790514104812e-18
"Lcu.1GRN.Chr5p398808011",5,398808011,1,0.31055900621118,20.4456485943005,20.4456485943005,"GLM","DTF_Sask_2017_b",17.2977500141121,17.2977500141121,3.58386305056251e-21,3.58386305056251e-21,5.03790514104812e-18,5.03790514104812e-18
"Lcu.1GRN.Chr5p401813822",5,401813822,1,0.31055900621118,20.4456485943005,20.4456485943005,"GLM","DTF_Sask_2017_b",17.2977500141121,17.2977500141121,3.58386305056251e-21,3.58386305056251e-21,5.03790514104812e-18,5.03790514104812e-18
"Lcu.1GRN.Chr5p401889495",5,401889495,1,0.31055900621118,20.4456485943005,20.4456485943005,"GLM","DTF_Sask_2017_b",17.2977500141121,17.2977500141121,3.58386305056251e-21,3.58386305056251e-21,5.03790514104812e-18,5.03790514104812e-18
"Lcu.1GRN.Chr5p403340209",5,403340209,1,0.31055900621118,20.4456485943005,20.4456485943005,"GLM","DTF_Sask_2017_b",17.2977500141121,17.2977500141121,3.58386305056251e-21,3.58386305056251e-21,5.03790514104812e-18,5.03790514104812e-18
"Lcu.1GRN.Chr5p403709075",5,403709075,1,0.31055900621118,20.4456485943005,20.4456485943005,"GLM","DTF_Sask_2017_b",17.2977500141121,17.2977500141121,3.58386305056251e-21,3.58386305056251e-21,5.03790514104812e-18,5.03790514104812e-18
"Lcu.1GRN.Chr5p403712902",5,403712902,1,0.31055900621118,20.4456485943005,20.4456485943005,"GLM","DTF_Sask_2017_b",17.2977500141121,17.2977500141121,3.58386305056251e-21,3.58386305056251e-21,5.03790514104812e-18,5.03790514104812e-18
"Lcu.1GRN.Chr5p404117831",5,404117831,1,0.31055900621118,20.4456485943005,20.4456485943005,"GLM","DTF_Sask_2017_b",17.2977500141121,17.2977500141121,3.58386305056251e-21,3.58386305056251e-21,5.03790514104812e-18,5.03790514104812e-18
"Lcu.1GRN.Chr3p345158469",3,345158469,1,0.487577639751553,20.4436173079699,20.4436173079699,"GLM","DTF_Sask_2017_b",17.2977500141121,17.2977500141121,3.60066479131715e-21,3.60066479131715e-21,5.03790514104812e-18,5.03790514104812e-18
"Lcu.1GRN.Chr5p391128705",5,391128705,1,0.319875776397516,20.4384472403505,20.4384472403505,"GLM","DTF_Sask_2017_b",17.2977500141121,17.2977500141121,3.64378513386989e-21,3.64378513386989e-21,5.03790514104812e-18,5.03790514104812e-18
"Lcu.1GRN.Chr2p573746576",2,573746576,1,0.270186335403727,20.4342216535101,20.4342216535101,"GLM","DTF_Sask_2017_b",17.2977500141121,17.2977500141121,3.6794113736203e-21,3.6794113736203e-21,5.03790514104812e-18,5.03790514104812e-18
"Lcu.1GRN.Chr5p403339763",5,403339763,1,0.31055900621118,20.4330315426678,20.4330315426678,"GLM","DTF_Sask_2017_b",17.2977500141121,17.2977500141121,3.68950800819599e-21,3.68950800819599e-21,5.03790514104812e-18,5.03790514104812e-18
"Lcu.1GRN.Chr5p402893859",5,402893859,1,0.322981366459627,20.4328833845075,20.4328833845075,"GLM","DTF_Sask_2017_b",17.2977500141121,17.2977500141121,3.6907668866602e-21,3.6907668866602e-21,5.03790514104812e-18,5.03790514104812e-18
"Lcu.1GRN.Chr2p549083477",2,549083477,1,0.25,20.4296410467455,20.4296410467455,"GLM","DTF_Sask_2017_b",17.2977500141121,17.2977500141121,3.71842437487631e-21,3.71842437487631e-21,5.03790514104812e-18,5.03790514104812e-18
"Lcu.1GRN.Chr6p277101732",6,277101732,1,0.234472049689441,20.4283640488482,20.4283640488482,"GLM","DTF_Sask_2017_b",17.2977500141121,17.2977500141121,3.72937410661861e-21,3.72937410661861e-21,5.03790514104812e-18,5.03790514104812e-18
"Lcu.1GRN.Chr6p278087368",6,278087368,1,0.234472049689441,20.4283640488482,20.4283640488482,"GLM","DTF_Sask_2017_b",17.2977500141121,17.2977500141121,3.72937410661861e-21,3.72937410661861e-21,5.03790514104812e-18,5.03790514104812e-18
"Lcu.1GRN.Chr6p278854042",6,278854042,1,0.234472049689441,20.4283640488482,20.4283640488482,"GLM","DTF_Sask_2017_b",17.2977500141121,17.2977500141121,3.72937410661861e-21,3.72937410661861e-21,5.03790514104812e-18,5.03790514104812e-18
"Lcu.1GRN.Chr6p278860209",6,278860209,1,0.234472049689441,20.4283640488482,20.4283640488482,"GLM","DTF_Sask_2017_b",17.2977500141121,17.2977500141121,3.72937410661861e-21,3.72937410661861e-21,5.03790514104812e-18,5.03790514104812e-18
"Lcu.1GRN.Chr2p53354546",2,53354546,1,0.228260869565217,20.4199197910057,20.4199197910057,"GLM","DTF_Sask_2017_b",17.2927801306548,17.2927801306548,3.80259619237425e-21,3.80259619237425e-21,5.09588794199342e-18,5.09588794199342e-18
"Lcu.1GRN.Chr2p54045530",2,54045530,1,0.228260869565217,20.4199197910057,20.4199197910057,"GLM","DTF_Sask_2017_b",17.2927801306548,17.2927801306548,3.80259619237425e-21,3.80259619237425e-21,5.09588794199342e-18,5.09588794199342e-18
"Lcu.1GRN.Chr1p367422375",1,367422375,2,0.382258064516129,20.4195156218897,18.8787750048233,"GLM;MLM","Cotyledon_Color_RvsY",17.12569835045,15.1780364256923,3.80613666403423e-21,1.32198033587558e-19,7.48689339924679e-18,6.63687402443974e-16
"Lcu.1GRN.Chr1p366870836",1,366870836,2,0.338709677419355,20.4133045665927,20.1106168468746,"MLM;GLM","Cotyledon_Color_RvsY",16.8527912126249,16.4992750414806,3.86096116552055e-21,7.75145362541287e-21,1.40348827036505e-17,3.16756079112842e-17
"Lcu.1GRN.Chr6p275730843",6,275730843,1,0.237577639751553,20.4119241320697,20.4119241320697,"GLM","DTF_Sask_2017_b",17.2884665072614,17.2884665072614,3.87325301785036e-21,3.87325301785036e-21,5.14675497196114e-18,5.14675497196114e-18
"Lcu.1GRN.Chr3p239744719",3,239744719,1,0.456521739130435,20.4111996516645,20.4111996516645,"GLM","DTF_Sask_2017_b",17.2884665072614,17.2884665072614,3.87971968475037e-21,3.87971968475037e-21,5.14675497196114e-18,5.14675497196114e-18
"Lcu.1GRN.Chr5p403340471",5,403340471,1,0.319875776397516,20.4104461724734,20.4104461724734,"GLM","DTF_Sask_2017_b",17.2884665072614,17.2884665072614,3.88645664669284e-21,3.88645664669284e-21,5.14675497196114e-18,5.14675497196114e-18
"Lcu.1GRN.Chr3p448586972",3,448586972,1,0.245341614906832,20.4068009731812,20.4068009731812,"FarmCPU","DTF_Sask_2017_b",15.5789575956853,15.5789575956853,3.91921444223687e-21,3.91921444223687e-21,2.63658880858378e-16,2.63658880858378e-16
"Lcu.1GRN.Chr2p411914323",2,411914323,1,0.290372670807453,20.4042822391557,20.4042822391557,"GLM","DTF_Sask_2017_b",17.2840090377577,17.2840090377577,3.94201035573221e-21,3.94201035573221e-21,5.19985175422187e-18,5.19985175422187e-18
"Lcu.1GRN.Chr3p238747004",3,238747004,1,0.5,20.3966152530333,20.3966152530333,"GLM","DTF_Sask_2017_b",17.2796083992067,17.2796083992067,4.01222007870293e-21,4.01222007870293e-21,5.2528088947821e-18,5.2528088947821e-18
"Lcu.1GRN.Chr4p440091941",4,440091941,1,0.322981366459627,20.3938430939493,20.3938430939493,"GLM","DTF_Sask_2017_b",17.2796083992067,17.2796083992067,4.0379125217037e-21,4.0379125217037e-21,5.2528088947821e-18,5.2528088947821e-18
"Lcu.1GRN.Chr5p415384237",5,415384237,1,0.304347826086957,20.3914267952009,20.3914267952009,"GLM","DTF_Sask_2017_b",17.2796083992067,17.2796083992067,4.06044100390393e-21,4.06044100390393e-21,5.2528088947821e-18,5.2528088947821e-18
"Lcu.1GRN.Chr5p416287819",5,416287819,1,0.304347826086957,20.3914267952009,20.3914267952009,"GLM","DTF_Sask_2017_b",17.2796083992067,17.2796083992067,4.06044100390393e-21,4.06044100390393e-21,5.2528088947821e-18,5.2528088947821e-18
"Lcu.1GRN.Chr5p416744251",5,416744251,1,0.304347826086957,20.3914267952009,20.3914267952009,"GLM","DTF_Sask_2017_b",17.2796083992067,17.2796083992067,4.06044100390393e-21,4.06044100390393e-21,5.2528088947821e-18,5.2528088947821e-18
"Lcu.1GRN.Chr6p278090416",6,278090416,1,0.237577639751553,20.3887187771365,20.3887187771365,"GLM","DTF_Sask_2017_b",17.2796083992067,17.2796083992067,4.08583874918033e-21,4.08583874918033e-21,5.2528088947821e-18,5.2528088947821e-18
"Lcu.1GRN.Chr6p278118708",6,278118708,1,0.231366459627329,20.3881204897188,20.3881204897188,"GLM","DTF_Sask_2017_b",17.2796083992067,17.2796083992067,4.09147131089824e-21,4.09147131089824e-21,5.2528088947821e-18,5.2528088947821e-18
"Lcu.1GRN.Chr6p278855445",6,278855445,1,0.236024844720497,20.3756364402833,20.3756364402833,"GLM","DTF_Sask_2017_b",17.2687788069412,17.2687788069412,4.21078977542096e-21,4.21078977542096e-21,5.38544001668829e-18,5.38544001668829e-18
"Lcu.1GRN.Chr5p441841454",5,441841454,1,0.332298136645963,20.3731173550192,20.3731173550192,"GLM","DTF_Sask_2017_b",17.2679079000571,17.2679079000571,4.23528504747675e-21,4.23528504747675e-21,5.39625047562353e-18,5.39625047562353e-18
"Lcu.1GRN.Chr2p549083744",2,549083744,1,0.214285714285714,20.370658248699,20.370658248699,"GLM","DTF_Sask_2017_b",17.2670907408039,17.2670907408039,4.25933453204812e-21,4.25933453204812e-21,5.40641350392992e-18,5.40641350392992e-18
"Lcu.1GRN.Chr5p418421181",5,418421181,1,0.305900621118012,20.3680468020125,20.3680468020125,"GLM","DTF_Sask_2017_b",17.2661150568117,17.2661150568117,4.28502340090373e-21,4.28502340090373e-21,5.41857318154806e-18,5.41857318154806e-18
"Lcu.1GRN.Chr2p580038482",2,580038482,1,0.279503105590062,20.3639188750153,20.3639188750153,"GLM","DTF_Sask_2017_b",17.2646531609521,17.2646531609521,4.32594630945489e-21,4.32594630945489e-21,5.43684358850384e-18,5.43684358850384e-18
"Lcu.1GRN.Chr2p411833330",2,411833330,1,0.287267080745342,20.3633317487552,20.3633317487552,"GLM","DTF_Sask_2017_b",17.2646531609521,17.2646531609521,4.33179854658462e-21,4.33179854658462e-21,5.43684358850384e-18,5.43684358850384e-18
"Lcu.1GRN.Chr1p361407429",1,361407429,2,0.209677419354839,20.3543813858068,10.4605878768273,"GLM;MLM","Cotyledon_Color_RvsY",17.0630964508824,7.40944568331982,4.4219987369248e-21,3.46267812349109e-11,8.64775842525108e-18,3.89542024202116e-08
"Lcu.1GRN.Chr4p417442189",4,417442189,1,0.327639751552795,20.3514855652451,20.3514855652451,"GLM","DTF_Sask_2017_b",17.2544244634156,17.2544244634156,4.45158258511213e-21,4.45158258511213e-21,5.56641442158518e-18,5.56641442158518e-18
"Lcu.1GRN.Chr4p439980818",4,439980818,1,0.321428571428571,20.3432505421335,20.3432505421335,"GLM","DTF_Sask_2017_b",17.2492180511692,17.2492180511692,4.53679815714139e-21,4.53679815714139e-21,5.63354734889143e-18,5.63354734889143e-18
"Lcu.1GRN.Chr5p391174892",5,391174892,1,0.315217391304348,20.3430621421267,20.3430621421267,"GLM","DTF_Sask_2017_b",17.2492180511692,17.2492180511692,4.53876667910222e-21,4.53876667910222e-21,5.63354734889143e-18,5.63354734889143e-18
"Lcu.1GRN.Chr5p441074337",5,441074337,1,0.307453416149068,20.3399498644292,20.3399498644292,"GLM","DTF_Sask_2017_b",17.2477053866315,17.2477053866315,4.57140959569488e-21,4.57140959569488e-21,5.65320342454081e-18,5.65320342454081e-18
"Lcu.1GRN.Chr3p238756910",3,238756910,1,0.5,20.3346109397671,20.3346109397671,"GLM","DTF_Sask_2017_b",17.2469201990481,17.2469201990481,4.62795428392591e-21,4.62795428392591e-21,5.66343344207962e-18,5.66343344207962e-18
"Lcu.1GRN.Chr5p389136953",5,389136953,1,0.313664596273292,20.3339009930331,20.3339009930331,"GLM","DTF_Sask_2017_b",17.2469201990481,17.2469201990481,4.63552584685605e-21,4.63552584685605e-21,5.66343344207962e-18,5.66343344207962e-18
"Lcu.1GRN.Chr6p278086334",6,278086334,1,0.236024844720497,20.3317325997087,20.3317325997087,"GLM","DTF_Sask_2017_b",17.2469201990481,17.2469201990481,4.65872848702893e-21,4.65872848702893e-21,5.66343344207962e-18,5.66343344207962e-18
"Lcu.1GRN.Chr4p488684811",4,488684811,1,0.274844720496894,20.3310022853706,20.3310022853706,"GLM","DTF_Sask_2017_b",17.2469201990481,17.2469201990481,4.66656924637675e-21,4.66656924637675e-21,5.66343344207962e-18,5.66343344207962e-18
"Lcu.1GRN.Chr4p439971065",4,439971065,1,0.326086956521739,20.3306162227766,20.3306162227766,"GLM","DTF_Sask_2017_b",17.2469201990481,17.2469201990481,4.67071940000334e-21,4.67071940000334e-21,5.66343344207962e-18,5.66343344207962e-18
"Lcu.1GRN.Chr1p367886017",1,367886017,2,0.359677419354839,20.3304895202972,17.7558111066383,"GLM;MLM","Cotyledon_Color_RvsY",17.046292083009,14.1832402342458,4.6720822496069e-21,1.7546435058764e-18,8.98892831429345e-18,6.55782413490142e-15
"Lcu.1GRN.Chr1p355044557",1,355044557,2,0.4,20.330292553578,8.7064392577544,"GLM;MLM","Cotyledon_Color_RvsY",17.046292083009,5.74782759998952,4.67420167194167e-21,1.96589691993165e-09,8.98892831429345e-18,1.78719688990986e-06
"Lcu.1GRN.Chr1p368572365",1,368572365,2,0.370967741935484,20.3300674161545,18.4212607700907,"GLM;MLM","Cotyledon_Color_RvsY",17.046292083009,14.7809381134313,4.67662539726356e-21,3.7908729542919e-19,8.98892831429345e-18,1.6560059259952e-15
"Lcu.1GRN.Chr2p401971983",2,401971983,1,0.281055900621118,20.3296887849619,20.3296887849619,"GLM","DTF_Sask_2017_b",17.2469201990481,17.2469201990481,4.68070439995045e-21,4.68070439995045e-21,5.66343344207962e-18,5.66343344207962e-18
"Lcu.1GRN.Chr2p54307554",2,54307554,1,0.229813664596273,20.31972930514,20.31972930514,"GLM","DTF_Sask_2017_b",17.2385201265817,17.2385201265817,4.78928514470971e-21,4.78928514470971e-21,5.77404113358627e-18,5.77404113358627e-18
"Lcu.1GRN.Chr3p241036245",3,241036245,1,0.454968944099379,20.3145382685821,20.3145382685821,"GLM","DTF_Sask_2017_b",17.234981852145,17.234981852145,4.84687401704401e-21,4.84687401704401e-21,5.82127542614851e-18,5.82127542614851e-18
"Lcu.1GRN.Chr2p402145896",2,402145896,1,0.282608695652174,20.3130889140718,20.3130889140718,"GLM","DTF_Sask_2017_b",17.234981852145,17.234981852145,4.86307632659485e-21,4.86307632659485e-21,5.82127542614851e-18,5.82127542614851e-18
"Lcu.1GRN.Chr1p437562478",1,437562478,1,0.270186335403727,20.3113956411248,20.3113956411248,"GLM","DTF_Sask_2017_b",17.2348313676123,17.2348313676123,4.88207401044101e-21,4.88207401044101e-21,5.82329286762415e-18,5.82329286762415e-18
"Lcu.1GRN.Chr5p404330565",5,404330565,1,0.313664596273292,20.3096968246486,20.3096968246486,"GLM","DTF_Sask_2017_b",17.234669878341,17.234669878341,4.90120846985669e-21,4.90120846985669e-21,5.82545861971833e-18,5.82545861971833e-18
"Lcu.1GRN.Chr2p556019181",2,556019181,1,0.245341614906832,20.2989679393079,20.2989679393079,"GLM","DTF_Sask_2017_b",17.2254728975231,17.2254728975231,5.02379675062804e-21,5.02379675062804e-21,5.95013887893839e-18,5.95013887893839e-18
"Lcu.1GRN.Chr1p354861007",1,354861007,2,0.383870967741936,20.2897525193799,8.53600072193509,"GLM;MLM","Cotyledon_Color_RvsY",17.0084518053622,5.58552869030901,5.13153718867373e-21,2.91071227953615e-09,9.80727141785577e-18,2.59699617329108e-06
"Lcu.1GRN.Chr3p236775828",3,236775828,1,0.46583850931677,20.2776089638621,20.2776089638621,"GLM","DTF_Sask_2017_b",17.2056404420388,17.2056404420388,5.27704789796346e-21,5.27704789796346e-21,6.22815708875185e-18,6.22815708875185e-18
"Lcu.1GRN.Chr4p181401724",4,181401724,1,0.454968944099379,20.2743805659547,20.2743805659547,"GLM","DTF_Sask_2017_b",17.2039332172519,17.2039332172519,5.31642184754853e-21,5.31642184754853e-21,6.25268834823202e-18,6.25268834823202e-18
"Lcu.1GRN.Chr2p572729078",2,572729078,2,0.288819875776398,20.2689054573828,9.90640021302858,"GLM;BLINK","DTF_Sask_2017_b",17.1999739722849,4.98164682252467,5.38386972523611e-21,1.2405086215522e-10,6.30995159536061e-18,1.04316540876413e-05
"Lcu.1GRN.Chr2p411832832",2,411832832,1,0.281055900621118,20.2607276816836,20.2607276816836,"GLM","DTF_Sask_2017_b",17.193306787611,17.193306787611,5.48620862175074e-21,5.48620862175074e-21,6.4075678315015e-18,6.4075678315015e-18
"Lcu.1GRN.Chr2p411814071",2,411814071,1,0.288819875776398,20.2575026011741,20.2575026011741,"GLM","DTF_Sask_2017_b",17.1917772288019,17.1917772288019,5.52710097518958e-21,5.52710097518958e-21,6.43017468315708e-18,6.43017468315708e-18
"Lcu.1GRN.Chr3p351560002",3,351560002,1,0.349378881987578,20.2532077591854,20.2532077591854,"GLM","DTF_Sask_2017_b",17.1917772288019,17.1917772288019,5.58203095869056e-21,5.58203095869056e-21,6.43017468315708e-18,6.43017468315708e-18
"Lcu.1GRN.Chr3p351644399",3,351644399,1,0.349378881987578,20.2532077591854,20.2532077591854,"GLM","DTF_Sask_2017_b",17.1917772288019,17.1917772288019,5.58203095869056e-21,5.58203095869056e-21,6.43017468315708e-18,6.43017468315708e-18
"Lcu.1GRN.Chr3p351714281",3,351714281,1,0.349378881987578,20.2532077591854,20.2532077591854,"GLM","DTF_Sask_2017_b",17.1917772288019,17.1917772288019,5.58203095869056e-21,5.58203095869056e-21,6.43017468315708e-18,6.43017468315708e-18
"Lcu.1GRN.Chr5p402894975",5,402894975,1,0.312111801242236,20.2484836037985,20.2484836037985,"GLM","DTF_Sask_2017_b",17.1904155615319,17.1904155615319,5.64308245638471e-21,5.64308245638471e-21,6.45036720075308e-18,6.45036720075308e-18
"Lcu.1GRN.Chr5p402893185",5,402893185,1,0.316770186335404,20.248231604329,20.248231604329,"GLM","DTF_Sask_2017_b",17.1904155615319,17.1904155615319,5.64635780640132e-21,5.64635780640132e-21,6.45036720075308e-18,6.45036720075308e-18
"Lcu.1GRN.Chr6p278148165",6,278148165,1,0.239130434782609,20.2474069273856,20.2474069273856,"GLM","DTF_Sask_2017_b",17.1904155615319,17.1904155615319,5.65708979841114e-21,5.65708979841114e-21,6.45036720075308e-18,6.45036720075308e-18
"Lcu.1GRN.Chr5p406327200",5,406327200,1,0.312111801242236,20.23237900425,20.23237900425,"GLM","DTF_Sask_2017_b",17.1781548005462,17.1781548005462,5.85626871003723e-21,5.85626871003723e-21,6.6350652703218e-18,6.6350652703218e-18
"Lcu.1GRN.Chr1p368964398",1,368964398,2,0.37258064516129,20.2273803048574,18.106573958407,"GLM;MLM","Cotyledon_Color_RvsY",16.9485401893873,14.4882455954538,5.92406336452971e-21,7.82394955360956e-19,1.1257962834671e-17,3.24903511049258e-15
"Lcu.1GRN.Chr2p546091303",2,546091303,1,0.246894409937888,20.226888779846,20.226888779846,"GLM","DTF_Sask_2017_b",17.1781548005462,17.1781548005462,5.93077188565136e-21,5.93077188565136e-21,6.6350652703218e-18,6.6350652703218e-18
"Lcu.1GRN.Chr2p553907642",2,553907642,1,0.246894409937888,20.226888779846,20.226888779846,"GLM","DTF_Sask_2017_b",17.1781548005462,17.1781548005462,5.93077188565136e-21,5.93077188565136e-21,6.6350652703218e-18,6.6350652703218e-18
"Lcu.1GRN.Chr2p556270939",2,556270939,1,0.246894409937888,20.226888779846,20.226888779846,"GLM","DTF_Sask_2017_b",17.1781548005462,17.1781548005462,5.93077188565136e-21,5.93077188565136e-21,6.6350652703218e-18,6.6350652703218e-18
"Lcu.1GRN.Chr2p556327489",2,556327489,1,0.246894409937888,20.226888779846,20.226888779846,"GLM","DTF_Sask_2017_b",17.1781548005462,17.1781548005462,5.93077188565136e-21,5.93077188565136e-21,6.6350652703218e-18,6.6350652703218e-18
"Lcu.1GRN.Chr4p357446214",4,357446214,1,0.343167701863354,20.2264016867842,20.2264016867842,"GLM","DTF_Sask_2017_b",17.1781548005462,17.1781548005462,5.93742741222195e-21,5.93742741222195e-21,6.6350652703218e-18,6.6350652703218e-18
"Lcu.1GRN.Chr3p351643874",3,351643874,1,0.350931677018634,20.2248393522964,20.2248393522964,"GLM","DTF_Sask_2017_b",17.1780329134216,17.1780329134216,5.95882522695918e-21,5.95882522695918e-21,6.63692769906151e-18,6.63692769906151e-18
"Lcu.1GRN.Chr3p224848669",3,224848669,1,0.462732919254658,20.2016317200348,20.2016317200348,"GLM","DTF_Sask_2017_b",17.1637600849206,17.1637600849206,6.28591175644314e-21,6.28591175644314e-21,6.8586701182318e-18,6.8586701182318e-18
"Lcu.1GRN.Chr1p356473222",1,356473222,2,0.47258064516129,20.201480871978,7.43159140477584,"GLM;MLM","Cotyledon_Color_RvsY",16.925087492455,4.54226775245648,6.28809548731943e-21,3.70176287206637e-08,1.18826281729392e-17,2.86901122577961e-05
"Lcu.1GRN.Chr4p418245589",4,418245589,1,0.332298136645963,20.1999965094404,20.1999965094404,"GLM","DTF_Sask_2017_b",17.1637600849206,17.1637600849206,6.30962415700636e-21,6.30962415700636e-21,6.8586701182318e-18,6.8586701182318e-18
"Lcu.1GRN.Chr4p416806856",4,416806856,1,0.330745341614907,20.199705051367,20.199705051367,"GLM","DTF_Sask_2017_b",17.1637600849206,17.1637600849206,6.31386001123712e-21,6.31386001123712e-21,6.8586701182318e-18,6.8586701182318e-18
"Lcu.1GRN.Chr4p439063592",4,439063592,1,0.322981366459627,20.1980052797721,20.1980052797721,"GLM","DTF_Sask_2017_b",17.1637600849206,17.1637600849206,6.33862005270719e-21,6.33862005270719e-21,6.8586701182318e-18,6.8586701182318e-18
"Lcu.1GRN.Chr4p439062790",4,439062790,1,0.319875776397516,20.1953170917494,20.1953170917494,"GLM","DTF_Sask_2017_b",17.1637600849206,17.1637600849206,6.37797640486845e-21,6.37797640486845e-21,6.8586701182318e-18,6.8586701182318e-18
"Lcu.1GRN.Chr3p238111817",3,238111817,1,0.478260869565217,20.1950949710814,20.1950949710814,"GLM","DTF_Sask_2017_b",17.1637600849206,17.1637600849206,6.38123926631928e-21,6.38123926631928e-21,6.8586701182318e-18,6.8586701182318e-18
"Lcu.1GRN.Chr2p54764579",2,54764579,1,0.240683229813665,20.1944967496299,20.1944967496299,"GLM","DTF_Sask_2017_b",17.1637600849206,17.1637600849206,6.39003519794898e-21,6.39003519794898e-21,6.8586701182318e-18,6.8586701182318e-18
"Lcu.1GRN.Chr1p362370694",1,362370694,3,0.183870967741935,20.1925399975404,5.42976555554932,"GLM;MLM;BLINK","Cotyledon_Color_RvsY",16.9185796466884,1.26468000973504,6.41889102249841e-21,3.71735848472408e-06,1.20620285841605e-17,0.0543650748448341
"Lcu.1GRN.Chr3p344528169",3,344528169,1,0.414596273291925,20.1906169417718,20.1906169417718,"GLM","DTF_Sask_2017_b",17.1637600849206,17.1637600849206,6.44737689019211e-21,6.44737689019211e-21,6.8586701182318e-18,6.8586701182318e-18
"Lcu.1GRN.Chr4p439061384",4,439061384,1,0.316770186335404,20.1892991370666,20.1892991370666,"GLM","DTF_Sask_2017_b",17.1637600849206,17.1637600849206,6.46697024801053e-21,6.46697024801053e-21,6.8586701182318e-18,6.8586701182318e-18
"Lcu.1GRN.Chr4p439061385",4,439061385,1,0.316770186335404,20.1892991370666,20.1892991370666,"GLM","DTF_Sask_2017_b",17.1637600849206,17.1637600849206,6.46697024801053e-21,6.46697024801053e-21,6.8586701182318e-18,6.8586701182318e-18
"Lcu.1GRN.Chr4p439061620",4,439061620,1,0.316770186335404,20.1892991370666,20.1892991370666,"GLM","DTF_Sask_2017_b",17.1637600849206,17.1637600849206,6.46697024801053e-21,6.46697024801053e-21,6.8586701182318e-18,6.8586701182318e-18
"Lcu.1GRN.Chr4p439062363",4,439062363,1,0.316770186335404,20.1892991370666,20.1892991370666,"GLM","DTF_Sask_2017_b",17.1637600849206,17.1637600849206,6.46697024801053e-21,6.46697024801053e-21,6.8586701182318e-18,6.8586701182318e-18
"Lcu.1GRN.Chr4p439062533",4,439062533,1,0.316770186335404,20.1892991370666,20.1892991370666,"GLM","DTF_Sask_2017_b",17.1637600849206,17.1637600849206,6.46697024801053e-21,6.46697024801053e-21,6.8586701182318e-18,6.8586701182318e-18
"Lcu.1GRN.Chr4p439146473",4,439146473,1,0.316770186335404,20.1892991370666,20.1892991370666,"GLM","DTF_Sask_2017_b",17.1637600849206,17.1637600849206,6.46697024801053e-21,6.46697024801053e-21,6.8586701182318e-18,6.8586701182318e-18
"Lcu.1GRN.Chr4p439206010",4,439206010,1,0.316770186335404,20.1892991370666,20.1892991370666,"GLM","DTF_Sask_2017_b",17.1637600849206,17.1637600849206,6.46697024801053e-21,6.46697024801053e-21,6.8586701182318e-18,6.8586701182318e-18
"Lcu.1GRN.Chr6p1140009",6,1140009,1,0.296583850931677,20.1881463467681,20.1881463467681,"GLM","DTF_Sask_2017_b",17.1637600849206,17.1637600849206,6.48415896207926e-21,6.48415896207926e-21,6.8586701182318e-18,6.8586701182318e-18
"Lcu.1GRN.Chr5p441116477",5,441116477,1,0.309006211180124,20.1835202527381,20.1835202527381,"GLM","DTF_Sask_2017_b",17.1604975539634,17.1604975539634,6.55359723303032e-21,6.55359723303032e-21,6.91038821467934e-18,6.91038821467934e-18
"Lcu.1GRN.Chr3p236125285",3,236125285,1,0.467391304347826,20.1807125464151,20.1807125464151,"GLM","DTF_Sask_2017_b",17.159707938177,17.159707938177,6.59610337862764e-21,6.59610337862764e-21,6.92296381785939e-18,6.92296381785939e-18
"Lcu.1GRN.Chr2p314230516",2,314230516,1,0.433229813664596,20.180016287604,20.180016287604,"GLM","DTF_Sask_2017_b",17.159707938177,17.159707938177,6.6066867009334e-21,6.6066867009334e-21,6.92296381785939e-18,6.92296381785939e-18
"Lcu.1GRN.Chr1p99875893",1,99875893,1,0.375806451612903,20.1785188198206,20.1785188198206,"GLM","Cotyledon_Color_RvsY",16.9069779430921,16.9069779430921,6.6295061858802e-21,6.6295061858802e-21,1.23885950401442e-17,1.23885950401442e-17
"Lcu.1GRN.Chr4p437386089",4,437386089,1,0.304347826086957,20.1742662283126,20.1742662283126,"GLM","DTF_Sask_2017_b",17.156482667992,17.156482667992,6.69474087052761e-21,6.69474087052761e-21,6.97456830728724e-18,6.97456830728724e-18
"Lcu.1GRN.Chr2p128147880",2,128147880,1,0.425465838509317,20.1740771173428,20.1740771173428,"GLM","DTF_Sask_2017_b",17.156482667992,17.156482667992,6.6976566907325e-21,6.6976566907325e-21,6.97456830728724e-18,6.97456830728724e-18
"Lcu.1GRN.Chr4p439803784",4,439803784,1,0.324534161490683,20.1727510396173,20.1727510396173,"GLM","DTF_Sask_2017_b",17.156482667992,17.156482667992,6.71813861514674e-21,6.71813861514674e-21,6.97456830728724e-18,6.97456830728724e-18
"Lcu.1GRN.Chr5p402894383",5,402894383,1,0.338509316770186,20.1661695034683,20.1661695034683,"GLM","DTF_Sask_2017_b",17.1512394826153,17.1512394826153,6.82072431933976e-21,6.82072431933976e-21,7.05928177576417e-18,7.05928177576417e-18
"Lcu.1GRN.Chr1p254231226",1,254231226,2,0.337096774193548,20.1634177142167,6.62065793161739,"GLM;MLM","Cotyledon_Color_RvsY",16.894282907254,3.78932622627571,6.86407919812554e-21,2.39520157393459e-07,1.27560758432922e-17,0.000162432816092673
"Lcu.1GRN.Chr2p401971046",2,401971046,1,0.290372670807453,20.1617244718729,20.1617244718729,"GLM","DTF_Sask_2017_b",17.148128690109,17.148128690109,6.89089334545585e-21,6.89089334545585e-21,7.11002798138328e-18,7.11002798138328e-18
"Lcu.1GRN.Chr4p419671888",4,419671888,1,0.332298136645963,20.1512582299617,20.1512582299617,"GLM","DTF_Sask_2017_b",17.1427579619707,17.1427579619707,7.05897705178094e-21,7.05897705178094e-21,7.19850048136179e-18,7.19850048136179e-18
"Lcu.1GRN.Chr4p419830674",4,419830674,1,0.332298136645963,20.1512582299617,20.1512582299617,"GLM","DTF_Sask_2017_b",17.1427579619707,17.1427579619707,7.05897705178094e-21,7.05897705178094e-21,7.19850048136179e-18,7.19850048136179e-18
"Lcu.1GRN.Chr5p403741193",5,403741193,1,0.304347826086957,20.1508888344933,20.1508888344933,"GLM","DTF_Sask_2017_b",17.1427579619707,17.1427579619707,7.06498372122822e-21,7.06498372122822e-21,7.19850048136179e-18,7.19850048136179e-18
"Lcu.1GRN.Chr4p418017839",4,418017839,1,0.291925465838509,20.1503948149896,20.1503948149896,"GLM","DTF_Sask_2017_b",17.1427579619707,17.1427579619707,7.07302486787325e-21,7.07302486787325e-21,7.19850048136179e-18,7.19850048136179e-18
"Lcu.1GRN.Chr2p546092190",2,546092190,1,0.248447204968944,20.1488765480664,20.1488765480664,"GLM","DTF_Sask_2017_b",17.1427579619707,17.1427579619707,7.09779500204197e-21,7.09779500204197e-21,7.19850048136179e-18,7.19850048136179e-18
"Lcu.1GRN.Chr2p553285343",2,553285343,1,0.236024844720497,20.1484332600986,20.1484332600986,"GLM","DTF_Sask_2017_b",17.1427579619707,17.1427579619707,7.10504347873636e-21,7.10504347873636e-21,7.19850048136179e-18,7.19850048136179e-18
"Lcu.1GRN.Chr1p360268981",1,360268981,2,0.229032258064516,20.1475995916234,11.0481523505214,"GLM;MLM","Cotyledon_Color_RvsY",16.8808575977766,7.96224805075476,7.11869536648399e-21,8.95050726640106e-12,1.31565615622974e-17,1.09081712959331e-08
"Lcu.1GRN.Chr2p132671949",2,132671949,1,0.263975155279503,20.141586916085,20.141586916085,"GLM","DTF_Sask_2017_b",17.1372177677594,17.1372177677594,7.21793694695408e-21,7.21793694695408e-21,7.29091830941773e-18,7.29091830941773e-18
"Lcu.1GRN.Chr1p437559322",1,437559322,1,0.251552795031056,20.1342667170927,20.1342667170927,"GLM","DTF_Sask_2017_b",17.1316315602894,17.1316315602894,7.34062913178982e-21,7.34062913178982e-21,7.38530506972738e-18,7.38530506972738e-18
"Lcu.1GRN.Chr2p566282801",2,566282801,1,0.243788819875776,20.1295282418436,20.1295282418436,"GLM","DTF_Sask_2017_b",17.1316315602894,17.1316315602894,7.42115936928371e-21,7.42115936928371e-21,7.38530506972738e-18,7.38530506972738e-18
"Lcu.1GRN.Chr2p566283161",2,566283161,1,0.243788819875776,20.1295282418436,20.1295282418436,"GLM","DTF_Sask_2017_b",17.1316315602894,17.1316315602894,7.42115936928371e-21,7.42115936928371e-21,7.38530506972738e-18,7.38530506972738e-18
"Lcu.1GRN.Chr2p566633917",2,566633917,1,0.243788819875776,20.1295282418436,20.1295282418436,"GLM","DTF_Sask_2017_b",17.1316315602894,17.1316315602894,7.42115936928371e-21,7.42115936928371e-21,7.38530506972738e-18,7.38530506972738e-18
"Lcu.1GRN.Chr2p566965014",2,566965014,1,0.243788819875776,20.1295282418436,20.1295282418436,"GLM","DTF_Sask_2017_b",17.1316315602894,17.1316315602894,7.42115936928371e-21,7.42115936928371e-21,7.38530506972738e-18,7.38530506972738e-18
"Lcu.1GRN.Chr1p360283960",1,360283960,2,0.230645161290323,20.1275953311686,11.4202913097415,"GLM;MLM","Cotyledon_Color_RvsY",16.8632330390672,8.31508185477943,7.45426226952269e-21,3.79934463911635e-12,1.37014635891396e-17,4.84081120540019e-09
"Lcu.1GRN.Chr3p238947302",3,238947302,1,0.490683229813665,20.1257621189334,20.1257621189334,"GLM","DTF_Sask_2017_b",17.1291484353046,17.1291484353046,7.48579416172863e-21,7.48579416172863e-21,7.42765228554033e-18,7.42765228554033e-18
"Lcu.1GRN.Chr1p361191061",1,361191061,2,0.148387096774194,20.124896249648,11.0237752271024,"GLM;MLM","Cotyledon_Color_RvsY",16.8629006908257,7.93944161433495,7.50073375970199e-21,9.4672702141777e-12,1.37119527855961e-17,1.14963078705138e-08
"Lcu.1GRN.Chr2p54764682",2,54764682,1,0.242236024844721,20.1216617251551,20.1216617251551,"GLM","DTF_Sask_2017_b",17.1272792873174,17.1272792873174,7.55680603111744e-21,7.55680603111744e-21,7.45968884358154e-18,7.45968884358154e-18
"Lcu.1GRN.Chr5p403719707",5,403719707,1,0.309006211180124,20.1199738548916,20.1199738548916,"GLM","DTF_Sask_2017_b",17.1272792873174,17.1272792873174,7.58623243788029e-21,7.58623243788029e-21,7.45968884358154e-18,7.45968884358154e-18
"Lcu.1GRN.Chr5p403741202",5,403741202,1,0.304347826086957,20.1165708507939,20.1165708507939,"GLM","DTF_Sask_2017_b",17.1272792873174,17.1272792873174,7.64590942910975e-21,7.64590942910975e-21,7.45968884358154e-18,7.45968884358154e-18
"Lcu.1GRN.Chr6p1139213",6,1139213,1,0.296583850931677,20.114114803604,20.114114803604,"GLM","DTF_Sask_2017_b",17.1272792873174,17.1272792873174,7.68927151319073e-21,7.68927151319073e-21,7.45968884358154e-18,7.45968884358154e-18
"Lcu.1GRN.Chr1p437359352",1,437359352,4,0.281055900621118,20.1137631943584,8.05552526046585,"GLM;BLINK;FarmCPU","DTF_Sask_2017_b;DTF_Sask_2017",17.1272792873174,3.37380991864824,7.69549934661484e-21,8.799839264862e-09,7.45968884358154e-18,0.000422853647714834
"Lcu.1GRN.Chr1p437368329",1,437368329,3,0.281055900621118,20.1137631943584,6.44295541256641,"GLM;FarmCPU","DTF_Sask_2017_b;DTF_Sask_2017",17.1272792873174,2.47244453150182,7.69549934661484e-21,3.60615664218773e-07,7.45968884358154e-18,0.00336942247572989
"Lcu.1GRN.Chr1p437368794",1,437368794,3,0.281055900621118,20.1137631943584,6.44295541256641,"GLM;FarmCPU","DTF_Sask_2017_b;DTF_Sask_2017",17.1272792873174,2.47244453150182,7.69549934661484e-21,3.60615664218773e-07,7.45968884358154e-18,0.00336942247572989
"Lcu.1GRN.Chr1p437369245",1,437369245,3,0.281055900621118,20.1137631943584,6.44295541256641,"GLM;FarmCPU","DTF_Sask_2017_b;DTF_Sask_2017",17.1272792873174,2.47244453150182,7.69549934661484e-21,3.60615664218773e-07,7.45968884358154e-18,0.00336942247572989
"Lcu.1GRN.Chr1p367578183",1,367578183,2,0.375806451612903,20.1078193677019,14.1918559276462,"GLM;MLM","Cotyledon_Color_RvsY",16.8527912126249,10.8980386562065,7.80154525888327e-21,6.42900957171995e-15,1.40348827036505e-17,1.26462377930452e-11
"Lcu.1GRN.Chr1p69356154",1,69356154,1,0.325806451612903,20.1077629879202,20.1077629879202,"GLM","Cotyledon_Color_RvsY",16.8527912126249,16.8527912126249,7.80255811534023e-21,7.80255811534023e-21,1.40348827036505e-17,1.40348827036505e-17
"Lcu.1GRN.Chr2p409547558",2,409547558,1,0.288819875776398,20.1028980463546,20.1028980463546,"GLM","DTF_Sask_2017_b",17.1194135350271,17.1194135350271,7.89045329748134e-21,7.89045329748134e-21,7.59602639150299e-18,7.59602639150299e-18
"Lcu.1GRN.Chr1p283453538",1,283453538,2,0.338709677419355,20.1014741611882,6.68929214006447,"GLM;MLM","Cotyledon_Color_RvsY",16.84881862862,3.85532567750983,7.91636552481311e-21,2.04506850265315e-07,1.41638517153447e-17,0.000139532161669763
"Lcu.1GRN.Chr6p1857185",6,1857185,1,0.484472049689441,20.1007968035096,20.1007968035096,"GLM","DTF_Sask_2017_b",17.1194135350271,17.1194135350271,7.92872210548038e-21,7.92872210548038e-21,7.59602639150299e-18,7.59602639150299e-18
"Lcu.1GRN.Chr2p411995411",2,411995411,1,0.293478260869565,20.1004028074503,20.1004028074503,"GLM","DTF_Sask_2017_b",17.1194135350271,17.1194135350271,7.93591838089583e-21,7.93591838089583e-21,7.59602639150299e-18,7.59602639150299e-18
"Lcu.1GRN.Chr5p418420936",5,418420936,1,0.391304347826087,20.1002967203007,20.1002967203007,"GLM","DTF_Sask_2017_b",17.1194135350271,17.1194135350271,7.93785716167936e-21,7.93785716167936e-21,7.59602639150299e-18,7.59602639150299e-18
"Lcu.1GRN.Chr5p404118662",5,404118662,1,0.307453416149068,20.0996842533809,20.0996842533809,"GLM","DTF_Sask_2017_b",17.1194135350271,17.1194135350271,7.94905947910779e-21,7.94905947910779e-21,7.59602639150299e-18,7.59602639150299e-18
"Lcu.1GRN.Chr1p368325479",1,368325479,2,0.375806451612903,20.0967570022827,11.3640158263379,"GLM;MLM","Cotyledon_Color_RvsY",16.8464054246241,8.26695472450846,8.0028190582985e-21,4.32498069873836e-12,1.42427737469984e-17,5.40810699885698e-09
"Lcu.1GRN.Chr3p226270645",3,226270645,1,0.46583850931677,20.088115636504,20.088115636504,"GLM","DTF_Sask_2017_b",17.1126785313845,17.1126785313845,8.16364974719859e-21,8.16364974719859e-21,7.71474309873156e-18,7.71474309873156e-18
"Lcu.1GRN.Chr2p412148240",2,412148240,1,0.270186335403727,20.0880419152435,20.0880419152435,"GLM","DTF_Sask_2017_b",17.1126785313845,17.1126785313845,8.16503564008489e-21,8.16503564008489e-21,7.71474309873156e-18,7.71474309873156e-18
"Lcu.1GRN.Chr2p412305371",2,412305371,1,0.270186335403727,20.0880419152435,20.0880419152435,"GLM","DTF_Sask_2017_b",17.1126785313845,17.1126785313845,8.16503564008489e-21,8.16503564008489e-21,7.71474309873156e-18,7.71474309873156e-18
"Lcu.1GRN.Chr2p412306079",2,412306079,1,0.270186335403727,20.0880419152435,20.0880419152435,"GLM","DTF_Sask_2017_b",17.1126785313845,17.1126785313845,8.16503564008489e-21,8.16503564008489e-21,7.71474309873156e-18,7.71474309873156e-18
"Lcu.1GRN.Chr5p418221150",5,418221150,1,0.350931677018634,20.0858858186831,20.0858858186831,"GLM","DTF_Sask_2017_b",17.1117406529634,17.1117406529634,8.20567253112652e-21,8.20567253112652e-21,7.73142143495079e-18,7.73142143495079e-18
"Lcu.1GRN.Chr3p346350734",3,346350734,1,0.427018633540373,20.0809809118433,20.0809809118433,"GLM","DTF_Sask_2017_b",17.1081643137034,17.1081643137034,8.29887242004146e-21,8.29887242004146e-21,7.79535120506556e-18,7.79535120506556e-18
"Lcu.1GRN.Chr4p440025664",4,440025664,1,0.333850931677019,20.0794341072724,20.0794341072724,"GLM","DTF_Sask_2017_b",17.1081643137034,17.1081643137034,8.3284827914896e-21,8.3284827914896e-21,7.79535120506556e-18,7.79535120506556e-18
"Lcu.1GRN.Chr5p416244170",5,416244170,1,0.302795031055901,20.0786751947679,20.0786751947679,"GLM","DTF_Sask_2017_b",17.1081643137034,17.1081643137034,8.34304921060508e-21,8.34304921060508e-21,7.79535120506556e-18,7.79535120506556e-18
"Lcu.1GRN.Chr4p436737315",4,436737315,1,0.302795031055901,20.0699842674769,20.0699842674769,"GLM","DTF_Sask_2017_b",17.1018794561782,17.1018794561782,8.51168871638944e-21,8.51168871638944e-21,7.9089812112314e-18,7.9089812112314e-18
"Lcu.1GRN.Chr4p437106351",4,437106351,1,0.302795031055901,20.0699842674769,20.0699842674769,"GLM","DTF_Sask_2017_b",17.1018794561782,17.1018794561782,8.51168871638944e-21,8.51168871638944e-21,7.9089812112314e-18,7.9089812112314e-18
"Lcu.1GRN.Chr3p344527283",3,344527283,1,0.416149068322981,20.063524801673,20.063524801673,"GLM","DTF_Sask_2017_b",17.0990042842976,17.0990042842976,8.63923322374851e-21,8.63923322374851e-21,7.96151496376059e-18,7.96151496376059e-18
"Lcu.1GRN.Chr3p344530558",3,344530558,1,0.416149068322981,20.063524801673,20.063524801673,"GLM","DTF_Sask_2017_b",17.0990042842976,17.0990042842976,8.63923322374851e-21,8.63923322374851e-21,7.96151496376059e-18,7.96151496376059e-18
"Lcu.1GRN.Chr3p344530595",3,344530595,1,0.416149068322981,20.063524801673,20.063524801673,"GLM","DTF_Sask_2017_b",17.0990042842976,17.0990042842976,8.63923322374851e-21,8.63923322374851e-21,7.96151496376059e-18,7.96151496376059e-18
"Lcu.1GRN.Chr2p411995432",2,411995432,1,0.285714285714286,20.0595850340598,20.0595850340598,"GLM","DTF_Sask_2017_b",17.0962527376223,17.0962527376223,8.71796188486782e-21,8.71796188486782e-21,8.01211662657741e-18,8.01211662657741e-18
"Lcu.1GRN.Chr4p439063600",4,439063600,1,0.319875776397516,20.0521156251896,20.0521156251896,"GLM","DTF_Sask_2017_b",17.0907818541848,17.0907818541848,8.86919849865408e-21,8.86919849865408e-21,8.11368505348935e-18,8.11368505348935e-18
"Lcu.1GRN.Chr2p551063870",2,551063870,1,0.245341614906832,20.0517474173432,20.0517474173432,"GLM","DTF_Sask_2017_b",17.0907818541848,17.0907818541848,8.87672125887522e-21,8.87672125887522e-21,8.11368505348935e-18,8.11368505348935e-18
"Lcu.1GRN.Chr4p419831953",4,419831953,1,0.33695652173913,20.03461627666,20.03461627666,"GLM","DTF_Sask_2017_b",17.0748292609872,17.0748292609872,9.23386930563142e-21,9.23386930563142e-21,8.41725993693042e-18,8.41725993693042e-18
"Lcu.1GRN.Chr4p440503708",4,440503708,1,0.22360248447205,20.032904541408,20.032904541408,"GLM","DTF_Sask_2017_b",17.0742928836431,17.0742928836431,9.27033564383892e-21,9.27033564383892e-21,8.42766213381396e-18,8.42766213381396e-18
"Lcu.1GRN.Chr4p439484588",4,439484588,1,0.321428571428571,20.0255894369754,20.0255894369754,"GLM","DTF_Sask_2017_b",17.0697716994535,17.0697716994535,9.42780438802377e-21,9.42780438802377e-21,8.51585583290437e-18,8.51585583290437e-18
"Lcu.1GRN.Chr4p440403887",4,440403887,1,0.313664596273292,20.0224615627392,20.0224615627392,"GLM","DTF_Sask_2017_b",17.0697716994535,17.0697716994535,9.49595039452538e-21,9.49595039452538e-21,8.51585583290437e-18,8.51585583290437e-18
"Lcu.1GRN.Chr4p488593845",4,488593845,1,0.298136645962733,20.0224008246074,20.0224008246074,"GLM","DTF_Sask_2017_b",17.0697716994535,17.0697716994535,9.49727854085217e-21,9.49727854085217e-21,8.51585583290437e-18,8.51585583290437e-18
"Lcu.1GRN.Chr3p332265230",3,332265230,1,0.372670807453416,20.0218031985138,20.0218031985138,"GLM","DTF_Sask_2017_b",17.0697716994535,17.0697716994535,9.51035659896335e-21,9.51035659896335e-21,8.51585583290437e-18,8.51585583290437e-18
"Lcu.1GRN.Chr4p439483104",4,439483104,1,0.31832298136646,20.0190932814482,20.0190932814482,"GLM","DTF_Sask_2017_b",17.0697716994535,17.0697716994535,9.56988499120857e-21,9.56988499120857e-21,8.51585583290437e-18,8.51585583290437e-18
"Lcu.1GRN.Chr4p439489994",4,439489994,1,0.31832298136646,20.0190932814482,20.0190932814482,"GLM","DTF_Sask_2017_b",17.0697716994535,17.0697716994535,9.56988499120857e-21,9.56988499120857e-21,8.51585583290437e-18,8.51585583290437e-18
"Lcu.1GRN.Chr4p439618735",4,439618735,1,0.31832298136646,20.0190932814482,20.0190932814482,"GLM","DTF_Sask_2017_b",17.0697716994535,17.0697716994535,9.56988499120857e-21,9.56988499120857e-21,8.51585583290437e-18,8.51585583290437e-18
"Lcu.1GRN.Chr4p439621651",4,439621651,1,0.31832298136646,20.0190932814482,20.0190932814482,"GLM","DTF_Sask_2017_b",17.0697716994535,17.0697716994535,9.56988499120857e-21,9.56988499120857e-21,8.51585583290437e-18,8.51585583290437e-18
"Lcu.1GRN.Chr2p132007165",2,132007165,1,0.267080745341615,20.0178591331151,20.0178591331151,"GLM","DTF_Sask_2017_b",17.0696849612513,17.0696849612513,9.59711871249466e-21,9.59711871249466e-21,8.51755680729734e-18,8.51755680729734e-18
"Lcu.1GRN.Chr4p439061307",4,439061307,1,0.319875776397516,20.0131119015271,20.0131119015271,"GLM","DTF_Sask_2017_b",17.0672234953709,17.0672234953709,9.70259935154679e-21,9.70259935154679e-21,8.56596912357412e-18,8.56596912357412e-18
"Lcu.1GRN.Chr4p439062136",4,439062136,1,0.319875776397516,20.0131119015271,20.0131119015271,"GLM","DTF_Sask_2017_b",17.0672234953709,17.0672234953709,9.70259935154679e-21,9.70259935154679e-21,8.56596912357412e-18,8.56596912357412e-18
"Lcu.1GRN.Chr4p436979071",4,436979071,1,0.304347826086957,20.0103000578335,20.0103000578335,"GLM","DTF_Sask_2017_b",17.0658718676128,17.0658718676128,9.76562272454123e-21,9.76562272454123e-21,8.59266998572759e-18,8.59266998572759e-18
"Lcu.1GRN.Chr2p133074492",2,133074492,1,0.267080745341615,20.0079267580708,20.0079267580708,"GLM","DTF_Sask_2017_b",17.0658718676128,17.0658718676128,9.81913524623887e-21,9.81913524623887e-21,8.59266998572759e-18,8.59266998572759e-18
"Lcu.1GRN.Chr3p238633864",3,238633864,1,0.490683229813665,20.0072140531585,20.0072140531585,"GLM","DTF_Sask_2017_b",17.0658718676128,17.0658718676128,9.83526230186812e-21,9.83526230186812e-21,8.59266998572759e-18,8.59266998572759e-18
"Lcu.1GRN.Chr2p566964876",2,566964876,1,0.243788819875776,20.0066567792143,20.0066567792143,"GLM","DTF_Sask_2017_b",17.0658718676128,17.0658718676128,9.84789072252682e-21,9.84789072252682e-21,8.59266998572759e-18,8.59266998572759e-18
"Lcu.1GRN.Chr4p439932481",4,439932481,1,0.324534161490683,20.0060979447729,20.0060979447729,"GLM","DTF_Sask_2017_b",17.0658718676128,17.0658718676128,9.86057078872436e-21,9.86057078872436e-21,8.59266998572759e-18,8.59266998572759e-18
"Lcu.1GRN.Chr1p367622304",1,367622304,2,0.346774193548387,20.0021129764703,15.715134356751,"GLM;MLM","Cotyledon_Color_RvsY",16.7540531955913,12.3282000613203,9.95146508317889e-21,1.92692869117979e-16,1.76176023980718e-17,4.69677697873965e-13
"Lcu.1GRN.Chr5p403733268",5,403733268,1,0.315217391304348,19.9985970496591,19.9985970496591,"GLM","DTF_Sask_2017_b",17.0596830775454,17.0596830775454,1.00323563594676e-20,1.00323563594676e-20,8.71599399687135e-18,8.71599399687135e-18
"Lcu.1GRN.Chr5p389874870",5,389874870,1,0.309006211180124,19.9976647337831,19.9976647337831,"GLM","DTF_Sask_2017_b",17.0596830775454,17.0596830775454,1.00539163199306e-20,1.00539163199306e-20,8.71599399687135e-18,8.71599399687135e-18
"Lcu.1GRN.Chr1p357375621",1,357375621,2,0.451612903225806,19.9971325393522,7.12865433120404,"GLM;MLM","Cotyledon_Color_RvsY",16.7513525247681,4.26365363490942,1.00662441717313e-20,7.43610765885505e-08,1.7727499232004e-17,5.44937086031829e-05
"Lcu.1GRN.Chr1p589234461",1,589234461,1,0.217391304347826,19.9878942800869,19.9878942800869,"GLM","DTF_Sask_2017_b",17.0510304995807,17.0510304995807,1.02826657766606e-20,1.02826657766606e-20,8.89138673341386e-18,8.89138673341386e-18
"Lcu.1GRN.Chr3p224732839",3,224732839,1,0.433229813664596,19.9851853592645,19.9851853592645,"GLM","DTF_Sask_2017_b",17.0494365844591,17.0494365844591,1.03470045659965e-20,1.03470045659965e-20,8.92407919192451e-18,8.92407919192451e-18
"Lcu.1GRN.Chr3p225115037",3,225115037,1,0.448757763975155,19.9822565999021,19.9822565999021,"GLM","DTF_Sask_2017_b",17.0476199754661,17.0476199754661,1.04170176522057e-20,1.04170176522057e-20,8.96148587370713e-18,8.96148587370713e-18
"Lcu.1GRN.Chr2p546092184",2,546092184,1,0.253105590062112,19.9754545806627,19.9754545806627,"GLM","DTF_Sask_2017_b",17.0419272658513,17.0419272658513,1.05814557307261e-20,1.05814557307261e-20,9.07972581575802e-18,9.07972581575802e-18
"Lcu.1GRN.Chr3p332268053",3,332268053,1,0.372670807453416,19.9701818854018,19.9701818854018,"GLM","DTF_Sask_2017_b",17.0377610539453,17.0377610539453,1.07107063982336e-20,1.07107063982336e-20,9.1672472749482e-18,9.1672472749482e-18
"Lcu.1GRN.Chr1p367423374",1,367423374,2,0.391935483870968,19.9664597006359,15.7266830407907,"GLM;MLM","Cotyledon_Color_RvsY",16.7229475475076,12.3365902261153,1.08028985926019e-20,1.87636342644117e-16,1.89257218275923e-17,4.60691048658202e-13
"Lcu.1GRN.Chr2p545941251",2,545941251,1,0.246894409937888,19.9660749229063,19.9660749229063,"GLM","DTF_Sask_2017_b",17.0347577629,17.0347577629,1.08124740233322e-20,1.08124740233322e-20,9.23086154773145e-18,9.23086154773145e-18
"Lcu.1GRN.Chr1p361411859",1,361411859,2,0.187096774193548,19.9634930654993,9.14194602967173,"GLM;MLM","Cotyledon_Color_RvsY",16.7222369926752,6.15795807479904,1.08769450501285e-20,7.21197097695938e-10,1.89567117910704e-17,6.95091415933208e-07
"Lcu.1GRN.Chr6p278107865",6,278107865,1,0.251552795031056,19.9629226871497,19.9629226871497,"GLM","DTF_Sask_2017_b",17.0339902042488,17.0339902042488,1.0891239612889e-20,1.0891239612889e-20,9.24719031249881e-18,9.24719031249881e-18
"Lcu.1GRN.Chr2p553089829",2,553089829,1,0.239130434782609,19.961215045383,19.961215045383,"GLM","DTF_Sask_2017_b",17.0339902042488,17.0339902042488,1.09341481660503e-20,1.09341481660503e-20,9.24719031249881e-18,9.24719031249881e-18
"Lcu.1GRN.Chr2p553459068",2,553459068,1,0.239130434782609,19.961215045383,19.961215045383,"GLM","DTF_Sask_2017_b",17.0339902042488,17.0339902042488,1.09341481660503e-20,1.09341481660503e-20,9.24719031249881e-18,9.24719031249881e-18
"Lcu.1GRN.Chr3p349262741",3,349262741,1,0.31055900621118,19.960920514007,19.960920514007,"GLM","DTF_Sask_2017_b",17.0339902042488,17.0339902042488,1.09415660405882e-20,1.09415660405882e-20,9.24719031249881e-18,9.24719031249881e-18
"Lcu.1GRN.Chr2p135922682",2,135922682,1,0.268633540372671,19.9583378139113,19.9583378139113,"GLM","DTF_Sask_2017_b",17.0324973277661,17.0324973277661,1.10068281554595e-20,1.10068281554595e-20,9.27903199540712e-18,9.27903199540712e-18
"Lcu.1GRN.Chr5p402904201",5,402904201,1,0.312111801242236,19.9557613389396,19.9557613389396,"GLM","DTF_Sask_2017_b",17.0310079484357,17.0310079484357,1.10723208226058e-20,1.10723208226058e-20,9.31090834534364e-18,9.31090834534364e-18
"Lcu.1GRN.Chr4p439859354",4,439859354,1,0.312111801242236,19.9535095041337,19.9535095041337,"GLM","DTF_Sask_2017_b",17.0303839630097,17.0303839630097,1.11298803581985e-20,1.11298803581985e-20,9.32429568297856e-18,9.32429568297856e-18
"Lcu.1GRN.Chr4p439621668",4,439621668,1,0.322981366459627,19.9521838200213,19.9521838200213,"GLM","DTF_Sask_2017_b",17.0303839630097,17.0303839630097,1.11639062288536e-20,1.11639062288536e-20,9.32429568297856e-18,9.32429568297856e-18
"Lcu.1GRN.Chr3p344532566",3,344532566,1,0.462732919254658,19.9518922987005,19.9518922987005,"GLM","DTF_Sask_2017_b",17.0303839630097,17.0303839630097,1.11714025461486e-20,1.11714025461486e-20,9.32429568297856e-18,9.32429568297856e-18
"Lcu.1GRN.Chr2p132664265",2,132664265,1,0.267080745341615,19.9449830140114,19.9449830140114,"GLM","DTF_Sask_2017_b",17.0245509972901,17.0245509972901,1.13505520872508e-20,1.13505520872508e-20,9.45037414339675e-18,9.45037414339675e-18
"Lcu.1GRN.Chr2p552966772",2,552966772,1,0.239130434782609,19.9392371269102,19.9392371269102,"GLM","DTF_Sask_2017_b",17.0209497786556,17.0209497786556,1.15017221781404e-20,1.15017221781404e-20,9.5290635071294e-18,9.5290635071294e-18
"Lcu.1GRN.Chr2p553089991",2,553089991,1,0.239130434782609,19.9392371269102,19.9392371269102,"GLM","DTF_Sask_2017_b",17.0209497786556,17.0209497786556,1.15017221781404e-20,1.15017221781404e-20,9.5290635071294e-18,9.5290635071294e-18
"Lcu.1GRN.Chr1p365084357",1,365084357,2,0.37258064516129,19.9358455628272,18.7020088485903,"GLM;MLM","Cotyledon_Color_RvsY",16.6968339109255,15.0264538154775,1.15918949614137e-20,1.98605445181631e-19,2.00986130540507e-17,9.40905884217038e-16
"Lcu.1GRN.Chr1p367669224",1,367669224,2,0.391935483870968,19.9283332057377,12.4748745322903,"GLM;MLM","Cotyledon_Color_RvsY",16.6915544352683,9.28850526529858,1.17941540017131e-20,3.35062224679304e-13,2.03444317902268e-17,5.14629567710974e-10
"Lcu.1GRN.Chr2p401783295",2,401783295,1,0.287267080745342,19.9270224201465,19.9270224201465,"GLM","DTF_Sask_2017_b",17.0098034475398,17.0098034475398,1.18298048361525e-20,1.18298048361525e-20,9.77679597867843e-18,9.77679597867843e-18
"Lcu.1GRN.Chr2p130785798",2,130785798,1,0.270186335403727,19.9257603908766,19.9257603908766,"GLM","DTF_Sask_2017_b",17.0096071721346,17.0096071721346,1.18642314147452e-20,1.18642314147452e-20,9.78121551049901e-18,9.78121551049901e-18
"Lcu.1GRN.Chr4p439067221",4,439067221,1,0.316770186335404,19.923657229181,19.923657229181,"GLM","DTF_Sask_2017_b",17.0096021435976,17.0096021435976,1.19218257760493e-20,1.19218257760493e-20,9.78132876427295e-18,9.78132876427295e-18
"Lcu.1GRN.Chr5p402894299",5,402894299,1,0.31055900621118,19.9236316687097,19.9236316687097,"GLM","DTF_Sask_2017_b",17.0096021435976,17.0096021435976,1.19225274576635e-20,1.19225274576635e-20,9.78132876427295e-18,9.78132876427295e-18
"Lcu.1GRN.Chr3p240598132",3,240598132,1,0.462732919254658,19.9203018395881,19.9203018395881,"GLM","DTF_Sask_2017_b",17.0083851732012,17.0083851732012,1.20142913751051e-20,1.20142913751051e-20,9.8087762258785e-18,9.8087762258785e-18
"Lcu.1GRN.Chr5p416773746",5,416773746,1,0.313664596273292,19.9199307099662,19.9199307099662,"GLM","DTF_Sask_2017_b",17.0083851732012,17.0083851732012,1.20245626664069e-20,1.20245626664069e-20,9.8087762258785e-18,9.8087762258785e-18
"Lcu.1GRN.Chr1p367671470",1,367671470,2,0.351612903225806,19.9195590196454,13.3040426380164,"GLM;MLM","Cotyledon_Color_RvsY",16.68500170917,10.0582626234323,1.20348582765455e-20,4.96543569570973e-14,2.06537202750346e-17,8.74454821287327e-11
"Lcu.1GRN.Chr3p225589811",3,225589811,1,0.428571428571429,19.9178480989406,19.9178480989406,"GLM","DTF_Sask_2017_b",17.0083851732012,17.0083851732012,1.20823636013975e-20,1.20823636013975e-20,9.8087762258785e-18,9.8087762258785e-18
"Lcu.1GRN.Chr2p135921670",2,135921670,1,0.267080745341615,19.9175189280495,19.9175189280495,"GLM","DTF_Sask_2017_b",17.0083851732012,17.0083851732012,1.20915248276461e-20,1.20915248276461e-20,9.8087762258785e-18,9.8087762258785e-18
"Lcu.1GRN.Chr3p225606970",3,225606970,1,0.46583850931677,19.917150458321,19.917150458321,"GLM","DTF_Sask_2017_b",17.0083851732012,17.0083851732012,1.21017880283725e-20,1.21017880283725e-20,9.8087762258785e-18,9.8087762258785e-18
"Lcu.1GRN.Chr3p225115170",3,225115170,1,0.450310559006211,19.9139998835792,19.9139998835792,"GLM","DTF_Sask_2017_b",17.006279832374,17.006279832374,1.21898992569812e-20,1.21898992569812e-20,9.8564419311851e-18,9.8564419311851e-18
"Lcu.1GRN.Chr3p332303145",3,332303145,1,0.392857142857143,19.9087003681917,19.9087003681917,"GLM","DTF_Sask_2017_b",17.0026147321444,17.0026147321444,1.23395588000048e-20,1.23395588000048e-20,9.93997444496487e-18,9.93997444496487e-18
"Lcu.1GRN.Chr4p439859453",4,439859453,1,0.305900621118012,19.9082518322013,19.9082518322013,"GLM","DTF_Sask_2017_b",17.0026147321444,17.0026147321444,1.23523095844578e-20,1.23523095844578e-20,9.93997444496487e-18,9.93997444496487e-18
"Lcu.1GRN.Chr1p452396197",1,452396197,1,0.402173913043478,19.906653464173,19.906653464173,"GLM","DTF_Sask_2017_b",17.0022160452997,17.0022160452997,1.23978545176664e-20,1.23978545176664e-20,9.94910363444168e-18,9.94910363444168e-18
"Lcu.1GRN.Chr3p225654300",3,225654300,1,0.472049689440994,19.9035978092988,19.9035978092988,"GLM","DTF_Sask_2017_b",17.0022160452997,17.0022160452997,1.24853922411993e-20,1.24853922411993e-20,9.94910363444168e-18,9.94910363444168e-18
"Lcu.1GRN.Chr4p435789300",4,435789300,1,0.307453416149068,19.8986891205212,19.8986891205212,"GLM","DTF_Sask_2017_b",17.0022160452997,17.0022160452997,1.26273110748204e-20,1.26273110748204e-20,9.94910363444168e-18,9.94910363444168e-18
"Lcu.1GRN.Chr2p53454791",2,53454791,1,0.234472049689441,19.8957158967623,19.8957158967623,"GLM","DTF_Sask_2017_b",17.0022160452997,17.0022160452997,1.27140555098432e-20,1.27140555098432e-20,9.94910363444168e-18,9.94910363444168e-18
"Lcu.1GRN.Chr2p548267344",2,548267344,1,0.240683229813665,19.895560971552,19.895560971552,"GLM","DTF_Sask_2017_b",17.0022160452997,17.0022160452997,1.27185917845981e-20,1.27185917845981e-20,9.94910363444168e-18,9.94910363444168e-18
"Lcu.1GRN.Chr2p548291207",2,548291207,1,0.240683229813665,19.895560971552,19.895560971552,"GLM","DTF_Sask_2017_b",17.0022160452997,17.0022160452997,1.27185917845981e-20,1.27185917845981e-20,9.94910363444168e-18,9.94910363444168e-18
"Lcu.1GRN.Chr2p551185773",2,551185773,1,0.240683229813665,19.895560971552,19.895560971552,"GLM","DTF_Sask_2017_b",17.0022160452997,17.0022160452997,1.27185917845981e-20,1.27185917845981e-20,9.94910363444168e-18,9.94910363444168e-18
"Lcu.1GRN.Chr2p551374412",2,551374412,1,0.240683229813665,19.895560971552,19.895560971552,"GLM","DTF_Sask_2017_b",17.0022160452997,17.0022160452997,1.27185917845981e-20,1.27185917845981e-20,9.94910363444168e-18,9.94910363444168e-18
"Lcu.1GRN.Chr2p551704991",2,551704991,1,0.240683229813665,19.895560971552,19.895560971552,"GLM","DTF_Sask_2017_b",17.0022160452997,17.0022160452997,1.27185917845981e-20,1.27185917845981e-20,9.94910363444168e-18,9.94910363444168e-18
"Lcu.1GRN.Chr2p553089422",2,553089422,1,0.240683229813665,19.895560971552,19.895560971552,"GLM","DTF_Sask_2017_b",17.0022160452997,17.0022160452997,1.27185917845981e-20,1.27185917845981e-20,9.94910363444168e-18,9.94910363444168e-18
"Lcu.1GRN.Chr2p553287225",2,553287225,1,0.240683229813665,19.895560971552,19.895560971552,"GLM","DTF_Sask_2017_b",17.0022160452997,17.0022160452997,1.27185917845981e-20,1.27185917845981e-20,9.94910363444168e-18,9.94910363444168e-18
"Lcu.1GRN.Chr2p553643462",2,553643462,1,0.240683229813665,19.895560971552,19.895560971552,"GLM","DTF_Sask_2017_b",17.0022160452997,17.0022160452997,1.27185917845981e-20,1.27185917845981e-20,9.94910363444168e-18,9.94910363444168e-18
"Lcu.1GRN.Chr3p225090798",3,225090798,1,0.450310559006211,19.8896333041534,19.8896333041534,"GLM","DTF_Sask_2017_b",17.0002322651501,17.0002322651501,1.28933774246954e-20,1.28933774246954e-20,9.99465332713378e-18,9.99465332713378e-18
"Lcu.1GRN.Chr4p417507606",4,417507606,1,0.329192546583851,19.8885563900273,19.8885563900273,"GLM","DTF_Sask_2017_b",17.0002322651501,17.0002322651501,1.29253886299881e-20,1.29253886299881e-20,9.99465332713378e-18,9.99465332713378e-18
"Lcu.1GRN.Chr4p417507716",4,417507716,1,0.329192546583851,19.8885563900273,19.8885563900273,"GLM","DTF_Sask_2017_b",17.0002322651501,17.0002322651501,1.29253886299881e-20,1.29253886299881e-20,9.99465332713378e-18,9.99465332713378e-18
"Lcu.1GRN.Chr4p417887625",4,417887625,1,0.329192546583851,19.8885563900273,19.8885563900273,"GLM","DTF_Sask_2017_b",17.0002322651501,17.0002322651501,1.29253886299881e-20,1.29253886299881e-20,9.99465332713378e-18,9.99465332713378e-18
"Lcu.1GRN.Chr4p418062862",4,418062862,1,0.329192546583851,19.8885563900273,19.8885563900273,"GLM","DTF_Sask_2017_b",17.0002322651501,17.0002322651501,1.29253886299881e-20,1.29253886299881e-20,9.99465332713378e-18,9.99465332713378e-18
"Lcu.1GRN.Chr1p365383435",1,365383435,2,0.333870967741935,19.8868622633197,12.3091784352813,"GLM;MLM","Cotyledon_Color_RvsY",16.6545151076494,9.13261307178358,1.29759073718829e-20,4.90706221984107e-13,2.21556702282138e-17,7.36863302545216e-10
"Lcu.1GRN.Chr2p219694330",2,219694330,1,0.315217391304348,19.8849222196387,19.8849222196387,"GLM","DTF_Sask_2017_b",16.9975953270754,16.9975953270754,1.30340019118105e-20,1.30340019118105e-20,1.00555232134632e-17,1.00555232134632e-17
"Lcu.1GRN.Chr6p22044874",6,22044874,1,0.290372670807453,19.8820500002618,19.8820500002618,"GLM","DTF_Sask_2017_b",16.9961658293012,16.9961658293012,1.31204883432814e-20,1.31204883432814e-20,1.00886759047852e-17,1.00886759047852e-17
"Lcu.1GRN.Chr2p52953863",2,52953863,1,0.220496894409938,19.881505100629,19.881505100629,"GLM","DTF_Sask_2017_b",16.9961658293012,16.9961658293012,1.31369606599218e-20,1.31369606599218e-20,1.00886759047852e-17,1.00886759047852e-17
"Lcu.1GRN.Chr3p179010556",3,179010556,1,0.341614906832298,19.8797041473579,19.8797041473579,"GLM","DTF_Sask_2017_b",16.9953552857681,16.9953552857681,1.31915507511809e-20,1.31915507511809e-20,1.01075224408257e-17,1.01075224408257e-17
"Lcu.1GRN.Chr4p180560947",4,180560947,1,0.462732919254658,19.8753052356074,19.8753052356074,"GLM","DTF_Sask_2017_b",16.9919445302617,16.9919445302617,1.33258452129925e-20,1.33258452129925e-20,1.01872149471787e-17,1.01872149471787e-17
"Lcu.1GRN.Chr1p352050600",1,352050600,2,0.256451612903226,19.8713269476241,8.47810930029409,"GLM;MLM","Cotyledon_Color_RvsY",16.6411787560537,5.52993512843029,1.34484753838864e-20,3.32575842324806e-09,2.28465824214733e-17,2.9516500885295e-06
"Lcu.1GRN.Chr2p131188044",2,131188044,1,0.262422360248447,19.8700257020586,19.8700257020586,"GLM","DTF_Sask_2017_b",16.9876509096946,16.9876509096946,1.34888305174272e-20,1.34888305174272e-20,1.02884296023933e-17,1.02884296023933e-17
"Lcu.1GRN.Chr1p365324047",1,365324047,2,0.385483870967742,19.8665501210921,11.4840532221061,"GLM;MLM","Cotyledon_Color_RvsY",16.6385898156699,8.37554113159392,1.35972123141307e-20,3.28055088014296e-12,2.29831834897849e-17,4.21171396145438e-09
"Lcu.1GRN.Chr4p439483198",4,439483198,1,0.319875776397516,19.8659769402237,19.8659769402237,"GLM","DTF_Sask_2017_b",16.984585827741,16.984585827741,1.3615169731456e-20,1.3615169731456e-20,1.03612981833951e-17,1.03612981833951e-17
"Lcu.1GRN.Chr3p346350792",3,346350792,1,0.47360248447205,19.864286254514,19.864286254514,"GLM","DTF_Sask_2017_b",16.9838765989052,16.9838765989052,1.36682761785551e-20,1.36682761785551e-20,1.03782326260768e-17,1.03782326260768e-17
"Lcu.1GRN.Chr5p404327031",5,404327031,1,0.332298136645963,19.8568916301092,19.8568916301092,"GLM","DTF_Sask_2017_b",16.977461218392,16.977461218392,1.39029951061427e-20,1.39029951061427e-20,1.05326773758286e-17,1.05326773758286e-17
"Lcu.1GRN.Chr1p367140139",1,367140139,2,0.346774193548387,19.8526600084468,18.7443156171229,"GLM;MLM","Cotyledon_Color_RvsY",16.6268766222789,15.0563513260283,1.40391234055496e-20,1.80170790026409e-19,2.36114891127724e-17,8.78311712011785e-16
"Lcu.1GRN.Chr2p565389039",2,565389039,1,0.22360248447205,19.8518029200317,19.8518029200317,"GLM","DTF_Sask_2017_b",16.974714588739,16.974714588739,1.40668572400682e-20,1.40668572400682e-20,1.05995007826649e-17,1.05995007826649e-17
"Lcu.1GRN.Chr2p52393742",2,52393742,1,0.201863354037267,19.8513671124976,19.8513671124976,"GLM","DTF_Sask_2017_b",16.974714588739,16.974714588739,1.40809801901661e-20,1.40809801901661e-20,1.05995007826649e-17,1.05995007826649e-17
"Lcu.1GRN.Chr3p225587671",3,225587671,1,0.453416149068323,19.8504968457539,19.8504968457539,"GLM","DTF_Sask_2017_b",16.974714588739,16.974714588739,1.41092248383805e-20,1.41092248383805e-20,1.05995007826649e-17,1.05995007826649e-17
"Lcu.1GRN.Chr5p405678931",5,405678931,1,0.313664596273292,19.8502499565727,19.8502499565727,"GLM","DTF_Sask_2017_b",16.974714588739,16.974714588739,1.41172479780534e-20,1.41172479780534e-20,1.05995007826649e-17,1.05995007826649e-17
"Lcu.1GRN.Chr5p403498994",5,403498994,1,0.316770186335404,19.8467294227972,19.8467294227972,"GLM","DTF_Sask_2017_b",16.9721623819686,16.9721623819686,1.42321521251289e-20,1.42321521251289e-20,1.06619739729916e-17,1.06619739729916e-17
"Lcu.1GRN.Chr4p439482815",4,439482815,1,0.321428571428571,19.8455005172286,19.8455005172286,"GLM","DTF_Sask_2017_b",16.9718996491721,16.9718996491721,1.42724813036422e-20,1.42724813036422e-20,1.06684260414716e-17,1.06684260414716e-17
"Lcu.1GRN.Chr4p439620767",4,439620767,1,0.319875776397516,19.8414885642159,19.8414885642159,"GLM","DTF_Sask_2017_b",16.9695442725304,16.9695442725304,1.44049394064032e-20,1.44049394064032e-20,1.07264429554181e-17,1.07264429554181e-17
"Lcu.1GRN.Chr5p228895564",5,228895564,1,0.305900621118012,19.840444054862,19.840444054862,"GLM","DTF_Sask_2017_b",16.9695442725304,16.9695442725304,1.44396260132126e-20,1.44396260132126e-20,1.07264429554181e-17,1.07264429554181e-17
"Lcu.1GRN.Chr2p52903278",2,52903278,1,0.234472049689441,19.8402594523494,19.8402594523494,"GLM","DTF_Sask_2017_b",16.9695442725304,16.9695442725304,1.44457650685245e-20,1.44457650685245e-20,1.07264429554181e-17,1.07264429554181e-17
"Lcu.1GRN.Chr5p45799462",5,45799462,1,0.388198757763975,19.8352863234125,19.8352863234125,"GLM","DTF_Sask_2017_b",16.9693253329352,16.9693253329352,1.46121350211109e-20,1.46121350211109e-20,1.07318518087027e-17,1.07318518087027e-17
"Lcu.1GRN.Chr5p422976788",5,422976788,1,0.330745341614907,19.833392996933,19.833392996933,"GLM","DTF_Sask_2017_b",16.9693253329352,16.9693253329352,1.4675976344529e-20,1.4675976344529e-20,1.07318518087027e-17,1.07318518087027e-17
"Lcu.1GRN.Chr3p225090875",3,225090875,1,0.451863354037267,19.8321984875939,19.8321984875939,"GLM","DTF_Sask_2017_b",16.9693253329352,16.9693253329352,1.47163975845932e-20,1.47163975845932e-20,1.07318518087027e-17,1.07318518087027e-17
"Lcu.1GRN.Chr3p225091012",3,225091012,1,0.451863354037267,19.8321984875939,19.8321984875939,"GLM","DTF_Sask_2017_b",16.9693253329352,16.9693253329352,1.47163975845932e-20,1.47163975845932e-20,1.07318518087027e-17,1.07318518087027e-17
"Lcu.1GRN.Chr3p225092758",3,225092758,1,0.451863354037267,19.8321984875939,19.8321984875939,"GLM","DTF_Sask_2017_b",16.9693253329352,16.9693253329352,1.47163975845932e-20,1.47163975845932e-20,1.07318518087027e-17,1.07318518087027e-17
"Lcu.1GRN.Chr3p225106830",3,225106830,1,0.451863354037267,19.8321984875939,19.8321984875939,"GLM","DTF_Sask_2017_b",16.9693253329352,16.9693253329352,1.47163975845932e-20,1.47163975845932e-20,1.07318518087027e-17,1.07318518087027e-17
"Lcu.1GRN.Chr3p225113523",3,225113523,1,0.451863354037267,19.8321984875939,19.8321984875939,"GLM","DTF_Sask_2017_b",16.9693253329352,16.9693253329352,1.47163975845932e-20,1.47163975845932e-20,1.07318518087027e-17,1.07318518087027e-17
"Lcu.1GRN.Chr3p225595342",3,225595342,1,0.451863354037267,19.8321984875939,19.8321984875939,"GLM","DTF_Sask_2017_b",16.9693253329352,16.9693253329352,1.47163975845932e-20,1.47163975845932e-20,1.07318518087027e-17,1.07318518087027e-17
"Lcu.1GRN.Chr4p436554006",4,436554006,1,0.301242236024845,19.8312008404907,19.8312008404907,"GLM","DTF_Sask_2017_b",16.9693253329352,16.9693253329352,1.47502424714041e-20,1.47502424714041e-20,1.07318518087027e-17,1.07318518087027e-17
"Lcu.1GRN.Chr5p441068719",5,441068719,1,0.31832298136646,19.8305577237491,19.8305577237491,"GLM","DTF_Sask_2017_b",16.9693253329352,16.9693253329352,1.47721012686421e-20,1.47721012686421e-20,1.07318518087027e-17,1.07318518087027e-17
"Lcu.1GRN.Chr4p421474856",4,421474856,1,0.341614906832298,19.8270905157861,19.8270905157861,"GLM","DTF_Sask_2017_b",16.9667951145091,16.9667951145091,1.48905069697449e-20,1.48905069697449e-20,1.07945585299401e-17,1.07945585299401e-17
"Lcu.1GRN.Chr4p417502294",4,417502294,1,0.330745341614907,19.825439237944,19.825439237944,"GLM","DTF_Sask_2017_b",16.9660788090021,16.9660788090021,1.49472315416167e-20,1.49472315416167e-20,1.08123772730301e-17,1.08123772730301e-17
"Lcu.1GRN.Chr1p365326090",1,365326090,2,0.343548387096774,19.8243416615037,18.7233973495802,"MLM;GLM","Cotyledon_Color_RvsY",15.9802555345974,15.6390637368128,1.49850549037496e-20,1.89061304618713e-19,1.04651260914653e-16,2.29581169136038e-16
"Lcu.1GRN.Chr2p393532404",2,393532404,1,0.298136645962733,19.8225494549129,19.8225494549129,"GLM","DTF_Sask_2017_b",16.964121989771,16.964121989771,1.50470216237366e-20,1.50470216237366e-20,1.08612049839301e-17,1.08612049839301e-17
"Lcu.1GRN.Chr3p342907138",3,342907138,1,0.395962732919255,19.8203565965261,19.8203565965261,"GLM","DTF_Sask_2017_b",16.9628600952604,16.9628600952604,1.51231898268879e-20,1.51231898268879e-20,1.08928094057833e-17,1.08928094057833e-17
"Lcu.1GRN.Chr3p348606448",3,348606448,1,0.305900621118012,19.8183832920316,19.8183832920316,"GLM","DTF_Sask_2017_b",16.9618157632739,16.9618157632739,1.5192061434912e-20,1.5192061434912e-20,1.09190344629851e-17,1.09190344629851e-17
"Lcu.1GRN.Chr3p238633349",3,238633349,1,0.486024844720497,19.8160991235091,19.8160991235091,"GLM","DTF_Sask_2017_b",16.9610789374053,16.9610789374053,1.52721744586573e-20,1.52721744586573e-20,1.09375754673086e-17,1.09375754673086e-17
"Lcu.1GRN.Chr5p421214269",5,421214269,1,0.304347826086957,19.8157944613014,19.8157944613014,"GLM","DTF_Sask_2017_b",16.9610789374053,16.9610789374053,1.52828918105374e-20,1.52828918105374e-20,1.09375754673086e-17,1.09375754673086e-17
"Lcu.1GRN.Chr5p404772906",5,404772906,1,0.319875776397516,19.8130097246538,19.8130097246538,"GLM","DTF_Sask_2017_b",16.9592172499508,16.9592172499508,1.53812019857153e-20,1.53812019857153e-20,1.09845621408261e-17,1.09845621408261e-17
"Lcu.1GRN.Chr3p224924387",3,224924387,1,0.451863354037267,19.8088255255179,19.8088255255179,"GLM","DTF_Sask_2017_b",16.9559541423201,16.9559541423201,1.55301079484253e-20,1.55301079484253e-20,1.10674063989152e-17,1.10674063989152e-17
"Lcu.1GRN.Chr5p45837629",5,45837629,1,0.392857142857143,19.8076420342328,19.8076420342328,"GLM","DTF_Sask_2017_b",16.9556897931387,16.9556897931387,1.5572486597411e-20,1.5572486597411e-20,1.10741450302565e-17,1.10741450302565e-17
"Lcu.1GRN.Chr2p552974285",2,552974285,1,0.242236024844721,19.8009122850893,19.8009122850893,"GLM","DTF_Sask_2017_b",16.9498772449315,16.9498772449315,1.58156743784408e-20,1.58156743784408e-20,1.12233564212089e-17,1.12233564212089e-17
"Lcu.1GRN.Chr1p367608589",1,367608589,2,0.395161290322581,19.8001089678486,13.5237841068345,"GLM;MLM","Cotyledon_Color_RvsY",16.5764916434373,10.2657290819044,1.58449558036996e-20,2.99375249820375e-14,2.6516021138423e-17,5.4233910252335e-11
"Lcu.1GRN.Chr4p422904741",4,422904741,1,0.327639751552795,19.7954627188015,19.7954627188015,"GLM","DTF_Sask_2017_b",16.9453429465944,16.9453429465944,1.6015381234922e-20,1.6015381234922e-20,1.13411489259937e-17,1.13411489259937e-17
"Lcu.1GRN.Chr3p240545145",3,240545145,1,0.459627329192547,19.7922814974786,19.7922814974786,"GLM","DTF_Sask_2017_b",16.9437783946942,16.9437783946942,1.61331251402123e-20,1.61331251402123e-20,1.13820792542159e-17,1.13820792542159e-17
"Lcu.1GRN.Chr3p348503638",3,348503638,1,0.305900621118012,19.792073397486,19.792073397486,"GLM","DTF_Sask_2017_b",16.9437783946942,16.9437783946942,1.6140857468958e-20,1.6140857468958e-20,1.13820792542159e-17,1.13820792542159e-17
"Lcu.1GRN.Chr5p415826629",5,415826629,1,0.315217391304348,19.7886384907455,19.7886384907455,"GLM","DTF_Sask_2017_b",16.9420082506855,16.9420082506855,1.62690243532324e-20,1.62690243532324e-20,1.14285662270141e-17,1.14285662270141e-17
"Lcu.1GRN.Chr3p348538849",3,348538849,1,0.305900621118012,19.7884861191028,19.7884861191028,"GLM","DTF_Sask_2017_b",16.9420082506855,16.9420082506855,1.62747333202714e-20,1.62747333202714e-20,1.14285662270141e-17,1.14285662270141e-17
"Lcu.1GRN.Chr5p428423763",5,428423763,1,0.309006211180124,19.7866626405839,19.7866626405839,"GLM","DTF_Sask_2017_b",16.9410904961276,16.9410904961276,1.63432099345937e-20,1.63432099345937e-20,1.14527427001448e-17,1.14527427001448e-17
"Lcu.1GRN.Chr1p363414745",1,363414745,2,0.188709677419355,19.7865498175659,10.1105819302015,"GLM;MLM","Cotyledon_Color_RvsY",16.5650878051806,7.07792314238805,1.6347456200373e-20,7.7520768565705e-11,2.72215089096577e-17,8.35750908978862e-08
"Lcu.1GRN.Chr3p342909696",3,342909696,1,0.391304347826087,19.7853920009174,19.7853920009174,"GLM","DTF_Sask_2017_b",16.940847536413,16.940847536413,1.63910961959763e-20,1.63910961959763e-20,1.14591515625386e-17,1.14591515625386e-17
"Lcu.1GRN.Chr3p238699230",3,238699230,1,0.487577639751553,19.7844748042766,19.7844748042766,"GLM","DTF_Sask_2017_b",16.940847536413,16.940847536413,1.64257495138408e-20,1.64257495138408e-20,1.14591515625386e-17,1.14591515625386e-17
"Lcu.1GRN.Chr3p224558847",3,224558847,1,0.462732919254658,19.7837137874933,19.7837137874933,"GLM","DTF_Sask_2017_b",16.940847536413,16.940847536413,1.64545576846307e-20,1.64545576846307e-20,1.14591515625386e-17,1.14591515625386e-17
"Lcu.1GRN.Chr5p2547134",5,2547134,1,0.309006211180124,19.7814411557183,19.7814411557183,"GLM","DTF_Sask_2017_b",16.9394731355309,16.9394731355309,1.65408888865183e-20,1.65408888865183e-20,1.14954734960568e-17,1.14954734960568e-17
"Lcu.1GRN.Chr1p365773104",1,365773104,2,0.435483870967742,19.7813176050027,10.9024783872154,"GLM;MLM","Cotyledon_Color_RvsY",16.5620002610841,7.83354690211753,1.65455952078387e-20,1.25176156574103e-11,2.74157252378082e-17,1.46707763966416e-08
"Lcu.1GRN.Chr1p103758902",1,103758902,2,0.37741935483871,19.7789998690665,6.36135153049308,"GLM;MLM","Cotyledon_Color_RvsY",16.5618166546606,3.54465551377302,1.66341315186496e-20,4.35159500430217e-07,2.74273182183021e-17,0.000285328061756747
"Lcu.1GRN.Chr2p53367633",2,53367633,1,0.254658385093168,19.7785277288964,19.7785277288964,"GLM","DTF_Sask_2017_b",16.9374560856667,16.9374560856667,1.6652225030256e-20,1.6652225030256e-20,1.15489875809322e-17,1.15489875809322e-17
"Lcu.1GRN.Chr2p314231100",2,314231100,1,0.419254658385093,19.7737112108314,19.7737112108314,"GLM","DTF_Sask_2017_b",16.9335340982618,16.9335340982618,1.68379334686438e-20,1.68379334686438e-20,1.16537554877517e-17,1.16537554877517e-17
"Lcu.1GRN.Chr4p439808609",4,439808609,1,0.327639751552795,19.7703327756276,19.7703327756276,"GLM","DTF_Sask_2017_b",16.9312909209631,16.9312909209631,1.69694288153141e-20,1.69694288153141e-20,1.17141040965739e-17,1.17141040965739e-17
"Lcu.1GRN.Chr3p235924570",3,235924570,1,0.496894409937888,19.7689115272312,19.7689115272312,"GLM","DTF_Sask_2017_b",16.9312909209631,16.9312909209631,1.70250530077392e-20,1.70250530077392e-20,1.17141040965739e-17,1.17141040965739e-17
"Lcu.1GRN.Chr2p415233945",2,415233945,1,0.183229813664596,19.7687954436714,19.7687954436714,"GLM","DTF_Sask_2017_b",16.9312909209631,16.9312909209631,1.70296042811115e-20,1.70296042811115e-20,1.17141040965739e-17,1.17141040965739e-17
"Lcu.1GRN.Chr4p440095631",4,440095631,1,0.335403726708075,19.7671079181101,19.7671079181101,"GLM","DTF_Sask_2017_b",16.9304906163067,16.9304906163067,1.70959044509489e-20,1.70959044509489e-20,1.17357103927599e-17,1.17357103927599e-17
"Lcu.1GRN.Chr1p367669159",1,367669159,2,0.370967741935484,19.7602546623028,16.6339383841783,"GLM;MLM","Cotyledon_Color_RvsY",16.5451951415267,13.1899103726629,1.73678211298754e-20,2.32306635958026e-17,2.84973750731357e-17,6.45787489399119e-14
"Lcu.1GRN.Chr4p487011627",4,487011627,1,0.242236024844721,19.7585121877616,19.7585121877616,"GLM","DTF_Sask_2017_b",16.923266298383,16.923266298383,1.74376442089357e-20,1.74376442089357e-20,1.19325620559579e-17,1.19325620559579e-17
"Lcu.1GRN.Chr4p181478836",4,181478836,1,0.403726708074534,19.7581145774476,19.7581145774476,"GLM","DTF_Sask_2017_b",16.923266298383,16.923266298383,1.7453616233255e-20,1.7453616233255e-20,1.19325620559579e-17,1.19325620559579e-17
"Lcu.1GRN.Chr1p498741745",1,498741745,2,0.0967741935483871,19.7570184984108,10.4571640125857,"GLM;MLM","Cotyledon_Color_RvsY",16.5440723369481,7.40891712634772,1.74977215695356e-20,3.49008486508083e-11,2.85711461707766e-17,3.90016403924466e-08
"Lcu.1GRN.Chr6p278940113",6,278940113,1,0.248447204968944,19.7570010166761,19.7570010166761,"GLM","DTF_Sask_2017_b",16.9230345541214,16.9230345541214,1.74984259226776e-20,1.74984259226776e-20,1.19389311000675e-17,1.19389311000675e-17
"Lcu.1GRN.Chr2p411912944",2,411912944,1,0.298136645962733,19.7521957504572,19.7521957504572,"GLM","DTF_Sask_2017_b",16.919109317549,16.919109317549,1.76931129319664e-20,1.76931129319664e-20,1.20473265538193e-17,1.20473265538193e-17
"Lcu.1GRN.Chr6p328654473",6,328654473,1,0.285714285714286,19.7494376198851,19.7494376198851,"GLM","DTF_Sask_2017_b",16.9179190554986,16.9179190554986,1.78058364554964e-20,1.78058364554964e-20,1.20803897036452e-17,1.20803897036452e-17
"Lcu.1GRN.Chr7p30175115",7,30175115,1,0.329192546583851,19.7492507608403,19.7492507608403,"GLM","DTF_Sask_2017_b",16.9179190554986,16.9179190554986,1.78134992225992e-20,1.78134992225992e-20,1.20803897036452e-17,1.20803897036452e-17
"Lcu.1GRN.Chr4p491978240",4,491978240,1,0.236024844720497,19.7477788614332,19.7477788614332,"GLM","DTF_Sask_2017_b",16.9173218683347,16.9173218683347,1.7873974687514e-20,1.7873974687514e-20,1.20970125628069e-17,1.20970125628069e-17
"Lcu.1GRN.Chr3p238875348",3,238875348,1,0.493788819875776,19.739422775023,19.739422775023,"GLM","DTF_Sask_2017_b",16.9098387359509,16.9098387359509,1.8221210485325e-20,1.8221210485325e-20,1.23072568420026e-17,1.23072568420026e-17
"Lcu.1GRN.Chr5p402894045",5,402894045,1,0.322981366459627,19.7372893553658,19.7372893553658,"GLM","DTF_Sask_2017_b",16.9085765191573,16.9085765191573,1.83109402135834e-20,1.83109402135834e-20,1.2343078210065e-17,1.2343078210065e-17
"Lcu.1GRN.Chr2p412303183",2,412303183,1,0.265527950310559,19.7337082644408,19.7337082644408,"GLM","DTF_Sask_2017_b",16.9058648869449,16.9058648869449,1.8462552171826e-20,1.8462552171826e-20,1.24203865727612e-17,1.24203865727612e-17
"Lcu.1GRN.Chr3p240805730",3,240805730,1,0.46583850931677,19.7300389583771,19.7300389583771,"GLM","DTF_Sask_2017_b",16.9030633024125,16.9030633024125,1.86192010566843e-20,1.86192010566843e-20,1.25007680675324e-17,1.25007680675324e-17
"Lcu.1GRN.Chr3p236219351",3,236219351,1,0.495341614906832,19.7246509006654,19.7246509006654,"GLM","DTF_Sask_2017_b",16.8985412359785,16.8985412359785,1.88516383359512e-20,1.88516383359512e-20,1.26316116178265e-17,1.26316116178265e-17
"Lcu.1GRN.Chr2p573616353",2,573616353,1,0.214285714285714,19.7215998724112,19.7215998724112,"GLM","DTF_Sask_2017_b",16.8963544756352,16.8963544756352,1.89845421439709e-20,1.89845421439709e-20,1.26953747263242e-17,1.26953747263242e-17
"Lcu.1GRN.Chr3p332307605",3,332307605,1,0.372670807453416,19.7183529796509,19.7183529796509,"GLM","DTF_Sask_2017_b",16.8939701342645,16.8939701342645,1.91270071559435e-20,1.91270071559435e-20,1.27652659048081e-17,1.27652659048081e-17
"Lcu.1GRN.Chr2p416131764",2,416131764,1,0.290372670807453,19.7076608036572,19.7076608036572,"GLM","DTF_Sask_2017_b",16.8851487476864,16.8851487476864,1.96037518451905e-20,1.96037518451905e-20,1.30272051477851e-17,1.30272051477851e-17
"Lcu.1GRN.Chr2p416134230",2,416134230,1,0.290372670807453,19.7076608036572,19.7076608036572,"GLM","DTF_Sask_2017_b",16.8851487476864,16.8851487476864,1.96037518451905e-20,1.96037518451905e-20,1.30272051477851e-17,1.30272051477851e-17
"Lcu.1GRN.Chr2p132574526",2,132574526,1,0.28416149068323,19.7040289902963,19.7040289902963,"GLM","DTF_Sask_2017_b",16.8851487476864,16.8851487476864,1.97683767660516e-20,1.97683767660516e-20,1.30272051477851e-17,1.30272051477851e-17
"Lcu.1GRN.Chr2p553914709",2,553914709,1,0.271739130434783,19.7039053013743,19.7039053013743,"GLM","DTF_Sask_2017_b",16.8851487476864,16.8851487476864,1.97740076859435e-20,1.97740076859435e-20,1.30272051477851e-17,1.30272051477851e-17
"Lcu.1GRN.Chr3p225586353",3,225586353,1,0.43167701863354,19.703832401918,19.703832401918,"GLM","DTF_Sask_2017_b",16.8851487476864,16.8851487476864,1.97773271741231e-20,1.97773271741231e-20,1.30272051477851e-17,1.30272051477851e-17
"Lcu.1GRN.Chr3p348854798",3,348854798,1,0.309006211180124,19.7036888120096,19.7036888120096,"GLM","DTF_Sask_2017_b",16.8851487476864,16.8851487476864,1.97838671930061e-20,1.97838671930061e-20,1.30272051477851e-17,1.30272051477851e-17
"Lcu.1GRN.Chr3p349060928",3,349060928,1,0.31055900621118,19.7030502357881,19.7030502357881,"GLM","DTF_Sask_2017_b",16.8851487476864,16.8851487476864,1.98129783151656e-20,1.98129783151656e-20,1.30272051477851e-17,1.30272051477851e-17
"Lcu.1GRN.Chr6p341922120",6,341922120,1,0.495341614906832,19.7026921685424,19.7026921685424,"GLM","DTF_Sask_2017_b",16.8851487476864,16.8851487476864,1.9829320461478e-20,1.9829320461478e-20,1.30272051477851e-17,1.30272051477851e-17
"Lcu.1GRN.Chr2p553459982",2,553459982,1,0.240683229813665,19.6963532299941,19.6963532299941,"GLM","DTF_Sask_2017_b",16.879657213274,16.879657213274,2.01208706899862e-20,2.01208706899862e-20,1.31929764354358e-17,1.31929764354358e-17
"Lcu.1GRN.Chr1p331833477",1,331833477,1,0.341935483870968,19.6956515647612,19.6956515647612,"GLM","Cotyledon_Color_RvsY",16.4848085283863,16.4848085283863,2.01534051270446e-20,2.01534051270446e-20,3.27485044558871e-17,3.27485044558871e-17
"Lcu.1GRN.Chr5p417965973",5,417965973,1,0.312111801242236,19.689459496737,19.689459496737,"GLM","DTF_Sask_2017_b",16.8736092339004,16.8736092339004,2.04428058123613e-20,2.04428058123613e-20,1.33779868923863e-17,1.33779868923863e-17
"Lcu.1GRN.Chr3p240642508",3,240642508,1,0.472049689440994,19.6870294057619,19.6870294057619,"GLM","DTF_Sask_2017_b",16.8724791453607,16.8724791453607,2.05575139784737e-20,2.05575139784737e-20,1.34128434177188e-17,1.34128434177188e-17
"Lcu.1GRN.Chr4p417443154",4,417443154,1,0.335403726708075,19.6866428255653,19.6866428255653,"GLM","DTF_Sask_2017_b",16.8724791453607,16.8724791453607,2.05758210631332e-20,2.05758210631332e-20,1.34128434177188e-17,1.34128434177188e-17
"Lcu.1GRN.Chr1p367423053",1,367423053,2,0.391935483870968,19.6854511111545,17.5851277381481,"GLM;MLM","Cotyledon_Color_RvsY",16.4767010642854,14.0267973048702,2.06323591420503e-20,2.59939489600893e-18,3.33655997477597e-17,9.40162003210576e-15
"Lcu.1GRN.Chr3p235923936",3,235923936,1,0.498447204968944,19.6851109134977,19.6851109134977,"GLM","DTF_Sask_2017_b",16.8717880747598,16.8717880747598,2.06485275033501e-20,2.06485275033501e-20,1.3434203579728e-17,1.3434203579728e-17
"Lcu.1GRN.Chr5p441937299",5,441937299,1,0.366459627329193,19.67704249376,19.67704249376,"GLM","DTF_Sask_2017_b",16.8645588716734,16.8645588716734,2.10357260458674e-20,2.10357260458674e-20,1.365969896307e-17,1.365969896307e-17
"Lcu.1GRN.Chr3p237880811",3,237880811,1,0.475155279503106,19.673730924358,19.673730924358,"GLM","DTF_Sask_2017_b",16.8625150658221,16.8625150658221,2.11967401399742e-20,2.11967401399742e-20,1.37241335069965e-17,1.37241335069965e-17
"Lcu.1GRN.Chr5p235883870",5,235883870,1,0.309006211180124,19.6733251040192,19.6733251040192,"GLM","DTF_Sask_2017_b",16.8625150658221,16.8625150658221,2.12165563911982e-20,2.12165563911982e-20,1.37241335069965e-17,1.37241335069965e-17
"Lcu.1GRN.Chr2p135924177",2,135924177,1,0.277950310559006,19.6699850716789,19.6699850716789,"GLM","DTF_Sask_2017_b",16.8600094131466,16.8600094131466,2.1380355804959e-20,2.1380355804959e-20,1.38035434569033e-17,1.38035434569033e-17
"Lcu.1GRN.Chr5p421172292",5,421172292,1,0.298136645962733,19.6688101585608,19.6688101585608,"GLM","DTF_Sask_2017_b",16.8596672797312,16.8596672797312,2.14382751922345e-20,2.14382751922345e-20,1.38144220528474e-17,1.38144220528474e-17
"Lcu.1GRN.Chr2p52960094",2,52960094,1,0.251552795031056,19.6638338088844,19.6638338088844,"GLM","DTF_Sask_2017_b",16.8555221159198,16.8555221159198,2.16853377711828e-20,2.16853377711828e-20,1.39469063290238e-17,1.39469063290238e-17
"Lcu.1GRN.Chr2p552628200",2,552628200,1,0.242236024844721,19.6627181247703,19.6627181247703,"GLM","DTF_Sask_2017_b",16.8555191625783,16.8555191625783,2.17411181026477e-20,2.17411181026477e-20,1.39470011727747e-17,1.39470011727747e-17
"Lcu.1GRN.Chr4p180280915",4,180280915,1,0.464285714285714,19.6621732410042,19.6621732410042,"GLM","DTF_Sask_2017_b",16.8555191625783,16.8555191625783,2.17684125247326e-20,2.17684125247326e-20,1.39470011727747e-17,1.39470011727747e-17
"Lcu.1GRN.Chr5p441942694",5,441942694,1,0.302795031055901,19.658951687641,19.658951687641,"GLM","DTF_Sask_2017_b",16.8531240499628,16.8531240499628,2.19304888381519e-20,2.19304888381519e-20,1.40241306825525e-17,1.40241306825525e-17
"Lcu.1GRN.Chr1p367608462",1,367608462,2,0.388709677419355,19.6588474629352,13.8859752106845,"GLM;MLM","Cotyledon_Color_RvsY",16.4521803672144,10.6144343339559,2.19357524855863e-20,1.30024379319165e-14,3.5303651944111e-17,2.42977279991386e-11
"Lcu.1GRN.Chr2p415512436",2,415512436,1,0.180124223602484,19.6540964030049,19.6540964030049,"GLM","DTF_Sask_2017_b",16.8490936363856,16.8490936363856,2.21770408780621e-20,2.21770408780621e-20,1.41548855958845e-17,1.41548855958845e-17
"Lcu.1GRN.Chr2p552107589",2,552107589,1,0.239130434782609,19.6514610065767,19.6514610065767,"GLM","DTF_Sask_2017_b",16.8472815472787,16.8472815472787,2.23120252851419e-20,2.23120252851419e-20,1.42140700929684e-17,1.42140700929684e-17
"Lcu.1GRN.Chr3p225582316",3,225582316,1,0.43167701863354,19.6495465104335,19.6495465104335,"GLM","DTF_Sask_2017_b",16.8469159514019,16.8469159514019,2.24106002833039e-20,2.24106002833039e-20,1.42260407569783e-17,1.42260407569783e-17
"Lcu.1GRN.Chr5p45837027",5,45837027,1,0.411490683229814,19.649453463633,19.649453463633,"GLM","DTF_Sask_2017_b",16.8469159514019,16.8469159514019,2.24154022279191e-20,2.24154022279191e-20,1.42260407569783e-17,1.42260407569783e-17
"Lcu.1GRN.Chr2p53367602",2,53367602,1,0.239130434782609,19.6456774090946,19.6456774090946,"GLM","DTF_Sask_2017_b",16.8439585483442,16.8439585483442,2.26111468678376e-20,2.26111468678376e-20,1.43232460235291e-17,1.43232460235291e-17
"Lcu.1GRN.Chr1p365206960",1,365206960,2,0.362903225806452,19.640776981656,19.5096315824394,"MLM;GLM","Cotyledon_Color_RvsY",16.3252408814297,15.821533775922,2.28677280254403e-20,3.0929180818889e-20,4.72888898386693e-17,1.50822530837908e-16
"Lcu.1GRN.Chr4p440503875",4,440503875,1,0.327639751552795,19.630243790969,19.630243790969,"GLM","DTF_Sask_2017_b",16.8300270035333,16.8300270035333,2.34291325304083e-20,2.34291325304083e-20,1.47901642312458e-17,1.47901642312458e-17
"Lcu.1GRN.Chr2p553286458",2,553286458,1,0.288819875776398,19.6301131763386,19.6301131763386,"GLM","DTF_Sask_2017_b",16.8300270035333,16.8300270035333,2.34361799321992e-20,2.34361799321992e-20,1.47901642312458e-17,1.47901642312458e-17
"Lcu.1GRN.Chr4p181401907",4,181401907,1,0.490683229813665,19.6258753544411,19.6258753544411,"GLM","DTF_Sask_2017_b",16.8266032296378,16.8266032296378,2.36659883046743e-20,2.36659883046743e-20,1.49072237604464e-17,1.49072237604464e-17
"Lcu.1GRN.Chr3p224732683",3,224732683,1,0.430124223602484,19.623519217534,19.623519217534,"GLM","DTF_Sask_2017_b",16.8254323409467,16.8254323409467,2.37947300692902e-20,2.37947300692902e-20,1.49474689193373e-17,1.49474689193373e-17
"Lcu.1GRN.Chr2p314231643",2,314231643,1,0.420807453416149,19.6230809330858,19.6230809330858,"GLM","DTF_Sask_2017_b",16.8254323409467,16.8254323409467,2.38187555282319e-20,2.38187555282319e-20,1.49474689193373e-17,1.49474689193373e-17
"Lcu.1GRN.Chr2p44486352",2,44486352,2,0.0802469135802469,19.6187811078084,7.41392035890472,"GLM","DTF_Nepal_2017;DTF_Sask_2017",15.1711489720241,4.39696664732901,2.40557494733633e-20,3.8554905332262e-08,6.74296690258898e-16,4.00897504316297e-05
"Lcu.1GRN.Chr2p401786190",2,401786190,1,0.28416149068323,19.6153837692052,19.6153837692052,"GLM","DTF_Sask_2017_b",16.8185446730729,16.8185446730729,2.42446674090876e-20,2.42446674090876e-20,1.51864172111593e-17,1.51864172111593e-17
"Lcu.1GRN.Chr3p225582234",3,225582234,1,0.423913043478261,19.6118955783213,19.6118955783213,"GLM","DTF_Sask_2017_b",16.8167186326144,16.8167186326144,2.44401812128396e-20,2.44401812128396e-20,1.52504046535407e-17,1.52504046535407e-17
"Lcu.1GRN.Chr3p224721615",3,224721615,1,0.46583850931677,19.6112874741054,19.6112874741054,"GLM","DTF_Sask_2017_b",16.8167186326144,16.8167186326144,2.44744266103921e-20,2.44744266103921e-20,1.52504046535407e-17,1.52504046535407e-17
"Lcu.1GRN.Chr3p225584908",3,225584908,1,0.433229813664596,19.6103347493397,19.6103347493397,"GLM","DTF_Sask_2017_b",16.8167186326144,16.8167186326144,2.45281758245176e-20,2.45281758245176e-20,1.52504046535407e-17,1.52504046535407e-17
"Lcu.1GRN.Chr3p225586751",3,225586751,1,0.433229813664596,19.6103347493397,19.6103347493397,"GLM","DTF_Sask_2017_b",16.8167186326144,16.8167186326144,2.45281758245176e-20,2.45281758245176e-20,1.52504046535407e-17,1.52504046535407e-17
"Lcu.1GRN.Chr1p361408216",1,361408216,2,0.211290322580645,19.6089926502665,9.31679157652165,"GLM;MLM","Cotyledon_Color_RvsY",16.4043985631685,6.32145711173203,2.46040924225279e-20,4.82179146048477e-10,3.94095464566116e-17,4.77026920055553e-07
"Lcu.1GRN.Chr4p486926887",4,486926887,1,0.245341614906832,19.606507627464,19.606507627464,"GLM","DTF_Sask_2017_b",16.8136935321705,16.8136935321705,2.47452800110156e-20,2.47452800110156e-20,1.5357002954733e-17,1.5357002954733e-17
"Lcu.1GRN.Chr2p54275965",2,54275965,1,0.263975155279503,19.6023057317186,19.6023057317186,"GLM","DTF_Sask_2017_b",16.8102921794755,16.8102921794755,2.49858580474015e-20,2.49858580474015e-20,1.54777497492271e-17,1.54777497492271e-17
"Lcu.1GRN.Chr3p239987127",3,239987127,1,0.458074534161491,19.5986354843062,19.5986354843062,"GLM","DTF_Sask_2017_b",16.8074210021725,16.8074210021725,2.51979097257816e-20,2.51979097257816e-20,1.55804141557573e-17,1.55804141557573e-17
"Lcu.1GRN.Chr6p21968500",6,21968500,1,0.291925465838509,19.5951157618372,19.5951157618372,"GLM","DTF_Sask_2017_b",16.804698882282,16.804698882282,2.54029549577197e-20,2.54029549577197e-20,1.56783775234189e-17,1.56783775234189e-17
"Lcu.1GRN.Chr4p439348306",4,439348306,1,0.312111801242236,19.5941342967729,19.5941342967729,"GLM","DTF_Sask_2017_b",16.8045135576457,16.8045135576457,2.54604281866502e-20,2.54604281866502e-20,1.5685069318423e-17,1.5685069318423e-17
"Lcu.1GRN.Chr3p348886466",3,348886466,1,0.307453416149068,19.5872670812022,19.5872670812022,"GLM","DTF_Sask_2017_b",16.7991955918787,16.7991955918787,2.58662171256157e-20,2.58662171256157e-20,1.58783148073134e-17,1.58783148073134e-17
"Lcu.1GRN.Chr5p441069648",5,441069648,1,0.322981366459627,19.5870864860807,19.5870864860807,"GLM","DTF_Sask_2017_b",16.7991955918787,16.7991955918787,2.58769754571256e-20,2.58769754571256e-20,1.58783148073134e-17,1.58783148073134e-17
"Lcu.1GRN.Chr3p225606032",3,225606032,1,0.450310559006211,19.5857583538781,19.5857583538781,"GLM","DTF_Sask_2017_b",16.7991955918787,16.7991955918787,2.59562319306843e-20,2.59562319306843e-20,1.58783148073134e-17,1.58783148073134e-17
"Lcu.1GRN.Chr1p446631270",1,446631270,1,0.290372670807453,19.5856462842164,19.5856462842164,"GLM","DTF_Sask_2017_b",16.7991955918787,16.7991955918787,2.59629307988666e-20,2.59629307988666e-20,1.58783148073134e-17,1.58783148073134e-17
"Lcu.1GRN.Chr4p439490780",4,439490780,1,0.316770186335404,19.5833074722302,19.5833074722302,"GLM","DTF_Sask_2017_b",16.7976456892501,16.7976456892501,2.61031264836153e-20,2.61031264836153e-20,1.5935082297485e-17,1.5935082297485e-17
"Lcu.1GRN.Chr3p225110850",3,225110850,1,0.447204968944099,19.5810886771891,19.5810886771891,"GLM","DTF_Sask_2017_b",16.7962678192916,16.7962678192916,2.62368276736779e-20,2.62368276736779e-20,1.59857192252006e-17,1.59857192252006e-17
"Lcu.1GRN.Chr6p22039846",6,22039846,1,0.288819875776398,19.5795714363951,19.5795714363951,"GLM","DTF_Sask_2017_b",16.7962678192916,16.7962678192916,2.63286483238878e-20,2.63286483238878e-20,1.59857192252006e-17,1.59857192252006e-17
"Lcu.1GRN.Chr6p22042229",6,22042229,1,0.288819875776398,19.5795714363951,19.5795714363951,"GLM","DTF_Sask_2017_b",16.7962678192916,16.7962678192916,2.63286483238878e-20,2.63286483238878e-20,1.59857192252006e-17,1.59857192252006e-17
"Lcu.1GRN.Chr1p368656438",1,368656438,2,0.470967741935484,19.573606946568,10.4577935012374,"GLM;MLM","Cotyledon_Color_RvsY",16.3710760200339,7.40891712634772,2.66927336808449e-20,3.4850298218398e-11,4.25523921802121e-17,3.90016403924466e-08
"Lcu.1GRN.Chr3p239739162",3,239739162,1,0.450310559006211,19.5631399127505,19.5631399127505,"GLM","DTF_Sask_2017_b",16.7806195140413,16.7806195140413,2.73438767128951e-20,2.73438767128951e-20,1.65722122131286e-17,1.65722122131286e-17
"Lcu.1GRN.Chr1p367199339",1,367199339,2,0.335483870967742,19.5620459268469,18.0335545896756,"GLM;MLM","Cotyledon_Color_RvsY",16.3629732189441,14.4258193002198,2.74128426449123e-20,9.25647026408173e-19,4.33537611946218e-17,3.75129052207034e-15
"Lcu.1GRN.Chr1p368963706",1,368963706,2,0.37258064516129,19.5614069973373,14.3602583354821,"GLM;MLM","Cotyledon_Color_RvsY",16.3629732189441,11.0613316582639,2.74532018136572e-20,4.36256252623039e-15,4.33537611946218e-17,8.68297082402686e-12
"Lcu.1GRN.Chr1p231345523",1,231345523,1,0.338709677419355,19.5540644228708,19.5540644228708,"GLM","Cotyledon_Color_RvsY",16.3596895009545,16.3596895009545,2.79212962840286e-20,2.79212962840286e-20,4.36828031031156e-17,4.36828031031156e-17
"Lcu.1GRN.Chr1p297644510",1,297644510,1,0.338709677419355,19.5540644228708,19.5540644228708,"GLM","Cotyledon_Color_RvsY",16.3596895009545,16.3596895009545,2.79212962840286e-20,2.79212962840286e-20,4.36828031031156e-17,4.36828031031156e-17
"Lcu.1GRN.Chr3p344047500",3,344047500,1,0.493788819875776,19.55059668925,19.55059668925,"GLM","DTF_Sask_2017_b",16.7698610261435,16.7698610261435,2.81451333556402e-20,2.81451333556402e-20,1.69878717591242e-17,1.69878717591242e-17
"Lcu.1GRN.Chr2p415230540",2,415230540,1,0.18167701863354,19.5500402090378,19.5500402090378,"GLM","DTF_Sask_2017_b",16.7698610261435,16.7698610261435,2.81812200411791e-20,2.81812200411791e-20,1.69878717591242e-17,1.69878717591242e-17
"Lcu.1GRN.Chr2p415565174",2,415565174,1,0.18167701863354,19.5500402090378,19.5500402090378,"GLM","DTF_Sask_2017_b",16.7698610261435,16.7698610261435,2.81812200411791e-20,2.81812200411791e-20,1.69878717591242e-17,1.69878717591242e-17
"Lcu.1GRN.Chr5p309616829",5,309616829,1,0.321428571428571,19.543573213421,19.543573213421,"GLM","DTF_Sask_2017_b",16.7641716394755,16.7641716394755,2.86040011335182e-20,2.86040011335182e-20,1.72118820201755e-17,1.72118820201755e-17
"Lcu.1GRN.Chr5p422296827",5,422296827,1,0.307453416149068,19.5380723852215,19.5380723852215,"GLM","DTF_Sask_2017_b",16.7595027759476,16.7595027759476,2.89686071861289e-20,2.89686071861289e-20,1.73979157750637e-17,1.73979157750637e-17
"Lcu.1GRN.Chr2p54389257",2,54389257,1,0.237577639751553,19.5373532965233,19.5373532965233,"GLM","DTF_Sask_2017_b",16.7595027759476,16.7595027759476,2.90166120630463e-20,2.90166120630463e-20,1.73979157750637e-17,1.73979157750637e-17
"Lcu.1GRN.Chr5p37155244",5,37155244,1,0.383540372670807,19.5290512408464,19.5290512408464,"GLM","DTF_Sask_2017_b",16.7519741745835,16.7519741745835,2.95766348187108e-20,2.95766348187108e-20,1.77021422136393e-17,1.77021422136393e-17
"Lcu.1GRN.Chr3p344886683",3,344886683,1,0.436335403726708,19.5268096547592,19.5268096547592,"GLM","DTF_Sask_2017_b",16.7509959860711,16.7509959860711,2.97296875715733e-20,2.97296875715733e-20,1.77420587875772e-17,1.77420587875772e-17
"Lcu.1GRN.Chr3p332526880",3,332526880,1,0.381987577639752,19.5265302639196,19.5265302639196,"GLM","DTF_Sask_2017_b",16.7509959860711,16.7509959860711,2.97488194626511e-20,2.97488194626511e-20,1.77420587875772e-17,1.77420587875772e-17
"Lcu.1GRN.Chr6p4717722",6,4717722,1,0.34472049689441,19.5246862551462,19.5246862551462,"GLM","DTF_Sask_2017_b",16.7499213211338,16.7499213211338,2.98754011085604e-20,2.98754011085604e-20,1.77860160082887e-17,1.77860160082887e-17
"Lcu.1GRN.Chr1p367494358",1,367494358,2,0.341935483870968,19.5242171723895,14.9444653715752,"GLM;MLM","Cotyledon_Color_RvsY",16.333009242712,11.593743248799,2.99076870507528e-20,1.13640890549953e-15,4.64505389453107e-17,2.54833636210773e-12
"Lcu.1GRN.Chr1p367684169",1,367684169,2,0.362903225806452,19.5233628906953,15.9676719345835,"GLM;MLM","Cotyledon_Color_RvsY",16.333009242712,12.5581298484074,2.99665750538323e-20,1.07727868108521e-16,4.64505389453107e-17,2.76611448947014e-13
"Lcu.1GRN.Chr2p113454809",2,113454809,1,0.316770186335404,19.5226655644013,19.5226655644013,"GLM","DTF_Sask_2017_b",16.7486686137577,16.7486686137577,3.00147296282725e-20,3.00147296282725e-20,1.78373932170903e-17,1.78373932170903e-17
"Lcu.1GRN.Chr1p368964331",1,368964331,2,0.425806451612903,19.5191419886192,11.8853761008632,"GLM;MLM","Cotyledon_Color_RvsY",16.3307851003919,8.75512677529168,3.02592396812408e-20,1.30203871901803e-12,4.66890352011924e-17,1.75741053179083e-09
"Lcu.1GRN.Chr3p240641891",3,240641891,1,0.492236024844721,19.5186990924101,19.5186990924101,"GLM","DTF_Sask_2017_b",16.7454687694712,16.7454687694712,3.02901139819644e-20,3.02901139819644e-20,1.79693029449232e-17,1.79693029449232e-17
"Lcu.1GRN.Chr2p135308162",2,135308162,1,0.270186335403727,19.5132409963827,19.5132409963827,"GLM","DTF_Sask_2017_b",16.7414301814687,16.7414301814687,3.06731941547658e-20,3.06731941547658e-20,1.81371823141699e-17,1.81371823141699e-17
"Lcu.1GRN.Chr4p416670283",4,416670283,1,0.346273291925466,19.5131312969055,19.5131312969055,"GLM","DTF_Sask_2017_b",16.7414301814687,16.7414301814687,3.06809429485136e-20,3.06809429485136e-20,1.81371823141699e-17,1.81371823141699e-17
"Lcu.1GRN.Chr1p368986944",1,368986944,2,0.35,19.5122829368718,9.32428860833103,"GLM;MLM","Cotyledon_Color_RvsY",16.3259136698801,6.32767492470224,3.07409343270319e-20,4.7392693470025e-10,4.72156888437476e-17,4.70245962372623e-07
"Lcu.1GRN.Chr4p486696381",4,486696381,1,0.240683229813665,19.5088769690176,19.5088769690176,"GLM","DTF_Sask_2017_b",16.7379384428582,16.7379384428582,3.09829688928063e-20,3.09829688928063e-20,1.82835935045028e-17,1.82835935045028e-17
"Lcu.1GRN.Chr2p412304185",2,412304185,1,0.267080745341615,19.5066090230402,19.5066090230402,"GLM","DTF_Sask_2017_b",16.7364317494541,16.7364317494541,3.11451894510456e-20,3.11451894510456e-20,1.83471347461994e-17,1.83471347461994e-17
"Lcu.1GRN.Chr4p439345722",4,439345722,1,0.302795031055901,19.5043248191609,19.5043248191609,"GLM","DTF_Sask_2017_b",16.7356660592964,16.7356660592964,3.13094314162805e-20,3.13094314162805e-20,1.83795105012217e-17,1.83795105012217e-17
"Lcu.1GRN.Chr4p439347877",4,439347877,1,0.302795031055901,19.5043248191609,19.5043248191609,"GLM","DTF_Sask_2017_b",16.7356660592964,16.7356660592964,3.13094314162805e-20,3.13094314162805e-20,1.83795105012217e-17,1.83795105012217e-17
"Lcu.1GRN.Chr1p364877675",1,364877675,2,0.375806451612903,19.5017887524721,17.8848988062275,"GLM;MLM","Cotyledon_Color_RvsY",16.3193676443253,14.3025680965458,3.14927979982314e-20,1.30347046116701e-18,4.79327510600502e-17,4.98232327967457e-15
"Lcu.1GRN.Chr6p436535353",6,436535353,1,0.313664596273292,19.5009731578546,19.5009731578546,"GLM","DTF_Sask_2017_b",16.7330716684207,16.7330716684207,3.15519962863857e-20,3.15519962863857e-20,1.84896347297259e-17,1.84896347297259e-17
"Lcu.1GRN.Chr4p417889058",4,417889058,1,0.357142857142857,19.4993590344295,19.4993590344295,"GLM","DTF_Sask_2017_b",16.7322134972873,16.7322134972873,3.16694824121803e-20,3.16694824121803e-20,1.85262065922398e-17,1.85262065922398e-17
"Lcu.1GRN.Chr1p368421775",1,368421775,2,0.279032258064516,19.4989958824941,12.7772462785839,"GLM;MLM","Cotyledon_Color_RvsY",16.3185354751129,9.57057918286309,3.1695975135625e-20,1.67014324523779e-13,4.80246849929944e-17,2.68794771756412e-10
"Lcu.1GRN.Chr2p553568653",2,553568653,1,0.243788819875776,19.4961082476433,19.4961082476433,"GLM","DTF_Sask_2017_b",16.7315968218287,16.7315968218287,3.19074246530351e-20,3.19074246530351e-20,1.85525315226038e-17,1.85525315226038e-17
"Lcu.1GRN.Chr3p239677846",3,239677846,1,0.451863354037267,19.4958932752384,19.4958932752384,"GLM","DTF_Sask_2017_b",16.7315968218287,16.7315968218287,3.19232224906918e-20,3.19232224906918e-20,1.85525315226038e-17,1.85525315226038e-17
"Lcu.1GRN.Chr2p216722064",2,216722064,1,0.28416149068323,19.4942050198162,19.4942050198162,"GLM","DTF_Sask_2017_b",16.7315968218287,16.7315968218287,3.20475608028914e-20,3.20475608028914e-20,1.85525315226038e-17,1.85525315226038e-17
"Lcu.1GRN.Chr1p354861253",1,354861253,2,0.387096774193548,19.4920233025513,7.49154555908727,"GLM;MLM","Cotyledon_Color_RvsY",16.3135147837676,4.59920944741613,3.2208959659073e-20,3.22444104585742e-08,4.85830992540064e-17,2.51646301919239e-05
"Lcu.1GRN.Chr2p133404578",2,133404578,1,0.263975155279503,19.4885326430748,19.4885326430748,"GLM","DTF_Sask_2017_b",16.7315968218287,16.7315968218287,3.24688836515068e-20,3.24688836515068e-20,1.85525315226038e-17,1.85525315226038e-17
"Lcu.1GRN.Chr2p134725546",2,134725546,1,0.263975155279503,19.4885326430748,19.4885326430748,"GLM","DTF_Sask_2017_b",16.7315968218287,16.7315968218287,3.24688836515068e-20,3.24688836515068e-20,1.85525315226038e-17,1.85525315226038e-17
"Lcu.1GRN.Chr2p135212679",2,135212679,1,0.263975155279503,19.4885326430748,19.4885326430748,"GLM","DTF_Sask_2017_b",16.7315968218287,16.7315968218287,3.24688836515068e-20,3.24688836515068e-20,1.85525315226038e-17,1.85525315226038e-17
"Lcu.1GRN.Chr2p135434217",2,135434217,1,0.263975155279503,19.4885326430748,19.4885326430748,"GLM","DTF_Sask_2017_b",16.7315968218287,16.7315968218287,3.24688836515068e-20,3.24688836515068e-20,1.85525315226038e-17,1.85525315226038e-17
"Lcu.1GRN.Chr2p314231512",2,314231512,1,0.420807453416149,19.4884134614455,19.4884134614455,"GLM","DTF_Sask_2017_b",16.7315968218287,16.7315968218287,3.24777951749961e-20,3.24777951749961e-20,1.85525315226038e-17,1.85525315226038e-17
"Lcu.1GRN.Chr3p332524100",3,332524100,1,0.375776397515528,19.4869396271119,19.4869396271119,"GLM","DTF_Sask_2017_b",16.7315968218287,16.7315968218287,3.25881999919849e-20,3.25881999919849e-20,1.85525315226038e-17,1.85525315226038e-17
"Lcu.1GRN.Chr3p332525450",3,332525450,1,0.375776397515528,19.4869396271119,19.4869396271119,"GLM","DTF_Sask_2017_b",16.7315968218287,16.7315968218287,3.25881999919849e-20,3.25881999919849e-20,1.85525315226038e-17,1.85525315226038e-17
"Lcu.1GRN.Chr3p332525454",3,332525454,1,0.375776397515528,19.4869396271119,19.4869396271119,"GLM","DTF_Sask_2017_b",16.7315968218287,16.7315968218287,3.25881999919849e-20,3.25881999919849e-20,1.85525315226038e-17,1.85525315226038e-17
"Lcu.1GRN.Chr3p332525980",3,332525980,1,0.375776397515528,19.4869396271119,19.4869396271119,"GLM","DTF_Sask_2017_b",16.7315968218287,16.7315968218287,3.25881999919849e-20,3.25881999919849e-20,1.85525315226038e-17,1.85525315226038e-17
"Lcu.1GRN.Chr3p332526700",3,332526700,1,0.375776397515528,19.4869396271119,19.4869396271119,"GLM","DTF_Sask_2017_b",16.7315968218287,16.7315968218287,3.25881999919849e-20,3.25881999919849e-20,1.85525315226038e-17,1.85525315226038e-17
"Lcu.1GRN.Chr3p332546365",3,332546365,1,0.375776397515528,19.4869396271119,19.4869396271119,"GLM","DTF_Sask_2017_b",16.7315968218287,16.7315968218287,3.25881999919849e-20,3.25881999919849e-20,1.85525315226038e-17,1.85525315226038e-17
"Lcu.1GRN.Chr3p348543724",3,348543724,1,0.304347826086957,19.4853555102963,19.4853555102963,"GLM","DTF_Sask_2017_b",16.7315968218287,16.7315968218287,3.27072845817337e-20,3.27072845817337e-20,1.85525315226038e-17,1.85525315226038e-17
"Lcu.1GRN.Chr3p348588881",3,348588881,1,0.304347826086957,19.4853555102963,19.4853555102963,"GLM","DTF_Sask_2017_b",16.7315968218287,16.7315968218287,3.27072845817337e-20,3.27072845817337e-20,1.85525315226038e-17,1.85525315226038e-17
"Lcu.1GRN.Chr3p348853408",3,348853408,1,0.304347826086957,19.4853555102963,19.4853555102963,"GLM","DTF_Sask_2017_b",16.7315968218287,16.7315968218287,3.27072845817337e-20,3.27072845817337e-20,1.85525315226038e-17,1.85525315226038e-17
"Lcu.1GRN.Chr3p349041600",3,349041600,1,0.304347826086957,19.4853555102963,19.4853555102963,"GLM","DTF_Sask_2017_b",16.7315968218287,16.7315968218287,3.27072845817337e-20,3.27072845817337e-20,1.85525315226038e-17,1.85525315226038e-17
"Lcu.1GRN.Chr4p437375414",4,437375414,1,0.346273291925466,19.4832165938373,19.4832165938373,"GLM","DTF_Sask_2017_b",16.7301896569866,16.7301896569866,3.28687664993101e-20,3.28687664993101e-20,1.86127413822785e-17,1.86127413822785e-17
"Lcu.1GRN.Chr2p54307482",2,54307482,1,0.232919254658385,19.4804867895553,19.4804867895553,"GLM","DTF_Sask_2017_b",16.728190373452,16.728190373452,3.30760173026429e-20,3.30760173026429e-20,1.86986230454422e-17,1.86986230454422e-17
"Lcu.1GRN.Chr2p402142475",2,402142475,1,0.291925465838509,19.4787192241856,19.4787192241856,"GLM","DTF_Sask_2017_b",16.727152102094,16.727152102094,3.32109100083094e-20,3.32109100083094e-20,1.87433794744379e-17,1.87433794744379e-17
"Lcu.1GRN.Chr1p365311297",1,365311297,2,0.311290322580645,19.4761894026803,14.4687061860405,"GLM;MLM","Cotyledon_Color_RvsY",16.3016511179504,11.1556344022285,3.34049324069628e-20,3.39855117574133e-15,4.99285417656124e-17,6.98820437539104e-12
"Lcu.1GRN.Chr5p45837105",5,45837105,1,0.394409937888199,19.4754720143382,19.4754720143382,"GLM","DTF_Sask_2017_b",16.7246329636357,16.7246329636357,3.34601578672763e-20,3.34601578672763e-20,1.88524169536719e-17,1.88524169536719e-17
"Lcu.1GRN.Chr1p352115312",1,352115312,2,0.22258064516129,19.4748375291455,10.3585716791021,"GLM;MLM","Cotyledon_Color_RvsY",16.3016511179504,7.31463188087893,3.35090774165325e-20,4.37953822138943e-11,4.99285417656124e-17,4.84582938458585e-08
"Lcu.1GRN.Chr1p368421751",1,368421751,2,0.317741935483871,19.4743560606349,12.4079220334393,"GLM;MLM","Cotyledon_Color_RvsY",16.3016511179504,9.22550092529255,3.35462469238314e-20,3.90911067662271e-13,4.99285417656124e-17,5.94975489123779e-10
"Lcu.1GRN.Chr6p278593936",6,278593936,1,0.234472049689441,19.4731501342897,19.4731501342897,"GLM","DTF_Sask_2017_b",16.7230379364462,16.7230379364462,3.3639525844843e-20,3.3639525844843e-20,1.89217832606226e-17,1.89217832606226e-17
"Lcu.1GRN.Chr2p552304153",2,552304153,1,0.242236024844721,19.4717017310224,19.4717017310224,"GLM","DTF_Sask_2017_b",16.7223151715798,16.7223151715798,3.3751903367297e-20,3.3751903367297e-20,1.89532996326337e-17,1.89532996326337e-17
"Lcu.1GRN.Chr1p240454407",1,240454407,1,0.337096774193548,19.469903554775,19.469903554775,"GLM","Cotyledon_Color_RvsY",16.3010250199436,16.3010250199436,3.38919412747727e-20,3.38919412747727e-20,5.00005728542608e-17,5.00005728542608e-17
"Lcu.1GRN.Chr1p309150460",1,309150460,1,0.337096774193548,19.469903554775,19.469903554775,"GLM","Cotyledon_Color_RvsY",16.3010250199436,16.3010250199436,3.38919412747727e-20,3.38919412747727e-20,5.00005728542608e-17,5.00005728542608e-17
"Lcu.1GRN.Chr5p403498996",5,403498996,1,0.31832298136646,19.4698328222612,19.4698328222612,"GLM","DTF_Sask_2017_b",16.721170690813,16.721170690813,3.38974616245159e-20,3.38974616245159e-20,1.90033124570892e-17,1.90033124570892e-17
"Lcu.1GRN.Chr2p553371844",2,553371844,1,0.242236024844721,19.4675351517664,19.4675351517664,"GLM","DTF_Sask_2017_b",16.7195962419373,16.7195962419373,3.40772741561093e-20,3.40772741561093e-20,1.90723302430416e-17,1.90723302430416e-17
"Lcu.1GRN.Chr4p439061181",4,439061181,1,0.343167701863354,19.4619658939855,19.4619658939855,"GLM","DTF_Sask_2017_b",16.7147490034114,16.7147490034114,3.45170845228544e-20,3.45170845228544e-20,1.928639230847e-17,1.928639230847e-17
"Lcu.1GRN.Chr3p234412350",3,234412350,1,0.492236024844721,19.4609510273022,19.4609510273022,"GLM","DTF_Sask_2017_b",16.7144549576104,16.7144549576104,3.45978389465831e-20,3.45978389465831e-20,1.92994548805063e-17,1.92994548805063e-17
"Lcu.1GRN.Chr4p439620944",4,439620944,1,0.324534161490683,19.455920791676,19.455920791676,"GLM","DTF_Sask_2017_b",16.7101443484653,16.7101443484653,3.50008997215455e-20,3.50008997215455e-20,1.9491966285823e-17,1.9491966285823e-17
"Lcu.1GRN.Chr2p411835590",2,411835590,1,0.309006211180124,19.4540971960327,19.4540971960327,"GLM","DTF_Sask_2017_b",16.7090391888533,16.7090391888533,3.51481769354514e-20,3.51481769354514e-20,1.95416311260281e-17,1.95416311260281e-17
"Lcu.1GRN.Chr2p126487481",2,126487481,1,0.363354037267081,19.447729267054,19.447729267054,"GLM","DTF_Sask_2017_b",16.7033885093884,16.7033885093884,3.56673409220738e-20,3.56673409220738e-20,1.97975519206852e-17,1.97975519206852e-17
"Lcu.1GRN.Chr4p416805051",4,416805051,1,0.335403726708075,19.4438603810575,19.4438603810575,"GLM","DTF_Sask_2017_b",16.7002356903009,16.7002356903009,3.59865007581758e-20,3.59865007581758e-20,1.9941797859185e-17,1.9941797859185e-17
"Lcu.1GRN.Chr2p551395758",2,551395758,1,0.274844720496894,19.4429755997832,19.4429755997832,"GLM","DTF_Sask_2017_b",16.7000657972241,16.7000657972241,3.60598902188147e-20,3.60598902188147e-20,1.99496004822895e-17,1.99496004822895e-17
"Lcu.1GRN.Chr4p417503097",4,417503097,1,0.33695652173913,19.4377259298261,19.4377259298261,"GLM","DTF_Sask_2017_b",16.6955591003574,16.6955591003574,3.64984204808082e-20,3.64984204808082e-20,2.01576963880568e-17,2.01576963880568e-17
"Lcu.1GRN.Chr5p404775382",5,404775382,1,0.354037267080745,19.4370426471785,19.4370426471785,"GLM","DTF_Sask_2017_b",16.6955591003574,16.6955591003574,3.65558892421511e-20,3.65558892421511e-20,2.01576963880568e-17,2.01576963880568e-17
"Lcu.1GRN.Chr3p332542728",3,332542728,1,0.377329192546584,19.4359005369223,19.4359005369223,"GLM","DTF_Sask_2017_b",16.695128365333,16.695128365333,3.66521506598105e-20,3.66521506598105e-20,2.01776987904885e-17,2.01776987904885e-17
"Lcu.1GRN.Chr3p240993775",3,240993775,1,0.478260869565217,19.4314336419418,19.4314336419418,"GLM","DTF_Sask_2017_b",16.69140702668,16.69140702668,3.70310782741726e-20,3.70310782741726e-20,2.03513382859441e-17,2.03513382859441e-17
"Lcu.1GRN.Chr1p99872019",1,99872019,1,0.382258064516129,19.4311167716052,19.4311167716052,"GLM","Cotyledon_Color_RvsY",16.2659287296455,16.2659287296455,3.70581067824122e-20,3.70581067824122e-20,5.42089843328695e-17,5.42089843328695e-17
"Lcu.1GRN.Chr1p357633165",1,357633165,2,0.491935483870968,19.4310142754598,6.69898622296519,"GLM;MLM","Cotyledon_Color_RvsY",16.2659287296455,3.86325433325628,3.70668537536679e-20,1.99992531184709e-07,5.42089843328695e-17,0.000137007917997978
"Lcu.1GRN.Chr3p238331796",3,238331796,1,0.486024844720497,19.4307599339935,19.4307599339935,"GLM","DTF_Sask_2017_b",16.69140702668,16.69140702668,3.7088568050028e-20,3.7088568050028e-20,2.03513382859441e-17,2.03513382859441e-17
"Lcu.1GRN.Chr6p21968352",6,21968352,1,0.295031055900621,19.4278511356932,19.4278511356932,"GLM","DTF_Sask_2017_b",16.6901644587888,16.6901644587888,3.73378119702311e-20,3.73378119702311e-20,2.04096492499184e-17,2.04096492499184e-17
"Lcu.1GRN.Chr6p21968372",6,21968372,1,0.295031055900621,19.4278511356932,19.4278511356932,"GLM","DTF_Sask_2017_b",16.6901644587888,16.6901644587888,3.73378119702311e-20,3.73378119702311e-20,2.04096492499184e-17,2.04096492499184e-17
"Lcu.1GRN.Chr5p231762397",5,231762397,1,0.31055900621118,19.4269712019403,19.4269712019403,"GLM","DTF_Sask_2017_b",16.6901644587888,16.6901644587888,3.7413539636128e-20,3.7413539636128e-20,2.04096492499184e-17,2.04096492499184e-17
"Lcu.1GRN.Chr5p404862253",5,404862253,1,0.321428571428571,19.4264477344007,19.4264477344007,"GLM","DTF_Sask_2017_b",16.6901644587888,16.6901644587888,3.74586624321723e-20,3.74586624321723e-20,2.04096492499184e-17,2.04096492499184e-17
"Lcu.1GRN.Chr1p367587823",1,367587823,2,0.398387096774194,19.4262783458367,16.6979914032439,"GLM;MLM","Cotyledon_Color_RvsY",16.263076943897,13.2430600287182,3.74732753431149e-20,2.00451170580526e-17,5.4566117780682e-17,5.71399651649658e-14
"Lcu.1GRN.Chr2p54304915",2,54304915,1,0.313664596273292,19.4259893655318,19.4259893655318,"GLM","DTF_Sask_2017_b",16.6901644587888,16.6901644587888,3.74982184234767e-20,3.74982184234767e-20,2.04096492499184e-17,2.04096492499184e-17
"Lcu.1GRN.Chr1p446647193",1,446647193,2,0.254658385093168,19.4240951741476,8.10145440639367,"GLM","DTF_Sask_2017_b;DTF_Nepal_2017",16.6894438535013,5.41033159605422,3.76621254682102e-20,7.91672562547646e-09,2.04435421730639e-17,3.88748211454692e-06
"Lcu.1GRN.Chr2p201861319",2,201861319,1,0.262422360248447,19.4238655458349,19.4238655458349,"GLM","DTF_Sask_2017_b",16.6894438535013,16.6894438535013,3.76820441580167e-20,3.76820441580167e-20,2.04435421730639e-17,2.04435421730639e-17
"Lcu.1GRN.Chr1p437610163",1,437610163,1,0.383540372670807,19.4183231324852,19.4183231324852,"GLM","DTF_Sask_2017_b",16.6853001353441,16.6853001353441,3.81660194703301e-20,3.81660194703301e-20,2.06395329118594e-17,2.06395329118594e-17
"Lcu.1GRN.Chr1p437610216",1,437610216,1,0.383540372670807,19.4183231324852,19.4183231324852,"GLM","DTF_Sask_2017_b",16.6853001353441,16.6853001353441,3.81660194703301e-20,3.81660194703301e-20,2.06395329118594e-17,2.06395329118594e-17
"Lcu.1GRN.Chr5p420458002",5,420458002,1,0.332298136645963,19.4105183496968,19.4105183496968,"GLM","DTF_Sask_2017_b",16.6781930145241,16.6781930145241,3.88581079381465e-20,3.88581079381465e-20,2.0980072540659e-17,2.0980072540659e-17
"Lcu.1GRN.Chr1p436049603",1,436049603,2,0.468944099378882,19.4074512534696,7.66001525084899,"GLM","DTF_Sask_2017_b;DTF_Sask_2017",16.6764350911794,4.56617115989152,3.913350492952e-20,2.18768479903531e-08,2.1065167114139e-17,2.71536890331037e-05
"Lcu.1GRN.Chr2p135413841",2,135413841,1,0.262422360248447,19.4073684556672,19.4073684556672,"GLM","DTF_Sask_2017_b",16.6764350911794,16.6764350911794,3.91409664037699e-20,3.91409664037699e-20,2.1065167114139e-17,2.1065167114139e-17
"Lcu.1GRN.Chr2p128513503",2,128513503,1,0.458074534161491,19.4017752916519,19.4017752916519,"GLM","DTF_Sask_2017_b",16.6715362430304,16.6715362430304,3.96483125563435e-20,3.96483125563435e-20,2.13041277150792e-17,2.13041277150792e-17
"Lcu.1GRN.Chr4p440559049",4,440559049,1,0.299689440993789,19.3978718127905,19.3978718127905,"GLM","DTF_Sask_2017_b",16.6683259717893,16.6683259717893,4.00062815659829e-20,4.00062815659829e-20,2.14621896515231e-17,2.14621896515231e-17
"Lcu.1GRN.Chr3p332450504",3,332450504,1,0.386645962732919,19.391806209342,19.391806209342,"GLM","DTF_Sask_2017_b",16.6629524712473,16.6629524712473,4.05689521633118e-20,4.05689521633118e-20,2.17293897011413e-17,2.17293897011413e-17
"Lcu.1GRN.Chr1p367682602",1,367682602,2,0.333870967741935,19.3869284291281,15.6992296312623,"GLM;MLM","Cotyledon_Color_RvsY",16.2256030321871,12.3185442851086,4.10271709382276e-20,1.99880473112912e-16,5.94835620990465e-17,4.80237107854078e-13
"Lcu.1GRN.Chr4p486513216",4,486513216,1,0.242236024844721,19.3815895520744,19.3815895520744,"GLM","DTF_Sask_2017_b",16.6538559060818,16.6538559060818,4.15346397455887e-20,4.15346397455887e-20,2.21893251398772e-17,2.21893251398772e-17
"Lcu.1GRN.Chr2p314231578",2,314231578,1,0.419254658385093,19.3813287384601,19.3813287384601,"GLM","DTF_Sask_2017_b",16.6538559060818,16.6538559060818,4.15595906795929e-20,4.15595906795929e-20,2.21893251398772e-17,2.21893251398772e-17
"Lcu.1GRN.Chr6p278085089",6,278085089,1,0.237577639751553,19.3790316609456,19.3790316609456,"GLM","DTF_Sask_2017_b",16.6522476383578,16.6522476383578,4.17799907078633e-20,4.17799907078633e-20,2.22716483905418e-17,2.22716483905418e-17
"Lcu.1GRN.Chr4p440561453",4,440561453,1,0.299689440993789,19.375648456836,19.375648456836,"GLM","DTF_Sask_2017_b",16.6495521532865,16.6495521532865,4.21067326812128e-20,4.21067326812128e-20,2.24103091009201e-17,2.24103091009201e-17
"Lcu.1GRN.Chr1p248361933",1,248361933,1,0.335483870967742,19.3703950671196,19.3703950671196,"GLM","Cotyledon_Color_RvsY",16.2109376063137,16.2109376063137,4.26191646242051e-20,4.26191646242051e-20,6.15265259534335e-17,6.15265259534335e-17
"Lcu.1GRN.Chr3p344049630",3,344049630,2,0.468944099378882,19.3691649315194,8.86077040212411,"GLM","DTF_Sask_2017_b;DTF_Nepal_2017",16.6437552597049,5.98133999040685,4.27400541911229e-20,1.37793774885213e-09,2.27114436147005e-17,1.04390267290123e-06
"Lcu.1GRN.Chr2p400740191",2,400740191,1,0.363354037267081,19.3677363769889,19.3677363769889,"GLM","DTF_Sask_2017_b",16.6435477670842,16.6435477670842,4.28808734495939e-20,4.28808734495939e-20,2.27222970403457e-17,2.27222970403457e-17
"Lcu.1GRN.Chr2p314222505",2,314222505,1,0.422360248447205,19.3675874236241,19.3675874236241,"GLM","DTF_Sask_2017_b",16.6435477670842,16.6435477670842,4.28955831595238e-20,4.28955831595238e-20,2.27222970403457e-17,2.27222970403457e-17
"Lcu.1GRN.Chr3p220399363",3,220399363,1,0.332298136645963,19.3666245625498,19.3666245625498,"GLM","DTF_Sask_2017_b",16.6432682963663,16.6432682963663,4.29907911534232e-20,4.29907911534232e-20,2.27369236602256e-17,2.27369236602256e-17
"Lcu.1GRN.Chr2p54305397",2,54305397,1,0.236024844720497,19.3646692431088,19.3646692431088,"GLM","DTF_Sask_2017_b",16.6419952936122,16.6419952936122,4.31847845160324e-20,4.31847845160324e-20,2.28036678387822e-17,2.28036678387822e-17
"Lcu.1GRN.Chr3p348855019",3,348855019,1,0.302795031055901,19.362280200867,19.362280200867,"GLM","DTF_Sask_2017_b",16.6402874977563,16.6402874977563,4.34229974526978e-20,4.34229974526978e-20,2.2893516276131e-17,2.2893516276131e-17
"Lcu.1GRN.Chr4p417443160",4,417443160,1,0.335403726708075,19.3588979555804,19.3588979555804,"GLM","DTF_Sask_2017_b",16.6375854319069,16.6375854319069,4.37624920037969e-20,4.37624920037969e-20,2.30363977274509e-17,2.30363977274509e-17
"Lcu.1GRN.Chr3p346350820",3,346350820,1,0.478260869565217,19.3540836661579,19.3540836661579,"GLM","DTF_Sask_2017_b",16.6340536394139,16.6340536394139,4.42503116612069e-20,4.42503116612069e-20,2.32244993444221e-17,2.32244993444221e-17
"Lcu.1GRN.Chr2p103156260",2,103156260,1,0.364906832298137,19.3536878678232,19.3536878678232,"GLM","DTF_Sask_2017_b",16.6340536394139,16.6340536394139,4.42906579784723e-20,4.42906579784723e-20,2.32244993444221e-17,2.32244993444221e-17
"Lcu.1GRN.Chr3p332305208",3,332305208,1,0.381987577639752,19.3533319931769,19.3533319931769,"GLM","DTF_Sask_2017_b",16.6340536394139,16.6340536394139,4.43269660196125e-20,4.43269660196125e-20,2.32244993444221e-17,2.32244993444221e-17
"Lcu.1GRN.Chr6p219683583",6,219683583,1,0.220496894409938,19.3525345468119,19.3525345468119,"GLM","DTF_Sask_2017_b",16.6339321379043,16.6339321379043,4.44084334395465e-20,4.44084334395465e-20,2.32309977150232e-17,2.32309977150232e-17
"Lcu.1GRN.Chr3p158675883",3,158675883,1,0.476708074534162,19.3506437630607,19.3506437630607,"GLM","DTF_Sask_2017_b",16.6327162485886,16.6327162485886,4.46021954973858e-20,4.46021954973858e-20,2.32961284050764e-17,2.32961284050764e-17
"Lcu.1GRN.Chr1p263734719",1,263734719,1,0.335483870967742,19.3503294528359,19.3503294528359,"GLM","Cotyledon_Color_RvsY",16.1927319284141,16.1927319284141,4.46344869513022e-20,4.46344869513022e-20,6.4160549027131e-17,6.4160549027131e-17
"Lcu.1GRN.Chr3p332525778",3,332525778,1,0.37888198757764,19.3415413709263,19.3415413709263,"GLM","DTF_Sask_2017_b",16.6242877037297,16.6242877037297,4.55468796105991e-20,4.55468796105991e-20,2.37526624092688e-17,2.37526624092688e-17
"Lcu.1GRN.Chr3p224223254",3,224223254,1,0.475155279503106,19.3405268071137,19.3405268071137,"GLM","DTF_Sask_2017_b",16.6239459432769,16.6239459432769,4.56534069465549e-20,4.56534069465549e-20,2.37713615083465e-17,2.37713615083465e-17
"Lcu.1GRN.Chr3p240449106",3,240449106,1,0.481366459627329,19.3394791022809,19.3394791022809,"GLM","DTF_Sask_2017_b",16.6235700011178,16.6235700011178,4.57636755277217e-20,4.57636755277217e-20,2.37919478303449e-17,2.37919478303449e-17
"Lcu.1GRN.Chr2p314222430",2,314222430,1,0.425465838509317,19.3382448364635,19.3382448364635,"GLM","DTF_Sask_2017_b",16.6230064605022,16.6230064605022,4.58939209796537e-20,4.58939209796537e-20,2.38228403058074e-17,2.38228403058074e-17
"Lcu.1GRN.Chr6p21969253",6,21969253,1,0.293478260869565,19.3361454672347,19.3361454672347,"GLM","DTF_Sask_2017_b",16.622635132855,16.622635132855,4.61163081797426e-20,4.61163081797426e-20,2.38432178663034e-17,2.38432178663034e-17
"Lcu.1GRN.Chr6p21969265",6,21969265,1,0.293478260869565,19.3361454672347,19.3361454672347,"GLM","DTF_Sask_2017_b",16.622635132855,16.622635132855,4.61163081797426e-20,4.61163081797426e-20,2.38432178663034e-17,2.38432178663034e-17
"Lcu.1GRN.Chr2p415394295",2,415394295,1,0.187888198757764,19.3358675261186,19.3358675261186,"GLM","DTF_Sask_2017_b",16.622635132855,16.622635132855,4.61458312823896e-20,4.61458312823896e-20,2.38432178663034e-17,2.38432178663034e-17
"Lcu.1GRN.Chr4p486926633",4,486926633,1,0.245341614906832,19.3329652316107,19.3329652316107,"GLM","DTF_Sask_2017_b",16.6216101875264,16.6216101875264,4.6455246449196e-20,4.6455246449196e-20,2.38995548809633e-17,2.38995548809633e-17
"Lcu.1GRN.Chr3p240395253",3,240395253,1,0.450310559006211,19.332845821034,19.332845821034,"GLM","DTF_Sask_2017_b",16.6216101875264,16.6216101875264,4.64680212153688e-20,4.64680212153688e-20,2.38995548809633e-17,2.38995548809633e-17
"Lcu.1GRN.Chr3p240395597",3,240395597,1,0.450310559006211,19.332845821034,19.332845821034,"GLM","DTF_Sask_2017_b",16.6216101875264,16.6216101875264,4.64680212153688e-20,4.64680212153688e-20,2.38995548809633e-17,2.38995548809633e-17
"Lcu.1GRN.Chr2p109565078",2,109565078,1,0.312111801242236,19.3280456918811,19.3280456918811,"GLM","DTF_Sask_2017_b",16.6181361494249,16.6181361494249,4.69844673907745e-20,4.69844673907745e-20,2.40915005226107e-17,2.40915005226107e-17
"Lcu.1GRN.Chr2p113462352",2,113462352,1,0.312111801242236,19.3280456918811,19.3280456918811,"GLM","DTF_Sask_2017_b",16.6181361494249,16.6181361494249,4.69844673907745e-20,4.69844673907745e-20,2.40915005226107e-17,2.40915005226107e-17
"Lcu.1GRN.Chr6p278095489",6,278095489,1,0.246894409937888,19.3267841429298,19.3267841429298,"GLM","DTF_Sask_2017_b",16.6175361306577,16.6175361306577,4.71211474098973e-20,4.71211474098973e-20,2.4124808205213e-17,2.4124808205213e-17
"Lcu.1GRN.Chr5p6639227",5,6639227,1,0.237577639751553,19.3249235382651,19.3249235382651,"GLM","DTF_Sask_2017_b",16.6163360500472,16.6163360500472,4.73234569140503e-20,4.73234569140503e-20,2.41915641820796e-17,2.41915641820796e-17
"Lcu.1GRN.Chr4p439338144",4,439338144,1,0.305900621118012,19.3214075107905,19.3214075107905,"GLM","DTF_Sask_2017_b",16.6135318665935,16.6135318665935,4.77081404596754e-20,4.77081404596754e-20,2.43482713663398e-17,2.43482713663398e-17
"Lcu.1GRN.Chr6p237365204",6,237365204,1,0.329192546583851,19.3208013128835,19.3208013128835,"GLM","DTF_Sask_2017_b",16.6135318665935,16.6135318665935,4.7774779041298e-20,4.7774779041298e-20,2.43482713663398e-17,2.43482713663398e-17
"Lcu.1GRN.Chr1p367500108",1,367500108,2,0.35,19.3189197010976,15.5171678512153,"GLM;MLM","Cotyledon_Color_RvsY",16.1631741815375,12.1406143713693,4.79822157180012e-20,3.0397099759223e-16,6.86792934230506e-17,7.2341186681499e-13
"Lcu.1GRN.Chr1p367622297",1,367622297,2,0.348387096774194,19.3143346701221,14.9470890592475,"GLM;MLM","Cotyledon_Color_RvsY",16.1604332912603,11.593743248799,4.84914677774933e-20,1.12956425513731e-15,6.91141082284411e-17,2.54833636210773e-12
"Lcu.1GRN.Chr3p225602235",3,225602235,1,0.380434782608696,19.3095858108229,19.3095858108229,"GLM","DTF_Sask_2017_b",16.6029738884767,16.6029738884767,4.90246147092504e-20,4.90246147092504e-20,2.49474471647601e-17,2.49474471647601e-17
"Lcu.1GRN.Chr1p361295000",1,361295000,2,0.158064516129032,19.3075579578053,9.87032737509432,"GLM;MLM","Cotyledon_Color_RvsY",16.1554929219835,6.84594111324688,4.92540608050726e-20,1.34794640537687e-10,6.99048129570458e-17,1.42580090735032e-07
"Lcu.1GRN.Chr4p420566249",4,420566249,1,0.375776397515528,19.3073479692326,19.3073479692326,"GLM","DTF_Sask_2017_b",16.6013925768404,16.6013925768404,4.92778817174205e-20,4.92778817174205e-20,2.50384490024828e-17,2.50384490024828e-17
"Lcu.1GRN.Chr6p342297255",6,342297255,1,0.350931677018634,19.304626470284,19.304626470284,"GLM","DTF_Sask_2017_b",16.5999271944641,16.5999271944641,4.95876502870576e-20,4.95876502870576e-20,2.51230756181487e-17,2.51230756181487e-17
"Lcu.1GRN.Chr3p346519843",3,346519843,1,0.313664596273292,19.3045724969279,19.3045724969279,"GLM","DTF_Sask_2017_b",16.5999271944641,16.5999271944641,4.95938133361796e-20,4.95938133361796e-20,2.51230756181487e-17,2.51230756181487e-17
"Lcu.1GRN.Chr2p54577849",2,54577849,1,0.240683229813665,19.2957619804166,19.2957619804166,"GLM","DTF_Sask_2017_b",16.5924589501968,16.5924589501968,5.0610196042288e-20,5.0610196042288e-20,2.55588347345232e-17,2.55588347345232e-17
"Lcu.1GRN.Chr4p439345815",4,439345815,1,0.309006211180124,19.2952228410292,19.2952228410292,"GLM","DTF_Sask_2017_b",16.5924589501968,16.5924589501968,5.06730632782766e-20,5.06730632782766e-20,2.55588347345232e-17,2.55588347345232e-17
"Lcu.1GRN.Chr3p332526896",3,332526896,1,0.380434782608696,19.2951464981122,19.2951464981122,"GLM","DTF_Sask_2017_b",16.5924589501968,16.5924589501968,5.06819716795255e-20,5.06819716795255e-20,2.55588347345232e-17,2.55588347345232e-17
"Lcu.1GRN.Chr2p551395744",2,551395744,1,0.27639751552795,19.2934983141735,19.2934983141735,"GLM","DTF_Sask_2017_b",16.5916768996054,16.5916768996054,5.0874679447327e-20,5.0874679447327e-20,2.56049009644893e-17,2.56049009644893e-17
"Lcu.1GRN.Chr5p420457981",5,420457981,1,0.330745341614907,19.2930641636694,19.2930641636694,"GLM","DTF_Sask_2017_b",16.5916768996054,16.5916768996054,5.09255626896911e-20,5.09255626896911e-20,2.56049009644893e-17,2.56049009644893e-17
"Lcu.1GRN.Chr2p425612987",2,425612987,1,0.169254658385093,19.2914412858715,19.2914412858715,"GLM","DTF_Sask_2017_b",16.5907027067404,16.5907027067404,5.11162180567677e-20,5.11162180567677e-20,2.56624013717922e-17,2.56624013717922e-17
"Lcu.1GRN.Chr2p117059436",2,117059436,1,0.31832298136646,19.2904115915192,19.2904115915192,"GLM","DTF_Sask_2017_b",16.5903207298563,16.5903207298563,5.12375562943099e-20,5.12375562943099e-20,2.56849822623668e-17,2.56849822623668e-17
"Lcu.1GRN.Chr2p398654989",2,398654989,1,0.313664596273292,19.2867721854913,19.2867721854913,"GLM","DTF_Sask_2017_b",16.590068367114,16.590068367114,5.16687332888593e-20,5.16687332888593e-20,2.56999118009121e-17,2.56999118009121e-17
"Lcu.1GRN.Chr2p133088780",2,133088780,1,0.256211180124224,19.2855186438073,19.2855186438073,"GLM","DTF_Sask_2017_b",16.590068367114,16.590068367114,5.18180846568607e-20,5.18180846568607e-20,2.56999118009121e-17,2.56999118009121e-17
"Lcu.1GRN.Chr2p125617868",2,125617868,1,0.374223602484472,19.2849521021321,19.2849521021321,"GLM","DTF_Sask_2017_b",16.590068367114,16.590068367114,5.18857259978501e-20,5.18857259978501e-20,2.56999118009121e-17,2.56999118009121e-17
"Lcu.1GRN.Chr5p395213806",5,395213806,1,0.377329192546584,19.284523658578,19.284523658578,"GLM","DTF_Sask_2017_b",16.590068367114,16.590068367114,5.19369379627661e-20,5.19369379627661e-20,2.56999118009121e-17,2.56999118009121e-17
"Lcu.1GRN.Chr5p408826506",5,408826506,1,0.377329192546584,19.284523658578,19.284523658578,"GLM","DTF_Sask_2017_b",16.590068367114,16.590068367114,5.19369379627661e-20,5.19369379627661e-20,2.56999118009121e-17,2.56999118009121e-17
"Lcu.1GRN.Chr5p408826510",5,408826510,1,0.377329192546584,19.284523658578,19.284523658578,"GLM","DTF_Sask_2017_b",16.590068367114,16.590068367114,5.19369379627661e-20,5.19369379627661e-20,2.56999118009121e-17,2.56999118009121e-17
"Lcu.1GRN.Chr1p445788717",1,445788717,2,0.279503105590062,19.2830973742894,8.04598123387267,"GLM","DTF_Sask_2017_b;DTF_Sask_2017",16.590068367114,4.74961677341907,5.21077865790105e-20,8.99536450204531e-09,2.56999118009121e-17,1.7798492773291e-05
"Lcu.1GRN.Chr1p445791283",1,445791283,2,0.279503105590062,19.2830973742894,8.04598123387267,"GLM","DTF_Sask_2017_b;DTF_Sask_2017",16.590068367114,4.74961677341907,5.21077865790105e-20,8.99536450204531e-09,2.56999118009121e-17,1.7798492773291e-05
"Lcu.1GRN.Chr1p445792800",1,445792800,2,0.279503105590062,19.2830973742894,8.04598123387267,"GLM","DTF_Sask_2017_b;DTF_Sask_2017",16.590068367114,4.74961677341907,5.21077865790105e-20,8.99536450204531e-09,2.56999118009121e-17,1.7798492773291e-05
"Lcu.1GRN.Chr1p446608224",1,446608224,2,0.279503105590062,19.2830973742894,8.04598123387267,"GLM","DTF_Sask_2017_b;DTF_Sask_2017",16.590068367114,4.74961677341907,5.21077865790105e-20,8.99536450204531e-09,2.56999118009121e-17,1.7798492773291e-05
"Lcu.1GRN.Chr2p401972253",2,401972253,1,0.319875776397516,19.281286344331,19.281286344331,"GLM","DTF_Sask_2017_b",16.5888936661806,16.5888936661806,5.23255323748792e-20,5.23255323748792e-20,2.57695202757555e-17,2.57695202757555e-17
"Lcu.1GRN.Chr2p415404102",2,415404102,1,0.186335403726708,19.2793785179822,19.2793785179822,"GLM","DTF_Sask_2017_b",16.5876212378704,16.5876212378704,5.25559005326042e-20,5.25559005326042e-20,2.5845132448027e-17,2.5845132448027e-17
"Lcu.1GRN.Chr2p135400076",2,135400076,1,0.268633540372671,19.2759381310737,19.2759381310737,"GLM","DTF_Sask_2017_b",16.5848153207342,16.5848153207342,5.29738904309014e-20,5.29738904309014e-20,2.60126548942643e-17,2.60126548942643e-17
"Lcu.1GRN.Chr4p440120091",4,440120091,1,0.335403726708075,19.2746390108377,19.2746390108377,"GLM","DTF_Sask_2017_b",16.5841497447126,16.5841497447126,5.31325903214896e-20,5.31325903214896e-20,2.60525510330444e-17,2.60525510330444e-17
"Lcu.1GRN.Chr1p287083912",1,287083912,1,0.338709677419355,19.2737599117311,19.2737599117311,"GLM","Cotyledon_Color_RvsY",16.1235234869558,16.1235234869558,5.32402502631777e-20,5.32402502631777e-20,7.52448036145979e-17,7.52448036145979e-17
"Lcu.1GRN.Chr1p385772554",1,385772554,2,0.146774193548387,19.2673201584039,5.32313625019292,"GLM;MLM","Cotyledon_Color_RvsY",16.1189046775202,2.58449123950222,5.40355830102824e-20,4.7518612352316e-06,7.60493177841827e-17,0.00260320734220057
"Lcu.1GRN.Chr4p180957935",4,180957935,1,0.453416149068323,19.2669177244646,19.2669177244646,"GLM","DTF_Sask_2017_b",16.5771469426225,16.5771469426225,5.40856776621274e-20,5.40856776621274e-20,2.64760417574968e-17,2.64760417574968e-17
"Lcu.1GRN.Chr5p45010185",5,45010185,1,0.377329192546584,19.2663320784938,19.2663320784938,"GLM","DTF_Sask_2017_b",16.5771469426225,16.5771469426225,5.41586613794713e-20,5.41586613794713e-20,2.64760417574968e-17,2.64760417574968e-17
"Lcu.1GRN.Chr5p417929937",5,417929937,1,0.313664596273292,19.2657411025468,19.2657411025468,"GLM","DTF_Sask_2017_b",16.5771469426225,16.5771469426225,5.4232409157008e-20,5.4232409157008e-20,2.64760417574968e-17,2.64760417574968e-17
"Lcu.1GRN.Chr1p367658998",1,367658998,2,0.338709677419355,19.2652329021322,17.4589915212473,"GLM;MLM","Cotyledon_Color_RvsY",16.1186307620119,13.914449372455,5.42959076950085e-20,3.47542946475157e-18,7.60972982651955e-17,1.21772894038551e-14
"Lcu.1GRN.Chr6p2134405",6,2134405,1,0.361801242236025,19.2628926134289,19.2628926134289,"GLM","DTF_Sask_2017_b",16.5749283223343,16.5749283223343,5.45892825531661e-20,5.45892825531661e-20,2.66116423254505e-17,2.66116423254505e-17
"Lcu.1GRN.Chr2p131960034",2,131960034,1,0.288819875776398,19.2617271494599,19.2617271494599,"GLM","DTF_Sask_2017_b",16.5743918150023,16.5743918150023,5.47359739990153e-20,5.47359739990153e-20,2.66445374328897e-17,2.66445374328897e-17
"Lcu.1GRN.Chr2p135309003",2,135309003,1,0.265527950310559,19.2609019455443,19.2609019455443,"GLM","DTF_Sask_2017_b",16.5741946581691,16.5741946581691,5.48400768172172e-20,5.48400768172172e-20,2.66566360097932e-17,2.66566360097932e-17
"Lcu.1GRN.Chr5p3937524",5,3937524,1,0.234472049689441,19.2568616016569,19.2568616016569,"GLM","DTF_Sask_2017_b",16.5707814544368,16.5707814544368,5.53526475587488e-20,5.53526475587488e-20,2.68669610409721e-17,2.68669610409721e-17
"Lcu.1GRN.Chr2p314230388",2,314230388,1,0.422360248447205,19.2547388676274,19.2547388676274,"GLM","DTF_Sask_2017_b",16.5692849562504,16.5692849562504,5.56238611619039e-20,5.56238611619039e-20,2.69596992902682e-17,2.69596992902682e-17
"Lcu.1GRN.Chr6p1447370",6,1447370,1,0.430124223602484,19.2531098756874,19.2531098756874,"GLM","DTF_Sask_2017_b",16.5682812984457,16.5682812984457,5.58328920699298e-20,5.58328920699298e-20,2.70220754055915e-17,2.70220754055915e-17
"Lcu.1GRN.Chr4p440368207",4,440368207,1,0.225155279503106,19.2488297990182,19.2488297990182,"GLM","DTF_Sask_2017_b",16.5647335325703,16.5647335325703,5.63858589977233e-20,5.63858589977233e-20,2.72437237199642e-17,2.72437237199642e-17
"Lcu.1GRN.Chr5p372439044",5,372439044,1,0.305900621118012,19.2483141363042,19.2483141363042,"GLM","DTF_Sask_2017_b",16.5647335325703,16.5647335325703,5.64528489204204e-20,5.64528489204204e-20,2.72437237199642e-17,2.72437237199642e-17
"Lcu.1GRN.Chr1p359991374",1,359991374,2,0.193548387096774,19.246109348751,11.8880317057411,"GLM;MLM","Cotyledon_Color_RvsY",16.101313009494,8.75535051132136,5.67401724289706e-20,1.29410136191553e-12,7.91930355992346e-17,1.75650539758579e-09
"Lcu.1GRN.Chr3p235923656",3,235923656,1,0.496894409937888,19.2422226882118,19.2422226882118,"GLM","DTF_Sask_2017_b",16.5600742007792,16.5600742007792,5.72502400206864e-20,5.72502400206864e-20,2.753758173624e-17,2.753758173624e-17
"Lcu.1GRN.Chr4p420244260",4,420244260,1,0.316770186335404,19.2420040953426,19.2420040953426,"GLM","DTF_Sask_2017_b",16.5600742007792,16.5600742007792,5.72790629616462e-20,5.72790629616462e-20,2.753758173624e-17,2.753758173624e-17
"Lcu.1GRN.Chr3p332449238",3,332449238,1,0.385093167701863,19.2405504704812,19.2405504704812,"GLM","DTF_Sask_2017_b",16.5600742007792,16.5600742007792,5.74711026314724e-20,5.74711026314724e-20,2.753758173624e-17,2.753758173624e-17
"Lcu.1GRN.Chr3p332450335",3,332450335,1,0.385093167701863,19.2405504704812,19.2405504704812,"GLM","DTF_Sask_2017_b",16.5600742007792,16.5600742007792,5.74711026314724e-20,5.74711026314724e-20,2.753758173624e-17,2.753758173624e-17
"Lcu.1GRN.Chr3p332451211",3,332451211,1,0.385093167701863,19.2405504704812,19.2405504704812,"GLM","DTF_Sask_2017_b",16.5600742007792,16.5600742007792,5.74711026314724e-20,5.74711026314724e-20,2.753758173624e-17,2.753758173624e-17
"Lcu.1GRN.Chr2p314230784",2,314230784,1,0.420807453416149,19.2345201115901,19.2345201115901,"GLM","DTF_Sask_2017_b",16.5551757165927,16.5551757165927,5.82746787955935e-20,5.82746787955935e-20,2.78499412531627e-17,2.78499412531627e-17
"Lcu.1GRN.Chr4p181401701",4,181401701,1,0.461180124223602,19.2344164392825,19.2344164392825,"GLM","DTF_Sask_2017_b",16.5551757165927,16.5551757165927,5.82885914558399e-20,5.82885914558399e-20,2.78499412531627e-17,2.78499412531627e-17
"Lcu.1GRN.Chr5p3943837",5,3943837,1,0.234472049689441,19.2305967738646,19.2305967738646,"GLM","DTF_Sask_2017_b",16.5519725090241,16.5519725090241,5.88035067654759e-20,5.88035067654759e-20,2.80561122839473e-17,2.80561122839473e-17
"Lcu.1GRN.Chr3p224169929",3,224169929,1,0.468944099378882,19.2291821596836,19.2291821596836,"GLM","DTF_Sask_2017_b",16.5511734789035,16.5511734789035,5.89953579218978e-20,5.89953579218978e-20,2.81077784109278e-17,2.81077784109278e-17
"Lcu.1GRN.Chr1p283448720",1,283448720,1,0.351612903225806,19.2267554368504,19.2267554368504,"GLM","Cotyledon_Color_RvsY",16.0852037782359,16.0852037782359,5.9325931114313e-20,5.9325931114313e-20,8.21856930441128e-17,8.21856930441128e-17
"Lcu.1GRN.Chr1p364568672",1,364568672,2,0.487096774193548,19.2264108864695,7.81811459874694,"GLM;MLM","Cotyledon_Color_RvsY",16.0852037782359,4.90725126857147,5.93730164068396e-20,1.52014635066965e-08,8.21856930441128e-17,1.23808006667239e-05
"Lcu.1GRN.Chr2p553914868",2,553914868,1,0.254658385093168,19.2225015372324,19.2225015372324,"GLM","DTF_Sask_2017_b",16.5451075691974,16.5451075691974,5.99098818032443e-20,5.99098818032443e-20,2.85031219413181e-17,2.85031219413181e-17
"Lcu.1GRN.Chr1p434703257",1,434703257,2,0.493788819875776,19.2217132849461,6.77488349273091,"GLM","DTF_Sask_2017_b;DTF_Sask_2017",16.544933160804,4.03967469305067,6.00187180549218e-20,1.67925444776794e-07,2.85145708135309e-17,9.12694234192699e-05
"Lcu.1GRN.Chr2p580390351",2,580390351,1,0.257763975155279,19.2202807808103,19.2202807808103,"GLM","DTF_Sask_2017_b",16.5441136341615,16.5441136341615,6.02170144126335e-20,6.02170144126335e-20,2.85684294597098e-17,2.85684294597098e-17
"Lcu.1GRN.Chr4p417442406",4,417442406,1,0.361801242236025,19.2195351286898,19.2195351286898,"GLM","DTF_Sask_2017_b",16.543980095577,16.543980095577,6.03204914639482e-20,6.03204914639482e-20,2.85772151440195e-17,2.85772151440195e-17
"Lcu.1GRN.Chr3p332263803",3,332263803,1,0.391304347826087,19.2146635806876,19.2146635806876,"GLM","DTF_Sask_2017_b",16.5397197995854,16.5397197995854,6.1000924822819e-20,6.1000924822819e-20,2.8858928382387e-17,2.8858928382387e-17
"Lcu.1GRN.Chr5p260462090",5,260462090,1,0.324534161490683,19.2139381887429,19.2139381887429,"GLM","DTF_Sask_2017_b",16.5396048005479,16.5396048005479,6.11028983832315e-20,6.11028983832315e-20,2.88665710961692e-17,2.88665710961692e-17
"Lcu.1GRN.Chr2p133088910",2,133088910,1,0.256211180124224,19.2117933689559,19.2117933689559,"GLM","DTF_Sask_2017_b",16.5382032891079,16.5382032891079,6.14054093745517e-20,6.14054093745517e-20,2.89598768614863e-17,2.89598768614863e-17
"Lcu.1GRN.Chr5p394115181",5,394115181,1,0.380434782608696,19.2102718840778,19.2102718840778,"GLM","DTF_Sask_2017_b",16.5382032891079,16.5382032891079,6.16209111857554e-20,6.16209111857554e-20,2.89598768614863e-17,2.89598768614863e-17
"Lcu.1GRN.Chr5p408825347",5,408825347,1,0.383540372670807,19.20786972548,19.20786972548,"GLM","DTF_Sask_2017_b",16.5382032891079,16.5382032891079,6.1962691555279e-20,6.1962691555279e-20,2.89598768614863e-17,2.89598768614863e-17
"Lcu.1GRN.Chr2p134727901",2,134727901,1,0.262422360248447,19.2064794733701,19.2064794733701,"GLM","DTF_Sask_2017_b",16.5382032891079,16.5382032891079,6.21613627198659e-20,6.21613627198659e-20,2.89598768614863e-17,2.89598768614863e-17
"Lcu.1GRN.Chr2p135303433",2,135303433,1,0.262422360248447,19.2064794733701,19.2064794733701,"GLM","DTF_Sask_2017_b",16.5382032891079,16.5382032891079,6.21613627198659e-20,6.21613627198659e-20,2.89598768614863e-17,2.89598768614863e-17
"Lcu.1GRN.Chr2p135307708",2,135307708,1,0.262422360248447,19.2064794733701,19.2064794733701,"GLM","DTF_Sask_2017_b",16.5382032891079,16.5382032891079,6.21613627198659e-20,6.21613627198659e-20,2.89598768614863e-17,2.89598768614863e-17
"Lcu.1GRN.Chr2p135307827",2,135307827,1,0.262422360248447,19.2064794733701,19.2064794733701,"GLM","DTF_Sask_2017_b",16.5382032891079,16.5382032891079,6.21613627198659e-20,6.21613627198659e-20,2.89598768614863e-17,2.89598768614863e-17
"Lcu.1GRN.Chr2p135308726",2,135308726,1,0.262422360248447,19.2064794733701,19.2064794733701,"GLM","DTF_Sask_2017_b",16.5382032891079,16.5382032891079,6.21613627198659e-20,6.21613627198659e-20,2.89598768614863e-17,2.89598768614863e-17
"Lcu.1GRN.Chr2p135308803",2,135308803,1,0.262422360248447,19.2064794733701,19.2064794733701,"GLM","DTF_Sask_2017_b",16.5382032891079,16.5382032891079,6.21613627198659e-20,6.21613627198659e-20,2.89598768614863e-17,2.89598768614863e-17
"Lcu.1GRN.Chr2p135475717",2,135475717,1,0.262422360248447,19.2064794733701,19.2064794733701,"GLM","DTF_Sask_2017_b",16.5382032891079,16.5382032891079,6.21613627198659e-20,6.21613627198659e-20,2.89598768614863e-17,2.89598768614863e-17
"Lcu.1GRN.Chr3p444479403",3,444479403,1,0.358695652173913,19.2046596369334,19.2046596369334,"GLM","DTF_Sask_2017_b",16.5372758017803,16.5372758017803,6.24223857382991e-20,6.24223857382991e-20,2.90217901982091e-17,2.90217901982091e-17
"Lcu.1GRN.Chr3p343756360",3,343756360,2,0.462732919254658,19.204350617415,8.28790056595386,"GLM","DTF_Sask_2017_b;DTF_Nepal_2017",16.5372758017803,5.55696720146606,6.2466817801697e-20,5.15346622442952e-09,2.90217901982091e-17,2.77352955762029e-06
"Lcu.1GRN.Chr4p423073885",4,423073885,1,0.459627329192547,19.2034056874752,19.2034056874752,"GLM","DTF_Sask_2017_b",16.5369303122143,16.5369303122143,6.2602879921114e-20,6.2602879921114e-20,2.90448867730005e-17,2.90448867730005e-17
"Lcu.1GRN.Chr5p404677875",5,404677875,1,0.33695652173913,19.2026310322691,19.2026310322691,"GLM","DTF_Sask_2017_b",16.5367542711374,16.5367542711374,6.27146449231341e-20,6.27146449231341e-20,2.90566624915425e-17,2.90566624915425e-17
"Lcu.1GRN.Chr6p329046031",6,329046031,1,0.304347826086957,19.2017462134766,19.2017462134766,"GLM","DTF_Sask_2017_b",16.5364672425038,16.5364672425038,6.28425481433668e-20,6.28425481433668e-20,2.9075872615323e-17,2.9075872615323e-17
"Lcu.1GRN.Chr3p238570209",3,238570209,1,0.493788819875776,19.1986839908759,19.1986839908759,"GLM","DTF_Sask_2017_b",16.5340019883571,16.5340019883571,6.32872185664652e-20,6.32872185664652e-20,2.92413899004756e-17,2.92413899004756e-17
"Lcu.1GRN.Chr1p446418552",1,446418552,3,0.273291925465838,19.1970820431236,7.91156852625529,"GLM;FarmCPU","DTF_Sask_2017_b;DTF_Sask_2017",16.5329961896097,4.30479316629736,6.35210922012404e-20,1.22583346617779e-08,2.93091896028184e-17,4.95686206245342e-05
"Lcu.1GRN.Chr6p21969339",6,21969339,1,0.31832298136646,19.1962363711561,19.1962363711561,"GLM","DTF_Sask_2017_b",16.5327458494447,16.5327458494447,6.36449029884383e-20,6.36449029884383e-20,2.93260891554959e-17,2.93260891554959e-17
"Lcu.1GRN.Chr3p332449975",3,332449975,1,0.386645962732919,19.1917232810245,19.1917232810245,"GLM","DTF_Sask_2017_b",16.5288272761505,16.5288272761505,6.43097348487735e-20,6.43097348487735e-20,2.95918913568774e-17,2.95918913568774e-17
"Lcu.1GRN.Chr1p367989648",1,367989648,2,0.367741935483871,19.1895639692312,16.8845690400303,"GLM;MLM","Cotyledon_Color_RvsY",16.050140413738,13.4108341016818,6.46302790078473e-20,1.30446058134715e-17,8.9096283028822e-17,3.88298665810616e-14
"Lcu.1GRN.Chr4p181478788",4,181478788,1,0.397515527950311,19.1855430437583,19.1855430437583,"GLM","DTF_Sask_2017_b",16.5232407429848,16.5232407429848,6.52314385665543e-20,6.52314385665543e-20,2.99750045031642e-17,2.99750045031642e-17
"Lcu.1GRN.Chr2p135434034",2,135434034,1,0.267080745341615,19.1827162571366,19.1827162571366,"GLM","DTF_Sask_2017_b",16.5210068499459,16.5210068499459,6.56574093691126e-20,6.56574093691126e-20,3.01295850167262e-17,3.01295850167262e-17
"Lcu.1GRN.Chr1p367885988",1,367885988,2,0.348387096774194,19.1804062054562,16.6719305358146,"GLM;MLM","Cotyledon_Color_RvsY",16.0427589079888,13.2206641153752,6.6007577538207e-20,2.1284794630835e-17,9.06235544236493e-17,6.01638866856308e-14
"Lcu.1GRN.Chr4p418175608",4,418175608,1,0.343167701863354,19.179806911685,19.179806911685,"GLM","DTF_Sask_2017_b",16.5191765903709,16.5191765903709,6.60987259127827e-20,6.60987259127827e-20,3.02568289184204e-17,3.02568289184204e-17
"Lcu.1GRN.Chr4p440027109",4,440027109,1,0.346273291925466,19.1797026331186,19.1797026331186,"GLM","DTF_Sask_2017_b",16.5191765903709,16.5191765903709,6.61145988014251e-20,6.61145988014251e-20,3.02568289184204e-17,3.02568289184204e-17
"Lcu.1GRN.Chr3p240805568",3,240805568,1,0.46583850931677,19.1764210834252,19.1764210834252,"GLM","DTF_Sask_2017_b",16.5164855159308,16.5164855159308,6.6616055975444e-20,6.6616055975444e-20,3.04448952449622e-17,3.04448952449622e-17
"Lcu.1GRN.Chr1p356304338",1,356304338,2,0.458064516129032,19.1763861980883,6.89341790097069,"GLM;MLM","Cotyledon_Color_RvsY",16.0415575630884,4.04603241575093,6.66214072220987e-20,1.2781508083598e-07,9.08745842356486e-17,8.99430445513723e-05
"Lcu.1GRN.Chr1p368421673",1,368421673,2,0.358064516129032,19.1756739916606,12.0596785386626,"GLM;MLM","Cotyledon_Color_RvsY",16.0415575630884,8.90577715980086,6.6730750359593e-20,8.71608508962817e-13,9.08745842356486e-17,1.24228957345041e-09
"Lcu.1GRN.Chr6p21967877",6,21967877,1,0.296583850931677,19.1745333036825,19.1745333036825,"GLM","DTF_Sask_2017_b",16.5151874097097,16.5151874097097,6.69062511312351e-20,6.69062511312351e-20,3.05360311726732e-17,3.05360311726732e-17
"Lcu.1GRN.Chr4p486717142",4,486717142,1,0.256211180124224,19.1717968563876,19.1717968563876,"GLM","DTF_Sask_2017_b",16.5130398363788,16.5130398363788,6.73291518418981e-20,6.73291518418981e-20,3.06874049019021e-17,3.06874049019021e-17
"Lcu.1GRN.Chr4p385251380",4,385251380,1,0.327639751552795,19.1695326814421,19.1695326814421,"GLM","DTF_Sask_2017_b",16.5116102409664,16.5116102409664,6.76810859766915e-20,6.76810859766915e-20,3.07885870725271e-17,3.07885870725271e-17
"Lcu.1GRN.Chr2p113455513",2,113455513,1,0.335403726708075,19.1691919030673,19.1691919030673,"GLM","DTF_Sask_2017_b",16.5116102409664,16.5116102409664,6.77342142174175e-20,6.77342142174175e-20,3.07885870725271e-17,3.07885870725271e-17
"Lcu.1GRN.Chr1p444454650",1,444454650,1,0.271739130434783,19.1670558320563,19.1670558320563,"GLM","DTF_Sask_2017_b",16.5106463555035,16.5106463555035,6.80681845930631e-20,6.80681845930631e-20,3.08569960202356e-17,3.08569960202356e-17
"Lcu.1GRN.Chr1p444457691",1,444457691,1,0.271739130434783,19.1670558320563,19.1670558320563,"GLM","DTF_Sask_2017_b",16.5106463555035,16.5106463555035,6.80681845930631e-20,6.80681845930631e-20,3.08569960202356e-17,3.08569960202356e-17
"Lcu.1GRN.Chr5p408824212",5,408824212,1,0.380434782608696,19.1623902227116,19.1623902227116,"GLM","DTF_Sask_2017_b",16.5065656546403,16.5065656546403,6.88033805700309e-20,6.88033805700309e-20,3.11482997472404e-17,3.11482997472404e-17
"Lcu.1GRN.Chr3p351918425",3,351918425,1,0.352484472049689,19.1589011180825,19.1589011180825,"GLM","DTF_Sask_2017_b",16.5036606717965,16.5036606717965,6.93583705972964e-20,6.93583705972964e-20,3.13573481756731e-17,3.13573481756731e-17
"Lcu.1GRN.Chr1p363891780",1,363891780,2,0.119354838709677,19.1527794373675,12.6615625293484,"GLM;MLM","Cotyledon_Color_RvsY",16.0204177363619,9.45903160281423,7.03429475851633e-20,2.17990451380093e-13,9.54074445579783e-17,3.47510872793212e-10
"Lcu.1GRN.Chr2p132573558",2,132573558,1,0.277950310559006,19.1521566861097,19.1521566861097,"GLM","DTF_Sask_2017_b",16.4974995770261,16.4974995770261,7.04438873474307e-20,7.04438873474307e-20,3.18053678595882e-17,3.18053678595882e-17
"Lcu.1GRN.Chr2p134728151",2,134728151,1,0.273291925465838,19.1465630878196,19.1465630878196,"GLM","DTF_Sask_2017_b",16.4924885334604,16.4924885334604,7.13570540716657e-20,7.13570540716657e-20,3.21744748082091e-17,3.21744748082091e-17
"Lcu.1GRN.Chr1p498741727",1,498741727,2,0.0951612903225807,19.1439823146358,9.01673061667961,"GLM;MLM","Cotyledon_Color_RvsY",16.0133682798997,6.04501168342606,7.17823521925847e-20,9.62208930367546e-10,9.69687327709363e-17,9.0154688379092e-07
"Lcu.1GRN.Chr1p434743687",1,434743687,2,0.493788819875776,19.1431612573676,6.8130904103318,"GLM","DTF_Sask_2017_b;DTF_Sask_2017",16.4896684773511,4.06731396712106,7.19181889848453e-20,1.53783446447056e-07,3.23840769401144e-17,8.56418485613522e-05
"Lcu.1GRN.Chr1p368780332",1,368780332,2,0.32741935483871,19.140067635413,12.2497584723374,"GLM;MLM","Cotyledon_Color_RvsY",16.0111942622531,9.07705352965295,7.24323147888253e-20,5.62654151546919e-13,9.74553617142911e-17,8.37426057492844e-10
"Lcu.1GRN.Chr4p105852774",4,105852774,1,0.487577639751553,19.1342400680914,19.1342400680914,"GLM","DTF_Sask_2017_b",16.481328284124,16.481328284124,7.34107957830713e-20,7.34107957830713e-20,3.30119908357812e-17,3.30119908357812e-17
"Lcu.1GRN.Chr1p368656472",1,368656472,2,0.466129032258065,19.1342265592485,11.8487072016186,"GLM;MLM","Cotyledon_Color_RvsY",16.0070868988977,8.72329436056827,7.34130792804956e-20,1.41674862031677e-12,9.83814232603286e-17,1.89106144115116e-09
"Lcu.1GRN.Chr3p226124307",3,226124307,1,0.423913043478261,19.1292886348307,19.1292886348307,"GLM","DTF_Sask_2017_b",16.4769570706983,16.4769570706983,7.42525486787431e-20,7.42525486787431e-20,3.33459373049703e-17,3.33459373049703e-17
"Lcu.1GRN.Chr2p411914437",2,411914437,1,0.333850931677019,19.1262153768353,19.1262153768353,"GLM","DTF_Sask_2017_b",16.4749751933744,16.4749751933744,7.47798557668293e-20,7.47798557668293e-20,3.34984572717874e-17,3.34984572717874e-17
"Lcu.1GRN.Chr6p21969239",6,21969239,1,0.295031055900621,19.1261486382021,19.1261486382021,"GLM","DTF_Sask_2017_b",16.4749751933744,16.4749751933744,7.47913481736089e-20,7.47913481736089e-20,3.34984572717874e-17,3.34984572717874e-17
"Lcu.1GRN.Chr2p231381515",2,231381515,1,0.285714285714286,19.1252838142297,19.1252838142297,"GLM","DTF_Sask_2017_b",16.4746882729895,16.4746882729895,7.49404308750409e-20,7.49404308750409e-20,3.35205956278523e-17,3.35205956278523e-17
"Lcu.1GRN.Chr1p363517540",1,363517540,2,0.12258064516129,19.1231065134731,7.2878224435114,"GLM;MLM","Cotyledon_Color_RvsY",15.9976936724227,4.40604314939426,7.53170821164559e-20,5.15439333172241e-08,1.00532464128039e-16,3.9260592604029e-05
"Lcu.1GRN.Chr1p446625469",1,446625469,2,0.248447204968944,19.1159028952434,7.57845622428864,"GLM","DTF_Sask_2017_b;DTF_Nepal_2017",16.4658844896122,5.02238519850654,7.65767807299761e-20,2.63963437697596e-08,3.4207041173705e-17,9.49762026313573e-06
"Lcu.1GRN.Chr3p40561521",3,40561521,1,0.440993788819876,19.1142194231765,19.1142194231765,"GLM","DTF_Sask_2017_b",16.4647773872144,16.4647773872144,7.68741942561999e-20,7.68741942561999e-20,3.42943529169432e-17,3.42943529169432e-17
"Lcu.1GRN.Chr1p356473128",1,356473128,2,0.480645161290323,19.1130555944443,5.3671951812405,"GLM;MLM","Cotyledon_Color_RvsY",15.9893627337883,2.62428537868136,7.7080479130374e-20,4.29343427268566e-06,1.02479563334571e-16,0.00237527895723759
"Lcu.1GRN.Chr6p379438941",6,379438941,1,0.218944099378882,19.1113289814097,19.1113289814097,"GLM","DTF_Sask_2017_b",16.462462551207,16.462462551207,7.73875359179066e-20,7.73875359179066e-20,3.44776335021172e-17,3.44776335021172e-17
"Lcu.1GRN.Chr2p415393067",2,415393067,1,0.183229813664596,19.1057273444592,19.1057273444592,"GLM","DTF_Sask_2017_b",16.4574357581286,16.4574357581286,7.83921644180587e-20,7.83921644180587e-20,3.48790174190597e-17,3.48790174190597e-17
"Lcu.1GRN.Chr5p404775625",5,404775625,1,0.349378881987578,19.1017357315094,19.1017357315094,"GLM","DTF_Sask_2017_b",16.4540182291776,16.4540182291776,7.91159902901318e-20,7.91159902901318e-20,3.51545684358266e-17,3.51545684358266e-17
"Lcu.1GRN.Chr1p368732532",1,368732532,2,0.385483870967742,19.0986642036357,11.016526576162,"GLM;MLM","Cotyledon_Color_RvsY",15.9766845384237,7.93375799024819,7.96775178638879e-20,9.62661102208245e-12,1.05515305713868e-16,1.16477491714561e-08
"Lcu.1GRN.Chr3p240449085",3,240449085,1,0.490683229813665,19.0893453104554,19.0893453104554,"GLM","DTF_Sask_2017_b",16.4422011342555,16.4422011342555,8.1405676463803e-20,8.1405676463803e-20,3.61242522098945e-17,3.61242522098945e-17
"Lcu.1GRN.Chr1p365214707",1,365214707,2,0.345161290322581,19.0860642322039,18.490128407437,"MLM;GLM","Cotyledon_Color_RvsY",15.4344759584614,15.3516425398703,8.20230223213794e-20,3.23497994443339e-19,3.67725749262224e-16,4.44997386277023e-16
"Lcu.1GRN.Chr2p580289013",2,580289013,1,0.256211180124224,19.0827569326257,19.0827569326257,"GLM","DTF_Sask_2017_b",16.4367571430746,16.4367571430746,8.26500398633556e-20,8.26500398633556e-20,3.65799288930491e-17,3.65799288930491e-17
"Lcu.1GRN.Chr2p580289014",2,580289014,1,0.256211180124224,19.0827569326257,19.0827569326257,"GLM","DTF_Sask_2017_b",16.4367571430746,16.4367571430746,8.26500398633556e-20,8.26500398633556e-20,3.65799288930491e-17,3.65799288930491e-17
"Lcu.1GRN.Chr5p2543117",5,2543117,2,0.293478260869565,19.0787538676249,8.82400610109449,"GLM","DTF_Sask_2017_b;DTF_Nepal_2017",16.4333251425636,5.94847073326076,8.34153799621692e-20,1.49966376764404e-09,3.68701460075361e-17,1.12597634493554e-06
"Lcu.1GRN.Chr2p135475314",2,135475314,1,0.263975155279503,19.0779327611001,19.0779327611001,"GLM","DTF_Sask_2017_b",16.4330743506079,16.4330743506079,8.35732399053722e-20,8.35732399053722e-20,3.68914435528219e-17,3.68914435528219e-17
"Lcu.1GRN.Chr2p400420697",2,400420697,1,0.301242236024845,19.0753808159263,19.0753808159263,"GLM","DTF_Sask_2017_b",16.4310919720493,16.4310919720493,8.40657678370363e-20,8.40657678370363e-20,3.70602229751512e-17,3.70602229751512e-17
"Lcu.1GRN.Chr4p419285993",4,419285993,1,0.31832298136646,19.0734898031157,19.0734898031157,"GLM","DTF_Sask_2017_b",16.4299362623404,16.4299362623404,8.44326065771519e-20,8.44326065771519e-20,3.71589760123319e-17,3.71589760123319e-17
"Lcu.1GRN.Chr4p439621597",4,439621597,1,0.346273291925466,19.0729912754108,19.0729912754108,"GLM","DTF_Sask_2017_b",16.4299362623404,16.4299362623404,8.4529582622972e-20,8.4529582622972e-20,3.71589760123319e-17,3.71589760123319e-17
"Lcu.1GRN.Chr2p135306628",2,135306628,1,0.268633540372671,19.0725208745397,19.0725208745397,"GLM","DTF_Sask_2017_b",16.4299362623404,16.4299362623404,8.46211894313242e-20,8.46211894313242e-20,3.71589760123319e-17,3.71589760123319e-17
"Lcu.1GRN.Chr3p224721082",3,224721082,1,0.447204968944099,19.0715449123529,19.0715449123529,"GLM","DTF_Sask_2017_b",16.42952689447,16.42952689447,8.48115670446948e-20,8.48115670446948e-20,3.71940187381002e-17,3.71940187381002e-17
"Lcu.1GRN.Chr2p553289221",2,553289221,1,0.243788819875776,19.070238271328,19.070238271328,"GLM","DTF_Sask_2017_b",16.4289256472194,16.4289256472194,8.50671197897773e-20,8.50671197897773e-20,3.72455466514663e-17,3.72455466514663e-17
"Lcu.1GRN.Chr4p181435211",4,181435211,1,0.436335403726708,19.0698126892499,19.0698126892499,"GLM","DTF_Sask_2017_b",16.4289256472194,16.4289256472194,8.51505212312077e-20,8.51505212312077e-20,3.72455466514663e-17,3.72455466514663e-17
"Lcu.1GRN.Chr3p344051005",3,344051005,2,0.467391304347826,19.066421048235,8.71894044370231,"GLM","DTF_Sask_2017_b;DTF_Nepal_2017",16.4266620444541,5.86698820260824,8.58181111996323e-20,1.91011518127849e-09,3.74401823733939e-17,1.35835034499176e-06
"Lcu.1GRN.Chr3p344137927",3,344137927,2,0.467391304347826,19.066421048235,8.71894044370231,"GLM","DTF_Sask_2017_b;DTF_Nepal_2017",16.4266620444541,5.86698820260824,8.58181111996323e-20,1.91011518127849e-09,3.74401823733939e-17,1.35835034499176e-06
"Lcu.1GRN.Chr2p416352828",2,416352828,1,0.291925465838509,19.0639354344236,19.0639354344236,"GLM","DTF_Sask_2017_b",16.4247393529275,16.4247393529275,8.63106854369132e-20,8.63106854369132e-20,3.76063035341427e-17,3.76063035341427e-17
"Lcu.1GRN.Chr4p440265819",4,440265819,1,0.349378881987578,19.0629637150046,19.0629637150046,"GLM","DTF_Sask_2017_b",16.424329827091,16.424329827091,8.65040189249812e-20,8.65040189249812e-20,3.76417818030261e-17,3.76417818030261e-17
"Lcu.1GRN.Chr4p488467974",4,488467974,1,0.299689440993789,19.0572524528618,19.0572524528618,"GLM","DTF_Sask_2017_b",16.4191800317129,16.4191800317129,8.76491173797993e-20,8.76491173797993e-20,3.80907889737609e-17,3.80907889737609e-17
"Lcu.1GRN.Chr2p135303797",2,135303797,1,0.265527950310559,19.0450563425877,19.0450563425877,"GLM","DTF_Sask_2017_b",16.4077929508703,16.4077929508703,9.01454181121188e-20,9.01454181121188e-20,3.91027272925389e-17,3.91027272925389e-17
"Lcu.1GRN.Chr1p434757288",1,434757288,2,0.495341614906832,19.044744611444,6.74900961618635,"GLM","DTF_Sask_2017_b;DTF_Sask_2017",16.4077929508703,4.02496995964645,9.02101465928887e-20,1.78233930229865e-07,3.91027272925389e-17,9.44126179679199e-05
"Lcu.1GRN.Chr2p133090978",2,133090978,1,0.288819875776398,19.0417956710048,19.0417956710048,"GLM","DTF_Sask_2017_b",16.4054033079738,16.4054033079738,9.08247746519639e-20,9.08247746519639e-20,3.93184774457621e-17,3.93184774457621e-17
"Lcu.1GRN.Chr2p15034271",2,15034271,1,0.437888198757764,19.0355193502588,19.0355193502588,"GLM","DTF_Sask_2017_b",16.3996855654166,16.3996855654166,9.21468831207491e-20,9.21468831207491e-20,3.98395509443149e-17,3.98395509443149e-17
"Lcu.1GRN.Chr2p118053963",2,118053963,2,0.15527950310559,19.0348091884584,6.42646440451506,"GLM","DTF_Sask_2017_b;DTF_Sask_2017",16.3995332642991,3.80771501133624,9.22976857021182e-20,3.74572246330987e-07,3.98535245783882e-17,0.000155698700790414
"Lcu.1GRN.Chr4p384133460",4,384133460,1,0.363354037267081,19.030543033767,19.030543033767,"GLM","DTF_Sask_2017_b",16.3958242546256,16.3958242546256,9.32088106170669e-20,9.32088106170669e-20,4.01953435908089e-17,4.01953435908089e-17
"Lcu.1GRN.Chr3p224720129",3,224720129,1,0.444099378881988,19.0299852841109,19.0299852841109,"GLM","DTF_Sask_2017_b",16.3958229361563,16.3958229361563,9.33285924269278e-20,9.33285924269278e-20,4.01954656195498e-17,4.01954656195498e-17
"Lcu.1GRN.Chr1p446496337",1,446496337,2,0.263975155279503,19.026530847592,6.52835552221525,"GLM","DTF_Sask_2017_b;DTF_Sask_2017",16.39292421882,3.87775998097502,9.4073900771911e-20,2.96240531195194e-07,4.04646493362473e-17,0.000132507365367731
"Lcu.1GRN.Chr2p119362364",2,119362364,1,0.37888198757764,19.0196137127454,19.0196137127454,"GLM","DTF_Sask_2017_b",16.3865620929715,16.3865620929715,9.55842390911096e-20,9.55842390911096e-20,4.10617927846223e-17,4.10617927846223e-17
"Lcu.1GRN.Chr1p508808563",1,508808563,1,0.37111801242236,19.0151488878201,19.0151488878201,"GLM","DTF_Sask_2017_b",16.3826515686727,16.3826515686727,9.65719747549303e-20,9.65719747549303e-20,4.14331957045812e-17,4.14331957045812e-17
"Lcu.1GRN.Chr5p296132640",5,296132640,1,0.31055900621118,19.0125043643963,19.0125043643963,"GLM","DTF_Sask_2017_b",16.3805606393097,16.3805606393097,9.71618187354162e-20,9.71618187354162e-20,4.16331585765296e-17,4.16331585765296e-17
"Lcu.1GRN.Chr4p488678505",4,488678505,1,0.287267080745342,19.0117889636903,19.0117889636903,"GLM","DTF_Sask_2017_b",16.3803981278978,16.3803981278978,9.73220024786448e-20,9.73220024786448e-20,4.16487404678553e-17,4.16487404678553e-17
"Lcu.1GRN.Chr3p239676281",3,239676281,1,0.425465838509317,19.0091829643917,19.0091829643917,"GLM","DTF_Sask_2017_b",16.3783443149189,16.3783443149189,9.79077421924723e-20,9.79077421924723e-20,4.1846167113158e-17,4.1846167113158e-17
"Lcu.1GRN.Chr2p133395781",2,133395781,1,0.270186335403727,19.0070968067489,19.0070968067489,"GLM","DTF_Sask_2017_b",16.3768096424065,16.3768096424065,9.83791788445641e-20,9.83791788445641e-20,4.19943010791999e-17,4.19943010791999e-17
"Lcu.1GRN.Chr4p440493727",4,440493727,1,0.338509316770186,19.0032598394205,19.0032598394205,"GLM","DTF_Sask_2017_b",16.3735234607981,16.3735234607981,9.92522042444526e-20,9.92522042444526e-20,4.23132651268616e-17,4.23132651268616e-17
"Lcu.1GRN.Chr4p1646133",4,1646133,1,0.326086956521739,19.0023005119297,19.0023005119297,"GLM","DTF_Sask_2017_b",16.3731142213883,16.3731142213883,9.94716880548534e-20,9.94716880548534e-20,4.23531560708188e-17,4.23531560708188e-17
"Lcu.1GRN.Chr5p432206765",5,432206765,1,0.305900621118012,19.0014672568478,19.0014672568478,"GLM","DTF_Sask_2017_b",16.3728303585136,16.3728303585136,9.96627216909252e-20,9.96627216909252e-20,4.23808479228969e-17,4.23808479228969e-17
"Lcu.1GRN.Chr2p565787949",2,565787949,1,0.243788819875776,18.9994027675658,18.9994027675658,"GLM","DTF_Sask_2017_b",16.3713145673235,16.3713145673235,1.00137612449148e-19,1.00137612449148e-19,4.25290256144984e-17,4.25290256144984e-17
"Lcu.1GRN.Chr2p416086614",2,416086614,1,0.287267080745342,18.9972015787553,18.9972015787553,"GLM","DTF_Sask_2017_b",16.3699458394068,16.3699458394068,1.0064644077138e-19,1.0064644077138e-19,4.26632720583832e-17,4.26632720583832e-17
"Lcu.1GRN.Chr3p329302022",3,329302022,1,0.380434782608696,18.9965068216448,18.9965068216448,"GLM","DTF_Sask_2017_b",16.3699458394068,16.3699458394068,1.00807577497266e-19,1.00807577497266e-19,4.26632720583832e-17,4.26632720583832e-17
"Lcu.1GRN.Chr5p403497703",5,403497703,1,0.301242236024845,18.9963920925823,18.9963920925823,"GLM","DTF_Sask_2017_b",16.3699458394068,16.3699458394068,1.00834211698575e-19,1.00834211698575e-19,4.26632720583832e-17,4.26632720583832e-17
"Lcu.1GRN.Chr3p344053100",3,344053100,2,0.462732919254658,18.9946761128376,8.23154951545801,"GLM","DTF_Sask_2017_b;DTF_Nepal_2017",16.3687757987434,5.51362200098595,1.01233414909361e-19,5.86746468753968e-09,4.27783669256497e-17,3.06462964992804e-06
"Lcu.1GRN.Chr1p363891356",1,363891356,2,0.12258064516129,18.9939520614215,12.9523056632685,"GLM;MLM","Cotyledon_Color_RvsY",15.8753786449014,9.72868833885711,1.01402331014583e-19,1.11607745846606e-13,1.33235929204618e-16,1.86771953468584e-10
"Lcu.1GRN.Chr3p351642553",3,351642553,1,0.364906832298137,18.9938231273625,18.9938231273625,"GLM","DTF_Sask_2017_b",16.3684680669267,16.3684680669267,1.01432439974316e-19,1.01432439974316e-19,4.2808689506701e-17,4.2808689506701e-17
"Lcu.1GRN.Chr3p329227998",3,329227998,1,0.381987577639752,18.9903074844699,18.9903074844699,"GLM","DTF_Sask_2017_b",16.3654969939888,16.3654969939888,1.02256874788826e-19,1.02256874788826e-19,4.31025541379611e-17,4.31025541379611e-17
"Lcu.1GRN.Chr4p439349490",4,439349490,1,0.377329192546584,18.9859182928609,18.9859182928609,"GLM","DTF_Sask_2017_b",16.3616516903431,16.3616516903431,1.03295572533419e-19,1.03295572533419e-19,4.34858846637653e-17,4.34858846637653e-17
"Lcu.1GRN.Chr4p417477739",4,417477739,1,0.346273291925466,18.9837085895605,18.9837085895605,"GLM","DTF_Sask_2017_b",16.3601280828541,16.3601280828541,1.03822482823811e-19,1.03822482823811e-19,4.36387113243706e-17,4.36387113243706e-17
"Lcu.1GRN.Chr5p394116665",5,394116665,1,0.375776397515528,18.9833089486017,18.9833089486017,"GLM","DTF_Sask_2017_b",16.3601280828541,16.3601280828541,1.03918065002871e-19,1.03918065002871e-19,4.36387113243706e-17,4.36387113243706e-17
"Lcu.1GRN.Chr2p52995944",2,52995944,1,0.28416149068323,18.9795429573672,18.9795429573672,"GLM","DTF_Sask_2017_b",16.3569039438195,16.3569039438195,1.04823110477679e-19,1.04823110477679e-19,4.39638842918273e-17,4.39638842918273e-17
"Lcu.1GRN.Chr1p365384755",1,365384755,2,0.330645161290323,18.973951634816,13.2704566136138,"GLM;MLM","Cotyledon_Color_RvsY",15.8570713763155,10.0314449617122,1.06181379945698e-19,5.36467462316737e-14,1.3897242112138e-16,9.30154386067494e-11
"Lcu.1GRN.Chr3p389298069",3,389298069,2,0.0833333333333334,18.9725681569962,8.81375390681261,"GLM","DTF_Nepal_2017;DTF_Sask_2017",14.62184603422,5.23142319713091,1.06520168069119e-19,1.53548682071099e-09,2.38865795819369e-15,5.86917153888744e-06
"Lcu.1GRN.Chr3p389318049",3,389318049,2,0.0833333333333334,18.9725681569962,8.81375390681261,"GLM","DTF_Nepal_2017;DTF_Sask_2017",14.62184603422,5.23142319713091,1.06520168069119e-19,1.53548682071099e-09,2.38865795819369e-15,5.86917153888744e-06
"Lcu.1GRN.Chr3p389319560",3,389319560,2,0.0833333333333334,18.9725681569962,8.81375390681261,"GLM","DTF_Nepal_2017;DTF_Sask_2017",14.62184603422,5.23142319713091,1.06520168069119e-19,1.53548682071099e-09,2.38865795819369e-15,5.86917153888744e-06
"Lcu.1GRN.Chr1p219324082",1,219324082,1,0.337096774193548,18.971892348571,18.971892348571,"GLM","Cotyledon_Color_RvsY",15.8566986727023,15.8566986727023,1.06686053819445e-19,1.06686053819445e-19,1.39091735911183e-16,1.39091735911183e-16
"Lcu.1GRN.Chr5p38556576",5,38556576,1,0.296583850931677,18.9714756603159,18.9714756603159,"GLM","DTF_Sask_2017_b",16.3496947786575,16.3496947786575,1.06788463959578e-19,1.06788463959578e-19,4.46997630876744e-17,4.46997630876744e-17
"Lcu.1GRN.Chr3p225414728",3,225414728,1,0.454968944099379,18.9707122801215,18.9707122801215,"GLM","DTF_Sask_2017_b",16.3496947786575,16.3496947786575,1.06976336220788e-19,1.06976336220788e-19,4.46997630876744e-17,4.46997630876744e-17
"Lcu.1GRN.Chr3p225414729",3,225414729,1,0.454968944099379,18.9707122801215,18.9707122801215,"GLM","DTF_Sask_2017_b",16.3496947786575,16.3496947786575,1.06976336220788e-19,1.06976336220788e-19,4.46997630876744e-17,4.46997630876744e-17
"Lcu.1GRN.Chr2p578333339",2,578333339,1,0.422360248447205,18.965165106754,18.965165106754,"GLM","DTF_Sask_2017_b",16.3446867667272,16.3446867667272,1.08351491329918e-19,1.08351491329918e-19,4.52181961342068e-17,4.52181961342068e-17
"Lcu.1GRN.Chr5p389132967",5,389132967,1,0.316770186335404,18.9604062943868,18.9604062943868,"GLM","DTF_Sask_2017_b",16.340466447277,16.340466447277,1.09545289042458e-19,1.09545289042458e-19,4.56597524651108e-17,4.56597524651108e-17
"Lcu.1GRN.Chr2p109954589",2,109954589,1,0.27639751552795,18.9555063798339,18.9555063798339,"GLM","DTF_Sask_2017_b",16.3361043587767,16.3361043587767,1.10788229034143e-19,1.10788229034143e-19,4.61206735588213e-17,4.61206735588213e-17
"Lcu.1GRN.Chr5p180524394",5,180524394,1,0.296583850931677,18.95194097058,18.95194097058,"GLM","DTF_Sask_2017_b",16.3330761103604,16.3330761103604,1.11701506244354e-19,1.11701506244354e-19,4.64433875783617e-17,4.64433875783617e-17
"Lcu.1GRN.Chr3p329166446",3,329166446,1,0.383540372670807,18.9482611622423,18.9482611622423,"GLM","DTF_Sask_2017_b",16.3299327992891,16.3299327992891,1.12651982168484e-19,1.12651982168484e-19,4.67807522050203e-17,4.67807522050203e-17
"Lcu.1GRN.Chr5p389826325",5,389826325,1,0.298136645962733,18.9428345469228,18.9428345469228,"GLM","DTF_Sask_2017_b",16.3255488484095,16.3255488484095,1.14068427103953e-19,1.14068427103953e-19,4.72553682195817e-17,4.72553682195817e-17
"Lcu.1GRN.Chr4p487014585",4,487014585,1,0.248447204968944,18.9428062010001,18.9428062010001,"GLM","DTF_Sask_2017_b",16.3255488484095,16.3255488484095,1.14075872467574e-19,1.14075872467574e-19,4.72553682195817e-17,4.72553682195817e-17
"Lcu.1GRN.Chr6p276826232",6,276826232,2,0.248447204968944,18.9414056237561,6.56347637939998,"GLM;BLINK","DTF_Sask_2017_b",16.3246827875183,2.11584424361573,1.14444355106077e-19,2.73227004374682e-07,4.73496979015569e-17,0.00765871231504156
"Lcu.1GRN.Chr2p135306639",2,135306639,1,0.268633540372671,18.9397881574827,18.9397881574827,"GLM","DTF_Sask_2017_b",16.32359918054,16.32359918054,1.14871381071121e-19,1.14871381071121e-19,4.74679875144346e-17,4.74679875144346e-17
"Lcu.1GRN.Chr1p446847783",1,446847783,1,0.253105590062112,18.9370585849137,18.9370585849137,"GLM","DTF_Sask_2017_b",16.3214028118218,16.3214028118218,1.15595629692761e-19,1.15595629692761e-19,4.77086566538219e-17,4.77086566538219e-17
"Lcu.1GRN.Chr2p412147888",2,412147888,1,0.279503105590062,18.9350543260234,18.9350543260234,"GLM","DTF_Sask_2017_b",16.3199311029454,16.3199311029454,1.16130333698103e-19,1.16130333698103e-19,4.78706028860661e-17,4.78706028860661e-17
"Lcu.1GRN.Chr3p238331772",3,238331772,1,0.496894409937888,18.9293169224633,18.9293169224633,"GLM","DTF_Sask_2017_b",16.3147255971638,16.3147255971638,1.1767469397055e-19,1.1767469397055e-19,4.84478381723282e-17,4.84478381723282e-17
"Lcu.1GRN.Chr2p98544801",2,98544801,1,0.434782608695652,18.9231713402534,18.9231713402534,"GLM","DTF_Sask_2017_b",16.3093192699561,16.3093192699561,1.19351713860461e-19,1.19351713860461e-19,4.90547119693112e-17,4.90547119693112e-17
"Lcu.1GRN.Chr6p278149898",6,278149898,2,0.21583850931677,18.9223535972062,6.30884556709348,"GLM","DTF_Sask_2017_b;DTF_Sask_2017",16.3093192699561,3.73142219190652,1.19576655649218e-19,4.9108247153464e-07,4.90547119693112e-17,0.000185599930003025
"Lcu.1GRN.Chr4p419286001",4,419286001,1,0.316770186335404,18.9223187994043,18.9223187994043,"GLM","DTF_Sask_2017_b",16.3093192699561,16.3093192699561,1.19586237100652e-19,1.19586237100652e-19,4.90547119693112e-17,4.90547119693112e-17
"Lcu.1GRN.Chr5p422298084",5,422298084,1,0.343167701863354,18.921586018326,18.921586018326,"GLM","DTF_Sask_2017_b",16.309269009465,16.309269009465,1.19788184180609e-19,1.19788184180609e-19,4.90603893534095e-17,4.90603893534095e-17
"Lcu.1GRN.Chr2p133404771",2,133404771,1,0.265527950310559,18.9212105737568,18.9212105737568,"GLM","DTF_Sask_2017_b",16.309269009465,16.309269009465,1.19891785010131e-19,1.19891785010131e-19,4.90603893534095e-17,4.90603893534095e-17
"Lcu.1GRN.Chr3p238331623",3,238331623,1,0.492236024844721,18.9189653186879,18.9189653186879,"GLM","DTF_Sask_2017_b",16.3080447857865,16.3080447857865,1.20513217437444e-19,1.20513217437444e-19,4.91988797663084e-17,4.91988797663084e-17
"Lcu.1GRN.Chr4p105706221",4,105706221,1,0.489130434782609,18.9189309559213,18.9189309559213,"GLM","DTF_Sask_2017_b",16.3080447857865,16.3080447857865,1.20522753205392e-19,1.20522753205392e-19,4.91988797663084e-17,4.91988797663084e-17
"Lcu.1GRN.Chr1p445788126",1,445788126,1,0.25,18.9181647859686,18.9181647859686,"GLM","DTF_Sask_2017_b",16.3078053526867,16.3078053526867,1.20735563674989e-19,1.20735563674989e-19,4.9226011329291e-17,4.9226011329291e-17
"Lcu.1GRN.Chr3p348544055",3,348544055,1,0.319875776397516,18.9128306851128,18.9128306851128,"GLM","DTF_Sask_2017_b",16.3032910388016,16.3032910388016,1.2222760862092e-19,1.2222760862092e-19,4.97403642388813e-17,4.97403642388813e-17
"Lcu.1GRN.Chr2p415397910",2,415397910,1,0.186335403726708,18.9125989110809,18.9125989110809,"GLM","DTF_Sask_2017_b",16.3032910388016,16.3032910388016,1.22292856390653e-19,1.22292856390653e-19,4.97403642388813e-17,4.97403642388813e-17
"Lcu.1GRN.Chr1p361179553",1,361179553,2,0.198387096774194,18.9113792777901,8.15348192742057,"GLM;MLM","Cotyledon_Color_RvsY",15.7978656600395,5.22655161766238,1.22636775262276e-19,7.02292568086214e-09,1.59270131987051e-16,5.93537799621748e-06
"Lcu.1GRN.Chr6p273190897",6,273190897,1,0.228260869565217,18.9089904987488,18.9089904987488,"GLM","DTF_Sask_2017_b",16.3002074537018,16.3002074537018,1.23313181070029e-19,1.23313181070029e-19,5.00947883779983e-17,5.00947883779983e-17
"Lcu.1GRN.Chr2p415400207",2,415400207,1,0.200310559006211,18.9076815461468,18.9076815461468,"GLM","DTF_Sask_2017_b",16.2994226948652,16.2994226948652,1.23685404538253e-19,1.23685404538253e-19,5.01853901909755e-17,5.01853901909755e-17
"Lcu.1GRN.Chr5p422326483",5,422326483,1,0.322981366459627,18.9062727389899,18.9062727389899,"GLM","DTF_Sask_2017_b",16.2990446397523,16.2990446397523,1.24087278886362e-19,1.24087278886362e-19,5.02290957974492e-17,5.02290957974492e-17
"Lcu.1GRN.Chr4p488683293",4,488683293,1,0.293478260869565,18.9062569978001,18.9062569978001,"GLM","DTF_Sask_2017_b",16.2990446397523,16.2990446397523,1.24091776564527e-19,1.24091776564527e-19,5.02290957974492e-17,5.02290957974492e-17
"Lcu.1GRN.Chr1p437357187",1,437357187,3,0.285714285714286,18.9021621990545,5.32630053929154,"GLM;FarmCPU","DTF_Sask_2017_b;DTF_Sask_2017",16.2954721435134,1.63833624819692,1.25267324276461e-19,4.71736478482439e-06,5.06439832510822e-17,0.0229966063851743
"Lcu.1GRN.Chr1p362772741",1,362772741,2,0.148387096774194,18.8977019399479,10.0631295386044,"GLM;MLM","Cotyledon_Color_RvsY",15.7858619060868,7.03324580484575,1.26560464487056e-19,8.64709960102283e-11,1.63733706761991e-16,9.26305398566002e-08
"Lcu.1GRN.Chr1p437609086",1,437609086,1,0.347826086956522,18.8951979598118,18.8951979598118,"GLM","DTF_Sask_2017_b",16.2890295793867,16.2890295793867,1.27292272599745e-19,1.27292272599745e-19,5.14008641747402e-17,5.14008641747402e-17
"Lcu.1GRN.Chr2p133091006",2,133091006,1,0.28416149068323,18.8903734065175,18.8903734065175,"GLM","DTF_Sask_2017_b",16.2847260753234,16.2847260753234,1.28714239040372e-19,1.28714239040372e-19,5.19127367425574e-17,5.19127367425574e-17
"Lcu.1GRN.Chr2p580441409",2,580441409,1,0.253105590062112,18.8869247669529,18.8869247669529,"GLM","DTF_Sask_2017_b",16.2817978606046,16.2817978606046,1.2974040014528e-19,1.2974040014528e-19,5.22639391325356e-17,5.22639391325356e-17
"Lcu.1GRN.Chr4p429808510",4,429808510,1,0.184782608695652,18.8863665400413,18.8863665400413,"GLM","DTF_Sask_2017_b",16.2817594356485,16.2817594356485,1.29907271132263e-19,1.29907271132263e-19,5.22685634796003e-17,5.22685634796003e-17
"Lcu.1GRN.Chr1p365387366",1,365387366,2,0.345161290322581,18.8852798094735,18.5414376882181,"GLM;MLM","Cotyledon_Color_RvsY",15.7751069349799,14.8838560261172,1.30232743790114e-19,2.87449999205703e-19,1.67839070231606e-16,1.30660397138952e-15
"Lcu.1GRN.Chr1p367811130",1,367811130,2,0.345161290322581,18.8809706215056,11.0757293644583,"GLM;MLM","Cotyledon_Color_RvsY",15.7724585309935,7.98824867645666,1.31531380553619e-19,8.39983268577288e-12,1.68865709475875e-16,1.02742782582377e-08
"Lcu.1GRN.Chr4p105852747",4,105852747,1,0.486024844720497,18.8804460175918,18.8804460175918,"GLM","DTF_Sask_2017_b",16.2771864646863,16.2771864646863,1.31690359246495e-19,1.31690359246495e-19,5.28218412080261e-17,5.28218412080261e-17
"Lcu.1GRN.Chr3p346520875",3,346520875,1,0.399068322981366,18.8799481945212,18.8799481945212,"GLM","DTF_Sask_2017_b",16.2771864646863,16.2771864646863,1.31841399819873e-19,1.31841399819873e-19,5.28218412080261e-17,5.28218412080261e-17
"Lcu.1GRN.Chr5p404118821",5,404118821,1,0.340062111801242,18.8799403479101,18.8799403479101,"GLM","DTF_Sask_2017_b",16.2771864646863,16.2771864646863,1.31843781884534e-19,1.31843781884534e-19,5.28218412080261e-17,5.28218412080261e-17
"Lcu.1GRN.Chr1p589318132",1,589318132,1,0.322981366459627,18.8792449412968,18.8792449412968,"GLM","DTF_Sask_2017_b",16.2771864646863,16.2771864646863,1.32055063596387e-19,1.32055063596387e-19,5.28218412080261e-17,5.28218412080261e-17
"Lcu.1GRN.Chr2p98402204",2,98402204,1,0.408385093167702,18.8792038507202,18.8792038507202,"GLM","DTF_Sask_2017_b",16.2771864646863,16.2771864646863,1.32067558517779e-19,1.32067558517779e-19,5.28218412080261e-17,5.28218412080261e-17
"Lcu.1GRN.Chr5p410176619",5,410176619,1,0.363354037267081,18.8782749258099,18.8782749258099,"GLM","DTF_Sask_2017_b",16.2767736354777,16.2767736354777,1.32350343923667e-19,1.32350343923667e-19,5.28720761693254e-17,5.28720761693254e-17
"Lcu.1GRN.Chr2p553296556",2,553296556,1,0.254658385093168,18.8708300929758,18.8708300929758,"GLM","DTF_Sask_2017_b",16.2698442857687,16.2698442857687,1.34638699179617e-19,1.34638699179617e-19,5.37224381102613e-17,5.37224381102613e-17
"Lcu.1GRN.Chr2p402144662",2,402144662,1,0.304347826086957,18.8656622802949,18.8656622802949,"GLM","DTF_Sask_2017_b",16.2651913450887,16.2651913450887,1.36250379220304e-19,1.36250379220304e-19,5.4301103444545e-17,5.4301103444545e-17
"Lcu.1GRN.Chr4p422335338",4,422335338,1,0.340062111801242,18.8641243879841,18.8641243879841,"GLM","DTF_Sask_2017_b",16.2641677151019,16.2641677151019,1.36733714511825e-19,1.36733714511825e-19,5.44292418333715e-17,5.44292418333715e-17
"Lcu.1GRN.Chr2p133089065",2,133089065,1,0.262422360248447,18.8635147393348,18.8635147393348,"GLM","DTF_Sask_2017_b",16.2641333860081,16.2641333860081,1.36925791694338e-19,1.36925791694338e-19,5.44335443987512e-17,5.44335443987512e-17
"Lcu.1GRN.Chr2p133090422",2,133090422,1,0.274844720496894,18.8630633575092,18.8630633575092,"GLM","DTF_Sask_2017_b",16.2641333860081,16.2641333860081,1.3706817882177e-19,1.3706817882177e-19,5.44335443987512e-17,5.44335443987512e-17
"Lcu.1GRN.Chr3p347415976",3,347415976,1,0.360248447204969,18.8572927503339,18.8572927503339,"GLM","DTF_Sask_2017_b",16.259387058746,16.259387058746,1.38901600411007e-19,1.38901600411007e-19,5.50317015611889e-17,5.50317015611889e-17
"Lcu.1GRN.Chr3p347416680",3,347416680,1,0.360248447204969,18.8572927503339,18.8572927503339,"GLM","DTF_Sask_2017_b",16.259387058746,16.259387058746,1.38901600411007e-19,1.38901600411007e-19,5.50317015611889e-17,5.50317015611889e-17
"Lcu.1GRN.Chr4p437088884",4,437088884,1,0.374223602484472,18.8564268528911,18.8564268528911,"GLM","DTF_Sask_2017_b",16.2590323967735,16.2590323967735,1.39178819043018e-19,1.39178819043018e-19,5.50766609706386e-17,5.50766609706386e-17
"Lcu.1GRN.Chr2p553090334",2,553090334,1,0.251552795031056,18.8552404461326,18.8552404461326,"GLM","DTF_Sask_2017_b",16.2585647756368,16.2585647756368,1.39559547892351e-19,1.39559547892351e-19,5.51359960130018e-17,5.51359960130018e-17
"Lcu.1GRN.Chr2p314230596",2,314230596,1,0.444099378881988,18.854938562702,18.854938562702,"GLM","DTF_Sask_2017_b",16.2585647756368,16.2585647756368,1.39656591172967e-19,1.39656591172967e-19,5.51359960130018e-17,5.51359960130018e-17
"Lcu.1GRN.Chr3p224169994",3,224169994,1,0.462732919254658,18.8537959160419,18.8537959160419,"GLM","DTF_Sask_2017_b",16.2583765002676,16.2583765002676,1.40024517215478e-19,1.40024517215478e-19,5.51599037550928e-17,5.51599037550928e-17
"Lcu.1GRN.Chr3p346519721",3,346519721,1,0.31832298136646,18.8537320114104,18.8537320114104,"GLM","DTF_Sask_2017_b",16.2583765002676,16.2583765002676,1.40045122758324e-19,1.40045122758324e-19,5.51599037550928e-17,5.51599037550928e-17
"Lcu.1GRN.Chr1p363891728",1,363891728,2,0.116129032258064,18.8529041519826,12.2341643258593,"GLM;MLM","Cotyledon_Color_RvsY",15.7460465186405,9.06528579102791,1.40312333721054e-19,5.83224385415742e-13,1.79454139759505e-16,8.60427354601477e-10
"Lcu.1GRN.Chr4p440493773",4,440493773,1,0.229813664596273,18.8520492710898,18.8520492710898,"GLM","DTF_Sask_2017_b",16.2572020039861,16.2572020039861,1.40588801585357e-19,1.40588801585357e-19,5.53092788571482e-17,5.53092788571482e-17
"Lcu.1GRN.Chr5p22936408",5,22936408,1,0.304347826086957,18.8505065900497,18.8505065900497,"GLM","DTF_Sask_2017_b",16.256166972895,16.256166972895,1.41089082722628e-19,1.41089082722628e-19,5.54412517385074e-17,5.54412517385074e-17
"Lcu.1GRN.Chr3p354893802",3,354893802,1,0.293478260869565,18.8481437063605,18.8481437063605,"GLM","DTF_Sask_2017_b",16.2543111464518,16.2543111464518,1.41858803873567e-19,1.41858803873567e-19,5.56786701079813e-17,5.56786701079813e-17
"Lcu.1GRN.Chr2p44640365",2,44640365,3,0.101851851851852,18.8440658765009,5.57332886348036,"GLM;MLM","DTF_Nepal_2017;DTF_Sask_2017",14.5213724773249,1.47349460581214,1.43197067253896e-19,2.67098307775446e-06,3.01042299506195e-15,0.0336128543931436
"Lcu.1GRN.Chr2p400165519",2,400165519,1,0.301242236024845,18.841384280109,18.841384280109,"GLM","DTF_Sask_2017_b",16.2490693495207,16.2490693495207,1.44083987794212e-19,1.44083987794212e-19,5.63547659562509e-17,5.63547659562509e-17
"Lcu.1GRN.Chr2p400170750",2,400170750,1,0.301242236024845,18.841384280109,18.841384280109,"GLM","DTF_Sask_2017_b",16.2490693495207,16.2490693495207,1.44083987794212e-19,1.44083987794212e-19,5.63547659562509e-17,5.63547659562509e-17
"Lcu.1GRN.Chr2p400172525",2,400172525,1,0.301242236024845,18.841384280109,18.841384280109,"GLM","DTF_Sask_2017_b",16.2490693495207,16.2490693495207,1.44083987794212e-19,1.44083987794212e-19,5.63547659562509e-17,5.63547659562509e-17
"Lcu.1GRN.Chr2p399586236",2,399586236,1,0.316770186335404,18.8392830795708,18.8392830795708,"GLM","DTF_Sask_2017_b",16.2474728491926,16.2474728491926,1.4478278303065e-19,1.4478278303065e-19,5.65623117069345e-17,5.65623117069345e-17
"Lcu.1GRN.Chr2p553563541",2,553563541,1,0.267080745341615,18.8345410684173,18.8345410684173,"GLM","DTF_Sask_2017_b",16.2432349524102,16.2432349524102,1.46372311618768e-19,1.46372311618768e-19,5.71169551534456e-17,5.71169551534456e-17
"Lcu.1GRN.Chr2p104951726",2,104951726,1,0.347826086956522,18.8338019284086,18.8338019284086,"GLM","DTF_Sask_2017_b",16.2429993422919,16.2429993422919,1.4662163956143e-19,1.4662163956143e-19,5.71479502136262e-17,5.71479502136262e-17
"Lcu.1GRN.Chr1p446647170",1,446647170,2,0.274844720496894,18.8289398677514,8.51512256941269,"GLM","DTF_Sask_2017_b;DTF_Sask_2017",16.2386402283984,5.02591659363408,1.48272336824687e-19,3.05405905516777e-09,5.77244457415621e-17,9.42070504030979e-06
"Lcu.1GRN.Chr1p368085545",1,368085545,2,0.341935483870968,18.828790237453,15.5151394088181,"GLM;MLM","Cotyledon_Color_RvsY",15.7235807824909,12.1406143713693,1.48323430857248e-19,3.05394063887743e-16,1.88981467678636e-16,7.2341186681499e-13
"Lcu.1GRN.Chr7p648970828",7,648970828,1,0.281055900621118,18.8257529607819,18.8257529607819,"GLM","DTF_Sask_2017_b",16.2359556864148,16.2359556864148,1.49364379561767e-19,1.49364379561767e-19,5.80823679306969e-17,5.80823679306969e-17
"Lcu.1GRN.Chr4p437385805",4,437385805,1,0.402173913043478,18.8241910640537,18.8241910640537,"GLM","DTF_Sask_2017_b",16.2348955742392,16.2348955742392,1.49902520740282e-19,1.49902520740282e-19,5.8224320085273e-17,5.8224320085273e-17
"Lcu.1GRN.Chr2p134257921",2,134257921,1,0.263975155279503,18.8224003143459,18.8224003143459,"GLM","DTF_Sask_2017_b",16.2342795567948,16.2342795567948,1.50521897914179e-19,1.50521897914179e-19,5.8306965958033e-17,5.8306965958033e-17
"Lcu.1GRN.Chr4p437203311",4,437203311,1,0.347826086956522,18.8221432419044,18.8221432419044,"GLM","DTF_Sask_2017_b",16.2342795567948,16.2342795567948,1.50611022892904e-19,1.50611022892904e-19,5.8306965958033e-17,5.8306965958033e-17
"Lcu.1GRN.Chr5p395877744",5,395877744,1,0.375776397515528,18.8218296026464,18.8218296026464,"GLM","DTF_Sask_2017_b",16.2342795567948,16.2342795567948,1.50719830608807e-19,1.50719830608807e-19,5.8306965958033e-17,5.8306965958033e-17
"Lcu.1GRN.Chr1p367969454",1,367969454,2,0.375806451612903,18.8213315447389,12.2432185325611,"GLM;MLM","Cotyledon_Color_RvsY",15.7177640368438,9.07243100792232,1.50892778383535e-19,5.71191146778058e-13,1.91529627118999e-16,8.46387015278833e-10
"Lcu.1GRN.Chr2p644223580",2,644223580,1,0.277950310559006,18.821074783619,18.821074783619,"GLM","DTF_Sask_2017_b",16.2342795567948,16.2342795567948,1.50982014732262e-19,1.50982014732262e-19,5.8306965958033e-17,5.8306965958033e-17
"Lcu.1GRN.Chr2p644223581",2,644223581,1,0.277950310559006,18.821074783619,18.821074783619,"GLM","DTF_Sask_2017_b",16.2342795567948,16.2342795567948,1.50982014732262e-19,1.50982014732262e-19,5.8306965958033e-17,5.8306965958033e-17
"Lcu.1GRN.Chr3p224431127",3,224431127,1,0.458074534161491,18.8194860374197,18.8194860374197,"GLM","DTF_Sask_2017_b",16.2331891405204,16.2331891405204,1.51535352157572e-19,1.51535352157572e-19,5.84535456412685e-17,5.84535456412685e-17
"Lcu.1GRN.Chr3p265468643",3,265468643,1,0.175465838509317,18.811219355805,18.811219355805,"GLM","DTF_Sask_2017_b",16.2254202176787,16.2254202176787,1.54447415114418e-19,1.54447415114418e-19,5.95086067351561e-17,5.95086067351561e-17
"Lcu.1GRN.Chr1p445790221",1,445790221,2,0.28416149068323,18.8100908128537,7.74267908527973,"GLM","DTF_Sask_2017_b;DTF_Sask_2017",16.2247888636562,4.60464405160364,1.54849278852013e-19,1.808510000925e-08,5.95951800682093e-17,2.48516911908818e-05
"Lcu.1GRN.Chr1p367989646",1,367989646,2,0.369354838709677,18.8068949013496,16.9334371951756,"GLM;MLM","Cotyledon_Color_RvsY",15.7069285573907,13.455841836014,1.55992995799692e-19,1.16563560523832e-17,1.96368328144414e-16,3.50072635381425e-14
"Lcu.1GRN.Chr1p360343556",1,360343556,2,0.179032258064516,18.8066984749376,10.6526717977608,"GLM;MLM","Cotyledon_Color_RvsY",15.7069285573907,7.58975140491482,1.56063565599928e-19,2.22499071116557e-11,1.96368328144414e-16,2.5718675276379e-08
"Lcu.1GRN.Chr2p140402066",2,140402066,1,0.296583850931677,18.8062376500367,18.8062376500367,"GLM","DTF_Sask_2017_b",16.2218704008557,16.2218704008557,1.56229250749786e-19,1.56229250749786e-19,5.99970088453084e-17,5.99970088453084e-17
"Lcu.1GRN.Chr2p553914895",2,553914895,1,0.256211180124224,18.8061796765195,18.8061796765195,"GLM","DTF_Sask_2017_b",16.2218704008557,16.2218704008557,1.56250107021468e-19,1.56250107021468e-19,5.99970088453084e-17,5.99970088453084e-17
"Lcu.1GRN.Chr1p74267869",1,74267869,2,0.408064516129032,18.8056071451938,5.33633332162839,"GLM;MLM","Cotyledon_Color_RvsY",15.7069285573907,2.59627136194207,1.56456227699813e-19,4.60963648506949e-06,1.96368328144414e-16,0.00253354509080616
"Lcu.1GRN.Chr5p403589362",5,403589362,1,0.349378881987578,18.8050491602475,18.8050491602475,"GLM","DTF_Sask_2017_b",16.2212353717816,16.2212353717816,1.56657373073489e-19,1.56657373073489e-19,6.00848011500689e-17,6.00848011500689e-17
"Lcu.1GRN.Chr7p648994479",7,648994479,1,0.440993788819876,18.8012924657807,18.8012924657807,"GLM","DTF_Sask_2017_b",16.2179735998549,16.2179735998549,1.58018354206952e-19,1.58018354206952e-19,6.0537767368485e-17,6.0537767368485e-17
"Lcu.1GRN.Chr4p440025497",4,440025497,1,0.330745341614907,18.7998148247399,18.7998148247399,"GLM","DTF_Sask_2017_b",16.2169903179818,16.2169903179818,1.58556910615138e-19,1.58556910615138e-19,6.0674985611925e-17,6.0674985611925e-17
"Lcu.1GRN.Chr1p328601768",1,328601768,1,0.348387096774194,18.7980752902747,18.7980752902747,"GLM","Cotyledon_Color_RvsY",15.7010141884452,15.7010141884452,1.59193272206644e-19,1.59193272206644e-19,1.99060830454767e-16,1.99060830454767e-16
"Lcu.1GRN.Chr2p580441449",2,580441449,1,0.254658385093168,18.7950914969238,18.7950914969238,"GLM","DTF_Sask_2017_b",16.2127607872421,16.2127607872421,1.60290765540659e-19,1.60290765540659e-19,6.12687771961532e-17,6.12687771961532e-17
"Lcu.1GRN.Chr2p98392727",2,98392727,1,0.433229813664596,18.7867694813769,18.7867694813769,"GLM","DTF_Sask_2017_b",16.2059168031225,16.2059168031225,1.63391898357483e-19,1.63391898357483e-19,6.22419509341012e-17,6.22419509341012e-17
"Lcu.1GRN.Chr2p98544058",2,98544058,1,0.433229813664596,18.7867694813769,18.7867694813769,"GLM","DTF_Sask_2017_b",16.2059168031225,16.2059168031225,1.63391898357483e-19,1.63391898357483e-19,6.22419509341012e-17,6.22419509341012e-17
"Lcu.1GRN.Chr2p98545043",2,98545043,1,0.433229813664596,18.7867694813769,18.7867694813769,"GLM","DTF_Sask_2017_b",16.2059168031225,16.2059168031225,1.63391898357483e-19,1.63391898357483e-19,6.22419509341012e-17,6.22419509341012e-17
"Lcu.1GRN.Chr1p437280693",1,437280693,3,0.270186335403727,18.7838107536984,5.56543076168609,"GLM;FarmCPU","DTF_Sask_2017_b;DTF_Sask_2017",16.2034496368796,1.8447973538381,1.64508842372939e-19,2.72000209360516e-06,6.25965450027809e-17,0.0142956085034326
"Lcu.1GRN.Chr3p329139556",3,329139556,1,0.380434782608696,18.7770625089234,18.7770625089234,"GLM","DTF_Sask_2017_b",16.1978276376853,16.1978276376853,1.67085010801251e-19,1.67085010801251e-19,6.34121330696317e-17,6.34121330696317e-17
"Lcu.1GRN.Chr2p135647788",2,135647788,1,0.274844720496894,18.7770548425616,18.7770548425616,"GLM","DTF_Sask_2017_b",16.1978276376853,16.1978276376853,1.67087960287158e-19,1.67087960287158e-19,6.34121330696317e-17,6.34121330696317e-17
"Lcu.1GRN.Chr5p257361090",5,257361090,1,0.368012422360248,18.7767173996855,18.7767173996855,"GLM","DTF_Sask_2017_b",16.1978276376853,16.1978276376853,1.67217836567687e-19,1.67217836567687e-19,6.34121330696317e-17,6.34121330696317e-17
"Lcu.1GRN.Chr1p363516742",1,363516742,2,0.111290322580645,18.7750749736053,8.95063472182844,"GLM;MLM","Cotyledon_Color_RvsY",15.6796253559324,5.98252991052973,1.67851422598542e-19,1.12037982090999e-09,2.09109923945199e-16,1.04104640668517e-06
"Lcu.1GRN.Chr5p405946276",5,405946276,1,0.357142857142857,18.7728752023013,18.7728752023013,"GLM","DTF_Sask_2017_b",16.1954924494149,16.1954924494149,1.68703773838666e-19,1.68703773838666e-19,6.37540165125602e-17,6.37540165125602e-17
"Lcu.1GRN.Chr1p369008211",1,369008211,2,0.316129032258065,18.7716449905241,13.2168580174444,"GLM;MLM","Cotyledon_Color_RvsY",15.6778008995666,9.98670982587407,1.6918233298156e-19,6.06934720453437e-14,2.09990235417005e-16,1.0310748036099e-10
"Lcu.1GRN.Chr3p343620153",3,343620153,1,0.445652173913043,18.7706698868,18.7706698868,"GLM","DTF_Sask_2017_b",16.1954924494149,16.1954924494149,1.69562617947376e-19,1.69562617947376e-19,6.37540165125602e-17,6.37540165125602e-17
"Lcu.1GRN.Chr4p439349435",4,439349435,1,0.386645962732919,18.7705687046157,18.7705687046157,"GLM","DTF_Sask_2017_b",16.1954924494149,16.1954924494149,1.69602127348297e-19,1.69602127348297e-19,6.37540165125602e-17,6.37540165125602e-17
"Lcu.1GRN.Chr5p409834552",5,409834552,1,0.360248447204969,18.7699978215846,18.7699978215846,"GLM","DTF_Sask_2017_b",16.1954924494149,16.1954924494149,1.6982521708507e-19,1.6982521708507e-19,6.37540165125602e-17,6.37540165125602e-17
"Lcu.1GRN.Chr5p410176757",5,410176757,1,0.360248447204969,18.7699978215846,18.7699978215846,"GLM","DTF_Sask_2017_b",16.1954924494149,16.1954924494149,1.6982521708507e-19,1.6982521708507e-19,6.37540165125602e-17,6.37540165125602e-17
"Lcu.1GRN.Chr5p410177330",5,410177330,1,0.360248447204969,18.7699978215846,18.7699978215846,"GLM","DTF_Sask_2017_b",16.1954924494149,16.1954924494149,1.6982521708507e-19,1.6982521708507e-19,6.37540165125602e-17,6.37540165125602e-17
"Lcu.1GRN.Chr5p410177579",5,410177579,1,0.360248447204969,18.7699978215846,18.7699978215846,"GLM","DTF_Sask_2017_b",16.1954924494149,16.1954924494149,1.6982521708507e-19,1.6982521708507e-19,6.37540165125602e-17,6.37540165125602e-17
"Lcu.1GRN.Chr5p410186877",5,410186877,1,0.360248447204969,18.7699978215846,18.7699978215846,"GLM","DTF_Sask_2017_b",16.1954924494149,16.1954924494149,1.6982521708507e-19,1.6982521708507e-19,6.37540165125602e-17,6.37540165125602e-17
"Lcu.1GRN.Chr5p410411234",5,410411234,1,0.360248447204969,18.7699978215846,18.7699978215846,"GLM","DTF_Sask_2017_b",16.1954924494149,16.1954924494149,1.6982521708507e-19,1.6982521708507e-19,6.37540165125602e-17,6.37540165125602e-17
"Lcu.1GRN.Chr2p99348033",2,99348033,1,0.479813664596273,18.7682365577022,18.7682365577022,"GLM","DTF_Sask_2017_b",16.1942156189144,16.1942156189144,1.70515334879954e-19,1.70515334879954e-19,6.39417298189136e-17,6.39417298189136e-17
"Lcu.1GRN.Chr5p1634493",5,1634493,1,0.442546583850932,18.7675901080261,18.7675901080261,"GLM","DTF_Sask_2017_b",16.1940530628615,16.1940530628615,1.70769336869335e-19,1.70769336869335e-19,6.39656676333269e-17,6.39656676333269e-17
"Lcu.1GRN.Chr1p363513655",1,363513655,2,0.132258064516129,18.7633634803255,11.0042388179634,"GLM;MLM","Cotyledon_Color_RvsY",15.6711190025278,7.92302963940517,1.7243940659527e-19,9.90287237492293e-12,2.13246051022909e-16,1.19390662083717e-08
"Lcu.1GRN.Chr5p415836715",5,415836715,1,0.312111801242236,18.7631860935373,18.7631860935373,"GLM","DTF_Sask_2017_b",16.1903396375749,16.1903396375749,1.72509853542017e-19,1.72509853542017e-19,6.45149496136968e-17,6.45149496136968e-17
"Lcu.1GRN.Chr4p105635943",4,105635943,1,0.489130434782609,18.7624357964066,18.7624357964066,"GLM","DTF_Sask_2017_b",16.1903396375749,16.1903396375749,1.72808143122521e-19,1.72808143122521e-19,6.45149496136968e-17,6.45149496136968e-17
"Lcu.1GRN.Chr2p416288277",2,416288277,1,0.296583850931677,18.7624282284278,18.7624282284278,"GLM","DTF_Sask_2017_b",16.1903396375749,16.1903396375749,1.7281115448882e-19,1.7281115448882e-19,6.45149496136968e-17,6.45149496136968e-17
"Lcu.1GRN.Chr1p356759576",1,356759576,2,0.458064516129032,18.7603274875855,6.07932546311888,"GLM;MLM","Cotyledon_Color_RvsY",15.6707452526374,3.28248636698656,1.73649090264618e-19,8.33056652542838e-07,2.13429647628913e-16,0.000521811484256754
"Lcu.1GRN.Chr1p353678352",1,353678352,2,0.22258064516129,18.7598080716489,10.5834291534643,"GLM;MLM","Cotyledon_Color_RvsY",15.6707452526374,7.52496310204456,1.73856898715754e-19,2.60958138976775e-11,2.13429647628913e-16,2.98563626983676e-08
"Lcu.1GRN.Chr5p311149819",5,311149819,1,0.386645962732919,18.7586997159339,18.7586997159339,"GLM","DTF_Sask_2017_b",16.187092871644,16.187092871644,1.74301162669933e-19,1.74301162669933e-19,6.49990678312607e-17,6.49990678312607e-17
"Lcu.1GRN.Chr3p258127045",3,258127045,1,0.270186335403727,18.7536967422984,18.7536967422984,"GLM","DTF_Sask_2017_b",16.1830517909419,16.1830517909419,1.76320682282687e-19,1.76320682282687e-19,6.5606702364359e-17,6.5606702364359e-17
"Lcu.1GRN.Chr3p258127060",3,258127060,1,0.270186335403727,18.7536967422984,18.7536967422984,"GLM","DTF_Sask_2017_b",16.1830517909419,16.1830517909419,1.76320682282687e-19,1.76320682282687e-19,6.5606702364359e-17,6.5606702364359e-17
"Lcu.1GRN.Chr4p106130274",4,106130274,1,0.481366459627329,18.7530539877146,18.7530539877146,"GLM","DTF_Sask_2017_b",16.1829197340266,16.1829197340266,1.7658182958619e-19,1.7658182958619e-19,6.56266545775289e-17,6.56266545775289e-17
"Lcu.1GRN.Chr4p106192344",4,106192344,1,0.489130434782609,18.7526049181817,18.7526049181817,"GLM","DTF_Sask_2017_b",16.1829197340266,16.1829197340266,1.76764513306125e-19,1.76764513306125e-19,6.56266545775289e-17,6.56266545775289e-17
"Lcu.1GRN.Chr4p417477719",4,417477719,1,0.338509316770186,18.7508951728853,18.7508951728853,"GLM","DTF_Sask_2017_b",16.1816890781135,16.1816890781135,1.77461777463891e-19,1.77461777463891e-19,6.58128839031938e-17,6.58128839031938e-17
"Lcu.1GRN.Chr4p106004396",4,106004396,1,0.498447204968944,18.7468582452694,18.7468582452694,"GLM","DTF_Sask_2017_b",16.1781307119587,16.1781307119587,1.79119040735176e-19,1.79119040735176e-19,6.63543330120802e-17,6.63543330120802e-17
"Lcu.1GRN.Chr5p405775318",5,405775318,1,0.361801242236025,18.7450646265295,18.7450646265295,"GLM","DTF_Sask_2017_b",16.1776442991694,16.1776442991694,1.79860324851141e-19,1.79860324851141e-19,6.64286919522401e-17,6.64286919522401e-17
"Lcu.1GRN.Chr2p416197781",2,416197781,1,0.287267080745342,18.7445461957608,18.7445461957608,"GLM","DTF_Sask_2017_b",16.1776442991694,16.1776442991694,1.80075157890267e-19,1.80075157890267e-19,6.64286919522401e-17,6.64286919522401e-17
"Lcu.1GRN.Chr5p417964639",5,417964639,1,0.332298136645963,18.7435557690698,18.7435557690698,"GLM","DTF_Sask_2017_b",16.1776442991694,16.1776442991694,1.80486295433151e-19,1.80486295433151e-19,6.64286919522401e-17,6.64286919522401e-17
"Lcu.1GRN.Chr2p135213110",2,135213110,1,0.240683229813665,18.7431398592342,18.7431398592342,"GLM","DTF_Sask_2017_b",16.1776442991694,16.1776442991694,1.80659224135283e-19,1.80659224135283e-19,6.64286919522401e-17,6.64286919522401e-17
"Lcu.1GRN.Chr3p235924160",3,235924160,1,0.479813664596273,18.7430517690092,18.7430517690092,"GLM","DTF_Sask_2017_b",16.1776442991694,16.1776442991694,1.80695871908783e-19,1.80695871908783e-19,6.64286919522401e-17,6.64286919522401e-17
"Lcu.1GRN.Chr3p346712124",3,346712124,1,0.368012422360248,18.7428115449513,18.7428115449513,"GLM","DTF_Sask_2017_b",16.1776442991694,16.1776442991694,1.80795849008989e-19,1.80795849008989e-19,6.64286919522401e-17,6.64286919522401e-17
"Lcu.1GRN.Chr1p434775151",1,434775151,2,0.5,18.7426276470592,6.52902117583358,"GLM","DTF_Sask_2017_b;DTF_Sask_2017",16.1776442991694,3.87775998097502,1.80872421512638e-19,2.95786823986835e-07,6.64286919522401e-17,0.000132507365367731
"Lcu.1GRN.Chr5p470774520",5,470774520,1,0.18944099378882,18.7425622073335,18.7425622073335,"GLM","DTF_Sask_2017_b",16.1776442991694,16.1776442991694,1.80899677519649e-19,1.80899677519649e-19,6.64286919522401e-17,6.64286919522401e-17
"Lcu.1GRN.Chr6p21969147",6,21969147,1,0.324534161490683,18.7412395124833,18.7412395124833,"GLM","DTF_Sask_2017_b",16.1767954663215,16.1767954663215,1.81451468578919e-19,1.81451468578919e-19,6.6558654450911e-17,6.6558654450911e-17
"Lcu.1GRN.Chr1p368732520",1,368732520,2,0.390322580645161,18.7388318249375,9.14455994425623,"GLM;MLM","Cotyledon_Color_RvsY",15.6513511369358,6.15932580637094,1.82460211970153e-19,7.16869421594409e-10,2.23176705890053e-16,6.92905795211054e-07
"Lcu.1GRN.Chr2p113455874",2,113455874,1,0.316770186335404,18.7376587161684,18.7376587161684,"GLM","DTF_Sask_2017_b",16.1740848661856,16.1740848661856,1.82953736599879e-19,1.82953736599879e-19,6.69753718973069e-17,6.69753718973069e-17
"Lcu.1GRN.Chr3p224229735",3,224229735,1,0.496894409937888,18.7375827366314,18.7375827366314,"GLM","DTF_Sask_2017_b",16.1740848661856,16.1740848661856,1.82985747037091e-19,1.82985747037091e-19,6.69753718973069e-17,6.69753718973069e-17
"Lcu.1GRN.Chr5p472576598",5,472576598,1,0.350931677018634,18.7353003582252,18.7353003582252,"GLM","DTF_Sask_2017_b",16.1733388322483,16.1733388322483,1.83949936299766e-19,1.83949936299766e-19,6.70905215087931e-17,6.70905215087931e-17
"Lcu.1GRN.Chr2p551171479",2,551171479,1,0.295031055900621,18.7348458353837,18.7348458353837,"GLM","DTF_Sask_2017_b",16.1733388322483,16.1733388322483,1.84142554945327e-19,1.84142554945327e-19,6.70905215087931e-17,6.70905215087931e-17
"Lcu.1GRN.Chr2p133089040",2,133089040,1,0.267080745341615,18.7345808126459,18.7345808126459,"GLM","DTF_Sask_2017_b",16.1733388322483,16.1733388322483,1.8425495991364e-19,1.8425495991364e-19,6.70905215087931e-17,6.70905215087931e-17
"Lcu.1GRN.Chr5p415894735",5,415894735,1,0.31832298136646,18.7340755441762,18.7340755441762,"GLM","DTF_Sask_2017_b",16.1733388322483,16.1733388322483,1.84469451238925e-19,1.84469451238925e-19,6.70905215087931e-17,6.70905215087931e-17
"Lcu.1GRN.Chr2p561527709",2,561527709,4,0.184782608695652,18.7340104813411,6.14615316728698,"GLM;FarmCPU","DTF_Sask_2017_b;DTF_Nepal_2017;DTF_Sask_2017",16.1733388322483,1.57358229489443,1.84497089178289e-19,7.14244381433325e-07,6.70905215087931e-17,0.0266942488721759
"Lcu.1GRN.Chr2p561719111",2,561719111,3,0.184782608695652,18.7340104813411,9.14440814688166,"GLM","DTF_Sask_2017_b;DTF_Nepal_2017;DTF_Sask_2017",16.1733388322483,5.40998645454804,1.84497089178289e-19,7.17120030157026e-10,6.70905215087931e-17,3.89057279328755e-06
"Lcu.1GRN.Chr6p438180291",6,438180291,1,0.434782608695652,18.7320371003272,18.7320371003272,"GLM","DTF_Sask_2017_b",16.1723034526398,16.1723034526398,1.85337328916145e-19,1.85337328916145e-19,6.72506594558112e-17,6.72506594558112e-17
"Lcu.1GRN.Chr6p438193191",6,438193191,1,0.434782608695652,18.7320371003272,18.7320371003272,"GLM","DTF_Sask_2017_b",16.1723034526398,16.1723034526398,1.85337328916145e-19,1.85337328916145e-19,6.72506594558112e-17,6.72506594558112e-17
"Lcu.1GRN.Chr2p580544574",2,580544574,1,0.256211180124224,18.731471374161,18.731471374161,"GLM","DTF_Sask_2017_b",16.172205968548,16.172205968548,1.8557891268294e-19,1.8557891268294e-19,6.72657565974381e-17,6.72657565974381e-17
"Lcu.1GRN.Chr1p360343177",1,360343177,2,0.137096774193548,18.7287992446809,8.41108691182236,"GLM;MLM","Cotyledon_Color_RvsY",15.6428949449143,5.46860475435802,1.86724263586327e-19,3.88072696386849e-09,2.27564783948341e-16,3.39934501733217e-06
"Lcu.1GRN.Chr4p440226351",4,440226351,1,0.368012422360248,18.7283363330214,18.7283363330214,"GLM","DTF_Sask_2017_b",16.1695386651832,16.1695386651832,1.86923397871763e-19,1.86923397871763e-19,6.76801534681714e-17,6.76801534681714e-17
"Lcu.1GRN.Chr2p399114127",2,399114127,1,0.309006211180124,18.7266735687717,18.7266735687717,"GLM","DTF_Sask_2017_b",16.1683431354937,16.1683431354937,1.87640435061747e-19,1.87640435061747e-19,6.78667206671125e-17,6.78667206671125e-17
"Lcu.1GRN.Chr5p2551744",5,2551744,1,0.290372670807453,18.7259790388175,18.7259790388175,"GLM","DTF_Sask_2017_b",16.168115337967,16.168115337967,1.87940752404244e-19,1.87940752404244e-19,6.79023276734245e-17,6.79023276734245e-17
"Lcu.1GRN.Chr3p332523713",3,332523713,1,0.388198757763975,18.723888280284,18.723888280284,"GLM","DTF_Sask_2017_b",16.1667228129153,16.1667228129153,1.888477086305e-19,1.888477086305e-19,6.81203996280168e-17,6.81203996280168e-17
"Lcu.1GRN.Chr6p22044805",6,22044805,1,0.307453416149068,18.7236545510007,18.7236545510007,"GLM","DTF_Sask_2017_b",16.1667228129153,16.1667228129153,1.8894937033936e-19,1.8894937033936e-19,6.81203996280168e-17,6.81203996280168e-17
"Lcu.1GRN.Chr1p366659366",1,366659366,2,0.346774193548387,18.721665895786,18.237613259391,"MLM;GLM","Cotyledon_Color_RvsY",15.1993505940596,15.0399505539684,1.89816562489759e-19,5.78611073045341e-19,6.31901528594292e-16,9.12114681071326e-16
"Lcu.1GRN.Chr4p418056996",4,418056996,2,0.352484472049689,18.7204744944695,6.35030162444725,"GLM;BLINK","DTF_Sask_2017_b;DTF_Sask_2017",16.1640079888677,0.823488242615371,1.90338001724101e-19,4.46373470973489e-07,6.85475616979985e-17,0.15014530531094
"Lcu.1GRN.Chr2p135303827",2,135303827,1,0.259316770186335,18.7195016467112,18.7195016467112,"GLM","DTF_Sask_2017_b",16.1638524322057,16.1638524322057,1.90764849075953e-19,1.90764849075953e-19,6.8572118629338e-17,6.8572118629338e-17
"Lcu.1GRN.Chr5p402155884",5,402155884,1,0.313664596273292,18.7193899652994,18.7193899652994,"GLM","DTF_Sask_2017_b",16.1638524322057,16.1638524322057,1.90813911700792e-19,1.90813911700792e-19,6.8572118629338e-17,6.8572118629338e-17
"Lcu.1GRN.Chr4p106080090",4,106080090,1,0.492236024844721,18.7175978434479,18.7175978434479,"GLM","DTF_Sask_2017_b",16.1625240525038,16.1625240525038,1.91602934636581e-19,1.91602934636581e-19,6.87821817661718e-17,6.87821817661718e-17
"Lcu.1GRN.Chr1p367885965",1,367885965,2,0.333870967741935,18.7168824097097,14.995176756248,"GLM;MLM","Cotyledon_Color_RvsY",15.6341138237959,11.6386250898111,1.91918831292023e-19,1.01116782893371e-15,2.32212811241741e-16,2.2981316832091e-12
"Lcu.1GRN.Chr1p364495366",1,364495366,2,0.129032258064516,18.7139665123423,11.4913979289643,"GLM;MLM","Cotyledon_Color_RvsY",15.6327573337841,8.38122505447072,1.93211729332379e-19,3.22553731938804e-12,2.32939246452847e-16,4.15695138509807e-09
"Lcu.1GRN.Chr5p37392889",5,37392889,1,0.397515527950311,18.7133122510107,18.7133122510107,"GLM","DTF_Sask_2017_b",16.1587017075579,16.1587017075579,1.9350302069114e-19,1.9350302069114e-19,6.93902244784825e-17,6.93902244784825e-17
"Lcu.1GRN.Chr3p263080036",3,263080036,1,0.274844720496894,18.7119722137179,18.7119722137179,"GLM","DTF_Sask_2017_b",16.1579925437156,16.1579925437156,1.9410100599854e-19,1.9410100599854e-19,6.95036250375577e-17,6.95036250375577e-17
"Lcu.1GRN.Chr2p400166284",2,400166284,1,0.301242236024845,18.7116780719478,18.7116780719478,"GLM","DTF_Sask_2017_b",16.1579925437156,16.1579925437156,1.94232512509563e-19,1.94232512509563e-19,6.95036250375577e-17,6.95036250375577e-17
"Lcu.1GRN.Chr4p105702968",4,105702968,1,0.490683229813665,18.7077878536714,18.7077878536714,"GLM","DTF_Sask_2017_b",16.1565914274645,16.1565914274645,1.95980177344042e-19,1.95980177344042e-19,6.97282189919673e-17,6.97282189919673e-17
"Lcu.1GRN.Chr4p105635525",4,105635525,1,0.492236024844721,18.705224292359,18.705224292359,"GLM","DTF_Sask_2017_b",16.1565914274645,16.1565914274645,1.97140433697006e-19,1.97140433697006e-19,6.97282189919673e-17,6.97282189919673e-17
"Lcu.1GRN.Chr4p105638865",4,105638865,1,0.492236024844721,18.705224292359,18.705224292359,"GLM","DTF_Sask_2017_b",16.1565914274645,16.1565914274645,1.97140433697006e-19,1.97140433697006e-19,6.97282189919673e-17,6.97282189919673e-17
"Lcu.1GRN.Chr4p105638868",4,105638868,1,0.492236024844721,18.705224292359,18.705224292359,"GLM","DTF_Sask_2017_b",16.1565914274645,16.1565914274645,1.97140433697006e-19,1.97140433697006e-19,6.97282189919673e-17,6.97282189919673e-17
"Lcu.1GRN.Chr4p105641072",4,105641072,1,0.492236024844721,18.705224292359,18.705224292359,"GLM","DTF_Sask_2017_b",16.1565914274645,16.1565914274645,1.97140433697006e-19,1.97140433697006e-19,6.97282189919673e-17,6.97282189919673e-17
"Lcu.1GRN.Chr4p105703875",4,105703875,1,0.492236024844721,18.705224292359,18.705224292359,"GLM","DTF_Sask_2017_b",16.1565914274645,16.1565914274645,1.97140433697006e-19,1.97140433697006e-19,6.97282189919673e-17,6.97282189919673e-17
"Lcu.1GRN.Chr4p105706087",4,105706087,1,0.492236024844721,18.705224292359,18.705224292359,"GLM","DTF_Sask_2017_b",16.1565914274645,16.1565914274645,1.97140433697006e-19,1.97140433697006e-19,6.97282189919673e-17,6.97282189919673e-17
"Lcu.1GRN.Chr4p105711981",4,105711981,1,0.492236024844721,18.705224292359,18.705224292359,"GLM","DTF_Sask_2017_b",16.1565914274645,16.1565914274645,1.97140433697006e-19,1.97140433697006e-19,6.97282189919673e-17,6.97282189919673e-17
"Lcu.1GRN.Chr4p105712122",4,105712122,1,0.492236024844721,18.705224292359,18.705224292359,"GLM","DTF_Sask_2017_b",16.1565914274645,16.1565914274645,1.97140433697006e-19,1.97140433697006e-19,6.97282189919673e-17,6.97282189919673e-17
"Lcu.1GRN.Chr4p106132689",4,106132689,1,0.492236024844721,18.705224292359,18.705224292359,"GLM","DTF_Sask_2017_b",16.1565914274645,16.1565914274645,1.97140433697006e-19,1.97140433697006e-19,6.97282189919673e-17,6.97282189919673e-17
"Lcu.1GRN.Chr4p106192261",4,106192261,1,0.492236024844721,18.705224292359,18.705224292359,"GLM","DTF_Sask_2017_b",16.1565914274645,16.1565914274645,1.97140433697006e-19,1.97140433697006e-19,6.97282189919673e-17,6.97282189919673e-17
"Lcu.1GRN.Chr6p22038237",6,22038237,1,0.296583850931677,18.7019625646866,18.7019625646866,"GLM","DTF_Sask_2017_b",16.1546825192598,16.1546825192598,1.98626612213483e-19,1.98626612213483e-19,7.00353786034233e-17,7.00353786034233e-17
"Lcu.1GRN.Chr2p135649693",2,135649693,1,0.257763975155279,18.7015662513916,18.7015662513916,"GLM","DTF_Sask_2017_b",16.1546825192598,16.1546825192598,1.98807950679458e-19,1.98807950679458e-19,7.00353786034233e-17,7.00353786034233e-17
"Lcu.1GRN.Chr2p140455464",2,140455464,1,0.257763975155279,18.7015662513916,18.7015662513916,"GLM","DTF_Sask_2017_b",16.1546825192598,16.1546825192598,1.98807950679458e-19,1.98807950679458e-19,7.00353786034233e-17,7.00353786034233e-17
"Lcu.1GRN.Chr2p119237491",2,119237491,1,0.408385093167702,18.7014925295079,18.7014925295079,"GLM","DTF_Sask_2017_b",16.1546825192598,16.1546825192598,1.98841701374598e-19,1.98841701374598e-19,7.00353786034233e-17,7.00353786034233e-17
"Lcu.1GRN.Chr2p411995255",2,411995255,1,0.287267080745342,18.6990678723612,18.6990678723612,"GLM","DTF_Sask_2017_b",16.1527123828054,16.1527123828054,1.99954935186696e-19,1.99954935186696e-19,7.03538092928278e-17,7.03538092928278e-17
"Lcu.1GRN.Chr4p437088909",4,437088909,1,0.354037267080745,18.6976280644699,18.6976280644699,"GLM","DTF_Sask_2017_b",16.1517266204149,16.1517266204149,2.00618941897628e-19,2.00618941897628e-19,7.0513679863406e-17,7.0513679863406e-17
"Lcu.1GRN.Chr5p34767565",5,34767565,1,0.245341614906832,18.6953066640252,18.6953066640252,"GLM","DTF_Sask_2017_b",16.1498587912719,16.1498587912719,2.01694165786428e-19,2.01694165786428e-19,7.08176006921538e-17,7.08176006921538e-17
"Lcu.1GRN.Chr6p214773870",6,214773870,1,0.214285714285714,18.6917876949423,18.6917876949423,"GLM","DTF_Sask_2017_b",16.1467929202811,16.1467929202811,2.03335077247861e-19,2.03335077247861e-19,7.13193012811589e-17,7.13193012811589e-17
"Lcu.1GRN.Chr4p105710279",4,105710279,1,0.481366459627329,18.6904910789429,18.6904910789429,"GLM","DTF_Sask_2017_b",16.1459489301506,16.1459489301506,2.03943055212692e-19,2.03943055212692e-19,7.14580350549246e-17,7.14580350549246e-17
"Lcu.1GRN.Chr1p171224647",1,171224647,1,0.346774193548387,18.6904653273441,18.6904653273441,"GLM","Cotyledon_Color_RvsY",15.6123582654173,15.6123582654173,2.03955148425165e-19,2.03955148425165e-19,2.44141570855257e-16,2.44141570855257e-16
"Lcu.1GRN.Chr1p176393146",1,176393146,1,0.346774193548387,18.6904653273441,18.6904653273441,"GLM","Cotyledon_Color_RvsY",15.6123582654173,15.6123582654173,2.03955148425165e-19,2.03955148425165e-19,2.44141570855257e-16,2.44141570855257e-16
"Lcu.1GRN.Chr3p437386398",3,437386398,1,0.333850931677019,18.6899369427287,18.6899369427287,"FarmCPU","DTF_Sask_2017_b",13.9412748112804,13.9412748112804,2.04203441578774e-19,2.04203441578774e-19,1.14478831722546e-14,1.14478831722546e-14
"Lcu.1GRN.Chr4p429809210",4,429809210,1,0.183229813664596,18.6892483592563,18.6892483592563,"GLM","DTF_Sask_2017_b",16.1451583650929,16.1451583650929,2.04527467442994e-19,2.04527467442994e-19,7.15882316767925e-17,7.15882316767925e-17
"Lcu.1GRN.Chr3p351642885",3,351642885,1,0.369565217391304,18.6850549117848,18.6850549117848,"GLM","DTF_Sask_2017_b",16.1414166019908,16.1414166019908,2.06511902759966e-19,2.06511902759966e-19,7.22076810765712e-17,7.22076810765712e-17
"Lcu.1GRN.Chr2p399647007",2,399647007,1,0.302795031055901,18.6831063137661,18.6831063137661,"GLM","DTF_Sask_2017_b",16.1404962577116,16.1404962577116,2.07440564806746e-19,2.07440564806746e-19,7.23608637543708e-17,7.23608637543708e-17
"Lcu.1GRN.Chr2p151862894",2,151862894,1,0.364906832298137,18.6830353215848,18.6830353215848,"GLM","DTF_Sask_2017_b",16.1404962577116,16.1404962577116,2.07474476961993e-19,2.07474476961993e-19,7.23608637543708e-17,7.23608637543708e-17
"Lcu.1GRN.Chr1p444457332",1,444457332,1,0.245341614906832,18.6826537819167,18.6826537819167,"GLM","DTF_Sask_2017_b",16.1404962577116,16.1404962577116,2.07656829095324e-19,2.07656829095324e-19,7.23608637543708e-17,7.23608637543708e-17
"Lcu.1GRN.Chr4p105710757",4,105710757,1,0.490683229813665,18.6819612201032,18.6819612201032,"GLM","DTF_Sask_2017_b",16.1404962577116,16.1404962577116,2.07988239985683e-19,2.07988239985683e-19,7.23608637543708e-17,7.23608637543708e-17
"Lcu.1GRN.Chr5p394294592",5,394294592,1,0.377329192546584,18.6811403314352,18.6811403314352,"GLM","DTF_Sask_2017_b",16.1404962577116,16.1404962577116,2.0838174406419e-19,2.0838174406419e-19,7.23608637543708e-17,7.23608637543708e-17
"Lcu.1GRN.Chr5p421022155",5,421022155,1,0.43944099378882,18.6807716905262,18.6807716905262,"GLM","DTF_Sask_2017_b",16.1404962577116,16.1404962577116,2.08558699219279e-19,2.08558699219279e-19,7.23608637543708e-17,7.23608637543708e-17
"Lcu.1GRN.Chr3p346580502",3,346580502,1,0.377329192546584,18.6806843571441,18.6806843571441,"GLM","DTF_Sask_2017_b",16.1404962577116,16.1404962577116,2.0860064303579e-19,2.0860064303579e-19,7.23608637543708e-17,7.23608637543708e-17
"Lcu.1GRN.Chr6p329042952",6,329042952,1,0.274844720496894,18.6803945892717,18.6803945892717,"GLM","DTF_Sask_2017_b",16.1404962577116,16.1404962577116,2.08739870994421e-19,2.08739870994421e-19,7.23608637543708e-17,7.23608637543708e-17
"Lcu.1GRN.Chr2p135400494",2,135400494,1,0.263975155279503,18.6800904096355,18.6800904096355,"GLM","DTF_Sask_2017_b",16.1404962577116,16.1404962577116,2.0888612350645e-19,2.0888612350645e-19,7.23608637543708e-17,7.23608637543708e-17
"Lcu.1GRN.Chr5p1650591",5,1650591,3,0.123456790123457,18.6787423274599,8.34574524913601,"FarmCPU;GLM;MLM","DTF_Nepal_2017",13.6290502003477,3.51790187164015,2.09535528854697e-19,4.51081224676633e-09,2.34936124114227e-14,0.00030345767660161
"Lcu.1GRN.Chr1p455377406",1,455377406,1,0.456521739130435,18.6761961716302,18.6761961716302,"GLM","DTF_Sask_2017_b",16.1370490547246,16.1370490547246,2.10767589373624e-19,2.10767589373624e-19,7.29375120728785e-17,7.29375120728785e-17
"Lcu.1GRN.Chr3p220400024",3,220400024,1,0.330745341614907,18.6748074075959,18.6748074075959,"GLM","DTF_Sask_2017_b",16.1361068660324,16.1361068660324,2.11442649637576e-19,2.11442649637576e-19,7.3095919558728e-17,7.3095919558728e-17
"Lcu.1GRN.Chr5p395878846",5,395878846,1,0.374223602484472,18.6742648577954,18.6742648577954,"GLM","DTF_Sask_2017_b",16.1360104328421,16.1360104328421,2.11706963044356e-19,2.11706963044356e-19,7.31121519900831e-17,7.31121519900831e-17
"Lcu.1GRN.Chr2p152073929",2,152073929,1,0.366459627329193,18.6729681739056,18.6729681739056,"GLM","DTF_Sask_2017_b",16.1351594077723,16.1351594077723,2.12340006391896e-19,2.12340006391896e-19,7.32555599282286e-17,7.32555599282286e-17
"Lcu.1GRN.Chr3p258126984",3,258126984,1,0.271739130434783,18.6694171200113,18.6694171200113,"GLM","DTF_Sask_2017_b",16.1324983018982,16.1324983018982,2.14083344064757e-19,2.14083344064757e-19,7.3705805724698e-17,7.3705805724698e-17
"Lcu.1GRN.Chr3p258127017",3,258127017,1,0.271739130434783,18.6694171200113,18.6694171200113,"GLM","DTF_Sask_2017_b",16.1324983018982,16.1324983018982,2.14083344064757e-19,2.14083344064757e-19,7.3705805724698e-17,7.3705805724698e-17
"Lcu.1GRN.Chr1p217264468",1,217264468,1,0.338709677419355,18.6677422944903,18.6677422944903,"GLM","Cotyledon_Color_RvsY",15.5932517587416,15.5932517587416,2.14910535102951e-19,2.14910535102951e-19,2.55122194094846e-16,2.55122194094846e-16
"Lcu.1GRN.Chr2p552107933",2,552107933,1,0.243788819875776,18.6675753506554,18.6675753506554,"GLM","DTF_Sask_2017_b",16.1311008236111,16.1311008236111,2.14993163105518e-19,2.14993163105518e-19,7.39433591966397e-17,7.39433591966397e-17
"Lcu.1GRN.Chr1p377699900",1,377699900,2,0.143548387096774,18.6672225836265,6.1583490102394,"GLM;MLM","Cotyledon_Color_RvsY",15.5932517587416,3.35334624362007,2.15167867858621e-19,6.94466002501499e-07,2.55122194094846e-16,0.000443255115490364
"Lcu.1GRN.Chr1p363528851",1,363528851,2,0.111290322580645,18.6667468005265,10.874831420267,"GLM;MLM","Cotyledon_Color_RvsY",15.5932517587416,7.8074105261944,2.15403720112069e-19,1.33403916456166e-11,2.55122194094846e-16,1.55807899884067e-08
"Lcu.1GRN.Chr4p105710292",4,105710292,1,0.486024844720497,18.6639061403986,18.6639061403986,"GLM","DTF_Sask_2017_b",16.1278754503699,16.1278754503699,2.16817263904972e-19,2.16817263904972e-19,7.44945583329148e-17,7.44945583329148e-17
"Lcu.1GRN.Chr4p440277335",4,440277335,1,0.355590062111801,18.6617674431788,18.6617674431788,"GLM","DTF_Sask_2017_b",16.1261801370394,16.1261801370394,2.17887620872871e-19,2.17887620872871e-19,7.47859238470866e-17,7.47859238470866e-17
"Lcu.1GRN.Chr5p37198756",5,37198756,1,0.498447204968944,18.6579595944385,18.6579595944385,"GLM","DTF_Sask_2017_b",16.1228152199866,16.1228152199866,2.19806436512151e-19,2.19806436512151e-19,7.53676163407572e-17,7.53676163407572e-17
"Lcu.1GRN.Chr2p399760881",2,399760881,1,0.299689440993789,18.656329751425,18.656329751425,"GLM","DTF_Sask_2017_b",16.12162785738,16.12162785738,2.20632887390959e-19,2.20632887390959e-19,7.5573953597795e-17,7.5573953597795e-17
"Lcu.1GRN.Chr5p391944923",5,391944923,1,0.377329192546584,18.6545616742282,18.6545616742282,"GLM","DTF_Sask_2017_b",16.1203018102284,16.1203018102284,2.21532947468406e-19,2.21532947468406e-19,7.58050589431386e-17,7.58050589431386e-17
"Lcu.1GRN.Chr5p408963847",5,408963847,1,0.375776397515528,18.6518868754684,18.6518868754684,"GLM","DTF_Sask_2017_b",16.1180685920679,16.1180685920679,2.22901568512309e-19,2.22901568512309e-19,7.61958657477438e-17,7.61958657477438e-17
"Lcu.1GRN.Chr1p363891534",1,363891534,2,0.119354838709677,18.6507886172294,11.2160607260023,"GLM;MLM","Cotyledon_Color_RvsY",15.5788363887014,8.12381624820463,2.2346596269409e-19,6.08049973659731e-12,2.63732475525043e-16,7.51940976066187e-09
"Lcu.1GRN.Chr1p363891548",1,363891548,2,0.119354838709677,18.6492837374042,11.4250028113928,"GLM;MLM","Cotyledon_Color_RvsY",15.5788363887014,8.31814517805071,2.24241640827317e-19,3.758349713237e-12,2.63732475525043e-16,4.8067863801992e-09
"Lcu.1GRN.Chr4p106206085",4,106206085,1,0.490683229813665,18.6443845892002,18.6443845892002,"GLM","DTF_Sask_2017_b",16.111007437866,16.111007437866,2.26785566426708e-19,2.26785566426708e-19,7.74448534236067e-17,7.74448534236067e-17
"Lcu.1GRN.Chr3p237522204",3,237522204,1,0.486024844720497,18.6409165138827,18.6409165138827,"GLM","DTF_Sask_2017_b",16.1079800469921,16.1079800469921,2.28603821515579e-19,2.28603821515579e-19,7.79865939469887e-17,7.79865939469887e-17
"Lcu.1GRN.Chr2p353157880",2,353157880,1,0.440993788819876,18.6401986469089,18.6401986469089,"GLM","DTF_Sask_2017_b",16.1077024177467,16.1077024177467,2.28982004627701e-19,2.28982004627701e-19,7.80364639823768e-17,7.80364639823768e-17
"Lcu.1GRN.Chr3p351492192",3,351492192,1,0.304347826086957,18.6388672444228,18.6388672444228,"GLM","DTF_Sask_2017_b",16.1072008602894,16.1072008602894,2.29685064444527e-19,2.29685064444527e-19,7.81266386947637e-17,7.81266386947637e-17
"Lcu.1GRN.Chr5p392206652",5,392206652,1,0.385093167701863,18.6388179505241,18.6388179505241,"GLM","DTF_Sask_2017_b",16.1072008602894,16.1072008602894,2.29711135959001e-19,2.29711135959001e-19,7.81266386947637e-17,7.81266386947637e-17
"Lcu.1GRN.Chr3p346350677",3,346350677,1,0.493788819875776,18.6383423506786,18.6383423506786,"GLM","DTF_Sask_2017_b",16.1071641634443,16.1071641634443,2.29962832510125e-19,2.29962832510125e-19,7.81332404878115e-17,7.81332404878115e-17
"Lcu.1GRN.Chr2p364423003",2,364423003,1,0.298136645962733,18.6378640102544,18.6378640102544,"GLM","DTF_Sask_2017_b",16.1071242829078,16.1071242829078,2.30216257603114e-19,2.30216257603114e-19,7.81404156621458e-17,7.81404156621458e-17
"Lcu.1GRN.Chr1p367801395",1,367801395,2,0.361290322580645,18.6334269191243,12.8059731253625,"GLM;MLM","Cotyledon_Color_RvsY",15.5644954340264,9.59513008898759,2.32580382743397e-19,1.56324437499134e-13,2.72586639729088e-16,2.54021169411938e-10
"Lcu.1GRN.Chr4p105852656",4,105852656,1,0.484472049689441,18.632852794647,18.632852794647,"GLM","DTF_Sask_2017_b",16.1033170575297,16.1033170575297,2.32888050458612e-19,2.32888050458612e-19,7.88284418928624e-17,7.88284418928624e-17
"Lcu.1GRN.Chr2p136633833",2,136633833,1,0.259316770186335,18.6323073586159,18.6323073586159,"GLM","DTF_Sask_2017_b",16.1033170575297,16.1033170575297,2.33180721305592e-19,2.33180721305592e-19,7.88284418928624e-17,7.88284418928624e-17
"Lcu.1GRN.Chr2p143575468",2,143575468,1,0.259316770186335,18.6323073586159,18.6323073586159,"GLM","DTF_Sask_2017_b",16.1033170575297,16.1033170575297,2.33180721305592e-19,2.33180721305592e-19,7.88284418928624e-17,7.88284418928624e-17
"Lcu.1GRN.Chr2p150085668",2,150085668,1,0.259316770186335,18.6323073586159,18.6323073586159,"GLM","DTF_Sask_2017_b",16.1033170575297,16.1033170575297,2.33180721305592e-19,2.33180721305592e-19,7.88284418928624e-17,7.88284418928624e-17
"Lcu.1GRN.Chr1p365081644",1,365081644,2,0.367741935483871,18.6263220067941,15.9380352645379,"GLM;MLM","Cotyledon_Color_RvsY",15.5589011127215,12.5317958139119,2.36416614111976e-19,1.15335960168116e-16,2.76120650135427e-16,2.93903112983855e-13
"Lcu.1GRN.Chr2p551378779",2,551378779,1,0.309006211180124,18.6258681654156,18.6258681654156,"GLM","DTF_Sask_2017_b",16.097376595117,16.097376595117,2.36663800591384e-19,2.36663800591384e-19,7.99140985514708e-17,7.99140985514708e-17
"Lcu.1GRN.Chr4p440226354",4,440226354,1,0.366459627329193,18.6253104090715,18.6253104090715,"GLM","DTF_Sask_2017_b",16.097376595117,16.097376595117,2.36967938776514e-19,2.36967938776514e-19,7.99140985514708e-17,7.99140985514708e-17
"Lcu.1GRN.Chr5p29607744",5,29607744,1,0.347826086956522,18.6250594356615,18.6250594356615,"GLM","DTF_Sask_2017_b",16.097376595117,16.097376595117,2.37104919193523e-19,2.37104919193523e-19,7.99140985514708e-17,7.99140985514708e-17
"Lcu.1GRN.Chr5p409527730",5,409527730,1,0.380434782608696,18.6232407314771,18.6232407314771,"GLM","DTF_Sask_2017_b",16.0959928378712,16.0959928378712,2.38099930437562e-19,2.38099930437562e-19,8.01691284299215e-17,8.01691284299215e-17
"Lcu.1GRN.Chr6p304978019",6,304978019,1,0.203416149068323,18.6216722485605,18.6216722485605,"GLM","DTF_Sask_2017_b",16.0948588667287,16.0948588667287,2.3896139859174e-19,2.3896139859174e-19,8.03787287601077e-17,8.03787287601077e-17
"Lcu.1GRN.Chr4p359784721",4,359784721,2,0.0596774193548387,18.6199812596331,12.1582722989243,"GLM;MLM","Cotyledon_Color_RvsY",15.5540657205577,8.99694690198335,2.39893643398667e-19,6.94588679873144e-13,2.79212128543528e-16,1.00705478656418e-09
"Lcu.1GRN.Chr1p133324600",1,133324600,1,0.367741935483871,18.6056924325188,18.6056924325188,"GLM","Cotyledon_Color_RvsY",15.5412770485858,15.5412770485858,2.47917719009056e-19,2.47917719009056e-19,2.87556342723859e-16,2.87556342723859e-16
"Lcu.1GRN.Chr1p366600928",1,366600928,2,0.356451612903226,18.5664032525195,17.2478501269048,"GLM;MLM","Cotyledon_Color_RvsY",15.5034828596735,13.7422260441428,2.71391816248178e-19,5.65131965694416e-18,3.13701893663061e-16,1.81039756099746e-14
"Lcu.1GRN.Chr1p367667317",1,367667317,2,0.306451612903226,18.5298782483387,14.830162638656,"GLM;MLM","Cotyledon_Color_RvsY",15.4684477179553,11.4880406876417,2.95203669515037e-19,1.47855458154082e-15,3.40057440766317e-16,3.25056842437346e-12
"Lcu.1GRN.Chr1p359845465",1,359845465,2,0.240322580645161,18.5174969355676,9.29290319187897,"GLM;MLM","Cotyledon_Color_RvsY",15.4575511740898,6.30011591610323,3.03740752417153e-19,5.09444418114781e-10,3.48697493748466e-16,5.01053481251504e-07
"Lcu.1GRN.Chr1p361420610",1,361420610,2,0.167741935483871,18.4997366046037,8.71487010152892,"GLM;MLM","Cotyledon_Color_RvsY",15.441270553184,5.75508308585611,3.16419613264516e-19,1.9281015265221e-09,3.62017401547433e-16,1.75758733379854e-06
"Lcu.1GRN.Chr1p342359925",1,342359925,2,0.435483870967742,18.4899976292343,7.54560467864638,"GLM;MLM","Cotyledon_Color_RvsY",15.4344759584614,4.64718022686482,3.23595423396523e-19,2.84705148840129e-08,3.67725749262224e-16,2.25330392470371e-05
"Lcu.1GRN.Chr3p389318666",3,389318666,2,0.0848765432098766,18.4837202862857,8.75693829906693,"GLM","DTF_Nepal_2017;DTF_Sask_2017",14.1873558258321,5.198607865789,3.28306675751034e-19,1.75009530988928e-09,6.49597244719695e-15,6.32983128066157e-06
"Lcu.1GRN.Chr1p153033557",1,153033557,1,0.351612903225806,18.4567848353431,18.4567848353431,"GLM","Cotyledon_Color_RvsY",15.4027279028284,15.4027279028284,3.49313334643217e-19,3.49313334643217e-19,3.95614405501464e-16,3.95614405501464e-16
"Lcu.1GRN.Chr1p166303247",1,166303247,1,0.348387096774194,18.4247862504931,18.4247862504931,"GLM","Cotyledon_Color_RvsY",15.3721891327375,15.3721891327375,3.76022428128136e-19,3.76022428128136e-19,4.2443468483952e-16,4.2443468483952e-16
"Lcu.1GRN.Chr1p365786736",1,365786736,2,0.37258064516129,18.4123946177433,11.8600157545101,"GLM;MLM","Cotyledon_Color_RvsY",15.3612524242359,8.73287609415922,3.86905926590776e-19,1.3803341905535e-12,4.35258815416587e-16,1.84979629750561e-09
"Lcu.1GRN.Chr1p367484558",1,367484558,2,0.338709677419355,18.4019451407244,15.3686466169145,"GLM;MLM","Cotyledon_Color_RvsY",15.3522530136122,12.0001957271779,3.96328094525381e-19,4.2791093335663e-16,4.44372307237397e-16,9.99549423058121e-13
"Lcu.1GRN.Chr1p368962782",1,368962782,2,0.348387096774194,18.3783260984956,14.3697252423819,"GLM;MLM","Cotyledon_Color_RvsY",15.3300792122576,11.0656283316976,4.18479223817922e-19,4.26849480913841e-15,4.67649837468316e-16,8.5974897812303e-12
"Lcu.1GRN.Chr1p362573151",1,362573151,2,0.151612903225806,18.357102849115,6.91027955368261,"GLM;MLM","Cotyledon_Color_RvsY",15.3109140390911,4.05924451352482,4.39437536027261e-19,1.22947710637366e-07,4.88749089004528e-16,8.72480012319805e-05
"Lcu.1GRN.Chr1p367960422",1,367960422,2,0.364516129032258,18.3562847924206,13.5753428630311,"GLM;MLM","Cotyledon_Color_RvsY",15.3109140390911,10.3133473042088,4.40266060488609e-19,2.65862532266528e-14,4.88749089004528e-16,4.86018382559214e-11
"Lcu.1GRN.Chr1p366659045",1,366659045,2,0.348387096774194,18.3457729511676,17.9212512180116,"MLM;GLM","Cotyledon_Color_RvsY",14.9089855888401,14.7110541720262,4.51052452798683e-19,1.19880565240022e-18,1.23314575192938e-15,1.94511744090429e-15
"Lcu.1GRN.Chr1p365318065",1,365318065,2,0.374193548387097,18.331970016682,13.3857343852358,"GLM;MLM","Cotyledon_Color_RvsY",15.2880302184589,10.1330788526676,4.65618238296551e-19,4.1140125743122e-14,5.15192795924658e-16,7.36073440204081e-11
"Lcu.1GRN.Chr1p367684187",1,367684187,2,0.348387096774194,18.3253598545754,14.418055284814,"GLM;MLM","Cotyledon_Color_RvsY",15.2828463120903,11.1113499910222,4.72759370205648e-19,3.81895653197154e-15,5.21379183862174e-16,7.73837922764863e-12
"Lcu.1GRN.Chr4p359784737",4,359784737,2,0.082258064516129,18.2926361638507,9.59640371732406,"GLM;MLM","Cotyledon_Color_RvsY",15.2515442085004,6.58941832926791,5.09757748755419e-19,2.53277308644002e-10,5.60345374756908e-16,2.57384073947605e-07
"Lcu.1GRN.Chr1p356893943",1,356893943,2,0.479032258064516,18.279860165377,5.97723838609337,"GLM;MLM","Cotyledon_Color_RvsY",15.2401851590223,3.18682150653814,5.24976465549615e-19,1.05380829773906e-06,5.75194654031034e-16,0.000650396946212099
"Lcu.1GRN.Chr1p297557284",1,297557284,1,0.341935483870968,18.2326999305764,18.2326999305764,"GLM","Cotyledon_Color_RvsY",15.1958450281693,15.1958450281693,5.85194275923613e-19,5.85194275923613e-19,6.3702279291132e-16,6.3702279291132e-16
"Lcu.1GRN.Chr1p365783601",1,365783601,2,0.346774193548387,18.2291855450461,16.5584482674127,"GLM;MLM","Cotyledon_Color_RvsY",15.1937338570485,13.1285448985889,5.89948980498451e-19,2.76408715398625e-17,6.40126995881685e-16,7.43798162979914e-14
"Lcu.1GRN.Chr1p359991345",1,359991345,2,0.243548387096774,18.1855722464967,10.6339171512404,"GLM;MLM","Cotyledon_Color_RvsY",15.1515192536916,7.57248662085699,6.52270524353163e-19,2.32317993857209e-11,7.05473567411898e-16,2.67616803560849e-08
"Lcu.1GRN.Chr1p87528539",1,87528539,1,0.417741935483871,18.1824772111701,18.1824772111701,"GLM","Cotyledon_Color_RvsY",15.1498184233566,15.1498184233566,6.56935587097511e-19,6.56935587097511e-19,7.08241835337271e-16,7.08241835337271e-16
"Lcu.1GRN.Chr1p354744070",1,354744070,2,0.245161290322581,18.1780040821087,6.60469418816262,"GLM;MLM","Cotyledon_Color_RvsY",15.1467350378233,3.77423719506408,6.63736831642839e-19,2.48488223854613e-07,7.13288073000661e-16,0.000168175529966408
"Lcu.1GRN.Chr1p360343634",1,360343634,2,0.175806451612903,18.1646298082824,8.11343842683739,"GLM;MLM","Cotyledon_Color_RvsY",15.1347460745238,5.18868503633348,6.84494860683803e-19,7.70125623061356e-09,7.33253129947862e-16,6.47612113630698e-06
"Lcu.1GRN.Chr1p363514990",1,363514990,2,0.12258064516129,18.1537604842868,10.5154000246243,"GLM;MLM","Cotyledon_Color_RvsY",15.1252576562445,7.45840865877063,7.01842261438648e-19,3.05210854918857e-11,7.49449447470901e-16,3.48009693683021e-08
"Lcu.1GRN.Chr1p368966052",1,368966052,2,0.388709677419355,18.1383662164527,8.28592456905215,"GLM;MLM","Cotyledon_Color_RvsY",15.1112399172393,5.34906078854598,7.27166366862136e-19,5.17696740909664e-09,7.74034080133912e-16,4.47650641772651e-06
"Lcu.1GRN.Chr1p374612061",1,374612061,2,0.182258064516129,18.0871226488792,9.54366891523192,"GLM;MLM","Cotyledon_Color_RvsY",15.0613685292651,6.54060200021161,8.18233678554101e-19,2.85976986055553e-10,8.68223368309803e-16,2.88003655295055e-07
"Lcu.1GRN.Chr1p369144581",1,369144581,2,0.37258064516129,18.0707308634893,13.641231474089,"GLM;MLM","Cotyledon_Color_RvsY",15.0463446016419,10.3768691819876,8.49706883521967e-19,2.28438092942741e-14,8.98784136130923e-16,4.19885442671426e-11
"Lcu.1GRN.Chr1p230353281",1,230353281,1,0.346774193548387,18.0661868365687,18.0661868365687,"GLM","Cotyledon_Color_RvsY",15.0431641377941,15.0431641377941,8.58644047272065e-19,8.58644047272065e-19,9.05390351876999e-16,9.05390351876999e-16
"Lcu.1GRN.Chr1p72514216",1,72514216,2,0.424193548387097,18.0442854843948,5.64292237925855,"GLM;MLM","Cotyledon_Color_RvsY",15.0226220808828,2.88028512981701,9.03055653028506e-19,2.27550409154948e-06,9.49244127631998e-16,0.00131739154003825
"Lcu.1GRN.Chr3p389318737",3,389318737,2,0.0879629629629629,18.0329588650784,8.6211211304551,"GLM","DTF_Nepal_2017;DTF_Sask_2017",13.7614179883498,5.1071449733284,9.26917613759627e-19,2.39264832217894e-09,1.73213609437491e-14,7.81366930278022e-06
"Lcu.1GRN.Chr1p364634048",1,364634048,2,0.490322580645161,18.024740852265,9.1527284789042,"GLM;MLM","Cotyledon_Color_RvsY",15.004432502838,6.16535235769278,9.44624374684855e-19,7.03512018434411e-10,9.89845691712213e-16,6.83356991838245e-07
"Lcu.1GRN.Chr3p389318847",3,389318847,2,0.0879629629629629,18.0078694397473,8.80047378745077,"GLM","DTF_Nepal_2017;DTF_Sask_2017",13.7598096588683,5.22790291505822,9.82043126434722e-19,1.58316511832636e-09,1.73856263320773e-14,5.91693890395648e-06
"Lcu.1GRN.Chr1p367994170",1,367994170,2,0.395161290322581,17.9949701235656,10.9092190323893,"GLM;MLM","Cotyledon_Color_RvsY",14.9771957885485,7.83877168368646,1.01164904627178e-18,1.23248308505594e-11,1.0539116650386e-15,1.44953369884969e-08
"Lcu.1GRN.Chr1p367580706",1,367580706,2,0.37741935483871,17.9948066480493,12.8168085664272,"GLM;MLM","Cotyledon_Color_RvsY",14.9771957885485,9.60386240496445,1.01202991912842e-18,1.5247246922793e-13,1.0539116650386e-15,2.48964597363063e-10
"Lcu.1GRN.Chr1p366601096",1,366601096,2,0.367741935483871,17.9910027012968,12.8424410413604,"GLM;MLM","Cotyledon_Color_RvsY",14.9747343296715,9.62738152058423,1.02093313351886e-18,1.43733816923902e-13,1.05990189914302e-15,2.35840550230449e-10
"Lcu.1GRN.Chr1p237426480",1,237426480,1,0.343548387096774,17.9775326616624,17.9775326616624,"GLM","Cotyledon_Color_RvsY",14.9626026408094,14.9626026408094,1.05309448485709e-18,1.05309448485709e-18,1.0899268695013e-15,1.0899268695013e-15
"Lcu.1GRN.Chr2p44213826",2,44213826,2,0.0833333333333334,17.9631212762519,6.87908298579174,"GLM","DTF_Nepal_2017;DTF_Sask_2017",13.737337890084,4.1119374486495,1.08862605326721e-18,1.32104318269659e-07,1.83088939829666e-14,7.72791882146265e-05
"Lcu.1GRN.Chr1p368421786",1,368421786,2,0.274193548387097,17.935555489915,14.2750704261632,"GLM;MLM","Cotyledon_Color_RvsY",14.921959708151,10.9787059657096,1.15996399778819e-18,5.3079836180363e-15,1.19685156455221e-15,1.05025325038119e-11
"Lcu.1GRN.Chr1p366600919",1,366600919,2,0.341935483870968,17.9027723778039,17.0164094212136,"GLM;MLM","Cotyledon_Color_RvsY",14.8918328396837,13.5309887245399,1.25091448707884e-18,9.62920823963003e-18,1.28282424779039e-15,2.94449807994512e-14
"Lcu.1GRN.Chr1p365081848",1,365081848,2,0.369354838709677,17.8987867736612,14.9990843530737,"GLM;MLM","Cotyledon_Color_RvsY",14.8891692897793,11.63958830599,1.26244720842157e-18,1.00211057910601e-15,1.29071604910377e-15,2.29304033443641e-12
"Lcu.1GRN.Chr1p356480916",1,356480916,2,0.5,17.8668791452599,5.30031172288539,"GLM;MLM","Cotyledon_Color_RvsY",14.8585797033059,2.56448681614233,1.35869148837321e-18,5.00827626306722e-06,1.38490599960494e-15,0.00272592048831575
"Lcu.1GRN.Chr1p371692763",1,371692763,1,0.382258064516129,17.8524563677573,17.8524563677573,"GLM","Cotyledon_Color_RvsY",14.8454709797011,14.8454709797011,1.40457078943519e-18,1.40457078943519e-18,1.42734520462219e-15,1.42734520462219e-15
"Lcu.1GRN.Chr1p360343472",1,360343472,2,0.187096774193548,17.8364513418302,9.24032837556822,"GLM;MLM","Cotyledon_Color_RvsY",14.8307760437024,6.24880911377911,1.45729897074339e-18,5.7500500434909e-10,1.47646771955434e-15,5.63885446932625e-07
"Lcu.1GRN.Chr1p221123356",1,221123356,1,0.348387096774194,17.7905092285716,17.7905092285716,"GLM","Cotyledon_Color_RvsY",14.7861400802461,14.7861400802461,1.61990957115378e-18,1.61990957115378e-18,1.63628865681767e-15,1.63628865681767e-15
"Lcu.1GRN.Chr1p242323041",1,242323041,1,0.338709677419355,17.7873238276033,17.7873238276033,"GLM","Cotyledon_Color_RvsY",14.784256912583,14.784256912583,1.63183473189974e-18,1.63183473189974e-18,1.64339926127221e-15,1.64339926127221e-15
"Lcu.1GRN.Chr1p367669241",1,367669241,2,0.417741935483871,17.7853424296687,9.45340986901816,"GLM;MLM","Cotyledon_Color_RvsY",14.7835738548737,6.45164129422313,1.63929672155538e-18,3.5203847498677e-10,1.64598603086393e-15,3.5347500213694e-07
"Lcu.1GRN.Chr6p431657465",6,431657465,1,0.313664596273292,17.783786877348,17.783786877348,"FarmCPU","DTF_Sask_2017_b",13.1020715355304,13.1020715355304,1.6451788687823e-18,1.6451788687823e-18,7.90548400793849e-14,7.90548400793849e-14
"Lcu.1GRN.Chr1p368240797",1,368240797,2,0.37741935483871,17.7620297267223,11.9544667127008,"GLM;MLM","Cotyledon_Color_RvsY",14.7615556222803,8.81325960446728,1.72969796026486e-18,1.11053765127204e-12,1.7315872434536e-15,1.53723546561902e-09
"Lcu.1GRN.Chr1p320163120",1,320163120,1,0.358064516129032,17.7555433859001,17.7555433859001,"GLM","Cotyledon_Color_RvsY",14.7563599049395,14.7563599049395,1.75572548894128e-18,1.75572548894128e-18,1.75242764254811e-15,1.75242764254811e-15
"Lcu.1GRN.Chr1p364495473",1,364495473,2,0.132258064516129,17.7323519357906,10.4982898032826,"GLM;MLM","Cotyledon_Color_RvsY",14.7344552542364,7.44423287076792,1.85203020005683e-18,3.1747548601575e-11,1.84308237367608e-15,3.59556487557777e-08
"Lcu.1GRN.Chr1p166307647",1,166307647,1,0.379032258064516,17.7285203936631,17.7285203936631,"GLM","Cotyledon_Color_RvsY",14.7319067100343,14.7319067100343,1.86844193662912e-18,1.86844193662912e-18,1.85392981975849e-15,1.85392981975849e-15
"Lcu.1GRN.Chr1p364568878",1,364568878,2,0.474193548387097,17.7190658606332,7.22631534920441,"GLM;MLM","Cotyledon_Color_RvsY",14.7237313958436,4.3536785092505,1.90956365182911e-18,5.93860788789527e-08,1.88915940257295e-15,4.42916124041611e-05
"Lcu.1GRN.Chr1p359131844",1,359131844,2,0.246774193548387,17.7152280163019,8.41606879403433,"GLM;MLM","Cotyledon_Color_RvsY",14.7211690134625,5.47245418617107,1.92651317630632e-18,3.83646469498225e-09,1.90033858526284e-15,3.36934757195064e-06
"Lcu.1GRN.Chr1p363532614",1,363532614,2,0.133870967741936,17.7114597920001,9.09239233135339,"GLM;MLM","Cotyledon_Color_RvsY",14.7186725162243,6.11458221154731,1.94330159891204e-18,8.0836531114538e-10,1.91129394421417e-15,7.68100041282593e-07
"Lcu.1GRN.Chr1p90092725",1,90092725,1,0.383870967741936,17.7013449840149,17.7013449840149,"GLM","Cotyledon_Color_RvsY",14.7098257222258,14.7098257222258,1.98909266545872e-18,1.98909266545872e-18,1.95062720875322e-15,1.95062720875322e-15
"Lcu.1GRN.Chr1p82958658",1,82958658,1,0.370967741935484,17.6893171637712,17.6893171637712,"GLM","Cotyledon_Color_RvsY",14.6990622245109,14.6990622245109,2.04495067080796e-18,2.04495067080796e-18,1.99957535548739e-15,1.99957535548739e-15
"Lcu.1GRN.Chr1p364825899",1,364825899,2,0.387096774193548,17.6792181262755,11.9825256766577,"GLM;MLM","Cotyledon_Color_RvsY",14.6903688957136,8.83592353653742,2.09306094292894e-18,1.04105655574059e-12,2.04000440069501e-15,1.45907112701998e-09
"Lcu.1GRN.Chr1p105972448",1,105972448,1,0.375806451612903,17.6781061787527,17.6781061787527,"GLM","Cotyledon_Color_RvsY",14.6903688957136,14.6903688957136,2.09842678574436e-18,2.09842678574436e-18,2.04000440069501e-15,2.04000440069501e-15
"Lcu.1GRN.Chr1p367666916",1,367666916,2,0.266129032258065,17.628955601,12.1121606979231,"GLM;MLM","Cotyledon_Color_RvsY",14.642471693959,8.95456317350136,2.34987304190729e-18,7.72394730218763e-13,2.2778667016923e-15,1.11029101803203e-09
"Lcu.1GRN.Chr1p367659089",1,367659089,2,0.303225806451613,17.6211590554794,16.6078576953503,"GLM;MLM","Cotyledon_Color_RvsY",14.6359249175941,13.1674041441932,2.39243939186161e-18,2.46684751320501e-17,2.31246454288022e-15,6.80136145470681e-14
"Lcu.1GRN.Chr1p382267128",1,382267128,1,0.311290322580645,17.617093663087,17.617093663087,"GLM","Cotyledon_Color_RvsY",14.6331057082143,14.6331057082143,2.4149399548731e-18,2.4149399548731e-18,2.32752466418567e-15,2.32752466418567e-15
"Lcu.1GRN.Chr1p127890847",1,127890847,1,0.340322580645161,17.6125693104844,17.6125693104844,"GLM","Cotyledon_Color_RvsY",14.6298239730028,14.6298239730028,2.44022959269966e-18,2.44022959269966e-18,2.34517916402173e-15,2.34517916402173e-15
"Lcu.1GRN.Chr3p389104888",3,389104888,3,0.0802469135802469,17.606269421654,7.87901662301517,"GLM;BLINK","DTF_Nepal_2017;DTF_Sask_2017",13.401675334556,4.62876514177594,2.47588562514191e-18,1.32124506136572e-08,3.96574390510527e-14,2.35090380137227e-05
"Lcu.1GRN.Chr1p363516764",1,363516764,2,0.104838709677419,17.6023434182502,9.75104412682738,"GLM;MLM","Cotyledon_Color_RvsY",14.6208371528842,6.73611410597438,2.49836899575097e-18,1.77400922215091e-10,2.39421334471159e-15,1.83605587700687e-07
"Lcu.1GRN.Chr1p71370565",1,71370565,1,0.420967741935484,17.59702023741,17.59702023741,"GLM","Cotyledon_Color_RvsY",14.6167495190563,14.6167495190563,2.52918013805693e-18,2.52918013805693e-18,2.41685436220964e-15,2.41685436220964e-15
"Lcu.1GRN.Chr1p367432846",1,367432846,2,0.295161290322581,17.5888351944767,12.9371015202604,"GLM;MLM","Cotyledon_Color_RvsY",14.6097965180326,9.71563950787515,2.57729900163618e-18,1.1558420220907e-13,2.45585930108599e-15,1.92468868041873e-10
"Lcu.1GRN.Chr1p384160081",1,384160081,1,0.425806451612903,17.5660261588369,17.5660261588369,"GLM","Cotyledon_Color_RvsY",14.5882160390308,14.5882160390308,2.71627565462183e-18,2.71627565462183e-18,2.5809759692604e-15,2.5809759692604e-15
"Lcu.1GRN.Chr1p356427516",1,356427516,1,0.483870967741935,17.5540339569065,17.5540339569065,"GLM","Cotyledon_Color_RvsY",14.5774489281297,14.5774489281297,2.79232550449367e-18,2.79232550449367e-18,2.64576381118316e-15,2.64576381118316e-15
"Lcu.1GRN.Chr1p367612945",1,367612945,2,0.329032258064516,17.5405638011875,12.5223116297703,"GLM;MLM","Cotyledon_Color_RvsY",14.5654913685965,9.32793670785404,2.88028988203669e-18,3.00392005406665e-13,2.71962253681124e-15,4.69962593872668e-10
"Lcu.1GRN.Chr1p353675504",1,353675504,2,0.216129032258065,17.5396365343162,8.75817686494901,"GLM;MLM","Cotyledon_Color_RvsY",14.5654913685965,5.79602954736923,2.8864461901483e-18,1.7451113175456e-09,2.71962253681124e-15,1.5994492058552e-06
"Lcu.1GRN.Chr1p356073219",1,356073219,2,0.425806451612903,17.5358257191049,5.69946638351508,"GLM;MLM","Cotyledon_Color_RvsY",14.5628953639169,2.93156489408117,2.91188541332456e-18,1.99771539525292e-06,2.73592782353e-15,0.00117067166263944
"Lcu.1GRN.Chr2p44214041",2,44214041,2,0.0864197530864198,17.5257932805487,6.43750612949738,"GLM","DTF_Nepal_2017;DTF_Sask_2017",13.3414025795391,3.81368736987319,2.97993450833232e-18,3.65168973337037e-07,4.55614377620099e-14,0.000153572208600804
"Lcu.1GRN.Chr1p363513837",1,363513837,2,0.0870967741935483,17.5098133512874,7.1007776397718,"GLM;MLM","Cotyledon_Color_RvsY",14.5380944180339,4.23766518332958,3.09162384826047e-18,7.92907197707779e-08,2.89671375757055e-15,5.78541898853303e-05
"Lcu.1GRN.Chr2p44640760",2,44640760,2,0.108024691358025,17.4952858011982,7.2348681240099,"GLM","DTF_Nepal_2017;DTF_Sask_2017",13.3302002553839,4.34152319775761,3.19679066827133e-18,5.82280003564144e-08,4.67519515962793e-14,4.5548785571828e-05
"Lcu.1GRN.Chr1p362573228",1,362573228,2,0.119354838709677,17.4861190155647,8.29853232704009,"GLM;MLM","Cotyledon_Color_RvsY",14.5156081345001,5.36055067080243,3.2649834517338e-18,5.0288383191672e-09,3.05064635752595e-15,4.35962695593638e-06
"Lcu.1GRN.Chr2p44640614",2,44640614,2,0.0941358024691358,17.467512870869,6.78891093454929,"GLM","DTF_Nepal_2017;DTF_Sask_2017",13.3209107307488,4.05026592385859,3.40790224899185e-18,1.62588215874188e-07,4.776274399111e-14,8.90705381253308e-05
"Lcu.1GRN.Chr1p366877086",1,366877086,2,0.364516129032258,17.4670762097705,14.6390730886769,"GLM;MLM","Cotyledon_Color_RvsY",14.4977700298443,11.316379689501,3.41133044519563e-18,2.29576225511664e-15,3.17855675307235e-15,4.82636664041761e-12
"Lcu.1GRN.Chr1p366878590",1,366878590,2,0.364516129032258,17.4640791557806,12.187433644983,"GLM;MLM","Cotyledon_Color_RvsY",14.4959743444819,9.02423224304323,3.43495335731057e-18,6.4948085692443e-13,3.19172639762012e-15,9.45731287450648e-10
"Lcu.1GRN.Chr1p367671503",1,367671503,2,0.325806451612903,17.4543113744351,11.5629343818574,"GLM;MLM","Cotyledon_Color_RvsY",14.4874046176394,8.44942076410682,3.51308473935394e-18,2.73568203299278e-12,3.25533271218255e-15,3.55286933741962e-09
"Lcu.1GRN.Chr1p363891019",1,363891019,2,0.12741935483871,17.4423805063006,10.4148575512326,"GLM;MLM","Cotyledon_Color_RvsY",14.4766685081177,7.36948679790301,3.61093352737349e-18,3.84717948997202e-11,3.33681010385175e-15,4.27083902146343e-08
"Lcu.1GRN.Chr1p366600877",1,366600877,2,0.354838709677419,17.4153280762282,15.7019429531445,"GLM;MLM","Cotyledon_Color_RvsY",14.4508075588528,12.3185442851086,3.84301362110113e-18,1.9863558184651e-16,3.5415423635313e-15,4.80237107854078e-13
"Lcu.1GRN.Chr3p389084910",3,389084910,2,0.0910493827160493,17.3732387744306,7.05611746500771,"GLM","DTF_Nepal_2017;DTF_Sask_2017",13.2613987405695,4.2250100555852,4.23410111823113e-18,8.78784796969117e-08,5.47773804167712e-14,5.95648351822358e-05
"Lcu.1GRN.Chr3p389093449",3,389093449,2,0.0910493827160493,17.3732387744306,7.05611746500771,"GLM","DTF_Nepal_2017;DTF_Sask_2017",13.2613987405695,4.2250100555852,4.23410111823113e-18,8.78784796969117e-08,5.47773804167712e-14,5.95648351822358e-05
"Lcu.1GRN.Chr1p345508087",1,345508087,1,0.388709677419355,17.3582082058394,17.3582082058394,"GLM","Cotyledon_Color_RvsY",14.394875909402,14.394875909402,4.38320511431176e-18,4.38320511431176e-18,4.02832118766586e-15,4.02832118766586e-15
"Lcu.1GRN.Chr1p366366758",1,366366758,2,0.374193548387097,17.3434621493274,9.29405394003593,"GLM;MLM","Cotyledon_Color_RvsY",14.3813148317476,6.30011591610323,4.53458816985446e-18,5.0809633230332e-10,4.15609214967148e-15,5.01053481251504e-07
"Lcu.1GRN.Chr1p367658966",1,367658966,2,0.316129032258065,17.3362152617556,15.3876585888686,"GLM;MLM","Cotyledon_Color_RvsY",14.3752496985973,12.0161812445018,4.61088975237192e-18,4.09582517562455e-16,4.21454117754371e-15,9.6342687192259e-13
"Lcu.1GRN.Chr1p367886997",1,367886997,2,0.417741935483871,17.3173094922938,12.0652814213796,"GLM;MLM","Cotyledon_Color_RvsY",14.357522476621,8.90953590181944,4.81604468385592e-18,8.60436011823765e-13,4.39013144220749e-15,1.23158417016649e-09
"Lcu.1GRN.Chr1p363528957",1,363528957,2,0.120967741935484,17.3132332559178,7.91346147297261,"GLM;MLM","Cotyledon_Color_RvsY",14.3558866261776,4.99943194786047,4.86146030611262e-18,1.22050208882901e-08,4.40669886632433e-15,1.00130884417841e-05
"Lcu.1GRN.Chr1p368966032",1,368966032,2,0.390322580645161,17.3129341926604,8.90000831327927,"GLM;MLM","Cotyledon_Color_RvsY",14.3558866261776,5.93429631509645,4.86480915100052e-18,1.25890131363314e-09,4.40669886632433e-15,1.16333202791988e-06
"Lcu.1GRN.Chr1p129132492",1,129132492,1,0.346774193548387,17.3121570681276,17.3121570681276,"GLM","Cotyledon_Color_RvsY",14.3558866261776,14.3558866261776,4.87352201099588e-18,4.87352201099588e-18,4.40669886632433e-15,4.40669886632433e-15
"Lcu.1GRN.Chr1p379851059",1,379851059,1,0.406451612903226,17.3017997113613,17.3017997113613,"GLM","Cotyledon_Color_RvsY",14.3466951613381,14.3466951613381,4.99114616884634e-18,4.99114616884634e-18,4.50095673827437e-15,4.50095673827437e-15
"Lcu.1GRN.Chr1p366878508",1,366878508,2,0.367741935483871,17.3002184333232,14.5254777978205,"GLM;MLM","Cotyledon_Color_RvsY",14.3462766536918,11.2081794305313,5.00935219219893e-18,2.98209999616006e-15,4.50529617335127e-15,6.19185203338501e-12
"Lcu.1GRN.Chr1p365080585",1,365080585,2,0.354838709677419,17.2813459752904,13.2342329844225,"GLM;MLM","Cotyledon_Color_RvsY",14.3285638611862,10.0018858287522,5.23183482921275e-18,5.83132189486806e-14,4.69284422932748e-15,9.95667132899027e-11
"Lcu.1GRN.Chr1p353680606",1,353680606,2,0.212903225806452,17.2686548683251,10.8283842391689,"GLM;MLM","Cotyledon_Color_RvsY",14.3180450310445,7.76396885523596,5.38697712862449e-18,1.4846215519629e-11,4.80789493854551e-15,1.72199206058312e-08
"Lcu.1GRN.Chr1p367497269",1,367497269,2,0.290322580645161,17.2685170626706,13.8935000752226,"GLM;MLM","Cotyledon_Color_RvsY",14.3180450310445,10.6195397243706,5.38868673749701e-18,1.27790898822432e-14,4.80789493854551e-15,2.40137660693882e-11
"Lcu.1GRN.Chr3p389084966",3,389084966,2,0.095679012345679,17.2655422836748,7.2936481752959,"GLM","DTF_Nepal_2017;DTF_Sask_2017",13.1807321538186,4.35814500105717,5.42572422951633e-18,5.08571272526554e-08,6.59580558635388e-14,4.38384306781289e-05
"Lcu.1GRN.Chr3p389085143",3,389085143,2,0.0925925925925926,17.2603875043083,7.05400332586372,"GLM","DTF_Nepal_2017;DTF_Sask_2017",13.1807321538186,4.22480511129283,5.49050758302415e-18,8.83073137744199e-08,6.59580558635388e-14,5.95929505609064e-05
"Lcu.1GRN.Chr1p366601108",1,366601108,2,0.359677419354839,17.2350455588663,12.4993363676746,"GLM;MLM","Cotyledon_Color_RvsY",14.2857239768717,9.31097947944736,5.8204215650297e-18,3.16711353531179e-13,5.17935910202208e-15,4.88675448867991e-10
"Lcu.1GRN.Chr1p359850497",1,359850497,2,0.206451612903226,17.2302225219093,9.63089396040842,"GLM;MLM","Cotyledon_Color_RvsY",14.2830922477528,6.62127647652652,5.88542023496963e-18,2.33940837100385e-10,5.21084016778855e-15,2.39179263078861e-07
"Lcu.1GRN.Chr1p367683624",1,367683624,2,0.398387096774194,17.2301220329679,8.20954918248514,"GLM;MLM","Cotyledon_Color_RvsY",14.2830922477528,5.27823202247884,5.88678218659872e-18,6.17235387962772e-09,5.21084016778855e-15,5.26948263306786e-06
"Lcu.1GRN.Chr1p241013140",1,241013140,1,0.47741935483871,17.2206091641852,17.2206091641852,"GLM","Cotyledon_Color_RvsY",14.274720758029,14.274720758029,6.01714996912573e-18,6.01714996912573e-18,5.31225901224387e-15,5.31225901224387e-15
"Lcu.1GRN.Chr1p343652972",1,343652972,1,0.362903225806452,17.2178923043208,17.2178923043208,"GLM","Cotyledon_Color_RvsY",14.2731422854006,14.2731422854006,6.05491004868893e-18,6.05491004868893e-18,5.33160190666846e-15,5.33160190666846e-15
"Lcu.1GRN.Chr1p356198121",1,356198121,2,0.462903225806452,17.1866400205825,6.378679704246,"GLM;MLM","Cotyledon_Color_RvsY",14.2430254127192,3.56113628338996,6.50668795344305e-18,4.18138633640891e-07,5.71445197607253e-15,0.000274703198792746
"Lcu.1GRN.Chr1p364489604",1,364489604,2,0.138709677419355,17.1770847277215,9.41069557403796,"GLM;MLM","Cotyledon_Color_RvsY",14.2346025702572,6.41151209307743,6.65143378866297e-18,3.88422541846814e-10,5.82636153435207e-15,3.87692952918063e-07
"Lcu.1GRN.Chr1p367498128",1,367498128,2,0.246774193548387,17.1714101170457,12.6070738401832,"GLM;MLM","Cotyledon_Color_RvsY",14.2300574647223,9.41067423170056,6.73891351716365e-18,2.47130393003164e-13,5.88765746240983e-15,3.8844163038923e-10
"Lcu.1GRN.Chr1p355271669",1,355271669,1,0.498387096774194,17.1621713083977,17.1621713083977,"GLM","Cotyledon_Color_RvsY",14.2219452312376,14.2219452312376,6.88380709524083e-18,6.88380709524083e-18,5.99866720519397e-15,5.99866720519397e-15
"Lcu.1GRN.Chr1p362779158",1,362779158,2,0.138709677419355,17.1546134596234,9.81366600711005,"GLM;MLM","Cotyledon_Color_RvsY",14.2166318033857,6.79605514760928,7.00465162129257e-18,1.53579762939032e-10,6.07250941211164e-15,1.59935492633168e-07
"Lcu.1GRN.Chr1p362779161",1,362779161,2,0.138709677419355,17.1546134596234,9.81366600711005,"GLM;MLM","Cotyledon_Color_RvsY",14.2166318033857,6.79605514760928,7.00465162129257e-18,1.53579762939032e-10,6.07250941211164e-15,1.59935492633168e-07
"Lcu.1GRN.Chr1p366601044",1,366601044,2,0.351612903225806,17.1446403173923,14.6483606447232,"GLM;MLM","Cotyledon_Color_RvsY",14.2077765368862,11.3229443872117,7.16736765724155e-18,2.24718773203516e-15,6.19759886057421e-15,4.75396098026083e-12
"Lcu.1GRN.Chr1p356073143",1,356073143,1,0.433870967741935,17.1353531455856,17.1353531455856,"GLM","Cotyledon_Color_RvsY",14.1996043707802,14.1996043707802,7.32228880720063e-18,7.32228880720063e-18,6.3153238954145e-15,6.3153238954145e-15
"Lcu.1GRN.Chr1p367608441",1,367608441,2,0.403225806451613,17.1294352906513,10.5018188723482,"GLM;MLM","Cotyledon_Color_RvsY",14.1947986662153,7.44629720157531,7.42274787538867e-18,3.14906139357492e-11,6.38559446189478e-15,3.5785146411237e-08
"Lcu.1GRN.Chr3p389084292",3,389084292,2,0.0925925925925926,17.0524628347918,6.83652405943069,"GLM","DTF_Nepal_2017;DTF_Sask_2017",12.9880474508589,4.08422764332736,8.86211058860289e-18,1.45705498327094e-07,1.02790398357124e-13,8.23706241273775e-05
"Lcu.1GRN.Chr1p374603866",1,374603866,2,0.432258064516129,17.0494344120412,6.45404519992711,"GLM;MLM","Cotyledon_Color_RvsY",14.1159070972297,3.63223977742858,8.92412383186159e-18,3.51523853189377e-07,7.65760398201987e-15,0.000233217009715485
"Lcu.1GRN.Chr1p356198470",1,356198470,1,0.448387096774194,17.0476368534289,17.0476368534289,"GLM","Cotyledon_Color_RvsY",14.1152160219725,14.1152160219725,8.9611376107367e-18,8.9611376107367e-18,7.66979891783886e-15,7.66979891783886e-15
"Lcu.1GRN.Chr1p113802146",1,113802146,1,0.346774193548387,16.9992412406956,16.9992412406956,"GLM","Cotyledon_Color_RvsY",14.0682947045472,14.0682947045472,1.00174863494558e-17,1.00174863494558e-17,8.54486676573724e-15,8.54486676573724e-15
"Lcu.1GRN.Chr1p79938927",1,79938927,1,0.345161290322581,16.9985109907527,16.9985109907527,"GLM","Cotyledon_Color_RvsY",14.0682947045472,14.0682947045472,1.00343445476703e-17,1.00343445476703e-17,8.54486676573724e-15,8.54486676573724e-15
"Lcu.1GRN.Chr1p356410119",1,356410119,1,0.456451612903226,16.9528268888039,16.9528268888039,"GLM","Cotyledon_Color_RvsY",14.0237086928976,14.0237086928976,1.11473878355873e-17,1.11473878355873e-17,9.46872071740657e-15,9.46872071740657e-15
"Lcu.1GRN.Chr1p367561543",1,367561543,2,0.306451612903226,16.9479005096962,11.6304962640104,"GLM;MLM","Cotyledon_Color_RvsY",14.0198776346274,8.51530258814172,1.12745570966108e-17,2.34155161812603e-12,9.55261699474987e-15,3.05279338424108e-09
"Lcu.1GRN.Chr1p363534082",1,363534082,2,0.0983870967741935,16.9379025400238,10.9223769273121,"GLM;MLM","Cotyledon_Color_RvsY",14.0142335308121,7.8504084054887,1.15371213318382e-17,1.19570232217151e-11,9.67757329433025e-15,1.41120983509426e-08
"Lcu.1GRN.Chr1p363534099",1,363534099,2,0.0983870967741935,16.9379025400238,10.9223769273121,"GLM;MLM","Cotyledon_Color_RvsY",14.0142335308121,7.8504084054887,1.15371213318382e-17,1.19570232217151e-11,9.67757329433025e-15,1.41120983509426e-08
"Lcu.1GRN.Chr1p363534168",1,363534168,2,0.0983870967741935,16.9379025400238,10.9223769273121,"GLM;MLM","Cotyledon_Color_RvsY",14.0142335308121,7.8504084054887,1.15371213318382e-17,1.19570232217151e-11,9.67757329433025e-15,1.41120983509426e-08
"Lcu.1GRN.Chr1p363534177",1,363534177,2,0.0983870967741935,16.9379025400238,10.9223769273121,"GLM;MLM","Cotyledon_Color_RvsY",14.0142335308121,7.8504084054887,1.15371213318382e-17,1.19570232217151e-11,9.67757329433025e-15,1.41120983509426e-08
"Lcu.1GRN.Chr1p387800692",1,387800692,2,0.109677419354839,16.9331257720627,6.1066286538907,"GLM;MLM","Cotyledon_Color_RvsY",14.0105384433153,3.3065424810854,1.16647175689766e-17,7.82296425958237e-07,9.76026381722375e-15,0.000493693624597175
"Lcu.1GRN.Chr1p368780466",1,368780466,2,0.383870967741936,16.9156460273966,9.64816638254184,"GLM;MLM","Cotyledon_Color_RvsY",13.9941376917058,6.63722684442165,1.21437822866549e-17,2.24819313564384e-10,1.01358997925937e-14,2.30554262334485e-07
"Lcu.1GRN.Chr1p366878495",1,366878495,2,0.379032258064516,16.8832694750634,11.9599082933279,"GLM;MLM","Cotyledon_Color_RvsY",13.9628374583422,8.81691027747643,1.30836984164148e-17,1.09670975557581e-12,1.08933771911737e-14,1.52436764608995e-09
"Lcu.1GRN.Chr3p212553749",3,212553749,2,0.187096774193548,16.8725341042003,12.6768262778095,"GLM;MLM","Cotyledon_Color_RvsY",13.9531757455831,9.47223219071152,1.34111461645861e-17,2.10462014077893e-13,1.11384370418354e-14,3.37107029949232e-10
"Lcu.1GRN.Chr1p365198828",1,365198828,2,0.348387096774194,16.8703687886222,16.5760483591448,"GLM;MLM","Cotyledon_Color_RvsY",13.9520814403675,13.1426566624751,1.34781787380013e-17,2.65430998532647e-17,1.11665382944958e-14,7.20017973253475e-14
"Lcu.1GRN.Chr1p268111360",1,268111360,1,0.35,16.8546913290413,16.8546913290413,"GLM","Cotyledon_Color_RvsY",13.9374723564346,13.9374723564346,1.39736117028155e-17,1.39736117028155e-17,1.15485549082087e-14,1.15485549082087e-14
"Lcu.1GRN.Chr1p362779326",1,362779326,2,0.262903225806452,16.8406326190095,8.38413939423847,"GLM;MLM","Cotyledon_Color_RvsY",13.9244794002676,5.4427867419151,1.44333579051204e-17,4.12914948606895e-09,1.18992776923324e-14,3.60755746800144e-06
"Lcu.1GRN.Chr3p389315999",3,389315999,2,0.095679012345679,16.8361553899971,8.8793903932805,"GLM","DTF_Nepal_2017;DTF_Sask_2017",12.7887584525193,5.26639086383234,1.45829239181028e-17,1.32010843704958e-09,1.62645311082598e-13,5.41513310542752e-06
"Lcu.1GRN.Chr3p389085071",3,389085071,2,0.0987654320987654,16.8242101405169,7.06665468127372,"GLM","DTF_Nepal_2017;DTF_Sask_2017",12.7887584525193,4.22990206976009,1.49895936389733e-17,8.57719569083275e-08,1.62645311082598e-13,5.88976450279115e-05
"Lcu.1GRN.Chr1p160876835",1,160876835,1,0.364516129032258,16.8084690815324,16.8084690815324,"GLM","Cotyledon_Color_RvsY",13.8933790077079,13.8933790077079,1.55428594018321e-17,1.55428594018321e-17,1.27826527834133e-14,1.27826527834133e-14
"Lcu.1GRN.Chr1p367483630",1,367483630,2,0.212903225806452,16.7945104298605,9.72517544703517,"GLM;MLM","Cotyledon_Color_RvsY",13.8804809047484,6.71157966527123,1.60505371123966e-17,1.88288828336232e-10,1.31679780899647e-14,1.94276528591943e-07
"Lcu.1GRN.Chr1p86345009",1,86345009,1,0.437096774193548,16.7865515783698,16.7865515783698,"GLM","Cotyledon_Color_RvsY",13.873580018414,13.873580018414,1.63473899213678e-17,1.63473899213678e-17,1.33788868751355e-14,1.33788868751355e-14
"Lcu.1GRN.Chr1p359850701",1,359850701,2,0.204838709677419,16.7686318777885,9.90593941862356,"GLM;MLM","Cotyledon_Color_RvsY",13.8567157119898,6.88018529900944,1.70360192529265e-17,1.24182552244008e-10,1.39086278836144e-14,1.31769440222903e-07
"Lcu.1GRN.Chr1p382055192",1,382055192,1,0.241935483870968,16.7453986996857,16.7453986996857,"GLM","Cotyledon_Color_RvsY",13.8345353695102,13.8345353695102,1.79722023756873e-17,1.79722023756873e-17,1.46374232360843e-14,1.46374232360843e-14
"Lcu.1GRN.Chr1p367422894",1,367422894,2,0.409677419354839,16.7385572241463,12.4352207796739,"GLM;MLM","Cotyledon_Color_RvsY",13.8287441834354,9.25083007866428,1.82575616526423e-17,3.67095634854856e-13,1.48339160396482e-14,5.61267533678287e-10
"Lcu.1GRN.Chr1p367801365",1,367801365,2,0.319354838709677,16.6920937366543,10.2529915312086,"GLM;MLM","Cotyledon_Color_RvsY",13.7833284515345,7.21331652485396,2.03191840119816e-17,5.58481085074765e-11,1.64691637796584e-14,6.11904257795907e-08
"Lcu.1GRN.Chr1p332761262",1,332761262,1,0.356451612903226,16.6738082810225,16.6738082810225,"GLM","Cotyledon_Color_RvsY",13.7660882298174,13.7660882298174,2.11929649064402e-17,2.11929649064402e-17,1.71360914102995e-14,1.71360914102995e-14
"Lcu.1GRN.Chr1p367484007",1,367484007,2,0.270967741935484,16.6565107834455,11.9378464428738,"GLM;MLM","Cotyledon_Color_RvsY",13.7498334565873,8.79842288738066,2.20540937583747e-17,1.15386116602995e-12,1.77896147607271e-14,1.59065909358196e-09
"Lcu.1GRN.Chr2p44640525",2,44640525,2,0.100308641975309,16.6479616973299,6.76920922225963,"GLM","DTF_Nepal_2017;DTF_Sask_2017",12.6262982938179,4.03478752992601,2.24925297030775e-17,1.70133868752469e-07,2.36429523082346e-13,9.2302288759132e-05
"Lcu.1GRN.Chr1p368421758",1,368421758,2,0.287096774193548,16.6356959445683,8.47544334157939,"GLM;MLM","Cotyledon_Color_RvsY",13.730209907979,5.52955493542313,2.31368406473037e-17,3.34623670289108e-09,1.861187349721e-14,2.95423517333691e-06
"Lcu.1GRN.Chr1p355871275",1,355871275,2,0.209677419354839,16.6348092668446,8.74804018154022,"GLM;MLM","Cotyledon_Color_RvsY",13.730209907979,5.78707461838186,2.31841262529648e-17,1.78632229413893e-09,1.861187349721e-14,1.63277138889301e-06
"Lcu.1GRN.Chr1p355048743",1,355048743,1,0.495161290322581,16.6303903676605,16.6303903676605,"GLM","Cotyledon_Color_RvsY",13.7268262762266,13.7268262762266,2.34212264081451e-17,2.34212264081451e-17,1.87574468172108e-14,1.87574468172108e-14
"Lcu.1GRN.Chr1p363356987",1,363356987,2,0.132258064516129,16.6244437905375,5.8747649691827,"GLM;MLM","Cotyledon_Color_RvsY",13.7219125045413,3.09302637893288,2.37441271613034e-17,1.33424330054563e-06,1.89708808096583e-14,0.000807186000493943
"Lcu.1GRN.Chr1p345182976",1,345182976,1,0.361290322580645,16.5776722423118,16.5776722423118,"GLM","Cotyledon_Color_RvsY",13.6761713114416,13.6761713114416,2.64440370939012e-17,2.64440370939012e-17,2.10779654624746e-14,2.10779654624746e-14
"Lcu.1GRN.Chr1p308653414",1,308653414,1,0.356451612903226,16.5745546839375,16.5745546839375,"GLM","Cotyledon_Color_RvsY",13.6740816694806,13.6740816694806,2.66345470829963e-17,2.66345470829963e-17,2.11796281292346e-14,2.11796281292346e-14
"Lcu.1GRN.Chr2p44640784",2,44640784,1,0.115740740740741,16.5673700526777,16.5673700526777,"GLM","DTF_Nepal_2017",12.5615168595624,12.5615168595624,2.70788332139366e-17,2.70788332139366e-17,2.74462579345313e-13,2.74462579345313e-13
"Lcu.1GRN.Chr2p43484481",2,43484481,1,0.0848765432098766,16.556851324352,16.556851324352,"GLM","DTF_Nepal_2017",12.5615168595624,12.5615168595624,2.77426968095582e-17,2.77426968095582e-17,2.74462579345313e-13,2.74462579345313e-13
"Lcu.1GRN.Chr1p68029383",1,68029383,1,0.414516129032258,16.550792059734,16.550792059734,"GLM","Cotyledon_Color_RvsY",13.6513445344949,13.6513445344949,2.81324749132198e-17,2.81324749132198e-17,2.23180098800354e-14,2.23180098800354e-14
"Lcu.1GRN.Chr1p103420311",1,103420311,1,0.451612903225806,16.5300590287178,16.5300590287178,"GLM","Cotyledon_Color_RvsY",13.6323562689326,13.6323562689326,2.95080812956445e-17,2.95080812956445e-17,2.33154461932699e-14,2.33154461932699e-14
"Lcu.1GRN.Chr1p367659099",1,367659099,2,0.338709677419355,16.5297600516618,14.9149049393628,"GLM;MLM","Cotyledon_Color_RvsY",13.6323562689326,11.5670685048241,2.95284022461566e-17,1.21645223490617e-15,2.33154461932699e-14,2.70976416489193e-12
"Lcu.1GRN.Chr1p367493725",1,367493725,2,0.293548387096774,16.523452402135,11.887712212327,"GLM;MLM","Cotyledon_Color_RvsY",13.6270668953282,8.75535051132136,2.99603993482205e-17,1.2950537317908e-12,2.36011467156039e-14,1.75650539758579e-09
"Lcu.1GRN.Chr1p365084519",1,365084519,2,0.361290322580645,16.5143089548112,14.3612079092755,"GLM;MLM","Cotyledon_Color_RvsY",13.6189393419925,11.0613316582639,3.05978594362093e-17,4.35303431507221e-15,2.40469864135033e-14,8.68297082402686e-12
"Lcu.1GRN.Chr1p367960224",1,367960224,2,0.288709677419355,16.5119709491293,10.1981252958031,"GLM;MLM","Cotyledon_Color_RvsY",13.6183856560168,7.16127039339608,3.07630258820393e-17,6.33686863529692e-11,2.40776636858905e-14,6.89810191666317e-08
"Lcu.1GRN.Chr1p109737273",1,109737273,1,0.345161290322581,16.5117305822691,16.5117305822691,"GLM","Cotyledon_Color_RvsY",13.6183856560168,13.6183856560168,3.07800568573401e-17,3.07800568573401e-17,2.40776636858905e-14,2.40776636858905e-14
"Lcu.1GRN.Chr1p367562739",1,367562739,2,0.291935483870968,16.5032325001345,10.4662085995596,"GLM;MLM","Cotyledon_Color_RvsY",13.6108963884634,7.41361148180394,3.13882786828259e-17,3.41815222993024e-11,2.44964759529144e-14,3.85823359437901e-08
"Lcu.1GRN.Chr1p364547480",1,364547480,2,0.483870967741935,16.4887982788968,5.30956349625746,"GLM;MLM","Cotyledon_Color_RvsY",13.5974686438799,2.57303527845883,3.24490301608667e-17,4.90271337168019e-06,2.52657012225006e-14,0.00267278928475194
"Lcu.1GRN.Chr1p368048554",1,368048554,2,0.374193548387097,16.4835465860967,10.8668871421613,"GLM;MLM","Cotyledon_Color_RvsY",13.5932211006182,7.80097160308602,3.28438011376383e-17,1.35866647027515e-11,2.5514020455575e-14,1.58135143462644e-08
"Lcu.1GRN.Chr1p134018019",1,134018019,1,0.417741935483871,16.4604706376739,16.4604706376739,"GLM","Cotyledon_Color_RvsY",13.5711469853546,13.5711469853546,3.46361301045969e-17,3.46361301045969e-17,2.68443575458363e-14,2.68443575458363e-14
"Lcu.1GRN.Chr1p373776368",1,373776368,2,0.4,16.4555745255584,5.69122271729035,"GLM;MLM","Cotyledon_Color_RvsY",13.5672504006812,2.92483181888169,3.50288173188935e-17,2.03599769837288e-06,2.70862947013891e-14,0.00118896256563991
"Lcu.1GRN.Chr1p367435553",1,367435553,2,0.387096774193548,16.4536596946261,13.1379031283978,"GLM;MLM","Cotyledon_Color_RvsY",13.5663328020629,9.91211974222992,3.51836024947254e-17,7.27942157645265e-14,2.71435844503287e-14,1.22427859870332e-10
"Lcu.1GRN.Chr1p103470891",1,103470891,1,0.411290322580645,16.4337013739826,16.4337013739826,"GLM","Cotyledon_Color_RvsY",13.5473694291211,13.5473694291211,3.68382190522141e-17,3.68382190522141e-17,2.83550600181604e-14,2.83550600181604e-14
"Lcu.1GRN.Chr1p367887629",1,367887629,2,0.159677419354839,16.4289207515824,8.22124183084266,"GLM;MLM","Cotyledon_Color_RvsY",13.5435814802546,5.28882099938622,3.72459665087596e-17,6.00839075432479e-09,2.86034566590227e-14,5.14255565613223e-06
"Lcu.1GRN.Chr1p350493512",1,350493512,1,0.424193548387097,16.4175557899357,16.4175557899357,"GLM","Cotyledon_Color_RvsY",13.5332069283459,13.5332069283459,3.8233513532107e-17,3.8233513532107e-17,2.92949709481874e-14,2.92949709481874e-14
"Lcu.1GRN.Chr3p389084450",3,389084450,1,0.0972222222222222,16.4159667506314,16.4159667506314,"GLM","DTF_Nepal_2017",12.4332214131498,12.4332214131498,3.83736623051876e-17,3.83736623051876e-17,3.68789533388829e-13,3.68789533388829e-13
"Lcu.1GRN.Chr1p364467380",1,364467380,2,0.0919354838709677,16.4004187891525,6.27791745440266,"GLM;MLM","Cotyledon_Color_RvsY",13.5170580838068,3.46543383231602,3.97723461775079e-17,5.2733008061016e-07,3.04047835606587e-14,0.000342425554487641
"Lcu.1GRN.Chr1p364568767",1,364568767,2,0.475806451612903,16.3866474018653,12.3500694667407,"GLM;MLM","Cotyledon_Color_RvsY",13.5047695685942,9.16960905935942,4.10537277682604e-17,4.46612149447837e-13,3.1277384671832e-14,6.76691841771714e-10
"Lcu.1GRN.Chr1p143099349",1,143099349,1,0.358064516129032,16.386160681077,16.386160681077,"GLM","Cotyledon_Color_RvsY",13.5047695685942,13.5047695685942,4.10997631305977e-17,4.10997631305977e-17,3.1277384671832e-14,3.1277384671832e-14
"Lcu.1GRN.Chr1p365201778",1,365201778,2,0.351612903225806,16.3772023461791,15.0833035297229,"GLM;MLM","Cotyledon_Color_RvsY",13.4967926905703,11.7208430036755,4.19563455734603e-17,8.25460830861966e-16,3.18571785361357e-14,1.90176563900375e-12
"Lcu.1GRN.Chr1p374030020",1,374030020,2,0.385483870967742,16.3728651352235,6.97079970041128,"GLM;MLM","Cotyledon_Color_RvsY",13.4934347235062,4.11608417651512,4.23774543558458e-17,1.06954804837066e-07,3.21044531290828e-14,7.65448230609138e-05
"Lcu.1GRN.Chr2p43851620",2,43851620,1,0.0925925925925926,16.3725810697337,16.3725810697337,"GLM","DTF_Nepal_2017",12.4020701886691,12.4020701886691,4.24051818785687e-17,4.24051818785687e-17,3.96213994804126e-13,3.96213994804126e-13
"Lcu.1GRN.Chr1p367537667",1,367537667,2,0.320967741935484,16.3539061895018,11.0794149917607,"GLM;MLM","Cotyledon_Color_RvsY",13.4754528186509,7.99035217274922,4.42683984722422e-17,8.32884937849656e-12,3.34616368290172e-14,1.02246353244407e-08
"Lcu.1GRN.Chr1p361045695",1,361045695,2,0.166129032258065,16.3374315833344,5.98151336929437,"GLM;MLM","Cotyledon_Color_RvsY",13.4599530602147,3.19029888716068,4.59799417416194e-17,1.04348600962565e-06,3.46774328784827e-14,0.000645210034190718
"Lcu.1GRN.Chr1p368965900",1,368965900,2,0.403225806451613,16.3040003606722,9.67201199541392,"GLM;MLM","Cotyledon_Color_RvsY",13.4274945019723,6.65974636624233,4.96591909041274e-17,2.12808026661236e-10,3.73684856081624e-14,2.18903967902018e-07
"Lcu.1GRN.Chr1p385796248",1,385796248,1,0.114516129032258,16.3005122343271,16.3005122343271,"GLM","Cotyledon_Color_RvsY",13.4249768664933,13.4249768664933,5.00596450238285e-17,5.00596450238285e-17,3.75857424502904e-14,3.75857424502904e-14
"Lcu.1GRN.Chr1p66251882",1,66251882,1,0.408064516129032,16.2949762485771,16.2949762485771,"GLM","Cotyledon_Color_RvsY",13.4204092077485,13.4204092077485,5.07018436188668e-17,5.07018436188668e-17,3.79831337027781e-14,3.79831337027781e-14
"Lcu.1GRN.Chr1p357371916",1,357371916,1,0.416129032258065,16.2884487902952,16.2884487902952,"GLM","Cotyledon_Color_RvsY",13.4148479222387,13.4148479222387,5.14696493719828e-17,5.14696493719828e-17,3.84726478895683e-14,3.84726478895683e-14
"Lcu.1GRN.Chr1p364634077",1,364634077,2,0.5,16.2804513686716,7.3873444777456,"GLM;MLM","Cotyledon_Color_RvsY",13.4078145287177,4.49933664666544,5.24262303446291e-17,4.09878862478025e-08,3.9100784528452e-14,3.16711150075848e-05
"Lcu.1GRN.Chr1p246911091",1,246911091,1,0.406451612903226,16.2517022645928,16.2517022645928,"GLM","Cotyledon_Color_RvsY",13.3800273175723,13.3800273175723,5.6014148110935e-17,5.6014148110935e-17,4.16843162779444e-14,4.16843162779444e-14
"Lcu.1GRN.Chr1p367666926",1,367666926,2,0.262903225806452,16.2261480943656,10.0897716036407,"GLM;MLM","Cotyledon_Color_RvsY",13.3554329145465,7.0585025593553,5.94089539610144e-17,8.13258097823791e-11,4.41130499271623e-14,8.73971842142796e-08
"Lcu.1GRN.Chr2p43835097",2,43835097,1,0.0879629629629629,16.221306173029,16.221306173029,"GLM","DTF_Nepal_2017",12.2626945152641,12.2626945152641,6.00750065698875e-17,6.00750065698875e-17,5.46141884726847e-13,5.46141884726847e-13
"Lcu.1GRN.Chr1p349417024",1,349417024,1,0.419354838709677,16.2106914097174,16.2106914097174,"GLM","Cotyledon_Color_RvsY",13.3418894245426,13.3418894245426,6.15614145284074e-17,6.15614145284074e-17,4.55103919135754e-14,4.55103919135754e-14
"Lcu.1GRN.Chr1p350083487",1,350083487,1,0.419354838709677,16.2106914097174,16.2106914097174,"GLM","Cotyledon_Color_RvsY",13.3418894245426,13.3418894245426,6.15614145284074e-17,6.15614145284074e-17,4.55103919135754e-14,4.55103919135754e-14
"Lcu.1GRN.Chr1p358910834",1,358910834,2,0.232258064516129,16.2054008678392,7.24449731210379,"GLM;MLM","Cotyledon_Color_RvsY",13.3375523286717,4.36993027127524,6.23159373701718e-17,5.69511748887733e-08,4.59671598802469e-14,4.26648014338798e-05
"Lcu.1GRN.Chr1p387512205",1,387512205,1,0.111290322580645,16.1901952393041,16.1901952393041,"GLM","Cotyledon_Color_RvsY",13.3232980575421,13.3232980575421,6.45364037109406e-17,6.45364037109406e-17,4.75009113939561e-14,4.75009113939561e-14
"Lcu.1GRN.Chr1p247268985",1,247268985,1,0.364516129032258,16.1852919876789,16.1852919876789,"GLM","Cotyledon_Color_RvsY",13.3193440838509,13.3193440838509,6.52691583266079e-17,6.52691583266079e-17,4.79353514821967e-14,4.79353514821967e-14
"Lcu.1GRN.Chr1p365206934",1,365206934,2,0.346774193548387,16.182311894542,14.1823416914226,"GLM;MLM","Cotyledon_Color_RvsY",13.3173111982474,10.8910567564983,6.57185700910397e-17,6.57140613042776e-15,4.81602576597228e-14,1.2851187010893e-11
"Lcu.1GRN.Chr1p367999263",1,367999263,2,0.391935483870968,16.1640025405113,9.12921368347086,"GLM;MLM","Cotyledon_Color_RvsY",13.299946990361,6.14646834598926,6.85484216534167e-17,7.42653644293294e-10,5.01248411875975e-14,7.13726223914293e-07
"Lcu.1GRN.Chr1p367885918",1,367885918,2,0.274193548387097,16.1585709633623,11.7610545849398,"GLM;MLM","Cotyledon_Color_RvsY",13.2954585069201,8.64078138354186,6.9411117525044e-17,1.73358609574632e-12,5.06455734675628e-14,2.28674962458e-09
"Lcu.1GRN.Chr1p374610453",1,374610453,2,0.198387096774194,16.1524347587193,6.71745781452924,"GLM;MLM","Cotyledon_Color_RvsY",13.2902633524436,3.87995329182098,7.03987975601652e-17,1.91664722844133e-07,5.12550483526409e-14,0.000131839852410864
"Lcu.1GRN.Chr1p367667364",1,367667364,2,0.266129032258065,16.120174890864,12.1335004255808,"GLM;MLM","Cotyledon_Color_RvsY",13.2589425000501,8.9740429647749,7.58272156508363e-17,7.35359274870088e-13,5.50880627361228e-14,1.06159052879926e-09
"Lcu.1GRN.Chr2p43068546",2,43068546,1,0.0848765432098766,16.1200129971661,16.1200129971661,"GLM","DTF_Nepal_2017",12.1842642223607,12.1842642223607,7.58554873356398e-17,7.58554873356398e-17,6.54238018169927e-13,6.54238018169927e-13
"Lcu.1GRN.Chr2p43068628",2,43068628,1,0.0848765432098766,16.1200129971661,16.1200129971661,"GLM","DTF_Nepal_2017",12.1842642223607,12.1842642223607,7.58554873356398e-17,7.58554873356398e-17,6.54238018169927e-13,6.54238018169927e-13
"Lcu.1GRN.Chr1p387248352",1,387248352,1,0.483870967741935,16.0857513968135,16.0857513968135,"GLM","Cotyledon_Color_RvsY",13.2254559955365,13.2254559955365,8.20821272587641e-17,8.20821272587641e-17,5.9503704525105e-14,5.9503704525105e-14
"Lcu.1GRN.Chr1p266893568",1,266893568,1,0.356451612903226,16.0819139839303,16.0819139839303,"GLM","Cotyledon_Color_RvsY",13.2225535549884,13.2225535549884,8.28106161614206e-17,8.28106161614206e-17,5.99027065083195e-14,5.99027065083195e-14
"Lcu.1GRN.Chr1p350257978",1,350257978,1,0.438709677419355,16.0786024661572,16.0786024661572,"GLM","Cotyledon_Color_RvsY",13.2201750010154,13.2201750010154,8.34444648644649e-17,8.34444648644649e-17,6.02316830752478e-14,6.02316830752478e-14
"Lcu.1GRN.Chr1p378233744",1,378233744,1,0.201612903225806,16.0712432399657,16.0712432399657,"GLM","Cotyledon_Color_RvsY",13.2137467386999,13.2137467386999,8.48704998590323e-17,8.48704998590323e-17,6.11298403128118e-14,6.11298403128118e-14
"Lcu.1GRN.Chr1p375030595",1,375030595,1,0.12258064516129,16.0570127123843,16.0570127123843,"GLM","Cotyledon_Color_RvsY",13.2004451836266,13.2004451836266,8.76975150524279e-17,8.76975150524279e-17,6.30310898411111e-14,6.30310898411111e-14
"Lcu.1GRN.Chr1p342821568",1,342821568,1,0.337096774193548,16.0398194093818,16.0398194093818,"GLM","Cotyledon_Color_RvsY",13.184178870265,13.184178870265,9.12390155364381e-17,9.12390155364381e-17,6.54366608506291e-14,6.54366608506291e-14
"Lcu.1GRN.Chr1p374289979",1,374289979,2,0.388709677419355,16.0078983082717,5.55505467501683,"GLM;MLM","Cotyledon_Color_RvsY",13.1531827843755,2.80146040113985,9.81977850003894e-17,2.78577043510735e-06,7.02776475472893e-14,0.00157957262620206
"Lcu.1GRN.Chr1p361180162",1,361180162,2,0.17741935483871,15.9872338739483,6.86631868337693,"GLM;MLM","Cotyledon_Color_RvsY",13.1334413992453,4.01984081495962,1.02983139178137e-16,1.36044602680706e-07,7.35459226665234e-14,9.55342690394592e-05
"Lcu.1GRN.Chr1p355048744",1,355048744,1,0.5,15.9807062692237,15.9807062692237,"GLM","Cotyledon_Color_RvsY",13.1278348860259,13.1278348860259,1.04542704440576e-16,1.04542704440576e-16,7.45015166622104e-14,7.45015166622104e-14
"Lcu.1GRN.Chr1p348997884",1,348997884,1,0.420967741935484,15.9374406217675,15.9374406217675,"GLM","Cotyledon_Color_RvsY",13.0854883806734,13.0854883806734,1.15493988124072e-16,1.15493988124072e-16,8.2131852649746e-14,8.2131852649746e-14
"Lcu.1GRN.Chr1p356198092",1,356198092,2,0.496774193548387,15.9292329377182,5.45713603637245,"GLM;MLM","Cotyledon_Color_RvsY",13.0781978975604,2.70919712654332,1.1769745234128e-16,3.49030969525387e-06,8.3522234075273e-14,0.0019534525811372
"Lcu.1GRN.Chr1p368965903",1,368965903,2,0.391935483870968,15.9204129980568,10.3334431714358,"GLM;MLM","Cotyledon_Color_RvsY",13.0702932258498,7.29092962895072,1.20112166887095e-16,4.64041507049464e-11,8.50563562932876e-14,5.11764752792482e-08
"Lcu.1GRN.Chr1p382208787",1,382208787,1,0.201612903225806,15.9129304613308,15.9129304613308,"GLM","Cotyledon_Color_RvsY",13.0645928063917,13.0645928063917,1.2219953088051e-16,1.2219953088051e-16,8.61801396710279e-14,8.61801396710279e-14
"Lcu.1GRN.Chr1p367891938",1,367891938,2,0.406451612903226,15.9128878091834,8.95389522152401,"GLM;MLM","Cotyledon_Color_RvsY",13.0645928063917,5.9845890415978,1.22211532710047e-16,1.11199997754451e-09,8.61801396710279e-14,1.03612215082192e-06
"Lcu.1GRN.Chr1p349226708",1,349226708,1,0.42258064516129,15.9044359395811,15.9044359395811,"GLM","Cotyledon_Color_RvsY",13.0570504543613,13.0570504543613,1.24613203387933e-16,1.24613203387933e-16,8.76898941087634e-14,8.76898941087634e-14
"Lcu.1GRN.Chr1p173586338",1,173586338,1,0.325806451612903,15.8983400867557,15.8983400867557,"GLM","Cotyledon_Color_RvsY",13.0518622183383,13.0518622183383,1.26374634705876e-16,1.26374634705876e-16,8.87437510482494e-14,8.87437510482494e-14
"Lcu.1GRN.Chr3p345157947",3,345157947,3,0.225308641975309,15.8981005889922,6.23659585885641,"FarmCPU;GLM","DTF_Nepal_2017;DTF_Sask_2017",10.9733471984883,3.6906481266772,1.26444344984484e-16,5.79968145984121e-07,1.0632926247349e-11,0.000203869319520159
"Lcu.1GRN.Chr1p368963734",1,368963734,2,0.370967741935484,15.8918938944198,12.505209527998,"GLM;MLM","Cotyledon_Color_RvsY",13.0464432620676,9.31296107491415,1.28264391625512e-16,3.12457153499751e-13,8.98579978911037e-14,4.86450803507095e-10
"Lcu.1GRN.Chr1p161814136",1,161814136,1,0.374193548387097,15.8911115675257,15.8911115675257,"GLM","Cotyledon_Color_RvsY",13.0464432620676,13.0464432620676,1.28495652027758e-16,1.28495652027758e-16,8.98579978911037e-14,8.98579978911037e-14
"Lcu.1GRN.Chr2p43230795",2,43230795,1,0.0864197530864198,15.8765078207098,15.8765078207098,"GLM","DTF_Nepal_2017",11.9517544302059,11.9517544302059,1.32889962628623e-16,1.32889962628623e-16,1.11749495148755e-12,1.11749495148755e-12
"Lcu.1GRN.Chr2p43121810",2,43121810,1,0.0864197530864198,15.8447153312542,15.8447153312542,"GLM","DTF_Nepal_2017",11.9346791877337,11.9346791877337,1.42983086839127e-16,1.42983086839127e-16,1.1623068900409e-12,1.1623068900409e-12
"Lcu.1GRN.Chr1p287239773",1,287239773,1,0.487096774193548,15.8392373933122,15.8392373933122,"GLM","Cotyledon_Color_RvsY",12.9954710497192,12.9954710497192,1.44798014473543e-16,1.44798014473543e-16,1.01048285756063e-13,1.01048285756063e-13
"Lcu.1GRN.Chr1p374959418",1,374959418,1,0.114516129032258,15.8274951334619,15.8274951334619,"GLM","Cotyledon_Color_RvsY",12.9846288823815,12.9846288823815,1.48766404418122e-16,1.48766404418122e-16,1.03602710465653e-13,1.03602710465653e-13
"Lcu.1GRN.Chr1p374431054",1,374431054,2,0.383870967741936,15.8152251477139,6.42882890605326,"GLM;MLM","Cotyledon_Color_RvsY",12.9732571275265,3.60873330655815,1.53029391832326e-16,3.72538441986621e-07,1.06351317029884e-13,0.000246187894136962
"Lcu.1GRN.Chr1p348997944",1,348997944,1,0.420967741935484,15.8107567441769,15.8107567441769,"GLM","Cotyledon_Color_RvsY",12.9696851009473,12.9696851009473,1.54612020562049e-16,1.54612020562049e-16,1.0722965261937e-13,1.0722965261937e-13
"Lcu.1GRN.Chr1p407953637",1,407953637,1,0.332258064516129,15.8084727811175,15.8084727811175,"GLM","Cotyledon_Color_RvsY",12.9682956685479,12.9682956685479,1.55427269988482e-16,1.55427269988482e-16,1.07573260337892e-13,1.07573260337892e-13
"Lcu.1GRN.Chr2p42999059",2,42999059,1,0.0879629629629629,15.8082800557902,15.8082800557902,"GLM","DTF_Nepal_2017",11.9346791877337,11.9346791877337,1.55496258705047e-16,1.55496258705047e-16,1.1623068900409e-12,1.1623068900409e-12
"Lcu.1GRN.Chr2p43001604",2,43001604,1,0.0879629629629629,15.8082800557902,15.8082800557902,"GLM","DTF_Nepal_2017",11.9346791877337,11.9346791877337,1.55496258705047e-16,1.55496258705047e-16,1.1623068900409e-12,1.1623068900409e-12
"Lcu.1GRN.Chr2p43072512",2,43072512,1,0.0879629629629629,15.8082800557902,15.8082800557902,"GLM","DTF_Nepal_2017",11.9346791877337,11.9346791877337,1.55496258705047e-16,1.55496258705047e-16,1.1623068900409e-12,1.1623068900409e-12
"Lcu.1GRN.Chr2p43072525",2,43072525,1,0.0879629629629629,15.8082800557902,15.8082800557902,"GLM","DTF_Nepal_2017",11.9346791877337,11.9346791877337,1.55496258705047e-16,1.55496258705047e-16,1.1623068900409e-12,1.1623068900409e-12
"Lcu.1GRN.Chr1p365083731",1,365083731,2,0.314516129032258,15.8014883027917,13.2659047815947,"GLM;MLM","Cotyledon_Color_RvsY",12.9622038821744,10.0291260111253,1.57947114835342e-16,5.42119736301275e-14,1.09092807342545e-13,9.35134304310004e-11
"Lcu.1GRN.Chr1p360343122",1,360343122,2,0.170967741935484,15.7986782156639,5.96972727768128,"GLM;MLM","Cotyledon_Color_RvsY",12.9602846558347,3.18010653855414,1.58972419593093e-16,1.07219239461659e-06,1.09575975125553e-13,0.000660531390476185
"Lcu.1GRN.Chr1p353677571",1,353677571,2,0.238709677419355,15.7704105706931,6.02728819865187,"GLM;MLM","Cotyledon_Color_RvsY",12.9329060479849,3.23527464640884,1.69663893578713e-16,9.39099915237885e-07,1.16706206321863e-13,0.00058173521397573
"Lcu.1GRN.Chr2p43311860",2,43311860,1,0.0879629629629629,15.7664726390107,15.7664726390107,"GLM","DTF_Nepal_2017",11.9024170888604,11.9024170888604,1.71209303688883e-16,1.71209303688883e-16,1.25193825769388e-12,1.25193825769388e-12
"Lcu.1GRN.Chr1p91812621",1,91812621,1,0.409677419354839,15.7575291798656,15.7575291798656,"GLM","Cotyledon_Color_RvsY",12.9209118780623,12.9209118780623,1.74771583097813e-16,1.74771583097813e-16,1.19974271616045e-13,1.19974271616045e-13
"Lcu.1GRN.Chr1p366876317",1,366876317,2,0.351612903225806,15.7533131666461,9.15183626473378,"GLM;MLM","Cotyledon_Color_RvsY",12.9175812769372,6.16535235769278,1.76476480247666e-16,7.04958798478659e-10,1.20897890491786e-13,6.83356991838245e-07
"Lcu.1GRN.Chr1p363893299",1,363893299,2,0.158064516129032,15.7401068494633,7.94571530466699,"GLM;MLM","Cotyledon_Color_RvsY",12.9052585703988,5.029562085925,1.81925321271092e-16,1.13314293493229e-08,1.2437738727641e-13,9.34195807829336e-06
"Lcu.1GRN.Chr2p43066493",2,43066493,1,0.0833333333333334,15.7310941819661,15.7310941819661,"GLM","DTF_Nepal_2017",11.8763786580699,11.8763786580699,1.85740161160064e-16,1.85740161160064e-16,1.32929491040271e-12,1.32929491040271e-12
"Lcu.1GRN.Chr1p362772961",1,362772961,2,0.146774193548387,15.72301578703,7.46700482277867,"GLM;MLM","Cotyledon_Color_RvsY",12.8890493244753,4.57667933730016,1.89227483135044e-16,3.41189122744038e-08,1.29107263325934e-13,2.65045638914651e-05
"Lcu.1GRN.Chr2p44142612",2,44142612,2,0.0895061728395061,15.7041499375689,6.40845716120583,"GLM","DTF_Nepal_2017;DTF_Sask_2017",11.8585777931126,3.796515596914,1.97628722099084e-16,3.90429692581033e-07,1.38491209096464e-12,0.000159766015090516
"Lcu.1GRN.Chr1p365198886",1,365198886,2,0.183870967741935,15.701204878944,14.5882710922578,"GLM;MLM","Cotyledon_Color_RvsY",12.8681184460358,11.2682835864578,1.98973445792263e-16,2.5806488132494e-15,1.35481985912563e-13,5.39158446811342e-12
"Lcu.1GRN.Chr1p364877724",1,364877724,2,0.348387096774194,15.6902661116727,13.277535422887,"GLM;MLM","Cotyledon_Color_RvsY",12.8580579287744,10.0340232697586,2.04048726363418e-16,5.27794155911751e-14,1.38657086748856e-13,9.24648629383167e-11
"Lcu.1GRN.Chr2p43071915",2,43071915,1,0.0910493827160493,15.673388968054,15.673388968054,"GLM","DTF_Nepal_2017",11.8367716662507,11.8367716662507,2.12134366755847e-16,2.12134366755847e-16,1.45622450086865e-12,1.45622450086865e-12
"Lcu.1GRN.Chr1p364825784",1,364825784,2,0.416129032258065,15.6629897086323,10.4313194791123,"GLM;MLM","Cotyledon_Color_RvsY",12.8316580032907,7.38451304023762,2.17275266542994e-16,3.70408138995324e-11,1.47347237059007e-13,4.12559849302782e-08
"Lcu.1GRN.Chr1p176304435",1,176304435,1,0.469354838709677,15.6565167461653,15.6565167461653,"GLM","Cotyledon_Color_RvsY",12.8260597530668,12.8260597530668,2.20537909650275e-16,2.20537909650275e-16,1.49258903531859e-13,1.49258903531859e-13
"Lcu.1GRN.Chr1p407975511",1,407975511,1,0.330645161290323,15.6112520612643,15.6112520612643,"GLM","Cotyledon_Color_RvsY",12.7825392250558,12.7825392250558,2.44764223629398e-16,2.44764223629398e-16,1.64991197614328e-13,1.64991197614328e-13
"Lcu.1GRN.Chr1p408054242",1,408054242,1,0.330645161290323,15.6112520612643,15.6112520612643,"GLM","Cotyledon_Color_RvsY",12.7825392250558,12.7825392250558,2.44764223629398e-16,2.44764223629398e-16,1.64991197614328e-13,1.64991197614328e-13
"Lcu.1GRN.Chr1p386504634",1,386504634,1,0.480645161290323,15.6029417951014,15.6029417951014,"GLM","Cotyledon_Color_RvsY",12.7768321304146,12.7768321304146,2.49492907925314e-16,2.49492907925314e-16,1.67173667251223e-13,1.67173667251223e-13
"Lcu.1GRN.Chr1p386747139",1,386747139,1,0.480645161290323,15.6029417951014,15.6029417951014,"GLM","Cotyledon_Color_RvsY",12.7768321304146,12.7768321304146,2.49492907925314e-16,2.49492907925314e-16,1.67173667251223e-13,1.67173667251223e-13
"Lcu.1GRN.Chr1p387247633",1,387247633,1,0.480645161290323,15.6029417951014,15.6029417951014,"GLM","Cotyledon_Color_RvsY",12.7768321304146,12.7768321304146,2.49492907925314e-16,2.49492907925314e-16,1.67173667251223e-13,1.67173667251223e-13
"Lcu.1GRN.Chr2p43613651",2,43613651,1,0.0895061728395061,15.5999501997524,15.5999501997524,"GLM","DTF_Nepal_2017",11.7721068222565,11.7721068222565,2.51217448430312e-16,2.51217448430312e-16,1.69002518952318e-12,1.69002518952318e-12
"Lcu.1GRN.Chr1p386747551",1,386747551,1,0.0951612903225807,15.5955803209479,15.5955803209479,"GLM","Cotyledon_Color_RvsY",12.770334924172,12.770334924172,2.53757962782373e-16,2.53757962782373e-16,1.69693448642581e-13,1.69693448642581e-13
"Lcu.1GRN.Chr2p43072005",2,43072005,1,0.0802469135802469,15.5791340459463,15.5791340459463,"GLM","DTF_Nepal_2017",11.7598908402124,11.7598908402124,2.63551780191274e-16,2.63551780191274e-16,1.73823767936467e-12,1.73823767936467e-12
"Lcu.1GRN.Chr1p367433126",1,367433126,2,0.311290322580645,15.5765015900044,9.40420390711401,"GLM;MLM","Cotyledon_Color_RvsY",12.7521187446181,6.40630722555979,2.65154138537909e-16,3.94272142525099e-10,1.76962504201549e-13,3.92367271493314e-07
"Lcu.1GRN.Chr1p250123767",1,250123767,1,0.335483870967742,15.5704922962042,15.5704922962042,"GLM","Cotyledon_Color_RvsY",12.7469702924909,12.7469702924909,2.68848553273333e-16,2.68848553273333e-16,1.79072834294834e-13,1.79072834294834e-13
"Lcu.1GRN.Chr1p115681291",1,115681291,1,0.345161290322581,15.5675658669547,15.5675658669547,"GLM","Cotyledon_Color_RvsY",12.7449030019627,12.7449030019627,2.70666266877777e-16,2.70666266877777e-16,1.799272731045e-13,1.799272731045e-13
"Lcu.1GRN.Chr1p342815146",1,342815146,1,0.370967741935484,15.5562668910043,15.5562668910043,"GLM","Cotyledon_Color_RvsY",12.7344614685058,12.7344614685058,2.77800554964175e-16,2.77800554964175e-16,1.84305600141292e-13,1.84305600141292e-13
"Lcu.1GRN.Chr1p371167075",1,371167075,2,0.217741935483871,15.5394235042892,14.6959860292212,"GLM;MLM","Cotyledon_Color_RvsY",12.7184738347412,11.3622972457438,2.8878623963641e-16,2.0137890302125e-15,1.91216852495631e-13,4.34212932516338e-12
"Lcu.1GRN.Chr2p42999677",2,42999677,1,0.0895061728395061,15.5313747846365,15.5313747846365,"GLM","DTF_Nepal_2017",11.7205647464394,11.7205647464394,2.94188177197994e-16,2.94188177197994e-16,1.90298451152995e-12,1.90298451152995e-12
"Lcu.1GRN.Chr1p374975740",1,374975740,1,0.111290322580645,15.523389536916,15.523389536916,"GLM","Cotyledon_Color_RvsY",12.7032939374209,12.7032939374209,2.99647365053144e-16,2.99647365053144e-16,1.98018635050748e-13,1.98018635050748e-13
"Lcu.1GRN.Chr2p43072419",2,43072419,1,0.0848765432098766,15.501608625776,15.501608625776,"GLM","DTF_Nepal_2017",11.7066058041874,11.7066058041874,3.1505862567198e-16,3.1505862567198e-16,1.96514316789969e-12,1.96514316789969e-12
"Lcu.1GRN.Chr2p43002306",2,43002306,1,0.0910493827160493,15.4984792683633,15.4984792683633,"GLM","DTF_Nepal_2017",11.7066058041874,11.7066058041874,3.17337014535257e-16,3.17337014535257e-16,1.96514316789969e-12,1.96514316789969e-12
"Lcu.1GRN.Chr1p364578500",1,364578500,1,0.414516129032258,15.4949591717835,15.4949591717835,"GLM","Cotyledon_Color_RvsY",12.6757159660496,12.6757159660496,3.19919585337284e-16,3.19919585337284e-16,2.1100076698264e-13,2.1100076698264e-13
"Lcu.1GRN.Chr2p43068586",2,43068586,1,0.0848765432098766,15.4892404238628,15.4892404238628,"GLM","DTF_Nepal_2017",11.7066058041874,11.7066058041874,3.24160113794878e-16,3.24160113794878e-16,1.96514316789969e-12,1.96514316789969e-12
"Lcu.1GRN.Chr1p367659275",1,367659275,2,0.298387096774194,15.487998843386,12.2042150299303,"GLM;MLM","Cotyledon_Color_RvsY",12.6696063616888,9.03912948411601,3.25088163159774e-16,6.24863230943619e-13,2.1399007862537e-13,9.13840740881792e-10
"Lcu.1GRN.Chr2p43069879",2,43069879,1,0.111111111111111,15.485231159013,15.485231159013,"GLM","DTF_Nepal_2017",11.7066058041874,11.7066058041874,3.27166509801445e-16,3.27166509801445e-16,1.96514316789969e-12,1.96514316789969e-12
"Lcu.1GRN.Chr1p362779003",1,362779003,2,0.169354838709677,15.4802299387873,7.7560112027534,"GLM;MLM","Cotyledon_Color_RvsY",12.6626865179313,4.84724591763362,3.30955849313636e-16,1.75383526056388e-08,2.17427004230624e-13,1.42152362672311e-05
"Lcu.1GRN.Chr1p359675688",1,359675688,2,0.22258064516129,15.4764017684897,7.27173361376038,"GLM;MLM","Cotyledon_Color_RvsY",12.6597057517697,4.39522775506044,3.33886017105738e-16,5.34892349452157e-08,2.18924440381688e-13,4.02505894649158e-05
"Lcu.1GRN.Chr1p367555594",1,367555594,2,0.266129032258065,15.4747071659094,7.47583247066838,"GLM;MLM","Cotyledon_Color_RvsY",12.6588569030728,4.58450283565142,3.35191374279889e-16,3.343239808117e-08,2.19352756794559e-13,2.60313783457613e-05
"Lcu.1GRN.Chr1p367688012",1,367688012,2,0.295161290322581,15.447241405037,8.09390934148396,"GLM;MLM","Cotyledon_Color_RvsY",12.6322352522463,5.17024033227227,3.57074301214058e-16,8.05546580649928e-09,2.33219439760134e-13,6.75708944372754e-06
"Lcu.1GRN.Chr1p359677991",1,359677991,1,0.158064516129032,15.4429103828821,15.4429103828821,"GLM","Cotyledon_Color_RvsY",12.6287467026775,12.6287467026775,3.6065305647689e-16,3.6065305647689e-16,2.35100361720857e-13,2.35100361720857e-13
"Lcu.1GRN.Chr1p382314120",1,382314120,1,0.0951612903225807,15.4343355801494,15.4343355801494,"GLM","Cotyledon_Color_RvsY",12.6210127414115,12.6210127414115,3.67844629574462e-16,3.67844629574462e-16,2.39324554189696e-13,2.39324554189696e-13
"Lcu.1GRN.Chr1p368085276",1,368085276,2,0.412903225806452,15.4236823449809,10.0189877611402,"GLM;MLM","Cotyledon_Color_RvsY",12.6111987228942,6.99048493309793,3.76979431371905e-16,9.57221046376485e-11,2.44794286471571e-13,1.02215102129054e-07
"Lcu.1GRN.Chr1p363534795",1,363534795,2,0.133870967741936,15.3895065698398,8.1385174064782,"GLM;MLM","Cotyledon_Color_RvsY",12.5778605458564,5.21267692033308,4.07843392026742e-16,7.2691326402134e-09,2.64325738431327e-13,6.12806099947534e-06
"Lcu.1GRN.Chr1p414905604",1,414905604,1,0.22258064516129,15.3716984370376,15.3716984370376,"GLM","Cotyledon_Color_RvsY",12.5608883988406,12.5608883988406,4.24914511283587e-16,4.24914511283587e-16,2.74860037340243e-13,2.74860037340243e-13
"Lcu.1GRN.Chr1p359676175",1,359676175,2,0.224193548387097,15.349863794586,6.78254275474883,"GLM;MLM","Cotyledon_Color_RvsY",12.5398881360537,3.94236564217925,4.46823705064399e-16,1.64989856667249e-07,2.88477445684063e-13,0.000114191652505335
"Lcu.1GRN.Chr1p365301723",1,365301723,2,0.435483870967742,15.3478071045554,7.93754609437022,"GLM;MLM","Cotyledon_Color_RvsY",12.5386642257257,5.02245602054569,4.4894474813673e-16,1.15465942701055e-08,2.89291567234688e-13,9.49607157665668e-06
"Lcu.1GRN.Chr2p44558246",2,44558246,1,0.104938271604938,15.3429922354598,15.3429922354598,"GLM","DTF_Nepal_2017",11.5720537093004,11.5720537093004,4.53949732524514e-16,4.53949732524514e-16,2.67883701193111e-12,2.67883701193111e-12
"Lcu.1GRN.Chr1p367887183",1,367887183,2,0.370967741935484,15.3186441895839,7.26112990262458,"GLM;MLM","Cotyledon_Color_RvsY",12.5103324966193,4.38559453479085,4.80126647509004e-16,5.48112993309414e-08,3.08793040234534e-13,4.11533757188633e-05
"Lcu.1GRN.Chr1p362785780",1,362785780,2,0.108064516129032,15.2887507554364,11.9196345007986,"GLM;MLM","Cotyledon_Color_RvsY",12.4812686605882,8.78198720333127,5.14338749409363e-16,1.20327667785357e-12,3.30165233058357e-13,1.65201047469213e-09
"Lcu.1GRN.Chr2p44213534",2,44213534,1,0.103395061728395,15.2887108596076,15.2887108596076,"GLM","DTF_Nepal_2017",11.5253254713387,11.5253254713387,5.14386000558225e-16,5.14386000558225e-16,2.98314613534084e-12,2.98314613534084e-12
"Lcu.1GRN.Chr1p408220960",1,408220960,1,0.340322580645161,15.2872205857009,15.2872205857009,"GLM","Cotyledon_Color_RvsY",12.480566507275,12.480566507275,5.16154139041294e-16,5.16154139041294e-16,3.30699465308387e-13,3.30699465308387e-13
"Lcu.1GRN.Chr1p378708030",1,378708030,1,0.319354838709677,15.2737980227441,15.2737980227441,"GLM","Cotyledon_Color_RvsY",12.4710630395324,12.4710630395324,5.32355784312141e-16,5.32355784312141e-16,3.38015768342068e-13,3.38015768342068e-13
"Lcu.1GRN.Chr1p384225116",1,384225116,1,0.0935483870967742,15.2727819002828,15.2727819002828,"GLM","Cotyledon_Color_RvsY",12.4710630395324,12.4710630395324,5.33602799887141e-16,5.33602799887141e-16,3.38015768342068e-13,3.38015768342068e-13
"Lcu.1GRN.Chr1p384959521",1,384959521,1,0.0935483870967742,15.2727819002828,15.2727819002828,"GLM","Cotyledon_Color_RvsY",12.4710630395324,12.4710630395324,5.33602799887141e-16,5.33602799887141e-16,3.38015768342068e-13,3.38015768342068e-13
"Lcu.1GRN.Chr1p385796060",1,385796060,1,0.0935483870967742,15.2727819002828,15.2727819002828,"GLM","Cotyledon_Color_RvsY",12.4710630395324,12.4710630395324,5.33602799887141e-16,5.33602799887141e-16,3.38015768342068e-13,3.38015768342068e-13
"Lcu.1GRN.Chr1p386598025",1,386598025,1,0.0935483870967742,15.2727819002828,15.2727819002828,"GLM","Cotyledon_Color_RvsY",12.4710630395324,12.4710630395324,5.33602799887141e-16,5.33602799887141e-16,3.38015768342068e-13,3.38015768342068e-13
"Lcu.1GRN.Chr1p387301174",1,387301174,1,0.0935483870967742,15.2727819002828,15.2727819002828,"GLM","Cotyledon_Color_RvsY",12.4710630395324,12.4710630395324,5.33602799887141e-16,5.33602799887141e-16,3.38015768342068e-13,3.38015768342068e-13
"Lcu.1GRN.Chr1p363534794",1,363534794,2,0.130645161290323,15.2364225676325,8.26736256893906,"GLM;MLM","Cotyledon_Color_RvsY",12.4355208180957,5.33161379413368,5.80199609767329e-16,5.40303064843396e-09,3.66842109283096e-13,4.66000310287638e-06
"Lcu.1GRN.Chr1p355271661",1,355271661,1,0.490322580645161,15.2256258904594,15.2256258904594,"GLM","Cotyledon_Color_RvsY",12.4255397176541,12.4255397176541,5.94804313761425e-16,5.94804313761425e-16,3.75370624028123e-13,3.75370624028123e-13
"Lcu.1GRN.Chr1p366893261",1,366893261,2,0.390322580645161,15.2114611516006,10.990085305752,"GLM;MLM","Cotyledon_Color_RvsY",12.4121890267973,7.91042995526232,6.14523999491509e-16,1.02309201297015e-11,3.87089127597304e-13,1.22905139688118e-08
"Lcu.1GRN.Chr1p66608759",1,66608759,1,0.362903225806452,15.2074915520992,15.2074915520992,"GLM","Cotyledon_Color_RvsY",12.4090319522885,12.4090319522885,6.20166707025768e-16,6.20166707025768e-16,3.89913298583433e-13,3.89913298583433e-13
"Lcu.1GRN.Chr1p382208760",1,382208760,1,0.148387096774194,15.1814184534225,15.1814184534225,"GLM","Cotyledon_Color_RvsY",12.3837698612834,12.3837698612834,6.58539070855775e-16,6.58539070855775e-16,4.13266439639076e-13,4.13266439639076e-13
"Lcu.1GRN.Chr1p364568853",1,364568853,2,0.451612903225806,15.1673057997659,11.9919057956714,"GLM;MLM","Cotyledon_Color_RvsY",12.3704667036336,8.84349031478766,6.80290177299975e-16,1.01881235822442e-12,4.26121352081677e-13,1.4338696924639e-09
"Lcu.1GRN.Chr1p115681285",1,115681285,1,0.343548387096774,15.1471153792976,15.1471153792976,"GLM","Cotyledon_Color_RvsY",12.3510842731321,12.3510842731321,7.12663671152811e-16,7.12663671152811e-16,4.45569778949178e-13,4.45569778949178e-13
"Lcu.1GRN.Chr1p384614362",1,384614362,1,0.1,15.1437941825587,15.1437941825587,"GLM","Cotyledon_Color_RvsY",12.3491015123156,12.3491015123156,7.18134543341632e-16,7.18134543341632e-16,4.47608667564623e-13,4.47608667564623e-13
"Lcu.1GRN.Chr1p160605794",1,160605794,1,0.385483870967742,15.1435211343245,15.1435211343245,"GLM","Cotyledon_Color_RvsY",12.3491015123156,12.3491015123156,7.18586188552672e-16,7.18586188552672e-16,4.47608667564623e-13,4.47608667564623e-13
"Lcu.1GRN.Chr1p386747073",1,386747073,1,0.459677419354839,15.1159619539248,15.1159619539248,"GLM","Cotyledon_Color_RvsY",12.3223458371995,12.3223458371995,7.65663679423627e-16,7.65663679423627e-16,4.76051746500346e-13,4.76051746500346e-13
"Lcu.1GRN.Chr1p354743936",1,354743936,1,0.27741935483871,15.1068143146157,15.1068143146157,"GLM","Cotyledon_Color_RvsY",12.3140002193223,12.3140002193223,7.81962066009568e-16,7.81962066009568e-16,4.85288255087529e-13,4.85288255087529e-13
"Lcu.1GRN.Chr1p354854560",1,354854560,1,0.135483870967742,15.1041769607978,15.1041769607978,"GLM","Cotyledon_Color_RvsY",12.3121634085548,12.3121634085548,7.86725159603687e-16,7.86725159603687e-16,4.87345086114942e-13,4.87345086114942e-13
"Lcu.1GRN.Chr1p358496694",1,358496694,1,0.2,15.1004495252038,15.1004495252038,"GLM","Cotyledon_Color_RvsY",12.3092350430701,12.3092350430701,7.93506474734909e-16,7.93506474734909e-16,4.90642265417568e-13,4.90642265417568e-13
"Lcu.1GRN.Chr1p363528644",1,363528644,2,0.111290322580645,15.0959161102465,6.19390147631378,"GLM;MLM","Cotyledon_Color_RvsY",12.3054992306913,3.38558978334918,8.01832933121668e-16,6.39879981660457e-07,4.94880987551076e-13,0.000411538259638973
"Lcu.1GRN.Chr1p367801039",1,367801039,2,0.288709677419355,15.0886754232504,8.25912614419038,"GLM;MLM","Cotyledon_Color_RvsY",12.2990546841232,5.32448951975437,8.15313393550276e-16,5.50647733283343e-09,5.02279341114149e-13,4.73707739389561e-06
"Lcu.1GRN.Chr1p354236749",1,354236749,1,0.280645161290323,15.0660946913113,15.0660946913113,"GLM","Cotyledon_Color_RvsY",12.2772686358129,12.2772686358129,8.58826247079367e-16,8.58826247079367e-16,5.28118479435732e-13,5.28118479435732e-13
"Lcu.1GRN.Chr1p387708384",1,387708384,1,0.0967741935483871,15.063087172619,15.063087172619,"GLM","Cotyledon_Color_RvsY",12.2750543492714,12.2750543492714,8.64794317785922e-16,8.64794317785922e-16,5.30818011479374e-13,5.30818011479374e-13
"Lcu.1GRN.Chr1p386598144",1,386598144,1,0.0967741935483871,15.0594486769181,15.0594486769181,"GLM","Cotyledon_Color_RvsY",12.2722076395364,12.2722076395364,8.72069952730113e-16,8.72069952730113e-16,5.34308841147486e-13,5.34308841147486e-13
"Lcu.1GRN.Chr3p387941231",3,387941231,2,0.0895061728395061,15.05696733477,7.28315086114859,"GLM","DTF_Nepal_2017;DTF_Sask_2017",11.3010059645802,4.35814500105717,8.77066786777874e-16,5.21013694810653e-08,5.00027667573073e-12,4.38384306781289e-05
"Lcu.1GRN.Chr1p382208739",1,382208739,1,0.145161290322581,15.05372580275,15.05372580275,"GLM","Cotyledon_Color_RvsY",12.2672751104124,12.2672751104124,8.83637619995546e-16,8.83637619995546e-16,5.40411882409167e-13,5.40411882409167e-13
"Lcu.1GRN.Chr1p408218046",1,408218046,1,0.345161290322581,15.0368732455186,15.0368732455186,"GLM","Cotyledon_Color_RvsY",12.2512114625385,12.2512114625385,9.18600662888745e-16,9.18600662888745e-16,5.60774862384571e-13,5.60774862384571e-13
"Lcu.1GRN.Chr1p159794199",1,159794199,1,0.325806451612903,15.0295501400898,15.0295501400898,"GLM","Cotyledon_Color_RvsY",12.2446758359872,12.2446758359872,9.34221504454753e-16,9.34221504454753e-16,5.69277689835022e-13,5.69277689835022e-13
"Lcu.1GRN.Chr1p386604336",1,386604336,1,0.495161290322581,15.0109068314233,15.0109068314233,"GLM","Cotyledon_Color_RvsY",12.2268185808961,12.2268185808961,9.75198823293184e-16,9.75198823293184e-16,5.93173060749834e-13,5.93173060749834e-13
"Lcu.1GRN.Chr2p43121420",2,43121420,1,0.0895061728395061,15.0079878373466,15.0079878373466,"GLM","DTF_Nepal_2017",11.2593257058983,11.2593257058983,9.81775437790682e-16,9.81775437790682e-16,5.50394764472231e-12,5.50394764472231e-12
"Lcu.1GRN.Chr1p387507252",1,387507252,1,0.0919354838709677,14.9965125916482,14.9965125916482,"GLM","Cotyledon_Color_RvsY",12.2132089745448,12.2132089745448,1.00806238184375e-15,1.00806238184375e-15,6.12055810818837e-13,6.12055810818837e-13
"Lcu.1GRN.Chr3p389105142",3,389105142,2,0.0925925925925926,14.9922858613805,6.99958388673796,"GLM","DTF_Nepal_2017;DTF_Sask_2017",11.2508023145594,4.18710026465132,1.0179211512802e-15,1.00095859535328e-07,5.61303416217489e-12,6.49979613596905e-05
"Lcu.1GRN.Chr1p386389983",1,386389983,1,0.387096774193548,14.9894983841521,14.9894983841521,"GLM","Cotyledon_Color_RvsY",12.2069779854429,12.2069779854429,1.0244755919952e-15,1.0244755919952e-15,6.20900507121888e-13,6.20900507121888e-13
"Lcu.1GRN.Chr1p166851286",1,166851286,1,0.317741935483871,14.9886781410354,14.9886781410354,"FarmCPU","Cotyledon_Color_RvsY",9.93898601392322,9.93898601392322,1.02641232647857e-15,1.02641232647857e-15,1.15083745006872e-10,1.15083745006872e-10
"Lcu.1GRN.Chr1p357740500",1,357740500,2,0.111290322580645,14.9873671003323,5.87615149679224,"GLM;MLM","Cotyledon_Color_RvsY",12.2056285100825,3.09363109808304,1.02951552391699e-15,1.32999039084077e-06,6.22832820563643e-13,0.00080606284287556
"Lcu.1GRN.Chr1p364578767",1,364578767,2,0.47258064516129,14.9790907487181,9.03323717436267,"GLM;MLM","Cotyledon_Color_RvsY",12.19813256206,6.05909200864299,1.04932314269853e-15,9.26323806680392e-10,6.33676261292774e-13,8.72786442245556e-07
"Lcu.1GRN.Chr1p374289645",1,374289645,1,0.403225806451613,14.9758803616641,14.9758803616641,"GLM","Cotyledon_Color_RvsY",12.1964695353309,12.1964695353309,1.0571086787085e-15,1.0571086787085e-15,6.36107424613312e-13,6.36107424613312e-13
"Lcu.1GRN.Chr1p347216789",1,347216789,1,0.383870967741936,14.9758711092764,14.9758711092764,"GLM","Cotyledon_Color_RvsY",12.1964695353309,12.1964695353309,1.0571312000251e-15,1.0571312000251e-15,6.36107424613312e-13,6.36107424613312e-13
"Lcu.1GRN.Chr1p173511627",1,173511627,1,0.443548387096774,14.9738206938228,14.9738206938228,"GLM","Cotyledon_Color_RvsY",12.1951953389971,12.1951953389971,1.0621339875348e-15,1.0621339875348e-15,6.37976469616284e-13,6.37976469616284e-13
"Lcu.1GRN.Chr1p386265899",1,386265899,1,0.388709677419355,14.9720159896426,14.9720159896426,"GLM","Cotyledon_Color_RvsY",12.1941654690669,12.1941654690669,1.066556852537e-15,1.066556852537e-15,6.39491138711791e-13,6.39491138711791e-13
"Lcu.1GRN.Chr1p371694971",1,371694971,2,0.133870967741936,14.9687495463943,6.17206236519712,"GLM;MLM","Cotyledon_Color_RvsY",12.1916724801315,3.36540828677121,1.07460895071292e-15,6.72880022985419e-07,6.4317257815739e-13,0.000431113589888641
"Lcu.1GRN.Chr1p367561751",1,367561751,2,0.248387096774194,14.9667181204423,8.65305345177018,"GLM;MLM","Cotyledon_Color_RvsY",12.1904131334618,5.69911167213879,1.07964724171123e-15,2.22303626862458e-09,6.45040326381314e-13,1.99934770205467e-06
"Lcu.1GRN.Chr1p359125672",1,359125672,1,0.119354838709677,14.9373621030219,14.9373621030219,"GLM","Cotyledon_Color_RvsY",12.1618278251734,12.1618278251734,1.15514870873598e-15,1.15514870873598e-15,6.88925364736518e-13,6.88925364736518e-13
"Lcu.1GRN.Chr1p203005137",1,203005137,1,0.395161290322581,14.9244690727769,14.9244690727769,"GLM","Cotyledon_Color_RvsY",12.1497041387645,12.1497041387645,1.18995606596393e-15,1.18995606596393e-15,7.08428233699274e-13,7.08428233699274e-13
"Lcu.1GRN.Chr1p374129247",1,374129247,1,0.388709677419355,14.8981241226406,14.8981241226406,"GLM","Cotyledon_Color_RvsY",12.124127171997,12.124127171997,1.26437493375116e-15,1.26437493375116e-15,7.51402832758083e-13,7.51402832758083e-13
"Lcu.1GRN.Chr1p385796478",1,385796478,1,0.370967741935484,14.890285857366,14.890285857366,"GLM","Cotyledon_Color_RvsY",12.1177405335932,12.1177405335932,1.2874018907844e-15,1.2874018907844e-15,7.62534445196433e-13,7.62534445196433e-13
"Lcu.1GRN.Chr1p365205554",1,365205554,2,0.282258064516129,14.890205579714,11.6499743259073,"GLM;MLM","Cotyledon_Color_RvsY",12.1177405335932,8.53309406740668,1.28763988403016e-15,2.23885348847257e-12,7.62534445196433e-13,2.93025848777063e-09
"Lcu.1GRN.Chr1p386967889",1,386967889,1,0.483870967741935,14.8893186807216,14.8893186807216,"GLM","Cotyledon_Color_RvsY",12.1176175652848,12.1176175652848,1.29027213803701e-15,1.29027213803701e-15,7.62750383576616e-13,7.62750383576616e-13
"Lcu.1GRN.Chr2p43391129",2,43391129,1,0.103395061728395,14.8746511156858,14.8746511156858,"GLM","DTF_Nepal_2017",11.1471782833075,11.1471782833075,1.33459312810617e-15,1.33459312810617e-15,7.12560455113791e-12,7.12560455113791e-12
"Lcu.1GRN.Chr2p43391170",2,43391170,1,0.103395061728395,14.8746511156858,14.8746511156858,"GLM","DTF_Nepal_2017",11.1471782833075,11.1471782833075,1.33459312810617e-15,1.33459312810617e-15,7.12560455113791e-12,7.12560455113791e-12
"Lcu.1GRN.Chr1p385802757",1,385802757,1,0.1,14.8538717249234,14.8538717249234,"GLM","Cotyledon_Color_RvsY",12.082933198764,12.082933198764,1.40000077172938e-15,1.40000077172938e-15,8.26165016814553e-13,8.26165016814553e-13
"Lcu.1GRN.Chr1p371692430",1,371692430,2,0.0951612903225807,14.8486399618557,6.27800164953317,"GLM;MLM","Cotyledon_Color_RvsY",12.0784626882697,3.46543383231602,1.41696798579367e-15,5.27227858907187e-07,8.34713258279262e-13,0.000342425554487641
"Lcu.1GRN.Chr1p408220907",1,408220907,1,0.343548387096774,14.8308254641932,14.8308254641932,"GLM","Cotyledon_Color_RvsY",12.0614081111543,12.0614081111543,1.47629971463872e-15,1.47629971463872e-15,8.68144241457836e-13,8.68144241457836e-13
"Lcu.1GRN.Chr1p386962289",1,386962289,1,0.479032258064516,14.8155839833726,14.8155839833726,"GLM","Cotyledon_Color_RvsY",12.0469252235081,12.0469252235081,1.52903003573959e-15,1.52903003573959e-15,8.97583326407713e-13,8.97583326407713e-13
"Lcu.1GRN.Chr5p2101990",5,2101990,3,0.123456790123457,14.7806047840718,6.88583958828331,"FarmCPU;GLM;MLM","DTF_Nepal_2017",10.0319426526236,2.56314618910737,1.65727743025182e-15,1.30064989948546e-07,9.29089062302521e-11,0.00273434815462641
"Lcu.1GRN.Chr1p374173173",1,374173173,1,0.42741935483871,14.7751087922954,14.7751087922954,"GLM","Cotyledon_Color_RvsY",12.0072073028615,12.0072073028615,1.67838352448036e-15,1.67838352448036e-15,9.83541517384816e-13,9.83541517384816e-13
"Lcu.1GRN.Chr1p386263936",1,386263936,1,0.388709677419355,14.7605768339168,14.7605768339168,"GLM","Cotyledon_Color_RvsY",11.9934312967746,11.9934312967746,1.7354941979222e-15,1.7354941979222e-15,1.01523995977825e-12,1.01523995977825e-12
"Lcu.1GRN.Chr1p367435455",1,367435455,2,0.388709677419355,14.7462182544006,7.75939723724985,"GLM;MLM","Cotyledon_Color_RvsY",11.9798273559919,4.84958419653888,1.79383191124948e-15,1.74021441882075e-08,1.04754489321398e-12,1.41389058796009e-05
"Lcu.1GRN.Chr1p360172452",1,360172452,1,0.285483870967742,14.7342730220323,14.7342730220323,"GLM","Cotyledon_Color_RvsY",11.9686354533561,11.9686354533561,1.84385590282137e-15,1.84385590282137e-15,1.07489129716519e-12,1.07489129716519e-12
"Lcu.1GRN.Chr1p347447942",1,347447942,1,0.414516129032258,14.724066608353,14.724066608353,"GLM","Cotyledon_Color_RvsY",11.9591810649417,11.9591810649417,1.88770180742269e-15,1.88770180742269e-15,1.09854774023762e-12,1.09854774023762e-12
"Lcu.1GRN.Chr1p382777313",1,382777313,1,0.103225806451613,14.7229883913204,14.7229883913204,"GLM","Cotyledon_Color_RvsY",11.958853573216,11.958853573216,1.89239420161409e-15,1.89239420161409e-15,1.09937644285721e-12,1.09937644285721e-12
"Lcu.1GRN.Chr1p374290646",1,374290646,1,0.382258064516129,14.7132029583603,14.7132029583603,"GLM","Cotyledon_Color_RvsY",11.9498175700914,11.9498175700914,1.93551722943067e-15,1.93551722943067e-15,1.12248986881363e-12,1.12248986881363e-12
"Lcu.1GRN.Chr1p28458125",1,28458125,1,0.459677419354839,14.7091161351547,14.7091161351547,"GLM","Cotyledon_Color_RvsY",11.9464788857131,11.9464788857131,1.95381691362861e-15,1.95381691362861e-15,1.13115238173238e-12,1.13115238173238e-12
"Lcu.1GRN.Chr1p363414756",1,363414756,2,0.151612903225806,14.7060124521714,6.93966735538314,"GLM;MLM","Cotyledon_Color_RvsY",11.9441220549894,4.08771511428908,1.96782986691767e-15,1.14903337807199e-07,1.13730760970017e-12,8.17118203555899e-05
"Lcu.1GRN.Chr1p408223466",1,408223466,1,0.333870967741935,14.6916461177357,14.6916461177357,"GLM","Cotyledon_Color_RvsY",11.9305012906628,11.9305012906628,2.03401373980249e-15,2.03401373980249e-15,1.17354219488189e-12,1.17354219488189e-12
"Lcu.1GRN.Chr1p385802784",1,385802784,1,0.393548387096774,14.6892221293153,14.6892221293153,"GLM","Cotyledon_Color_RvsY",11.9288215945958,11.9288215945958,2.04539820594199e-15,2.04539820594199e-15,1.17808982592138e-12,1.17808982592138e-12
"Lcu.1GRN.Chr1p371795426",1,371795426,2,0.0935483870967742,14.6774877292907,6.69908476656738,"GLM;MLM","Cotyledon_Color_RvsY",11.917830213541,3.86325433325628,2.1014171423883e-15,1.99947157021545e-07,1.20828611954483e-12,0.000137007917997978
"Lcu.1GRN.Chr1p360321735",1,360321735,1,0.196774193548387,14.6705715701638,14.6705715701638,"GLM","Cotyledon_Color_RvsY",11.91165580435,11.91165580435,2.13515019200408e-15,2.13515019200408e-15,1.22558714101337e-12,1.22558714101337e-12
"Lcu.1GRN.Chr1p386504992",1,386504992,1,0.498387096774194,14.6655800765232,14.6655800765232,"GLM","Cotyledon_Color_RvsY",11.9074047959389,11.9074047959389,2.15983176178023e-15,2.15983176178023e-15,1.2376424705532e-12,1.2376424705532e-12
"Lcu.1GRN.Chr1p359676332",1,359676332,1,0.287096774193548,14.6576247231082,14.6576247231082,"GLM","Cotyledon_Color_RvsY",11.9001886673525,11.9001886673525,2.19975987962126e-15,2.19975987962126e-15,1.25837862487851e-12,1.25837862487851e-12
"Lcu.1GRN.Chr1p389572169",1,389572169,1,0.416129032258065,14.6543866681778,14.6543866681778,"GLM","Cotyledon_Color_RvsY",11.897688581133,11.897688581133,2.21622235774498e-15,2.21622235774498e-15,1.26564357522514e-12,1.26564357522514e-12
"Lcu.1GRN.Chr1p357613596",1,357613596,1,0.117741935483871,14.6530383533877,14.6530383533877,"GLM","Cotyledon_Color_RvsY",11.897076983198,11.897076983198,2.22311355451375e-15,2.22311355451375e-15,1.2674271813409e-12,1.2674271813409e-12
"Lcu.1GRN.Chr1p358161453",1,358161453,1,0.117741935483871,14.6517605840532,14.6517605840532,"GLM","Cotyledon_Color_RvsY",11.8965346831026,11.8965346831026,2.22966396985071e-15,2.22966396985071e-15,1.26901079618743e-12,1.26901079618743e-12
"Lcu.1GRN.Chr1p367493167",1,367493167,2,0.262903225806452,14.645973462211,11.2827969565074,"GLM;MLM","Cotyledon_Color_RvsY",11.891481787102,8.18734733883449,2.25957383843114e-15,5.21438439590486e-12,1.28386161032359e-12,6.49609939295307e-09
"Lcu.1GRN.Chr1p387755905",1,387755905,1,0.0935483870967742,14.6209033019813,14.6209033019813,"GLM","Cotyledon_Color_RvsY",11.8671446135137,11.8671446135137,2.39384870045088e-15,2.39384870045088e-15,1.35786122398745e-12,1.35786122398745e-12
"Lcu.1GRN.Chr1p373681768",1,373681768,2,0.398387096774194,14.6108589011907,7.5039905102129,"GLM;MLM","Cotyledon_Color_RvsY",11.85783196434,4.61040076492345,2.44985905220514e-15,3.13335419062257e-08,1.38729249126782e-12,2.45244476657396e-05
"Lcu.1GRN.Chr1p361280350",1,361280350,2,0.229032258064516,14.6046540701748,5.568432096686,"GLM;MLM","Cotyledon_Color_RvsY",11.8523576540715,2.81247072649627,2.48511179034581e-15,2.70126942731551e-06,1.40489007997184e-12,0.00154003032789464
"Lcu.1GRN.Chr1p370984835",1,370984835,1,0.0870967741935483,14.6032685501708,14.6032685501708,"GLM","Cotyledon_Color_RvsY",11.8517014280792,11.8517014280792,2.49305264712441e-15,2.49305264712441e-15,1.40701449623372e-12,1.40701449623372e-12
"Lcu.1GRN.Chr1p367801061",1,367801061,2,0.27741935483871,14.6001712216166,8.47657876970237,"GLM;MLM","Cotyledon_Color_RvsY",11.8493321709141,5.52955493542313,2.51089630959273e-15,3.33749966128904e-09,1.41471132155574e-12,2.95423517333691e-06
"Lcu.1GRN.Chr1p364825940",1,364825940,2,0.35,14.5925114263621,11.4060582053002,"GLM;MLM","Cotyledon_Color_RvsY",11.8423992285186,8.30575608483289,2.55557466257308e-15,3.92592315608478e-12,1.43747655940756e-12,4.94588387356843e-09
"Lcu.1GRN.Chr1p28229781",1,28229781,1,0.448387096774194,14.5914151123983,14.5914151123983,"GLM","Cotyledon_Color_RvsY",11.8420285529557,11.8420285529557,2.56203399268745e-15,2.56203399268745e-15,1.43870398667496e-12,1.43870398667496e-12
"Lcu.1GRN.Chr1p28458448",1,28458448,1,0.458064516129032,14.5852559345235,14.5852559345235,"GLM","Cotyledon_Color_RvsY",11.8365938030752,11.8365938030752,2.59862771189763e-15,2.59862771189763e-15,1.45682101261312e-12,1.45682101261312e-12
"Lcu.1GRN.Chr1p371705992",1,371705992,1,0.0967741935483871,14.5793619638801,14.5793619638801,"GLM","Cotyledon_Color_RvsY",11.831423054051,11.831423054051,2.63413504388673e-15,2.63413504388673e-15,1.47426972097678e-12,1.47426972097678e-12
"Lcu.1GRN.Chr1p371784277",1,371784277,2,0.103225806451613,14.5723848815028,5.63008523935239,"GLM;MLM","Cotyledon_Color_RvsY",11.8251679909288,2.86894041227953,2.67679503759227e-15,2.34376875665882e-06,1.49565700400299e-12,0.00135225808811502
"Lcu.1GRN.Chr1p361541626",1,361541626,1,0.0629032258064516,14.5715766031715,14.5715766031715,"BLINK","Cotyledon_Color_RvsY",9.52188447605931,9.52188447605931,2.68178153899141e-15,2.68178153899141e-15,3.00687603641975e-10,3.00687603641975e-10
"Lcu.1GRN.Chr1p319692021",1,319692021,1,0.353225806451613,14.5578562051969,14.5578562051969,"GLM","Cotyledon_Color_RvsY",11.8113601355052,11.8113601355052,2.76785793083669e-15,2.76785793083669e-15,1.54397357980389e-12,1.54397357980389e-12
"Lcu.1GRN.Chr2p43613678",2,43613678,1,0.0709876543209876,14.5479709874005,14.5479709874005,"GLM","DTF_Nepal_2017",10.8340709622115,10.8340709622115,2.83158115036918e-15,2.83158115036918e-15,1.46530839508651e-11,1.46530839508651e-11
"Lcu.1GRN.Chr1p408219139",1,408219139,1,0.353225806451613,14.541495336556,14.541495336556,"GLM","Cotyledon_Color_RvsY",11.7957188933452,11.7957188933452,2.87411845566645e-15,2.87411845566645e-15,1.60059371287609e-12,1.60059371287609e-12
"Lcu.1GRN.Chr1p361179820",1,361179820,1,0.188709677419355,14.5380645146561,14.5380645146561,"GLM","Cotyledon_Color_RvsY",11.7930065074767,11.7930065074767,2.89691321787184e-15,2.89691321787184e-15,1.6106215014147e-12,1.6106215014147e-12
"Lcu.1GRN.Chr1p109738871",1,109738871,1,0.445161290322581,14.5347783089479,14.5347783089479,"GLM","Cotyledon_Color_RvsY",11.7904375512823,11.7904375512823,2.91891663128711e-15,2.91891663128711e-15,1.62017694804645e-12,1.62017694804645e-12
"Lcu.1GRN.Chr2p43851602",2,43851602,1,0.100308641975309,14.5302849596882,14.5302849596882,"GLM","DTF_Nepal_2017",10.8230155133982,10.8230155133982,2.94927344379097e-15,2.94927344379097e-15,1.50308827343581e-11,1.50308827343581e-11
"Lcu.1GRN.Chr1p237164516",1,237164516,1,0.309677419354839,14.519984770115,14.519984770115,"GLM","Cotyledon_Color_RvsY",11.7769515698525,11.7769515698525,3.0200576262465e-15,3.0200576262465e-15,1.6712769755954e-12,1.6712769755954e-12
"Lcu.1GRN.Chr1p180842761",1,180842761,1,0.403225806451613,14.5198613724117,14.5198613724117,"GLM","Cotyledon_Color_RvsY",11.7769515698525,11.7769515698525,3.02091584835017e-15,3.02091584835017e-15,1.6712769755954e-12,1.6712769755954e-12
"Lcu.1GRN.Chr1p361416379",1,361416379,2,0.154838709677419,14.5121233199028,6.53178271112574,"GLM;MLM","Cotyledon_Color_RvsY",11.7699272307038,3.70393933362989,3.07522346699445e-15,2.93911980256857e-07,1.69852822975784e-12,0.000197724582126116
"Lcu.1GRN.Chr2p7898651",2,7898651,2,0.403225806451613,14.5087596833631,5.3200869588178,"GLM;MLM","Cotyledon_Color_RvsY",11.767276136542,2.58214869276135,3.0991337289505e-15,4.78534265776119e-06,1.70892838525556e-12,0.00261728675408644
"Lcu.1GRN.Chr1p345506823",1,345506823,1,0.290322580645161,14.5034365963437,14.5034365963437,"GLM","Cotyledon_Color_RvsY",11.7626644247544,11.7626644247544,3.13735312616756e-15,3.13735312616756e-15,1.72717194597317e-12,1.72717194597317e-12
"Lcu.1GRN.Chr1p387755233",1,387755233,1,0.0935483870967742,14.4971293973362,14.4971293973362,"GLM","Cotyledon_Color_RvsY",11.7570674376499,11.7570674376499,3.18324893656261e-15,3.18324893656261e-15,1.74957499190319e-12,1.74957499190319e-12
"Lcu.1GRN.Chr1p356408843",1,356408843,1,0.387096774193548,14.4924858035818,14.4924858035818,"GLM","Cotyledon_Color_RvsY",11.7531328962683,11.7531328962683,3.21746770504403e-15,3.21746770504403e-15,1.76549748701883e-12,1.76549748701883e-12
"Lcu.1GRN.Chr2p7752378",2,7752378,1,0.12741935483871,14.4819837480109,14.4819837480109,"GLM","Cotyledon_Color_RvsY",11.7433387373202,11.7433387373202,3.29622046927014e-15,3.29622046927014e-15,1.80576513124917e-12,1.80576513124917e-12
"Lcu.1GRN.Chr1p361241833",1,361241833,2,0.182258064516129,14.4705452829714,6.10351659716469,"GLM;MLM","Cotyledon_Color_RvsY",11.7326070169149,3.30505699735405,3.38418983791606e-15,7.87922319334019e-07,1.85094273692734e-12,0.000495385171565282
"Lcu.1GRN.Chr1p368193276",1,368193276,2,0.364516129032258,14.4694597127168,7.96258628349894,"GLM;MLM","Cotyledon_Color_RvsY",11.7322270430494,5.04536731089229,3.39265960053803e-15,1.08996792138813e-08,1.85256287638665e-12,9.00808943030864e-06
"Lcu.1GRN.Chr1p92259326",1,92259326,1,0.437096774193548,14.462997814131,14.462997814131,"GLM","Cotyledon_Color_RvsY",11.7264695963323,11.7264695963323,3.44351663932367e-15,3.44351663932367e-15,1.87728583698441e-12,1.87728583698441e-12
"Lcu.1GRN.Chr1p365205572",1,365205572,2,0.295161290322581,14.4620929506343,13.3354370371614,"GLM;MLM","Cotyledon_Color_RvsY",11.7262680438912,10.0873772562823,3.45069877249323e-15,4.61915954366075e-14,1.87815727185636e-12,8.17754125380282e-11
"Lcu.1GRN.Chr1p209166107",1,209166107,1,0.3,14.4594319668574,14.4594319668574,"GLM","Cotyledon_Color_RvsY",11.7243092340457,11.7243092340457,3.47190659773823e-15,3.47190659773823e-15,1.88664750656125e-12,1.88664750656125e-12
"Lcu.1GRN.Chr2p7836680",2,7836680,1,0.464516129032258,14.4553192702749,14.4553192702749,"GLM","Cotyledon_Color_RvsY",11.7208975779412,11.7208975779412,3.50494114530408e-15,3.50494114530408e-15,1.90152667455241e-12,1.90152667455241e-12
"Lcu.1GRN.Chr1p386234628",1,386234628,1,0.390322580645161,14.445840215169,14.445840215169,"GLM","Cotyledon_Color_RvsY",11.7121184335137,11.7121184335137,3.58228211528047e-15,3.58228211528047e-15,1.94035666388172e-12,1.94035666388172e-12
"Lcu.1GRN.Chr1p367115859",1,367115859,2,0.364516129032258,14.4382155839261,9.85483901004018,"GLM;MLM","Cotyledon_Color_RvsY",11.7054435428766,6.83212728927926,3.6457292787704e-15,1.39688608109843e-10,1.97040933852261e-12,1.47188103912057e-07
"Lcu.1GRN.Chr1p380594531",1,380594531,1,0.312903225806452,14.4349893838778,14.4349893838778,"GLM","Cotyledon_Color_RvsY",11.7054435428766,11.7054435428766,3.67291278649118e-15,3.67291278649118e-15,1.97040933852261e-12,1.97040933852261e-12
"Lcu.1GRN.Chr1p380594852",1,380594852,1,0.312903225806452,14.4349893838778,14.4349893838778,"GLM","Cotyledon_Color_RvsY",11.7054435428766,11.7054435428766,3.67291278649118e-15,3.67291278649118e-15,1.97040933852261e-12,1.97040933852261e-12
"Lcu.1GRN.Chr1p380595238",1,380595238,1,0.312903225806452,14.4349893838778,14.4349893838778,"GLM","Cotyledon_Color_RvsY",11.7054435428766,11.7054435428766,3.67291278649118e-15,3.67291278649118e-15,1.97040933852261e-12,1.97040933852261e-12
"Lcu.1GRN.Chr1p380596141",1,380596141,1,0.312903225806452,14.4349893838778,14.4349893838778,"GLM","Cotyledon_Color_RvsY",11.7054435428766,11.7054435428766,3.67291278649118e-15,3.67291278649118e-15,1.97040933852261e-12,1.97040933852261e-12
"Lcu.1GRN.Chr1p381208108",1,381208108,1,0.312903225806452,14.4349893838778,14.4349893838778,"GLM","Cotyledon_Color_RvsY",11.7054435428766,11.7054435428766,3.67291278649118e-15,3.67291278649118e-15,1.97040933852261e-12,1.97040933852261e-12
"Lcu.1GRN.Chr1p407828501",1,407828501,1,0.235483870967742,14.4209408508509,14.4209408508509,"GLM","Cotyledon_Color_RvsY",11.6920871127563,11.6920871127563,3.79366649656175e-15,3.79366649656175e-15,2.03194939243469e-12,2.03194939243469e-12
"Lcu.1GRN.Chr1p353439403",1,353439403,2,0.195161290322581,14.3852190927285,6.10360434200566,"GLM;MLM","Cotyledon_Color_RvsY",11.6570563563419,3.30505699735405,4.11889676715416e-15,7.87763143618412e-07,2.20264061824697e-12,0.000495385171565282
"Lcu.1GRN.Chr1p72866564",1,72866564,1,0.332258064516129,14.3829005937175,14.3829005937175,"GLM","Cotyledon_Color_RvsY",11.6554277613392,11.6554277613392,4.14094446640744e-15,4.14094446640744e-15,2.21091597989218e-12,2.21091597989218e-12
"Lcu.1GRN.Chr1p364467498",1,364467498,2,0.103225806451613,14.3813497946242,9.12271712825917,"GLM;MLM","Cotyledon_Color_RvsY",11.6545657720365,6.14121086289312,4.15575757694711e-15,7.53846411360357e-10,2.21530857192547e-12,7.22418962535752e-07
"Lcu.1GRN.Chr1p407192014",1,407192014,1,0.219354838709677,14.3764947247491,14.3764947247491,"GLM","Cotyledon_Color_RvsY",11.651770600799,11.651770600799,4.20247632274113e-15,4.20247632274113e-15,2.22961254456067e-12,2.22961254456067e-12
"Lcu.1GRN.Chr1p407504939",1,407504939,1,0.219354838709677,14.3764947247491,14.3764947247491,"GLM","Cotyledon_Color_RvsY",11.651770600799,11.651770600799,4.20247632274113e-15,4.20247632274113e-15,2.22961254456067e-12,2.22961254456067e-12
"Lcu.1GRN.Chr1p407506515",1,407506515,1,0.219354838709677,14.3764947247491,14.3764947247491,"GLM","Cotyledon_Color_RvsY",11.651770600799,11.651770600799,4.20247632274113e-15,4.20247632274113e-15,2.22961254456067e-12,2.22961254456067e-12
"Lcu.1GRN.Chr2p43952294",2,43952294,1,0.111111111111111,14.3624753988314,14.3624753988314,"GLM","DTF_Nepal_2017",10.6617368197004,10.6617368197004,4.34034849409749e-15,4.34034849409749e-15,2.17902985360312e-11,2.17902985360312e-11
"Lcu.1GRN.Chr1p347379552",1,347379552,1,0.398387096774194,14.3290883729556,14.3290883729556,"GLM","Cotyledon_Color_RvsY",11.6050487164157,11.6050487164157,4.68717994773395e-15,4.68717994773395e-15,2.48285457870776e-12,2.48285457870776e-12
"Lcu.1GRN.Chr2p7895124",2,7895124,1,0.42741935483871,14.3264574154234,14.3264574154234,"GLM","Cotyledon_Color_RvsY",11.60310114924,11.60310114924,4.71566108300962e-15,4.71566108300962e-15,2.49401379168034e-12,2.49401379168034e-12
"Lcu.1GRN.Chr2p43391956",2,43391956,2,0.109567901234568,14.3194789905994,6.32014518930306,"GLM","DTF_Nepal_2017;DTF_Sask_2017",10.6251745214738,3.74122123098029,4.79204634318607e-15,4.78470107893269e-07,2.37042095929186e-11,0.000181459106887785
"Lcu.1GRN.Chr1p364998923",1,364998923,2,0.391935483870968,14.3157807376108,6.49303801785786,"GLM;MLM","Cotyledon_Color_RvsY",11.593280593819,3.66865517247152,4.83302745661078e-15,3.21337922918969e-07,2.55105255763113e-12,0.000214459272060486
"Lcu.1GRN.Chr1p386967933",1,386967933,1,0.456451612903226,14.3152732969298,14.3152732969298,"GLM","Cotyledon_Color_RvsY",11.593280593819,11.593280593819,4.83867778875057e-15,4.83867778875057e-15,2.55105255763113e-12,2.55105255763113e-12
"Lcu.1GRN.Chr1p109773674",1,109773674,1,0.358064516129032,14.3041027939648,14.3041027939648,"GLM","Cotyledon_Color_RvsY",11.5827902702914,11.5827902702914,4.96474796003751e-15,4.96474796003751e-15,2.61342312531133e-12,2.61342312531133e-12
"Lcu.1GRN.Chr1p362604771",1,362604771,2,0.196774193548387,14.303012861692,6.08635443820286,"GLM;MLM","Cotyledon_Color_RvsY",11.582379453844,3.28870584606375,4.97722344643588e-15,8.19682308772522e-07,2.6158964359489e-12,0.000514391938721804
"Lcu.1GRN.Chr2p43392200",2,43392200,1,0.108024691358025,14.2840245934191,14.2840245934191,"GLM","DTF_Nepal_2017",10.6023092516015,10.6023092516015,5.19966550805006e-15,5.19966550805006e-15,2.49856555420896e-11,2.49856555420896e-11
"Lcu.1GRN.Chr2p43392206",2,43392206,1,0.108024691358025,14.2840245934191,14.2840245934191,"GLM","DTF_Nepal_2017",10.6023092516015,10.6023092516015,5.19966550805006e-15,5.19966550805006e-15,2.49856555420896e-11,2.49856555420896e-11
"Lcu.1GRN.Chr1p343330143",1,343330143,1,0.356451612903226,14.2742542292172,14.2742542292172,"GLM","Cotyledon_Color_RvsY",11.5542988769041,11.5542988769041,5.31796862541965e-15,5.31796862541965e-15,2.79062270300551e-12,2.79062270300551e-12
"Lcu.1GRN.Chr1p360343102",1,360343102,1,0.180645161290323,14.2697436888926,14.2697436888926,"GLM","Cotyledon_Color_RvsY",11.5504653351296,11.5504653351296,5.37348834339572e-15,5.37348834339572e-15,2.8153647252383e-12,2.8153647252383e-12
"Lcu.1GRN.Chr1p360343074",1,360343074,1,0.170967741935484,14.2418650132004,14.2418650132004,"GLM","Cotyledon_Color_RvsY",11.5232626042927,11.5232626042927,5.72974094313276e-15,5.72974094313276e-15,2.99734956736973e-12,2.99734956736973e-12
"Lcu.1GRN.Chr1p347505156",1,347505156,1,0.395161290322581,14.240848968526,14.240848968526,"GLM","Cotyledon_Color_RvsY",11.522921454054,11.522921454054,5.74316153288102e-15,5.74316153288102e-15,2.99970499274936e-12,2.99970499274936e-12
"Lcu.1GRN.Chr3p389317901",3,389317901,2,0.12037037037037,14.236961484832,7.75064621774285,"GLM","DTF_Nepal_2017;DTF_Sask_2017",10.5614064517192,4.60464405160364,5.79480085021749e-15,1.77563534887103e-08,2.74532363040156e-11,2.48516911908818e-05
"Lcu.1GRN.Chr2p7751705",2,7751705,1,0.114516129032258,14.2367755310142,14.2367755310142,"GLM","Cotyledon_Color_RvsY",11.5195218638176,11.5195218638176,5.79728256737588e-15,5.79728256737588e-15,3.02327836486903e-12,3.02327836486903e-12
"Lcu.1GRN.Chr1p98864932",1,98864932,1,0.488709677419355,14.2290345456263,14.2290345456263,"GLM","Cotyledon_Color_RvsY",11.5124536817895,11.5124536817895,5.90154134940149e-15,5.90154134940149e-15,3.07288507596615e-12,3.07288507596615e-12
"Lcu.1GRN.Chr1p371784253",1,371784253,1,0.0951612903225807,14.2238636395888,14.2238636395888,"GLM","Cotyledon_Color_RvsY",11.5079545384256,11.5079545384256,5.97222774021187e-15,5.97222774021187e-15,3.1048845877772e-12,3.1048845877772e-12
"Lcu.1GRN.Chr1p386604440",1,386604440,1,0.491935483870968,14.1955826573832,14.1955826573832,"GLM","Cotyledon_Color_RvsY",11.4803442814219,11.4803442814219,6.37407754439038e-15,6.37407754439038e-15,3.30868725520673e-12,3.30868725520673e-12
"Lcu.1GRN.Chr1p229426453",1,229426453,1,0.346774193548387,14.1916810436564,14.1916810436564,"GLM","Cotyledon_Color_RvsY",11.4771123586249,11.4771123586249,6.43159896048082e-15,6.43159896048082e-15,3.33340161408328e-12,3.33340161408328e-12
"Lcu.1GRN.Chr1p349269292",1,349269292,1,0.432258064516129,14.1819193866596,14.1819193866596,"GLM","Cotyledon_Color_RvsY",11.4680193614706,11.4680193614706,6.57779922525733e-15,6.57779922525733e-15,3.40393014154174e-12,3.40393014154174e-12
"Lcu.1GRN.Chr2p7752462",2,7752462,1,0.464516129032258,14.1748696027683,14.1748696027683,"GLM","Cotyledon_Color_RvsY",11.4616372095046,11.4616372095046,6.68544618441181e-15,6.68544618441181e-15,3.45432177682342e-12,3.45432177682342e-12
"Lcu.1GRN.Chr1p408225830",1,408225830,1,0.337096774193548,14.1708143082751,14.1708143082751,"GLM","Cotyledon_Color_RvsY",11.4582485221752,11.4582485221752,6.7481649798599e-15,6.7481649798599e-15,3.48138038309898e-12,3.48138038309898e-12
"Lcu.1GRN.Chr1p363890991",1,363890991,2,0.146774193548387,14.1693381813218,8.83538173797487,"GLM;MLM","Cotyledon_Color_RvsY",11.457437980765,5.87204944153741,6.77114039478401e-15,1.46089250854931e-09,3.48788389153494e-12,1.34261210498144e-06
"Lcu.1GRN.Chr1p407749276",1,407749276,1,0.233870967741935,14.1498572429771,14.1498572429771,"GLM","Cotyledon_Color_RvsY",11.4386216094695,11.4386216094695,7.0817853163054e-15,7.0817853163054e-15,3.64232244876101e-12,3.64232244876101e-12
"Lcu.1GRN.Chr1p358909736",1,358909736,1,0.275806451612903,14.1439657371581,14.1439657371581,"GLM","Cotyledon_Color_RvsY",11.433393655318,11.433393655318,7.17850922528565e-15,7.17850922528565e-15,3.68643299630787e-12,3.68643299630787e-12
"Lcu.1GRN.Chr1p359451763",1,359451763,2,0.0951612903225807,14.1406222489097,5.94257790060431,"GLM;MLM","Cotyledon_Color_RvsY",11.4307127064535,3.15612720826669,7.23398745177999e-15,1.14135855761007e-06,3.70926014815988e-12,0.000698027916268409
"Lcu.1GRN.Chr1p348664608",1,348664608,1,0.443548387096774,14.1390533951432,14.1390533951432,"GLM","Cotyledon_Color_RvsY",11.4304659069253,11.4304659069253,7.26016690474704e-15,7.26016690474704e-15,3.71136863411709e-12,3.71136863411709e-12
"Lcu.1GRN.Chr1p348665380",1,348665380,1,0.443548387096774,14.1390533951432,14.1390533951432,"GLM","Cotyledon_Color_RvsY",11.4304659069253,11.4304659069253,7.26016690474704e-15,7.26016690474704e-15,3.71136863411709e-12,3.71136863411709e-12
"Lcu.1GRN.Chr5p1651791",5,1651791,2,0.123456790123457,14.1389633813159,8.34574524913601,"GLM;MLM","DTF_Nepal_2017",10.4872112628757,3.51790187164015,7.26167183554295e-15,4.51081224676633e-09,3.2567823604081e-11,0.00030345767660161
"Lcu.1GRN.Chr5p1674804",5,1674804,2,0.123456790123457,14.1389633813159,8.34574524913601,"GLM;MLM","DTF_Nepal_2017",10.4872112628757,3.51790187164015,7.26167183554295e-15,4.51081224676633e-09,3.2567823604081e-11,0.00030345767660161
"Lcu.1GRN.Chr5p1690381",5,1690381,2,0.123456790123457,14.1389633813159,8.34574524913601,"GLM;MLM","DTF_Nepal_2017",10.4872112628757,3.51790187164015,7.26167183554295e-15,4.51081224676633e-09,3.2567823604081e-11,0.00030345767660161
"Lcu.1GRN.Chr1p381955728",1,381955728,1,0.0967741935483871,14.1347246936845,14.1347246936845,"GLM","Cotyledon_Color_RvsY",11.4268036521473,11.4268036521473,7.33289229769325e-15,7.33289229769325e-15,3.74279764766842e-12,3.74279764766842e-12
"Lcu.1GRN.Chr1p342358629",1,342358629,1,0.406451612903226,14.1340730984373,14.1340730984373,"GLM","Cotyledon_Color_RvsY",11.4268036521473,11.4268036521473,7.34390248585966e-15,7.34390248585966e-15,3.74279764766842e-12,3.74279764766842e-12
"Lcu.1GRN.Chr1p386969124",1,386969124,1,0.474193548387097,14.1263290121523,14.1263290121523,"GLM","Cotyledon_Color_RvsY",11.4197170898061,11.4197170898061,7.47602918042568e-15,7.47602918042568e-15,3.80437141805181e-12,3.80437141805181e-12
"Lcu.1GRN.Chr2p43392296",2,43392296,1,0.0972222222222222,14.1158326141221,14.1158326141221,"GLM","DTF_Nepal_2017",10.4801710570813,10.4801710570813,7.65891740201002e-15,7.65891740201002e-15,3.31000723395489e-11,3.31000723395489e-11
"Lcu.1GRN.Chr3p387941077",3,387941077,2,0.0864197530864198,14.1074998707686,6.65905804800551,"GLM","DTF_Nepal_2017;DTF_Sask_2017",10.4801710570813,3.96347829569723,7.80728672456438e-15,2.19251186359393e-07,3.31000723395489e-11,0.000108773149674632
"Lcu.1GRN.Chr3p387941114",3,387941114,2,0.0864197530864198,14.1074998707686,6.65905804800551,"GLM","DTF_Nepal_2017;DTF_Sask_2017",10.4801710570813,3.96347829569723,7.80728672456438e-15,2.19251186359393e-07,3.31000723395489e-11,0.000108773149674632
"Lcu.1GRN.Chr3p387941634",3,387941634,2,0.0864197530864198,14.1074998707686,6.65905804800551,"GLM","DTF_Nepal_2017;DTF_Sask_2017",10.4801710570813,3.96347829569723,7.80728672456438e-15,2.19251186359393e-07,3.31000723395489e-11,0.000108773149674632
"Lcu.1GRN.Chr2p43929047",2,43929047,1,0.106481481481482,14.1038944519212,14.1038944519212,"GLM","DTF_Nepal_2017",10.4801710570813,10.4801710570813,7.8723709138052e-15,7.8723709138052e-15,3.31000723395489e-11,3.31000723395489e-11
"Lcu.1GRN.Chr1p386377664",1,386377664,1,0.419354838709677,14.0971914919663,14.0971914919663,"GLM","Cotyledon_Color_RvsY",11.3912360995742,11.3912360995742,7.99481664589648e-15,7.99481664589648e-15,4.06222430623907e-12,4.06222430623907e-12
"Lcu.1GRN.Chr1p374024738",1,374024738,1,0.390322580645161,14.0872138268409,14.0872138268409,"GLM","Cotyledon_Color_RvsY",11.3819139734138,11.3819139734138,8.18061912503272e-15,8.18061912503272e-15,4.15036246339348e-12,4.15036246339348e-12
"Lcu.1GRN.Chr1p410887105",1,410887105,1,0.253225806451613,14.0829375197548,14.0829375197548,"GLM","Cotyledon_Color_RvsY",11.3782922172909,11.3782922172909,8.26156796968826e-15,8.26156796968826e-15,4.18511872478935e-12,4.18511872478935e-12
"Lcu.1GRN.Chr1p371434688",1,371434688,2,0.117741935483871,14.0669532244879,5.77757375628017,"GLM;MLM","Cotyledon_Color_RvsY",11.3629614879591,3.00280882226774,8.57130157117209e-15,1.66888435632661e-06,4.33549322645179e-12,0.000993553317317722
"Lcu.1GRN.Chr1p408220607",1,408220607,1,0.335483870967742,14.0624906295726,14.0624906295726,"GLM","Cotyledon_Color_RvsY",11.3591514769111,11.3591514769111,8.65983007786596e-15,8.65983007786596e-15,4.3736952909933e-12,4.3736952909933e-12
"Lcu.1GRN.Chr1p384216583",1,384216583,1,0.106451612903226,14.0590266320343,14.0590266320343,"GLM","Cotyledon_Color_RvsY",11.3563390841189,11.3563390841189,8.72917837220831e-15,8.72917837220831e-15,4.40211025715831e-12,4.40211025715831e-12
"Lcu.1GRN.Chr1p351348070",1,351348070,2,0.198387096774194,14.0441197963573,7.31572607505557,"GLM;MLM","Cotyledon_Color_RvsY",11.342082877001,4.43236536970988,9.03400244246221e-15,4.83363580478919e-08,4.54901242449654e-12,3.69517176079438e-05
"Lcu.1GRN.Chr1p356198206",1,356198206,2,0.185483870967742,14.0349322688293,7.31590514900083,"GLM;MLM","Cotyledon_Color_RvsY",11.3335450047652,4.43236536970988,9.2271531964776e-15,4.83164314809918e-08,4.63932711396051e-12,3.69517176079438e-05
"Lcu.1GRN.Chr1p364634094",1,364634094,2,0.491935483870968,14.0198167949287,6.18349412720533,"GLM;MLM","Cotyledon_Color_RvsY",11.3190782157977,3.37601203235718,9.55395530107044e-15,6.55399148480287e-07,4.79647057127636e-12,0.000420714972093261
"Lcu.1GRN.Chr1p365079040",1,365079040,2,0.37258064516129,13.998950690367,7.98684350130757,"GLM;MLM","Cotyledon_Color_RvsY",11.2988598287042,5.06855615305289,1.00241904590027e-14,1.0307574885912e-08,5.02504749943871e-12,8.53972424051619e-06
"Lcu.1GRN.Chr2p45088100",2,45088100,3,0.135802469135803,13.9929327299404,5.34442865670235,"FarmCPU;GLM;BLINK","DTF_Sask_2017",8.46611934810849,0.419675266198435,1.01640611694089e-14,4.52450782133891e-06,3.41885476337057e-09,0.380473780585077
"Lcu.1GRN.Chr1p390309944",1,390309944,1,0.340322580645161,13.9705876550675,13.9705876550675,"GLM","Cotyledon_Color_RvsY",11.2711435462895,11.2711435462895,1.07007038532878e-14,1.07007038532878e-14,5.35619591223045e-12,5.35619591223045e-12
"Lcu.1GRN.Chr1p359677914",1,359677914,1,0.2,13.9379922894053,13.9379922894053,"GLM","Cotyledon_Color_RvsY",11.2391939717974,11.2391939717974,1.15347373675861e-14,1.15347373675861e-14,5.76508915917211e-12,5.76508915917211e-12
"Lcu.1GRN.Chr2p43072191",2,43072191,1,0.0787037037037037,13.9219685334162,13.9219685334162,"GLM","DTF_Nepal_2017",10.303640170463,10.303640170463,1.19682724366952e-14,1.19682724366952e-14,4.97003937618994e-11,4.97003937618994e-11
"Lcu.1GRN.Chr1p361190950",1,361190950,2,0.179032258064516,13.9216702897208,5.36363051784734,"GLM;MLM","Cotyledon_Color_RvsY",11.2235168044242,2.62184562650995,1.19764942489909e-14,4.32881954844898e-06,5.97699917069778e-12,0.00238866020063604
"Lcu.1GRN.Chr1p357906947",1,357906947,1,0.0983870967741935,13.920405490557,13.920405490557,"GLM","Cotyledon_Color_RvsY",11.2228958815562,11.2228958815562,1.20114243242872e-14,1.20114243242872e-14,5.9855507639815e-12,5.9855507639815e-12
"Lcu.1GRN.Chr1p349202169",1,349202169,1,0.458064516129032,13.9139295159127,13.9139295159127,"GLM","Cotyledon_Color_RvsY",11.2170628300224,11.2170628300224,1.21918745163882e-14,1.21918745163882e-14,6.06648558499103e-12,6.06648558499103e-12
"Lcu.1GRN.Chr1p386234741",1,386234741,1,0.295161290322581,13.9110369883032,13.9110369883032,"GLM","Cotyledon_Color_RvsY",11.2148122751565,11.2148122751565,1.22733469618726e-14,1.22733469618726e-14,6.09800427994711e-12,6.09800427994711e-12
"Lcu.1GRN.Chr2p43845061",2,43845061,1,0.16820987654321,13.9090326531743,13.9090326531743,"GLM","DTF_Nepal_2017",10.2960777670611,10.2960777670611,1.23301212361586e-14,1.23301212361586e-14,5.05734094479565e-11,5.05734094479565e-11
"Lcu.1GRN.Chr3p389317881",3,389317881,2,0.132716049382716,13.9038130565169,6.77479742586242,"GLM","DTF_Nepal_2017;DTF_Sask_2017",10.2960777670611,4.03967469305067,1.24792057014523e-14,1.67958726915922e-07,5.05734094479565e-11,9.12694234192699e-05
"Lcu.1GRN.Chr1p89446196",1,89446196,1,0.467741935483871,13.9012920272084,13.9012920272084,"GLM","Cotyledon_Color_RvsY",11.2057083392435,11.2057083392435,1.25518567106128e-14,1.25518567106128e-14,6.22718346044055e-12,6.22718346044055e-12
"Lcu.1GRN.Chr2p7836723",2,7836723,1,0.469354838709677,13.8948869393744,13.8948869393744,"GLM","Cotyledon_Color_RvsY",11.199943331823,11.199943331823,1.27383465741085e-14,1.27383465741085e-14,6.31039679247886e-12,6.31039679247886e-12
"Lcu.1GRN.Chr1p74596478",1,74596478,1,0.388709677419355,13.8586415377376,13.8586415377376,"GLM","Cotyledon_Color_RvsY",11.164337068612,11.164337068612,1.38470883205371e-14,1.38470883205371e-14,6.84956405457955e-12,6.84956405457955e-12
"Lcu.1GRN.Chr1p407751234",1,407751234,1,0.233870967741935,13.849535510826,13.849535510826,"GLM","Cotyledon_Color_RvsY",11.1558692409069,11.1558692409069,1.4140490982167e-14,1.4140490982167e-14,6.98442662290538e-12,6.98442662290538e-12
"Lcu.1GRN.Chr1p363539164",1,363539164,2,0.12741935483871,13.8372193288906,6.07180671809404,"GLM;MLM","Cotyledon_Color_RvsY",11.1441903217152,3.27577561192855,1.4547242252144e-14,8.47604554953476e-07,7.17479799798667e-12,0.000529937177204528
"Lcu.1GRN.Chr1p374473210",1,374473210,1,0.0790322580645161,13.8215922408981,13.8215922408981,"GLM","Cotyledon_Color_RvsY",11.1291995627477,11.1291995627477,1.50802228387584e-14,1.50802228387584e-14,7.4267779145017e-12,7.4267779145017e-12
"Lcu.1GRN.Chr2p7852546",2,7852546,1,0.466129032258065,13.793134913269,13.793134913269,"GLM","Cotyledon_Color_RvsY",11.1013776331573,11.1013776331573,1.61014536697598e-14,1.61014536697598e-14,7.9181252434738e-12,7.9181252434738e-12
"Lcu.1GRN.Chr2p7958806",2,7958806,1,0.479032258064516,13.7889478753692,13.7889478753692,"GLM","Cotyledon_Color_RvsY",11.0978250650298,11.0978250650298,1.62574386809299e-14,1.62574386809299e-14,7.98316186392458e-12,7.98316186392458e-12
"Lcu.1GRN.Chr1p362772627",1,362772627,2,0.188709677419355,13.7814421247289,6.21286997119315,"GLM;MLM","Cotyledon_Color_RvsY",11.0909528586038,3.40372709236354,1.65408519800426e-14,6.12533758345815e-07,8.11049090083235e-12,0.00039470525420212
"Lcu.1GRN.Chr1p113228681",1,113228681,1,0.303225806451613,13.7709695957344,13.7709695957344,"GLM","Cotyledon_Color_RvsY",11.0811129509621,11.0811129509621,1.69445642249264e-14,1.69445642249264e-14,8.29634968652957e-12,8.29634968652957e-12
"Lcu.1GRN.Chr1p363987377",1,363987377,2,0.0935483870967742,13.7662784870234,9.16571875574455,"GLM;MLM","Cotyledon_Color_RvsY",11.077053543427,6.17672446898595,1.71285860171159e-14,6.82780712165859e-10,8.37426030933028e-12,6.65695361765488e-07
"Lcu.1GRN.Chr2p7836864",2,7836864,1,0.469354838709677,13.7598113355934,13.7598113355934,"GLM","Cotyledon_Color_RvsY",11.0712171756692,11.0712171756692,1.73855592097395e-14,1.73855592097395e-14,8.48755935370457e-12,8.48755935370457e-12
"Lcu.1GRN.Chr1p348998764",1,348998764,1,0.446774193548387,13.7507763699381,13.7507763699381,"GLM","Cotyledon_Color_RvsY",11.0628120788435,11.0628120788435,1.77510329464852e-14,1.77510329464852e-14,8.6534227523339e-12,8.6534227523339e-12
"Lcu.1GRN.Chr2p43002777",2,43002777,1,0.0725308641975309,13.7216480067056,13.7216480067056,"GLM","DTF_Nepal_2017",10.1191139109356,10.1191139109356,1.89824381409481e-14,1.89824381409481e-14,7.6012687739956e-11,7.6012687739956e-11
"Lcu.1GRN.Chr1p35529982",1,35529982,1,0.491935483870968,13.7155870180637,13.7155870180637,"MLMM","Cotyledon_Color_RvsY",8.88774364056788,8.88774364056788,1.92492131669543e-14,1.92492131669543e-14,1.29496001706578e-09,1.29496001706578e-09
"Lcu.1GRN.Chr1p353437784",1,353437784,1,0.162903225806452,13.7133489052989,13.7133489052989,"GLM","Cotyledon_Color_RvsY",11.0260135708412,11.0260135708412,1.9348668979936e-14,1.9348668979936e-14,9.41860164800888e-12,9.41860164800888e-12
"Lcu.1GRN.Chr1p368743868",1,368743868,2,0.385483870967742,13.7011607592056,8.90006522611237,"GLM;MLM","Cotyledon_Color_RvsY",11.0144534718305,5.93429631509645,1.98993660422356e-14,1.25873634965373e-09,9.67267349353851e-12,1.16333202791988e-06
"Lcu.1GRN.Chr1p95489047",1,95489047,1,0.438709677419355,13.6944558649717,13.6944558649717,"GLM","Cotyledon_Color_RvsY",11.0083757177516,11.0083757177516,2.02089679450329e-14,2.02089679450329e-14,9.80898978465638e-12,9.80898978465638e-12
"Lcu.1GRN.Chr1p116610765",1,116610765,1,0.417741935483871,13.6876887090027,13.6876887090027,"GLM","Cotyledon_Color_RvsY",11.0022347976256,11.0022347976256,2.05263292559931e-14,2.05263292559931e-14,9.94867405309889e-12,9.94867405309889e-12
"Lcu.1GRN.Chr1p364579748",1,364579748,2,0.464516129032258,13.6784924733964,5.72467080488313,"GLM;MLM","Cotyledon_Color_RvsY",10.9936638961546,2.95296968944633,2.09656111473421e-14,1.88507743633902e-06,1.01469636328029e-11,0.0011143723058507
"Lcu.1GRN.Chr1p347380360",1,347380360,1,0.406451612903226,13.6745889463234,13.6745889463234,"GLM","Cotyledon_Color_RvsY",10.9910083425895,10.9910083425895,2.11549037473643e-14,2.11549037473643e-14,1.02091987213625e-11,1.02091987213625e-11
"Lcu.1GRN.Chr1p347380391",1,347380391,1,0.406451612903226,13.6745889463234,13.6745889463234,"GLM","Cotyledon_Color_RvsY",10.9910083425895,10.9910083425895,2.11549037473643e-14,2.11549037473643e-14,1.02091987213625e-11,1.02091987213625e-11
"Lcu.1GRN.Chr1p356521481",1,356521481,1,0.417741935483871,13.6702361562701,13.6702361562701,"GLM","Cotyledon_Color_RvsY",10.9872781970614,10.9872781970614,2.13679984608036e-14,2.13679984608036e-14,1.02972629488039e-11,1.02972629488039e-11
"Lcu.1GRN.Chr1p346809816",1,346809816,1,0.395161290322581,13.6695425046407,13.6695425046407,"GLM","Cotyledon_Color_RvsY",10.9872062985545,10.9872062985545,2.14021545245323e-14,2.14021545245323e-14,1.02989678268289e-11,1.02989678268289e-11
"Lcu.1GRN.Chr1p386604407",1,386604407,1,0.106451612903226,13.6517046316685,13.6517046316685,"GLM","Cotyledon_Color_RvsY",10.9699892898509,10.9699892898509,2.22995124739639e-14,2.22995124739639e-14,1.07154573033283e-11,1.07154573033283e-11
"Lcu.1GRN.Chr1p365082021",1,365082021,2,0.37741935483871,13.6456704654758,9.59640477908223,"GLM;MLM","Cotyledon_Color_RvsY",10.9645751016106,6.58941832926791,2.26115083839196e-14,2.53276689435303e-10,1.08498790878372e-11,2.57384073947605e-07
"Lcu.1GRN.Chr1p131493892",1,131493892,1,0.316129032258065,13.6407413967931,13.6407413967931,"GLM","Cotyledon_Color_RvsY",10.9602651270911,10.9602651270911,2.28696018192325e-14,2.28696018192325e-14,1.09580902494726e-11,1.09580902494726e-11
"Lcu.1GRN.Chr1p343652688",1,343652688,1,0.387096774193548,13.6390591951689,13.6390591951689,"GLM","Cotyledon_Color_RvsY",10.9592011383568,10.9592011383568,2.29583569998632e-14,2.29583569998632e-14,1.09849696571451e-11,1.09849696571451e-11
"Lcu.1GRN.Chr3p18978155",3,18978155,1,0.190322580645161,13.6317480730392,13.6317480730392,"GLM","Cotyledon_Color_RvsY",10.9531238081987,10.9531238081987,2.33481205492747e-14,2.33481205492747e-14,1.11397691699261e-11,1.11397691699261e-11
"Lcu.1GRN.Chr3p18986846",3,18986846,1,0.190322580645161,13.6317480730392,13.6317480730392,"GLM","Cotyledon_Color_RvsY",10.9531238081987,10.9531238081987,2.33481205492747e-14,2.33481205492747e-14,1.11397691699261e-11,1.11397691699261e-11
"Lcu.1GRN.Chr1p382452705",1,382452705,1,0.280645161290323,13.6086777440332,13.6086777440332,"GLM","Cotyledon_Color_RvsY",10.9306690632531,10.9306690632531,2.46219392801206e-14,2.46219392801206e-14,1.17308893057172e-11,1.17308893057172e-11
"Lcu.1GRN.Chr1p310571146",1,310571146,1,0.369354838709677,13.6020277081047,13.6020277081047,"GLM","Cotyledon_Color_RvsY",10.9246337400698,10.9246337400698,2.50018584407864e-14,2.50018584407864e-14,1.18950496720679e-11,1.18950496720679e-11
"Lcu.1GRN.Chr1p383589692",1,383589692,1,0.483870967741935,13.59913831372,13.59913831372,"GLM","Cotyledon_Color_RvsY",10.9223581895779,10.9223581895779,2.51687522792126e-14,2.51687522792126e-14,1.19575391213304e-11,1.19575391213304e-11
"Lcu.1GRN.Chr1p363356616",1,363356616,1,0.0725806451612904,13.5881468548533,13.5881468548533,"GLM","Cotyledon_Color_RvsY",10.9119797082045,10.9119797082045,2.58138715782126e-14,2.58138715782126e-14,1.22467341906187e-11,1.22467341906187e-11
"Lcu.1GRN.Chr1p173348181",1,173348181,1,0.0967741935483871,13.5674307709981,13.5674307709981,"GLM","Cotyledon_Color_RvsY",10.8918757378853,10.8918757378853,2.70750476112842e-14,2.70750476112842e-14,1.28269754082603e-11,1.28269754082603e-11
"Lcu.1GRN.Chr2p43613682",2,43613682,1,0.104938271604938,13.5607435046958,13.5607435046958,"GLM","DTF_Nepal_2017",9.96334904857818,9.96334904857818,2.74951754495262e-14,2.74951754495262e-14,1.08805525652127e-10,1.08805525652127e-10
"Lcu.1GRN.Chr2p7873499",2,7873499,1,0.479032258064516,13.551195443387,13.551195443387,"GLM","Cotyledon_Color_RvsY",10.8762516622849,10.8762516622849,2.81063568933872e-14,2.81063568933872e-14,1.3296836778e-11,1.3296836778e-11
"Lcu.1GRN.Chr1p380594407",1,380594407,1,0.285483870967742,13.5459269478762,13.5459269478762,"GLM","Cotyledon_Color_RvsY",10.8715935596812,10.8715935596812,2.84493961088505e-14,2.84493961088505e-14,1.34402219395305e-11,1.34402219395305e-11
"Lcu.1GRN.Chr2p7879250",2,7879250,1,0.47258064516129,13.5394844035351,13.5394844035351,"GLM","Cotyledon_Color_RvsY",10.8657605515551,10.8657605515551,2.88745747224133e-14,2.88745747224133e-14,1.36219552253212e-11,1.36219552253212e-11
"Lcu.1GRN.Chr1p265950639",1,265950639,1,0.417741935483871,13.5322090500186,13.5322090500186,"GLM","Cotyledon_Color_RvsY",10.8590938799629,10.8590938799629,2.93623593854917e-14,2.93623593854917e-14,1.38326733045094e-11,1.38326733045094e-11
"Lcu.1GRN.Chr1p389145702",1,389145702,1,0.193548387096774,13.5282004854286,13.5282004854286,"GLM","Cotyledon_Color_RvsY",10.8556931453978,10.8556931453978,2.96346303616342e-14,2.96346303616342e-14,1.39414149802123e-11,1.39414149802123e-11
"Lcu.1GRN.Chr1p368087177",1,368087177,2,0.374193548387097,13.5206173200821,8.23850629636634,"GLM;MLM","Cotyledon_Color_RvsY",10.8487169605581,5.30497898155492,3.01566211374618e-14,5.77422501228498e-09,1.41671678521573e-11,4.95474169568179e-06
"Lcu.1GRN.Chr1p375472360",1,375472360,1,0.104838709677419,13.5183248623367,13.5183248623367,"GLM","Cotyledon_Color_RvsY",10.8470306361727,10.8470306361727,3.03162261185964e-14,3.03162261185964e-14,1.42222845618325e-11,1.42222845618325e-11
"Lcu.1GRN.Chr1p30769626",1,30769626,1,0.425806451612903,13.5135446563866,13.5135446563866,"GLM","Cotyledon_Color_RvsY",10.842855718797,10.842855718797,3.06517548615289e-14,3.06517548615289e-14,1.43596641051642e-11,1.43596641051642e-11
"Lcu.1GRN.Chr1p385803483",1,385803483,1,0.42258064516129,13.5033827582114,13.5033827582114,"GLM","Cotyledon_Color_RvsY",10.8332982667625,10.8332982667625,3.13774207815681e-14,3.13774207815681e-14,1.46791778804363e-11,1.46791778804363e-11
"Lcu.1GRN.Chr1p48511247",1,48511247,1,0.314516129032258,13.5003992801233,13.5003992801233,"GLM","Cotyledon_Color_RvsY",10.8309183947227,10.8309183947227,3.15937167258131e-14,3.15937167258131e-14,1.47598384915439e-11,1.47598384915439e-11
"Lcu.1GRN.Chr1p384216463",1,384216463,1,0.0967741935483871,13.4937565209873,13.4937565209873,"GLM","Cotyledon_Color_RvsY",10.8248784038748,10.8248784038748,3.20806736291958e-14,3.20806736291958e-14,1.49665463892257e-11,1.49665463892257e-11
"Lcu.1GRN.Chr1p363211898",1,363211898,2,0.182258064516129,13.492395171742,7.04737847234856,"GLM;MLM","Cotyledon_Color_RvsY",10.8241189874797,4.18708307107157,3.21813922047692e-14,8.96647057584261e-08,1.49927400993651e-11,6.50005346591476e-05
"Lcu.1GRN.Chr1p384216481",1,384216481,1,0.496774193548387,13.4837603926572,13.4837603926572,"GLM","Cotyledon_Color_RvsY",10.8160853081199,10.8160853081199,3.28276358576627e-14,3.28276358576627e-14,1.52726602911956e-11,1.52726602911956e-11
"Lcu.1GRN.Chr1p386968904",1,386968904,1,0.103225806451613,13.477023843803,13.477023843803,"GLM","Cotyledon_Color_RvsY",10.8099490281683,10.8099490281683,3.33408107360359e-14,3.33408107360359e-14,1.54899840950942e-11,1.54899840950942e-11
"Lcu.1GRN.Chr1p350910805",1,350910805,1,0.429032258064516,13.4717301761005,13.4717301761005,"GLM","Cotyledon_Color_RvsY",10.8052548008396,10.8052548008396,3.3749692784093e-14,3.3749692784093e-14,1.56583212589062e-11,1.56583212589062e-11
"Lcu.1GRN.Chr2p43063246",2,43063246,1,0.148148148148148,13.4634396427496,13.4634396427496,"GLM","DTF_Nepal_2017",9.8711247121613,9.8711247121613,3.44001516599928e-14,3.44001516599928e-14,1.34547393179265e-10,1.34547393179265e-10
"Lcu.1GRN.Chr7p645659887",7,645659887,1,0.0725806451612904,13.4545448464476,13.4545448464476,"BLINK","Cotyledon_Color_RvsY",8.52979145594372,8.52979145594372,3.51119665057862e-14,3.51119665057862e-14,2.95262670941294e-09,2.95262670941294e-09
"Lcu.1GRN.Chr1p376892736",1,376892736,1,0.146774193548387,13.4290285126962,13.4290285126962,"GLM","Cotyledon_Color_RvsY",10.7631517515644,10.7631517515644,3.72367258458226e-14,3.72367258458226e-14,1.72523495352367e-11,1.72523495352367e-11
"Lcu.1GRN.Chr1p346816377",1,346816377,1,0.396774193548387,13.4169166466596,13.4169166466596,"GLM","Cotyledon_Color_RvsY",10.7516376756868,10.7516376756868,3.82898225216432e-14,3.82898225216432e-14,1.77158634554849e-11,1.77158634554849e-11
"Lcu.1GRN.Chr1p413711647",1,413711647,1,0.195161290322581,13.4142696679003,13.4142696679003,"GLM","Cotyledon_Color_RvsY",10.7495876653815,10.7495876653815,3.85239075618738e-14,3.85239075618738e-14,1.77996857347044e-11,1.77996857347044e-11
"Lcu.1GRN.Chr1p361279443",1,361279443,2,0.143548387096774,13.3955322745314,6.58646222758032,"GLM;MLM","Cotyledon_Color_RvsY",10.7314464210175,3.75687818850816,4.02223763687342e-14,2.59141979824452e-07,1.85589575747902e-11,0.000175033755677935
"Lcu.1GRN.Chr1p343495155",1,343495155,1,0.390322580645161,13.3911555737309,13.3911555737309,"GLM","Cotyledon_Color_RvsY",10.7284188216446,10.7284188216446,4.06297758397947e-14,4.06297758397947e-14,1.86887897560018e-11,1.86887897560018e-11
"Lcu.1GRN.Chr1p343497749",1,343497749,1,0.390322580645161,13.3911555737309,13.3911555737309,"GLM","Cotyledon_Color_RvsY",10.7284188216446,10.7284188216446,4.06297758397947e-14,4.06297758397947e-14,1.86887897560018e-11,1.86887897560018e-11
"Lcu.1GRN.Chr2p7852398",2,7852398,1,0.419354838709677,13.3907211224181,13.3907211224181,"GLM","Cotyledon_Color_RvsY",10.7284188216446,10.7284188216446,4.06704406240604e-14,4.06704406240604e-14,1.86887897560018e-11,1.86887897560018e-11
"Lcu.1GRN.Chr1p373216396",1,373216396,2,0.382258064516129,13.3851962882983,8.84206368632276,"GLM;MLM","Cotyledon_Color_RvsY",10.7234868811076,5.87754316894736,4.11911305256332e-14,1.43858760373004e-09,1.89022332899259e-11,1.3257353328873e-06
"Lcu.1GRN.Chr6p297914010",6,297914010,1,0.295161290322581,13.3767555171256,13.3767555171256,"GLM","Cotyledon_Color_RvsY",10.7156381952098,10.7156381952098,4.19995350738328e-14,4.19995350738328e-14,1.92469449784468e-11,1.92469449784468e-11
"Lcu.1GRN.Chr1p370906964",1,370906964,2,0.237096774193548,13.3722589979422,9.57475834248957,"GLM;MLM","Cotyledon_Color_RvsY",10.7119976917021,6.57038919416402,4.24366411277853e-14,2.66220599760477e-10,1.94089619352999e-11,2.68912385824721e-07
"Lcu.1GRN.Chr1p362779232",1,362779232,2,0.174193548387097,13.3719332591965,5.31488819075605,"GLM;MLM","Cotyledon_Color_RvsY",10.7119976917021,2.5776555210886,4.24684822957684e-14,4.84297033951612e-06,1.94089619352999e-11,0.00264450552628575
"Lcu.1GRN.Chr1p390261940",1,390261940,1,0.337096774193548,13.3686184107009,13.3686184107009,"GLM","Cotyledon_Color_RvsY",10.709272516728,10.709272516728,4.27938725879184e-14,4.27938725879184e-14,1.95311350621171e-11,1.95311350621171e-11
"Lcu.1GRN.Chr2p7884065",2,7884065,1,0.359677419354839,13.3631143267127,13.3631143267127,"GLM","Cotyledon_Color_RvsY",10.7043573067039,10.7043573067039,4.33396772975697e-14,4.33396772975697e-14,1.97534379858423e-11,1.97534379858423e-11
"Lcu.1GRN.Chr1p348663956",1,348663956,1,0.45,13.3524089071229,13.3524089071229,"GLM","Cotyledon_Color_RvsY",10.6942399636858,10.6942399636858,4.44212824835427e-14,4.44212824835427e-14,2.02190169487711e-11,2.02190169487711e-11
"Lcu.1GRN.Chr1p348092485",1,348092485,1,0.409677419354839,13.3483406190827,13.3483406190827,"GLM","Cotyledon_Color_RvsY",10.6907589569818,10.6907589569818,4.48393574922445e-14,4.48393574922445e-14,2.03817299480997e-11,2.03817299480997e-11
"Lcu.1GRN.Chr2p7874074",2,7874074,1,0.425806451612903,13.3457058674034,13.3457058674034,"GLM","Cotyledon_Color_RvsY",10.6887106935508,10.6887106935508,4.51122130482205e-14,4.51122130482205e-14,2.04780833554532e-11,2.04780833554532e-11
"Lcu.1GRN.Chr1p367499124",1,367499124,2,0.388709677419355,13.3416467201088,7.88636602298497,"GLM;MLM","Cotyledon_Color_RvsY",10.6852372435559,4.97444985718623,4.55358323953987e-14,1.29907425795574e-08,2.06425220152872e-11,1.06059638574223e-05
"Lcu.1GRN.Chr1p343565040",1,343565040,1,0.388709677419355,13.3277065206112,13.3277065206112,"GLM","Cotyledon_Color_RvsY",10.6718819525399,10.6718819525399,4.70211752156307e-14,4.70211752156307e-14,2.12871758327807e-11,2.12871758327807e-11
"Lcu.1GRN.Chr1p364668388",1,364668388,2,0.454838709677419,13.3195536287655,10.3175042347054,"GLM;MLM","Cotyledon_Color_RvsY",10.6643131824795,7.27641227935508,4.79122284937467e-14,4.81388560068391e-11,2.16614147335431e-11,5.29160868576877e-08
"Lcu.1GRN.Chr1p388824405",1,388824405,1,0.493548387096774,13.3180549739218,13.3180549739218,"GLM","Cotyledon_Color_RvsY",10.6633978648382,10.6633978648382,4.8077848663159e-14,4.8077848663159e-14,2.17071164044038e-11,2.17071164044038e-11
"Lcu.1GRN.Chr1p376765543",1,376765543,1,0.283870967741935,13.3063614408605,13.3063614408605,"GLM","Cotyledon_Color_RvsY",10.6522868865013,10.6522868865013,4.9389946888099e-14,4.9389946888099e-14,2.22696357438461e-11,2.22696357438461e-11
"Lcu.1GRN.Chr1p347265422",1,347265422,1,0.393548387096774,13.300495774114,13.300495774114,"GLM","Cotyledon_Color_RvsY",10.6470029940976,10.6470029940976,5.00615423724497e-14,5.00615423724497e-14,2.25422367111028e-11,2.25422367111028e-11
"Lcu.1GRN.Chr1p373534706",1,373534706,1,0.0758064516129032,13.2979249411885,13.2979249411885,"GLM","Cotyledon_Color_RvsY",10.6450131572211,10.6450131572211,5.03587635966085e-14,5.03587635966085e-14,2.26457569982626e-11,2.26457569982626e-11
"Lcu.1GRN.Chr1p386604550",1,386604550,1,0.467741935483871,13.296852355094,13.296852355094,"GLM","Cotyledon_Color_RvsY",10.6445207909615,10.6445207909615,5.04832893887947e-14,5.04832893887947e-14,2.2671445396316e-11,2.2671445396316e-11
"Lcu.1GRN.Chr1p384116211",1,384116211,1,0.487096774193548,13.2905272252334,13.2905272252334,"GLM","Cotyledon_Color_RvsY",10.6387751067932,10.6387751067932,5.12239157796348e-14,5.12239157796348e-14,2.29733798387312e-11,2.29733798387312e-11
"Lcu.1GRN.Chr1p422766022",1,422766022,1,0.179032258064516,13.2837982069573,13.2837982069573,"GLM","Cotyledon_Color_RvsY",10.6326247621296,10.6326247621296,5.20237666553513e-14,5.20237666553513e-14,2.33010363762457e-11,2.33010363762457e-11
"Lcu.1GRN.Chr2p45092147",2,45092147,2,0.291666666666667,13.2800196560426,11.5468355960242,"FarmCPU;GLM","DTF_Sask_2017",8.05423626987473,6.84062664648816,5.24783708153443e-14,2.83899353781702e-12,8.82599607802245e-09,1.44335563974684e-07
"Lcu.1GRN.Chr1p390340795",1,390340795,1,0.333870967741935,13.2784068800582,13.2784068800582,"GLM","Cotyledon_Color_RvsY",10.627811338818,10.627811338818,5.26736143754192e-14,5.26736143754192e-14,2.35607255939051e-11,2.35607255939051e-11
"Lcu.1GRN.Chr3p437318468",3,437318468,2,0.113354037267081,13.2727787711111,7.06118027255994,"FarmCPU;BLINK","DTF_Sask_2017_b",8.64905537627114,2.43745687772001,5.33606644607397e-14,8.68599804825236e-08,2.2435958278332e-09,0.00365210388187063
"Lcu.1GRN.Chr1p356892983",1,356892983,1,0.1,13.2703274691199,13.2703274691199,"GLM","Cotyledon_Color_RvsY",10.6203090634887,10.6203090634887,5.36627013321578e-14,5.36627013321578e-14,2.39712640889693e-11,2.39712640889693e-11
"Lcu.1GRN.Chr1p358064411",1,358064411,1,0.241935483870968,13.2681360379699,13.2681360379699,"GLM","Cotyledon_Color_RvsY",10.6186940020078,10.6186940020078,5.39341653211682e-14,5.39341653211682e-14,2.40605747832697e-11,2.40605747832697e-11
"Lcu.1GRN.Chr1p363538835",1,363538835,2,0.148387096774194,13.2583011270393,7.58534612830727,"GLM;MLM","Cotyledon_Color_RvsY",10.6094346968366,4.68281484231106,5.51694777676348e-14,2.59808808788761e-08,2.45790618917431e-11,2.07579832745485e-05
"Lcu.1GRN.Chr5p1690994",5,1690994,2,0.128086419753086,13.2542126043856,7.19683241547816,"GLM;MLM","DTF_Nepal_2017",9.66691847517238,2.74920027969391,5.5691305114728e-14,6.35576139147748e-08,2.15318588822135e-10,0.00178155699330592
"Lcu.1GRN.Chr1p348662741",1,348662741,1,0.456451612903226,13.2496340172095,13.2496340172095,"GLM","Cotyledon_Color_RvsY",10.6013424308788,10.6013424308788,5.6281541362094e-14,5.6281541362094e-14,2.50413402425178e-11,2.50413402425178e-11
"Lcu.1GRN.Chr1p349179837",1,349179837,1,0.433870967741935,13.2377599723561,13.2377599723561,"GLM","Cotyledon_Color_RvsY",10.5900424700243,10.5900424700243,5.7841564019355e-14,5.7841564019355e-14,2.57014443388354e-11,2.57014443388354e-11
"Lcu.1GRN.Chr1p362785754",1,362785754,2,0.119354838709677,13.2289116293504,9.85379069279123,"GLM;MLM","Cotyledon_Color_RvsY",10.5817674531506,6.83212728927926,5.90321187061956e-14,1.40026201297566e-10,2.61958531304049e-11,1.47188103912057e-07
"Lcu.1GRN.Chr1p387756846",1,387756846,1,0.393548387096774,13.2253174905404,13.2253174905404,"GLM","Cotyledon_Color_RvsY",10.578745884604,10.578745884604,5.95226844455131e-14,5.95226844455131e-14,2.63787441355519e-11,2.63787441355519e-11
"Lcu.1GRN.Chr1p24237694",1,24237694,1,0.358064516129032,13.2233105540507,13.2233105540507,"GLM","Cotyledon_Color_RvsY",10.5773107644996,10.5773107644996,5.97983837573722e-14,5.97983837573722e-14,2.64660565122579e-11,2.64660565122579e-11
"Lcu.1GRN.Chr2p7684467",2,7684467,1,0.309677419354839,13.2219555008777,13.2219555008777,"GLM","Cotyledon_Color_RvsY",10.5765267758164,10.5765267758164,5.99852535806585e-14,5.99852535806585e-14,2.65138762038967e-11,2.65138762038967e-11
"Lcu.1GRN.Chr1p373425424",1,373425424,2,0.380645161290323,13.2177959732272,8.00260145620098,"GLM;MLM","Cotyledon_Color_RvsY",10.5729375627349,5.08216943947971,6.05625324051938e-14,9.94027830458373e-09,2.673390726711e-11,8.2761920605889e-06
"Lcu.1GRN.Chr2p7894952",2,7894952,1,0.361290322580645,13.2148613502789,13.2148613502789,"GLM","Cotyledon_Color_RvsY",10.5705725064019,10.5705725064019,6.09731524655738e-14,6.09731524655738e-14,2.68798904002459e-11,2.68798904002459e-11
"Lcu.1GRN.Chr2p7896841",2,7896841,1,0.470967741935484,13.2089425485733,13.2089425485733,"GLM","Cotyledon_Color_RvsY",10.5652225253171,10.5652225253171,6.18098160957334e-14,6.18098160957334e-14,2.7213065982557e-11,2.7213065982557e-11
"Lcu.1GRN.Chr1p347975124",1,347975124,1,0.430645161290323,13.2037653696408,13.2037653696408,"GLM","Cotyledon_Color_RvsY",10.5606134229626,10.5606134229626,6.25510537556862e-14,6.25510537556862e-14,2.75034121550835e-11,2.75034121550835e-11
"Lcu.1GRN.Chr1p385703556",1,385703556,1,0.420967741935484,13.1985807885713,13.1985807885713,"GLM","Cotyledon_Color_RvsY",10.5559961763721,10.5559961763721,6.33022594273908e-14,6.33022594273908e-14,2.77973774109833e-11,2.77973774109833e-11
"Lcu.1GRN.Chr1p389143265",1,389143265,1,0.396774193548387,13.1852521232848,13.1852521232848,"GLM","Cotyledon_Color_RvsY",10.5432341054019,10.5432341054019,6.52751497333136e-14,6.52751497333136e-14,2.86263445767216e-11,2.86263445767216e-11
"Lcu.1GRN.Chr2p43311892",2,43311892,1,0.111111111111111,13.1824064649067,13.1824064649067,"GLM","DTF_Nepal_2017",9.60007575522504,9.60007575522504,6.5704261015584e-14,6.5704261015584e-14,2.51144831420783e-10,2.51144831420783e-10
"Lcu.1GRN.Chr1p363538926",1,363538926,2,0.166129032258065,13.1773972283919,8.19944189996778,"GLM;MLM","Cotyledon_Color_RvsY",10.5359450665915,5.27032370406142,6.64664940858459e-14,6.31768691819302e-09,2.91108531460596e-11,5.36631665558543e-06
"Lcu.1GRN.Chr2p7852559",2,7852559,1,0.467741935483871,13.1684394566084,13.1684394566084,"GLM","Cotyledon_Color_RvsY",10.527552414578,10.527552414578,6.78516703415938e-14,6.78516703415938e-14,2.9678885302719e-11,2.9678885302719e-11
"Lcu.1GRN.Chr1p79896909",1,79896909,1,0.179032258064516,13.151952615427,13.151952615427,"GLM","Cotyledon_Color_RvsY",10.5116299587676,10.5116299587676,7.04769960116429e-14,7.04769960116429e-14,3.07871892434393e-11,3.07871892434393e-11
"Lcu.1GRN.Chr2p44559261",2,44559261,1,0.148148148148148,13.1508712683463,13.1508712683463,"GLM","DTF_Nepal_2017",9.57344789315937,9.57344789315937,7.06526948827605e-14,7.06526948827605e-14,2.67025112580107e-10,2.67025112580107e-10
"Lcu.1GRN.Chr1p379850848",1,379850848,1,0.335483870967742,13.1474778148276,13.1474778148276,"GLM","Cotyledon_Color_RvsY",10.5077188110467,10.5077188110467,7.12069173875825e-14,7.12069173875825e-14,3.10657032177807e-11,3.10657032177807e-11
"Lcu.1GRN.Chr1p367493859",1,367493859,2,0.225806451612903,13.1404615393669,9.76344880508146,"GLM;MLM","Cotyledon_Color_RvsY",10.5012654578708,6.7471804334562,7.23666486536392e-14,1.72405531182041e-10,3.15307674969931e-11,1.78986207737992e-07
"Lcu.1GRN.Chr1p47984328",1,47984328,1,0.311290322580645,13.1275143145815,13.1275143145815,"GLM","Cotyledon_Color_RvsY",10.488880426668,10.488880426668,7.45565297386479e-14,7.45565297386479e-14,3.24428929347992e-11,3.24428929347992e-11
"Lcu.1GRN.Chr1p348630850",1,348630850,1,0.424193548387097,13.1261015650541,13.1261015650541,"GLM","Cotyledon_Color_RvsY",10.4880291439051,10.4880291439051,7.4799455241875e-14,7.4799455241875e-14,3.250654827047e-11,3.250654827047e-11
"Lcu.1GRN.Chr2p43311657",2,43311657,2,0.118827160493827,13.124099738068,7.30480112872684,"GLM","DTF_Nepal_2017;DTF_Sask_2017",9.55152886567542,4.3623189712625,7.51450299589837e-14,4.95677118332768e-08,2.80847869913483e-10,4.34191211620412e-05
"Lcu.1GRN.Chr1p381504230",1,381504230,1,0.319354838709677,13.1117294830168,13.1117294830168,"GLM","Cotyledon_Color_RvsY",10.4742178036912,10.4742178036912,7.73162028775398e-14,7.73162028775398e-14,3.35569280171735e-11,3.35569280171735e-11
"Lcu.1GRN.Chr1p382777082",1,382777082,1,0.114516129032258,13.106786918169,13.106786918169,"GLM","Cotyledon_Color_RvsY",10.4698352575953,10.4698352575953,7.82011395804703e-14,7.82011395804703e-14,3.3897271542866e-11,3.3897271542866e-11
"Lcu.1GRN.Chr1p44324471",1,44324471,1,0.27741935483871,13.1031459329662,13.1031459329662,"GLM","Cotyledon_Color_RvsY",10.4667535699352,10.4667535699352,7.8859508694876e-14,7.8859508694876e-14,3.41386568354818e-11,3.41386568354818e-11
"Lcu.1GRN.Chr1p199844129",1,199844129,1,0.409677419354839,13.1014185387256,13.1014185387256,"GLM","Cotyledon_Color_RvsY",10.4655847538834,10.4655847538834,7.91737948184608e-14,7.91737948184608e-14,3.42306578942175e-11,3.42306578942175e-11
"Lcu.1GRN.Chr1p348664040",1,348664040,1,0.446774193548387,13.0929729586138,13.0929729586138,"GLM","Cotyledon_Color_RvsY",10.4576970344545,10.4576970344545,8.07285294377616e-14,8.07285294377616e-14,3.4858040130156e-11,3.4858040130156e-11
"Lcu.1GRN.Chr1p300339182",1,300339182,1,0.0903225806451613,13.067085900639,13.067085900639,"GLM","Cotyledon_Color_RvsY",10.4323671214976,10.4323671214976,8.56868345452415e-14,8.56868345452415e-14,3.69515685583067e-11,3.69515685583067e-11
"Lcu.1GRN.Chr1p27066693",1,27066693,1,0.390322580645161,13.0344730481517,13.0344730481517,"FarmCPU","Cotyledon_Color_RvsY",8.28581091670348,8.28581091670348,9.23691509942272e-14,9.23691509942272e-14,5.17832236874587e-09,5.17832236874587e-09
"Lcu.1GRN.Chr1p371694995",1,371694995,2,0.195161290322581,13.0236465705116,9.01867295468526,"GLM;MLM","Cotyledon_Color_RvsY",10.389484222557,6.04574259949726,9.47007523978682e-14,9.57915157443727e-10,4.07864378768421e-11,9.00030859675626e-07
"Lcu.1GRN.Chr1p348662797",1,348662797,1,0.467741935483871,13.0023804161692,13.0023804161692,"GLM","Cotyledon_Color_RvsY",10.3687737873971,10.3687737873971,9.94533883094619e-14,9.94533883094619e-14,4.2778565045382e-11,4.2778565045382e-11
"Lcu.1GRN.Chr1p386968485",1,386968485,1,0.12741935483871,13.0001871196497,13.0001871196497,"GLM","Cotyledon_Color_RvsY",10.3671354998758,10.3671354998758,9.99569233890383e-14,9.99569233890383e-14,4.29402432306522e-11,4.29402432306522e-11
"Lcu.1GRN.Chr1p423012583",1,423012583,1,0.295161290322581,12.996397812334,12.996397812334,"GLM","Cotyledon_Color_RvsY",10.3639004931866,10.3639004931866,1.00832883699062e-13,1.00832883699062e-13,4.32612941214317e-11,4.32612941214317e-11
"Lcu.1GRN.Chr1p343376117",1,343376117,1,0.433870967741935,12.9952150939817,12.9952150939817,"GLM","Cotyledon_Color_RvsY",10.363271368895,10.363271368895,1.0110785711294e-13,1.0110785711294e-13,4.33240083738959e-11,4.33240083738959e-11
"Lcu.1GRN.Chr1p156604061",1,156604061,1,0.411290322580645,12.9882249454022,12.9882249454022,"GLM","Cotyledon_Color_RvsY",10.3568341096097,10.3568341096097,1.02748396886234e-13,1.02748396886234e-13,4.39709542181068e-11,4.39709542181068e-11
"Lcu.1GRN.Chr1p342357638",1,342357638,1,0.391935483870968,12.9874880868492,12.9874880868492,"GLM","Cotyledon_Color_RvsY",10.3566494373764,10.3566494373764,1.0292287596261e-13,1.0292287596261e-13,4.39896556784182e-11,4.39896556784182e-11
"Lcu.1GRN.Chr1p370888997",1,370888997,1,0.0790322580645161,12.9833730614564,12.9833730614564,"GLM","Cotyledon_Color_RvsY",10.3547361631222,10.3547361631222,1.03902725199289e-13,1.03902725199289e-13,4.41838785930585e-11,4.41838785930585e-11
"Lcu.1GRN.Chr1p370907009",1,370907009,1,0.0790322580645161,12.9833730614564,12.9833730614564,"GLM","Cotyledon_Color_RvsY",10.3547361631222,10.3547361631222,1.03902725199289e-13,1.03902725199289e-13,4.41838785930585e-11,4.41838785930585e-11
"Lcu.1GRN.Chr1p371174340",1,371174340,1,0.0790322580645161,12.9833730614564,12.9833730614564,"GLM","Cotyledon_Color_RvsY",10.3547361631222,10.3547361631222,1.03902725199289e-13,1.03902725199289e-13,4.41838785930585e-11,4.41838785930585e-11
"Lcu.1GRN.Chr1p373068171",1,373068171,1,0.0790322580645161,12.9833730614564,12.9833730614564,"GLM","Cotyledon_Color_RvsY",10.3547361631222,10.3547361631222,1.03902725199289e-13,1.03902725199289e-13,4.41838785930585e-11,4.41838785930585e-11
"Lcu.1GRN.Chr1p408108602",1,408108602,1,0.374193548387097,12.9825679191048,12.9825679191048,"GLM","Cotyledon_Color_RvsY",10.3544797188624,10.3544797188624,1.04095530039511e-13,1.04095530039511e-13,4.42099762030307e-11,4.42099762030307e-11
"Lcu.1GRN.Chr1p349404343",1,349404343,1,0.441935483870968,12.9746780481544,12.9746780481544,"GLM","Cotyledon_Color_RvsY",10.3471378536401,10.3471378536401,1.06003926389168e-13,1.06003926389168e-13,4.49637108546599e-11,4.49637108546599e-11
"Lcu.1GRN.Chr1p28229933",1,28229933,1,0.429032258064516,12.9642960457224,12.9642960457224,"GLM","Cotyledon_Color_RvsY",10.3373031663177,10.3373031663177,1.08568529171435e-13,1.08568529171435e-13,4.59935396118491e-11,4.59935396118491e-11
"Lcu.1GRN.Chr2p7683702",2,7683702,1,0.475806451612903,12.9611433825183,12.9611433825183,"GLM","Cotyledon_Color_RvsY",10.3346971293429,10.3346971293429,1.09359525569994e-13,1.09359525569994e-13,4.62703591665438e-11,4.62703591665438e-11
"Lcu.1GRN.Chr1p211639541",1,211639541,1,0.140322580645161,12.9523120765506,12.9523120765506,"GLM","Cotyledon_Color_RvsY",10.3264117624564,10.3264117624564,1.11606097732934e-13,1.11606097732934e-13,4.71615681860976e-11,4.71615681860976e-11
"Lcu.1GRN.Chr2p44191740",2,44191740,1,0.0972222222222222,12.9402074483831,12.9402074483831,"GLM","DTF_Nepal_2017",9.3724354588723,9.3724354588723,1.14760531672849e-13,1.14760531672849e-13,4.24194019309902e-10,4.24194019309902e-10
"Lcu.1GRN.Chr1p191731013",1,191731013,1,0.285483870967742,12.9351533665781,12.9351533665781,"GLM","Cotyledon_Color_RvsY",10.3097983061424,10.3097983061424,1.16103853275759e-13,1.16103853275759e-13,4.90006333937353e-11,4.90006333937353e-11
"Lcu.1GRN.Chr1p351669898",1,351669898,1,0.195161290322581,12.9308776167852,12.9308776167852,"GLM","Cotyledon_Color_RvsY",10.3060671263041,10.3060671263041,1.17252573412988e-13,1.17252573412988e-13,4.94234290240682e-11,4.94234290240682e-11
"Lcu.1GRN.Chr1p423071816",1,423071816,1,0.3,12.9064994567031,12.9064994567031,"GLM","Cotyledon_Color_RvsY",10.2822328541852,10.2822328541852,1.24022517662387e-13,1.24022517662387e-13,5.22116172697675e-11,5.22116172697675e-11
"Lcu.1GRN.Chr1p371795386",1,371795386,1,0.0790322580645161,12.8901149343932,12.8901149343932,"GLM","Cotyledon_Color_RvsY",10.2663915395533,10.2663915395533,1.28790866642731e-13,1.28790866642731e-13,5.41512468000193e-11,5.41512468000193e-11
"Lcu.1GRN.Chr2p44146039",2,44146039,1,0.0987654320987654,12.8850946309052,12.8850946309052,"GLM","DTF_Nepal_2017",9.32206907641889,9.32206907641889,1.30288285493367e-13,1.30288285493367e-13,4.76355214418993e-10,4.76355214418993e-10
"Lcu.1GRN.Chr1p355865592",1,355865592,1,0.488709677419355,12.8833318398451,12.8833318398451,"GLM","Cotyledon_Color_RvsY",10.2601509740974,10.2601509740974,1.30818197293825e-13,1.30818197293825e-13,5.49349869776928e-11,5.49349869776928e-11
"Lcu.1GRN.Chr1p379340937",1,379340937,1,0.303225806451613,12.8789232952454,12.8789232952454,"GLM","Cotyledon_Color_RvsY",10.2562842816977,10.2562842816977,1.32152902100642e-13,1.32152902100642e-13,5.54262783302826e-11,5.54262783302826e-11
"Lcu.1GRN.Chr2p7883584",2,7883584,1,0.475806451612903,12.8759103242163,12.8759103242163,"GLM","Cotyledon_Color_RvsY",10.2538124876631,10.2538124876631,1.33072916671728e-13,1.33072916671728e-13,5.57426373127263e-11,5.57426373127263e-11
"Lcu.1GRN.Chr1p384432887",1,384432887,1,0.488709677419355,12.8734439195073,12.8734439195073,"GLM","Cotyledon_Color_RvsY",10.2518865864239,10.2518865864239,1.33830801985367e-13,1.33830801985367e-13,5.5990379815189e-11,5.5990379815189e-11
"Lcu.1GRN.Chr2p8359540",2,8359540,1,0.369354838709677,12.8727336267333,12.8727336267333,"GLM","Cotyledon_Color_RvsY",10.2517161252693,10.2517161252693,1.34049862629567e-13,1.34049862629567e-13,5.60123604262356e-11,5.60123604262356e-11
"Lcu.1GRN.Chr1p357246725",1,357246725,1,0.132258064516129,12.8560586334429,12.8560586334429,"GLM","Cotyledon_Color_RvsY",10.2355802934161,10.2355802934161,1.39296872764302e-13,1.39296872764302e-13,5.81325945423202e-11,5.81325945423202e-11
"Lcu.1GRN.Chr1p123266157",1,123266157,1,0.382258064516129,12.8472042855237,12.8472042855237,"GLM","Cotyledon_Color_RvsY",10.2272644384139,10.2272644384139,1.42165990260736e-13,1.42165990260736e-13,5.92564407014041e-11,5.92564407014041e-11
"Lcu.1GRN.Chr1p349272711",1,349272711,1,0.443548387096774,12.8387318142934,12.8387318142934,"GLM","Cotyledon_Color_RvsY",10.2193297932361,10.2193297932361,1.44966677602206e-13,1.44966677602206e-13,6.03490178775014e-11,6.03490178775014e-11
"Lcu.1GRN.Chr1p371794411",1,371794411,1,0.0774193548387097,12.8217725221527,12.8217725221527,"GLM","Cotyledon_Color_RvsY",10.2029076619331,10.2029076619331,1.5073964142402e-13,1.5073964142402e-13,6.26747107130697e-11,6.26747107130697e-11
"Lcu.1GRN.Chr1p316671279",1,316671279,1,0.406451612903226,12.8136689260318,12.8136689260318,"GLM","Cotyledon_Color_RvsY",10.1953405630786,10.1953405630786,1.53578730722812e-13,1.53578730722812e-13,6.37763171815311e-11,6.37763171815311e-11
"Lcu.1GRN.Chr1p175832925",1,175832925,1,0.474193548387097,12.807817202797,12.807817202797,"GLM","Cotyledon_Color_RvsY",10.1900246751763,10.1900246751763,1.55662068490191e-13,1.55662068490191e-13,6.45617546138593e-11,6.45617546138593e-11
"Lcu.1GRN.Chr1p133319134",1,133319134,1,0.0983870967741935,12.805740732816,12.805740732816,"GLM","Cotyledon_Color_RvsY",10.1884833802253,10.1884833802253,1.56408109655129e-13,1.56408109655129e-13,6.47912889413384e-11,6.47912889413384e-11
"Lcu.1GRN.Chr1p362372518",1,362372518,2,0.129032258064516,12.8000218028924,7.5678717694261,"GLM;MLM","Cotyledon_Color_RvsY",10.1832989666546,4.66661551098209,1.5848136280415e-13,2.7047568576205e-08,6.55693733854166e-11,2.15468847652291e-05
"Lcu.1GRN.Chr1p348662729",1,348662729,1,0.462903225806452,12.7872354463998,12.7872354463998,"GLM","Cotyledon_Color_RvsY",10.1710464694571,10.1710464694571,1.63216685261426e-13,1.63216685261426e-13,6.74455857141646e-11,6.74455857141646e-11
"Lcu.1GRN.Chr5p1634440",5,1634440,2,0.16820987654321,12.7863026601779,7.85660958080575,"GLM;MLM","DTF_Nepal_2017",9.23290307441965,3.23288618596582,1.63567622004633e-13,1.39120272349495e-08,5.84920611807504e-10,0.000584943358117281
"Lcu.1GRN.Chr5p1634528",5,1634528,2,0.16820987654321,12.7863026601779,7.85660958080575,"GLM;MLM","DTF_Nepal_2017",9.23290307441965,3.23288618596582,1.63567622004633e-13,1.39120272349495e-08,5.84920611807504e-10,0.000584943358117281
"Lcu.1GRN.Chr2p43232504",2,43232504,1,0.101851851851852,12.7819928509627,12.7819928509627,"GLM","DTF_Nepal_2017",9.23290307441965,9.23290307441965,1.65198899183668e-13,1.65198899183668e-13,5.84920611807504e-10,5.84920611807504e-10
"Lcu.1GRN.Chr1p372536472",1,372536472,1,0.0774193548387097,12.7815355066444,12.7815355066444,"GLM","Cotyledon_Color_RvsY",10.1658797335525,10.1658797335525,1.6537295751595e-13,1.6537295751595e-13,6.82527676083039e-11,6.82527676083039e-11
"Lcu.1GRN.Chr1p378708821",1,378708821,1,0.301612903225806,12.7796849165341,12.7796849165341,"GLM","Cotyledon_Color_RvsY",10.1645616934561,10.1645616934561,1.66079138538761e-13,1.66079138538761e-13,6.84602225402788e-11,6.84602225402788e-11
"Lcu.1GRN.Chr6p303174618",6,303174618,1,0.159677419354839,12.7732072613355,12.7732072613355,"GLM","Cotyledon_Color_RvsY",10.1586159360361,10.1586159360361,1.68574833214592e-13,1.68574833214592e-13,6.94039301394036e-11,6.94039301394036e-11
"Lcu.1GRN.Chr2p7683537",2,7683537,1,0.443548387096774,12.7635268789588,12.7635268789588,"GLM","Cotyledon_Color_RvsY",10.1494668007983,10.1494668007983,1.72374540324368e-13,1.72374540324368e-13,7.08815489062183e-11,7.08815489062183e-11
"Lcu.1GRN.Chr1p349157808",1,349157808,1,0.461290322580645,12.7468654063159,12.7468654063159,"GLM","Cotyledon_Color_RvsY",10.1333359262444,10.1333359262444,1.7911608728022e-13,1.7911608728022e-13,7.35637862395429e-11,7.35637862395429e-11
"Lcu.1GRN.Chr1p381026632",1,381026632,1,0.32741935483871,12.7370464428537,12.7370464428537,"GLM","Cotyledon_Color_RvsY",10.1240469134056,10.1240469134056,1.83211848766732e-13,1.83211848766732e-13,7.51541706513652e-11,7.51541706513652e-11
"Lcu.1GRN.Chr1p29417890",1,29417890,1,0.475806451612903,12.7290065833975,12.7290065833975,"GLM","Cotyledon_Color_RvsY",10.116791651988,10.116791651988,1.86635139891134e-13,1.86635139891134e-13,7.64202313325329e-11,7.64202313325329e-11
"Lcu.1GRN.Chr1p349006653",1,349006653,1,0.453225806451613,12.7287332162798,12.7287332162798,"GLM","Cotyledon_Color_RvsY",10.116791651988,10.116791651988,1.86752654556904e-13,1.86752654556904e-13,7.64202313325329e-11,7.64202313325329e-11
"Lcu.1GRN.Chr1p372874897",1,372874897,2,0.101612903225806,12.724674677757,7.98799884724651,"GLM;MLM","Cotyledon_Color_RvsY",10.1132611311374,5.06864048862931,1.88506062600643e-13,1.02801902680711e-08,7.70440082123819e-11,8.53806607382786e-06
"Lcu.1GRN.Chr1p361295559",1,361295559,2,0.15,12.7224509261593,6.06739110833056,"GLM;MLM","Cotyledon_Color_RvsY",10.1115647560245,3.27216649168543,1.89473760134606e-13,8.5626637847531e-07,7.73455343145594e-11,0.000534359467400008
"Lcu.1GRN.Chr1p349712129",1,349712129,1,0.443548387096774,12.7196516396377,12.7196516396377,"GLM","Cotyledon_Color_RvsY",10.1092922063557,10.1092922063557,1.90698975714398e-13,1.90698975714398e-13,7.77513240777272e-11,7.77513240777272e-11
"Lcu.1GRN.Chr1p388348142",1,388348142,1,0.375806451612903,12.7179543573564,12.7179543573564,"GLM","Cotyledon_Color_RvsY",10.1081210228449,10.1081210228449,1.91445711636909e-13,1.91445711636909e-13,7.79612829130413e-11,7.79612829130413e-11
"Lcu.1GRN.Chr5p1658331",5,1658331,2,0.126543209876543,12.6895688885499,6.95108992464717,"GLM;MLM","DTF_Nepal_2017",9.14502673975757,2.60036780187098,2.04376572459781e-13,1.11920611760365e-07,7.16099318214366e-10,0.00250976002773325
"Lcu.1GRN.Chr1p363538785",1,363538785,2,0.141935483870968,12.6779437336362,8.19979886423899,"GLM;MLM","Cotyledon_Color_RvsY",10.0686358613569,5.27032370406142,2.09921183588325e-13,6.31249628824309e-09,8.53815704474658e-11,5.36631665558543e-06
"Lcu.1GRN.Chr1p384160760",1,384160760,1,0.487096774193548,12.6758653806226,12.6758653806226,"GLM","Cotyledon_Color_RvsY",10.0675144835362,10.0675144835362,2.10928186813577e-13,2.10928186813577e-13,8.56023163235708e-11,8.56023163235708e-11
"Lcu.1GRN.Chr1p386454980",1,386454980,1,0.456451612903226,12.6757733348178,12.6757733348178,"GLM","Cotyledon_Color_RvsY",10.0675144835362,10.0675144835362,2.10972896366886e-13,2.10972896366886e-13,8.56023163235708e-11,8.56023163235708e-11
"Lcu.1GRN.Chr4p501060698",4,501060698,1,0.283950617283951,12.6718846768154,12.6718846768154,"GLM","DTF_Nepal_2017",9.13184302924979,9.13184302924979,2.12870423013819e-13,2.12870423013819e-13,7.38170985339064e-10,7.38170985339064e-10
"Lcu.1GRN.Chr1p365201690",1,365201690,2,0.293548387096774,12.6589042272433,9.11544315106807,"GLM;MLM","Cotyledon_Color_RvsY",10.0511689377875,6.13517243271433,2.19328855681103e-13,7.66578878389688e-10,8.88855291552838e-11,7.32533629509387e-07
"Lcu.1GRN.Chr3p345193745",3,345193745,3,0.175925925925926,12.6552898671875,6.603313030376,"GLM;FarmCPU","DTF_Nepal_2017;DTF_Sask_2017",9.11970256104815,3.9271458837272,2.21161808595567e-13,2.49279732310043e-07,7.59097286447602e-10,0.000118264422733332
"Lcu.1GRN.Chr1p349891797",1,349891797,1,0.441935483870968,12.6541968531217,12.6541968531217,"GLM","Cotyledon_Color_RvsY",10.0469844950739,10.0469844950739,2.21719120338504e-13,2.21719120338504e-13,8.97460834547553e-11,8.97460834547553e-11
"Lcu.1GRN.Chr1p29078356",1,29078356,1,0.475806451612903,12.6375482774156,12.6375482774156,"GLM","Cotyledon_Color_RvsY",10.0308582218744,10.0308582218744,2.30383686073239e-13,2.30383686073239e-13,9.3141189102641e-11,9.3141189102641e-11
"Lcu.1GRN.Chr4p47623892",4,47623892,1,0.0935483870967742,12.6319852560313,12.6319852560313,"GLM","Cotyledon_Color_RvsY",10.0258168756062,10.0258168756062,2.33353728275954e-13,2.33353728275954e-13,9.42286836962758e-11,9.42286836962758e-11
"Lcu.1GRN.Chr2p8359624",2,8359624,1,0.375806451612903,12.6274597257781,12.6274597257781,"GLM","Cotyledon_Color_RvsY",10.021812394584,10.021812394584,2.35798085275942e-13,2.35798085275942e-13,9.51015522182407e-11,9.51015522182407e-11
"Lcu.1GRN.Chr1p360327311",1,360327311,2,0.125806451612903,12.6194459623784,8.36700844306884,"GLM;MLM","Cotyledon_Color_RvsY",10.0143190560301,5.42790602625588,2.40189510802744e-13,4.29528076278017e-09,9.67566768624987e-11,3.73330931352475e-06
"Lcu.1GRN.Chr1p374471671",1,374471671,1,0.0903225806451613,12.617871911368,12.617871911368,"GLM","Cotyledon_Color_RvsY",10.0132648069752,10.0132648069752,2.41061629890788e-13,2.41061629890788e-13,9.69918388295151e-11,9.69918388295151e-11
"Lcu.1GRN.Chr1p419440105",1,419440105,1,0.229032258064516,12.6158399521506,12.6158399521506,"GLM","Cotyledon_Color_RvsY",10.011752028312,10.011752028312,2.42192141796135e-13,2.42192141796135e-13,9.73302797605024e-11,9.73302797605024e-11
"Lcu.1GRN.Chr1p387754977",1,387754977,1,0.42258064516129,12.6045435912657,12.6045435912657,"GLM","Cotyledon_Color_RvsY",10.0011397149196,10.0011397149196,2.48574405111671e-13,2.48574405111671e-13,9.97379149856259e-11,9.97379149856259e-11
"Lcu.1GRN.Chr1p360325528",1,360325528,2,0.125806451612903,12.6041911359227,7.66971257172103,"GLM;MLM","Cotyledon_Color_RvsY",10.0011397149196,4.76303524486292,2.48776219643842e-13,2.13937752116116e-08,9.97379149856259e-11,1.72569783851419e-05
"Lcu.1GRN.Chr1p382452018",1,382452018,1,0.0806451612903226,12.5982543109746,12.5982543109746,"GLM","Cotyledon_Color_RvsY",9.9962369249406,9.9962369249406,2.52200352369513e-13,2.52200352369513e-13,1.00870244857879e-10,1.00870244857879e-10
"Lcu.1GRN.Chr1p382452349",1,382452349,1,0.0806451612903226,12.5982543109746,12.5982543109746,"GLM","Cotyledon_Color_RvsY",9.9962369249406,9.9962369249406,2.52200352369513e-13,2.52200352369513e-13,1.00870244857879e-10,1.00870244857879e-10
"Lcu.1GRN.Chr1p371784144",1,371784144,1,0.0870967741935483,12.5946835386299,12.5946835386299,"GLM","Cotyledon_Color_RvsY",9.99389719204023,9.99389719204023,2.54282493435044e-13,2.54282493435044e-13,1.01415143138339e-10,1.01415143138339e-10
"Lcu.1GRN.Chr1p361056204",1,361056204,1,0.141935483870968,12.5944942018395,12.5944942018395,"GLM","Cotyledon_Color_RvsY",9.99389719204023,9.99389719204023,2.54393375634705e-13,2.54393375634705e-13,1.01415143138339e-10,1.01415143138339e-10
"Lcu.1GRN.Chr1p364674911",1,364674911,2,0.453225806451613,12.5943681272464,9.09929900532138,"GLM;MLM","Cotyledon_Color_RvsY",9.99389719204023,6.12026032887733,2.54467236110433e-13,7.95611395142306e-10,1.01415143138339e-10,7.58122997591592e-07
"Lcu.1GRN.Chr1p364634103",1,364634103,2,0.485483870967742,12.5934407813583,5.36332917333106,"GLM;MLM","Cotyledon_Color_RvsY",9.9934841084761,2.62184562650995,2.55011178703837e-13,4.33182423480301e-06,1.01511651061625e-10,0.00238866020063604
"Lcu.1GRN.Chr2p186120223",2,186120223,1,0.20679012345679,12.5872851339013,12.5872851339013,"GLM","DTF_Nepal_2017",9.05610694666693,9.05610694666693,2.58651419442652e-13,2.58651419442652e-13,8.78806080845115e-10,8.78806080845115e-10
"Lcu.1GRN.Chr1p373214064",1,373214064,1,0.409677419354839,12.577511636933,12.577511636933,"GLM","Cotyledon_Color_RvsY",9.97806861814016,9.97806861814016,2.64538181069342e-13,2.64538181069342e-13,1.05179567791668e-10,1.05179567791668e-10
"Lcu.1GRN.Chr3p273421348",3,273421348,2,0.0564516129032258,12.5764156908628,8.71081162826536,"BLINK;FarmCPU","Cotyledon_Color_RvsY",7.74857231336699,3.96214949681713,2.65206588583817e-13,1.94620404891305e-09,1.78413489164345e-08,0.000109106469553456
"Lcu.1GRN.Chr4p7091339",4,7091339,1,0.0740740740740741,12.5732409051644,12.5732409051644,"GLM","DTF_Nepal_2017",9.04642752333255,9.04642752333255,2.67152409076682e-13,2.67152409076682e-13,8.98612543838963e-10,8.98612543838963e-10
"Lcu.1GRN.Chr2p8362720",2,8362720,1,0.364516129032258,12.5715547938361,12.5715547938361,"GLM","Cotyledon_Color_RvsY",9.97262482233492,9.97262482233492,2.68191621567781e-13,2.68191621567781e-13,1.06506270568937e-10,1.06506270568937e-10
"Lcu.1GRN.Chr2p8359477",2,8359477,1,0.375806451612903,12.5695345016204,12.5695345016204,"GLM","Cotyledon_Color_RvsY",9.97111697204526,9.97111697204526,2.69442127116274e-13,2.69442127116274e-13,1.06876698079858e-10,1.06876698079858e-10
"Lcu.1GRN.Chr1p378707564",1,378707564,1,0.304838709677419,12.5659734168538,12.5659734168538,"GLM","Cotyledon_Color_RvsY",9.96806772526585,9.96806772526585,2.71660554705671e-13,2.71660554705671e-13,1.07629735930132e-10,1.07629735930132e-10
"Lcu.1GRN.Chr1p371706713",1,371706713,1,0.0806451612903226,12.5567790268782,12.5567790268782,"GLM","Cotyledon_Color_RvsY",9.95938457076065,9.95938457076065,2.77473155508422e-13,2.77473155508422e-13,1.09803309292825e-10,1.09803309292825e-10
"Lcu.1GRN.Chr2p44609166",2,44609166,1,0.182098765432099,12.5543185448789,12.5543185448789,"GLM","DTF_Nepal_2017",9.03182653682968,9.03182653682968,2.79049632641902e-13,2.79049632641902e-13,9.29337502800579e-10,9.29337502800579e-10
"Lcu.1GRN.Chr3p345027071",3,345027071,2,0.177469135802469,12.5379280604798,6.52256885481888,"GLM","DTF_Nepal_2017;DTF_Sask_2017",9.01971485040986,3.87312681885678,2.89782356334074e-13,3.00214141138134e-07,9.55619822088466e-10,0.000133928554392852
"Lcu.1GRN.Chr1p343322799",1,343322799,1,0.388709677419355,12.5214557250237,12.5214557250237,"GLM","Cotyledon_Color_RvsY",9.92457190327644,9.92457190327644,3.00984599770281e-13,3.00984599770281e-13,1.1896743463094e-10,1.1896743463094e-10
"Lcu.1GRN.Chr1p363532517",1,363532517,1,0.188709677419355,12.5113448957377,12.5113448957377,"GLM","Cotyledon_Color_RvsY",9.91497110867254,9.91497110867254,3.08074040302796e-13,3.08074040302796e-13,1.21626690979496e-10,1.21626690979496e-10
"Lcu.1GRN.Chr1p373534249",1,373534249,1,0.0806451612903226,12.5071523645047,12.5071523645047,"GLM","Cotyledon_Color_RvsY",9.91128801384033,9.91128801384033,3.11062483817971e-13,3.11062483817971e-13,1.22662549231418e-10,1.22662549231418e-10
"Lcu.1GRN.Chr2p44208136",2,44208136,1,0.0910493827160493,12.5050100526294,12.5050100526294,"GLM","DTF_Nepal_2017",8.99660570944003,8.99660570944003,3.12600700849424e-13,3.12600700849424e-13,1.00784626470574e-09,1.00784626470574e-09
"Lcu.1GRN.Chr3p180195426",3,180195426,1,0.0524691358024691,12.502229792202,12.502229792202,"GLM","DTF_Nepal_2017",8.99660570944003,8.99660570944003,3.14608323034373e-13,3.14608323034373e-13,1.00784626470574e-09,1.00784626470574e-09
"Lcu.1GRN.Chr3p180197358",3,180197358,1,0.0524691358024691,12.502229792202,12.502229792202,"GLM","DTF_Nepal_2017",8.99660570944003,8.99660570944003,3.14608323034373e-13,3.14608323034373e-13,1.00784626470574e-09,1.00784626470574e-09
"Lcu.1GRN.Chr1p343494607",1,343494607,1,0.393548387096774,12.4843286017449,12.4843286017449,"GLM","Cotyledon_Color_RvsY",9.88897309060198,9.88897309060198,3.27847139122621e-13,3.27847139122621e-13,1.29129928156041e-10,1.29129928156041e-10
"Lcu.1GRN.Chr1p343494312",1,343494312,1,0.401612903225806,12.4776150895338,12.4776150895338,"GLM","Cotyledon_Color_RvsY",9.88276782243013,9.88276782243013,3.32954516522649e-13,3.32954516522649e-13,1.30988201004882e-10,1.30988201004882e-10
"Lcu.1GRN.Chr1p325322362",1,325322362,1,0.320967741935484,12.4710944802572,12.4710944802572,"GLM","Cotyledon_Color_RvsY",9.87675486310246,9.87675486310246,3.37991298595105e-13,3.37991298595105e-13,1.32814391512313e-10,1.32814391512313e-10
"Lcu.1GRN.Chr1p43856714",1,43856714,1,0.296774193548387,12.4542752852446,12.4542752852446,"GLM","Cotyledon_Color_RvsY",9.86044272533595,9.86044272533595,3.51337668331746e-13,3.51337668331746e-13,1.37897780027707e-10,1.37897780027707e-10
"Lcu.1GRN.Chr1p342350136",1,342350136,1,0.495161290322581,12.4516372696747,12.4516372696747,"GLM","Cotyledon_Color_RvsY",9.85831117569151,9.85831117569151,3.53478277757335e-13,3.53478277757335e-13,1.38576256240561e-10,1.38576256240561e-10
"Lcu.1GRN.Chr1p381599331",1,381599331,1,0.320967741935484,12.4471466140497,12.4471466140497,"GLM","Cotyledon_Color_RvsY",9.85432639604904,9.85432639604904,3.57152246297564e-13,3.57152246297564e-13,1.39853585134311e-10,1.39853585134311e-10
"Lcu.1GRN.Chr3p344549346",3,344549346,2,0.248456790123457,12.4444011756662,6.61409611658365,"GLM","DTF_Nepal_2017;DTF_Sask_2017",8.94643356126306,3.93547185174318,3.59417173345445e-13,2.43166578148265e-07,1.13127043880471e-09,0.000116018740981556
"Lcu.1GRN.Chr2p44073620",2,44073620,1,0.166666666666667,12.4438631654097,12.4438631654097,"GLM","DTF_Nepal_2017",8.94643356126306,8.94643356126306,3.5986270041979e-13,3.5986270041979e-13,1.13127043880471e-09,1.13127043880471e-09
"Lcu.1GRN.Chr1p371794581",1,371794581,1,0.0806451612903226,12.4428899645538,12.4428899645538,"GLM","Cotyledon_Color_RvsY",9.8510797341756,9.8510797341756,3.6067001295673e-13,3.6067001295673e-13,1.4090300841837e-10,1.4090300841837e-10
"Lcu.1GRN.Chr1p371795264",1,371795264,1,0.0806451612903226,12.4428899645538,12.4428899645538,"GLM","Cotyledon_Color_RvsY",9.8510797341756,9.8510797341756,3.6067001295673e-13,3.6067001295673e-13,1.4090300841837e-10,1.4090300841837e-10
"Lcu.1GRN.Chr1p374492295",1,374492295,1,0.0870967741935483,12.4394059485359,12.4394059485359,"GLM","Cotyledon_Color_RvsY",9.84809983252874,9.84809983252874,3.63575032375149e-13,3.63575032375149e-13,1.41873135632172e-10,1.41873135632172e-10
"Lcu.1GRN.Chr1p351462039",1,351462039,1,0.190322580645161,12.4370024488756,12.4370024488756,"GLM","Cotyledon_Color_RvsY",9.84619986275891,9.84619986275891,3.65592730123353e-13,3.65592730123353e-13,1.4249516784867e-10,1.4249516784867e-10
"Lcu.1GRN.Chr1p350217255",1,350217255,1,0.483870967741935,12.4337550453568,12.4337550453568,"GLM","Cotyledon_Color_RvsY",9.84345540600387,9.84345540600387,3.68336667593384e-13,3.68336667593384e-13,1.43398495218037e-10,1.43398495218037e-10
"Lcu.1GRN.Chr1p368281241",1,368281241,2,0.233870967741935,12.4324052828004,9.2000404569311,"GLM;MLM","Cotyledon_Color_RvsY",9.84260800843333,6.20978551767075,3.69483217796734e-13,6.30898570054221e-10,1.43678568231947e-10,6.16899591027408e-07
"Lcu.1GRN.Chr1p423012569",1,423012569,1,0.296774193548387,12.4188204801408,12.4188204801408,"GLM","Cotyledon_Color_RvsY",9.82987827962886,9.82987827962886,3.81223373228082e-13,3.81223373228082e-13,1.47952299821171e-10,1.47952299821171e-10
"Lcu.1GRN.Chr1p389143392",1,389143392,1,0.4,12.4176718850121,12.4176718850121,"GLM","Cotyledon_Color_RvsY",9.82987827962886,9.82987827962886,3.82232943613963e-13,3.82232943613963e-13,1.47952299821171e-10,1.47952299821171e-10
"Lcu.1GRN.Chr1p389143951",1,389143951,1,0.4,12.4176718850121,12.4176718850121,"GLM","Cotyledon_Color_RvsY",9.82987827962886,9.82987827962886,3.82232943613963e-13,3.82232943613963e-13,1.47952299821171e-10,1.47952299821171e-10
"Lcu.1GRN.Chr1p389143968",1,389143968,1,0.4,12.4176718850121,12.4176718850121,"GLM","Cotyledon_Color_RvsY",9.82987827962886,9.82987827962886,3.82232943613963e-13,3.82232943613963e-13,1.47952299821171e-10,1.47952299821171e-10
"Lcu.1GRN.Chr1p367658856",1,367658856,2,0.345161290322581,12.4168010075626,6.97539035187933,"GLM;MLM","Cotyledon_Color_RvsY",9.82958326818909,4.11974981276254,3.83000192665469e-13,1.05830207616327e-07,1.48052836325403e-10,7.59014700325825e-05
"Lcu.1GRN.Chr1p433882264",1,433882264,1,0.454838709677419,12.4163784950133,12.4163784950133,"GLM","Cotyledon_Color_RvsY",9.82958326818909,9.82958326818909,3.8337298379278e-13,3.8337298379278e-13,1.48052836325403e-10,1.48052836325403e-10
"Lcu.1GRN.Chr1p364676080",1,364676080,2,0.453225806451613,12.4149973197341,9.06450330359795,"GLM;MLM","Cotyledon_Color_RvsY",9.8287004228348,6.08791827482117,3.84594155576352e-13,8.61979021765534e-10,1.48354108175173e-10,8.16736049617485e-07
"Lcu.1GRN.Chr1p378709497",1,378709497,1,0.301612903225806,12.4072698548066,12.4072698548066,"GLM","Cotyledon_Color_RvsY",9.82147071668034,9.82147071668034,3.9149853855188e-13,3.9149853855188e-13,1.50844431749233e-10,1.50844431749233e-10
"Lcu.1GRN.Chr1p388822124",1,388822124,1,0.5,12.4032282615084,12.4032282615084,"GLM","Cotyledon_Color_RvsY",9.81792631231095,9.81792631231095,3.95158873314562e-13,3.95158873314562e-13,1.52080554622654e-10,1.52080554622654e-10
"Lcu.1GRN.Chr3p345195898",3,345195898,2,0.174382716049383,12.4019440506853,6.34543690365992,"GLM","DTF_Nepal_2017;DTF_Sask_2017",8.91255716679402,3.75864167683571,3.96329089273635e-13,4.51401602319975e-07,1.2230461171716e-09,0.000174324457827283
"Lcu.1GRN.Chr1p419353514",1,419353514,1,0.214516129032258,12.3943112706998,12.3943112706998,"GLM","Cotyledon_Color_RvsY",9.80950594189027,9.80950594189027,4.03356192956859e-13,4.03356192956859e-13,1.55057957207223e-10,1.55057957207223e-10
"Lcu.1GRN.Chr1p119557781",1,119557781,1,0.42741935483871,12.3920386599836,12.3920386599836,"GLM","Cotyledon_Color_RvsY",9.80772938431978,9.80772938431978,4.05472439535986e-13,4.05472439535986e-13,1.5569354802443e-10,1.5569354802443e-10
"Lcu.1GRN.Chr1p357906668",1,357906668,1,0.27741935483871,12.3910223493159,12.3910223493159,"GLM","Cotyledon_Color_RvsY",9.80720856085009,9.80720856085009,4.06422413641246e-13,4.06422413641246e-13,1.55880374012845e-10,1.55880374012845e-10
"Lcu.1GRN.Chr1p362687151",1,362687151,2,0.156451612903226,12.3729520370327,5.59457527106436,"GLM;MLM","Cotyledon_Color_RvsY",9.78963317110697,2.83639999048009,4.23689755259654e-13,2.54345892763338e-06,1.62318054564264e-10,0.00145747129320487
"Lcu.1GRN.Chr7p601729598",7,601729598,1,0.0983870967741935,12.3700379697025,12.3700379697025,"GLM","Cotyledon_Color_RvsY",9.78721346294438,9.78721346294438,4.26542225236824e-13,4.26542225236824e-13,1.63224947299471e-10,1.63224947299471e-10
"Lcu.1GRN.Chr1p381285060",1,381285060,1,0.291935483870968,12.3384087468153,12.3384087468153,"GLM","Cotyledon_Color_RvsY",9.75609981731092,9.75609981731092,4.58766030774776e-13,4.58766030774776e-13,1.7534774400355e-10,1.7534774400355e-10
"Lcu.1GRN.Chr2p7898664",2,7898664,1,0.424193548387097,12.3379372907307,12.3379372907307,"GLM","Cotyledon_Color_RvsY",9.75609981731092,9.75609981731092,4.59264322799583e-13,4.59264322799583e-13,1.7534774400355e-10,1.7534774400355e-10
"Lcu.1GRN.Chr1p386504927",1,386504927,1,0.496774193548387,12.336833227402,12.336833227402,"GLM","Cotyledon_Color_RvsY",9.75598054914766,9.75598054914766,4.60433349772408e-13,4.60433349772408e-13,1.75395905507243e-10,1.75395905507243e-10
"Lcu.1GRN.Chr1p386972561",1,386972561,1,0.496774193548387,12.336833227402,12.336833227402,"GLM","Cotyledon_Color_RvsY",9.75598054914766,9.75598054914766,4.60433349772408e-13,4.60433349772408e-13,1.75395905507243e-10,1.75395905507243e-10
"Lcu.1GRN.Chr1p419050868",1,419050868,1,0.209677419354839,12.3287387914132,12.3287387914132,"GLM","Cotyledon_Color_RvsY",9.74837767459439,9.74837767459439,4.69095437110334e-13,4.69095437110334e-13,1.78493467075217e-10,1.78493467075217e-10
"Lcu.1GRN.Chr1p360345715",1,360345715,2,0.119354838709677,12.3183848835602,6.81733143254539,"GLM;MLM","Cotyledon_Color_RvsY",9.73851477242611,3.97446518146503,4.80413404334726e-13,1.52289011413291e-07,1.82593463927524e-10,0.000106055896277545
"Lcu.1GRN.Chr3p344742656",3,344742656,1,0.265432098765432,12.3122341012252,12.3122341012252,"GLM","DTF_Nepal_2017",8.82681340455156,8.82681340455156,4.87265764541209e-13,4.87265764541209e-13,1.49000112201303e-09,1.49000112201303e-09
"Lcu.1GRN.Chr1p176260368",1,176260368,1,0.106451612903226,12.3098841842924,12.3098841842924,"GLM","Cotyledon_Color_RvsY",9.73050452434762,9.73050452434762,4.89909448807707e-13,4.89909448807707e-13,1.85992518698761e-10,1.85992518698761e-10
"Lcu.1GRN.Chr1p385803318",1,385803318,1,0.419354838709677,12.3004532869382,12.3004532869382,"GLM","Cotyledon_Color_RvsY",9.7215635249381,9.7215635249381,5.0066440149613e-13,5.0066440149613e-13,1.89861310865895e-10,1.89861310865895e-10
"Lcu.1GRN.Chr1p375952411",1,375952411,1,0.082258064516129,12.2927505995849,12.2927505995849,"GLM","Cotyledon_Color_RvsY",9.71435018353158,9.71435018353158,5.09623446295154e-13,5.09623446295154e-13,1.93041114594552e-10,1.93041114594552e-10
"Lcu.1GRN.Chr1p419440474",1,419440474,1,0.232258064516129,12.2829506532009,12.2829506532009,"GLM","Cotyledon_Color_RvsY",9.70503903233921,9.70503903233921,5.21253935325108e-13,5.21253935325108e-13,1.97224547203038e-10,1.97224547203038e-10
"Lcu.1GRN.Chr5p1684480",5,1684480,2,0.175925925925926,12.2741837082161,7.93147085140538,"GLM;MLM","DTF_Nepal_2017",8.79269330517088,3.23288618596582,5.31883223050135e-13,1.17092518880873e-08,1.61178346024959e-09,0.000584943358117281
"Lcu.1GRN.Chr1p348662772",1,348662772,1,0.466129032258065,12.2734169987784,12.2734169987784,"GLM","Cotyledon_Color_RvsY",9.6959936235914,9.6959936235914,5.32823046334968e-13,5.32823046334968e-13,2.0137538160287e-10,2.0137538160287e-10
"Lcu.1GRN.Chr1p385796416",1,385796416,1,0.37258064516129,12.2635388588404,12.2635388588404,"GLM","Cotyledon_Color_RvsY",9.6866031810454,9.6866031810454,5.45081121944747e-13,5.45081121944747e-13,2.05776994102344e-10,2.05776994102344e-10
"Lcu.1GRN.Chr1p356894322",1,356894322,1,0.167741935483871,12.2603460940825,12.2603460940825,"GLM","Cotyledon_Color_RvsY",9.68389756662671,9.68389756662671,5.49103113100425e-13,5.49103113100425e-13,2.07062967314182e-10,2.07062967314182e-10
"Lcu.1GRN.Chr1p309506095",1,309506095,1,0.366129032258064,12.2537205231299,12.2537205231299,"GLM","Cotyledon_Color_RvsY",9.67775860018656,9.67775860018656,5.57544424095906e-13,5.57544424095906e-13,2.10010689025608e-10,2.10010689025608e-10
"Lcu.1GRN.Chr1p28227847",1,28227847,1,0.335483870967742,12.2465510621153,12.2465510621153,"GLM","Cotyledon_Color_RvsY",9.67107519907935,9.67107519907935,5.66824923241065e-13,5.66824923241065e-13,2.13267560353275e-10,2.13267560353275e-10
"Lcu.1GRN.Chr1p387300361",1,387300361,1,0.445161290322581,12.2448520903028,12.2448520903028,"GLM","Cotyledon_Color_RvsY",9.67026304515031,9.67026304515031,5.69046700734288e-13,5.69046700734288e-13,2.13666755248968e-10,2.13666755248968e-10
"Lcu.1GRN.Chr1p364431828",1,364431828,1,0.193548387096774,12.2447684173201,12.2447684173201,"GLM","Cotyledon_Color_RvsY",9.67026304515031,9.67026304515031,5.69156346202439e-13,5.69156346202439e-13,2.13666755248968e-10,2.13666755248968e-10
"Lcu.1GRN.Chr3p25227218",3,25227218,1,0.111111111111111,12.2429260707354,12.2429260707354,"GLM","DTF_Nepal_2017",8.76533071157369,8.76533071157369,5.71575926859308e-13,5.71575926859308e-13,1.71660071240969e-09,1.71660071240969e-09
"Lcu.1GRN.Chr2p342148775",2,342148775,1,0.104838709677419,12.2422607376851,12.2422607376851,"GLM","Cotyledon_Color_RvsY",9.66823979889727,9.66823979889727,5.72452244237932e-13,5.72452244237932e-13,2.14664486106556e-10,2.14664486106556e-10
"Lcu.1GRN.Chr6p330293563",6,330293563,1,0.164516129032258,12.2377684459128,12.2377684459128,"GLM","Cotyledon_Color_RvsY",9.66423140074825,9.66423140074825,5.78404354786731e-13,5.78404354786731e-13,2.16654941655399e-10,2.16654941655399e-10
"Lcu.1GRN.Chr1p43040365",1,43040365,1,0.303225806451613,12.2363352305473,12.2363352305473,"GLM","Cotyledon_Color_RvsY",9.66328154044862,9.66328154044862,5.8031630026294e-13,5.8031630026294e-13,2.17129313649104e-10,2.17129313649104e-10
"Lcu.1GRN.Chr1p363985977",1,363985977,2,0.117741935483871,12.234595630199,6.44543883038335,"GLM;MLM","Cotyledon_Color_RvsY",9.66202475780642,3.62448916083539,5.82645464078764e-13,3.58559447189874e-07,2.17758563128646e-10,0.000237416467663221
"Lcu.1GRN.Chr1p348074278",1,348074278,1,0.474193548387097,12.2339768325439,12.2339768325439,"GLM","Cotyledon_Color_RvsY",9.66188824169108,9.66188824169108,5.83476229005801e-13,5.83476229005801e-13,2.17827024108762e-10,2.17827024108762e-10
"Lcu.1GRN.Chr1p350355331",1,350355331,1,0.438709677419355,12.2334347257795,12.2334347257795,"GLM","Cotyledon_Color_RvsY",9.66182788148953,9.66182788148953,5.84205006184047e-13,5.84205006184047e-13,2.17857300792804e-10,2.17857300792804e-10
"Lcu.1GRN.Chr2p43311816",2,43311816,1,0.12962962962963,12.2265868092799,12.2265868092799,"GLM","DTF_Nepal_2017",8.7528518709314,8.7528518709314,5.93489706197089e-13,5.93489706197089e-13,1.76664028322474e-09,1.76664028322474e-09
"Lcu.1GRN.Chr1p422926106",1,422926106,1,0.154838709677419,12.2203694797404,12.2203694797404,"GLM","Cotyledon_Color_RvsY",9.64948658960465,9.64948658960465,6.02047171360689e-13,6.02047171360689e-13,2.24136925500564e-10,2.24136925500564e-10
"Lcu.1GRN.Chr1p371166947",1,371166947,1,0.0725806451612904,12.2201315409612,12.2201315409612,"GLM","Cotyledon_Color_RvsY",9.64948658960465,9.64948658960465,6.02377107898544e-13,6.02377107898544e-13,2.24136925500564e-10,2.24136925500564e-10
"Lcu.1GRN.Chr1p371166869",1,371166869,1,0.0790322580645161,12.217264156717,12.217264156717,"GLM","Cotyledon_Color_RvsY",9.64709935409036,9.64709935409036,6.06367398481046e-13,6.06367398481046e-13,2.25372356602071e-10,2.25372356602071e-10
"Lcu.1GRN.Chr1p385803407",1,385803407,1,0.164516129032258,12.1975951644714,12.1975951644714,"GLM","Cotyledon_Color_RvsY",9.62790998031638,9.62790998031638,6.34460859960626e-13,6.34460859960626e-13,2.35553748435293e-10,2.35553748435293e-10
"Lcu.1GRN.Chr1p386504756",1,386504756,1,0.498387096774194,12.1905666335933,12.1905666335933,"GLM","Cotyledon_Color_RvsY",9.62136053882148,9.62136053882148,6.44812379025224e-13,6.44812379025224e-13,2.3913297188046e-10,2.3913297188046e-10
"Lcu.1GRN.Chr6p420942828",6,420942828,1,0.399068322981366,12.181253348552,12.181253348552,"FarmCPU","DTF_Sask_2017_b",7.60868247615941,7.60868247615941,6.58789473940842e-13,6.58789473940842e-13,2.46216709978954e-08,2.46216709978954e-08
"Lcu.1GRN.Chr2p43312226",2,43312226,1,0.115740740740741,12.1803636001607,12.1803636001607,"GLM","DTF_Nepal_2017",8.71045506966531,8.71045506966531,6.6014053352225e-13,6.6014053352225e-13,1.94780255122174e-09,1.94780255122174e-09
"Lcu.1GRN.Chr1p359657148",1,359657148,1,0.0983870967741935,12.17229553309,12.17229553309,"GLM","Cotyledon_Color_RvsY",9.60356799977918,9.60356799977918,6.72518858121852e-13,6.72518858121852e-13,2.49133425935983e-10,2.49133425935983e-10
"Lcu.1GRN.Chr2p44216345",2,44216345,1,0.0987654320987654,12.1707701647293,12.1707701647293,"GLM","DTF_Nepal_2017",8.70465462325103,8.70465462325103,6.74885092702786e-13,6.74885092702786e-13,1.97399194762746e-09,1.97399194762746e-09
"Lcu.1GRN.Chr1p343564995",1,343564995,1,0.382258064516129,12.1706211631871,12.1706211631871,"GLM","Cotyledon_Color_RvsY",9.6023716645772,9.6023716645772,6.75116677896916e-13,6.75116677896916e-13,2.49820650818649e-10,2.49820650818649e-10
"Lcu.1GRN.Chr1p371780816",1,371780816,1,0.082258064516129,12.1671884205617,12.1671884205617,"GLM","Cotyledon_Color_RvsY",9.59941643105093,9.59941643105093,6.80474067989227e-13,6.80474067989227e-13,2.51526396513552e-10,2.51526396513552e-10
"Lcu.1GRN.Chr1p364394369",1,364394369,2,0.0903225806451613,12.1625808674176,7.52332399321636,"GLM;MLM","Cotyledon_Color_RvsY",9.59528586255874,4.6259202104872,6.87731841889804e-13,2.99692591229878e-08,2.53930072953839e-10,2.366354409254e-05
"Lcu.1GRN.Chr1p349188109",1,349188109,1,0.47258064516129,12.1527284407229,12.1527284407229,"GLM","Cotyledon_Color_RvsY",9.58590989721942,9.58590989721942,7.03512080284194e-13,7.03512080284194e-13,2.59471763058063e-10,2.59471763058063e-10
"Lcu.1GRN.Chr1p367498523",1,367498523,1,0.330645161290323,12.1506587962138,12.1506587962138,"GLM","Cotyledon_Color_RvsY",9.58431619191618,9.58431619191618,7.06872691223869e-13,7.06872691223869e-13,2.60425680754545e-10,2.60425680754545e-10
"Lcu.1GRN.Chr1p419352744",1,419352744,1,0.211290322580645,12.1425562099445,12.1425562099445,"GLM","Cotyledon_Color_RvsY",9.57668902384644,9.57668902384644,7.20184533032382e-13,7.20184533032382e-13,2.65039727376918e-10,2.65039727376918e-10
"Lcu.1GRN.Chr1p422742467",1,422742467,1,0.156451612903226,12.1399645422953,12.1399645422953,"GLM","Cotyledon_Color_RvsY",9.57457225452984,9.57457225452984,7.2449510861604e-13,7.2449510861604e-13,2.66334695300384e-10,2.66334695300384e-10
"Lcu.1GRN.Chr1p182229001",1,182229001,1,0.0935483870967742,12.1377568063325,12.1377568063325,"GLM","Cotyledon_Color_RvsY",9.57283889816851,9.57283889816851,7.28187456514252e-13,7.28187456514252e-13,2.67399814612805e-10,2.67399814612805e-10
"Lcu.1GRN.Chr1p364844469",1,364844469,1,0.353225806451613,12.1372606189024,12.1372606189024,"GLM","Cotyledon_Color_RvsY",9.57281657274058,9.57281657274058,7.29019896163994e-13,7.29019896163994e-13,2.67413560973821e-10,2.67413560973821e-10
"Lcu.1GRN.Chr1p387812202",1,387812202,1,0.403225806451613,12.1364986346209,12.1364986346209,"GLM","Cotyledon_Color_RvsY",9.57252793399025,9.57252793399025,7.30300108861435e-13,7.30300108861435e-13,2.67591347186704e-10,2.67591347186704e-10
"Lcu.1GRN.Chr1p287237572",1,287237572,1,0.0854838709677419,12.1343863277298,12.1343863277298,"GLM","Cotyledon_Color_RvsY",9.57088845728403,9.57088845728403,7.3386077005583e-13,7.3386077005583e-13,2.68603422895941e-10,2.68603422895941e-10
"Lcu.1GRN.Chr1p367495221",1,367495221,2,0.246774193548387,12.127210372059,7.71210477402306,"GLM;MLM","Cotyledon_Color_RvsY",9.56418481757265,4.80438472281793,7.46087266515054e-13,1.94041769321005e-08,2.72781669104206e-10,1.5689723033942e-05
"Lcu.1GRN.Chr1p363538795",1,363538795,2,0.17741935483871,12.1097692364961,7.54865575631743,"GLM;MLM","Cotyledon_Color_RvsY",9.54721548486111,4.64920823107829,7.7665968715597e-13,2.82712000474118e-08,2.83651128110307e-10,2.24280630810089e-05
"Lcu.1GRN.Chr1p79130491",1,79130491,1,0.109677419354839,12.1048358761114,12.1048358761114,"GLM","Cotyledon_Color_RvsY",9.54275341533312,9.54275341533312,7.85532438474696e-13,7.85532438474696e-13,2.86580466087221e-10,2.86580466087221e-10
"Lcu.1GRN.Chr5p1582614",5,1582614,2,0.131172839506173,12.1033044392412,7.75209169172422,"GLM;MLM","DTF_Nepal_2017",8.64467691915549,3.22527830989234,7.88307322615278e-13,1.76973527820655e-08,2.26632965116353e-09,0.000595280546324501
"Lcu.1GRN.Chr5p1584911",5,1584911,2,0.131172839506173,12.1033044392412,7.75209169172422,"GLM;MLM","DTF_Nepal_2017",8.64467691915549,3.22527830989234,7.88307322615278e-13,1.76973527820655e-08,2.26632965116353e-09,0.000595280546324501
"Lcu.1GRN.Chr1p371177859",1,371177859,2,0.103225806451613,12.0987905185827,6.96164465445749,"GLM;MLM","Cotyledon_Color_RvsY",9.53717883777676,4.10785217975451,7.96543469547846e-13,1.09233373294635e-07,2.90282705548646e-10,7.80095585456403e-05
"Lcu.1GRN.Chr1p406236659",1,406236659,1,0.2,12.094438751407,12.094438751407,"GLM","Cotyledon_Color_RvsY",9.5337671023142,9.5337671023142,8.045652084608e-13,8.045652084608e-13,2.92572092404685e-10,2.92572092404685e-10
"Lcu.1GRN.Chr1p406533030",1,406533030,1,0.2,12.094438751407,12.094438751407,"GLM","Cotyledon_Color_RvsY",9.5337671023142,9.5337671023142,8.045652084608e-13,8.045652084608e-13,2.92572092404685e-10,2.92572092404685e-10
"Lcu.1GRN.Chr1p348662765",1,348662765,1,0.467741935483871,12.0937052554204,12.0937052554204,"GLM","Cotyledon_Color_RvsY",9.53350286027043,9.53350286027043,8.05925216510293e-13,8.05925216510293e-13,2.92750159073345e-10,2.92750159073345e-10
"Lcu.1GRN.Chr2p7752543",2,7752543,2,0.275806451612903,12.092282796587,5.48017092204977,"GLM;MLM","Cotyledon_Color_RvsY",9.5325491488996,2.72860379995813,8.08569217195663e-13,3.31000826310775e-06,2.93393745286358e-10,0.00186808313663887
"Lcu.1GRN.Chr1p387297710",1,387297710,1,0.446774193548387,12.0907292735162,12.0907292735162,"GLM","Cotyledon_Color_RvsY",9.53146386790323,9.53146386790323,8.11466744868376e-13,8.11466744868376e-13,2.94127838977523e-10,2.94127838977523e-10
"Lcu.1GRN.Chr1p419352484",1,419352484,1,0.212903225806452,12.0875363061749,12.0875363061749,"GLM","Cotyledon_Color_RvsY",9.52873863833669,9.52873863833669,8.17454697462604e-13,8.17454697462604e-13,2.9597931563122e-10,2.9597931563122e-10
"Lcu.1GRN.Chr1p381266109",1,381266109,1,0.238709677419355,12.0795095569522,12.0795095569522,"GLM","Cotyledon_Color_RvsY",9.52117912367429,9.52117912367429,8.32703601561519e-13,8.32703601561519e-13,3.01176357361767e-10,3.01176357361767e-10
"Lcu.1GRN.Chr6p388859533",6,388859533,1,0.245161290322581,12.0752895348745,12.0752895348745,"GLM","Cotyledon_Color_RvsY",9.51742583402401,9.51742583402401,8.4083438837963e-13,8.4083438837963e-13,3.03790484120399e-10,3.03790484120399e-10
"Lcu.1GRN.Chr1p422746309",1,422746309,1,0.154838709677419,12.0737359384033,12.0737359384033,"GLM","Cotyledon_Color_RvsY",9.51699597743967,9.51699597743967,8.43847681706197e-13,8.43847681706197e-13,3.04091319135792e-10,3.04091319135792e-10
"Lcu.1GRN.Chr1p363986972",1,363986972,2,0.082258064516129,12.0734624830415,8.06637699542165,"GLM;MLM","Cotyledon_Color_RvsY",9.51699597743967,5.14486865973089,8.44379181289572e-13,8.58268166314026e-09,3.04091319135792e-10,7.16360020591935e-06
"Lcu.1GRN.Chr1p364455309",1,364455309,2,0.082258064516129,12.0734624830415,8.06637699542165,"GLM;MLM","Cotyledon_Color_RvsY",9.51699597743967,5.14486865973089,8.44379181289572e-13,8.58268166314026e-09,3.04091319135792e-10,7.16360020591935e-06
"Lcu.1GRN.Chr1p359130188",1,359130188,1,0.141935483870968,12.0670725659341,12.0670725659341,"GLM","Cotyledon_Color_RvsY",9.51121229890312,9.51121229890312,8.56894655392828e-13,8.56894655392828e-13,3.08168114441239e-10,3.08168114441239e-10
"Lcu.1GRN.Chr1p367658831",1,367658831,2,0.330645161290323,12.0667498319969,6.77390513027573,"GLM;MLM","Cotyledon_Color_RvsY",9.51121229890312,3.93462070965849,8.57531669625736e-13,1.68304167398726e-07,3.08168114441239e-10,0.000116246340606586
"Lcu.1GRN.Chr1p378709524",1,378709524,1,0.301612903225806,12.0649556900841,12.0649556900841,"GLM","Cotyledon_Color_RvsY",9.50988189914,9.50988189914,8.61081601578528e-13,8.61081601578528e-13,3.09113591332086e-10,3.09113591332086e-10
"Lcu.1GRN.Chr1p367578238",1,367578238,1,0.414516129032258,12.0613882771038,12.0613882771038,"GLM","Cotyledon_Color_RvsY",9.50677773365103,9.50677773365103,8.68183890153892e-13,8.68183890153892e-13,3.11330928123022e-10,3.11330928123022e-10
"Lcu.1GRN.Chr1p371794386",1,371794386,1,0.0854838709677419,12.0602942048545,12.0602942048545,"GLM","Cotyledon_Color_RvsY",9.50614641528875,9.50614641528875,8.70373771403444e-13,8.70373771403444e-13,3.11783827865455e-10,3.11783827865455e-10
"Lcu.1GRN.Chr1p370889234",1,370889234,1,0.082258064516129,12.059760044006,12.059760044006,"GLM","Cotyledon_Color_RvsY",9.50607451577386,9.50607451577386,8.7144494693751e-13,8.7144494693751e-13,3.11835449432478e-10,3.11835449432478e-10
"Lcu.1GRN.Chr1p377406108",1,377406108,1,0.474193548387097,12.0542843733936,12.0542843733936,"GLM","Cotyledon_Color_RvsY",9.50106061498902,9.50106061498902,8.82501854325042e-13,8.82501854325042e-13,3.15456430641606e-10,3.15456430641606e-10
"Lcu.1GRN.Chr1p355763860",1,355763860,2,0.454838709677419,12.0432223879881,6.04443448200633,"GLM;MLM","Cotyledon_Color_RvsY",9.49045990894912,3.25162038671284,9.05268923608371e-13,9.02745886125161e-07,3.23251159264731e-10,0.000560247094978343
"Lcu.1GRN.Chr4p67193036",4,67193036,1,0.104838709677419,12.0394664262647,12.0394664262647,"GLM","Cotyledon_Color_RvsY",9.48716473717014,9.48716473717014,9.13132023498107e-13,9.13132023498107e-13,3.25713127622469e-10,3.25713127622469e-10
"Lcu.1GRN.Chr1p407506747",1,407506747,1,0.198387096774194,12.0387761690553,12.0387761690553,"GLM","Cotyledon_Color_RvsY",9.4869347815215,9.4869347815215,9.14584487535113e-13,9.14584487535113e-13,3.25885635930851e-10,3.25885635930851e-10
"Lcu.1GRN.Chr1p353593140",1,353593140,1,0.27741935483871,12.033897900816,12.033897900816,"GLM","Cotyledon_Color_RvsY",9.48251632749337,9.48251632749337,9.24915588691241e-13,9.24915588691241e-13,3.29218076001383e-10,3.29218076001383e-10
"Lcu.1GRN.Chr2p7731937",2,7731937,1,0.47258064516129,12.0238431142507,12.0238431142507,"GLM","Cotyledon_Color_RvsY",9.47292086882059,9.47292086882059,9.46579044463478e-13,9.46579044463478e-13,3.36572889481022e-10,3.36572889481022e-10
"Lcu.1GRN.Chr4p501059812",4,501059812,1,0.282407407407407,12.0214081556878,12.0214081556878,"GLM","DTF_Nepal_2017",8.56647678116205,8.56647678116205,9.51901134255824e-13,9.51901134255824e-13,2.71345871886634e-09,2.71345871886634e-09
"Lcu.1GRN.Chr1p318272135",1,318272135,1,0.241935483870968,12.0116172086477,12.0116172086477,"GLM","Cotyledon_Color_RvsY",9.46115380581913,9.46115380581913,9.73604990544584e-13,9.73604990544584e-13,3.45816884746051e-10,3.45816884746051e-10
"Lcu.1GRN.Chr6p436912810",6,436912810,1,0.137345679012346,12.0098814796167,12.0098814796167,"GLM","DTF_Nepal_2017",8.55861505917734,8.55861505917734,9.77503948580631e-13,9.77503948580631e-13,2.76302580396825e-09,2.76302580396825e-09
"Lcu.1GRN.Chr1p348997906",1,348997906,1,0.441935483870968,12.0089802204492,12.0089802204492,"GLM","Cotyledon_Color_RvsY",9.45897517595536,9.45897517595536,9.79534596413331e-13,9.79534596413331e-13,3.47556026995531e-10,3.47556026995531e-10
"Lcu.1GRN.Chr1p371912530",1,371912530,1,0.0967741935483871,12.001849790302,12.001849790302,"GLM","Cotyledon_Color_RvsY",9.45230262089738,9.45230262089738,9.95749758377226e-13,9.95749758377226e-13,3.5293715382094e-10,3.5293715382094e-10
"Lcu.1GRN.Chr5p1635413",5,1635413,2,0.172839506172839,11.9963722992339,7.451356913443,"GLM;MLM","DTF_Nepal_2017",8.54874016344964,2.96593621676935,1.00838807410113e-12,3.53706537234725e-08,2.82657059434313e-09,0.00108159278918212
"Lcu.1GRN.Chr7p601435240",7,601435240,1,0.298387096774194,11.9944031048668,11.9944031048668,"GLM","Cotyledon_Color_RvsY",9.44577023997238,9.44577023997238,1.01297072678353e-12,1.01297072678353e-12,3.58285935284958e-10,3.58285935284958e-10
"Lcu.1GRN.Chr7p601436180",7,601436180,1,0.298387096774194,11.9944031048668,11.9944031048668,"GLM","Cotyledon_Color_RvsY",9.44577023997238,9.44577023997238,1.01297072678353e-12,1.01297072678353e-12,3.58285935284958e-10,3.58285935284958e-10
"Lcu.1GRN.Chr2p342196440",2,342196440,1,0.0870967741935483,11.9844847984703,11.9844847984703,"GLM","Cotyledon_Color_RvsY",9.43630836502288,9.43630836502288,1.03637087969508e-12,1.03637087969508e-12,3.66177482868064e-10,3.66177482868064e-10
"Lcu.1GRN.Chr1p349187305",1,349187305,1,0.493548387096774,11.979340377869,11.979340377869,"GLM","Cotyledon_Color_RvsY",9.4316198966754,9.4316198966754,1.04872017307911e-12,1.04872017307911e-12,3.7015200257933e-10,3.7015200257933e-10
"Lcu.1GRN.Chr1p34392907",1,34392907,1,0.143548387096774,11.9791916929783,11.9791916929783,"BLINK","Cotyledon_Color_RvsY",7.23052956153004,7.23052956153004,1.04907927397885e-12,1.04907927397885e-12,5.88126080250738e-08,5.88126080250738e-08
"Lcu.1GRN.Chr1p407191891",1,407191891,1,0.275806451612903,11.9765823956218,11.9765823956218,"GLM","Cotyledon_Color_RvsY",9.42955443747586,9.42955443747586,1.05540125040216e-12,1.05540125040216e-12,3.71916599639672e-10,3.71916599639672e-10
"Lcu.1GRN.Chr1p422711215",1,422711215,1,0.324193548387097,11.976364447724,11.976364447724,"GLM","Cotyledon_Color_RvsY",9.42955443747586,9.42955443747586,1.05593102966666e-12,1.05593102966666e-12,3.71916599639672e-10,3.71916599639672e-10
"Lcu.1GRN.Chr3p344509419",3,344509419,2,0.174382716049383,11.9716377976973,6.35534628185121,"GLM","DTF_Nepal_2017;DTF_Sask_2017",8.52760978618191,3.76605079203668,1.06748603516946e-12,4.41218504387216e-07,2.9674964891888e-09,0.000171375686680386
"Lcu.1GRN.Chr2p7899157",2,7899157,1,0.456451612903226,11.9695932777729,11.9695932777729,"GLM","Cotyledon_Color_RvsY",9.42323778821717,9.42323778821717,1.07252326653839e-12,1.07252326653839e-12,3.77365516313515e-10,3.77365516313515e-10
"Lcu.1GRN.Chr1p363167445",1,363167445,1,0.182258064516129,11.9650504169275,11.9650504169275,"GLM","Cotyledon_Color_RvsY",9.41914897287251,9.41914897287251,1.08380108904518e-12,1.08380108904518e-12,3.80935131576658e-10,3.80935131576658e-10
"Lcu.1GRN.Chr1p364661667",1,364661667,2,0.443548387096774,11.9601248162197,7.64851283000457,"GLM;MLM","Cotyledon_Color_RvsY",9.41467694346636,4.74391347113899,1.09616311362551e-12,2.24640041145241e-08,3.8487797290279e-10,1.80337701002151e-05
"Lcu.1GRN.Chr1p361279446",1,361279446,2,0.0725806451612904,11.95876945116,7.13156089933451,"GLM;MLM","Cotyledon_Color_RvsY",9.41377467649878,4.2656129955065,1.09958941071167e-12,7.38650677775207e-08,3.85678405957092e-10,5.42484088496099e-05
"Lcu.1GRN.Chr1p74597155",1,74597155,1,0.104838709677419,11.955208613246,11.955208613246,"GLM","Cotyledon_Color_RvsY",9.41066646445369,9.41066646445369,1.10864215135944e-12,1.10864215135944e-12,3.88448577631584e-10,3.88448577631584e-10
"Lcu.1GRN.Chr1p56008960",1,56008960,1,0.396774193548387,11.9424036797604,11.9424036797604,"GLM","Cotyledon_Color_RvsY",9.39831368559706,9.39831368559706,1.14181651493996e-12,1.14181651493996e-12,3.99655978856201e-10,3.99655978856201e-10
"Lcu.1GRN.Chr7p601445644",7,601445644,1,0.298387096774194,11.9365140247352,11.9365140247352,"GLM","Cotyledon_Color_RvsY",9.39287571494114,9.39287571494114,1.15740665518639e-12,1.15740665518639e-12,4.04691688549979e-10,4.04691688549979e-10
"Lcu.1GRN.Chr1p351122862",1,351122862,2,0.179032258064516,11.924186484478,5.87641806374278,"GLM;MLM","Cotyledon_Color_RvsY",9.38099938977065,3.09363109808304,1.19073060282814e-12,1.32917430241398e-06,4.15911194892515e-10,0.00080606284287556
"Lcu.1GRN.Chr1p357160100",1,357160100,1,0.0887096774193549,11.9224212125234,11.9224212125234,"GLM","Cotyledon_Color_RvsY",9.37968486459438,9.37968486459438,1.19558040206295e-12,1.19558040206295e-12,4.17171984544303e-10,4.17171984544303e-10
"Lcu.1GRN.Chr1p374030779",1,374030779,1,0.343548387096774,11.9176147198339,11.9176147198339,"GLM","Cotyledon_Color_RvsY",9.37532865134582,9.37532865134582,1.20888581094203e-12,1.20888581094203e-12,4.21377506289263e-10,4.21377506289263e-10
"Lcu.1GRN.Chr3p180094968",3,180094968,1,0.0555555555555556,11.9171341988053,11.9171341988053,"GLM","DTF_Nepal_2017",8.48022592841286,8.48022592841286,1.21022411147081e-12,1.21022411147081e-12,3.30958905449676e-09,3.30958905449676e-09
"Lcu.1GRN.Chr1p406962892",1,406962892,1,0.243548387096774,11.9166164553535,11.9166164553535,"GLM","Cotyledon_Color_RvsY",9.37478019993711,9.37478019993711,1.21166773849133e-12,1.21166773849133e-12,4.2190998156637e-10,4.2190998156637e-10
"Lcu.1GRN.Chr1p364679376",1,364679376,2,0.451612903225806,11.914542495431,6.89982296691403,"GLM;MLM","Cotyledon_Color_RvsY",9.37315558768217,4.04970319470702,1.21746785858296e-12,1.25943869688315e-07,4.23491221497389e-10,8.91860244535777e-05
"Lcu.1GRN.Chr1p100285437",1,100285437,1,0.337096774193548,11.9104867558959,11.9104867558959,"GLM","Cotyledon_Color_RvsY",9.36968581207675,9.36968581207675,1.22889066185932e-12,1.22889066185932e-12,4.26888237034549e-10,4.26888237034549e-10
"Lcu.1GRN.Chr1p373644302",1,373644302,1,0.1,11.9101754168579,11.9101754168579,"GLM","Cotyledon_Color_RvsY",9.36968581207675,9.36968581207675,1.22977195053759e-12,1.22977195053759e-12,4.26888237034549e-10,4.26888237034549e-10
"Lcu.1GRN.Chr2p43484972",2,43484972,1,0.095679012345679,11.9068620188131,11.9068620188131,"GLM","DTF_Nepal_2017",8.47347032214346,8.47347032214346,1.23919023136541e-12,1.23919023136541e-12,3.36147339156201e-09,3.36147339156201e-09
"Lcu.1GRN.Chr2p352777793",2,352777793,1,0.358064516129032,11.9040481788911,11.9040481788911,"GLM","Cotyledon_Color_RvsY",9.36400653132544,9.36400653132544,1.2472451421853e-12,1.2472451421853e-12,4.32507326537568e-10,4.32507326537568e-10
"Lcu.1GRN.Chr1p238227737",1,238227737,1,0.0935483870967742,11.9016722648753,11.9016722648753,"GLM","Cotyledon_Color_RvsY",9.36207811295139,9.36207811295139,1.25408719981555e-12,1.25408719981555e-12,4.34432079444239e-10,4.34432079444239e-10
"Lcu.1GRN.Chr1p358395149",1,358395149,1,0.2,11.8905623160853,11.8905623160853,"GLM","Cotyledon_Color_RvsY",9.35141519917967,9.35141519917967,1.28658263050145e-12,1.28658263050145e-12,4.45230390610989e-10,4.45230390610989e-10
"Lcu.1GRN.Chr1p371707672",1,371707672,1,0.108064516129032,11.8790711067043,11.8790711067043,"GLM","Cotyledon_Color_RvsY",9.34037056514075,9.34037056514075,1.32107931716937e-12,1.32107931716937e-12,4.56698341909877e-10,4.56698341909877e-10
"Lcu.1GRN.Chr2p43312234",2,43312234,1,0.118827160493827,11.8745438670956,11.8745438670956,"GLM","DTF_Nepal_2017",8.44464049827176,8.44464049827176,1.33492274524898e-12,1.33492274524898e-12,3.59219167240932e-09,3.59219167240932e-09
"Lcu.1GRN.Chr1p348997962",1,348997962,1,0.440322580645161,11.8687571801989,11.8687571801989,"GLM","Cotyledon_Color_RvsY",9.33094841406559,9.33094841406559,1.35282873625853e-12,1.35282873625853e-12,4.66714813875973e-10,4.66714813875973e-10
"Lcu.1GRN.Chr1p349417120",1,349417120,1,0.440322580645161,11.8687571801989,11.8687571801989,"GLM","Cotyledon_Color_RvsY",9.33094841406559,9.33094841406559,1.35282873625853e-12,1.35282873625853e-12,4.66714813875973e-10,4.66714813875973e-10
"Lcu.1GRN.Chr1p418953664",1,418953664,1,0.191935483870968,11.867038058613,11.867038058613,"GLM","Cotyledon_Color_RvsY",9.32967449444786,9.32967449444786,1.35819441845544e-12,1.35819441845544e-12,4.68085842164551e-10,4.68085842164551e-10
"Lcu.1GRN.Chr1p28227808",1,28227808,1,0.429032258064516,11.8643493419351,11.8643493419351,"GLM","Cotyledon_Color_RvsY",9.32743052382201,9.32743052382201,1.36662908121645e-12,1.36662908121645e-12,4.70510669561447e-10,4.70510669561447e-10
"Lcu.1GRN.Chr1p361166752",1,361166752,1,0.129032258064516,11.8550524255745,11.8550524255745,"GLM","Cotyledon_Color_RvsY",9.31857789853019,9.31857789853019,1.3961998095356e-12,1.3961998095356e-12,4.80199940014377e-10,4.80199940014377e-10
"Lcu.1GRN.Chr1p407184514",1,407184514,1,0.262903225806452,11.8458427242751,11.8458427242751,"GLM","Cotyledon_Color_RvsY",9.3098120342464,9.3098120342464,1.42612395768305e-12,1.42612395768305e-12,4.89990845019382e-10,4.89990845019382e-10
"Lcu.1GRN.Chr2p43311725",2,43311725,2,0.145061728395062,11.8399631359563,7.80849969548859,"GLM","DTF_Nepal_2017;DTF_Sask_2017",8.41352029924197,4.61003746312412,1.44556246863562e-12,1.55417638050286e-08,3.85904373720284e-09,2.45449717664074e-05
"Lcu.1GRN.Chr1p372693704",1,372693704,1,0.461290322580645,11.8310662491596,11.8310662491596,"GLM","Cotyledon_Color_RvsY",9.2957159048466,9.2957159048466,1.47548143978432e-12,1.47548143978432e-12,5.06155657106351e-10,5.06155657106351e-10
"Lcu.1GRN.Chr1p389144130",1,389144130,1,0.393548387096774,11.8308602792985,11.8308602792985,"GLM","Cotyledon_Color_RvsY",9.2957159048466,9.2957159048466,1.47618137219564e-12,1.47618137219564e-12,5.06155657106351e-10,5.06155657106351e-10
"Lcu.1GRN.Chr1p391468355",1,391468355,1,0.380645161290323,11.8262662880675,11.8262662880675,"GLM","Cotyledon_Color_RvsY",9.2915643940226,9.2915643940226,1.49187938184514e-12,1.49187938184514e-12,5.11017303496032e-10,5.11017303496032e-10
"Lcu.1GRN.Chr1p367898760",1,367898760,1,0.309677419354839,11.8158173604543,11.8158173604543,"GLM","Cotyledon_Color_RvsY",9.28155749645452,9.28155749645452,1.52820860069559e-12,1.52820860069559e-12,5.22928730814011e-10,5.22928730814011e-10
"Lcu.1GRN.Chr2p342772093",2,342772093,1,0.0935483870967742,11.8138020235231,11.8138020235231,"GLM","Cotyledon_Color_RvsY",9.27998374012256,9.27998374012256,1.53531670921938e-12,1.53531670921938e-12,5.2482710927845e-10,5.2482710927845e-10
"Lcu.1GRN.Chr1p374022434",1,374022434,2,0.330645161290323,11.8010600035793,6.67499791001248,"GLM;MLM","Cotyledon_Color_RvsY",9.26768285224505,3.84278972711417,1.58102958384005e-12,2.11349921076107e-07,5.39904749266524e-10,0.000143618462429509
"Lcu.1GRN.Chr1p350086582",1,350086582,1,0.438709677419355,11.8000307547471,11.8000307547471,"GLM","Cotyledon_Color_RvsY",9.26709428785648,9.26709428785648,1.58478096155424e-12,1.58478096155424e-12,5.40636934782065e-10,5.40636934782065e-10
"Lcu.1GRN.Chr1p378712482",1,378712482,1,0.319354838709677,11.7912671887773,11.7912671887773,"GLM","Cotyledon_Color_RvsY",9.25877095961502,9.25877095961502,1.61708486068118e-12,1.61708486068118e-12,5.51098260722134e-10,5.51098260722134e-10
"Lcu.1GRN.Chr1p406545525",1,406545525,1,0.206451612903226,11.7780964669358,11.7780964669358,"GLM","Cotyledon_Color_RvsY",9.24604002969154,9.24604002969154,1.66687691917804e-12,1.66687691917804e-12,5.67492296227894e-10,5.67492296227894e-10
"Lcu.1GRN.Chr5p186112272",5,186112272,1,0.082258064516129,11.7753153569071,11.7753153569071,"GLM","Cotyledon_Color_RvsY",9.24369826667241,9.24369826667241,1.67758542038534e-12,1.67758542038534e-12,5.70560541050308e-10,5.70560541050308e-10
"Lcu.1GRN.Chr1p408097291",1,408097291,2,0.388709677419355,11.7706754309995,7.50422129288101,"GLM;MLM","Cotyledon_Color_RvsY",9.24011572380211,4.61040076492345,1.6956045332632e-12,3.13168957877146e-08,5.75286623793463e-10,2.45244476657396e-05
"Lcu.1GRN.Chr1p408097676",1,408097676,2,0.388709677419355,11.7706754309995,7.50422129288101,"GLM;MLM","Cotyledon_Color_RvsY",9.24011572380211,4.61040076492345,1.6956045332632e-12,3.13168957877146e-08,5.75286623793463e-10,2.45244476657396e-05
"Lcu.1GRN.Chr2p342061648",2,342061648,1,0.0854838709677419,11.7699798571386,11.7699798571386,"GLM","Cotyledon_Color_RvsY",9.24011572380211,9.24011572380211,1.69832241993688e-12,1.69832241993688e-12,5.75286623793463e-10,5.75286623793463e-10
"Lcu.1GRN.Chr2p342808448",2,342808448,1,0.0854838709677419,11.7699798571386,11.7699798571386,"GLM","Cotyledon_Color_RvsY",9.24011572380211,9.24011572380211,1.69832241993688e-12,1.69832241993688e-12,5.75286623793463e-10,5.75286623793463e-10
"Lcu.1GRN.Chr1p29863826",1,29863826,1,0.338709677419355,11.7680230605353,11.7680230605353,"GLM","Cotyledon_Color_RvsY",9.23859606310078,9.23859606310078,1.70599180040403e-12,1.70599180040403e-12,5.77303162903928e-10,5.77303162903928e-10
"Lcu.1GRN.Chr7p600896431",7,600896431,1,0.101612903225806,11.7666461712664,11.7666461712664,"GLM","Cotyledon_Color_RvsY",9.2376906130032,9.2376906130032,1.71140906776279e-12,1.71140906776279e-12,5.78508023910016e-10,5.78508023910016e-10
"Lcu.1GRN.Chr1p29026365",1,29026365,1,0.488709677419355,11.7660409445295,11.7660409445295,"GLM","Cotyledon_Color_RvsY",9.2376906130032,9.2376906130032,1.713795726207e-12,1.713795726207e-12,5.78508023910016e-10,5.78508023910016e-10
"Lcu.1GRN.Chr6p391550865",6,391550865,1,0.17741935483871,11.7654198860847,11.7654198860847,"GLM","Cotyledon_Color_RvsY",9.2376906130032,9.2376906130032,1.71624827570871e-12,1.71624827570871e-12,5.78508023910016e-10,5.78508023910016e-10
"Lcu.1GRN.Chr1p28228937",1,28228937,1,0.490322580645161,11.7653734535477,11.7653734535477,"GLM","Cotyledon_Color_RvsY",9.2376906130032,9.2376906130032,1.71643177797523e-12,1.71643177797523e-12,5.78508023910016e-10,5.78508023910016e-10
"Lcu.1GRN.Chr1p349226647",1,349226647,1,0.445161290322581,11.7612617311742,11.7612617311742,"GLM","Cotyledon_Color_RvsY",9.23401383756829,9.23401383756829,1.73275942117724e-12,1.73275942117724e-12,5.83426514737861e-10,5.83426514737861e-10
"Lcu.1GRN.Chr1p361279103",1,361279103,2,0.164516129032258,11.7522858490108,5.66075382087476,"GLM;MLM","Cotyledon_Color_RvsY",9.22613585472764,2.89511625219862,1.76894427068018e-12,2.18396753950669e-06,5.94106282957439e-10,0.00127316223459488
"Lcu.1GRN.Chr1p101996451",1,101996451,1,0.37258064516129,11.7268493824145,11.7268493824145,"MLMM","Cotyledon_Color_RvsY",6.97818725096629,6.97818725096629,1.87564488732344e-12,1.87564488732344e-12,1.05150840635721e-07,1.05150840635721e-07
"Lcu.1GRN.Chr3p387948881",3,387948881,1,0.0617283950617284,11.678593878679,11.678593878679,"GLM","DTF_Nepal_2017",8.25558421780313,8.25558421780313,2.09607163682792e-12,2.09607163682792e-12,5.55156951389683e-09,5.55156951389683e-09
"Lcu.1GRN.Chr1p509134127",1,509134127,2,0.095679012345679,11.6711224965662,6.97693901772699,"GLM","DTF_Nepal_2017;DTF_Sask_2017",8.25151908438217,4.17440150549591,2.13244335396946e-12,1.05453496049704e-07,5.6037779190988e-09,6.69265586900957e-05
"Lcu.1GRN.Chr2p44640853",2,44640853,1,0.140432098765432,11.6518873528476,11.6518873528476,"GLM","DTF_Nepal_2017",8.23566368131501,8.23566368131501,2.22901323497643e-12,2.22901323497643e-12,5.81214337061485e-09,5.81214337061485e-09
"Lcu.1GRN.Chr3p179963561",3,179963561,1,0.058641975308642,11.6206191804164,11.6206191804164,"GLM","DTF_Nepal_2017",8.21120366664408,8.21120366664408,2.39541530236637e-12,2.39541530236637e-12,6.14888447135124e-09,6.14888447135124e-09
"Lcu.1GRN.Chr3p347835275",3,347835275,1,0.385802469135803,11.6139306838534,11.6139306838534,"GLM","DTF_Nepal_2017",8.21120366664408,8.21120366664408,2.43259223520034e-12,2.43259223520034e-12,6.14888447135124e-09,6.14888447135124e-09
"Lcu.1GRN.Chr2p44145944",2,44145944,1,0.114197530864197,11.607683279981,11.607683279981,"GLM","DTF_Nepal_2017",8.21120366664408,8.21120366664408,2.46783841349602e-12,2.46783841349602e-12,6.14888447135124e-09,6.14888447135124e-09
"Lcu.1GRN.Chr2p44146224",2,44146224,1,0.114197530864197,11.607683279981,11.607683279981,"GLM","DTF_Nepal_2017",8.21120366664408,8.21120366664408,2.46783841349602e-12,2.46783841349602e-12,6.14888447135124e-09,6.14888447135124e-09
"Lcu.1GRN.Chr2p44190053",2,44190053,1,0.114197530864197,11.607683279981,11.607683279981,"GLM","DTF_Nepal_2017",8.21120366664408,8.21120366664408,2.46783841349602e-12,2.46783841349602e-12,6.14888447135124e-09,6.14888447135124e-09
"Lcu.1GRN.Chr2p44193193",2,44193193,1,0.114197530864197,11.607683279981,11.607683279981,"GLM","DTF_Nepal_2017",8.21120366664408,8.21120366664408,2.46783841349602e-12,2.46783841349602e-12,6.14888447135124e-09,6.14888447135124e-09
"Lcu.1GRN.Chr2p48982831",2,48982831,1,0.256172839506173,11.5223419883058,11.5223419883058,"GLM","DTF_Sask_2017",6.84062664648816,6.84062664648816,3.00371007804805e-12,3.00371007804805e-12,1.44335563974684e-07,1.44335563974684e-07
"Lcu.1GRN.Chr2p42999349",2,42999349,1,0.137345679012346,11.513266106968,11.513266106968,"GLM","DTF_Nepal_2017",8.11999163350637,8.11999163350637,3.06714207046686e-12,3.06714207046686e-12,7.58592188835827e-09,7.58592188835827e-09
"Lcu.1GRN.Chr5p1682459",5,1682459,2,0.16820987654321,11.4876887356803,6.55579508007277,"GLM;MLM","DTF_Nepal_2017",8.09759592100485,2.2842542033442,3.25320375056746e-12,2.78102517263365e-07,7.987375080052e-09,0.00519691719024036
"Lcu.1GRN.Chr3p38514786",3,38514786,2,0.101851851851852,11.4130979333053,6.21680577525705,"GLM","DTF_Nepal_2017;DTF_Sask_2017",8.02616363787465,3.6800786015866,3.86279861212713e-12,6.07007734285902e-07,9.41534768670554e-09,0.000208891802996282
"Lcu.1GRN.Chr7p52436067",7,52436067,1,0.0895061728395061,11.3963867759333,11.3963867759333,"GLM","DTF_Nepal_2017",8.01258819435549,8.01258819435549,4.01433141472288e-12,4.01433141472288e-12,9.7143065825618e-09,9.7143065825618e-09
"Lcu.1GRN.Chr2p45095167",2,45095167,2,0.256172839506173,11.3846730117683,7.59546177048692,"GLM","DTF_Sask_2017;DTF_Nepal_2017",6.76094961692842,5.03229578531427,4.12407911666534e-12,2.53827241189161e-08,1.73400515029421e-07,9.283339102534e-06
"Lcu.1GRN.Chr3p387945140",3,387945140,1,0.0632716049382716,11.3809788985859,11.3809788985859,"GLM","DTF_Nepal_2017",8.00645386113707,8.00645386113707,4.15930819167179e-12,4.15930819167179e-12,9.85249308808496e-09,9.85249308808496e-09
"Lcu.1GRN.Chr3p387947853",3,387947853,1,0.0632716049382716,11.3809788985859,11.3809788985859,"GLM","DTF_Nepal_2017",8.00645386113707,8.00645386113707,4.15930819167179e-12,4.15930819167179e-12,9.85249308808496e-09,9.85249308808496e-09
"Lcu.1GRN.Chr3p387949304",3,387949304,1,0.0632716049382716,11.3809788985859,11.3809788985859,"GLM","DTF_Nepal_2017",8.00645386113707,8.00645386113707,4.15930819167179e-12,4.15930819167179e-12,9.85249308808496e-09,9.85249308808496e-09
"Lcu.1GRN.Chr3p344531407",3,344531407,2,0.188271604938272,11.3146761723413,6.24303538344769,"GLM","DTF_Nepal_2017;DTF_Sask_2017",7.94319882797446,3.69394560690467,4.84533520854957e-12,5.71432078261429e-07,1.13972787978615e-08,0.00020232725670375
"Lcu.1GRN.Chr3p387944715",3,387944715,1,0.0648148148148148,11.3006994425177,11.3006994425177,"GLM","DTF_Nepal_2017",7.9322485527811,7.9322485527811,5.00380708238737e-12,5.00380708238737e-12,1.16883026172319e-08,1.16883026172319e-08
"Lcu.1GRN.Chr3p388025973",3,388025973,2,0.0848765432098766,11.2529994260856,6.19724875950579,"GLM","DTF_Nepal_2017;DTF_Sask_2017",7.88755404648867,3.67043288269989,5.58470932748317e-12,6.34967124894339e-07,1.29552546369485e-08,0.000213583213907879
"Lcu.1GRN.Chr4p460178840",4,460178840,1,0.474193548387097,11.2520331748608,11.2520331748608,"BLINK","Cotyledon_Color_RvsY",6.5703178330432,6.5703178330432,5.59714844398124e-12,5.59714844398124e-12,2.68956575808091e-07,2.68956575808091e-07
"Lcu.1GRN.Chr2p44150713",2,44150713,1,0.117283950617284,11.1979176640698,11.1979176640698,"GLM","DTF_Nepal_2017",7.83545713802234,7.83545713802234,6.33989895146115e-12,6.33989895146115e-12,1.46063889767543e-08,1.46063889767543e-08
"Lcu.1GRN.Chr3p347835287",3,347835287,1,0.384259259259259,11.1776218006015,11.1776218006015,"GLM","DTF_Nepal_2017",7.81812575351782,7.81812575351782,6.64321333709369e-12,6.64321333709369e-12,1.52010730650217e-08,1.52010730650217e-08
"Lcu.1GRN.Chr1p42251827",1,42251827,1,0.320987654320988,11.1737654668218,11.1737654668218,"GLM","DTF_Nepal_2017",7.81786916750982,7.81786916750982,6.70246466642421e-12,6.70246466642421e-12,1.52100566815293e-08,1.52100566815293e-08
"Lcu.1GRN.Chr5p28018749",5,28018749,1,0.0617283950617284,11.1714962809294,11.1714962809294,"GLM","DTF_Nepal_2017",7.81786916750982,7.81786916750982,6.73757665153797e-12,6.73757665153797e-12,1.52100566815293e-08,1.52100566815293e-08
"Lcu.1GRN.Chr2p43311619",2,43311619,2,0.162037037037037,11.0554434522529,6.63408578233685,"GLM","DTF_Nepal_2017;DTF_Sask_2017",7.70472132947671,3.94669058505727,8.8014970499885e-12,2.32227805206756e-07,1.97368877214232e-08,0.000113060112936177
"Lcu.1GRN.Chr2p49582067",2,49582067,1,0.259259259259259,11.0447598387374,11.0447598387374,"GLM","DTF_Sask_2017",6.55933914206374,6.55933914206374,9.02069836876548e-12,9.02069836876548e-12,2.75842295291504e-07,2.75842295291504e-07
"Lcu.1GRN.Chr2p43484982",2,43484982,1,0.109567901234568,11.0409971128656,11.0409971128656,"GLM","DTF_Nepal_2017",7.69316067832692,7.69316067832692,9.09919321639849e-12,9.09919321639849e-12,2.02693266531146e-08,2.02693266531146e-08
"Lcu.1GRN.Chr1p360269046",1,360269046,1,0.119354838709677,11.022538510755,11.022538510755,"BLINK","Cotyledon_Color_RvsY",6.39881511591507,6.39881511591507,9.49426805721098e-12,9.49426805721098e-12,3.99194807949985e-07,3.99194807949985e-07
"Lcu.1GRN.Chr2p10401713",2,10401713,2,0.0679012345679012,11.0201209465516,6.66016556657638,"GLM","DTF_Nepal_2017;DTF_Sask_2017",7.67579795480218,3.96347829569723,9.54726667426581e-12,2.18692774007337e-07,2.10960936734885e-08,0.000108773149674632
"Lcu.1GRN.Chr4p426017843",4,426017843,1,0.132716049382716,11.0179199058165,11.0179199058165,"GLM","DTF_Nepal_2017",7.67579795480218,7.67579795480218,9.59577584020947e-12,9.59577584020947e-12,2.10960936734885e-08,2.10960936734885e-08
"Lcu.1GRN.Chr3p422983248",3,422983248,1,0.128086419753086,11.0122842449118,11.0122842449118,"GLM","DTF_Nepal_2017",7.67299158391639,7.67299158391639,9.721107708718e-12,9.721107708718e-12,2.1232856082197e-08,2.1232856082197e-08
"Lcu.1GRN.Chr7p643745163",7,643745163,1,0.138888888888889,11.0030372354163,11.0030372354163,"GLM","DTF_Nepal_2017",7.66755921331672,7.66755921331672,9.93030904570843e-12,9.93030904570843e-12,2.15001151882905e-08,2.15001151882905e-08
"Lcu.1GRN.Chr2p610339065",2,610339065,2,0.226851851851852,11.0012479967941,6.64706966529218,"GLM","DTF_Nepal_2017;DTF_Sask_2017",7.66755921331672,3.95721302051985,9.97130506076196e-12,2.25387763804781e-07,2.15001151882905e-08,0.000110353720447923
"Lcu.1GRN.Chr6p396777163",6,396777163,1,0.0879629629629629,10.9794572350953,10.9794572350953,"GLM","DTF_Nepal_2017",7.64854350567263,7.64854350567263,1.04843802801481e-11,1.04843802801481e-11,2.246241746301e-08,2.246241746301e-08
"Lcu.1GRN.Chr7p52453597",7,52453597,1,0.0725308641975309,10.9762610813773,10.9762610813773,"GLM","DTF_Nepal_2017",7.64810478649987,7.64810478649987,1.05618238152021e-11,1.05618238152021e-11,2.24851201977727e-08,2.24851201977727e-08
"Lcu.1GRN.Chr5p2415356",5,2415356,2,0.208333333333333,10.940209060069,6.10142912139918,"GLM;MLM","DTF_Nepal_2017",7.61479280255754,1.91703842038951,1.14760105792271e-11,7.91718655740049e-07,2.42776808207728e-08,0.0121049104125142
"Lcu.1GRN.Chr5p2538180",5,2538180,1,0.229938271604938,10.9206278979225,10.9206278979225,"GLM","DTF_Nepal_2017",7.59793449874658,7.59793449874658,1.20052747059229e-11,1.20052747059229e-11,2.52386139812947e-08,2.52386139812947e-08
"Lcu.1GRN.Chr7p52451827",7,52451827,1,0.0771604938271605,10.8643057809619,10.8643057809619,"GLM","DTF_Nepal_2017",7.54431827516191,7.54431827516191,1.36676616487958e-11,1.36676616487958e-11,2.85549710920528e-08,2.85549710920528e-08
"Lcu.1GRN.Chr2p186058693",2,186058693,1,0.222222222222222,10.8316525436249,10.8316525436249,"GLM","DTF_Nepal_2017",7.51435417633568,7.51435417633568,1.47349089423591e-11,1.47349089423591e-11,3.05946735568796e-08,3.05946735568796e-08
"Lcu.1GRN.Chr1p508807256",1,508807256,2,0.0509259259259259,10.7934105578185,6.24344419606051,"GLM","DTF_Nepal_2017;DTF_Sask_2017",7.49704609736494,3.69394560690467,1.60912373995798e-11,5.70894427579098e-07,3.18385955904969e-08,0.00020232725670375
"Lcu.1GRN.Chr1p508807318",1,508807318,2,0.0509259259259259,10.7934105578185,6.24344419606051,"GLM","DTF_Nepal_2017;DTF_Sask_2017",7.49704609736494,3.69394560690467,1.60912373995798e-11,5.70894427579098e-07,3.18385955904969e-08,0.00020232725670375
"Lcu.1GRN.Chr1p508807331",1,508807331,2,0.0509259259259259,10.7934105578185,6.24344419606051,"GLM","DTF_Nepal_2017;DTF_Sask_2017",7.49704609736494,3.69394560690467,1.60912373995798e-11,5.70894427579098e-07,3.18385955904969e-08,0.00020232725670375
"Lcu.1GRN.Chr1p508839588",1,508839588,2,0.0509259259259259,10.7934105578185,6.24344419606051,"GLM","DTF_Nepal_2017;DTF_Sask_2017",7.49704609736494,3.69394560690467,1.60912373995798e-11,5.70894427579098e-07,3.18385955904969e-08,0.00020232725670375
"Lcu.1GRN.Chr1p509513497",1,509513497,2,0.0509259259259259,10.7934105578185,6.24344419606051,"GLM","DTF_Nepal_2017;DTF_Sask_2017",7.49704609736494,3.69394560690467,1.60912373995798e-11,5.70894427579098e-07,3.18385955904969e-08,0.00020232725670375
"Lcu.1GRN.Chr1p509513522",1,509513522,2,0.0509259259259259,10.7934105578185,6.24344419606051,"GLM","DTF_Nepal_2017;DTF_Sask_2017",7.49704609736494,3.69394560690467,1.60912373995798e-11,5.70894427579098e-07,3.18385955904969e-08,0.00020232725670375
"Lcu.1GRN.Chr1p509513568",1,509513568,2,0.0509259259259259,10.7934105578185,6.24344419606051,"GLM","DTF_Nepal_2017;DTF_Sask_2017",7.49704609736494,3.69394560690467,1.60912373995798e-11,5.70894427579098e-07,3.18385955904969e-08,0.00020232725670375
"Lcu.1GRN.Chr1p509824560",1,509824560,2,0.0509259259259259,10.7934105578185,6.24344419606051,"GLM","DTF_Nepal_2017;DTF_Sask_2017",7.49704609736494,3.69394560690467,1.60912373995798e-11,5.70894427579098e-07,3.18385955904969e-08,0.00020232725670375
"Lcu.1GRN.Chr7p643450163",7,643450163,1,0.203703703703704,10.71914132656,10.71914132656,"GLM","DTF_Nepal_2017",7.42532405512029,7.42532405512029,1.90923186204818e-11,1.90923186204818e-11,3.75557072363486e-08,3.75557072363486e-08
"Lcu.1GRN.Chr4p501033252",4,501033252,1,0.171296296296296,10.7125639853365,10.7125639853365,"GLM","DTF_Nepal_2017",7.42127905041221,7.42127905041221,1.93836703203814e-11,1.93836703203814e-11,3.79071339224171e-08,3.79071339224171e-08
"Lcu.1GRN.Chr2p564729500",2,564729500,1,0.242283950617284,10.6702597819859,10.6702597819859,"GLM","DTF_Nepal_2017",7.38149250328283,7.38149250328283,2.13668360685827e-11,2.13668360685827e-11,4.15439222420864e-08,4.15439222420864e-08
"Lcu.1GRN.Chr3p328593833",3,328593833,1,0.0524691358024691,10.6520812972165,10.6520812972165,"GLM","DTF_Nepal_2017",7.36581716366724,7.36581716366724,2.22801803915978e-11,2.22801803915978e-11,4.30707898723022e-08,4.30707898723022e-08
"Lcu.1GRN.Chr3p23170501",3,23170501,1,0.111111111111111,10.646075336749,10.646075336749,"GLM","DTF_Nepal_2017",7.36230000360342,7.36230000360342,2.25904386152861e-11,2.25904386152861e-11,4.34210175183311e-08,4.34210175183311e-08
"Lcu.1GRN.Chr5p2202514",5,2202514,1,0.138888888888889,10.6331920805528,10.6331920805528,"GLM","DTF_Nepal_2017",7.35189136653505,7.35189136653505,2.32706181290147e-11,2.32706181290147e-11,4.4474250046604e-08,4.4474250046604e-08
"Lcu.1GRN.Chr3p347835111",3,347835111,1,0.427469135802469,10.6259807710623,10.6259807710623,"GLM","DTF_Nepal_2017",7.34714065559221,7.34714065559221,2.36602445389316e-11,2.36602445389316e-11,4.49634207617333e-08,4.49634207617333e-08
"Lcu.1GRN.Chr1p493147992",1,493147992,1,0.0540123456790124,10.6166131624302,10.6166131624302,"GLM","DTF_Nepal_2017",7.3426528115782,7.3426528115782,2.41761330772077e-11,2.41761330772077e-11,4.54304656691683e-08,4.54304656691683e-08
"Lcu.1GRN.Chr1p493148203",1,493148203,1,0.0540123456790124,10.6166131624302,10.6166131624302,"GLM","DTF_Nepal_2017",7.3426528115782,7.3426528115782,2.41761330772077e-11,2.41761330772077e-11,4.54304656691683e-08,4.54304656691683e-08
"Lcu.1GRN.Chr1p508843061",1,508843061,1,0.0524691358024691,10.6060197440225,10.6060197440225,"GLM","DTF_Nepal_2017",7.3344788672939,7.3344788672939,2.47730943090892e-11,2.47730943090892e-11,4.62936189636966e-08,4.62936189636966e-08
"Lcu.1GRN.Chr2p49581731",2,49581731,1,0.287037037037037,10.5528280481338,10.5528280481338,"GLM","DTF_Sask_2017",6.13789964282447,6.13789964282447,2.80008975037328e-11,2.80008975037328e-11,7.27948000008151e-07,7.27948000008151e-07
"Lcu.1GRN.Chr2p48482862",2,48482862,2,0.21141975308642,10.5507696723495,7.60995878334727,"GLM","DTF_Sask_2017;DTF_Nepal_2017",6.13789964282447,5.04205354838258,2.813392514755e-11,2.45494189052193e-08,7.27948000008151e-07,9.07708603072796e-06
"Lcu.1GRN.Chr7p134640865",7,134640865,1,0.0787037037037037,10.5316838888689,10.5316838888689,"GLM","DTF_Nepal_2017",7.26254908190624,7.26254908190624,2.9397886655453e-11,2.9397886655453e-11,5.46324803349986e-08,5.46324803349986e-08
"Lcu.1GRN.Chr2p610338751",2,610338751,2,0.246913580246914,10.5079466464885,7.08178356615548,"GLM","DTF_Nepal_2017;DTF_Sask_2017",7.24120465264171,4.24071192292587,3.10494100980753e-11,8.28354877601e-08,5.73845984970291e-08,5.74497412606218e-05
"Lcu.1GRN.Chr7p52450358",7,52450358,1,0.0771604938271605,10.5021118518348,10.5021118518348,"GLM","DTF_Nepal_2017",7.23774955973333,7.23774955973333,3.14693772105005e-11,3.14693772105005e-11,5.78429508424286e-08,5.78429508424286e-08
"Lcu.1GRN.Chr6p396744138",6,396744138,2,0.0895061728395061,10.4959248552396,6.51114771018995,"GLM;MLM","DTF_Nepal_2017",7.2339292964173,2.2630879293109,3.19209012575307e-11,3.08213948922078e-07,5.83540097461513e-08,0.0054564737556354
"Lcu.1GRN.Chr2p44148578",2,44148578,1,0.149691358024691,10.4810243200815,10.4810243200815,"GLM","DTF_Nepal_2017",7.22138266665268,7.22138266665268,3.30351041171979e-11,3.30351041171979e-11,6.00644263058892e-08,6.00644263058892e-08
"Lcu.1GRN.Chr3p422982654",3,422982654,1,0.134259259259259,10.4754956475911,10.4754956475911,"GLM","DTF_Nepal_2017",7.21819520997716,7.21819520997716,3.34583370961387e-11,3.34583370961387e-11,6.05068842689079e-08,6.05068842689079e-08
"Lcu.1GRN.Chr2p43391650",2,43391650,1,0.175925925925926,10.470912272152,10.470912272152,"GLM","DTF_Nepal_2017",7.21594049685661,7.21594049685661,3.38133132482929e-11,3.38133132482929e-11,6.08218328202596e-08,6.08218328202596e-08
"Lcu.1GRN.Chr3p389172472",3,389172472,1,0.174382716049383,10.4601806542578,10.4601806542578,"GLM","DTF_Nepal_2017",7.20752512168959,7.20752512168959,3.46592647694612e-11,3.46592647694612e-11,6.20118771952625e-08,6.20118771952625e-08
"Lcu.1GRN.Chr2p44997888",2,44997888,1,0.314814814814815,10.4487486177321,10.4487486177321,"GLM","DTF_Sask_2017",6.06806327157844,6.06806327157844,3.55837227899209e-11,3.55837227899209e-11,8.54942148834094e-07,8.54942148834094e-07
"Lcu.1GRN.Chr4p500594902",4,500594902,1,0.455246913580247,10.4407725333502,10.4407725333502,"GLM","DTF_Nepal_2017",7.19042095569155,7.19042095569155,3.62432776981634e-11,3.62432776981634e-11,6.45028708439054e-08,6.45028708439054e-08
"Lcu.1GRN.Chr1p509094154",1,509094154,2,0.0540123456790124,10.4333247534113,6.28503795765398,"GLM","DTF_Nepal_2017;DTF_Sask_2017",7.18526497253228,3.71631042434319,3.68701790452764e-11,5.18754697409229e-07,6.52732184995921e-08,0.000192171763550055
"Lcu.1GRN.Chr3p344773227",3,344773227,1,0.182098765432099,10.4208264231416,10.4208264231416,"GLM","DTF_Nepal_2017",7.17504640855744,7.17504640855744,3.79466618174925e-11,3.79466618174925e-11,6.68272502385576e-08,6.68272502385576e-08
"Lcu.1GRN.Chr3p273421379",3,273421379,1,0.0564516129032258,10.4163158803918,10.4163158803918,"FarmCPU","Cotyledon_Color_RvsY",5.49156248988784,5.49156248988784,3.8342826076687e-11,3.8342826076687e-11,3.22431534473425e-06,3.22431534473425e-06
"Lcu.1GRN.Chr2p47411964",2,47411964,1,0.25462962962963,10.3897516984819,10.3897516984819,"GLM","DTF_Sask_2017",6.06485094579851,6.06485094579851,4.07613258114857e-11,4.07613258114857e-11,8.61289304550498e-07,8.61289304550498e-07
"Lcu.1GRN.Chr4p426087127",4,426087127,1,0.140432098765432,10.3889799736894,10.3889799736894,"GLM","DTF_Nepal_2017",7.14546782056109,7.14546782056109,4.08338215306404e-11,4.08338215306404e-11,7.15372398270673e-08,7.15372398270673e-08
"Lcu.1GRN.Chr6p417801481",6,417801481,1,0.174382716049383,10.3592423694153,10.3592423694153,"GLM","DTF_Sask_2017",6.06485094579851,6.06485094579851,4.37278002603516e-11,4.37278002603516e-11,8.61289304550498e-07,8.61289304550498e-07
"Lcu.1GRN.Chr6p396678138",6,396678138,1,0.192901234567901,10.350556170432,10.350556170432,"GLM","DTF_Nepal_2017",7.10930009760794,7.10930009760794,4.46111921982854e-11,4.46111921982854e-11,7.77499113272573e-08,7.77499113272573e-08
"Lcu.1GRN.Chr1p527016266",1,527016266,1,0.453703703703704,10.3405087881868,10.3405087881868,"GLM","DTF_Sask_2017",6.06485094579851,6.06485094579851,4.56553011508462e-11,4.56553011508462e-11,8.61289304550498e-07,8.61289304550498e-07
"Lcu.1GRN.Chr5p1561816",5,1561816,1,0.134259259259259,10.3393851587922,10.3393851587922,"GLM","DTF_Nepal_2017",7.10037350689052,7.10037350689052,4.57735758707777e-11,4.57735758707777e-11,7.93645381181747e-08,7.93645381181747e-08
"Lcu.1GRN.Chr2p49581730",2,49581730,1,0.285493827160494,10.3363918225271,10.3363918225271,"GLM","DTF_Sask_2017",6.06485094579851,6.06485094579851,4.60901559365484e-11,4.60901559365484e-11,8.61289304550498e-07,8.61289304550498e-07
"Lcu.1GRN.Chr2p16758399",2,16758399,1,0.0540123456790124,10.3173239025461,10.3173239025461,"GLM","DTF_Nepal_2017",7.09789302790493,7.09789302790493,4.81588488613744e-11,4.81588488613744e-11,7.98191267424925e-08,7.98191267424925e-08
"Lcu.1GRN.Chr2p16848476",2,16848476,1,0.0540123456790124,10.3173239025461,10.3173239025461,"GLM","DTF_Nepal_2017",7.09789302790493,7.09789302790493,4.81588488613744e-11,4.81588488613744e-11,7.98191267424925e-08,7.98191267424925e-08
"Lcu.1GRN.Chr2p16941992",2,16941992,1,0.0540123456790124,10.3173239025461,10.3173239025461,"GLM","DTF_Nepal_2017",7.09789302790493,7.09789302790493,4.81588488613744e-11,4.81588488613744e-11,7.98191267424925e-08,7.98191267424925e-08
"Lcu.1GRN.Chr2p16944888",2,16944888,1,0.0540123456790124,10.3173239025461,10.3173239025461,"GLM","DTF_Nepal_2017",7.09789302790493,7.09789302790493,4.81588488613744e-11,4.81588488613744e-11,7.98191267424925e-08,7.98191267424925e-08
"Lcu.1GRN.Chr2p16945069",2,16945069,1,0.0540123456790124,10.3173239025461,10.3173239025461,"GLM","DTF_Nepal_2017",7.09789302790493,7.09789302790493,4.81588488613744e-11,4.81588488613744e-11,7.98191267424925e-08,7.98191267424925e-08
"Lcu.1GRN.Chr2p16978564",2,16978564,1,0.0540123456790124,10.3173239025461,10.3173239025461,"GLM","DTF_Nepal_2017",7.09789302790493,7.09789302790493,4.81588488613744e-11,4.81588488613744e-11,7.98191267424925e-08,7.98191267424925e-08
"Lcu.1GRN.Chr2p16980885",2,16980885,1,0.0540123456790124,10.3173239025461,10.3173239025461,"GLM","DTF_Nepal_2017",7.09789302790493,7.09789302790493,4.81588488613744e-11,4.81588488613744e-11,7.98191267424925e-08,7.98191267424925e-08
"Lcu.1GRN.Chr2p17097986",2,17097986,1,0.0540123456790124,10.3173239025461,10.3173239025461,"GLM","DTF_Nepal_2017",7.09789302790493,7.09789302790493,4.81588488613744e-11,4.81588488613744e-11,7.98191267424925e-08,7.98191267424925e-08
"Lcu.1GRN.Chr1p447312201",1,447312201,1,0.341049382716049,10.3172103718236,10.3172103718236,"GLM","DTF_Nepal_2017",7.09789302790493,7.09789302790493,4.8171439911543e-11,4.8171439911543e-11,7.98191267424925e-08,7.98191267424925e-08
"Lcu.1GRN.Chr4p426391993",4,426391993,1,0.138888888888889,10.3087526891771,10.3087526891771,"GLM","DTF_Nepal_2017",7.09580652771439,7.09580652771439,4.91187505321868e-11,4.91187505321868e-11,8.02035279624275e-08,8.02035279624275e-08
"Lcu.1GRN.Chr4p426395888",4,426395888,1,0.138888888888889,10.3087526891771,10.3087526891771,"GLM","DTF_Nepal_2017",7.09580652771439,7.09580652771439,4.91187505321868e-11,4.91187505321868e-11,8.02035279624275e-08,8.02035279624275e-08
"Lcu.1GRN.Chr4p426406494",4,426406494,1,0.138888888888889,10.3087526891771,10.3087526891771,"GLM","DTF_Nepal_2017",7.09580652771439,7.09580652771439,4.91187505321868e-11,4.91187505321868e-11,8.02035279624275e-08,8.02035279624275e-08
"Lcu.1GRN.Chr6p439877755",6,439877755,1,0.12962962962963,10.2934661344046,10.2934661344046,"GLM","DTF_Nepal_2017",7.08471608753545,7.08471608753545,5.08784492306266e-11,5.08784492306266e-11,8.22780352517221e-08,8.22780352517221e-08
"Lcu.1GRN.Chr6p439877836",6,439877836,1,0.12962962962963,10.2934661344046,10.2934661344046,"GLM","DTF_Nepal_2017",7.08471608753545,7.08471608753545,5.08784492306266e-11,5.08784492306266e-11,8.22780352517221e-08,8.22780352517221e-08
"Lcu.1GRN.Chr5p2597584",5,2597584,1,0.151234567901235,10.2713830245355,10.2713830245355,"GLM","DTF_Nepal_2017",7.06678893743753,7.06678893743753,5.35324321798695e-11,5.35324321798695e-11,8.57454457859342e-08,8.57454457859342e-08
"Lcu.1GRN.Chr5p2597585",5,2597585,1,0.151234567901235,10.2713830245355,10.2713830245355,"GLM","DTF_Nepal_2017",7.06678893743753,7.06678893743753,5.35324321798695e-11,5.35324321798695e-11,8.57454457859342e-08,8.57454457859342e-08
"Lcu.1GRN.Chr6p436912932",6,436912932,1,0.137345679012346,10.2571849048296,10.2571849048296,"GLM","DTF_Nepal_2017",7.05465397829539,7.05465397829539,5.53114565514933e-11,5.53114565514933e-11,8.81751123500291e-08,8.81751123500291e-08
"Lcu.1GRN.Chr3p180199297",3,180199297,1,0.175925925925926,10.2512631645382,10.2512631645382,"GLM","DTF_Nepal_2017",7.05078564363505,7.05078564363505,5.60708107090048e-11,5.60708107090048e-11,8.89640112535651e-08,8.89640112535651e-08
"Lcu.1GRN.Chr2p49087918",2,49087918,1,0.21141975308642,10.2389144931463,10.2389144931463,"GLM","DTF_Sask_2017",5.99085471226725,5.99085471226725,5.76880032279173e-11,5.76880032279173e-11,1.02128108325078e-06,1.02128108325078e-06
"Lcu.1GRN.Chr1p559749511",1,559749511,2,0.182098765432099,10.228036220131,7.54217839990955,"GLM","DTF_Nepal_2017;DTF_Sask_2017",7.02991495725823,4.4910362064021,5.91512300031638e-11,2.86960156216196e-08,9.33437066821017e-08,3.22822497879509e-05
"Lcu.1GRN.Chr3p25230676",3,25230676,1,0.0879629629629629,10.2263145657409,10.2263145657409,"GLM","DTF_Nepal_2017",7.02991495725823,7.02991495725823,5.9386186011023e-11,5.9386186011023e-11,9.33437066821017e-08,9.33437066821017e-08
"Lcu.1GRN.Chr3p345919091",3,345919091,2,0.398148148148148,10.2176806289341,7.23384067990979,"GLM","DTF_Nepal_2017;DTF_Sask_2017",7.02330570701781,4.34150456823865,6.05786193473624e-11,5.83659179245217e-08,9.47751090884384e-08,4.5550739476839e-05
"Lcu.1GRN.Chr7p52436002",7,52436002,1,0.0833333333333334,10.2108791549588,10.2108791549588,"GLM","DTF_Nepal_2017",7.01851952427789,7.01851952427789,6.15348073177504e-11,6.15348073177504e-11,9.5825363578934e-08,9.5825363578934e-08
"Lcu.1GRN.Chr4p426002376",4,426002376,1,0.140432098765432,10.1991097842326,10.1991097842326,"GLM","DTF_Nepal_2017",7.01075289600531,7.01075289600531,6.32252005746038e-11,6.32252005746038e-11,9.75544543196228e-08,9.75544543196228e-08
"Lcu.1GRN.Chr4p426086916",4,426086916,1,0.140432098765432,10.1991097842326,10.1991097842326,"GLM","DTF_Nepal_2017",7.01075289600531,7.01075289600531,6.32252005746038e-11,6.32252005746038e-11,9.75544543196228e-08,9.75544543196228e-08
"Lcu.1GRN.Chr2p50175386",2,50175386,1,0.282407407407407,10.1565131000336,10.1565131000336,"GLM","DTF_Sask_2017",5.94826013078725,5.94826013078725,6.9740795999114e-11,6.9740795999114e-11,1.12652249718731e-06,1.12652249718731e-06
"Lcu.1GRN.Chr2p45386213",2,45386213,2,0.209876543209877,10.1416111520601,7.57685698232588,"GLM","DTF_Sask_2017;DTF_Nepal_2017",5.94826013078725,5.02238519850654,7.21753415837053e-11,2.64937246077713e-08,1.12652249718731e-06,9.49762026313573e-06
"Lcu.1GRN.Chr2p49582172",2,49582172,1,0.283950617283951,10.1326508317969,10.1326508317969,"GLM","DTF_Sask_2017",5.94826013078725,5.94826013078725,7.36799238276072e-11,7.36799238276072e-11,1.12652249718731e-06,1.12652249718731e-06
"Lcu.1GRN.Chr3p387945008",3,387945008,1,0.0694444444444444,10.1272141755764,10.1272141755764,"GLM","DTF_Nepal_2017",6.94096600730218,6.94096600730218,7.46080732369181e-11,7.46080732369181e-11,1.14560260548878e-07,1.14560260548878e-07
"Lcu.1GRN.Chr5p1816847",5,1816847,1,0.138888888888889,10.1253567083119,10.1253567083119,"GLM","DTF_Nepal_2017",6.94096600730218,6.94096600730218,7.49278535669467e-11,7.49278535669467e-11,1.14560260548878e-07,1.14560260548878e-07
"Lcu.1GRN.Chr2p51265442",2,51265442,1,0.265432098765432,10.1017904933388,10.1017904933388,"GLM","DTF_Sask_2017",5.93670494752449,5.93670494752449,7.91060148854288e-11,7.91060148854288e-11,1.15689795256378e-06,1.15689795256378e-06
"Lcu.1GRN.Chr3p343653359",3,343653359,1,0.179012345679012,10.0888551888524,10.0888551888524,"GLM","DTF_Nepal_2017",6.90643408070561,6.90643408070561,8.14975984304364e-11,8.14975984304364e-11,1.24041188648193e-07,1.24041188648193e-07
"Lcu.1GRN.Chr4p501052678",4,501052678,1,0.262345679012346,10.0775873921752,10.0775873921752,"GLM","DTF_Nepal_2017",6.89712698479395,6.89712698479395,8.36397272337435e-11,8.36397272337435e-11,1.2672812671366e-07,1.2672812671366e-07
"Lcu.1GRN.Chr2p521819856",2,521819856,1,0.0509259259259259,10.0711231445883,10.0711231445883,"GLM","DTF_Nepal_2017",6.89455778109063,6.89455778109063,8.48939723288262e-11,8.48939723288262e-11,1.27480048171117e-07,1.27480048171117e-07
"Lcu.1GRN.Chr2p522373325",2,522373325,1,0.0509259259259259,10.0711231445883,10.0711231445883,"GLM","DTF_Nepal_2017",6.89455778109063,6.89455778109063,8.48939723288262e-11,8.48939723288262e-11,1.27480048171117e-07,1.27480048171117e-07
"Lcu.1GRN.Chr4p497141127",4,497141127,1,0.0817901234567902,10.0681648095735,10.0681648095735,"GLM","DTF_Nepal_2017",6.89353394585302,6.89353394585302,8.54742286832284e-11,8.54742286832284e-11,1.2778093279774e-07,1.2778093279774e-07
"Lcu.1GRN.Chr4p501053006",4,501053006,1,0.260802469135803,10.0612928514006,10.0612928514006,"GLM","DTF_Nepal_2017",6.88858790871609,6.88858790871609,8.6837467351455e-11,8.6837467351455e-11,1.2924450610888e-07,1.2924450610888e-07
"Lcu.1GRN.Chr2p48822438",2,48822438,1,0.305555555555556,10.0402544410905,10.0402544410905,"GLM","DTF_Sask_2017",5.89365230097021,5.89365230097021,9.11476673994118e-11,9.11476673994118e-11,1.27746114333908e-06,1.27746114333908e-06
"Lcu.1GRN.Chr7p52436405",7,52436405,1,0.111111111111111,10.0359624815569,10.0359624815569,"GLM","DTF_Nepal_2017",6.86517495691818,6.86517495691818,9.20529092281325e-11,9.20529092281325e-11,1.36403352063169e-07,1.36403352063169e-07
"Lcu.1GRN.Chr2p33687376",2,33687376,1,0.0524691358024691,10.0293938972204,10.0293938972204,"GLM","DTF_Nepal_2017",6.8643083514061,6.8643083514061,9.34557662785631e-11,9.34557662785631e-11,1.3667580754705e-07,1.3667580754705e-07
"Lcu.1GRN.Chr2p33687503",2,33687503,1,0.0524691358024691,10.0293938972204,10.0293938972204,"GLM","DTF_Nepal_2017",6.8643083514061,6.8643083514061,9.34557662785631e-11,9.34557662785631e-11,1.3667580754705e-07,1.3667580754705e-07
"Lcu.1GRN.Chr2p33917286",2,33917286,1,0.0524691358024691,10.0293938972204,10.0293938972204,"GLM","DTF_Nepal_2017",6.8643083514061,6.8643083514061,9.34557662785631e-11,9.34557662785631e-11,1.3667580754705e-07,1.3667580754705e-07
"Lcu.1GRN.Chr1p509484731",1,509484731,1,0.145061728395062,10.0114621783196,10.0114621783196,"GLM","DTF_Nepal_2017",6.84826077637991,6.84826077637991,9.73952600866325e-11,9.73952600866325e-11,1.41820569045716e-07,1.41820569045716e-07
"Lcu.1GRN.Chr4p501049966",4,501049966,1,0.263888888888889,10.0068619945009,10.0068619945009,"GLM","DTF_Nepal_2017",6.84691549990866,6.84691549990866,9.84323844071379e-11,9.84323844071379e-11,1.42260555464003e-07,1.42260555464003e-07
"Lcu.1GRN.Chr4p501051555",4,501051555,1,0.265432098765432,10.0063729607145,10.0063729607145,"GLM","DTF_Nepal_2017",6.84691549990866,6.84691549990866,9.85432858250445e-11,9.85432858250445e-11,1.42260555464003e-07,1.42260555464003e-07
"Lcu.1GRN.Chr2p50175516",2,50175516,1,0.296296296296296,10.0023238808199,10.0023238808199,"GLM","DTF_Sask_2017",5.88821767885289,5.88821767885289,9.9466335740902e-11,9.9466335740902e-11,1.29354732186818e-06,1.29354732186818e-06
"Lcu.1GRN.Chr2p50068722",2,50068722,1,0.299382716049383,10.0000577127139,10.0000577127139,"GLM","DTF_Sask_2017",5.88821767885289,5.88821767885289,9.99867120394471e-11,9.99867120394471e-11,1.29354732186818e-06,1.29354732186818e-06
"Lcu.1GRN.Chr2p43069702",2,43069702,1,0.162037037037037,9.98533428013685,9.98533428013685,"GLM","DTF_Nepal_2017",6.82773675571512,6.82773675571512,1.03434571555325e-10,1.03434571555325e-10,1.48683660386111e-07,1.48683660386111e-07
"Lcu.1GRN.Chr4p426392054",4,426392054,1,0.143518518518518,9.97146794946745,9.97146794946745,"GLM","DTF_Nepal_2017",6.81572242990731,6.81572242990731,1.06790359993269e-10,1.06790359993269e-10,1.52854268169599e-07,1.52854268169599e-07
"Lcu.1GRN.Chr3p422983431",3,422983431,1,0.12962962962963,9.95704025599493,9.95704025599493,"GLM","DTF_Nepal_2017",6.80313887713316,6.80313887713316,1.1039762844469e-10,1.1039762844469e-10,1.57347962233284e-07,1.57347962233284e-07
"Lcu.1GRN.Chr2p43390910",2,43390910,1,0.132716049382716,9.95418147895649,9.95418147895649,"GLM","DTF_Nepal_2017",6.80211644313472,6.80211644313472,1.11126726417166e-10,1.11126726417166e-10,1.57718833690982e-07,1.57718833690982e-07
"Lcu.1GRN.Chr3p344507672",3,344507672,2,0.182098765432099,9.9277098286426,6.25528137266914,"GLM","DTF_Nepal_2017;DTF_Sask_2017",6.78084644661377,3.69695093939121,1.18110952360424e-10,5.55544212157523e-07,1.65635549712929e-07,0.000200931978506225
"Lcu.1GRN.Chr3p344507676",3,344507676,2,0.182098765432099,9.9277098286426,6.25528137266914,"GLM","DTF_Nepal_2017;DTF_Sask_2017",6.78084644661377,3.69695093939121,1.18110952360424e-10,5.55544212157523e-07,1.65635549712929e-07,0.000200931978506225
"Lcu.1GRN.Chr4p426420270",4,426420270,1,0.12962962962963,9.92432044654355,9.92432044654355,"GLM","DTF_Nepal_2017",6.78084644661377,6.78084644661377,1.19036336783281e-10,1.19036336783281e-10,1.65635549712929e-07,1.65635549712929e-07
"Lcu.1GRN.Chr2p44146225",2,44146225,1,0.104938271604938,9.92429617994323,9.92429617994323,"GLM","DTF_Nepal_2017",6.78084644661377,6.78084644661377,1.19042988233002e-10,1.19042988233002e-10,1.65635549712929e-07,1.65635549712929e-07
"Lcu.1GRN.Chr2p44213516",2,44213516,1,0.12962962962963,9.92384446246521,9.92384446246521,"GLM","DTF_Nepal_2017",6.78084644661377,6.78084644661377,1.19166871395021e-10,1.19166871395021e-10,1.65635549712929e-07,1.65635549712929e-07
"Lcu.1GRN.Chr2p48689718",2,48689718,2,0.12962962962963,9.92248190810588,9.05551279297218,"GLM","DTF_Sask_2017;DTF_Nepal_2017",6.12198547816077,5.87069819891586,1.19541332331496e-10,8.80009188956645e-10,7.55117476688214e-07,1.34679594798165e-06
"Lcu.1GRN.Chr2p85174208",2,85174208,1,0.464506172839506,9.91871231813906,9.91871231813906,"GLM","DTF_Sask_2017",5.87069819891586,5.87069819891586,1.2058344350334e-10,1.2058344350334e-10,1.34679594798165e-06,1.34679594798165e-06
"Lcu.1GRN.Chr2p45379258",2,45379258,1,0.270061728395062,9.91196620252861,9.91196620252861,"GLM","DTF_Sask_2017",5.87069819891586,5.87069819891586,1.22471150450884e-10,1.22471150450884e-10,1.34679594798165e-06,1.34679594798165e-06
"Lcu.1GRN.Chr4p501049648",4,501049648,1,0.263888888888889,9.91181618314595,9.91181618314595,"GLM","DTF_Nepal_2017",6.77060907491239,6.77060907491239,1.22513463261288e-10,1.22513463261288e-10,1.69586362538311e-07,1.69586362538311e-07
"Lcu.1GRN.Chr2p47410520",2,47410520,2,0.219135802469136,9.90994128895678,7.60302186423168,"GLM","DTF_Sask_2017;DTF_Nepal_2017",5.87069819891586,5.03763528115015,1.23043509861188e-10,2.49446914159381e-08,1.34679594798165e-06,9.1699025177207e-06
"Lcu.1GRN.Chr2p50743880",2,50743880,1,0.282407407407407,9.90614988691346,9.90614988691346,"GLM","DTF_Sask_2017",5.87069819891586,5.87069819891586,1.24122385333374e-10,1.24122385333374e-10,1.34679594798165e-06,1.34679594798165e-06
"Lcu.1GRN.Chr2p10278916",2,10278916,2,0.0601851851851852,9.89915848277914,6.89015404346081,"GLM","DTF_Nepal_2017;DTF_Sask_2017",6.76328020805065,4.11921551730143,1.26136715238627e-10,1.28779269295449e-07,1.72472473555575e-07,7.59949060966708e-05
"Lcu.1GRN.Chr2p10408286",2,10408286,2,0.0601851851851852,9.89915848277914,6.89015404346081,"GLM","DTF_Nepal_2017;DTF_Sask_2017",6.76328020805065,4.11921551730143,1.26136715238627e-10,1.28779269295449e-07,1.72472473555575e-07,7.59949060966708e-05
"Lcu.1GRN.Chr2p10422948",2,10422948,2,0.0601851851851852,9.89915848277914,6.89015404346081,"GLM","DTF_Nepal_2017;DTF_Sask_2017",6.76328020805065,4.11921551730143,1.26136715238627e-10,1.28779269295449e-07,1.72472473555575e-07,7.59949060966708e-05
"Lcu.1GRN.Chr3p344508975",3,344508975,1,0.180555555555556,9.89652377586726,9.89652377586726,"GLM","DTF_Nepal_2017",6.76240734729505,6.76240734729505,1.26904266758744e-10,1.26904266758744e-10,1.72819463549954e-07,1.72819463549954e-07
"Lcu.1GRN.Chr5p142915008",5,142915008,1,0.282407407407407,9.89360547157331,9.89360547157331,"GLM","DTF_Nepal_2017",6.76124377056765,6.76124377056765,1.27759889770351e-10,1.27759889770351e-10,1.73283108235417e-07,1.73283108235417e-07
"Lcu.1GRN.Chr6p111399799",6,111399799,1,0.240740740740741,9.89047043873631,9.89047043873631,"BLINK","DTF_Nepal_2017",4.92960027939772,4.92960027939772,1.28685484281558e-10,1.28685484281558e-10,1.1759794175145e-05,1.1759794175145e-05
"Lcu.1GRN.Chr5p10369816",5,10369816,1,0.185185185185185,9.85492797056508,9.85492797056508,"GLM","DTF_Nepal_2017",6.72431393582894,6.72431393582894,1.39659997340516e-10,1.39659997340516e-10,1.88662708134287e-07,1.88662708134287e-07
"Lcu.1GRN.Chr2p49022390",2,49022390,1,0.185185185185185,9.84926575754645,9.84926575754645,"GLM","DTF_Sask_2017",5.82760235403448,5.82760235403448,1.4149276791919e-10,1.4149276791919e-10,1.48729680833357e-06,1.48729680833357e-06
"Lcu.1GRN.Chr4p501032112",4,501032112,1,0.271604938271605,9.83611473420811,9.83611473420811,"GLM","DTF_Nepal_2017",6.70724136104827,6.70724136104827,1.45842891392921e-10,1.45842891392921e-10,1.96226943396651e-07,1.96226943396651e-07
"Lcu.1GRN.Chr3p404682948",3,404682948,1,0.066358024691358,9.82968066934069,9.82968066934069,"GLM","DTF_Nepal_2017",6.70254100898985,6.70254100898985,1.48019635581667e-10,1.48019635581667e-10,1.98362234110352e-07,1.98362234110352e-07
"Lcu.1GRN.Chr1p367807520",1,367807520,1,0.491935483870968,9.81602837178376,9.81602837178376,"MLM","Cotyledon_Color_RvsY",6.79605514760928,6.79605514760928,1.52746626798041e-10,1.52746626798041e-10,1.59935492633168e-07,1.59935492633168e-07
"Lcu.1GRN.Chr1p509485446",1,509485446,2,0.146604938271605,9.80910126303818,6.23555298527664,"GLM","DTF_Nepal_2017;DTF_Sask_2017",6.68368842198785,3.6906481266772,1.55202508710114e-10,5.81362499949604e-07,2.07162707330535e-07,0.000203869319520159
"Lcu.1GRN.Chr2p45678256",2,45678256,2,0.212962962962963,9.80853536183056,7.60550954415209,"GLM","DTF_Sask_2017;DTF_Nepal_2017",5.81240700917227,5.03869100064863,1.55404874933901e-10,2.48022143119646e-08,1.54025628934269e-06,9.14763862003576e-06
"Lcu.1GRN.Chr2p49962732",2,49962732,1,0.296296296296296,9.80048915502547,9.80048915502547,"GLM","DTF_Sask_2017",5.81240700917227,5.81240700917227,1.58310909878481e-10,1.58310909878481e-10,1.54025628934269e-06,1.54025628934269e-06
"Lcu.1GRN.Chr2p49083344",2,49083344,1,0.223765432098765,9.79515234665387,9.79515234665387,"GLM","DTF_Sask_2017",5.81240700917227,5.81240700917227,1.60268308505276e-10,1.60268308505276e-10,1.54025628934269e-06,1.54025628934269e-06
"Lcu.1GRN.Chr1p2944533",1,2944533,1,0.0987654320987654,9.79333167194038,9.79333167194038,"GLM","DTF_Nepal_2017",6.66963881128433,6.66963881128433,1.60941605006968e-10,1.60941605006968e-10,2.13974090321655e-07,2.13974090321655e-07
"Lcu.1GRN.Chr3p437395323",3,437395323,1,0.195652173913043,9.78672470875996,9.78672470875996,"FarmCPU","DTF_Sask_2017_b",4.60591698207815,4.60591698207815,1.63408743747589e-10,1.63408743747589e-10,2.47789567656731e-05,2.47789567656731e-05
"Lcu.1GRN.Chr1p562272939",1,562272939,1,0.214506172839506,9.77715088370997,9.77715088370997,"GLM","DTF_Nepal_2017",6.65527898284027,6.65527898284027,1.6705101405365e-10,1.6705101405365e-10,2.21167351452295e-07,2.21167351452295e-07
"Lcu.1GRN.Chr4p7084038",4,7084038,1,0.101851851851852,9.77463838711924,9.77463838711924,"GLM","DTF_Nepal_2017",6.65527898284027,6.65527898284027,1.68020244705133e-10,1.68020244705133e-10,2.21167351452295e-07,2.21167351452295e-07
"Lcu.1GRN.Chr7p645201242",7,645201242,2,0.100308641975309,9.77385239936029,6.46033589932544,"GLM","DTF_Nepal_2017;DTF_Sask_2017",6.65527898284027,3.83136500757446,1.68324603697115e-10,3.46468775102614e-07,2.21167351452295e-07,0.000147446678054244
"Lcu.1GRN.Chr2p16760296",2,16760296,1,0.058641975308642,9.77179574984939,9.77179574984939,"GLM","DTF_Nepal_2017",6.65491549134881,6.65491549134881,1.69123613865945e-10,1.69123613865945e-10,2.21352539397845e-07,2.21352539397845e-07
"Lcu.1GRN.Chr2p49094345",2,49094345,1,0.304012345679012,9.7688008444409,9.7688008444409,"GLM","DTF_Sask_2017",5.79828996337632,5.79828996337632,1.7029392506843e-10,1.7029392506843e-10,1.59114601926368e-06,1.59114601926368e-06
"Lcu.1GRN.Chr4p496260635",4,496260635,1,0.41820987654321,9.76351925008833,9.76351925008833,"GLM","DTF_Nepal_2017",6.64839500472529,6.64839500472529,1.72377568303432e-10,1.72377568303432e-10,2.24700994870123e-07,2.24700994870123e-07
"Lcu.1GRN.Chr7p52435240",7,52435240,1,0.103395061728395,9.7611384192612,9.7611384192612,"GLM","DTF_Nepal_2017",6.64839500472529,6.64839500472529,1.73325148410926e-10,1.73325148410926e-10,2.24700994870123e-07,2.24700994870123e-07
"Lcu.1GRN.Chr2p248742152",2,248742152,1,0.285493827160494,9.76023503858635,9.76023503858635,"GLM","DTF_Nepal_2017",6.64839500472529,6.64839500472529,1.73686059174152e-10,1.73686059174152e-10,2.24700994870123e-07,2.24700994870123e-07
"Lcu.1GRN.Chr6p439783371",6,439783371,1,0.095679012345679,9.75676092996092,9.75676092996092,"GLM","DTF_Nepal_2017",6.64658805546733,6.64658805546733,1.75081020784349e-10,1.75081020784349e-10,2.25637845663483e-07,2.25637845663483e-07
"Lcu.1GRN.Chr2p49552659",2,49552659,1,0.299382716049383,9.74789421175139,9.74789421175139,"GLM","DTF_Sask_2017",5.78928255398651,5.78928255398651,1.78692279201246e-10,1.78692279201246e-10,1.62449151021853e-06,1.62449151021853e-06
"Lcu.1GRN.Chr6p396743846",6,396743846,1,0.0910493827160493,9.74502377967934,9.74502377967934,"GLM","DTF_Nepal_2017",6.63651168916721,6.63651168916721,1.79877242112477e-10,1.79877242112477e-10,2.30934230143693e-07,2.30934230143693e-07
"Lcu.1GRN.Chr6p396677953",6,396677953,1,0.0895061728395061,9.73288918718776,9.73288918718776,"GLM","DTF_Nepal_2017",6.6293216792927,6.6293216792927,1.84974053103459e-10,1.84974053103459e-10,2.34789310642458e-07,2.34789310642458e-07
"Lcu.1GRN.Chr2p610338867",2,610338867,1,0.243827160493827,9.73057658470228,9.73057658470228,"GLM","DTF_Nepal_2017",6.62864483950148,6.62864483950148,1.85961660431937e-10,1.85961660431937e-10,2.35155510656051e-07,2.35155510656051e-07
"Lcu.1GRN.Chr1p447345807",1,447345807,1,0.330246913580247,9.72755648163269,9.72755648163269,"GLM","DTF_Nepal_2017",6.62725436116539,6.62725436116539,1.87259352934068e-10,1.87259352934068e-10,2.35909613364695e-07,2.35909613364695e-07
"Lcu.1GRN.Chr2p50229472",2,50229472,1,0.287037037037037,9.72199868650508,9.72199868650508,"GLM","DTF_Sask_2017",5.77496890129001,5.77496890129001,1.89671165768136e-10,1.89671165768136e-10,1.67892423726134e-06,1.67892423726134e-06
"Lcu.1GRN.Chr3p344507722",3,344507722,1,0.179012345679012,9.71977558590092,9.71977558590092,"GLM","DTF_Nepal_2017",6.62109699809784,6.62109699809784,1.90644558599126e-10,1.90644558599126e-10,2.39278127769822e-07,2.39278127769822e-07
"Lcu.1GRN.Chr5p1559537",5,1559537,1,0.135802469135803,9.70170021700463,9.70170021700463,"GLM","DTF_Nepal_2017",6.60463911517516,6.60463911517516,1.98746634400399e-10,1.98746634400399e-10,2.48519736703937e-07,2.48519736703937e-07
"Lcu.1GRN.Chr7p52435312",7,52435312,1,0.100308641975309,9.69382627551316,9.69382627551316,"GLM","DTF_Nepal_2017",6.59837665784027,6.59837665784027,2.02382857940752e-10,2.02382857940752e-10,2.5212931398873e-07,2.5212931398873e-07
"Lcu.1GRN.Chr5p46953461",5,46953461,1,0.114197530864197,9.69112906084512,9.69112906084512,"GLM","DTF_Nepal_2017",6.59728496988765,6.59728496988765,2.0364368125617e-10,2.0364368125617e-10,2.52763889790015e-07,2.52763889790015e-07
"Lcu.1GRN.Chr5p145514621",5,145514621,1,0.24537037037037,9.6778287509676,9.6778287509676,"GLM","DTF_Nepal_2017",6.58714573902452,6.58714573902452,2.09976769128649e-10,2.09976769128649e-10,2.58734451742308e-07,2.58734451742308e-07
"Lcu.1GRN.Chr4p501049378",4,501049378,1,0.297839506172839,9.67779647381564,9.67779647381564,"GLM","DTF_Nepal_2017",6.58714573902452,6.58714573902452,2.0999237536872e-10,2.0999237536872e-10,2.58734451742308e-07,2.58734451742308e-07
"Lcu.1GRN.Chr2p50174689",2,50174689,1,0.280864197530864,9.6766370538048,9.6766370538048,"GLM","DTF_Sask_2017",5.74841737996429,5.74841737996429,2.10553733277433e-10,2.10553733277433e-10,1.78477149057216e-06,1.78477149057216e-06
"Lcu.1GRN.Chr2p16848942",2,16848942,1,0.0570987654320988,9.65678232700265,9.65678232700265,"GLM","DTF_Nepal_2017",6.56771950799116,6.56771950799116,2.20403086989233e-10,2.20403086989233e-10,2.70570529785793e-07,2.70570529785793e-07
"Lcu.1GRN.Chr4p322405542",4,322405542,1,0.149068322981366,9.65560910919036,9.65560910919036,"FarmCPU","DTF_Sask_2017_b",4.60591698207815,4.60591698207815,2.20999296295473e-10,2.20999296295473e-10,2.47789567656731e-05,2.47789567656731e-05
"Lcu.1GRN.Chr2p50734066",2,50734066,1,0.271604938271605,9.65324014745774,9.65324014745774,"GLM","DTF_Sask_2017",5.74841737996429,5.74841737996429,2.2220808291536e-10,2.2220808291536e-10,1.78477149057216e-06,1.78477149057216e-06
"Lcu.1GRN.Chr6p40079300",6,40079300,2,0.246913580246914,9.65198147139827,5.7915366063739,"GLM;BLINK","DTF_Sask_2017",5.74841737996429,0.741844479261693,2.22853022454731e-10,1.61608200195966e-06,1.78477149057216e-06,0.181198884917721
"Lcu.1GRN.Chr6p40079329",6,40079329,1,0.246913580246914,9.65198147139827,9.65198147139827,"GLM","DTF_Sask_2017",5.74841737996429,5.74841737996429,2.22853022454731e-10,2.22853022454731e-10,1.78477149057216e-06,1.78477149057216e-06
"Lcu.1GRN.Chr3p417642575",3,417642575,1,0.358024691358025,9.64475572700921,9.64475572700921,"GLM","DTF_Nepal_2017",6.5572750390076,6.5572750390076,2.26591843624118e-10,2.26591843624118e-10,2.77156431506595e-07,2.77156431506595e-07
"Lcu.1GRN.Chr1p472355685",1,472355685,1,0.152777777777778,9.63693091798917,9.63693091798917,"GLM","DTF_Nepal_2017",6.55259730522174,6.55259730522174,2.30711414574035e-10,2.30711414574035e-10,2.80157784787092e-07,2.80157784787092e-07
"Lcu.1GRN.Chr1p472355695",1,472355695,1,0.152777777777778,9.63693091798917,9.63693091798917,"GLM","DTF_Nepal_2017",6.55259730522174,6.55259730522174,2.30711414574035e-10,2.30711414574035e-10,2.80157784787092e-07,2.80157784787092e-07
"Lcu.1GRN.Chr4p496367186",4,496367186,1,0.367283950617284,9.63085302497783,9.63085302497783,"GLM","DTF_Nepal_2017",6.54808443906404,6.54808443906404,2.33962888774163e-10,2.33962888774163e-10,2.83084154706111e-07,2.83084154706111e-07
"Lcu.1GRN.Chr4p501049349",4,501049349,1,0.297839506172839,9.62114642435636,9.62114642435636,"GLM","DTF_Nepal_2017",6.53993724579808,6.53993724579808,2.39250897514462e-10,2.39250897514462e-10,2.88444826681889e-07,2.88444826681889e-07
"Lcu.1GRN.Chr2p50231181",2,50231181,1,0.270061728395062,9.61952495166654,9.61952495166654,"GLM","DTF_Sask_2017",5.72618002541425,5.72618002541425,2.4014582921334e-10,2.4014582921334e-10,1.87853795662799e-06,1.87853795662799e-06
"Lcu.1GRN.Chr1p549619874",1,549619874,2,0.126543209876543,9.61224715675591,7.55053152850251,"GLM","DTF_Nepal_2017;DTF_Sask_2017",6.53331761614841,4.49335659251736,2.44204039328854e-10,2.81493565166319e-08,2.92875055464595e-07,3.21102293441135e-05
"Lcu.1GRN.Chr5p1797201",5,1797201,1,0.135802469135803,9.6114246780752,9.6114246780752,"GLM","DTF_Nepal_2017",6.53331761614841,6.53331761614841,2.44666957773953e-10,2.44666957773953e-10,2.92875055464595e-07,2.92875055464595e-07
"Lcu.1GRN.Chr4p496267122",4,496267122,1,0.351851851851852,9.60739035390772,9.60739035390772,"GLM","DTF_Nepal_2017",6.53082608039521,6.53082608039521,2.469503500418e-10,2.469503500418e-10,2.9456010068266e-07,2.9456010068266e-07
"Lcu.1GRN.Chr1p509482267",1,509482267,2,0.152777777777778,9.59426776626384,6.24480937284952,"GLM","DTF_Nepal_2017;DTF_Sask_2017",6.51924081995626,3.69394560690467,2.54526047663425e-10,5.69102675245527e-07,3.0252354443252e-07,0.00020232725670375
"Lcu.1GRN.Chr2p49588614",2,49588614,1,0.296296296296296,9.58849437394403,9.58849437394403,"GLM","DTF_Sask_2017",5.70735804883809,5.70735804883809,2.57932237797215e-10,2.57932237797215e-10,1.96174227524139e-06,1.96174227524139e-06
"Lcu.1GRN.Chr2p47823539",2,47823539,1,0.225308641975309,9.58095891689462,9.58095891689462,"GLM","DTF_Sask_2017",5.70735804883809,5.70735804883809,2.62446679923602e-10,2.62446679923602e-10,1.96174227524139e-06,1.96174227524139e-06
"Lcu.1GRN.Chr2p2522322",2,2522322,2,0.0632716049382716,9.57611006316806,8.335282923625,"GLM","DTF_Nepal_2017;DTF_Sask_2017",6.5041415413447,4.92947131419163,2.6539328910332e-10,4.62079898732107e-09,3.1322647184497e-07,1.17632868040991e-05
"Lcu.1GRN.Chr2p2523566",2,2523566,2,0.0632716049382716,9.57611006316806,8.335282923625,"GLM","DTF_Nepal_2017;DTF_Sask_2017",6.5041415413447,4.92947131419163,2.6539328910332e-10,4.62079898732107e-09,3.1322647184497e-07,1.17632868040991e-05
"Lcu.1GRN.Chr2p629671940",2,629671940,1,0.0509259259259259,9.57088509951145,9.57088509951145,"GLM","DTF_Nepal_2017",6.50212879899668,6.50212879899668,2.68605499626665e-10,2.68605499626665e-10,3.14681492275367e-07,3.14681492275367e-07
"Lcu.1GRN.Chr2p33022747",2,33022747,1,0.0555555555555556,9.56954969306932,9.56954969306932,"GLM","DTF_Nepal_2017",6.50212879899668,6.50212879899668,2.69432702302264e-10,2.69432702302264e-10,3.14681492275367e-07,3.14681492275367e-07
"Lcu.1GRN.Chr2p33022857",2,33022857,1,0.0555555555555556,9.56954969306932,9.56954969306932,"GLM","DTF_Nepal_2017",6.50212879899668,6.50212879899668,2.69432702302264e-10,2.69432702302264e-10,3.14681492275367e-07,3.14681492275367e-07
"Lcu.1GRN.Chr2p10195300",2,10195300,2,0.058641975308642,9.56278906325202,6.27341394842621,"GLM","DTF_Nepal_2017;DTF_Sask_2017",6.49687352417669,3.70898810754247,2.73659756849446e-10,5.32826788734886e-07,3.18512496305113e-07,0.000195439297295823
"Lcu.1GRN.Chr2p42999368",2,42999368,1,0.169753086419753,9.55957698278884,9.55957698278884,"GLM","DTF_Nepal_2017",6.49612045158367,6.49612045158367,2.75691272027616e-10,2.75691272027616e-10,3.19065280474969e-07,3.19065280474969e-07
"Lcu.1GRN.Chr7p645795683",7,645795683,1,0.104938271604938,9.55904084442964,9.55904084442964,"GLM","DTF_Nepal_2017",6.49612045158367,6.49612045158367,2.76031824222399e-10,2.76031824222399e-10,3.19065280474969e-07,3.19065280474969e-07
"Lcu.1GRN.Chr6p300129235",6,300129235,1,0.16358024691358,9.54439059950255,9.54439059950255,"GLM","DTF_Nepal_2017",6.48296006911909,6.48296006911909,2.85502161444579e-10,2.85502161444579e-10,3.28881868282975e-07,3.28881868282975e-07
"Lcu.1GRN.Chr4p460176520",4,460176520,1,0.474193548387097,9.53105714890526,9.53105714890526,"BLINK","Cotyledon_Color_RvsY",5.04563645223161,5.04563645223161,2.94403420220772e-10,2.94403420220772e-10,9.00250865903641e-06,9.00250865903641e-06
"Lcu.1GRN.Chr4p460178601",4,460178601,1,0.474193548387097,9.53105714890526,9.53105714890526,"BLINK","Cotyledon_Color_RvsY",5.04563645223161,5.04563645223161,2.94403420220772e-10,2.94403420220772e-10,9.00250865903641e-06,9.00250865903641e-06
"Lcu.1GRN.Chr2p43564881",2,43564881,2,0.174382716049383,9.52369716789747,5.74844595703767,"GLM;MLM","DTF_Nepal_2017",6.46456790181581,1.58336041122339,2.9943518604424e-10,1.78465405443154e-06,3.43108990611768e-07,0.026099944796825
"Lcu.1GRN.Chr4p496352567",4,496352567,1,0.395061728395062,9.52303395323553,9.52303395323553,"GLM","DTF_Nepal_2017",6.46456790181581,6.46456790181581,2.99892805298557e-10,2.99892805298557e-10,3.43108990611768e-07,3.43108990611768e-07
"Lcu.1GRN.Chr2p44148896",2,44148896,1,0.12962962962963,9.5204029548274,9.5204029548274,"GLM","DTF_Nepal_2017",6.46352852410921,6.46352852410921,3.01715099461641e-10,3.01715099461641e-10,3.43931121521791e-07,3.43931121521791e-07
"Lcu.1GRN.Chr2p610338709",2,610338709,2,0.262345679012346,9.51905019488215,6.9118367212456,"GLM","DTF_Nepal_2017;DTF_Sask_2017",6.46352852410921,4.13321136641993,3.02656360375572e-10,1.22507669648137e-07,3.43931121521791e-07,7.3584888065241e-05
"Lcu.1GRN.Chr4p501141481",4,501141481,1,0.484567901234568,9.51647647813849,9.51647647813849,"GLM","DTF_Nepal_2017",6.46241954562383,6.46241954562383,3.04455288185268e-10,3.04455288185268e-10,3.44810477848532e-07,3.44810477848532e-07
"Lcu.1GRN.Chr4p262477894",4,262477894,1,0.33179012345679,9.51355065737103,9.51355065737103,"GLM","DTF_Nepal_2017",6.46095353961542,6.46095353961542,3.06513313253341e-10,3.06513313253341e-10,3.45976388050626e-07,3.45976388050626e-07
"Lcu.1GRN.Chr6p302784586",6,302784586,1,0.155864197530864,9.5075936810857,9.5075936810857,"GLM","DTF_Nepal_2017",6.45645148757825,6.45645148757825,3.10746552317922e-10,3.10746552317922e-10,3.49581557068637e-07,3.49581557068637e-07
"Lcu.1GRN.Chr4p262472519",4,262472519,1,0.334876543209877,9.50552604472109,9.50552604472109,"GLM","DTF_Nepal_2017",6.45583391760888,6.45583391760888,3.12229515598569e-10,3.12229515598569e-10,3.5007901824448e-07,3.5007901824448e-07
"Lcu.1GRN.Chr2p86072752",2,86072752,1,0.450617283950617,9.49899040077619,9.49899040077619,"GLM","DTF_Sask_2017",5.64341049108722,5.64341049108722,3.16963752086137e-10,3.16963752086137e-10,2.27294804588318e-06,2.27294804588318e-06
"Lcu.1GRN.Chr2p50068726",2,50068726,1,0.308641975308642,9.49812601498338,9.49812601498338,"GLM","DTF_Sask_2017",5.64341049108722,5.64341049108722,3.17595240188572e-10,3.17595240188572e-10,2.27294804588318e-06,2.27294804588318e-06
"Lcu.1GRN.Chr5p457640023",5,457640023,1,0.353395061728395,9.48723974520296,9.48723974520296,"GLM","DTF_Nepal_2017",6.43899285896492,6.43899285896492,3.25656877791245e-10,3.25656877791245e-10,3.63921019973448e-07,3.63921019973448e-07
"Lcu.1GRN.Chr2p246702980",2,246702980,1,0.277777777777778,9.48278905078306,9.48278905078306,"GLM","DTF_Nepal_2017",6.43598261190834,6.43598261190834,3.29011402292331e-10,3.29011402292331e-10,3.6645224620816e-07,3.6645224620816e-07
"Lcu.1GRN.Chr5p1685033",5,1685033,2,0.192901234567901,9.46859937534932,5.42788030687185,"GLM;MLM","DTF_Nepal_2017",6.42322862201975,1.41958086491786,3.39938712060636e-10,3.73353041064467e-06,3.77373481055116e-07,0.0380556492011308
"Lcu.1GRN.Chr7p53514403",7,53514403,1,0.0509259259259259,9.4665828386704,9.4665828386704,"GLM","DTF_Nepal_2017",6.42264304044728,6.42264304044728,3.41520801740701e-10,3.41520801740701e-10,3.77882656312876e-07,3.77882656312876e-07
"Lcu.1GRN.Chr2p610942337",2,610942337,1,0.270061728395062,9.46409697196126,9.46409697196126,"GLM","DTF_Nepal_2017",6.42158342947618,6.42158342947618,3.43481244717503e-10,3.43481244717503e-10,3.78805756858663e-07,3.78805756858663e-07
"Lcu.1GRN.Chr2p44470666",2,44470666,1,0.121913580246914,9.45762534734009,9.45762534734009,"GLM","DTF_Nepal_2017",6.41721658634873,6.41721658634873,3.48637944712005e-10,3.48637944712005e-10,3.82633872962399e-07,3.82633872962399e-07
"Lcu.1GRN.Chr5p1561603",5,1561603,1,0.137345679012346,9.45689159270342,9.45689159270342,"GLM","DTF_Nepal_2017",6.41721658634873,6.41721658634873,3.49227477723607e-10,3.49227477723607e-10,3.82633872962399e-07,3.82633872962399e-07
"Lcu.1GRN.Chr4p496271322",4,496271322,1,0.365740740740741,9.45282432996289,9.45282432996289,"GLM","DTF_Nepal_2017",6.41456166463145,6.41456166463145,3.52513432202235e-10,3.52513432202235e-10,3.84980148212887e-07,3.84980148212887e-07
"Lcu.1GRN.Chr2p43391675",2,43391675,1,0.177469135802469,9.44535545150277,9.44535545150277,"GLM","DTF_Nepal_2017",6.40850054909573,6.40850054909573,3.58628292539297e-10,3.58628292539297e-10,3.90390688920924e-07,3.90390688920924e-07
"Lcu.1GRN.Chr2p50175798",2,50175798,1,0.279320987654321,9.4310262107255,9.4310262107255,"GLM","DTF_Sask_2017",5.58545406626921,5.58545406626921,3.7065835097689e-10,3.7065835097689e-10,2.59744244881341e-06,2.59744244881341e-06
"Lcu.1GRN.Chr2p610338343",2,610338343,1,0.246913580246914,9.42770457608619,9.42770457608619,"GLM","DTF_Nepal_2017",6.39225288808858,6.39225288808858,3.73504143373474e-10,3.73504143373474e-10,4.05272478045501e-07,4.05272478045501e-07
"Lcu.1GRN.Chr2p44470635",2,44470635,1,0.132716049382716,9.42158453374937,9.42158453374937,"GLM","DTF_Nepal_2017",6.38753154094433,6.38753154094433,3.78804793676935e-10,3.78804793676935e-10,4.0970235380942e-07,4.0970235380942e-07
"Lcu.1GRN.Chr2p43828462",2,43828462,1,0.37037037037037,9.41738884263335,9.41738884263335,"GLM","DTF_Nepal_2017",6.38473005481992,6.38473005481992,3.82482137164492e-10,3.82482137164492e-10,4.12353746896181e-07,4.12353746896181e-07
"Lcu.1GRN.Chr4p496227359",4,496227359,1,0.365740740740741,9.4139615501596,9.4139615501596,"GLM","DTF_Nepal_2017",6.38304427808229,6.38304427808229,3.85512487128786e-10,3.85512487128786e-10,4.13957468026877e-07,4.13957468026877e-07
"Lcu.1GRN.Chr1p577052064",1,577052064,1,0.0555555555555556,9.41207049914863,9.41207049914863,"GLM","DTF_Nepal_2017",6.38304427808229,6.38304427808229,3.87194786378378e-10,3.87194786378378e-10,4.13957468026877e-07,4.13957468026877e-07
"Lcu.1GRN.Chr1p488887977",1,488887977,2,0.0725308641975309,9.41154710612456,7.11099172048684,"GLM","DTF_Nepal_2017;DTF_Sask_2017",6.38304427808229,4.26168622436935,3.8766169817035e-10,7.744765625026e-08,4.13957468026877e-07,5.47411322046466e-05
"Lcu.1GRN.Chr7p53514006",7,53514006,1,0.0524691358024691,9.40631512973933,9.40631512973933,"GLM","DTF_Nepal_2017",6.37976450941176,6.37976450941176,3.92360130455913e-10,3.92360130455913e-10,4.17095486818696e-07,4.17095486818696e-07
"Lcu.1GRN.Chr1p488896637",1,488896637,2,0.0709876543209876,9.40551862902588,6.8475664346599,"GLM","DTF_Nepal_2017;DTF_Sask_2017",6.37976450941176,4.09160506447017,3.93080383395299e-10,1.4204749041231e-07,4.17095486818696e-07,8.09832003517245e-05
"Lcu.1GRN.Chr2p48482837",2,48482837,1,0.203703703703704,9.39223422873004,9.39223422873004,"GLM","DTF_Sask_2017",5.55561692692668,5.55561692692668,4.05289890854653e-10,4.05289890854653e-10,2.78216621871647e-06,2.78216621871647e-06
"Lcu.1GRN.Chr2p33811607",2,33811607,1,0.0555555555555556,9.38865689196711,9.38865689196711,"GLM","DTF_Nepal_2017",6.36563419319242,6.36563419319242,4.08642100580534e-10,4.08642100580534e-10,4.30889396382359e-07,4.30889396382359e-07
"Lcu.1GRN.Chr2p33918744",2,33918744,1,0.0555555555555556,9.38865689196711,9.38865689196711,"GLM","DTF_Nepal_2017",6.36563419319242,6.36563419319242,4.08642100580534e-10,4.08642100580534e-10,4.30889396382359e-07,4.30889396382359e-07
"Lcu.1GRN.Chr4p496446256",4,496446256,1,0.359567901234568,9.37573005358355,9.37573005358355,"GLM","DTF_Nepal_2017",6.35406665007158,6.35406665007158,4.20988222659602e-10,4.20988222659602e-10,4.42520454660445e-07,4.42520454660445e-07
"Lcu.1GRN.Chr2p47823567",2,47823567,1,0.205246913580247,9.37527217841455,9.37527217841455,"GLM","DTF_Sask_2017",5.55549648322965,5.55549648322965,4.21432303140664e-10,4.21432303140664e-10,2.78293790905465e-06,2.78293790905465e-06
"Lcu.1GRN.Chr2p85173040",2,85173040,1,0.469135802469136,9.37402496626014,9.37402496626014,"GLM","DTF_Sask_2017",5.55549648322965,5.55549648322965,4.2264431703939e-10,4.2264431703939e-10,2.78293790905465e-06,2.78293790905465e-06
"Lcu.1GRN.Chr4p262477628",4,262477628,1,0.334876543209877,9.36712040466623,9.36712040466623,"GLM","DTF_Nepal_2017",6.34681205523923,6.34681205523923,4.29417357737558e-10,4.29417357737558e-10,4.49974543209063e-07,4.49974543209063e-07
"Lcu.1GRN.Chr5p455352676",5,455352676,1,0.37037037037037,9.36630652142673,9.36630652142673,"GLM","DTF_Sask_2017",5.55549648322965,5.55549648322965,4.30222855603676e-10,4.30222855603676e-10,2.78293790905465e-06,2.78293790905465e-06
"Lcu.1GRN.Chr4p496390528",4,496390528,1,0.364197530864197,9.36344104099846,9.36344104099846,"GLM","DTF_Nepal_2017",6.34494969525718,6.34494969525718,4.33070856631853e-10,4.33070856631853e-10,4.5190828630999e-07,4.5190828630999e-07
"Lcu.1GRN.Chr2p43812657",2,43812657,2,0.256172839506173,9.36256055475795,7.55450397655242,"GLM","DTF_Nepal_2017;DTF_Sask_2017",6.34494969525718,4.49335659251736,4.33949752734742e-10,2.78930511636824e-08,4.5190828630999e-07,3.21102293441135e-05
"Lcu.1GRN.Chr2p43390936",2,43390936,1,0.128086419753086,9.35865326839594,9.35865326839594,"GLM","DTF_Nepal_2017",6.34238489677068,6.34238489677068,4.37871553106403e-10,4.37871553106403e-10,4.54585002172042e-07,4.54585002172042e-07
"Lcu.1GRN.Chr4p496227376",4,496227376,1,0.364197530864197,9.33648991182318,9.33648991182318,"GLM","DTF_Nepal_2017",6.3227453747344,6.3227453747344,4.60797472377711e-10,4.60797472377711e-10,4.75613994959105e-07,4.75613994959105e-07
"Lcu.1GRN.Chr5p149726482",5,149726482,1,0.277777777777778,9.33634115649834,9.33634115649834,"GLM","DTF_Nepal_2017",6.3227453747344,6.3227453747344,4.6095533258812e-10,4.6095533258812e-10,4.75613994959105e-07,4.75613994959105e-07
"Lcu.1GRN.Chr2p610338244",2,610338244,1,0.308641975308642,9.33131336829637,9.33131336829637,"GLM","DTF_Nepal_2017",6.31904773912479,6.31904773912479,4.66322780346143e-10,4.66322780346143e-10,4.7968071760456e-07,4.7968071760456e-07
"Lcu.1GRN.Chr2p610534882",2,610534882,1,0.259259259259259,9.32158346561273,9.32158346561273,"GLM","DTF_Nepal_2017",6.31064392749254,6.31064392749254,4.76888153762622e-10,4.76888153762622e-10,4.89053163465463e-07,4.89053163465463e-07
"Lcu.1GRN.Chr5p2417207",5,2417207,1,0.282407407407407,9.31643815190759,9.31643815190759,"GLM","DTF_Nepal_2017",6.30753379972004,6.30753379972004,4.82571698441228e-10,4.82571698441228e-10,4.92568006899775e-07,4.92568006899775e-07
"Lcu.1GRN.Chr2p43564880",2,43564880,1,0.183641975308642,9.31583324167402,9.31583324167402,"GLM","DTF_Nepal_2017",6.30753379972004,6.30753379972004,4.83244320271982e-10,4.83244320271982e-10,4.92568006899775e-07,4.92568006899775e-07
"Lcu.1GRN.Chr5p1671695",5,1671695,1,0.148148148148148,9.30650634571596,9.30650634571596,"GLM","DTF_Nepal_2017",6.29952095765981,6.29952095765981,4.93734703967175e-10,4.93734703967175e-10,5.01740366070473e-07,5.01740366070473e-07
"Lcu.1GRN.Chr3p180417516",3,180417516,1,0.123456790123457,9.30160642317074,9.30160642317074,"GLM","DTF_Nepal_2017",6.29593112504291,6.29593112504291,4.99336803526743e-10,4.99336803526743e-10,5.05904887324939e-07,5.05904887324939e-07
"Lcu.1GRN.Chr2p186867676",2,186867676,1,0.123456790123457,9.29913959037647,9.29913959037647,"GLM","DTF_Nepal_2017",6.29477044205091,6.29477044205091,5.02181153155995e-10,5.02181153155995e-10,5.07258762593461e-07,5.07258762593461e-07
"Lcu.1GRN.Chr5p145435244",5,145435244,1,0.314814814814815,9.29123006853346,9.29123006853346,"GLM","DTF_Nepal_2017",6.28816315351315,6.28816315351315,5.11410842658325e-10,5.11410842658325e-10,5.15035122492374e-07,5.15035122492374e-07
"Lcu.1GRN.Chr2p561525709",2,561525709,2,0.188271604938272,9.2815509355737,8.67949254085085,"GLM","DTF_Nepal_2017;DTF_Sask_2017",6.28317665791492,5.15267915901898,5.2293663075089e-10,2.09173883308993e-09,5.20982747907278e-07,7.03591916069962e-06
"Lcu.1GRN.Chr4p496273736",4,496273736,1,0.362654320987654,9.28107333946914,9.28107333946914,"GLM","DTF_Nepal_2017",6.28317665791492,6.28317665791492,5.23512023452539e-10,5.23512023452539e-10,5.20982747907278e-07,5.20982747907278e-07
"Lcu.1GRN.Chr4p496274050",4,496274050,1,0.362654320987654,9.28107333946914,9.28107333946914,"GLM","DTF_Nepal_2017",6.28317665791492,6.28317665791492,5.23512023452539e-10,5.23512023452539e-10,5.20982747907278e-07,5.20982747907278e-07
"Lcu.1GRN.Chr4p496286778",4,496286778,1,0.362654320987654,9.28107333946914,9.28107333946914,"GLM","DTF_Nepal_2017",6.28317665791492,6.28317665791492,5.23512023452539e-10,5.23512023452539e-10,5.20982747907278e-07,5.20982747907278e-07
"Lcu.1GRN.Chr2p43391684",2,43391684,1,0.186728395061728,9.27313013749442,9.27313013749442,"GLM","DTF_Nepal_2017",6.27651645386562,6.27651645386562,5.33175104212489e-10,5.33175104212489e-10,5.29033953624314e-07,5.29033953624314e-07
"Lcu.1GRN.Chr2p49717761",2,49717761,1,0.314814814814815,9.2706220365202,9.2706220365202,"GLM","DTF_Sask_2017",5.46808452428912,5.46808452428912,5.36263160601357e-10,5.36263160601357e-10,3.40341944418862e-06,3.40341944418862e-06
"Lcu.1GRN.Chr3p344504326",3,344504326,1,0.194444444444444,9.26985222646516,9.26985222646516,"GLM","DTF_Nepal_2017",6.27451776167554,6.27451776167554,5.37214558512341e-10,5.37214558512341e-10,5.31474262950355e-07,5.31474262950355e-07
"Lcu.1GRN.Chr6p236151499",6,236151499,1,0.101851851851852,9.24913579983877,9.24913579983877,"GLM","DTF_Sask_2017",5.45471617782987,5.45471617782987,5.63461439133701e-10,5.63461439133701e-10,3.50981173883492e-06,3.50981173883492e-06
"Lcu.1GRN.Chr2p49588505",2,49588505,1,0.297839506172839,9.2407186245126,9.2407186245126,"GLM","DTF_Sask_2017",5.45426793217497,5.45426793217497,5.74488547620139e-10,5.74488547620139e-10,3.51343616904261e-06,3.51343616904261e-06
"Lcu.1GRN.Chr4p262477539",4,262477539,1,0.356481481481482,9.23698672776238,9.23698672776238,"GLM","DTF_Nepal_2017",6.24292772492301,6.24292772492301,5.79446404302927e-10,5.79446404302927e-10,5.71573749783468e-07,5.71573749783468e-07
"Lcu.1GRN.Chr2p33916584",2,33916584,1,0.0570987654320988,9.23472511249604,9.23472511249604,"GLM","DTF_Nepal_2017",6.2419378367203,6.2419378367203,5.82471777718479e-10,5.82471777718479e-10,5.72878024724654e-07,5.72878024724654e-07
"Lcu.1GRN.Chr2p45087956",2,45087956,1,0.270061728395062,9.2267780505161,9.2267780505161,"GLM","DTF_Sask_2017",5.44815269569042,5.44815269569042,5.93228421000633e-10,5.93228421000633e-10,3.56325829083429e-06,3.56325829083429e-06
"Lcu.1GRN.Chr7p53874632",7,53874632,1,0.0540123456790124,9.22662135362479,9.22662135362479,"GLM","DTF_Nepal_2017",6.23510209183569,6.23510209183569,5.93442501135463e-10,5.93442501135463e-10,5.81966395858403e-07,5.81966395858403e-07
"Lcu.1GRN.Chr2p49846969",2,49846969,2,0.182098765432099,9.21094520427063,8.3701273472918,"GLM","DTF_Nepal_2017;DTF_Sask_2017",6.22069026501029,4.9372933411885,6.15254495598236e-10,4.26454452090235e-09,6.01602642211895e-07,1.15533161787894e-05
"Lcu.1GRN.Chr7p647926344",7,647926344,2,0.0570987654320988,9.20630214406996,7.26997703490269,"GLM","DTF_Nepal_2017;DTF_Sask_2017",6.21730785731136,4.35814500105717,6.21867493691352e-10,5.37060194874172e-08,6.06306386233272e-07,4.38384306781289e-05
"Lcu.1GRN.Chr2p49705454",2,49705454,1,0.307098765432099,9.20094243667688,9.20094243667688,"GLM","DTF_Sask_2017",5.4300039105175,5.4300039105175,6.29589625937637e-10,6.29589625937637e-10,3.71531883697834e-06,3.71531883697834e-06
"Lcu.1GRN.Chr4p501060912",4,501060912,1,0.248456790123457,9.20014439505143,9.20014439505143,"GLM","DTF_Nepal_2017",6.21425515819096,6.21425515819096,6.30747597458424e-10,6.30747597458424e-10,6.10583187564273e-07,6.10583187564273e-07
"Lcu.1GRN.Chr5p459487194",5,459487194,1,0.143518518518518,9.1949741343407,9.1949741343407,"GLM","DTF_Nepal_2017",6.21425515819096,6.21425515819096,6.38301500943676e-10,6.38301500943676e-10,6.10583187564273e-07,6.10583187564273e-07
"Lcu.1GRN.Chr5p459352916",5,459352916,1,0.205246913580247,9.19349961918437,9.19349961918437,"GLM","DTF_Nepal_2017",6.21425515819096,6.21425515819096,6.4047234317393e-10,6.4047234317393e-10,6.10583187564273e-07,6.10583187564273e-07
"Lcu.1GRN.Chr2p43311823",2,43311823,2,0.172839506172839,9.19295311672229,7.69371627772923,"GLM","DTF_Nepal_2017;DTF_Sask_2017",6.21425515819096,4.59014876983416,6.41278800649938e-10,2.02434123812768e-08,6.10583187564273e-07,2.56951543111432e-05
"Lcu.1GRN.Chr3p403652511",3,403652511,1,0.0524691358024691,9.19126300623845,9.19126300623845,"GLM","DTF_Nepal_2017",6.21425515819096,6.21425515819096,6.4377927841469e-10,6.4377927841469e-10,6.10583187564273e-07,6.10583187564273e-07
"Lcu.1GRN.Chr3p404056365",3,404056365,1,0.0524691358024691,9.19126300623845,9.19126300623845,"GLM","DTF_Nepal_2017",6.21425515819096,6.21425515819096,6.4377927841469e-10,6.4377927841469e-10,6.10583187564273e-07,6.10583187564273e-07
"Lcu.1GRN.Chr3p404059861",3,404059861,1,0.0524691358024691,9.19126300623845,9.19126300623845,"GLM","DTF_Nepal_2017",6.21425515819096,6.21425515819096,6.4377927841469e-10,6.4377927841469e-10,6.10583187564273e-07,6.10583187564273e-07
"Lcu.1GRN.Chr3p404062442",3,404062442,1,0.0524691358024691,9.19126300623845,9.19126300623845,"GLM","DTF_Nepal_2017",6.21425515819096,6.21425515819096,6.4377927841469e-10,6.4377927841469e-10,6.10583187564273e-07,6.10583187564273e-07
"Lcu.1GRN.Chr3p404063421",3,404063421,1,0.0524691358024691,9.19126300623845,9.19126300623845,"GLM","DTF_Nepal_2017",6.21425515819096,6.21425515819096,6.4377927841469e-10,6.4377927841469e-10,6.10583187564273e-07,6.10583187564273e-07
"Lcu.1GRN.Chr5p10485956",5,10485956,1,0.185185185185185,9.18961854204995,9.18961854204995,"GLM","DTF_Nepal_2017",6.21425515819096,6.21425515819096,6.46221581703559e-10,6.46221581703559e-10,6.10583187564273e-07,6.10583187564273e-07
"Lcu.1GRN.Chr5p10486728",5,10486728,1,0.185185185185185,9.18961854204995,9.18961854204995,"GLM","DTF_Nepal_2017",6.21425515819096,6.21425515819096,6.46221581703559e-10,6.46221581703559e-10,6.10583187564273e-07,6.10583187564273e-07
"Lcu.1GRN.Chr2p44893700",2,44893700,1,0.0524691358024691,9.18250397242198,9.18250397242198,"GLM","DTF_Nepal_2017",6.21043166575682,6.21043166575682,6.56895107934578e-10,6.56895107934578e-10,6.1598244350056e-07,6.1598244350056e-07
"Lcu.1GRN.Chr2p44893750",2,44893750,1,0.0524691358024691,9.18250397242198,9.18250397242198,"GLM","DTF_Nepal_2017",6.21043166575682,6.21043166575682,6.56895107934578e-10,6.56895107934578e-10,6.1598244350056e-07,6.1598244350056e-07
"Lcu.1GRN.Chr3p422982471",3,422982471,1,0.123456790123457,9.18215059901037,9.18215059901037,"GLM","DTF_Nepal_2017",6.21043166575682,6.21043166575682,6.57429822832505e-10,6.57429822832505e-10,6.1598244350056e-07,6.1598244350056e-07
"Lcu.1GRN.Chr1p2896348",1,2896348,1,0.0555555555555556,9.17840818872777,9.17840818872777,"GLM","DTF_Nepal_2017",6.20789730766319,6.20789730766319,6.63119518486346e-10,6.63119518486346e-10,6.1958756409638e-07,6.1958756409638e-07
"Lcu.1GRN.Chr2p50175769",2,50175769,1,0.279320987654321,9.17218447429953,9.17218447429953,"GLM","DTF_Sask_2017",5.41819828598339,5.41819828598339,6.7269085819254e-10,6.7269085819254e-10,3.81769926214136e-06,3.81769926214136e-06
"Lcu.1GRN.Chr2p561528233",2,561528233,2,0.192901234567901,9.17132067222284,8.18754568220277,"GLM","DTF_Nepal_2017;DTF_Sask_2017",6.20201449229662,4.82804963511907,6.74030156841817e-10,6.49313328559567e-09,6.2803740101499e-07,1.48576582576596e-05
"Lcu.1GRN.Chr2p86594419",2,86594419,1,0.405864197530864,9.16686041743163,9.16686041743163,"GLM","DTF_Sask_2017",5.41819828598339,5.41819828598339,6.80988193635171e-10,6.80988193635171e-10,3.81769926214136e-06,3.81769926214136e-06
"Lcu.1GRN.Chr2p86838253",2,86838253,1,0.405864197530864,9.16686041743163,9.16686041743163,"GLM","DTF_Sask_2017",5.41819828598339,5.41819828598339,6.80988193635171e-10,6.80988193635171e-10,3.81769926214136e-06,3.81769926214136e-06
"Lcu.1GRN.Chr5p135785193",5,135785193,1,0.337962962962963,9.16420589457697,9.16420589457697,"GLM","DTF_Nepal_2017",6.19610108327826,6.19610108327826,6.85163320511057e-10,6.85163320511057e-10,6.36647322183267e-07,6.36647322183267e-07
"Lcu.1GRN.Chr2p610338430",2,610338430,1,0.279320987654321,9.15950954332572,9.15950954332572,"GLM","DTF_Nepal_2017",6.19260278652996,6.19260278652996,6.92612709577144e-10,6.92612709577144e-10,6.41796306562907e-07,6.41796306562907e-07
"Lcu.1GRN.Chr3p347894032",3,347894032,1,0.334876543209877,9.14003765911083,9.14003765911083,"GLM","DTF_Nepal_2017",6.17432566092801,6.17432566092801,7.24373144560544e-10,7.24373144560544e-10,6.69382476693397e-07,6.69382476693397e-07
"Lcu.1GRN.Chr2p249259118",2,249259118,1,0.354938271604938,9.13582786655101,9.13582786655101,"GLM","DTF_Nepal_2017",6.17130734917561,6.17130734917561,7.31428929294979e-10,7.31428929294979e-10,6.74050834685382e-07,6.74050834685382e-07
"Lcu.1GRN.Chr3p402627412",3,402627412,1,0.146604938271605,9.13408318482626,9.13408318482626,"GLM","DTF_Nepal_2017",6.1707508883888,6.1707508883888,7.34373192740233e-10,7.34373192740233e-10,6.74915048422006e-07,6.74915048422006e-07
"Lcu.1GRN.Chr1p509094844",1,509094844,1,0.154320987654321,9.13195170421196,9.13195170421196,"GLM","DTF_Nepal_2017",6.16980438663218,6.16980438663218,7.37986293451102e-10,7.37986293451102e-10,6.76387562859038e-07,6.76387562859038e-07
"Lcu.1GRN.Chr4p496274310",4,496274310,1,0.354938271604938,9.12422860488091,9.12422860488091,"GLM","DTF_Nepal_2017",6.16326304172255,6.16326304172255,7.51227357223364e-10,7.51227357223364e-10,6.86652425182476e-07,6.86652425182476e-07
"Lcu.1GRN.Chr7p53515139",7,53515139,1,0.0555555555555556,9.12256719715663,9.12256719715663,"GLM","DTF_Nepal_2017",6.16278018148382,6.16278018148382,7.54106706022893e-10,7.54106706022893e-10,6.87416288305697e-07,6.87416288305697e-07
"Lcu.1GRN.Chr3p387939150",3,387939150,1,0.058641975308642,9.11234622667128,9.11234622667128,"GLM","DTF_Nepal_2017",6.1537345689064,6.1537345689064,7.72064836957723e-10,7.72064836957723e-10,7.01884143278266e-07,7.01884143278266e-07
"Lcu.1GRN.Chr2p10506289",2,10506289,2,0.0679012345679012,9.10872093429293,6.42903065265164,"GLM","DTF_Nepal_2017;DTF_Sask_2017",6.15128146207611,3.80913311855485,7.78536656620176e-10,3.72365423649333e-07,7.05859944952449e-07,0.000155191125017732
"Lcu.1GRN.Chr2p45090301",2,45090301,1,0.344135802469136,9.10621971589418,9.10621971589418,"GLM","DTF_Sask_2017",5.37874688351588,5.37874688351588,7.83033394559127e-10,7.83033394559127e-10,4.18073958456619e-06,4.18073958456619e-06
"Lcu.1GRN.Chr2p14060760",2,14060760,2,0.058641975308642,9.10275850012729,7.37863892237863,"GLM","DTF_Nepal_2017;DTF_Sask_2017",6.14648805817732,4.38908913966677,7.8929890421261e-10,4.18177900257623e-08,7.13693829336782e-07,4.08235586697915e-05
"Lcu.1GRN.Chr2p49588447",2,49588447,1,0.299382716049383,9.09900657673164,9.09900657673164,"GLM","DTF_Sask_2017",5.37837316888365,5.37837316888365,7.96147293882034e-10,7.96147293882034e-10,4.18433870001904e-06,4.18433870001904e-06
"Lcu.1GRN.Chr4p496369074",4,496369074,1,0.365740740740741,9.09746913534669,9.09746913534669,"GLM","DTF_Nepal_2017",6.14255246293683,6.14255246293683,7.98970721292964e-10,7.98970721292964e-10,7.20190746670156e-07,7.20190746670156e-07
"Lcu.1GRN.Chr7p52435296",7,52435296,1,0.104938271604938,9.09649424256823,9.09649424256823,"GLM","DTF_Nepal_2017",6.14255246293683,6.14255246293683,8.00766244175672e-10,8.00766244175672e-10,7.20190746670156e-07,7.20190746670156e-07
"Lcu.1GRN.Chr1p560430673",1,560430673,2,0.441358024691358,9.09362529017268,7.69958115978318,"GLM","DTF_Nepal_2017;DTF_Sask_2017",6.14087273678716,4.59106906927105,8.06073622593565e-10,1.99718750454428e-08,7.22981631035956e-07,2.56407621885896e-05
"Lcu.1GRN.Chr3p26210470",3,26210470,1,0.118827160493827,9.09249827369138,9.09249827369138,"GLM","DTF_Nepal_2017",6.14087273678716,6.14087273678716,8.08168141552291e-10,8.08168141552291e-10,7.22981631035956e-07,7.22981631035956e-07
"Lcu.1GRN.Chr4p501033219",4,501033219,1,0.351851851851852,9.08529921283569,9.08529921283569,"GLM","DTF_Nepal_2017",6.13482718120961,6.13482718120961,8.21676350273992e-10,8.21676350273992e-10,7.33116204012233e-07,7.33116204012233e-07
"Lcu.1GRN.Chr6p435707609",6,435707609,1,0.149691358024691,9.07911442671248,9.07911442671248,"GLM","DTF_Nepal_2017",6.13094025484868,6.13094025484868,8.33461557534704e-10,8.33461557534704e-10,7.39707028293604e-07,7.39707028293604e-07
"Lcu.1GRN.Chr6p435707741",6,435707741,1,0.149691358024691,9.07911442671248,9.07911442671248,"GLM","DTF_Nepal_2017",6.13094025484868,6.13094025484868,8.33461557534704e-10,8.33461557534704e-10,7.39707028293604e-07,7.39707028293604e-07
"Lcu.1GRN.Chr2p45082280",2,45082280,1,0.151234567901235,9.07879082768949,9.07879082768949,"GLM","DTF_Sask_2017",5.37115639253689,5.37115639253689,8.34082813072871e-10,8.34082813072871e-10,4.25445179705049e-06,4.25445179705049e-06
"Lcu.1GRN.Chr5p10383325",5,10383325,1,0.233024691358025,9.07597743797403,9.07597743797403,"GLM","DTF_Nepal_2017",6.12894765275896,6.12894765275896,8.39503598425121e-10,8.39503598425121e-10,7.43108702345954e-07,7.43108702345954e-07
"Lcu.1GRN.Chr2p50729563",2,50729563,1,0.274691358024691,9.07189497166794,9.07189497166794,"GLM","DTF_Sask_2017",5.37115639253689,5.37115639253689,8.47432329575681e-10,8.47432329575681e-10,4.25445179705049e-06,4.25445179705049e-06
"Lcu.1GRN.Chr2p10224879",2,10224879,1,0.214506172839506,9.06476366924925,9.06476366924925,"GLM","DTF_Nepal_2017",6.12427636584011,6.12427636584011,8.61462408090231e-10,8.61462408090231e-10,7.51144746534451e-07,7.51144746534451e-07
"Lcu.1GRN.Chr4p500406326",4,500406326,1,0.498456790123457,9.06346297244407,9.06346297244407,"GLM","DTF_Nepal_2017",6.12427636584011,6.12427636584011,8.64046325354666e-10,8.64046325354666e-10,7.51144746534451e-07,7.51144746534451e-07
"Lcu.1GRN.Chr7p52451254",7,52451254,1,0.115740740740741,9.06219266324948,9.06219266324948,"GLM","DTF_Nepal_2017",6.12427636584011,6.12427636584011,8.66577356371027e-10,8.66577356371027e-10,7.51144746534451e-07,7.51144746534451e-07
"Lcu.1GRN.Chr2p320068851",2,320068851,1,0.0540123456790124,9.06114014634628,9.06114014634628,"GLM","DTF_Nepal_2017",6.12427636584011,6.12427636584011,8.6868006196179e-10,8.6868006196179e-10,7.51144746534451e-07,7.51144746534451e-07
"Lcu.1GRN.Chr2p320390608",2,320390608,1,0.0540123456790124,9.06114014634628,9.06114014634628,"GLM","DTF_Nepal_2017",6.12427636584011,6.12427636584011,8.6868006196179e-10,8.6868006196179e-10,7.51144746534451e-07,7.51144746534451e-07
"Lcu.1GRN.Chr2p320874628",2,320874628,1,0.0540123456790124,9.06114014634628,9.06114014634628,"GLM","DTF_Nepal_2017",6.12427636584011,6.12427636584011,8.6868006196179e-10,8.6868006196179e-10,7.51144746534451e-07,7.51144746534451e-07
"Lcu.1GRN.Chr2p322705411",2,322705411,1,0.0540123456790124,9.06114014634628,9.06114014634628,"GLM","DTF_Nepal_2017",6.12427636584011,6.12427636584011,8.6868006196179e-10,8.6868006196179e-10,7.51144746534451e-07,7.51144746534451e-07
"Lcu.1GRN.Chr2p322706347",2,322706347,1,0.0540123456790124,9.06114014634628,9.06114014634628,"GLM","DTF_Nepal_2017",6.12427636584011,6.12427636584011,8.6868006196179e-10,8.6868006196179e-10,7.51144746534451e-07,7.51144746534451e-07
"Lcu.1GRN.Chr2p322712658",2,322712658,1,0.0540123456790124,9.06114014634628,9.06114014634628,"GLM","DTF_Nepal_2017",6.12427636584011,6.12427636584011,8.6868006196179e-10,8.6868006196179e-10,7.51144746534451e-07,7.51144746534451e-07
"Lcu.1GRN.Chr1p449461868",1,449461868,1,0.371913580246914,9.05778156962059,9.05778156962059,"GLM","DTF_Nepal_2017",6.12289068965882,6.12289068965882,8.75423962973601e-10,8.75423962973601e-10,7.5354520445342e-07,7.5354520445342e-07
"Lcu.1GRN.Chr3p179963109",3,179963109,1,0.0771604938271605,9.05752731409483,9.05752731409483,"GLM","DTF_Nepal_2017",6.12289068965882,6.12289068965882,8.75936625594327e-10,8.75936625594327e-10,7.5354520445342e-07,7.5354520445342e-07
"Lcu.1GRN.Chr2p50743817",2,50743817,1,0.282407407407407,9.05359120248288,9.05359120248288,"GLM","DTF_Sask_2017",5.35928673335724,5.35928673335724,8.83911526981946e-10,8.83911526981946e-10,4.37233336171083e-06,4.37233336171083e-06
"Lcu.1GRN.Chr2p322071855",2,322071855,1,0.0555555555555556,9.05117394947611,9.05117394947611,"GLM","DTF_Nepal_2017",6.11875311801966,6.11875311801966,8.88845034364564e-10,8.88845034364564e-10,7.60758620035891e-07,7.60758620035891e-07
"Lcu.1GRN.Chr3p24382069",3,24382069,1,0.095679012345679,9.05002790982331,9.05002790982331,"GLM","DTF_Nepal_2017",6.11871074981701,6.11871074981701,8.91193663961545e-10,8.91193663961545e-10,7.60832840522215e-07,7.60832840522215e-07
"Lcu.1GRN.Chr7p33922006",7,33922006,1,0.433641975308642,9.04209538002523,9.04209538002523,"FarmCPU","DTF_Nepal_2017",4.11734198952132,4.11734198952132,9.07621175958569e-10,9.07621175958569e-10,7.6323453023414e-05,7.6323453023414e-05
"Lcu.1GRN.Chr2p51056034",2,51056034,1,0.280864197530864,9.03939663454022,9.03939663454022,"GLM","DTF_Sask_2017",5.35624567420079,5.35624567420079,9.1327877686982e-10,9.1327877686982e-10,4.40305718372659e-06,4.40305718372659e-06
"Lcu.1GRN.Chr6p431595092",6,431595092,1,0.0916149068322981,9.03920257764346,9.03920257764346,"FarmCPU","DTF_Sask_2017_b",4.2113592001476,4.2113592001476,9.1368695071092e-10,9.1368695071092e-10,6.1466827709956e-05,6.1466827709956e-05
"Lcu.1GRN.Chr2p46308493",2,46308493,1,0.432098765432099,9.0379610160184,9.0379610160184,"GLM","DTF_Sask_2017",5.35624567420079,5.35624567420079,9.16302737369782e-10,9.16302737369782e-10,4.40305718372659e-06,4.40305718372659e-06
"Lcu.1GRN.Chr7p645843894",7,645843894,1,0.0509259259259259,9.03303281339116,9.03303281339116,"GLM","DTF_Nepal_2017",6.10281652718574,6.10281652718574,9.26759798817877e-10,9.26759798817877e-10,7.89193451263222e-07,7.89193451263222e-07
"Lcu.1GRN.Chr2p14111019",2,14111019,2,0.0617283950617284,9.0304579387933,7.03725076105783,"GLM","DTF_Nepal_2017;DTF_Sask_2017",6.10133974288694,4.21286791567148,9.32270755933076e-10,9.17802505512028e-08,7.91881609497326e-07,6.12536657483263e-05
"Lcu.1GRN.Chr2p561723045",2,561723045,2,0.189814814814815,9.02418028247204,8.82633791381494,"GLM","DTF_Nepal_2017;DTF_Sask_2017",6.09615740740328,5.23142319713091,9.45844444950325e-10,1.49163335485411e-09,8.01387552681627e-07,5.86917153888744e-06
"Lcu.1GRN.Chr5p131521835",5,131521835,1,0.492283950617284,9.02045250467999,9.02045250467999,"GLM","DTF_Nepal_2017",6.09384180061907,6.09384180061907,9.53998068288672e-10,9.53998068288672e-10,8.05671867859252e-07,8.05671867859252e-07
"Lcu.1GRN.Chr2p44214117",2,44214117,1,0.179012345679012,9.01968228676419,9.01968228676419,"GLM","DTF_Nepal_2017",6.09384180061907,6.09384180061907,9.55691477689077e-10,9.55691477689077e-10,8.05671867859252e-07,8.05671867859252e-07
"Lcu.1GRN.Chr3p402621903",3,402621903,1,0.112654320987654,9.0165113705047,9.0165113705047,"GLM","DTF_Nepal_2017",6.09284236129301,6.09284236129301,9.62694807796665e-10,9.62694807796665e-10,8.07528090808331e-07,8.07528090808331e-07
"Lcu.1GRN.Chr3p402621908",3,402621908,1,0.112654320987654,9.0165113705047,9.0165113705047,"GLM","DTF_Nepal_2017",6.09284236129301,6.09284236129301,9.62694807796665e-10,9.62694807796665e-10,8.07528090808331e-07,8.07528090808331e-07
"Lcu.1GRN.Chr3p344504402",3,344504402,1,0.195987654320988,9.01384677703044,9.01384677703044,"GLM","DTF_Nepal_2017",6.09125944828304,6.09125944828304,9.68619533601274e-10,9.68619533601274e-10,8.10476732982239e-07,8.10476732982239e-07
"Lcu.1GRN.Chr1p447375583",1,447375583,1,0.325617283950617,9.00461442578265,9.00461442578265,"GLM","DTF_Nepal_2017",6.08310609009188,6.08310609009188,9.89431139053696e-10,9.89431139053696e-10,8.25836188461724e-07,8.25836188461724e-07
"Lcu.1GRN.Chr3p404058005",3,404058005,1,0.0540123456790124,9.00095807161306,9.00095807161306,"GLM","DTF_Nepal_2017",6.08064430033474,6.08064430033474,9.97796390106768e-10,9.97796390106768e-10,8.30530717559895e-07,8.30530717559895e-07
"Lcu.1GRN.Chr4p500399212",4,500399212,1,0.483024691358025,9.00000265895194,9.00000265895194,"GLM","DTF_Nepal_2017",6.08064430033474,6.08064430033474,9.99993877555639e-10,9.99993877555639e-10,8.30530717559895e-07,8.30530717559895e-07
"Lcu.1GRN.Chr6p416393814",6,416393814,1,0.114197530864197,8.99394746415098,8.99394746415098,"GLM","DTF_Nepal_2017",6.07739284973989,6.07739284973989,1.01403404425439e-09,1.01403404425439e-09,8.36772020851501e-07,8.36772020851501e-07
"Lcu.1GRN.Chr1p367807789",1,367807789,1,0.391935483870968,8.99392246053424,8.99392246053424,"MLM","Cotyledon_Color_RvsY",6.02341157946965,6.02341157946965,1.01409242687158e-09,1.01409242687158e-09,9.47520075970867e-07,9.47520075970867e-07
"Lcu.1GRN.Chr2p322517192",2,322517192,1,0.0570987654320988,8.99378749897371,8.99378749897371,"GLM","DTF_Nepal_2017",6.07739284973989,6.07739284973989,1.01440761568986e-09,1.01440761568986e-09,8.36772020851501e-07,8.36772020851501e-07
"Lcu.1GRN.Chr2p44894251",2,44894251,1,0.0601851851851852,8.99354606848188,8.99354606848188,"GLM","DTF_Nepal_2017",6.07739284973989,6.07739284973989,1.01497169611589e-09,1.01497169611589e-09,8.36772020851501e-07,8.36772020851501e-07
"Lcu.1GRN.Chr3p343756428",3,343756428,1,0.205246913580247,8.99153543102425,8.99153543102425,"GLM","DTF_Nepal_2017",6.07644535719972,6.07644535719972,1.01968156802262e-09,1.01968156802262e-09,8.38599584330232e-07,8.38599584330232e-07
"Lcu.1GRN.Chr2p43391667",2,43391667,1,0.182098765432099,8.9903467782441,8.9903467782441,"GLM","DTF_Nepal_2017",6.07631725313196,6.07631725313196,1.02247623285645e-09,1.02247623285645e-09,8.38846982968845e-07,8.38846982968845e-07
"Lcu.1GRN.Chr5p145348497",5,145348497,1,0.297839506172839,8.98605390494489,8.98605390494489,"GLM","DTF_Nepal_2017",6.07308234498908,6.07308234498908,1.03263322662451e-09,1.03263322662451e-09,8.45118590121672e-07,8.45118590121672e-07
"Lcu.1GRN.Chr2p47984501",2,47984501,1,0.328703703703704,8.98204884556274,8.98204884556274,"GLM","DTF_Sask_2017",5.30900097644957,5.30900097644957,1.04220020543463e-09,1.04220020543463e-09,4.90906772417078e-06,4.90906772417078e-06
"Lcu.1GRN.Chr2p86496161",2,86496161,1,0.486111111111111,8.97848186185018,8.97848186185018,"GLM","DTF_Sask_2017",5.30900097644957,5.30900097644957,1.05079534003126e-09,1.05079534003126e-09,4.90906772417078e-06,4.90906772417078e-06
"Lcu.1GRN.Chr3p27430606",3,27430606,1,0.103395061728395,8.97184867349545,8.97184867349545,"GLM","DTF_Nepal_2017",6.05993250769671,6.05993250769671,1.06696783303597e-09,1.06696783303597e-09,8.71098954113615e-07,8.71098954113615e-07
"Lcu.1GRN.Chr3p417642561",3,417642561,1,0.339506172839506,8.96153199706751,8.96153199706751,"GLM","DTF_Nepal_2017",6.05066866689204,6.05066866689204,1.09261712459616e-09,1.09261712459616e-09,8.89879768399603e-07,8.89879768399603e-07
"Lcu.1GRN.Chr2p86594355",2,86594355,1,0.407407407407407,8.95965538188302,8.95965538188302,"GLM","DTF_Sask_2017",5.30207371978212,5.30207371978212,1.09734861063723e-09,1.09734861063723e-09,4.98799810965152e-06,4.98799810965152e-06
"Lcu.1GRN.Chr2p86836140",2,86836140,1,0.407407407407407,8.95965538188302,8.95965538188302,"GLM","DTF_Sask_2017",5.30207371978212,5.30207371978212,1.09734861063723e-09,1.09734861063723e-09,4.98799810965152e-06,4.98799810965152e-06
"Lcu.1GRN.Chr2p44894573",2,44894573,1,0.0540123456790124,8.95750409900943,8.95750409900943,"GLM","DTF_Nepal_2017",6.04769105829846,6.04769105829846,1.10279782524385e-09,1.10279782524385e-09,8.96001922907723e-07,8.96001922907723e-07
"Lcu.1GRN.Chr3p402533385",3,402533385,1,0.112654320987654,8.95603023880969,8.95603023880969,"GLM","DTF_Nepal_2017",6.0472649536899,6.0472649536899,1.10654673528732e-09,1.10654673528732e-09,8.96881459538292e-07,8.96881459538292e-07
"Lcu.1GRN.Chr4p501049232",4,501049232,1,0.300925925925926,8.95364876569251,8.95364876569251,"GLM","DTF_Nepal_2017",6.04592871448738,6.04592871448738,1.11263120052213e-09,1.11263120052213e-09,8.99645238043337e-07,8.99645238043337e-07
"Lcu.1GRN.Chr3p433424796",3,433424796,2,0.478395061728395,8.94714972926062,7.06651937156345,"FarmCPU;GLM","DTF_Sask_2017",4.22990206976009,3.89745760214841,1.12940646844085e-09,8.57986843646274e-08,5.88976450279115e-05,0.000126631688523348
"Lcu.1GRN.Chr2p45338401",2,45338401,1,0.263888888888889,8.94600145659493,8.94600145659493,"GLM","DTF_Sask_2017",5.29858982212441,5.29858982212441,1.1323965652461e-09,1.1323965652461e-09,5.0281726087857e-06,5.0281726087857e-06
"Lcu.1GRN.Chr2p50173631",2,50173631,1,0.270061728395062,8.9445896116755,8.9445896116755,"GLM","DTF_Sask_2017",5.29858982212441,5.29858982212441,1.13608385563302e-09,1.13608385563302e-09,5.0281726087857e-06,5.0281726087857e-06
"Lcu.1GRN.Chr5p131724286",5,131724286,1,0.466049382716049,8.94429931321194,8.94429931321194,"GLM","DTF_Nepal_2017",6.03796987682328,6.03796987682328,1.13684350988251e-09,1.13684350988251e-09,9.16284042458197e-07,9.16284042458197e-07
"Lcu.1GRN.Chr3p387938510",3,387938510,1,0.0555555555555556,8.94360697688013,8.94360697688013,"GLM","DTF_Nepal_2017",6.03796987682328,6.03796987682328,1.13865726943346e-09,1.13865726943346e-09,9.16284042458197e-07,9.16284042458197e-07
"Lcu.1GRN.Chr6p394293308",6,394293308,1,0.104938271604938,8.93760001072497,8.93760001072497,"GLM","DTF_Nepal_2017",6.03300065185939,6.03300065185939,1.15451608841047e-09,1.15451608841047e-09,9.26828432244307e-07,9.26828432244307e-07
"Lcu.1GRN.Chr2p44148868",2,44148868,1,0.141975308641975,8.93530305339459,8.93530305339459,"GLM","DTF_Nepal_2017",6.03173896196061,6.03173896196061,1.1606384304716e-09,1.1606384304716e-09,9.29524921291529e-07,9.29524921291529e-07
"Lcu.1GRN.Chr2p248928606",2,248928606,1,0.25462962962963,8.93354131809414,8.93354131809414,"GLM","DTF_Nepal_2017",6.03101003209793,6.03101003209793,1.16535617540886e-09,1.16535617540886e-09,9.31086367348578e-07,9.31086367348578e-07
"Lcu.1GRN.Chr6p435432667",6,435432667,1,0.145061728395062,8.93180061238773,8.93180061238773,"GLM","DTF_Nepal_2017",6.03029968151753,6.03029968151753,1.17003643958292e-09,1.17003643958292e-09,9.32610538088127e-07,9.32610538088127e-07
"Lcu.1GRN.Chr2p51760724",2,51760724,1,0.259259259259259,8.92465493856862,8.92465493856862,"GLM","DTF_Sask_2017",5.28433228190923,5.28433228190923,1.18944690728352e-09,1.18944690728352e-09,5.19598295924981e-06,5.19598295924981e-06
"Lcu.1GRN.Chr2p630436544",2,630436544,1,0.0941358024691358,8.92406387408936,8.92406387408936,"GLM","DTF_Nepal_2017",6.02359085963253,6.02359085963253,1.19106681836583e-09,1.19106681836583e-09,9.47129012986428e-07,9.47129012986428e-07
"Lcu.1GRN.Chr3p344509496",3,344509496,1,0.179012345679012,8.92153315495003,8.92153315495003,"GLM","DTF_Nepal_2017",6.02280852672401,6.02280852672401,1.19802765975896e-09,1.19802765975896e-09,9.48836697552407e-07,9.48836697552407e-07
"Lcu.1GRN.Chr5p2233348",5,2233348,1,0.208333333333333,8.91834084081637,8.91834084081637,"GLM","DTF_Nepal_2017",6.02280852672401,6.02280852672401,1.20686629658233e-09,1.20686629658233e-09,9.48836697552407e-07,9.48836697552407e-07
"Lcu.1GRN.Chr5p2233525",5,2233525,1,0.208333333333333,8.91834084081637,8.91834084081637,"GLM","DTF_Nepal_2017",6.02280852672401,6.02280852672401,1.20686629658233e-09,1.20686629658233e-09,9.48836697552407e-07,9.48836697552407e-07
"Lcu.1GRN.Chr5p2235030",5,2235030,1,0.208333333333333,8.91834084081637,8.91834084081637,"GLM","DTF_Nepal_2017",6.02280852672401,6.02280852672401,1.20686629658233e-09,1.20686629658233e-09,9.48836697552407e-07,9.48836697552407e-07
"Lcu.1GRN.Chr5p432973415",5,432973415,1,0.0509259259259259,8.91716461637116,8.91716461637116,"GLM","DTF_Nepal_2017",6.02280852672401,6.02280852672401,1.21013935151184e-09,1.21013935151184e-09,9.48836697552407e-07,9.48836697552407e-07
"Lcu.1GRN.Chr5p432973837",5,432973837,1,0.0509259259259259,8.91716461637116,8.91716461637116,"GLM","DTF_Nepal_2017",6.02280852672401,6.02280852672401,1.21013935151184e-09,1.21013935151184e-09,9.48836697552407e-07,9.48836697552407e-07
"Lcu.1GRN.Chr3p26210720",3,26210720,1,0.121913580246914,8.914123551899,8.914123551899,"GLM","DTF_Nepal_2017",6.02077862564671,6.02077862564671,1.21864285940847e-09,1.21864285940847e-09,9.53281959745695e-07,9.53281959745695e-07
"Lcu.1GRN.Chr2p50746725",2,50746725,1,0.290123456790123,8.91015558926775,8.91015558926775,"GLM","DTF_Sask_2017",5.28304693514502,5.28304693514502,1.22982809670521e-09,1.22982809670521e-09,5.21138387507691e-06,5.21138387507691e-06
"Lcu.1GRN.Chr7p633922459",7,633922459,1,0.342592592592593,8.90850584675943,8.90850584675943,"GLM","DTF_Nepal_2017",6.01616973508828,6.01616973508828,1.23450869528663e-09,1.23450869528663e-09,9.63452404425706e-07,9.63452404425706e-07
"Lcu.1GRN.Chr2p86594632",2,86594632,1,0.412037037037037,8.90597606210902,8.90597606210902,"GLM","DTF_Sask_2017",5.28304693514502,5.28304693514502,1.24172074815054e-09,1.24172074815054e-09,5.21138387507691e-06,5.21138387507691e-06
"Lcu.1GRN.Chr4p496227314",4,496227314,1,0.364197530864197,8.90542824654819,8.90542824654819,"GLM","DTF_Nepal_2017",6.01409861153122,6.01409861153122,1.24328803297146e-09,1.24328803297146e-09,9.68058022653964e-07,9.68058022653964e-07
"Lcu.1GRN.Chr2p320598012",2,320598012,1,0.0555555555555556,8.9022928923389,8.9022928923389,"GLM","DTF_Nepal_2017",6.01196740686039,6.01196740686039,1.25229632950428e-09,1.25229632950428e-09,9.72820229714473e-07,9.72820229714473e-07
"Lcu.1GRN.Chr2p86592972",2,86592972,1,0.408950617283951,8.90176811358799,8.90176811358799,"GLM","DTF_Sask_2017",5.28304693514502,5.28304693514502,1.25381045353996e-09,1.25381045353996e-09,5.21138387507691e-06,5.21138387507691e-06
"Lcu.1GRN.Chr2p86074722",2,86074722,1,0.345679012345679,8.90137529809824,8.90137529809824,"GLM","DTF_Sask_2017",5.28304693514502,5.28304693514502,1.25494502695339e-09,1.25494502695339e-09,5.21138387507691e-06,5.21138387507691e-06
"Lcu.1GRN.Chr2p10522008",2,10522008,2,0.0725308641975309,8.90013514571965,6.279858659605,"GLM","DTF_Nepal_2017;DTF_Sask_2017",6.01120777143128,3.71383650245142,1.25853371464309e-09,5.24978285734409e-07,9.74523303118213e-07,0.000193269577629192
"Lcu.1GRN.Chr5p136001230",5,136001230,1,0.339506172839506,8.89953189630852,8.89953189630852,"GLM","DTF_Nepal_2017",6.01120777143128,6.01120777143128,1.26028307430997e-09,1.26028307430997e-09,9.74523303118213e-07,9.74523303118213e-07
"Lcu.1GRN.Chr6p394397622",6,394397622,1,0.273148148148148,8.89192968571205,8.89192968571205,"GLM","DTF_Nepal_2017",6.00460279314877,6.00460279314877,1.28253821472399e-09,1.28253821472399e-09,9.89457641449688e-07,9.89457641449688e-07
"Lcu.1GRN.Chr5p459568083",5,459568083,1,0.111111111111111,8.89063244050269,8.89063244050269,"GLM","DTF_Nepal_2017",6.00430049564124,6.00430049564124,1.28637490607086e-09,1.28637490607086e-09,9.90146608765073e-07,9.90146608765073e-07
"Lcu.1GRN.Chr2p14539274",2,14539274,1,0.0570987654320988,8.88908307518467,8.88908307518467,"GLM","DTF_Nepal_2017",6.00374380385689,6.00374380385689,1.29097230289396e-09,1.29097230289396e-09,9.91416622391629e-07,9.91416622391629e-07
"Lcu.1GRN.Chr2p33029011",2,33029011,1,0.0679012345679012,8.88038397021124,8.88038397021124,"GLM","DTF_Nepal_2017",5.99639721439635,5.99639721439635,1.31709175109685e-09,1.31709175109685e-09,1.00833022526106e-06,1.00833022526106e-06
"Lcu.1GRN.Chr2p183250275",2,183250275,1,0.214506172839506,8.87975791974204,8.87975791974204,"GLM","DTF_Nepal_2017",5.99639721439635,5.99639721439635,1.31899175339693e-09,1.31899175339693e-09,1.00833022526106e-06,1.00833022526106e-06
"Lcu.1GRN.Chr2p49705499",2,49705499,1,0.319444444444444,8.87344435316345,8.87344435316345,"GLM","DTF_Sask_2017",5.26570906370765,5.26570906370765,1.33830668351347e-09,1.33830668351347e-09,5.42364101461898e-06,5.42364101461898e-06
"Lcu.1GRN.Chr2p572786242",2,572786242,1,0.16358024691358,8.87193470673523,8.87193470673523,"GLM","DTF_Nepal_2017",5.98955991437119,5.98955991437119,1.34296685202684e-09,1.34296685202684e-09,1.0243304560447e-06,1.0243304560447e-06
"Lcu.1GRN.Chr5p146521141",5,146521141,1,0.300925925925926,8.86788195824536,8.86788195824536,"GLM","DTF_Nepal_2017",5.98649084576258,5.98649084576258,1.35555780450109e-09,1.35555780450109e-09,1.03159482358963e-06,1.03159482358963e-06
"Lcu.1GRN.Chr1p572633339",1,572633339,2,0.498456790123457,8.86411782091333,6.993258079938,"GLM","DTF_Nepal_2017;DTF_Sask_2017",5.98370816530453,4.18411520110839,1.36735782110672e-09,1.01564496545096e-07,1.03822584246547e-06,6.54462548072498e-05
"Lcu.1GRN.Chr6p300014960",6,300014960,1,0.158950617283951,8.85970520358057,8.85970520358057,"GLM","DTF_Nepal_2017",5.98125183272963,5.98125183272963,1.38132157902533e-09,1.38132157902533e-09,1.04411459679104e-06,1.04411459679104e-06
"Lcu.1GRN.Chr2p11153005",2,11153005,2,0.0725308641975309,8.85521826629039,6.52107196661502,"GLM","DTF_Nepal_2017;DTF_Sask_2017",5.97773974317065,3.87220553641234,1.39566675516407e-09,3.01250678256833e-07,1.05259246509927e-06,0.000134212962772472
"Lcu.1GRN.Chr2p33028974",2,33028974,1,0.0679012345679012,8.84029531891311,8.84029531891311,"GLM","DTF_Nepal_2017",5.96378946021317,5.96378946021317,1.44445721025056e-09,1.44445721025056e-09,1.0869524349896e-06,1.0869524349896e-06
"Lcu.1GRN.Chr2p47377002",2,47377002,1,0.186728395061728,8.82244276704291,8.82244276704291,"GLM","DTF_Sask_2017",5.23142319713091,5.23142319713091,1.50507184975195e-09,1.50507184975195e-09,5.86917153888744e-06,5.86917153888744e-06
"Lcu.1GRN.Chr4p496387229",4,496387229,1,0.381172839506173,8.82205734464371,8.82205734464371,"GLM","DTF_Nepal_2017",5.94749030381516,5.94749030381516,1.50640814553409e-09,1.50640814553409e-09,1.12852113293734e-06,1.12852113293734e-06
"Lcu.1GRN.Chr5p146057017",5,146057017,1,0.297839506172839,8.81981644997522,8.81981644997522,"GLM","DTF_Nepal_2017",5.94621558191869,5.94621558191869,1.51420107448085e-09,1.51420107448085e-09,1.13183838404422e-06,1.13183838404422e-06
"Lcu.1GRN.Chr2p43391673",2,43391673,1,0.177469135802469,8.81143832592062,8.81143832592062,"GLM","DTF_Nepal_2017",5.93880148596671,5.93880148596671,1.54369562769132e-09,1.54369562769132e-09,1.15132653481074e-06,1.15132653481074e-06
"Lcu.1GRN.Chr1p559405083",1,559405083,1,0.271604938271605,8.80881668846024,8.80881668846024,"GLM","DTF_Sask_2017",5.23139331327327,5.23139331327327,1.55304239594765e-09,1.55304239594765e-09,5.86957541121039e-06,5.86957541121039e-06
"Lcu.1GRN.Chr2p45095411",2,45095411,1,0.239197530864197,8.79446973428335,8.79446973428335,"GLM","DTF_Sask_2017",5.22728149103572,5.22728149103572,1.60520411989177e-09,1.60520411989177e-09,5.92541140362546e-06,5.92541140362546e-06
"Lcu.1GRN.Chr4p262477866",4,262477866,1,0.328703703703704,8.79086288496692,8.79086288496692,"GLM","DTF_Nepal_2017",5.92000321444649,5.92000321444649,1.61859097695734e-09,1.61859097695734e-09,1.20225553604616e-06,1.20225553604616e-06
"Lcu.1GRN.Chr6p328167434",6,328167434,1,0.138888888888889,8.79032249820839,8.79032249820839,"GLM","DTF_Nepal_2017",5.92000321444649,5.92000321444649,1.62060622136101e-09,1.62060622136101e-09,1.20225553604616e-06,1.20225553604616e-06
"Lcu.1GRN.Chr2p86496075",2,86496075,1,0.462962962962963,8.79030704552204,8.79030704552204,"GLM","DTF_Sask_2017",5.22728149103572,5.22728149103572,1.62066388537978e-09,1.62066388537978e-09,5.92541140362546e-06,5.92541140362546e-06
"Lcu.1GRN.Chr5p145755486",5,145755486,1,0.300925925925926,8.78976074342126,8.78976074342126,"GLM","DTF_Nepal_2017",5.92000321444649,5.92000321444649,1.62270381269552e-09,1.62270381269552e-09,1.20225553604616e-06,1.20225553604616e-06
"Lcu.1GRN.Chr3p389283787",3,389283787,1,0.186728395061728,8.78159704271142,8.78159704271142,"GLM","DTF_Nepal_2017",5.91279505753666,5.91279505753666,1.65349527145774e-09,1.65349527145774e-09,1.22237636038335e-06,1.22237636038335e-06
"Lcu.1GRN.Chr3p414937923",3,414937923,1,0.149691358024691,8.78021127442978,8.78021127442978,"GLM","DTF_Nepal_2017",5.91273641843841,5.91273641843841,1.65877975233979e-09,1.65877975233979e-09,1.22254141863255e-06,1.22254141863255e-06
"Lcu.1GRN.Chr2p14507443",2,14507443,1,0.0555555555555556,8.77963360020043,8.77963360020043,"GLM","DTF_Nepal_2017",5.91273641843841,5.91273641843841,1.66098763646575e-09,1.66098763646575e-09,1.22254141863255e-06,1.22254141863255e-06
"Lcu.1GRN.Chr5p2416770",5,2416770,1,0.266975308641975,8.77265316837605,8.77265316837605,"GLM","DTF_Nepal_2017",5.90670526454804,5.90670526454804,1.6879004603309e-09,1.6879004603309e-09,1.23963758545878e-06,1.23963758545878e-06
"Lcu.1GRN.Chr7p647947892",7,647947892,2,0.058641975308642,8.76355790674411,7.19889226495817,"GLM","DTF_Nepal_2017;DTF_Sask_2017",5.8985572104495,4.31750115247539,1.72362225617657e-09,6.3256875267622e-08,1.26311470031229e-06,4.81391976541724e-05
"Lcu.1GRN.Chr4p262355430",4,262355430,1,0.0632716049382716,8.75576353388174,8.75576353388174,"GLM","DTF_Nepal_2017",5.89170798373144,5.89170798373144,1.7548357206153e-09,1.7548357206153e-09,1.28319310181784e-06,1.28319310181784e-06
"Lcu.1GRN.Chr6p172232372",6,172232372,1,0.28416149068323,8.75360584514345,8.75360584514345,"FarmCPU","DTF_Sask_2017_b",4.00494371369522,4.00494371369522,1.76357589787577e-09,1.76357589787577e-09,9.88681223401296e-05,9.88681223401296e-05
"Lcu.1GRN.Chr3p26210523",3,26210523,1,0.118827160493827,8.75249210649655,8.75249210649655,"GLM","DTF_Nepal_2017",5.89098868585296,5.89098868585296,1.76810435355819e-09,1.76810435355819e-09,1.28532014439319e-06,1.28532014439319e-06
"Lcu.1GRN.Chr3p26211111",3,26211111,1,0.118827160493827,8.75249210649655,8.75249210649655,"GLM","DTF_Nepal_2017",5.89098868585296,5.89098868585296,1.76810435355819e-09,1.76810435355819e-09,1.28532014439319e-06,1.28532014439319e-06
"Lcu.1GRN.Chr2p579805920",2,579805920,1,0.0509259259259259,8.75034911479488,8.75034911479488,"GLM","DTF_Nepal_2017",5.89098868585296,5.89098868585296,1.77685048516304e-09,1.77685048516304e-09,1.28532014439319e-06,1.28532014439319e-06
"Lcu.1GRN.Chr2p579806040",2,579806040,1,0.0509259259259259,8.75034911479488,8.75034911479488,"GLM","DTF_Nepal_2017",5.89098868585296,5.89098868585296,1.77685048516304e-09,1.77685048516304e-09,1.28532014439319e-06,1.28532014439319e-06
"Lcu.1GRN.Chr2p579806628",2,579806628,1,0.0509259259259259,8.75034911479488,8.75034911479488,"GLM","DTF_Nepal_2017",5.89098868585296,5.89098868585296,1.77685048516304e-09,1.77685048516304e-09,1.28532014439319e-06,1.28532014439319e-06
"Lcu.1GRN.Chr2p44193039",2,44193039,1,0.12962962962963,8.74022247513487,8.74022247513487,"GLM","DTF_Nepal_2017",5.88179500999299,5.88179500999299,1.81876892294031e-09,1.81876892294031e-09,1.31281941266666e-06,1.31281941266666e-06
"Lcu.1GRN.Chr7p53940937",7,53940937,1,0.0555555555555556,8.73456870443979,8.73456870443979,"GLM","DTF_Nepal_2017",5.87755844634122,5.87755844634122,1.84260097045778e-09,1.84260097045778e-09,1.32568869765374e-06,1.32568869765374e-06
"Lcu.1GRN.Chr2p249135386",2,249135386,1,0.279320987654321,8.73412597509897,8.73412597509897,"GLM","DTF_Nepal_2017",5.87755844634122,5.87755844634122,1.84448031614858e-09,1.84448031614858e-09,1.32568869765374e-06,1.32568869765374e-06
"Lcu.1GRN.Chr2p50173498",2,50173498,1,0.256172839506173,8.73213122380596,8.73213122380596,"GLM","DTF_Sask_2017",5.18017298141972,5.18017298141972,1.85297165606119e-09,1.85297165606119e-09,6.604303432762e-06,6.604303432762e-06
"Lcu.1GRN.Chr2p45082293",2,45082293,1,0.174382716049383,8.72926275796274,8.72926275796274,"GLM","DTF_Sask_2017",5.18017298141972,5.18017298141972,1.86525083052853e-09,1.86525083052853e-09,6.604303432762e-06,6.604303432762e-06
"Lcu.1GRN.Chr2p45079647",2,45079647,1,0.155864197530864,8.72404504987272,8.72404504987272,"GLM","DTF_Sask_2017",5.17950290108042,5.17950290108042,1.88779551571062e-09,1.88779551571062e-09,6.61450118992745e-06,6.61450118992745e-06
"Lcu.1GRN.Chr4p500401363",4,500401363,1,0.49537037037037,8.7228191578527,8.7228191578527,"GLM","DTF_Nepal_2017",5.8675836636685,5.8675836636685,1.89313176299772e-09,1.89313176299772e-09,1.35648918736661e-06,1.35648918736661e-06
"Lcu.1GRN.Chr2p248631524",2,248631524,1,0.304012345679012,8.72229918756465,8.72229918756465,"GLM","DTF_Nepal_2017",5.8675836636685,5.8675836636685,1.89539972132316e-09,1.89539972132316e-09,1.35648918736661e-06,1.35648918736661e-06
"Lcu.1GRN.Chr5p459349175",5,459349175,1,0.149691358024691,8.7205665575878,8.7205665575878,"GLM","DTF_Nepal_2017",5.86698820260824,5.86698820260824,1.90297657548602e-09,1.90297657548602e-09,1.35835034499176e-06,1.35835034499176e-06
"Lcu.1GRN.Chr5p148012826",5,148012826,1,0.302469135802469,8.71304509119762,8.71304509119762,"GLM","DTF_Nepal_2017",5.86201005103983,5.86201005103983,1.93622092281803e-09,1.93622092281803e-09,1.37401017541252e-06,1.37401017541252e-06
"Lcu.1GRN.Chr3p402976102",3,402976102,1,0.0570987654320988,8.71122426954148,8.71122426954148,"GLM","DTF_Nepal_2017",5.86110449733447,5.86110449733447,1.94435575759287e-09,1.94435575759287e-09,1.37687813287209e-06,1.37687813287209e-06
"Lcu.1GRN.Chr2p247766379",2,247766379,1,0.299382716049383,8.70792843813482,8.70792843813482,"GLM","DTF_Nepal_2017",5.85872200902344,5.85872200902344,1.95916747320533e-09,1.95916747320533e-09,1.38445228037743e-06,1.38445228037743e-06
"Lcu.1GRN.Chr2p14058220",2,14058220,2,0.0632716049382716,8.70634160461503,7.22759461823397,"GLM","DTF_Nepal_2017;DTF_Sask_2017",5.85804660182327,4.33827096591461,1.96633901072232e-09,5.92114070981509e-08,1.3866070314877e-06,4.58911598418979e-05
"Lcu.1GRN.Chr2p43312218",2,43312218,2,0.171296296296296,8.70504772416761,7.9364582832127,"GLM","DTF_Nepal_2017;DTF_Sask_2017",5.85766223894786,4.67015722945358,1.97220600054641e-09,1.15755521739995e-08,1.38783476105815e-06,2.13718821420922e-05
"Lcu.1GRN.Chr2p85258138",2,85258138,1,0.458333333333333,8.69979669992792,8.69979669992792,"GLM","DTF_Sask_2017",5.16284810210374,5.16284810210374,1.99619654726218e-09,1.99619654726218e-09,6.87308789611582e-06,6.87308789611582e-06
"Lcu.1GRN.Chr2p45339483",2,45339483,1,0.231481481481482,8.69843540824312,8.69843540824312,"GLM","DTF_Sask_2017",5.16284810210374,5.16284810210374,2.00246342185574e-09,2.00246342185574e-09,6.87308789611582e-06,6.87308789611582e-06
"Lcu.1GRN.Chr2p16982263",2,16982263,1,0.0617283950617284,8.69636171210762,8.69636171210762,"GLM","DTF_Nepal_2017",5.8500523139741,5.8500523139741,2.01204777173613e-09,2.01204777173613e-09,1.41236740430285e-06,1.41236740430285e-06
"Lcu.1GRN.Chr1p363539008",1,363539008,1,0.0580645161290323,8.69523062415673,8.69523062415673,"MLM","Cotyledon_Color_RvsY",5.7377911519399,5.7377911519399,2.01729483160262e-09,2.01729483160262e-09,1.82897954345466e-06,1.82897954345466e-06
"Lcu.1GRN.Chr1p488887945",1,488887945,2,0.0725308641975309,8.69483919725945,7.10262830592352,"GLM","DTF_Nepal_2017;DTF_Sask_2017",5.8500523139741,4.25433330313176,2.01911382640458e-09,7.89535558260448e-08,1.41236740430285e-06,5.56758295860361e-05
"Lcu.1GRN.Chr4p262472283",4,262472283,1,0.356481481481482,8.69472061943214,8.69472061943214,"GLM","DTF_Nepal_2017",5.8500523139741,5.8500523139741,2.01966519150117e-09,2.01966519150117e-09,1.41236740430285e-06,1.41236740430285e-06
"Lcu.1GRN.Chr4p496352655",4,496352655,1,0.424382716049383,8.69315707215914,8.69315707215914,"GLM","DTF_Nepal_2017",5.84939072856611,5.84939072856611,2.02694949603329e-09,2.02694949603329e-09,1.41452058326189e-06,1.41452058326189e-06
"Lcu.1GRN.Chr1p558449588",1,558449588,1,0.234567901234568,8.69257478712587,8.69257478712587,"GLM","DTF_Sask_2017",5.16139659989155,5.16139659989155,2.02966897321397e-09,2.02966897321397e-09,6.89609761124307e-06,6.89609761124307e-06
"Lcu.1GRN.Chr7p172623573",7,172623573,1,0.0632716049382716,8.68418484782937,8.68418484782937,"GLM","DTF_Nepal_2017",5.84131859674901,5.84131859674901,2.06926042645218e-09,2.06926042645218e-09,1.44105780924315e-06,1.44105780924315e-06
"Lcu.1GRN.Chr7p633798826",7,633798826,1,0.341049382716049,8.68290749991457,8.68290749991457,"GLM","DTF_Nepal_2017",5.84093947972711,5.84093947972711,2.07535549893649e-09,2.07535549893649e-09,1.44231632874126e-06,1.44231632874126e-06
"Lcu.1GRN.Chr3p26210624",3,26210624,1,0.125,8.6806121995628,8.6806121995628,"GLM","DTF_Nepal_2017",5.83954055633319,5.83954055633319,2.08635304697401e-09,2.08635304697401e-09,1.44696972237424e-06,1.44696972237424e-06
"Lcu.1GRN.Chr5p131766980",5,131766980,1,0.172839506172839,8.6789982646825,8.6789982646825,"GLM","DTF_Nepal_2017",5.83940641931365,5.83940641931365,2.09412082334671e-09,2.09412082334671e-09,1.44741670521868e-06,1.44741670521868e-06
"Lcu.1GRN.Chr7p53113612",7,53113612,1,0.0570987654320988,8.67869083993089,8.67869083993089,"GLM","DTF_Nepal_2017",5.83940641931365,5.83940641931365,2.09560371689702e-09,2.09560371689702e-09,1.44741670521868e-06,1.44741670521868e-06
"Lcu.1GRN.Chr6p440118762",6,440118762,1,0.135802469135803,8.67614953680076,8.67614953680076,"GLM","DTF_Nepal_2017",5.83864501409251,5.83864501409251,2.10790222952294e-09,2.10790222952294e-09,1.44995654240888e-06,1.44995654240888e-06
"Lcu.1GRN.Chr6p440118763",6,440118763,1,0.135802469135803,8.67614953680076,8.67614953680076,"GLM","DTF_Nepal_2017",5.83864501409251,5.83864501409251,2.10790222952294e-09,2.10790222952294e-09,1.44995654240888e-06,1.44995654240888e-06
"Lcu.1GRN.Chr6p420069402",6,420069402,1,0.205246913580247,8.66917951044968,8.66917951044968,"GLM","DTF_Nepal_2017",5.83256220864632,5.83256220864632,2.1420050458511e-09,2.1420050458511e-09,1.47040777807713e-06,1.47040777807713e-06
"Lcu.1GRN.Chr2p43564884",2,43564884,1,0.158950617283951,8.65831479538125,8.65831479538125,"GLM","DTF_Nepal_2017",5.82258290567235,5.82258290567235,2.19626734634217e-09,2.19626734634217e-09,1.50458626983111e-06,1.50458626983111e-06
"Lcu.1GRN.Chr7p1431173",7,1431173,1,0.135802469135803,8.65688198441953,8.65688198441953,"GLM","DTF_Nepal_2017",5.82203370535502,5.82203370535502,2.20352516965199e-09,2.20352516965199e-09,1.50649014378116e-06,1.50649014378116e-06
"Lcu.1GRN.Chr4p390213401",4,390213401,1,0.279320987654321,8.65031839537236,8.65031839537236,"GLM","DTF_Sask_2017",5.13172039664798,5.13172039664798,2.23708046097232e-09,2.23708046097232e-09,7.38379453588574e-06,7.38379453588574e-06
"Lcu.1GRN.Chr2p86839306",2,86839306,1,0.353395061728395,8.64993360671794,8.64993360671794,"GLM","DTF_Sask_2017",5.13172039664798,5.13172039664798,2.23906341186961e-09,2.23906341186961e-09,7.38379453588574e-06,7.38379453588574e-06
"Lcu.1GRN.Chr2p610527821",2,610527821,1,0.282407407407407,8.64958826270627,8.64958826270627,"GLM","DTF_Nepal_2017",5.81579970137673,5.81579970137673,2.240844587297e-09,2.240844587297e-09,1.52827074125679e-06,1.52827074125679e-06
"Lcu.1GRN.Chr4p7084243",4,7084243,1,0.0972222222222222,8.64821599939007,8.64821599939007,"GLM","DTF_Nepal_2017",5.81579970137673,5.81579970137673,2.24793630096034e-09,2.24793630096034e-09,1.52827074125679e-06,1.52827074125679e-06
"Lcu.1GRN.Chr2p43614088",2,43614088,2,0.253086419753086,8.64800788427503,7.52809503961912,"GLM","DTF_Nepal_2017;DTF_Sask_2017",5.81579970137673,4.48258188594788,2.24901377638743e-09,2.96418264626721e-08,1.52827074125679e-06,3.29168382993024e-05
"Lcu.1GRN.Chr4p501024238",4,501024238,1,0.157407407407407,8.64561629992683,8.64561629992683,"GLM","DTF_Nepal_2017",5.81428459458515,5.81428459458515,2.26143286848831e-09,2.26143286848831e-09,1.53361167273147e-06,1.53361167273147e-06
"Lcu.1GRN.Chr3p345164894",3,345164894,1,0.208333333333333,8.64466969866779,8.64466969866779,"GLM","DTF_Nepal_2017",5.81421270556925,5.81421270556925,2.26636733099158e-09,2.26636733099158e-09,1.53386555336749e-06,1.53386555336749e-06
"Lcu.1GRN.Chr2p247038555",2,247038555,1,0.308641975308642,8.63398224646526,8.63398224646526,"GLM","DTF_Nepal_2017",5.8043982073931,5.8043982073931,2.32283174951217e-09,2.32283174951217e-09,1.56892358853044e-06,1.56892358853044e-06
"Lcu.1GRN.Chr3p402979204",3,402979204,1,0.0555555555555556,8.62321507792303,8.62321507792303,"GLM","DTF_Nepal_2017",5.80087419028285,5.80087419028285,2.38113995294672e-09,2.38113995294672e-09,1.58170617354179e-06,1.58170617354179e-06
"Lcu.1GRN.Chr3p403248996",3,403248996,1,0.0555555555555556,8.62321507792303,8.62321507792303,"GLM","DTF_Nepal_2017",5.80087419028285,5.80087419028285,2.38113995294672e-09,2.38113995294672e-09,1.58170617354179e-06,1.58170617354179e-06
"Lcu.1GRN.Chr2p246701536",2,246701536,1,0.305555555555556,8.62016144026518,8.62016144026518,"GLM","DTF_Nepal_2017",5.80087419028285,5.80087419028285,2.39794136670181e-09,2.39794136670181e-09,1.58170617354179e-06,1.58170617354179e-06
"Lcu.1GRN.Chr4p166674674",4,166674674,1,0.0509259259259259,8.62011739601679,8.62011739601679,"GLM","DTF_Nepal_2017",5.80087419028285,5.80087419028285,2.39818456776768e-09,2.39818456776768e-09,1.58170617354179e-06,1.58170617354179e-06
"Lcu.1GRN.Chr4p171013187",4,171013187,1,0.0509259259259259,8.62011739601679,8.62011739601679,"GLM","DTF_Nepal_2017",5.80087419028285,5.80087419028285,2.39818456776768e-09,2.39818456776768e-09,1.58170617354179e-06,1.58170617354179e-06
"Lcu.1GRN.Chr4p171016686",4,171016686,1,0.0509259259259259,8.62011739601679,8.62011739601679,"GLM","DTF_Nepal_2017",5.80087419028285,5.80087419028285,2.39818456776768e-09,2.39818456776768e-09,1.58170617354179e-06,1.58170617354179e-06
"Lcu.1GRN.Chr4p176594575",4,176594575,1,0.0509259259259259,8.62011739601679,8.62011739601679,"GLM","DTF_Nepal_2017",5.80087419028285,5.80087419028285,2.39818456776768e-09,2.39818456776768e-09,1.58170617354179e-06,1.58170617354179e-06
"Lcu.1GRN.Chr4p177335567",4,177335567,1,0.0509259259259259,8.62011739601679,8.62011739601679,"GLM","DTF_Nepal_2017",5.80087419028285,5.80087419028285,2.39818456776768e-09,2.39818456776768e-09,1.58170617354179e-06,1.58170617354179e-06
"Lcu.1GRN.Chr4p179198199",4,179198199,1,0.0509259259259259,8.62011739601679,8.62011739601679,"GLM","DTF_Nepal_2017",5.80087419028285,5.80087419028285,2.39818456776768e-09,2.39818456776768e-09,1.58170617354179e-06,1.58170617354179e-06
"Lcu.1GRN.Chr4p180297692",4,180297692,1,0.0509259259259259,8.62011739601679,8.62011739601679,"GLM","DTF_Nepal_2017",5.80087419028285,5.80087419028285,2.39818456776768e-09,2.39818456776768e-09,1.58170617354179e-06,1.58170617354179e-06
"Lcu.1GRN.Chr4p180306644",4,180306644,1,0.0509259259259259,8.62011739601679,8.62011739601679,"GLM","DTF_Nepal_2017",5.80087419028285,5.80087419028285,2.39818456776768e-09,2.39818456776768e-09,1.58170617354179e-06,1.58170617354179e-06
"Lcu.1GRN.Chr4p180959049",4,180959049,1,0.0509259259259259,8.62011739601679,8.62011739601679,"GLM","DTF_Nepal_2017",5.80087419028285,5.80087419028285,2.39818456776768e-09,2.39818456776768e-09,1.58170617354179e-06,1.58170617354179e-06
"Lcu.1GRN.Chr1p570311238",1,570311238,1,0.266975308641975,8.61693083234202,8.61693083234202,"GLM","DTF_Nepal_2017",5.80014584694266,5.80014584694266,2.41584556204526e-09,2.41584556204526e-09,1.58436103507193e-06,1.58436103507193e-06
"Lcu.1GRN.Chr6p302708933",6,302708933,1,0.219135802469136,8.61688651807054,8.61688651807054,"GLM","DTF_Nepal_2017",5.80014584694266,5.80014584694266,2.41609208117601e-09,2.41609208117601e-09,1.58436103507193e-06,1.58436103507193e-06
"Lcu.1GRN.Chr3p345869604",3,345869604,1,0.205246913580247,8.61684186366272,8.61684186366272,"GLM","DTF_Nepal_2017",5.80014584694266,5.80014584694266,2.4163405179221e-09,2.4163405179221e-09,1.58436103507193e-06,1.58436103507193e-06
"Lcu.1GRN.Chr2p322517268",2,322517268,1,0.058641975308642,8.61447471862028,8.61447471862028,"GLM","DTF_Nepal_2017",5.79862445578368,5.79862445578368,2.42954686796927e-09,2.42954686796927e-09,1.58992099482144e-06,1.58992099482144e-06
"Lcu.1GRN.Chr1p367805757",1,367805757,1,0.125806451612903,8.61156591197912,8.61156591197912,"MLM","Cotyledon_Color_RvsY",5.65878379787496,5.65878379787496,2.44587404261498e-09,2.44587404261498e-09,2.19389683757939e-06,2.19389683757939e-06
"Lcu.1GRN.Chr2p183250104",2,183250104,1,0.123456790123457,8.60407086394133,8.60407086394133,"GLM","DTF_Nepal_2017",5.78935544312852,5.78935544312852,2.48845124392979e-09,2.48845124392979e-09,1.62421888907901e-06,1.62421888907901e-06
"Lcu.1GRN.Chr2p248785709",2,248785709,1,0.305555555555556,8.60351912333319,8.60351912333319,"GLM","DTF_Nepal_2017",5.78935544312852,5.78935544312852,2.49161465531627e-09,2.49161465531627e-09,1.62421888907901e-06,1.62421888907901e-06
"Lcu.1GRN.Chr1p558449671",1,558449671,1,0.243827160493827,8.60022496693082,8.60022496693082,"GLM","DTF_Sask_2017",5.09044492439772,5.09044492439772,2.51058559746806e-09,2.51058559746806e-09,8.11998216984173e-06,8.11998216984173e-06
"Lcu.1GRN.Chr2p246726604",2,246726604,1,0.307098765432099,8.59352919215122,8.59352919215122,"GLM","DTF_Nepal_2017",5.78862659748885,5.78862659748885,2.54959270501554e-09,2.54959270501554e-09,1.62694698903963e-06,1.62694698903963e-06
"Lcu.1GRN.Chr2p247282866",2,247282866,1,0.307098765432099,8.59352919215122,8.59352919215122,"GLM","DTF_Nepal_2017",5.78862659748885,5.78862659748885,2.54959270501554e-09,2.54959270501554e-09,1.62694698903963e-06,1.62694698903963e-06
"Lcu.1GRN.Chr2p247546154",2,247546154,1,0.307098765432099,8.59352919215122,8.59352919215122,"GLM","DTF_Nepal_2017",5.78862659748885,5.78862659748885,2.54959270501554e-09,2.54959270501554e-09,1.62694698903963e-06,1.62694698903963e-06
"Lcu.1GRN.Chr2p247549476",2,247549476,1,0.307098765432099,8.59352919215122,8.59352919215122,"GLM","DTF_Nepal_2017",5.78862659748885,5.78862659748885,2.54959270501554e-09,2.54959270501554e-09,1.62694698903963e-06,1.62694698903963e-06
"Lcu.1GRN.Chr2p247550792",2,247550792,1,0.307098765432099,8.59352919215122,8.59352919215122,"GLM","DTF_Nepal_2017",5.78862659748885,5.78862659748885,2.54959270501554e-09,2.54959270501554e-09,1.62694698903963e-06,1.62694698903963e-06
"Lcu.1GRN.Chr2p247765777",2,247765777,1,0.307098765432099,8.59352919215122,8.59352919215122,"GLM","DTF_Nepal_2017",5.78862659748885,5.78862659748885,2.54959270501554e-09,2.54959270501554e-09,1.62694698903963e-06,1.62694698903963e-06
"Lcu.1GRN.Chr2p248168923",2,248168923,1,0.307098765432099,8.59352919215122,8.59352919215122,"GLM","DTF_Nepal_2017",5.78862659748885,5.78862659748885,2.54959270501554e-09,2.54959270501554e-09,1.62694698903963e-06,1.62694698903963e-06
"Lcu.1GRN.Chr2p248169146",2,248169146,1,0.307098765432099,8.59352919215122,8.59352919215122,"GLM","DTF_Nepal_2017",5.78862659748885,5.78862659748885,2.54959270501554e-09,2.54959270501554e-09,1.62694698903963e-06,1.62694698903963e-06
"Lcu.1GRN.Chr2p248785832",2,248785832,1,0.307098765432099,8.59352919215122,8.59352919215122,"GLM","DTF_Nepal_2017",5.78862659748885,5.78862659748885,2.54959270501554e-09,2.54959270501554e-09,1.62694698903963e-06,1.62694698903963e-06
"Lcu.1GRN.Chr2p249133636",2,249133636,1,0.307098765432099,8.59352919215122,8.59352919215122,"GLM","DTF_Nepal_2017",5.78862659748885,5.78862659748885,2.54959270501554e-09,2.54959270501554e-09,1.62694698903963e-06,1.62694698903963e-06
"Lcu.1GRN.Chr2p10263883",2,10263883,1,0.0740740740740741,8.59127964831911,8.59127964831911,"GLM","DTF_Nepal_2017",5.78862659748885,5.78862659748885,2.56283326074928e-09,2.56283326074928e-09,1.62694698903963e-06,1.62694698903963e-06
"Lcu.1GRN.Chr2p561528064",2,561528064,2,0.0709876543209876,8.59089512689678,7.38935836516822,"GLM","DTF_Nepal_2017;DTF_Sask_2017",5.78862659748885,4.3940239003786,2.56510338096085e-09,4.07982593911809e-08,1.62694698903963e-06,4.03623179900981e-05
"Lcu.1GRN.Chr2p561717594",2,561717594,2,0.0709876543209876,8.59089512689678,7.38935836516822,"GLM","DTF_Nepal_2017;DTF_Sask_2017",5.78862659748885,4.3940239003786,2.56510338096085e-09,4.07982593911809e-08,1.62694698903963e-06,4.03623179900981e-05
"Lcu.1GRN.Chr2p561727775",2,561727775,2,0.0709876543209876,8.59089512689678,7.38935836516822,"GLM","DTF_Nepal_2017;DTF_Sask_2017",5.78862659748885,4.3940239003786,2.56510338096085e-09,4.07982593911809e-08,1.62694698903963e-06,4.03623179900981e-05
"Lcu.1GRN.Chr2p321537149",2,321537149,1,0.058641975308642,8.59034545823926,8.59034545823926,"GLM","DTF_Nepal_2017",5.78862659748885,5.78862659748885,2.56835198215058e-09,2.56835198215058e-09,1.62694698903963e-06,1.62694698903963e-06
"Lcu.1GRN.Chr2p86600607",2,86600607,1,0.405864197530864,8.58582112426642,8.58582112426642,"GLM","DTF_Sask_2017",5.08019704150448,5.08019704150448,2.5952480639597e-09,2.5952480639597e-09,8.31386481457079e-06,8.31386481457079e-06
"Lcu.1GRN.Chr2p10546685",2,10546685,1,0.322530864197531,8.58557137016085,8.58557137016085,"GLM","DTF_Nepal_2017",5.78466962062403,5.78466962062403,2.59674096865367e-09,2.59674096865367e-09,1.64183828835175e-06,1.64183828835175e-06
"Lcu.1GRN.Chr2p43812707",2,43812707,2,0.251543209876543,8.58282787157142,7.36864272712484,"GLM","DTF_Nepal_2017;DTF_Sask_2017",5.78419998509152,4.38465477225215,2.61319686454807e-09,4.27914765988785e-08,1.64361469281263e-06,4.12425232353437e-05
"Lcu.1GRN.Chr2p43812709",2,43812709,2,0.251543209876543,8.58282787157142,7.36864272712484,"GLM","DTF_Nepal_2017;DTF_Sask_2017",5.78419998509152,4.38465477225215,2.61319686454807e-09,4.27914765988785e-08,1.64361469281263e-06,4.12425232353437e-05
"Lcu.1GRN.Chr3p26211357",3,26211357,1,0.12037037037037,8.58265958490217,8.58265958490217,"GLM","DTF_Nepal_2017",5.78419998509152,5.78419998509152,2.61420965984997e-09,2.61420965984997e-09,1.64361469281263e-06,1.64361469281263e-06
"Lcu.1GRN.Chr3p333952775",3,333952775,1,0.174382716049383,8.58089363694225,8.58089363694225,"GLM","DTF_Nepal_2017",5.78324504480315,5.78324504480315,2.62486131943279e-09,2.62486131943279e-09,1.64723270043591e-06,1.64723270043591e-06
"Lcu.1GRN.Chr2p50159657",2,50159657,1,0.361111111111111,8.58074960573999,8.58074960573999,"GLM","DTF_Sask_2017",5.07924208917289,5.07924208917289,2.62573198356805e-09,2.62573198356805e-09,8.33216594449845e-06,8.33216594449845e-06
"Lcu.1GRN.Chr2p248166936",2,248166936,1,0.313271604938272,8.57923844036954,8.57923844036954,"GLM","DTF_Nepal_2017",5.78239934423723,5.78239934423723,2.63488436007304e-09,2.63488436007304e-09,1.65044347773685e-06,1.65044347773685e-06
"Lcu.1GRN.Chr3p444676637",3,444676637,1,0.416666666666667,8.57708369437838,8.57708369437838,"FarmCPU","DTF_Sask_2017",3.35130030821049,3.35130030821049,2.64798978624331e-09,2.64798978624331e-09,0.000445348190214652,0.000445348190214652
"Lcu.1GRN.Chr2p249100768",2,249100768,1,0.219135802469136,8.576672919407,8.576672919407,"GLM","DTF_Nepal_2017",5.78064181324151,5.78064181324151,2.65049555720493e-09,2.65049555720493e-09,1.6571361321382e-06,1.6571361321382e-06
"Lcu.1GRN.Chr4p39749401",4,39749401,1,0.219135802469136,8.57524690635989,8.57524690635989,"GLM","DTF_Nepal_2017",5.78002228971476,5.78002228971476,2.65921280657802e-09,2.65921280657802e-09,1.6595017330431e-06,1.6595017330431e-06
"Lcu.1GRN.Chr2p610454807",2,610454807,1,0.308641975308642,8.564678255947,8.564678255947,"GLM","DTF_Nepal_2017",5.77078891355927,5.77078891355927,2.72471914980671e-09,2.72471914980671e-09,1.6951615241694e-06,1.6951615241694e-06
"Lcu.1GRN.Chr2p249316204",2,249316204,1,0.308641975308642,8.56440503028457,8.56440503028457,"GLM","DTF_Nepal_2017",5.77078891355927,5.77078891355927,2.72643387899421e-09,2.72643387899421e-09,1.6951615241694e-06,1.6951615241694e-06
"Lcu.1GRN.Chr4p35643871",4,35643871,1,0.0756172839506173,8.56225173379786,8.56225173379786,"GLM","DTF_Nepal_2017",5.76943763850437,5.76943763850437,2.73998551048284e-09,2.73998551048284e-09,1.70044410738852e-06,1.70044410738852e-06
"Lcu.1GRN.Chr2p45380256",2,45380256,1,0.222222222222222,8.55849298360399,8.55849298360399,"GLM","DTF_Sask_2017",5.06106337945733,5.06106337945733,2.76380257038625e-09,2.76380257038625e-09,8.68833625414123e-06,8.68833625414123e-06
"Lcu.1GRN.Chr2p244645353",2,244645353,1,0.396604938271605,8.55654167704409,8.55654167704409,"GLM","DTF_Nepal_2017",5.76452812480106,5.76452812480106,2.77624841080811e-09,2.77624841080811e-09,1.71977596537439e-06,1.71977596537439e-06
"Lcu.1GRN.Chr6p172206784",6,172206784,1,0.399068322981366,8.55432228776607,8.55432228776607,"FarmCPU","DTF_Sask_2017_b",4.20360016498988,4.20360016498988,2.79047227714301e-09,2.79047227714301e-09,6.25748525630508e-05,6.25748525630508e-05
"Lcu.1GRN.Chr2p247551131",2,247551131,1,0.308641975308642,8.55343010888474,8.55343010888474,"GLM","DTF_Nepal_2017",5.76221562675104,5.76221562675104,2.79621068623108e-09,2.79621068623108e-09,1.72895772039612e-06,1.72895772039612e-06
"Lcu.1GRN.Chr2p320596800",2,320596800,1,0.0570987654320988,8.54953547102522,8.54953547102522,"GLM","DTF_Nepal_2017",5.75911859146999,5.75911859146999,2.82139913575352e-09,2.82139913575352e-09,1.74133130843304e-06,1.74133130843304e-06
"Lcu.1GRN.Chr5p457681115",5,457681115,1,0.350308641975309,8.54215337865059,8.54215337865059,"GLM","DTF_Nepal_2017",5.75253263952346,5.75253263952346,2.86976689493768e-09,2.86976689493768e-09,1.76793934276466e-06,1.76793934276466e-06
"Lcu.1GRN.Chr3p387937113",3,387937113,1,0.066358024691358,8.53626426329967,8.53626426329967,"GLM","DTF_Nepal_2017",5.74743820780122,5.74743820780122,2.90894651824079e-09,2.90894651824079e-09,1.78880002468208e-06,1.78880002468208e-06
"Lcu.1GRN.Chr6p40076480",6,40076480,1,0.378086419753086,8.53115894412335,8.53115894412335,"GLM","DTF_Sask_2017",5.03776931777843,5.03776931777843,2.94334422456215e-09,2.94334422456215e-09,9.16707284058607e-06,9.16707284058607e-06
"Lcu.1GRN.Chr2p10411272",2,10411272,1,0.0632716049382716,8.52302005667433,8.52302005667433,"GLM","DTF_Nepal_2017",5.73542746290871,5.73542746290871,2.99902401426465e-09,2.99902401426465e-09,1.83896107668933e-06,1.83896107668933e-06
"Lcu.1GRN.Chr7p440952524",7,440952524,1,0.0771604938271605,8.52266850029049,8.52266850029049,"GLM","DTF_Nepal_2017",5.73542746290871,5.73542746290871,3.00145267253458e-09,3.00145267253458e-09,1.83896107668933e-06,1.83896107668933e-06
"Lcu.1GRN.Chr2p247765637",2,247765637,1,0.310185185185185,8.51947561570087,8.51947561570087,"GLM","DTF_Nepal_2017",5.73302492336324,5.73302492336324,3.02360033160257e-09,3.02360033160257e-09,1.8491624958912e-06,1.8491624958912e-06
"Lcu.1GRN.Chr1p362336814",1,362336814,1,0.104838709677419,8.50862620064423,8.50862620064423,"BLINK","Cotyledon_Color_RvsY",4.12264863036868,4.12264863036868,3.10008641058367e-09,3.10008641058367e-09,7.53965319068008e-05,7.53965319068008e-05
"Lcu.1GRN.Chr2p85175233",2,85175233,1,0.453703703703704,8.5074069966793,8.5074069966793,"GLM","DTF_Sask_2017",5.02591659363408,5.02591659363408,3.10880157528648e-09,3.10880157528648e-09,9.42070504030979e-06,9.42070504030979e-06
"Lcu.1GRN.Chr3p403063907",3,403063907,1,0.0709876543209876,8.50700273910438,8.50700273910438,"GLM","DTF_Nepal_2017",5.72187332867691,5.72187332867691,3.11169671150786e-09,3.11169671150786e-09,1.89725921695912e-06,1.89725921695912e-06
"Lcu.1GRN.Chr2p10547202",2,10547202,1,0.322530864197531,8.50674763277958,8.50674763277958,"GLM","DTF_Nepal_2017",5.72187332867691,5.72187332867691,3.1135250716076e-09,3.1135250716076e-09,1.89725921695912e-06,1.89725921695912e-06
"Lcu.1GRN.Chr5p4286790",5,4286790,1,0.128086419753086,8.50550594970652,8.50550594970652,"GLM","DTF_Nepal_2017",5.72141769917934,5.72141769917934,3.12243962942677e-09,3.12243962942677e-09,1.89925072483073e-06,1.89925072483073e-06
"Lcu.1GRN.Chr7p631587796",7,631587796,2,0.379032258064516,8.50333397652231,5.37397255645788,"BLINK;MLMM","Cotyledon_Color_RvsY",4.12264863036868,1.22737041633762,3.13809454166197e-09,4.22695324000359e-06,7.53965319068008e-05,0.059241982520012
"Lcu.1GRN.Chr4p496386660",4,496386660,1,0.475308641975309,8.50003358855857,8.50003358855857,"GLM","DTF_Nepal_2017",5.71672997145512,5.71672997145512,3.16203309744537e-09,3.16203309744537e-09,1.91986207019568e-06,1.91986207019568e-06
"Lcu.1GRN.Chr4p496386657",4,496386657,1,0.458333333333333,8.49692045670973,8.49692045670973,"GLM","DTF_Nepal_2017",5.71440005800053,5.71440005800053,3.18478077745382e-09,3.18478077745382e-09,1.93018946985551e-06,1.93018946985551e-06
"Lcu.1GRN.Chr5p459570418",5,459570418,2,0.108024691358025,8.49598188364056,6.24378948447942,"GLM","DTF_Nepal_2017;DTF_Sask_2017",5.71424329339074,3.69394560690467,3.1916709911532e-09,5.70440714945773e-07,1.93088632424681e-06,0.00020232725670375
"Lcu.1GRN.Chr2p49239423",2,49239423,1,0.270061728395062,8.49268823694555,8.49268823694555,"GLM","DTF_Sask_2017",5.01533537654399,5.01533537654399,3.2159683283222e-09,3.2159683283222e-09,9.65305150566808e-06,9.65305150566808e-06
"Lcu.1GRN.Chr7p643152584",7,643152584,1,0.166666666666667,8.492557025497,8.492557025497,"GLM","DTF_Nepal_2017",5.71259305292727,5.71259305292727,3.21694010123459e-09,3.21694010123459e-09,1.93823730030908e-06,1.93823730030908e-06
"Lcu.1GRN.Chr2p638802920",2,638802920,1,0.325617283950617,8.49220763798324,8.49220763798324,"GLM","DTF_Nepal_2017",5.71259305292727,5.71259305292727,3.21952915309058e-09,3.21952915309058e-09,1.93823730030908e-06,1.93823730030908e-06
"Lcu.1GRN.Chr5p27837825",5,27837825,1,0.253086419753086,8.49199462687272,8.49199462687272,"GLM","DTF_Nepal_2017",5.71259305292727,5.71259305292727,3.22110864285966e-09,3.22110864285966e-09,1.93823730030908e-06,1.93823730030908e-06
"Lcu.1GRN.Chr2p50743755",2,50743755,1,0.276234567901235,8.48907031489245,8.48907031489245,"GLM","DTF_Sask_2017",5.01533537654399,5.01533537654399,3.24287109062569e-09,3.24287109062569e-09,9.65305150566808e-06,9.65305150566808e-06
"Lcu.1GRN.Chr2p610714333",2,610714333,2,0.148148148148148,8.48836453677875,7.28278847546195,"GLM","DTF_Nepal_2017;DTF_Sask_2017",5.70973918195307,4.35814500105717,3.24814541089118e-09,5.21448622511192e-08,1.95101594183077e-06,4.38384306781289e-05
"Lcu.1GRN.Chr4p496371615",4,496371615,1,0.388888888888889,8.48613123817861,8.48613123817861,"GLM","DTF_Nepal_2017",5.7082807176029,5.7082807176029,3.26489156461035e-09,3.26489156461035e-09,1.95757893210925e-06,1.95757893210925e-06
"Lcu.1GRN.Chr6p394487613",6,394487613,1,0.106481481481482,8.48303472326397,8.48303472326397,"GLM","DTF_Nepal_2017",5.70629299582711,5.70629299582711,3.28825339163817e-09,3.28825339163817e-09,1.96655910724472e-06,1.96655910724472e-06
"Lcu.1GRN.Chr3p399676864",3,399676864,1,0.339506172839506,8.48068188317082,8.48068188317082,"BLINK","DTF_Nepal_2017",3.65283850567496,3.65283850567496,3.30611622425402e-09,3.30611622425402e-09,0.00022241367920073,0.00022241367920073
"Lcu.1GRN.Chr2p14111309",2,14111309,2,0.0617283950617284,8.47952331876607,7.31890390135867,"GLM","DTF_Nepal_2017;DTF_Sask_2017",5.70629299582711,4.3718741161436,3.31494770238388e-09,4.79839613544375e-08,1.96655910724472e-06,4.24742661287054e-05
"Lcu.1GRN.Chr2p14111852",2,14111852,2,0.0617283950617284,8.47952331876607,7.31890390135867,"GLM","DTF_Nepal_2017;DTF_Sask_2017",5.70629299582711,4.3718741161436,3.31494770238388e-09,4.79839613544375e-08,1.96655910724472e-06,4.24742661287054e-05
"Lcu.1GRN.Chr2p14162561",2,14162561,2,0.0617283950617284,8.47952331876607,7.31890390135867,"GLM","DTF_Nepal_2017;DTF_Sask_2017",5.70629299582711,4.3718741161436,3.31494770238388e-09,4.79839613544375e-08,1.96655910724472e-06,4.24742661287054e-05
"Lcu.1GRN.Chr2p14165859",2,14165859,2,0.0617283950617284,8.47952331876607,7.31890390135867,"GLM","DTF_Nepal_2017;DTF_Sask_2017",5.70629299582711,4.3718741161436,3.31494770238388e-09,4.79839613544375e-08,1.96655910724472e-06,4.24742661287054e-05
"Lcu.1GRN.Chr2p14200760",2,14200760,2,0.0617283950617284,8.47952331876607,7.31890390135867,"GLM","DTF_Nepal_2017;DTF_Sask_2017",5.70629299582711,4.3718741161436,3.31494770238388e-09,4.79839613544375e-08,1.96655910724472e-06,4.24742661287054e-05
"Lcu.1GRN.Chr3p180388915",3,180388915,1,0.12962962962963,8.47799736301045,8.47799736301045,"GLM","DTF_Sask_2017",5.00808883251505,5.00808883251505,3.3266157317329e-09,3.3266157317329e-09,9.81547152487546e-06,9.81547152487546e-06
"Lcu.1GRN.Chr2p11280279",2,11280279,1,0.333333333333333,8.47651910662448,8.47651910662448,"GLM","DTF_Nepal_2017",5.70405406050362,5.70405406050362,3.33795819619802e-09,3.33795819619802e-09,1.97672356440236e-06,1.97672356440236e-06
"Lcu.1GRN.Chr2p322705876",2,322705876,1,0.0570987654320988,8.4754181048072,8.4754181048072,"GLM","DTF_Nepal_2017",5.7037169893704,5.7037169893704,3.34643115773805e-09,3.34643115773805e-09,1.97825836420892e-06,1.97825836420892e-06
"Lcu.1GRN.Chr4p500974445",4,500974445,1,0.239197530864197,8.46977834347913,8.46977834347913,"GLM","DTF_Nepal_2017",5.69883981731975,5.69883981731975,3.3901714057679e-09,3.3901714057679e-09,2.00059962323497e-06,2.00059962323497e-06
"Lcu.1GRN.Chr5p148267652",5,148267652,1,0.296296296296296,8.46498116085674,8.46498116085674,"GLM","DTF_Nepal_2017",5.69480388727071,5.69480388727071,3.42782655700363e-09,3.42782655700363e-09,2.01927799562109e-06,2.01927799562109e-06
"Lcu.1GRN.Chr2p322517039",2,322517039,1,0.0601851851851852,8.46173193739002,8.46173193739002,"GLM","DTF_Nepal_2017",5.69231458435117,5.69231458435117,3.45356840571859e-09,3.45356840571859e-09,2.03088539147962e-06,2.03088539147962e-06
"Lcu.1GRN.Chr2p579775614",2,579775614,1,0.228395061728395,8.45233727120919,8.45233727120919,"GLM","DTF_Nepal_2017",5.6836785113447,5.6836785113447,3.52908995750581e-09,3.52908995750581e-09,2.07167434858003e-06,2.07167434858003e-06
"Lcu.1GRN.Chr7p1548264",7,1548264,1,0.106481481481482,8.44988764146017,8.44988764146017,"GLM","DTF_Nepal_2017",5.68198615202627,5.68198615202627,3.5490519669013e-09,3.5490519669013e-09,2.07976300165625e-06,2.07976300165625e-06
"Lcu.1GRN.Chr5p456051155",5,456051155,1,0.317901234567901,8.44773917810681,8.44773917810681,"GLM","DTF_Sask_2017",4.98233597152895,4.98233597152895,3.56665269654632e-09,3.56665269654632e-09,1.04151140128038e-05,1.04151140128038e-05
"Lcu.1GRN.Chr2p49712998",2,49712998,1,0.416666666666667,8.44469136413391,8.44469136413391,"GLM","DTF_Sask_2017",4.98233597152895,4.98233597152895,3.59177096886806e-09,3.59177096886806e-09,1.04151140128038e-05,1.04151140128038e-05
"Lcu.1GRN.Chr2p44640548",2,44640548,1,0.191358024691358,8.43732260269413,8.43732260269413,"GLM","DTF_Nepal_2017",5.67017706555189,5.67017706555189,3.65323321272846e-09,3.65323321272846e-09,2.13709060185362e-06,2.13709060185362e-06
"Lcu.1GRN.Chr6p40077071",6,40077071,1,0.371913580246914,8.43091476936852,8.43091476936852,"GLM","DTF_Sask_2017",4.97848274296703,4.97848274296703,3.70753475302652e-09,3.70753475302652e-09,1.05079320813096e-05,1.05079320813096e-05
"Lcu.1GRN.Chr2p86428148",2,86428148,1,0.459876543209877,8.43079650535906,8.43079650535906,"GLM","DTF_Sask_2017",4.97848274296703,4.97848274296703,3.70854450021204e-09,3.70854450021204e-09,1.05079320813096e-05,1.05079320813096e-05
"Lcu.1GRN.Chr5p505203141",5,505203141,1,0.0509259259259259,8.42939627153212,8.42939627153212,"GLM","DTF_Nepal_2017",5.66300537312346,5.66300537312346,3.72052072816041e-09,3.72052072816041e-09,2.1726742982103e-06,2.1726742982103e-06
"Lcu.1GRN.Chr2p561724675",2,561724675,2,0.0725308641975309,8.42817852950312,6.88576622764976,"GLM","DTF_Nepal_2017;DTF_Sask_2017",5.66254096082698,4.11769780715171,3.73096753887801e-09,1.30086962265471e-07,2.17499888760794e-06,7.62609467991764e-05
"Lcu.1GRN.Chr2p45095412",2,45095412,1,0.236111111111111,8.42649117689137,8.42649117689137,"GLM","DTF_Sask_2017",4.97848274296703,4.97848274296703,3.74549156283889e-09,3.74549156283889e-09,1.05079320813096e-05,1.05079320813096e-05
"Lcu.1GRN.Chr2p85175138",2,85175138,1,0.45679012345679,8.42611487875128,8.42611487875128,"GLM","DTF_Sask_2017",4.97848274296703,4.97848274296703,3.74873828216546e-09,3.74873828216546e-09,1.05079320813096e-05,1.05079320813096e-05
"Lcu.1GRN.Chr2p14583534",2,14583534,1,0.0570987654320988,8.42416007016705,8.42416007016705,"GLM","DTF_Nepal_2017",5.65927452675571,5.65927452675571,3.76564980897231e-09,3.76564980897231e-09,2.19141925483493e-06,2.19141925483493e-06
"Lcu.1GRN.Chr5p136000031",5,136000031,1,0.334876543209877,8.4193520822139,8.4193520822139,"GLM","DTF_Nepal_2017",5.65521726410946,5.65521726410946,3.80757018804533e-09,3.80757018804533e-09,2.21198784359628e-06,2.21198784359628e-06
"Lcu.1GRN.Chr4p412171300",4,412171300,1,0.0833333333333334,8.41851366205617,8.41851366205617,"GLM","DTF_Sask_2017",4.97705217064014,4.97705217064014,3.81492793072503e-09,3.81492793072503e-09,1.05426024330727e-05,1.05426024330727e-05
"Lcu.1GRN.Chr1p539580141",1,539580141,1,0.307098765432099,8.41750572179727,8.41750572179727,"GLM","DTF_Sask_2017",4.97705217064014,4.97705217064014,3.82379215807396e-09,3.82379215807396e-09,1.05426024330727e-05,1.05426024330727e-05
"Lcu.1GRN.Chr2p246696248",2,246696248,1,0.294753086419753,8.40352616532647,8.40352616532647,"GLM","DTF_Nepal_2017",5.64014077705753,5.64014077705753,3.94887907468795e-09,3.94887907468795e-09,2.29012518571648e-06,2.29012518571648e-06
"Lcu.1GRN.Chr5p146055124",5,146055124,1,0.310185185185185,8.40190568426753,8.40190568426753,"GLM","DTF_Nepal_2017",5.63926843482598,5.63926843482598,3.9636410330146e-09,3.9636410330146e-09,2.29472985086407e-06,2.29472985086407e-06
"Lcu.1GRN.Chr6p300129274",6,300129274,1,0.174382716049383,8.39546447090321,8.39546447090321,"GLM","DTF_Nepal_2017",5.63357407372123,5.63357407372123,4.02286565221069e-09,4.02286565221069e-09,2.3250158949092e-06,2.3250158949092e-06
"Lcu.1GRN.Chr6p420963307",6,420963307,2,0.203703703703704,8.39338628559272,7.88247315406885,"GLM;FarmCPU","DTF_Sask_2017;DTF_Sask_2017_b",4.95647801520024,3.25874975922892,4.04216199455498e-09,1.31077106522881e-08,1.10540642570933e-05,0.000551125163622275
"Lcu.1GRN.Chr4p451382688",4,451382688,1,0.404320987654321,8.3928014159103,8.3928014159103,"GLM","DTF_Nepal_2017",5.63165658883743,5.63165658883743,4.0476092906231e-09,4.0476092906231e-09,2.33530393526419e-06,2.33530393526419e-06
"Lcu.1GRN.Chr7p52453505",7,52453505,1,0.148148148148148,8.39184269568734,8.39184269568734,"GLM","DTF_Nepal_2017",5.63155486314318,5.63155486314318,4.05655439905523e-09,4.05655439905523e-09,2.33585100240021e-06,2.33585100240021e-06
"Lcu.1GRN.Chr4p167202988",4,167202988,1,0.0524691358024691,8.39121237889288,8.39121237889288,"GLM","DTF_Nepal_2017",5.63155486314318,5.63155486314318,4.06244618646931e-09,4.06244618646931e-09,2.33585100240021e-06,2.33585100240021e-06
"Lcu.1GRN.Chr2p247283633",2,247283633,1,0.310185185185185,8.38789010039518,8.38789010039518,"GLM","DTF_Nepal_2017",5.6289743345814,5.6289743345814,4.09364237551019e-09,4.09364237551019e-09,2.34977168075637e-06,2.34977168075637e-06
"Lcu.1GRN.Chr3p344546149",3,344546149,1,0.361111111111111,8.38024550476657,8.38024550476657,"GLM","DTF_Nepal_2017",5.62207022418231,5.62207022418231,4.16633795630176e-09,4.16633795630176e-09,2.38742521183536e-06,2.38742521183536e-06
"Lcu.1GRN.Chr5p459452302",5,459452302,2,0.123456790123457,8.37939084093539,6.91239268756108,"GLM","DTF_Nepal_2017;DTF_Sask_2017",5.62195478517966,4.13321136641993,4.17454511651077e-09,1.22350940600874e-07,2.38805989320642e-06,7.3584888065241e-05
"Lcu.1GRN.Chr2p247765633",2,247765633,1,0.311728395061728,8.3776028979731,8.3776028979731,"GLM","DTF_Nepal_2017",5.62090481092833,5.62090481092833,4.19176668828721e-09,4.19176668828721e-09,2.39384038308846e-06,2.39384038308846e-06
"Lcu.1GRN.Chr4p500864668",4,500864668,1,0.237654320987654,8.37598079042278,8.37598079042278,"GLM","DTF_Nepal_2017",5.62001942023305,5.62001942023305,4.20745238244198e-09,4.20745238244198e-09,2.39872565343197e-06,2.39872565343197e-06
"Lcu.1GRN.Chr5p448143626",5,448143626,1,0.0570987654320988,8.37266712812221,8.37266712812221,"GLM","DTF_Nepal_2017",5.61744122717159,5.61744122717159,4.23967798374992e-09,4.23967798374992e-09,2.41300806152286e-06,2.41300806152286e-06
"Lcu.1GRN.Chr3p402707425",3,402707425,1,0.115740740740741,8.37034224928681,8.37034224928681,"GLM","DTF_Nepal_2017",5.61585057417785,5.61585057417785,4.26243481779735e-09,4.26243481779735e-09,2.42186218303723e-06,2.42186218303723e-06
"Lcu.1GRN.Chr2p85192595",2,85192595,1,0.458333333333333,8.36336496422467,8.36336496422467,"GLM","DTF_Sask_2017",4.9372933411885,4.9372933411885,4.33146725704154e-09,4.33146725704154e-09,1.15533161787894e-05,1.15533161787894e-05
"Lcu.1GRN.Chr5p456048706",5,456048706,1,0.327160493827161,8.36289262473952,8.36289262473952,"GLM","DTF_Sask_2017",4.9372933411885,4.9372933411885,4.33618073160259e-09,4.33618073160259e-09,1.15533161787894e-05,1.15533161787894e-05
"Lcu.1GRN.Chr4p474466711",4,474466711,1,0.410493827160494,8.36235897525196,8.36235897525196,"GLM","DTF_Nepal_2017",5.60860028678435,5.60860028678435,4.3415121898538e-09,4.3415121898538e-09,2.46263310415608e-06,2.46263310415608e-06
"Lcu.1GRN.Chr2p14107999",2,14107999,2,0.0632716049382716,8.36015440189951,7.526521684171,"GLM","DTF_Nepal_2017;DTF_Sask_2017",5.60785798579618,4.48258188594788,4.36360668182255e-09,2.97494071742708e-08,2.46684586343631e-06,3.29168382993024e-05
"Lcu.1GRN.Chr2p14203941",2,14203941,2,0.0632716049382716,8.36015440189951,7.526521684171,"GLM","DTF_Nepal_2017;DTF_Sask_2017",5.60785798579618,4.48258188594788,4.36360668182255e-09,2.97494071742708e-08,2.46684586343631e-06,3.29168382993024e-05
"Lcu.1GRN.Chr2p50068898",2,50068898,1,0.327160493827161,8.35955653169273,8.35955653169273,"GLM","DTF_Sask_2017",4.9372933411885,4.9372933411885,4.36961796474026e-09,4.36961796474026e-09,1.15533161787894e-05,1.15533161787894e-05
"Lcu.1GRN.Chr4p39749551",4,39749551,1,0.243827160493827,8.3589789893395,8.3589789893395,"GLM","DTF_Nepal_2017",5.60741186724786,5.60741186724786,4.37543272479426e-09,4.37543272479426e-09,2.46938117339072e-06,2.46938117339072e-06
"Lcu.1GRN.Chr5p455355768",5,455355768,1,0.311728395061728,8.35689675337251,8.35689675337251,"GLM","DTF_Sask_2017",4.9372933411885,4.9372933411885,4.39646121910011e-09,4.39646121910011e-09,1.15533161787894e-05,1.15533161787894e-05
"Lcu.1GRN.Chr4p474403066",4,474403066,1,0.407407407407407,8.35623801846848,8.35623801846848,"GLM","DTF_Nepal_2017",5.60585795069498,5.60585795069498,4.40313480139308e-09,4.40313480139308e-09,2.47823250689048e-06,2.47823250689048e-06
"Lcu.1GRN.Chr4p500366616",4,500366616,1,0.475308641975309,8.35597014853845,8.35597014853845,"GLM","DTF_Nepal_2017",5.60585795069498,5.60585795069498,4.40585146319498e-09,4.40585146319498e-09,2.47823250689048e-06,2.47823250689048e-06
"Lcu.1GRN.Chr4p39750019",4,39750019,1,0.208333333333333,8.35466955360032,8.35466955360032,"GLM","DTF_Nepal_2017",5.60569295858098,5.60569295858098,4.41906557750312e-09,4.41906557750312e-09,2.47917418705754e-06,2.47917418705754e-06
"Lcu.1GRN.Chr2p44212967",2,44212967,1,0.166666666666667,8.35377440760613,8.35377440760613,"GLM","DTF_Nepal_2017",5.60569295858098,5.60569295858098,4.42818332702871e-09,4.42818332702871e-09,2.47917418705754e-06,2.47917418705754e-06
"Lcu.1GRN.Chr4p175764539",4,175764539,1,0.058641975308642,8.35363186841012,8.35363186841012,"GLM","DTF_Nepal_2017",5.60569295858098,5.60569295858098,4.42963693353266e-09,4.42963693353266e-09,2.47917418705754e-06,2.47917418705754e-06
"Lcu.1GRN.Chr5p27837907",5,27837907,1,0.25,8.35089758789349,8.35089758789349,"GLM","DTF_Nepal_2017",5.60368069731944,5.60368069731944,4.45761352143501e-09,4.45761352143501e-09,2.490687852765e-06,2.490687852765e-06
"Lcu.1GRN.Chr2p43932115",2,43932115,1,0.368827160493827,8.34758278076015,8.34758278076015,"GLM","DTF_Nepal_2017",5.6011774111783,5.6011774111783,4.49176699054255e-09,4.49176699054255e-09,2.50508570561556e-06,2.50508570561556e-06
"Lcu.1GRN.Chr3p414960024",3,414960024,1,0.407407407407407,8.34695385438905,8.34695385438905,"GLM","DTF_Nepal_2017",5.6011774111783,5.6011774111783,4.49827648429185e-09,4.49827648429185e-09,2.50508570561556e-06,2.50508570561556e-06
"Lcu.1GRN.Chr5p135650803",5,135650803,1,0.33641975308642,8.34496395571733,8.34496395571733,"GLM","DTF_Nepal_2017",5.59990594853792,5.59990594853792,4.51893447727939e-09,4.51893447727939e-09,2.51243046829593e-06,2.51243046829593e-06
"Lcu.1GRN.Chr2p10547060",2,10547060,1,0.415123456790123,8.3435979742401,8.3435979742401,"GLM","DTF_Nepal_2017",5.59925721657451,5.59925721657451,4.53317020631717e-09,4.53317020631717e-09,2.5161862422249e-06,2.5161862422249e-06
"Lcu.1GRN.Chr2p630477418",2,630477418,1,0.214506172839506,8.34217047717708,8.34217047717708,"GLM","DTF_Nepal_2017",5.59854578642046,5.59854578642046,4.54809495001988e-09,4.54809495001988e-09,2.52031145643054e-06,2.52031145643054e-06
"Lcu.1GRN.Chr2p248169291",2,248169291,1,0.308641975308642,8.34069502593045,8.34069502593045,"GLM","DTF_Nepal_2017",5.59778522337131,5.59778522337131,4.56357270651027e-09,4.56357270651027e-09,2.52472904699135e-06,2.52472904699135e-06
"Lcu.1GRN.Chr2p50160779",2,50160779,1,0.339506172839506,8.33856236548091,8.33856236548091,"GLM","DTF_Sask_2017",4.92947131419163,4.92947131419163,4.5860378472823e-09,4.5860378472823e-09,1.17632868040991e-05,1.17632868040991e-05
"Lcu.1GRN.Chr2p247765568",2,247765568,1,0.328703703703704,8.33809959702713,8.33809959702713,"GLM","DTF_Nepal_2017",5.59590350782813,5.59590350782813,4.59092716741569e-09,4.59092716741569e-09,2.53569195159625e-06,2.53569195159625e-06
"Lcu.1GRN.Chr2p49705488",2,49705488,1,0.316358024691358,8.33045759631596,8.33045759631596,"GLM","DTF_Sask_2017",4.92947131419163,4.92947131419163,4.67242569617209e-09,4.67242569617209e-09,1.17632868040991e-05,1.17632868040991e-05
"Lcu.1GRN.Chr1p540390387",1,540390387,1,0.234567901234568,8.32651932130442,8.32651932130442,"GLM","DTF_Sask_2017",4.92947131419163,4.92947131419163,4.71498894380252e-09,4.71498894380252e-09,1.17632868040991e-05,1.17632868040991e-05
"Lcu.1GRN.Chr2p86425649",2,86425649,1,0.455246913580247,8.32471708894772,8.32471708894772,"GLM","DTF_Sask_2017",4.92947131419163,4.92947131419163,4.73459582772882e-09,4.73459582772882e-09,1.17632868040991e-05,1.17632868040991e-05
"Lcu.1GRN.Chr1p562751608",1,562751608,1,0.276234567901235,8.32404560564878,8.32404560564878,"GLM","DTF_Nepal_2017",5.58256205882768,5.58256205882768,4.74192187303407e-09,4.74192187303407e-09,2.61479677814238e-06,2.61479677814238e-06
"Lcu.1GRN.Chr1p558275288",1,558275288,1,0.28858024691358,8.32329630913842,8.32329630913842,"GLM","DTF_Sask_2017",4.92947131419163,4.92947131419163,4.75011026258033e-09,4.75011026258033e-09,1.17632868040991e-05,1.17632868040991e-05
"Lcu.1GRN.Chr2p37309574",2,37309574,1,0.223765432098765,8.32274578765328,8.32274578765328,"GLM","DTF_Sask_2017",4.92947131419163,4.92947131419163,4.75613542754632e-09,4.75613542754632e-09,1.17632868040991e-05,1.17632868040991e-05
"Lcu.1GRN.Chr4p46158014",4,46158014,1,0.195987654320988,8.31105023589816,8.31105023589816,"FarmCPU","DTF_Sask_2017",3.26135810878595,3.26135810878595,4.88595839005876e-09,4.88595839005876e-09,0.000547825055262965,0.000547825055262965
"Lcu.1GRN.Chr7p633790216",7,633790216,1,0.339506172839506,8.31101387970444,8.31101387970444,"GLM","DTF_Nepal_2017",5.57095192001813,5.57095192001813,4.88636742653637e-09,4.88636742653637e-09,2.6856417518983e-06,2.6856417518983e-06
"Lcu.1GRN.Chr7p633792449",7,633792449,1,0.339506172839506,8.31101387970444,8.31101387970444,"GLM","DTF_Nepal_2017",5.57095192001813,5.57095192001813,4.88636742653637e-09,4.88636742653637e-09,2.6856417518983e-06,2.6856417518983e-06
"Lcu.1GRN.Chr2p248978302",2,248978302,1,0.305555555555556,8.30916252141164,8.30916252141164,"GLM","DTF_Nepal_2017",5.56980961409818,5.56980961409818,4.90724203280798e-09,4.90724203280798e-09,2.69271497691602e-06,2.69271497691602e-06
"Lcu.1GRN.Chr5p131734521",5,131734521,1,0.464506172839506,8.30841753499514,8.30841753499514,"GLM","DTF_Nepal_2017",5.56977252430444,5.56977252430444,4.915667113479e-09,4.915667113479e-09,2.69294495107425e-06,2.69294495107425e-06
"Lcu.1GRN.Chr5p135807135",5,135807135,1,0.359567901234568,8.30417892001452,8.30417892001452,"GLM","DTF_Nepal_2017",5.56624065395806,5.56624065395806,4.96387778198309e-09,4.96387778198309e-09,2.71493443559725e-06,2.71493443559725e-06
"Lcu.1GRN.Chr2p85996216",2,85996216,1,0.447530864197531,8.30328192888117,8.30328192888117,"GLM","DTF_Sask_2017",4.9131891142057,4.9131891142057,4.97414076219546e-09,4.97414076219546e-09,1.22126774142876e-05,1.22126774142876e-05
"Lcu.1GRN.Chr3p375936387",3,375936387,1,0.183641975308642,8.30069706784432,8.30069706784432,"GLM","DTF_Nepal_2017",5.56431994628727,5.56431994628727,5.00383444271677e-09,5.00383444271677e-09,2.72696807555326e-06,2.72696807555326e-06
"Lcu.1GRN.Chr4p39749927",4,39749927,1,0.217592592592593,8.30010867791902,8.30010867791902,"GLM","DTF_Nepal_2017",5.56431994628727,5.56431994628727,5.01061832146509e-09,5.01061832146509e-09,2.72696807555326e-06,2.72696807555326e-06
"Lcu.1GRN.Chr5p37926892",5,37926892,1,0.138888888888889,8.2983412309202,8.2983412309202,"GLM","DTF_Nepal_2017",5.56431994628727,5.56431994628727,5.03105157074372e-09,5.03105157074372e-09,2.72696807555326e-06,2.72696807555326e-06
"Lcu.1GRN.Chr4p496233985",4,496233985,1,0.308641975308642,8.29827462302671,8.29827462302671,"GLM","DTF_Nepal_2017",5.56431994628727,5.56431994628727,5.03182324402133e-09,5.03182324402133e-09,2.72696807555326e-06,2.72696807555326e-06
"Lcu.1GRN.Chr2p43812951",2,43812951,2,0.260802469135803,8.29825028897099,7.43200325905191,"GLM","DTF_Nepal_2017;DTF_Sask_2017",5.56431994628727,4.40941866940357,5.03210519118547e-09,3.69825404509653e-08,2.72696807555326e-06,3.89566255186709e-05
"Lcu.1GRN.Chr2p14200756",2,14200756,2,0.0601851851851852,8.29804172794257,7.24057014847778,"GLM","DTF_Nepal_2017;DTF_Sask_2017",5.56431994628727,4.34458292791939,5.03452233696698e-09,5.74684986597755e-08,2.72696807555326e-06,4.52290089931028e-05
"Lcu.1GRN.Chr7p633645868",7,633645868,1,0.304012345679012,8.29603285701805,8.29603285701805,"GLM","DTF_Nepal_2017",5.56300985987699,5.56300985987699,5.05786394739632e-09,5.05786394739632e-09,2.73520662764286e-06,2.73520662764286e-06
"Lcu.1GRN.Chr2p248977999",2,248977999,1,0.302469135802469,8.29463526529475,8.29463526529475,"GLM","DTF_Nepal_2017",5.56272659089195,5.56272659089195,5.07416674492823e-09,5.07416674492823e-09,2.73699125069079e-06,2.73699125069079e-06
"Lcu.1GRN.Chr1p560430675",1,560430675,1,0.12962962962963,8.2943553830414,8.2943553830414,"GLM","DTF_Nepal_2017",5.56272659089195,5.56272659089195,5.07743785933535e-09,5.07743785933535e-09,2.73699125069079e-06,2.73699125069079e-06
"Lcu.1GRN.Chr2p593957865",2,593957865,2,0.217592592592593,8.28665142281904,6.36625272968642,"GLM","DTF_Nepal_2017;DTF_Sask_2017",5.55641237419759,3.77292663570325,5.16831026215724e-09,4.30276146332335e-07,2.77707510854799e-06,0.000168683795470127
"Lcu.1GRN.Chr2p51503159",2,51503159,1,0.330246913580247,8.28289512330861,8.28289512330861,"GLM","DTF_Sask_2017",4.89596082787797,4.89596082787797,5.21320588314388e-09,5.21320588314388e-09,1.27068871253294e-05,1.27068871253294e-05
"Lcu.1GRN.Chr2p561728322",2,561728322,2,0.0802469135802469,8.27875811610992,6.76476862977247,"GLM","DTF_Nepal_2017;DTF_Sask_2017",5.54921227510876,4.03321255084982,5.26310317642435e-09,1.71882384606057e-07,2.8234995632286e-06,9.2637632862976e-05
"Lcu.1GRN.Chr2p248170687",2,248170687,1,0.339506172839506,8.27601755830749,8.27601755830749,"GLM","DTF_Nepal_2017",5.54716382021281,5.54716382021281,5.2964203029787e-09,5.2964203029787e-09,2.83684873893636e-06,2.83684873893636e-06
"Lcu.1GRN.Chr2p86600335",2,86600335,1,0.387345679012346,8.27445117474539,8.27445117474539,"GLM","DTF_Sask_2017",4.89065259316761,4.89065259316761,5.31555755933138e-09,5.31555755933138e-09,1.28631521551052e-05,1.28631521551052e-05
"Lcu.1GRN.Chr2p86593367",2,86593367,1,0.401234567901235,8.2669792246781,8.2669792246781,"GLM","DTF_Sask_2017",4.88629387852446,4.88629387852446,5.40780191599942e-09,5.40780191599942e-09,1.29929007648498e-05,1.29929007648498e-05
"Lcu.1GRN.Chr2p322070626",2,322070626,1,0.0570987654320988,8.26606486834176,8.26606486834176,"GLM","DTF_Nepal_2017",5.53842562363007,5.53842562363007,5.41919940551115e-09,5.41919940551115e-09,2.89450548161073e-06,2.89450548161073e-06
"Lcu.1GRN.Chr5p505282188",5,505282188,1,0.0524691358024691,8.26575450560169,8.26575450560169,"GLM","DTF_Nepal_2017",5.53842562363007,5.53842562363007,5.42307354798753e-09,5.42307354798753e-09,2.89450548161073e-06,2.89450548161073e-06
"Lcu.1GRN.Chr7p602963410",7,602963410,1,0.0524691358024691,8.26434939143518,8.26434939143518,"GLM","DTF_Nepal_2017",5.53842562363007,5.53842562363007,5.44064774707725e-09,5.44064774707725e-09,2.89450548161073e-06,2.89450548161073e-06
"Lcu.1GRN.Chr4p496274031",4,496274031,1,0.37962962962963,8.26430173260771,8.26430173260771,"GLM","DTF_Nepal_2017",5.53842562363007,5.53842562363007,5.44124482839179e-09,5.44124482839179e-09,2.89450548161073e-06,2.89450548161073e-06
"Lcu.1GRN.Chr2p561701100",2,561701100,1,0.223765432098765,8.26383529544459,8.26383529544459,"GLM","DTF_Nepal_2017",5.53842562363007,5.53842562363007,5.44709192596061e-09,5.44709192596061e-09,2.89450548161073e-06,2.89450548161073e-06
"Lcu.1GRN.Chr2p630477299",2,630477299,1,0.212962962962963,8.2628544862104,8.2628544862104,"GLM","DTF_Nepal_2017",5.53813036226025,5.53813036226025,5.45940752202556e-09,5.45940752202556e-09,2.89647402202078e-06,2.89647402202078e-06
"Lcu.1GRN.Chr5p131734555",5,131734555,1,0.46141975308642,8.26054830408899,8.26054830408899,"GLM","DTF_Nepal_2017",5.53678475143314,5.53678475143314,5.48847507045879e-09,5.48847507045879e-09,2.90546232655659e-06,2.90546232655659e-06
"Lcu.1GRN.Chr5p448129927",5,448129927,1,0.0570987654320988,8.26014101761661,8.26014101761661,"GLM","DTF_Nepal_2017",5.53678475143314,5.53678475143314,5.49362464121032e-09,5.49362464121032e-09,2.90546232655659e-06,2.90546232655659e-06
"Lcu.1GRN.Chr6p14300967",6,14300967,1,0.0617283950617284,8.25917723583225,8.25917723583225,"GLM","DTF_Nepal_2017",5.53650328633573,5.53650328633573,5.50582957323311e-09,5.50582957323311e-09,2.9073459592774e-06,2.9073459592774e-06
"Lcu.1GRN.Chr7p633957291",7,633957291,1,0.361111111111111,8.24961036524324,8.24961036524324,"GLM","DTF_Nepal_2017",5.52761766213253,5.52761766213253,5.62846065757222e-09,5.62846065757222e-09,2.96744267398996e-06,2.96744267398996e-06
"Lcu.1GRN.Chr5p141083261",5,141083261,1,0.396604938271605,8.24854331593396,8.24854331593396,"GLM","DTF_Nepal_2017",5.52723079226049,5.52723079226049,5.64230662948737e-09,5.64230662948737e-09,2.97008725202e-06,2.97008725202e-06
"Lcu.1GRN.Chr2p246775030",2,246775030,1,0.310185185185185,8.24626299135731,8.24626299135731,"GLM","DTF_Nepal_2017",5.52562958350932,5.52562958350932,5.6720102714838e-09,5.6720102714838e-09,2.98105793591905e-06,2.98105793591905e-06
"Lcu.1GRN.Chr4p470919734",4,470919734,1,0.0524691358024691,8.24395506377819,8.24395506377819,"GLM","DTF_Nepal_2017",5.52399971146514,5.52399971146514,5.70223269930533e-09,5.70223269930533e-09,2.99226662459787e-06,2.99226662459787e-06
"Lcu.1GRN.Chr7p419054790",7,419054790,1,0.0941358024691358,8.24253651753413,8.24253651753413,"GLM","DTF_Nepal_2017",5.52325816377111,5.52325816377111,5.72088848693645e-09,5.72088848693645e-09,2.99738021446317e-06,2.99738021446317e-06
"Lcu.1GRN.Chr6p40023078",6,40023078,1,0.368827160493827,8.2416535463229,8.2416535463229,"GLM","DTF_Sask_2017",4.86649405663243,4.86649405663243,5.73253155068832e-09,5.73253155068832e-09,1.35989677349354e-05,1.35989677349354e-05
"Lcu.1GRN.Chr2p86600361",2,86600361,1,0.344135802469136,8.24101909408124,8.24101909408124,"GLM","DTF_Sask_2017",4.86649405663243,4.86649405663243,5.74091221303169e-09,5.74091221303169e-09,1.35989677349354e-05,1.35989677349354e-05
"Lcu.1GRN.Chr7p645896249",7,645896249,1,0.132716049382716,8.23634942916644,8.23634942916644,"GLM","DTF_Nepal_2017",5.51774702025879,5.51774702025879,5.80297327985368e-09,5.80297327985368e-09,3.03565896302417e-06,3.03565896302417e-06
"Lcu.1GRN.Chr2p86496270",2,86496270,1,0.459876543209877,8.23445050520682,8.23445050520682,"GLM","DTF_Sask_2017",4.86297316084001,4.86297316084001,5.82840194961371e-09,5.82840194961371e-09,1.37096648852148e-05,1.37096648852148e-05
"Lcu.1GRN.Chr2p48156226",2,48156226,1,0.342592592592593,8.22565964143697,8.22565964143697,"GLM","DTF_Sask_2017",4.85958553548623,4.85958553548623,5.94758090639072e-09,5.94758090639072e-09,1.38170224906355e-05,1.38170224906355e-05
"Lcu.1GRN.Chr5p1445012",5,1445012,1,0.140432098765432,8.22549597413426,8.22549597413426,"GLM","DTF_Nepal_2017",5.50824230693765,5.50824230693765,5.94982272158651e-09,5.94982272158651e-09,3.10282793704169e-06,3.10282793704169e-06
"Lcu.1GRN.Chr1p542732389",1,542732389,1,0.117283950617284,8.22503091508313,8.22503091508313,"GLM","DTF_Sask_2017",4.85958553548623,4.85958553548623,5.95619743061044e-09,5.95619743061044e-09,1.38170224906355e-05,1.38170224906355e-05
"Lcu.1GRN.Chr2p561528088",2,561528088,2,0.0725308641975309,8.21571137641977,7.33265072854681,"GLM","DTF_Nepal_2017;DTF_Sask_2017",5.49960695686708,4.3718741161436,6.08539290179084e-09,4.64889001321403e-08,3.16514086512993e-06,4.24742661287054e-05
"Lcu.1GRN.Chr6p299852976",6,299852976,1,0.0848765432098766,8.21551605803026,8.21551605803026,"GLM","DTF_Nepal_2017",5.49960695686708,5.49960695686708,6.08813034494782e-09,6.08813034494782e-09,3.16514086512993e-06,3.16514086512993e-06
"Lcu.1GRN.Chr2p43812670",2,43812670,2,0.251543209876543,8.20281107644018,7.04788417321957,"GLM","DTF_Nepal_2017;DTF_Sask_2017",5.4875727004789,4.22004079572372,6.26886508879135e-09,8.95603592090253e-08,3.2540730606813e-06,6.02502986921244e-05
"Lcu.1GRN.Chr2p16979212",2,16979212,1,0.106481481481482,8.20086423159064,8.20086423159064,"GLM","DTF_Nepal_2017",5.48629554655913,5.48629554655913,6.29703008783767e-09,6.29703008783767e-09,3.26365657866825e-06,3.26365657866825e-06
"Lcu.1GRN.Chr2p45305215",2,45305215,1,0.0972222222222222,8.19918801809554,8.19918801809554,"GLM","DTF_Sask_2017",4.8367274920481,4.8367274920481,6.32138122047495e-09,6.32138122047495e-09,1.45637262807363e-05,1.45637262807363e-05
"Lcu.1GRN.Chr4p496227541",4,496227541,1,0.368827160493827,8.19698613930129,8.19698613930129,"GLM","DTF_Nepal_2017",5.48308611411227,5.48308611411227,6.35351209040436e-09,6.35351209040436e-09,3.28786430971237e-06,3.28786430971237e-06
"Lcu.1GRN.Chr2p610527829",2,610527829,1,0.294753086419753,8.19187961181775,8.19187961181775,"GLM","DTF_Nepal_2017",5.47864721855407,5.47864721855407,6.42865897639754e-09,6.42865897639754e-09,3.32164168035931e-06,3.32164168035931e-06
"Lcu.1GRN.Chr5p459570433",5,459570433,2,0.115740740740741,8.18989414113262,6.31613058993407,"GLM","DTF_Nepal_2017;DTF_Sask_2017",5.47732835503267,3.73821896907241,6.45811625821486e-09,4.82913570782193e-07,3.3317441586303e-06,0.000182717872962086
"Lcu.1GRN.Chr1p445204495",1,445204495,1,0.237654320987654,8.18462630664362,8.18462630664362,"GLM","DTF_Nepal_2017",5.4732057143066,5.4732057143066,6.53692787709715e-09,6.53692787709715e-09,3.36352210105443e-06,3.36352210105443e-06
"Lcu.1GRN.Chr5p150138231",5,150138231,1,0.253086419753086,8.18444134781421,8.18444134781421,"GLM","DTF_Nepal_2017",5.4732057143066,5.4732057143066,6.53971243935819e-09,6.53971243935819e-09,3.36352210105443e-06,3.36352210105443e-06
"Lcu.1GRN.Chr5p11870903",5,11870903,1,0.146604938271605,8.18231710463117,8.18231710463117,"GLM","DTF_Nepal_2017",5.47174502279108,5.47174502279108,6.57177816915316e-09,6.57177816915316e-09,3.37485390446342e-06,3.37485390446342e-06
"Lcu.1GRN.Chr2p44147574",2,44147574,1,0.183641975308642,8.18140141047055,8.18140141047055,"GLM","DTF_Nepal_2017",5.47149186801433,5.47149186801433,6.5856491431089e-09,6.5856491431089e-09,3.376821715427e-06,3.376821715427e-06
"Lcu.1GRN.Chr5p456048373",5,456048373,1,0.345679012345679,8.18012554969233,8.18012554969233,"GLM","DTF_Sask_2017",4.82567398164411,4.82567398164411,6.60502476503713e-09,6.60502476503713e-09,1.49391544868074e-05,1.49391544868074e-05
"Lcu.1GRN.Chr6p328051496",6,328051496,1,0.239197530864197,8.17987338113187,8.17987338113187,"GLM","DTF_Nepal_2017",5.47062536885978,5.47062536885978,6.60886101739702e-09,6.60886101739702e-09,3.38356583537106e-06,3.38356583537106e-06
"Lcu.1GRN.Chr2p85993396",2,85993396,1,0.483024691358025,8.17930109506371,8.17930109506371,"GLM","DTF_Sask_2017",4.82567398164411,4.82567398164411,6.61757550096861e-09,6.61757550096861e-09,1.49391544868074e-05,1.49391544868074e-05
"Lcu.1GRN.Chr2p186061424",2,186061424,1,0.239197530864197,8.17861817973585,8.17861817973585,"GLM","DTF_Nepal_2017",5.47038927454726,5.47038927454726,6.62798963005286e-09,6.62798963005286e-09,3.38540573400712e-06,3.38540573400712e-06
"Lcu.1GRN.Chr2p322270666",2,322270666,1,0.0679012345679012,8.17831724178512,8.17831724178512,"GLM","DTF_Nepal_2017",5.47038927454726,5.47038927454726,6.63258398924596e-09,6.63258398924596e-09,3.38540573400712e-06,3.38540573400712e-06
"Lcu.1GRN.Chr1p585143942",1,585143942,1,0.0679012345679012,8.17510709046689,8.17510709046689,"GLM","DTF_Nepal_2017",5.46783764417688,5.46783764417688,6.68179134359437e-09,6.68179134359437e-09,3.40535471041032e-06,3.40535471041032e-06
"Lcu.1GRN.Chr2p86496027",2,86496027,1,0.45679012345679,8.17496393357465,8.17496393357465,"GLM","DTF_Sask_2017",4.82531630296462,4.82531630296462,6.68399423171255e-09,6.68399423171255e-09,1.49514632272064e-05,1.49514632272064e-05
"Lcu.1GRN.Chr2p246042325",2,246042325,1,0.313271604938272,8.17398831648269,8.17398831648269,"GLM","DTF_Nepal_2017",5.46737639413645,5.46737639413645,6.69902631090841e-09,6.69902631090841e-09,3.40897334814119e-06,3.40897334814119e-06
"Lcu.1GRN.Chr4p418017899",4,418017899,1,0.101851851851852,8.17286102770481,8.17286102770481,"GLM","DTF_Sask_2017",4.82531630296462,4.82531630296462,6.71643741540989e-09,6.71643741540989e-09,1.49514632272064e-05,1.49514632272064e-05
"Lcu.1GRN.Chr5p1685054",5,1685054,2,0.21141975308642,8.16907757398065,6.22273411790854,"GLM;MLM","DTF_Nepal_2017",5.4634193203001,1.99695073174065,6.77520477625583e-09,5.98778064465146e-07,3.44017614241766e-06,0.0100704590604974
"Lcu.1GRN.Chr1p562129504",1,562129504,1,0.242283950617284,8.1687191737272,8.1687191737272,"GLM","DTF_Nepal_2017",5.4634193203001,5.4634193203001,6.78079830192292e-09,6.78079830192292e-09,3.44017614241766e-06,3.44017614241766e-06
"Lcu.1GRN.Chr1p558275435",1,558275435,1,0.302469135802469,8.16798268147702,8.16798268147702,"GLM","DTF_Sask_2017",4.82531630296462,4.82531630296462,6.79230718013719e-09,6.79230718013719e-09,1.49514632272064e-05,1.49514632272064e-05
"Lcu.1GRN.Chr2p44147580",2,44147580,1,0.183641975308642,8.16772813122511,8.16772813122511,"GLM","DTF_Nepal_2017",5.46308282876125,5.46308282876125,6.79628947872469e-09,6.79628947872469e-09,3.44284262513582e-06,3.44284262513582e-06
"Lcu.1GRN.Chr5p456048359",5,456048359,1,0.350308641975309,8.16619869614771,8.16619869614771,"GLM","DTF_Sask_2017",4.82531630296462,4.82531630296462,6.82026585501454e-09,6.82026585501454e-09,1.49514632272064e-05,1.49514632272064e-05
"Lcu.1GRN.Chr5p456047827",5,456047827,1,0.362654320987654,8.16460896396003,8.16460896396003,"GLM","DTF_Sask_2017",4.82531630296462,4.82531630296462,6.84527714368468e-09,6.84527714368468e-09,1.49514632272064e-05,1.49514632272064e-05
"Lcu.1GRN.Chr6p431625536",6,431625536,1,0.307453416149068,8.16457488915895,8.16457488915895,"FarmCPU","DTF_Sask_2017_b",3.86768353379097,3.86768353379097,6.84581424608288e-09,6.84581424608288e-09,0.000135617728571577,0.000135617728571577
"Lcu.1GRN.Chr3p344742571",3,344742571,1,0.259259259259259,8.16208146268191,8.16208146268191,"GLM","DTF_Nepal_2017",5.45880953626887,5.45880953626887,6.88523134671247e-09,6.88523134671247e-09,3.47688609962969e-06,3.47688609962969e-06
"Lcu.1GRN.Chr2p559998840",2,559998840,1,0.236111111111111,8.16102505772822,8.16102505772822,"GLM","DTF_Nepal_2017",5.45880953626887,5.45880953626887,6.90199979842527e-09,6.90199979842527e-09,3.47688609962969e-06,3.47688609962969e-06
"Lcu.1GRN.Chr2p560796104",2,560796104,1,0.236111111111111,8.16102505772822,8.16102505772822,"GLM","DTF_Nepal_2017",5.45880953626887,5.45880953626887,6.90199979842527e-09,6.90199979842527e-09,3.47688609962969e-06,3.47688609962969e-06
"Lcu.1GRN.Chr4p496872397",4,496872397,1,0.109567901234568,8.1608464556252,8.1608464556252,"GLM","DTF_Nepal_2017",5.45880953626887,5.45880953626887,6.90483880568734e-09,6.90483880568734e-09,3.47688609962969e-06,3.47688609962969e-06
"Lcu.1GRN.Chr3p437381468",3,437381468,1,0.319875776397516,8.15878603995394,8.15878603995394,"FarmCPU","DTF_Sask_2017_b",3.86768353379097,3.86768353379097,6.93767514181247e-09,6.93767514181247e-09,0.000135617728571577,0.000135617728571577
"Lcu.1GRN.Chr2p86496230",2,86496230,1,0.462962962962963,8.15877768565919,8.15877768565919,"GLM","DTF_Sask_2017",4.82486621123902,4.82486621123902,6.93780859950735e-09,6.93780859950735e-09,1.49669665746497e-05,1.49669665746497e-05
"Lcu.1GRN.Chr2p86496037",2,86496037,1,0.459876543209877,8.15855499471644,8.15855499471644,"GLM","DTF_Sask_2017",4.82486621123902,4.82486621123902,6.94136697608668e-09,6.94136697608668e-09,1.49669665746497e-05,1.49669665746497e-05
"Lcu.1GRN.Chr7p1430802",7,1430802,1,0.128086419753086,8.15738544769195,8.15738544769195,"GLM","DTF_Nepal_2017",5.4559981836279,5.4559981836279,6.96008514176949e-09,6.96008514176949e-09,3.49946630625049e-06,3.49946630625049e-06
"Lcu.1GRN.Chr3p417612646",3,417612646,1,0.467592592592593,8.15482842686171,8.15482842686171,"GLM","DTF_Nepal_2017",5.45408984773066,5.45408984773066,7.00118531427039e-09,7.00118531427039e-09,3.51487716508237e-06,3.51487716508237e-06
"Lcu.1GRN.Chr5p2415583",5,2415583,1,0.194444444444444,8.13823137967439,8.13823137967439,"GLM","DTF_Nepal_2017",5.43814051801151,5.43814051801151,7.27392167549544e-09,7.27392167549544e-09,3.646359481701e-06,3.646359481701e-06
"Lcu.1GRN.Chr2p86600898",2,86600898,1,0.388888888888889,8.13650306765743,8.13650306765743,"GLM","DTF_Sask_2017",4.80558933823479,4.80558933823479,7.3029265440211e-09,7.3029265440211e-09,1.56462642855589e-05,1.56462642855589e-05
"Lcu.1GRN.Chr2p183853342",2,183853342,1,0.296296296296296,8.13411690389322,8.13411690389322,"GLM","DTF_Nepal_2017",5.43467279511517,5.43467279511517,7.34316177469197e-09,7.34316177469197e-09,3.67559121527948e-06,3.67559121527948e-06
"Lcu.1GRN.Chr2p610279498",2,610279498,1,0.214506172839506,8.12871956282729,8.12871956282729,"GLM","DTF_Nepal_2017",5.4299212452194,5.4299212452194,7.43499082922379e-09,7.43499082922379e-09,3.71602609250151e-06,3.71602609250151e-06
"Lcu.1GRN.Chr3p414413946",3,414413946,1,0.203703703703704,8.12619783760284,8.12619783760284,"GLM","DTF_Nepal_2017",5.42804435230628,5.42804435230628,7.47828758553063e-09,7.47828758553063e-09,3.73212041584894e-06,3.73212041584894e-06
"Lcu.1GRN.Chr1p524716113",1,524716113,1,0.0972222222222222,8.12287383801573,8.12287383801573,"GLM","DTF_Nepal_2017",5.42600715212549,5.42600715212549,7.53574444339575e-09,7.53574444339575e-09,3.74966827099364e-06,3.74966827099364e-06
"Lcu.1GRN.Chr1p524716868",1,524716868,1,0.0972222222222222,8.12287383801573,8.12287383801573,"GLM","DTF_Nepal_2017",5.42600715212549,5.42600715212549,7.53574444339575e-09,7.53574444339575e-09,3.74966827099364e-06,3.74966827099364e-06
"Lcu.1GRN.Chr2p561719200",2,561719200,2,0.185185185185185,8.12095700322171,7.70222860117506,"GLM","DTF_Sask_2017;DTF_Nepal_2017",5.10562473341169,4.79505044652973,7.5690782801795e-09,1.98504976440532e-08,7.84106883753908e-06,1.60305917264557e-05
"Lcu.1GRN.Chr1p558449550",1,558449550,1,0.237654320987654,8.12046670404115,8.12046670404115,"GLM","DTF_Sask_2017",4.79505044652973,4.79505044652973,7.57762825873663e-09,7.57762825873663e-09,1.60305917264557e-05,1.60305917264557e-05
"Lcu.1GRN.Chr2p14584478",2,14584478,1,0.0617283950617284,8.11995557744684,8.11995557744684,"GLM","DTF_Nepal_2017",5.42373086430011,5.42373086430011,7.58655171401102e-09,7.58655171401102e-09,3.76937317634674e-06,3.76937317634674e-06
"Lcu.1GRN.Chr3p417612664",3,417612664,1,0.464506172839506,8.11920745164653,8.11920745164653,"GLM","DTF_Nepal_2017",5.42362376368172,5.42362376368172,7.59963174762853e-09,7.59963174762853e-09,3.770302849638e-06,3.770302849638e-06
"Lcu.1GRN.Chr3p344522268",3,344522268,1,0.452160493827161,8.11422464226206,8.11422464226206,"GLM","DTF_Nepal_2017",5.41947069717211,5.41947069717211,7.68732704346783e-09,7.68732704346783e-09,3.80653040253644e-06,3.80653040253644e-06
"Lcu.1GRN.Chr5p131725377",5,131725377,1,0.450617283950617,8.11377516629774,8.11377516629774,"GLM","DTF_Nepal_2017",5.41947069717211,5.41947069717211,7.69528721225559e-09,7.69528721225559e-09,3.80653040253644e-06,3.80653040253644e-06
"Lcu.1GRN.Chr6p3170168",6,3170168,1,0.369565217391304,8.11095198679298,8.11095198679298,"FarmCPU","DTF_Sask_2017_b",3.86768353379097,3.86768353379097,7.74547422768297e-09,7.74547422768297e-09,0.000135617728571577,0.000135617728571577
"Lcu.1GRN.Chr2p247292359",2,247292359,1,0.344135802469136,8.11014888960202,8.11014888960202,"GLM","DTF_Nepal_2017",5.41648261968293,5.41648261968293,7.75981040682582e-09,7.75981040682582e-09,3.83281078871187e-06,3.83281078871187e-06
"Lcu.1GRN.Chr4p322397822",4,322397822,1,0.0667701863354038,8.10816024773648,8.10816024773648,"FarmCPU","DTF_Sask_2017_b",3.86768353379097,3.86768353379097,7.79542418731491e-09,7.79542418731491e-09,0.000135617728571577,0.000135617728571577
"Lcu.1GRN.Chr5p156348343",5,156348343,1,0.319444444444444,8.10790141324274,8.10790141324274,"GLM","DTF_Nepal_2017",5.41487240606734,5.41487240606734,7.80007155481994e-09,7.80007155481994e-09,3.8470479012905e-06,3.8470479012905e-06
"Lcu.1GRN.Chr3p344522016",3,344522016,1,0.449074074074074,8.1023336513476,8.1023336513476,"GLM","DTF_Nepal_2017",5.41057637123584,5.41057637123584,7.90071414026619e-09,7.90071414026619e-09,3.88529168599257e-06,3.88529168599257e-06
"Lcu.1GRN.Chr3p344522038",3,344522038,1,0.449074074074074,8.1023336513476,8.1023336513476,"GLM","DTF_Nepal_2017",5.41057637123584,5.41057637123584,7.90071414026619e-09,7.90071414026619e-09,3.88529168599257e-06,3.88529168599257e-06
"Lcu.1GRN.Chr2p44147606",2,44147606,1,0.21141975308642,8.09980353918816,8.09980353918816,"GLM","DTF_Nepal_2017",5.40990605197879,5.40990605197879,7.94687644476572e-09,7.94687644476572e-09,3.89129313632508e-06,3.89129313632508e-06
"Lcu.1GRN.Chr2p249133361",2,249133361,1,0.308641975308642,8.09976269675111,8.09976269675111,"GLM","DTF_Nepal_2017",5.40990605197879,5.40990605197879,7.94762382949376e-09,7.94762382949376e-09,3.89129313632508e-06,3.89129313632508e-06
"Lcu.1GRN.Chr5p456049263",5,456049263,1,0.33641975308642,8.09921962251064,8.09921962251064,"GLM","DTF_Sask_2017",4.78192125522139,4.78192125522139,7.95756834801255e-09,7.95756834801255e-09,1.6522613534049e-05,1.6522613534049e-05
"Lcu.1GRN.Chr5p456049271",5,456049271,1,0.33641975308642,8.09921962251064,8.09921962251064,"GLM","DTF_Sask_2017",4.78192125522139,4.78192125522139,7.95756834801255e-09,7.95756834801255e-09,1.6522613534049e-05,1.6522613534049e-05
"Lcu.1GRN.Chr5p3498321",5,3498321,1,0.0879629629629629,8.09795296031908,8.09795296031908,"GLM","DTF_Nepal_2017",5.40872801672272,5.40872801672272,7.98081125042333e-09,7.98081125042333e-09,3.90186270039411e-06,3.90186270039411e-06
"Lcu.1GRN.Chr5p145440870",5,145440870,1,0.304012345679012,8.09690034793699,8.09690034793699,"GLM","DTF_Nepal_2017",5.40830618801274,5.40830618801274,8.00017803916961e-09,8.00017803916961e-09,3.90565440711374e-06,3.90565440711374e-06
"Lcu.1GRN.Chr4p322379767",4,322379767,1,0.118012422360248,8.09346691995887,8.09346691995887,"FarmCPU","DTF_Sask_2017_b",3.86768353379097,3.86768353379097,8.0636761972237e-09,8.0636761972237e-09,0.000135617728571577,0.000135617728571577
"Lcu.1GRN.Chr4p500990317",4,500990317,1,0.358024691358025,8.09245237649722,8.09245237649722,"GLM","DTF_Nepal_2017",5.40637222927715,5.40637222927715,8.08253555048755e-09,8.08253555048755e-09,3.92308547692763e-06,3.92308547692763e-06
"Lcu.1GRN.Chr4p500990383",4,500990383,1,0.358024691358025,8.09245237649722,8.09245237649722,"GLM","DTF_Nepal_2017",5.40637222927715,5.40637222927715,8.08253555048755e-09,8.08253555048755e-09,3.92308547692763e-06,3.92308547692763e-06
"Lcu.1GRN.Chr4p500990518",4,500990518,1,0.358024691358025,8.09245237649722,8.09245237649722,"GLM","DTF_Nepal_2017",5.40637222927715,5.40637222927715,8.08253555048755e-09,8.08253555048755e-09,3.92308547692763e-06,3.92308547692763e-06
"Lcu.1GRN.Chr4p500990525",4,500990525,1,0.358024691358025,8.09245237649722,8.09245237649722,"GLM","DTF_Nepal_2017",5.40637222927715,5.40637222927715,8.08253555048755e-09,8.08253555048755e-09,3.92308547692763e-06,3.92308547692763e-06
"Lcu.1GRN.Chr2p45088043",2,45088043,1,0.118827160493827,8.08623536771766,8.08623536771766,"GLM","DTF_Sask_2017",4.77160959028975,4.77160959028975,8.19907071819231e-09,8.19907071819231e-09,1.69196123942711e-05,1.69196123942711e-05
"Lcu.1GRN.Chr2p248170629",2,248170629,1,0.328703703703704,8.08518175919545,8.08518175919545,"GLM","DTF_Nepal_2017",5.39984404312851,5.39984404312851,8.21898600230883e-09,8.21898600230883e-09,3.98250158090074e-06,3.98250158090074e-06
"Lcu.1GRN.Chr4p501360459",4,501360459,1,0.242283950617284,8.0846001948424,8.0846001948424,"GLM","DTF_Nepal_2017",5.39984404312851,5.39984404312851,8.22999943045577e-09,8.22999943045577e-09,3.98250158090074e-06,3.98250158090074e-06
"Lcu.1GRN.Chr2p248164711",2,248164711,1,0.308641975308642,8.08404818534982,8.08404818534982,"GLM","DTF_Nepal_2017",5.39984404312851,5.39984404312851,8.24046681246054e-09,8.24046681246054e-09,3.98250158090074e-06,3.98250158090074e-06
"Lcu.1GRN.Chr3p440691864",3,440691864,1,0.0679012345679012,8.07554845216846,8.07554845216846,"GLM","DTF_Nepal_2017",5.3919678484346,5.3919678484346,8.40333249888621e-09,8.40333249888621e-09,4.0553855705206e-06,4.0553855705206e-06
"Lcu.1GRN.Chr2p195892341",2,195892341,1,0.243827160493827,8.07266412355695,8.07266412355695,"GLM","DTF_Nepal_2017",5.38970616434824,5.38970616434824,8.45932823226993e-09,8.45932823226993e-09,4.07655997063601e-06,4.07655997063601e-06
"Lcu.1GRN.Chr2p248741549",2,248741549,1,0.307098765432099,8.07032882008827,8.07032882008827,"GLM","DTF_Nepal_2017",5.38799261400208,5.38799261400208,8.50493854652046e-09,8.50493854652046e-09,4.09267620039692e-06,4.09267620039692e-06
"Lcu.1GRN.Chr1p488852653",1,488852653,2,0.0740740740740741,8.06794668504443,6.73585031759163,"GLM","DTF_Nepal_2017;DTF_Sask_2017",5.38624433065314,4.01521690974365,8.55171689217688e-09,1.83717142728515e-07,4.10918476565699e-06,9.65568502315036e-05
"Lcu.1GRN.Chr6p397073044",6,397073044,1,0.095679012345679,8.06733969451835,8.06733969451835,"GLM","DTF_Nepal_2017",5.38624433065314,5.38624433065314,8.56367753294927e-09,8.56367753294927e-09,4.10918476565699e-06,4.10918476565699e-06
"Lcu.1GRN.Chr2p318847700",2,318847700,1,0.066358024691358,8.0661260626068,8.0661260626068,"GLM","DTF_Nepal_2017",5.38564979290473,5.38564979290473,8.58764211939548e-09,8.58764211939548e-09,4.11481398400954e-06,4.11481398400954e-06
"Lcu.1GRN.Chr2p85175399",2,85175399,1,0.455246913580247,8.06396257863408,8.06396257863408,"GLM","DTF_Sask_2017",4.75334018570088,4.75334018570088,8.63052910276083e-09,8.63052910276083e-09,1.76465501339181e-05,1.76465501339181e-05
"Lcu.1GRN.Chr5p456053436",5,456053436,1,0.33179012345679,8.06266962331885,8.06266962331885,"GLM","DTF_Sask_2017",4.75334018570088,4.75334018570088,8.65626167875113e-09,8.65626167875113e-09,1.76465501339181e-05,1.76465501339181e-05
"Lcu.1GRN.Chr3p297576112",3,297576112,1,0.066358024691358,8.05894204794793,8.05894204794793,"GLM","DTF_Nepal_2017",5.37908399113588,5.37908399113588,8.73087865050727e-09,8.73087865050727e-09,4.17749567430324e-06,4.17749567430324e-06
"Lcu.1GRN.Chr6p431626106",6,431626106,1,0.309006211180124,8.05202478824743,8.05202478824743,"FarmCPU","DTF_Sask_2017_b",3.86763408723777,3.86763408723777,8.8710537723583e-09,8.8710537723583e-09,0.000135633170193038,0.000135633170193038
"Lcu.1GRN.Chr7p11012268",7,11012268,1,0.154320987654321,8.05096548342613,8.05096548342613,"GLM","DTF_Nepal_2017",5.37175722495541,5.37175722495541,8.89271792013491e-09,8.89271792013491e-09,4.24856996970657e-06,4.24856996970657e-06
"Lcu.1GRN.Chr3p402976349",3,402976349,1,0.0570987654320988,8.05038148979588,8.05038148979588,"GLM","DTF_Nepal_2017",5.37175722495541,5.37175722495541,8.9046839572346e-09,8.9046839572346e-09,4.24856996970657e-06,4.24856996970657e-06
"Lcu.1GRN.Chr7p1559267",7,1559267,1,0.364197530864197,8.04594511792129,8.04594511792129,"GLM","DTF_Nepal_2017",5.36817193591188,5.36817193591188,8.99611258812356e-09,8.99611258812356e-09,4.28378892874606e-06,4.28378892874606e-06
"Lcu.1GRN.Chr4p471973816",4,471973816,1,0.395061728395062,8.04556590394686,8.04556590394686,"GLM","DTF_Nepal_2017",5.36817193591188,5.36817193591188,9.00397117619583e-09,9.00397117619583e-09,4.28378892874606e-06,4.28378892874606e-06
"Lcu.1GRN.Chr2p67624796",2,67624796,1,0.145061728395062,8.04316800914431,8.04316800914431,"GLM","DTF_Nepal_2017",5.3663878850022,5.3663878850022,9.05382281160716e-09,9.05382281160716e-09,4.30142262383032e-06,4.30142262383032e-06
"Lcu.1GRN.Chr4p500982673",4,500982673,1,0.240740740740741,8.0425382592163,8.0425382592163,"GLM","DTF_Nepal_2017",5.36637111256749,5.36637111256749,9.06696085582147e-09,9.06696085582147e-09,4.30158874779986e-06,4.30158874779986e-06
"Lcu.1GRN.Chr6p40023114",6,40023114,1,0.368827160493827,8.04209546689889,8.04209546689889,"GLM","DTF_Sask_2017",4.74827819545918,4.74827819545918,9.07620994403498e-09,9.07620994403498e-09,1.78534357324281e-05,1.78534357324281e-05
"Lcu.1GRN.Chr5p148849761",5,148849761,1,0.257716049382716,8.03984338682837,8.03984338682837,"GLM","DTF_Nepal_2017",5.36451357605279,5.36451357605279,9.12339783593098e-09,9.12339783593098e-09,4.32002662996577e-06,4.32002662996577e-06
"Lcu.1GRN.Chr2p187430002",2,187430002,1,0.265432098765432,8.03945735715489,8.03945735715489,"GLM","DTF_Nepal_2017",5.36451357605279,5.36451357605279,9.13151092082655e-09,9.13151092082655e-09,4.32002662996577e-06,4.32002662996577e-06
"Lcu.1GRN.Chr6p4614496",6,4614496,1,0.371913580246914,8.03478051430583,8.03478051430583,"FarmCPU","DTF_Nepal_2017",3.46220964191328,3.46220964191328,9.23037798281109e-09,9.23037798281109e-09,0.000344977172327135,0.000344977172327135
"Lcu.1GRN.Chr5p485827550",5,485827550,1,0.128086419753086,8.03421487006493,8.03421487006493,"GLM","DTF_Nepal_2017",5.35988148186991,5.35988148186991,9.24240786562901e-09,9.24240786562901e-09,4.36634972828376e-06,4.36634972828376e-06
"Lcu.1GRN.Chr3p345919251",3,345919251,2,0.435185185185185,8.02156358083198,6.3860660528408,"GLM","DTF_Nepal_2017;DTF_Sask_2017",5.34783972885197,3.78404866680684,9.51560529190999e-09,4.11087193158443e-07,4.4891102457558e-06,0.000164418746612516
"Lcu.1GRN.Chr2p248632116",2,248632116,1,0.313271604938272,8.01884126417438,8.01884126417438,"GLM","DTF_Nepal_2017",5.34572609411868,5.34572609411868,9.57543992300812e-09,9.57543992300812e-09,4.51101120529758e-06,4.51101120529758e-06
"Lcu.1GRN.Chr2p50229456",2,50229456,1,0.300925925925926,8.01593477902462,8.01593477902462,"GLM","DTF_Sask_2017",4.7246498441003,4.7246498441003,9.6397377929569e-09,9.6397377929569e-09,1.88516841988577e-05,1.88516841988577e-05
"Lcu.1GRN.Chr4p39750035",4,39750035,1,0.205246913580247,8.01450706622444,8.01450706622444,"GLM","DTF_Nepal_2017",5.34199972619364,5.34199972619364,9.67147990460302e-09,9.67147990460302e-09,4.54988347003022e-06,4.54988347003022e-06
"Lcu.1GRN.Chr1p585143599",1,585143599,1,0.0694444444444444,8.013842624082,8.013842624082,"GLM","DTF_Nepal_2017",5.34194226455798,5.34194226455798,9.68628796086492e-09,9.68628796086492e-09,4.55048550632996e-06,4.55048550632996e-06
"Lcu.1GRN.Chr3p414075946",3,414075946,1,0.387345679012346,8.0115987141947,8.0115987141947,"GLM","DTF_Nepal_2017",5.34030448803063,5.34030448803063,9.73646452446406e-09,9.73646452446406e-09,4.56767833012609e-06,4.56767833012609e-06
"Lcu.1GRN.Chr2p248776046",2,248776046,1,0.307098765432099,8.01088051957315,8.01088051957315,"GLM","DTF_Nepal_2017",5.34019158198357,5.34019158198357,9.75257907770826e-09,9.75257907770826e-09,4.56886597023885e-06,4.56886597023885e-06
"Lcu.1GRN.Chr4p180273383",4,180273383,1,0.0540123456790124,8.00837867809643,8.00837867809643,"GLM","DTF_Nepal_2017",5.33829418664744,5.33829418664744,9.80892292243663e-09,9.80892292243663e-09,4.58887062121174e-06,4.58887062121174e-06
"Lcu.1GRN.Chr5p4374431",5,4374431,1,0.0709876543209876,8.00577802081122,8.00577802081122,"GLM","DTF_Nepal_2017",5.33661567000675,5.33661567000675,9.86783727545607e-09,9.86783727545607e-09,4.60664059068947e-06,4.60664059068947e-06
"Lcu.1GRN.Chr2p559999026",2,559999026,1,0.234567901234568,8.00549378711919,8.00549378711919,"GLM","DTF_Nepal_2017",5.33661567000675,5.33661567000675,9.8742976150666e-09,9.8742976150666e-09,4.60664059068947e-06,4.60664059068947e-06
"Lcu.1GRN.Chr2p610276907",2,610276907,2,0.212962962962963,8.00341717231095,6.98160740032446,"GLM","DTF_Nepal_2017;DTF_Sask_2017",5.33514098804871,4.17577976264633,9.92162544255893e-09,1.04326010428487e-07,4.62230939783549e-06,6.67145002847887e-05
"Lcu.1GRN.Chr1p541560896",1,541560896,1,0.229938271604938,8.00029849667363,8.00029849667363,"GLM","DTF_Sask_2017",4.71153121797055,4.71153121797055,9.99312922155153e-09,9.99312922155153e-09,1.94298202130961e-05,1.94298202130961e-05
"Lcu.1GRN.Chr4p14484871",4,14484871,1,0.0725308641975309,7.99910311880259,7.99910311880259,"FarmCPU","DTF_Sask_2017",3.25044098735435,3.25044098735435,1.00206727915653e-08,1.00206727915653e-08,0.000561770607480074,0.000561770607480074
"Lcu.1GRN.Chr6p435447976",6,435447976,1,0.151234567901235,7.99776079280618,7.99776079280618,"GLM","DTF_Nepal_2017",5.33008570826883,5.33008570826883,1.00516927996652e-08,1.00516927996652e-08,4.67642842592669e-06,4.67642842592669e-06
"Lcu.1GRN.Chr6p388815050",6,388815050,1,0.320987654320988,7.99700955072245,7.99700955072245,"GLM","DTF_Nepal_2017",5.32993473508772,5.32993473508772,1.00690952530738e-08,1.00690952530738e-08,4.67805436877166e-06,4.67805436877166e-06
"Lcu.1GRN.Chr6p328051127",6,328051127,1,0.236111111111111,7.9944214850067,7.9944214850067,"GLM","DTF_Nepal_2017",5.3282166704477,5.3282166704477,1.01292785690968e-08,1.01292785690968e-08,4.69659735896846e-06,4.69659735896846e-06
"Lcu.1GRN.Chr2p561719193",2,561719193,2,0.0771604938271605,7.99409343157948,7.35116172125137,"GLM","DTF_Nepal_2017;DTF_Sask_2017",5.3282166704477,4.38090304297091,1.01369328222183e-08,4.45490327180798e-08,4.69659735896846e-06,4.160034736561e-05
"Lcu.1GRN.Chr3p414291818",3,414291818,1,0.151234567901235,7.98756172301547,7.98756172301547,"GLM","DTF_Nepal_2017",5.32259033920497,5.32259033920497,1.02905426504115e-08,1.02905426504115e-08,4.75783811140459e-06,4.75783811140459e-06
"Lcu.1GRN.Chr4p500990109",4,500990109,1,0.359567901234568,7.98727234172381,7.98727234172381,"GLM","DTF_Nepal_2017",5.32259033920497,5.32259033920497,1.02974017816924e-08,1.02974017816924e-08,4.75783811140459e-06,4.75783811140459e-06
"Lcu.1GRN.Chr2p37293880",2,37293880,1,0.172839506172839,7.98553823150076,7.98553823150076,"GLM","DTF_Sask_2017",4.70176289835518,4.70176289835518,1.03386008494583e-08,1.03386008494583e-08,1.98717951538842e-05,1.98717951538842e-05
"Lcu.1GRN.Chr2p37297327",2,37297327,1,0.172839506172839,7.98553823150076,7.98553823150076,"GLM","DTF_Sask_2017",4.70176289835518,4.70176289835518,1.03386008494583e-08,1.03386008494583e-08,1.98717951538842e-05,1.98717951538842e-05
"Lcu.1GRN.Chr2p247543239",2,247543239,1,0.302469135802469,7.98383852845572,7.98383852845572,"GLM","DTF_Nepal_2017",5.32041726877667,5.32041726877667,1.03791424264892e-08,1.03791424264892e-08,4.78170446878786e-06,4.78170446878786e-06
"Lcu.1GRN.Chr5p504940894",5,504940894,1,0.0540123456790124,7.98361640700575,7.98361640700575,"GLM","DTF_Nepal_2017",5.32041726877667,5.32041726877667,1.03844522333645e-08,1.03844522333645e-08,4.78170446878786e-06,4.78170446878786e-06
"Lcu.1GRN.Chr5p1941396",5,1941396,2,0.151234567901235,7.98331327365068,5.62913066073134,"GLM;MLM","DTF_Nepal_2017",5.32041726877667,1.5002572875715,1.03917030109491e-08,2.34892602263226e-06,4.78170446878786e-06,0.0316040479781898
"Lcu.1GRN.Chr4p471079174",4,471079174,1,0.310185185185185,7.98256964488492,7.98256964488492,"GLM","DTF_Nepal_2017",5.32026734411144,5.32026734411144,1.04095116390135e-08,1.04095116390135e-08,4.7833554665028e-06,4.7833554665028e-06
"Lcu.1GRN.Chr6p417282549",6,417282549,1,0.393518518518518,7.98228154005002,7.98228154005002,"GLM","DTF_Sask_2017",4.7009808260323,4.7009808260323,1.04164194532604e-08,1.04164194532604e-08,1.99076122854252e-05,1.99076122854252e-05
"Lcu.1GRN.Chr2p249183962",2,249183962,1,0.300925925925926,7.98058090302846,7.98058090302846,"GLM","DTF_Nepal_2017",5.31887149583771,5.31887149583771,1.04572886755729e-08,1.04572886755729e-08,4.79875418818068e-06,4.79875418818068e-06
"Lcu.1GRN.Chr5p505202335",5,505202335,1,0.0524691358024691,7.97775237475414,7.97775237475414,"GLM","DTF_Nepal_2017",5.31675065522485,5.31675065522485,1.05256185058124e-08,1.05256185058124e-08,4.82224581407182e-06,4.82224581407182e-06
"Lcu.1GRN.Chr3p414520688",3,414520688,1,0.197530864197531,7.97727669797253,7.97727669797253,"GLM","DTF_Nepal_2017",5.31675065522485,5.31675065522485,1.05371533870528e-08,1.05371533870528e-08,4.82224581407182e-06,4.82224581407182e-06
"Lcu.1GRN.Chr2p247574414",2,247574414,1,0.322530864197531,7.97243690521649,7.97243690521649,"GLM","DTF_Nepal_2017",5.31250133772212,5.31250133772212,1.06552365288016e-08,1.06552365288016e-08,4.86966025201548e-06,4.86966025201548e-06
"Lcu.1GRN.Chr2p248166959",2,248166959,1,0.313271604938272,7.96538825035758,7.96538825035758,"GLM","DTF_Nepal_2017",5.30604235638476,5.30604235638476,1.08295833860383e-08,1.08295833860383e-08,4.94262479621647e-06,4.94262479621647e-06
"Lcu.1GRN.Chr5p456048397",5,456048397,1,0.341049382716049,7.96436522263799,7.96436522263799,"GLM","DTF_Sask_2017",4.68857589865703,4.68857589865703,1.08551237130745e-08,1.08551237130745e-08,2.04844402621223e-05,2.04844402621223e-05
"Lcu.1GRN.Chr2p183250311",2,183250311,1,0.259259259259259,7.96399639570157,7.96399639570157,"GLM","DTF_Nepal_2017",5.30557286753796,5.30557286753796,1.08643464012218e-08,1.08643464012218e-08,4.94797085066301e-06,4.94797085066301e-06
"Lcu.1GRN.Chr5p2241247",5,2241247,1,0.185185185185185,7.96374181097501,7.96374181097501,"GLM","DTF_Nepal_2017",5.30557286753796,5.30557286753796,1.08707169806787e-08,1.08707169806787e-08,4.94797085066301e-06,4.94797085066301e-06
"Lcu.1GRN.Chr1p956170",1,956170,1,0.0540123456790124,7.9628576516631,7.9628576516631,"GLM","DTF_Nepal_2017",5.30548575572938,5.30548575572938,1.08928706953355e-08,1.08928706953355e-08,4.94896342583642e-06,4.94896342583642e-06
"Lcu.1GRN.Chr6p39896632",6,39896632,1,0.407407407407407,7.96282158606589,7.96282158606589,"GLM","DTF_Sask_2017",4.68857589865703,4.68857589865703,1.08937753216112e-08,1.08937753216112e-08,2.04844402621223e-05,2.04844402621223e-05
"Lcu.1GRN.Chr6p40079427",6,40079427,1,0.271604938271605,7.96253624950902,7.96253624950902,"GLM","DTF_Sask_2017",4.68857589865703,4.68857589865703,1.09009350112225e-08,1.09009350112225e-08,2.04844402621223e-05,2.04844402621223e-05
"Lcu.1GRN.Chr4p503422319",4,503422319,1,0.401234567901235,7.96248092958193,7.96248092958193,"GLM","DTF_Nepal_2017",5.30548575572938,5.30548575572938,1.09023236481129e-08,1.09023236481129e-08,4.94896342583642e-06,4.94896342583642e-06
"Lcu.1GRN.Chr6p241296598",6,241296598,1,0.152777777777778,7.9611032966848,7.9611032966848,"GLM","DTF_Nepal_2017",5.30469382013195,5.30469382013195,1.09369620034093e-08,1.09369620034093e-08,4.95799608921939e-06,4.95799608921939e-06
"Lcu.1GRN.Chr5p146927138",5,146927138,1,0.384259259259259,7.9590482552299,7.9590482552299,"GLM","DTF_Nepal_2017",5.3032236871586,5.3032236871586,1.09888373372895e-08,1.09888373372895e-08,4.97480787164476e-06,4.97480787164476e-06
"Lcu.1GRN.Chr5p459570665",5,459570665,1,0.0941358024691358,7.95750820896091,7.95750820896091,"GLM","DTF_Nepal_2017",5.30226776267492,5.30226776267492,1.10278738895167e-08,1.10278738895167e-08,4.98576996854174e-06,4.98576996854174e-06
"Lcu.1GRN.Chr2p51056193",2,51056193,1,0.308641975308642,7.95699434579678,7.95699434579678,"GLM","DTF_Sask_2017",4.6854534690682,4.6854534690682,1.10409299430882e-08,1.10409299430882e-08,2.06322471231487e-05,2.06322471231487e-05
"Lcu.1GRN.Chr1p441538816",1,441538816,1,0.101851851851852,7.95677257196542,7.95677257196542,"GLM","DTF_Nepal_2017",5.30211546288184,5.30211546288184,1.10465694681883e-08,1.10465694681883e-08,4.98751870108201e-06,4.98751870108201e-06
"Lcu.1GRN.Chr2p67741145",2,67741145,1,0.141975308641975,7.95607978505102,7.95607978505102,"GLM","DTF_Nepal_2017",5.30200523069181,5.30200523069181,1.10642050272707e-08,1.10642050272707e-08,4.9887847887506e-06,4.9887847887506e-06
"Lcu.1GRN.Chr5p459348152",5,459348152,1,0.169753086419753,7.95232356541282,7.95232356541282,"GLM","DTF_Nepal_2017",5.29883078539635,5.29883078539635,1.11603145335023e-08,1.11603145335023e-08,5.0253835591574e-06,5.0253835591574e-06
"Lcu.1GRN.Chr4p501141816",4,501141816,1,0.483024691358025,7.94805648497282,7.94805648497282,"GLM","DTF_Nepal_2017",5.2951447010054,5.2951447010054,1.12705086076614e-08,1.12705086076614e-08,5.0682181401514e-06,5.0682181401514e-06
"Lcu.1GRN.Chr4p177059232",4,177059232,1,0.0540123456790124,7.94258035706446,7.94258035706446,"GLM","DTF_Nepal_2017",5.29130681658583,5.29130681658583,1.14135210186635e-08,1.14135210186635e-08,5.11320474670962e-06,5.11320474670962e-06
"Lcu.1GRN.Chr4p496274147",4,496274147,1,0.183641975308642,7.94232255599811,7.94232255599811,"GLM","DTF_Nepal_2017",5.29130681658583,5.29130681658583,1.14202981975307e-08,1.14202981975307e-08,5.11320474670962e-06,5.11320474670962e-06
"Lcu.1GRN.Chr7p84958445",7,84958445,1,0.0570987654320988,7.94200535527701,7.94200535527701,"GLM","DTF_Nepal_2017",5.29130681658583,5.29130681658583,1.14286424206562e-08,1.14286424206562e-08,5.11320474670962e-06,5.11320474670962e-06
"Lcu.1GRN.Chr2p43812694",2,43812694,2,0.25,7.94190235782607,7.32049149243678,"GLM","DTF_Nepal_2017;DTF_Sask_2017",5.29130681658583,4.3718741161436,1.14313531634365e-08,4.7808873152317e-08,5.11320474670962e-06,4.24742661287054e-05
"Lcu.1GRN.Chr4p390212982",4,390212982,1,0.131172839506173,7.94116676534522,7.94116676534522,"GLM","DTF_Nepal_2017",5.29114835971405,5.29114835971405,1.14507315877159e-08,1.14507315877159e-08,5.11507069318091e-06,5.11507069318091e-06
"Lcu.1GRN.Chr1p437953543",1,437953543,1,0.115740740740741,7.94059131342137,7.94059131342137,"GLM","DTF_Sask_2017",4.67145650645868,4.67145650645868,1.14659141729332e-08,1.14659141729332e-08,2.13080395171659e-05,2.13080395171659e-05
"Lcu.1GRN.Chr6p439164898",6,439164898,1,0.0833333333333334,7.93973321117992,7.93973321117992,"GLM","DTF_Nepal_2017",5.29029117521782,5.29029117521782,1.14885915349673e-08,1.14885915349673e-08,5.1251764838758e-06,5.1251764838758e-06
"Lcu.1GRN.Chr4p166514083",4,166514083,1,0.058641975308642,7.9386542110739,7.9386542110739,"GLM","DTF_Nepal_2017",5.28978778087122,5.28978778087122,1.15171703078195e-08,1.15171703078195e-08,5.1311205628216e-06,5.1311205628216e-06
"Lcu.1GRN.Chr2p43069804",2,43069804,1,0.162037037037037,7.93772655320044,7.93772655320044,"GLM","DTF_Nepal_2017",5.28943496686977,5.28943496686977,1.15417974049977e-08,1.15417974049977e-08,5.13529069805141e-06,5.13529069805141e-06
"Lcu.1GRN.Chr4p496367510",4,496367510,1,0.058641975308642,7.93680927359779,7.93680927359779,"GLM","DTF_Nepal_2017",5.28909177126599,5.28909177126599,1.15662007630659e-08,1.15662007630659e-08,5.13935039903591e-06,5.13935039903591e-06
"Lcu.1GRN.Chr6p40077024",6,40077024,1,0.445987654320988,7.93451952155502,7.93451952155502,"GLM","DTF_Sask_2017",4.67015722945358,4.67015722945358,1.16273428487422e-08,1.16273428487422e-08,2.13718821420922e-05,2.13718821420922e-05
"Lcu.1GRN.Chr3p358806549",3,358806549,1,0.0787037037037037,7.93121520394041,7.93121520394041,"GLM","DTF_Nepal_2017",5.28407102774059,5.28407102774059,1.17161465687797e-08,1.17161465687797e-08,5.19910959485583e-06,5.19910959485583e-06
"Lcu.1GRN.Chr1p437626545",1,437626545,2,0.118827160493827,7.92893776054206,7.61273555112947,"GLM","DTF_Sask_2017;DTF_Nepal_2017",5.04352945635769,4.66694220171972,1.17777475026717e-08,2.43929569248314e-08,9.0462907849336e-06,2.15306825773434e-05
"Lcu.1GRN.Chr4p501033245",4,501033245,1,0.157407407407407,7.92853996765293,7.92853996765293,"GLM","DTF_Nepal_2017",5.28196836171654,5.28196836171654,1.17885402958623e-08,1.17885402958623e-08,5.22434246864073e-06,5.22434246864073e-06
"Lcu.1GRN.Chr2p43615047",2,43615047,1,0.177469135802469,7.92711074664201,7.92711074664201,"GLM","DTF_Nepal_2017",5.28161323680534,5.28161323680534,1.18273991437001e-08,1.18273991437001e-08,5.22861618838927e-06,5.22861618838927e-06
"Lcu.1GRN.Chr2p248776032",2,248776032,1,0.310185185185185,7.92704196186665,7.92704196186665,"GLM","DTF_Nepal_2017",5.28161323680534,5.28161323680534,1.18292725486276e-08,1.18292725486276e-08,5.22861618838927e-06,5.22861618838927e-06
"Lcu.1GRN.Chr1p559262738",1,559262738,1,0.212962962962963,7.92448761370647,7.92448761370647,"GLM","DTF_Sask_2017",4.66484596027761,4.66484596027761,1.18990526536309e-08,1.18990526536309e-08,2.16348575348317e-05,2.16348575348317e-05
"Lcu.1GRN.Chr2p82245202",2,82245202,1,0.228395061728395,7.91819364138269,7.91819364138269,"GLM","DTF_Sask_2017",4.66089320376873,4.66089320376873,1.2072754202357e-08,1.2072754202357e-08,2.18326672730334e-05,2.18326672730334e-05
"Lcu.1GRN.Chr3p297079812",3,297079812,1,0.279320987654321,7.91565576336659,7.91565576336659,"GLM","DTF_Nepal_2017",5.27079735287432,5.27079735287432,1.21435100516157e-08,1.21435100516157e-08,5.36046725135409e-06,5.36046725135409e-06
"Lcu.1GRN.Chr6p431596950",6,431596950,1,0.305900621118012,7.9136020645818,7.9136020645818,"FarmCPU","DTF_Sask_2017_b",3.74851651876751,3.74851651876751,1.22010704678143e-08,1.22010704678143e-08,0.000178436411741187,0.000178436411741187
"Lcu.1GRN.Chr1p367807665",1,367807665,1,0.412903225806452,7.91197807370539,7.91197807370539,"MLM","Cotyledon_Color_RvsY",4.99900651374958,4.99900651374958,1.22467802821873e-08,1.22467802821873e-08,1.00229020515292e-05,1.00229020515292e-05
"Lcu.1GRN.Chr6p53994143",6,53994143,1,0.123456790123457,7.91141785314057,7.91141785314057,"GLM","DTF_Nepal_2017",5.26712900926357,5.26712900926357,1.22625882776445e-08,1.22625882776445e-08,5.40593713130597e-06,5.40593713130597e-06
"Lcu.1GRN.Chr5p145344305",5,145344305,1,0.266975308641975,7.90480489242212,7.90480489242212,"GLM","DTF_Nepal_2017",5.26108486916594,5.26108486916594,1.24507383780854e-08,1.24507383780854e-08,5.4816983193998e-06,5.4816983193998e-06
"Lcu.1GRN.Chr2p630437252",2,630437252,1,0.103395061728395,7.90078371392958,7.90078371392958,"GLM","DTF_Nepal_2017",5.2577483306815,5.2577483306815,1.25665564385854e-08,1.25665564385854e-08,5.52397455361823e-06,5.52397455361823e-06
"Lcu.1GRN.Chr2p248632213",2,248632213,1,0.328703703703704,7.90007853446935,7.90007853446935,"GLM","DTF_Nepal_2017",5.2577483306815,5.2577483306815,1.25869777800082e-08,1.25869777800082e-08,5.52397455361823e-06,5.52397455361823e-06
"Lcu.1GRN.Chr5p131725374",5,131725374,1,0.452160493827161,7.89960040902036,7.89960040902036,"GLM","DTF_Nepal_2017",5.2577483306815,5.2577483306815,1.26008427233505e-08,1.26008427233505e-08,5.52397455361823e-06,5.52397455361823e-06
"Lcu.1GRN.Chr2p247294387",2,247294387,1,0.299382716049383,7.89920049248187,7.89920049248187,"GLM","DTF_Nepal_2017",5.2577483306815,5.2577483306815,1.26124514508819e-08,1.26124514508819e-08,5.52397455361823e-06,5.52397455361823e-06
"Lcu.1GRN.Chr4p496352397",4,496352397,1,0.341049382716049,7.89644920541069,7.89644920541069,"GLM","DTF_Nepal_2017",5.25556216338025,5.25556216338025,1.26926058704075e-08,1.26926058704075e-08,5.55185144188735e-06,5.55185144188735e-06
"Lcu.1GRN.Chr3p347894014",3,347894014,1,0.348765432098765,7.8950073539215,7.8950073539215,"GLM","DTF_Nepal_2017",5.25468469726211,5.25468469726211,1.27348151693332e-08,1.27348151693332e-08,5.5630799663157e-06,5.5630799663157e-06
"Lcu.1GRN.Chr2p33920225",2,33920225,1,0.203703703703704,7.8897436117406,7.8897436117406,"GLM","DTF_Nepal_2017",5.24998460795968,5.24998460795968,1.28901030180187e-08,1.28901030180187e-08,5.62361255753814e-06,5.62361255753814e-06
"Lcu.1GRN.Chr1p541558374",1,541558374,1,0.231481481481482,7.88743694720826,7.88743694720826,"GLM","DTF_Sask_2017",4.63478141464006,4.63478141464006,1.29587482469279e-08,1.29587482469279e-08,2.31856131466723e-05,2.31856131466723e-05
"Lcu.1GRN.Chr2p43921733",2,43921733,1,0.350308641975309,7.88476481435781,7.88476481435781,"GLM","DTF_Nepal_2017",5.24556873286167,5.24556873286167,1.30387267993135e-08,1.30387267993135e-08,5.68108473744132e-06,5.68108473744132e-06
"Lcu.1GRN.Chr5p131734605",5,131734605,1,0.459876543209877,7.88397813714191,7.88397813714191,"GLM","DTF_Nepal_2017",5.24534424922836,5.24534424922836,1.30623664385463e-08,1.30623664385463e-08,5.68402200754789e-06,5.68402200754789e-06
"Lcu.1GRN.Chr2p610338651",2,610338651,1,0.359567901234568,7.87871508915731,7.87871508915731,"GLM","DTF_Nepal_2017",5.24064266800833,5.24064266800833,1.32216273007951e-08,1.32216273007951e-08,5.74589032336762e-06,5.74589032336762e-06
"Lcu.1GRN.Chr4p496371494",4,496371494,1,0.37962962962963,7.87652588899939,7.87652588899939,"GLM","DTF_Nepal_2017",5.23901420967382,5.23901420967382,1.32884434019631e-08,1.32884434019631e-08,5.76747592488791e-06,5.76747592488791e-06
"Lcu.1GRN.Chr2p42997985",2,42997985,1,0.328703703703704,7.87227729490426,7.87227729490426,"GLM","DTF_Sask_2017",4.62876514177594,4.62876514177594,1.34190788592066e-08,1.34190788592066e-08,2.35090380137227e-05,2.35090380137227e-05
"Lcu.1GRN.Chr1p562579939",1,562579939,1,0.415123456790123,7.87056455195881,7.87056455195881,"GLM","DTF_Nepal_2017",5.23361289138512,5.23361289138512,1.34721046597769e-08,1.34721046597769e-08,5.8396539021845e-06,5.8396539021845e-06
"Lcu.1GRN.Chr3p375775466",3,375775466,1,0.185185185185185,7.86745408104206,7.86745408104206,"GLM","DTF_Nepal_2017",5.2310617180111,5.2310617180111,1.3568939902489e-08,1.3568939902489e-08,5.87405869778703e-06,5.87405869778703e-06
"Lcu.1GRN.Chr2p43074531",2,43074531,1,0.135802469135803,7.86601494262956,7.86601494262956,"GLM","DTF_Nepal_2017",5.23041684682783,5.23041684682783,1.3613978404856e-08,1.3613978404856e-08,5.88278739475899e-06,5.88278739475899e-06
"Lcu.1GRN.Chr2p187429742",2,187429742,1,0.260802469135803,7.86569277098714,7.86569277098714,"GLM","DTF_Nepal_2017",5.23041684682783,5.23041684682783,1.36240813769402e-08,1.36240813769402e-08,5.88278739475899e-06,5.88278739475899e-06
"Lcu.1GRN.Chr1p447466567",1,447466567,1,0.356481481481482,7.86256541410194,7.86256541410194,"GLM","DTF_Nepal_2017",5.22986973966181,5.22986973966181,1.37225425439714e-08,1.37225425439714e-08,5.89020296968611e-06,5.89020296968611e-06
"Lcu.1GRN.Chr5p456046594",5,456046594,1,0.334876543209877,7.86161009232754,7.86161009232754,"GLM","DTF_Sask_2017",4.62035401950344,4.62035401950344,1.37527613777405e-08,1.37527613777405e-08,2.39687828308106e-05,2.39687828308106e-05
"Lcu.1GRN.Chr2p565788288",2,565788288,1,0.21141975308642,7.86134026052305,7.86134026052305,"GLM","DTF_Nepal_2017",5.22986973966181,5.22986973966181,1.37613087704285e-08,1.37613087704285e-08,5.89020296968611e-06,5.89020296968611e-06
"Lcu.1GRN.Chr5p19385177",5,19385177,1,0.376543209876543,7.86106802256236,7.86106802256236,"GLM","DTF_Nepal_2017",5.22986973966181,5.22986973966181,1.37699377658211e-08,1.37699377658211e-08,5.89020296968611e-06,5.89020296968611e-06
"Lcu.1GRN.Chr3p440811434",3,440811434,1,0.0617283950617284,7.86082476297339,7.86082476297339,"GLM","DTF_Nepal_2017",5.22986973966181,5.22986973966181,1.37776528251509e-08,1.37776528251509e-08,5.89020296968611e-06,5.89020296968611e-06
"Lcu.1GRN.Chr3p375774415",3,375774415,1,0.186728395061728,7.85960611828426,7.85960611828426,"GLM","DTF_Nepal_2017",5.22986973966181,5.22986973966181,1.38163676671087e-08,1.38163676671087e-08,5.89020296968611e-06,5.89020296968611e-06
"Lcu.1GRN.Chr3p375774947",3,375774947,1,0.186728395061728,7.85960611828426,7.85960611828426,"GLM","DTF_Nepal_2017",5.22986973966181,5.22986973966181,1.38163676671087e-08,1.38163676671087e-08,5.89020296968611e-06,5.89020296968611e-06
"Lcu.1GRN.Chr3p375777496",3,375777496,1,0.186728395061728,7.85960611828426,7.85960611828426,"GLM","DTF_Nepal_2017",5.22986973966181,5.22986973966181,1.38163676671087e-08,1.38163676671087e-08,5.89020296968611e-06,5.89020296968611e-06
"Lcu.1GRN.Chr3p375777506",3,375777506,1,0.186728395061728,7.85960611828426,7.85960611828426,"GLM","DTF_Nepal_2017",5.22986973966181,5.22986973966181,1.38163676671087e-08,1.38163676671087e-08,5.89020296968611e-06,5.89020296968611e-06
"Lcu.1GRN.Chr3p375928379",3,375928379,1,0.186728395061728,7.85960611828426,7.85960611828426,"GLM","DTF_Nepal_2017",5.22986973966181,5.22986973966181,1.38163676671087e-08,1.38163676671087e-08,5.89020296968611e-06,5.89020296968611e-06
"Lcu.1GRN.Chr3p375936915",3,375936915,1,0.186728395061728,7.85960611828426,7.85960611828426,"GLM","DTF_Nepal_2017",5.22986973966181,5.22986973966181,1.38163676671087e-08,1.38163676671087e-08,5.89020296968611e-06,5.89020296968611e-06
"Lcu.1GRN.Chr4p451530961",4,451530961,1,0.467592592592593,7.85573156400049,7.85573156400049,"GLM","DTF_Nepal_2017",5.22654527345905,5.22654527345905,1.39401817478897e-08,1.39401817478897e-08,5.93546470125623e-06,5.93546470125623e-06
"Lcu.1GRN.Chr2p248632211",2,248632211,1,0.330246913580247,7.85336649439694,7.85336649439694,"GLM","DTF_Nepal_2017",5.22472959606274,5.22472959606274,1.40163039113128e-08,1.40163039113128e-08,5.96033134985657e-06,5.96033134985657e-06
"Lcu.1GRN.Chr1p570311228",1,570311228,1,0.266975308641975,7.85278058552502,7.85278058552502,"GLM","DTF_Nepal_2017",5.22469238528263,5.22469238528263,1.40352261386486e-08,1.40352261386486e-08,5.96084205881164e-06,5.96084205881164e-06
"Lcu.1GRN.Chr1p541133415",1,541133415,1,0.231481481481482,7.85169855032236,7.85169855032236,"GLM","DTF_Sask_2017",4.61818763945627,4.61818763945627,1.40702381953662e-08,1.40702381953662e-08,2.40886443993165e-05,2.40886443993165e-05
"Lcu.1GRN.Chr2p11348946",2,11348946,1,0.12962962962963,7.85162648997334,7.85162648997334,"GLM","DTF_Sask_2017",4.61818763945627,4.61818763945627,1.40725729945367e-08,1.40725729945367e-08,2.40886443993165e-05,2.40886443993165e-05
"Lcu.1GRN.Chr5p459526248",5,459526248,1,0.103395061728395,7.84807298146654,7.84807298146654,"GLM","DTF_Nepal_2017",5.22053278695228,5.22053278695228,1.41881907473199e-08,1.41881907473199e-08,6.01820826873107e-06,6.01820826873107e-06
"Lcu.1GRN.Chr2p49588824",2,49588824,1,0.256172839506173,7.84713811307915,7.84713811307915,"GLM","DTF_Sask_2017",4.61818763945627,4.61818763945627,1.42187653413815e-08,1.42187653413815e-08,2.40886443993165e-05,2.40886443993165e-05
"Lcu.1GRN.Chr5p456050770",5,456050770,1,0.334876543209877,7.8460286276999,7.8460286276999,"GLM","DTF_Sask_2017",4.61818763945627,4.61818763945627,1.42551362390423e-08,1.42551362390423e-08,2.40886443993165e-05,2.40886443993165e-05
"Lcu.1GRN.Chr5p456053399",5,456053399,1,0.334876543209877,7.8460286276999,7.8460286276999,"GLM","DTF_Sask_2017",4.61818763945627,4.61818763945627,1.42551362390423e-08,1.42551362390423e-08,2.40886443993165e-05,2.40886443993165e-05
"Lcu.1GRN.Chr5p456054969",5,456054969,1,0.334876543209877,7.8460286276999,7.8460286276999,"GLM","DTF_Sask_2017",4.61818763945627,4.61818763945627,1.42551362390423e-08,1.42551362390423e-08,2.40886443993165e-05,2.40886443993165e-05
"Lcu.1GRN.Chr6p40076301",6,40076301,1,0.398148148148148,7.8423295379056,7.8423295379056,"GLM","DTF_Sask_2017",4.61818763945627,4.61818763945627,1.43770724771937e-08,1.43770724771937e-08,2.40886443993165e-05,2.40886443993165e-05
"Lcu.1GRN.Chr2p48157597",2,48157597,1,0.325617283950617,7.84004152704237,7.84004152704237,"GLM","DTF_Sask_2017",4.61818763945627,4.61818763945627,1.44530156505504e-08,1.44530156505504e-08,2.40886443993165e-05,2.40886443993165e-05
"Lcu.1GRN.Chr1p437953663",1,437953663,1,0.095679012345679,7.83964965184153,7.83964965184153,"GLM","DTF_Sask_2017",4.61818763945627,4.61818763945627,1.44660628678257e-08,1.44660628678257e-08,2.40886443993165e-05,2.40886443993165e-05
"Lcu.1GRN.Chr2p248135120",2,248135120,1,0.365740740740741,7.83760152666895,7.83760152666895,"GLM","DTF_Nepal_2017",5.21060864726417,5.21060864726417,1.4534445686372e-08,1.4534445686372e-08,6.15731472567744e-06,6.15731472567744e-06
"Lcu.1GRN.Chr5p1681815",5,1681815,1,0.217592592592593,7.83363039660148,7.83363039660148,"GLM","DTF_Nepal_2017",5.20718414342608,5.20718414342608,1.46679561647142e-08,1.46679561647142e-08,6.20605837893888e-06,6.20605837893888e-06
"Lcu.1GRN.Chr5p1772037",5,1772037,1,0.145061728395062,7.83223006015646,7.83223006015646,"GLM","DTF_Nepal_2017",5.20632974606226,5.20632974606226,1.47153277632771e-08,1.47153277632771e-08,6.21827971576664e-06,6.21827971576664e-06
"Lcu.1GRN.Chr3p375778215",3,375778215,1,0.194444444444444,7.82844255419248,7.82844255419248,"GLM","DTF_Nepal_2017",5.20308749375672,5.20308749375672,1.48442221733577e-08,1.48442221733577e-08,6.26487638618042e-06,6.26487638618042e-06
"Lcu.1GRN.Chr1p437626533",1,437626533,2,0.123456790123457,7.8255355602608,7.6870080273775,"GLM","DTF_Sask_2017;DTF_Nepal_2017",5.09418780937686,4.61003746312412,1.4943916757797e-08,2.05585259582971e-08,8.05030232946977e-06,2.45449717664074e-05
"Lcu.1GRN.Chr1p562570851",1,562570851,1,0.41358024691358,7.82496604494104,7.82496604494104,"GLM","DTF_Nepal_2017",5.2001555544599,5.2001555544599,1.49635264297351e-08,1.49635264297351e-08,6.30731390299589e-06,6.30731390299589e-06
"Lcu.1GRN.Chr5p456051029",5,456051029,1,0.333333333333333,7.82386545972594,7.82386545972594,"GLM","DTF_Sask_2017",4.61003746312412,4.61003746312412,1.50014949548151e-08,1.50014949548151e-08,2.45449717664074e-05,2.45449717664074e-05
"Lcu.1GRN.Chr5p456048580",5,456048580,1,0.33179012345679,7.82376747801356,7.82376747801356,"GLM","DTF_Sask_2017",4.61003746312412,4.61003746312412,1.50048798423682e-08,1.50048798423682e-08,2.45449717664074e-05,2.45449717664074e-05
"Lcu.1GRN.Chr4p471079439",4,471079439,1,0.310185185185185,7.82260732114415,7.82260732114415,"GLM","DTF_Nepal_2017",5.19834071862626,5.19834071862626,1.50450168632249e-08,1.50450168632249e-08,6.33372614171762e-06,6.33372614171762e-06
"Lcu.1GRN.Chr2p63174566",2,63174566,1,0.271604938271605,7.8217033418964,7.8217033418964,"GLM","DTF_Sask_2017",4.61003746312412,4.61003746312412,1.50763655170633e-08,1.50763655170633e-08,2.45449717664074e-05,2.45449717664074e-05
"Lcu.1GRN.Chr6p328051602",6,328051602,1,0.234567901234568,7.82150295999911,7.82150295999911,"GLM","DTF_Nepal_2017",5.19777956515918,5.19777956515918,1.50833233024046e-08,1.50833233024046e-08,6.34191526157489e-06,6.34191526157489e-06
"Lcu.1GRN.Chr2p247397165",2,247397165,1,0.291666666666667,7.82054042910252,7.82054042910252,"GLM","DTF_Nepal_2017",5.19750734551102,5.19750734551102,1.51167896842521e-08,1.51167896842521e-08,6.34589167662445e-06,6.34589167662445e-06
"Lcu.1GRN.Chr3p414098156",3,414098156,1,0.149691358024691,7.82014635905873,7.82014635905873,"GLM","DTF_Nepal_2017",5.19750734551102,5.19750734551102,1.51305125789771e-08,1.51305125789771e-08,6.34589167662445e-06,6.34589167662445e-06
"Lcu.1GRN.Chr6p435706130",6,435706130,1,0.169753086419753,7.81822581903058,7.81822581903058,"GLM","DTF_Nepal_2017",5.19612798247739,5.19612798247739,1.51975709990057e-08,1.51975709990057e-08,6.36607890936805e-06,6.36607890936805e-06
"Lcu.1GRN.Chr4p451381740",4,451381740,1,0.297839506172839,7.81730571180262,7.81730571180262,"GLM","DTF_Nepal_2017",5.19604481226388,5.19604481226388,1.52298030875074e-08,1.52298030875074e-08,6.36729817156396e-06,6.36729817156396e-06
"Lcu.1GRN.Chr1p446647186",1,446647186,1,0.231481481481482,7.81706231372788,7.81706231372788,"GLM","DTF_Nepal_2017",5.19604481226388,5.19604481226388,1.52383409434011e-08,1.52383409434011e-08,6.36729817156396e-06,6.36729817156396e-06
"Lcu.1GRN.Chr3p345919243",3,345919243,2,0.430555555555556,7.81541135273679,6.96302093240348,"GLM","DTF_Nepal_2017;DTF_Sask_2017",5.1951177323033,4.16456133259284,1.52963794098894e-08,1.08887760964847e-07,6.38090483656518e-06,6.8460279425164e-05
"Lcu.1GRN.Chr3p448489765",3,448489765,1,0.113354037267081,7.81535236495955,7.81535236495955,"FarmCPU","DTF_Sask_2017_b",3.242781492567,3.242781492567,1.52984571721883e-08,1.52984571721883e-08,0.000571766238181939,0.000571766238181939
"Lcu.1GRN.Chr3p347342383",3,347342383,1,0.493827160493827,7.81451975336058,7.81451975336058,"GLM","DTF_Nepal_2017",5.1951177323033,5.1951177323033,1.53278148806056e-08,1.53278148806056e-08,6.38090483656518e-06,6.38090483656518e-06
"Lcu.1GRN.Chr3p347342397",3,347342397,1,0.493827160493827,7.81451975336058,7.81451975336058,"GLM","DTF_Nepal_2017",5.1951177323033,5.1951177323033,1.53278148806056e-08,1.53278148806056e-08,6.38090483656518e-06,6.38090483656518e-06
"Lcu.1GRN.Chr4p496872394",4,496872394,1,0.108024691358025,7.81164472947837,7.81164472947837,"GLM","DTF_Nepal_2017",5.19277986925877,5.19277986925877,1.54296214251032e-08,1.54296214251032e-08,6.41534668714176e-06,6.41534668714176e-06
"Lcu.1GRN.Chr5p457713525",5,457713525,2,0.29320987654321,7.80900751309635,6.51361819689775,"GLM","DTF_Nepal_2017;DTF_Sask_2017",5.19067915014312,3.86590069456595,1.55236015460353e-08,3.06465649386234e-07,6.44645343362378e-06,0.000136175602492866
"Lcu.1GRN.Chr2p79872232",2,79872232,1,0.231481481481482,7.80876415669243,7.80876415669243,"GLM","DTF_Sask_2017",4.61003746312412,4.61003746312412,1.55323026155565e-08,1.55323026155565e-08,2.45449717664074e-05,2.45449717664074e-05
"Lcu.1GRN.Chr3p414291731",3,414291731,1,0.148148148148148,7.80695727766393,7.80695727766393,"GLM","DTF_Nepal_2017",5.18940418509059,5.18940418509059,1.55970592638212e-08,1.55970592638212e-08,6.46540619338761e-06,6.46540619338761e-06
"Lcu.1GRN.Chr7p66396456",7,66396456,1,0.0601851851851852,7.80666153768129,7.80666153768129,"GLM","DTF_Nepal_2017",5.18940418509059,5.18940418509059,1.5607683955414e-08,1.5607683955414e-08,6.46540619338761e-06,6.46540619338761e-06
"Lcu.1GRN.Chr2p48820948",2,48820948,1,0.344135802469136,7.80401942597627,7.80401942597627,"GLM","DTF_Sask_2017",4.61003746312412,4.61003746312412,1.57029256363377e-08,1.57029256363377e-08,2.45449717664074e-05,2.45449717664074e-05
"Lcu.1GRN.Chr3p414274147",3,414274147,1,0.152777777777778,7.80390593638898,7.80390593638898,"GLM","DTF_Nepal_2017",5.18718310015118,5.18718310015118,1.57070296521504e-08,1.57070296521504e-08,6.49855651046108e-06,6.49855651046108e-06
"Lcu.1GRN.Chr2p187429972",2,187429972,1,0.268518518518518,7.80131099703141,7.80131099703141,"GLM","DTF_Nepal_2017",5.18512202008874,5.18512202008874,1.58011611742138e-08,1.58011611742138e-08,6.52947073794446e-06,6.52947073794446e-06
"Lcu.1GRN.Chr2p10423736",2,10423736,1,0.466049382716049,7.80071165409757,7.80071165409757,"GLM","DTF_Nepal_2017",5.18505588100567,5.18505588100567,1.5822982432359e-08,1.5822982432359e-08,6.53046519242366e-06,6.53046519242366e-06
"Lcu.1GRN.Chr5p457637197",5,457637197,1,0.424382716049383,7.79854379886984,7.79854379886984,"GLM","DTF_Nepal_2017",5.18392669524246,5.18392669524246,1.59021630142774e-08,1.59021630142774e-08,6.547466797223e-06,6.547466797223e-06
"Lcu.1GRN.Chr4p496563124",4,496563124,1,0.205246913580247,7.79851802054192,7.79851802054192,"GLM","DTF_Nepal_2017",5.18392669524246,5.18392669524246,1.5903106943699e-08,1.5903106943699e-08,6.547466797223e-06,6.547466797223e-06
"Lcu.1GRN.Chr1p434790395",1,434790395,1,0.449074074074074,7.79714343232854,7.79714343232854,"GLM","DTF_Sask_2017",4.61003746312412,4.61003746312412,1.59535217100999e-08,1.59535217100999e-08,2.45449717664074e-05,2.45449717664074e-05
"Lcu.1GRN.Chr2p85170123",2,85170123,1,0.462962962962963,7.79588681675519,7.79588681675519,"GLM","DTF_Sask_2017",4.61003746312412,4.61003746312412,1.59997495023983e-08,1.59997495023983e-08,2.45449717664074e-05,2.45449717664074e-05
"Lcu.1GRN.Chr2p48820949",2,48820949,1,0.342592592592593,7.79584746299013,7.79584746299013,"GLM","DTF_Sask_2017",4.61003746312412,4.61003746312412,1.6001199391674e-08,1.6001199391674e-08,2.45449717664074e-05,2.45449717664074e-05
"Lcu.1GRN.Chr3p375772538",3,375772538,1,0.185185185185185,7.79583518547334,7.79583518547334,"GLM","DTF_Nepal_2017",5.18202235642186,5.18202235642186,1.60016517524089e-08,1.60016517524089e-08,6.57623983603569e-06,6.57623983603569e-06
"Lcu.1GRN.Chr6p328436121",6,328436121,1,0.419753086419753,7.79555183649331,7.79555183649331,"GLM","DTF_Nepal_2017",5.18202235642186,5.18202235642186,1.6012095198736e-08,1.6012095198736e-08,6.57623983603569e-06,6.57623983603569e-06
"Lcu.1GRN.Chr2p610276900",2,610276900,2,0.212962962962963,7.79396418039167,6.86528862712911,"GLM","DTF_Nepal_2017;DTF_Sask_2017",5.18097455845241,4.10339822994713,1.60707379529113e-08,1.3636765515814e-07,6.59212511657723e-06,7.88137097295158e-05
"Lcu.1GRN.Chr2p44189614",2,44189614,1,0.166666666666667,7.79344478316484,7.79344478316484,"GLM","DTF_Nepal_2017",5.18097455845241,5.18097455845241,1.60899693510657e-08,1.60899693510657e-08,6.59212511657723e-06,6.59212511657723e-06
"Lcu.1GRN.Chr2p11349172",2,11349172,1,0.126543209876543,7.78411211427049,7.78411211427049,"GLM","DTF_Sask_2017",4.61003746312412,4.61003746312412,1.64394727908843e-08,1.64394727908843e-08,2.45449717664074e-05,2.45449717664074e-05
"Lcu.1GRN.Chr1p438510291",1,438510291,1,0.0972222222222222,7.78357351827008,7.78357351827008,"GLM","DTF_Sask_2017",4.61003746312412,4.61003746312412,1.64598730659992e-08,1.64598730659992e-08,2.45449717664074e-05,2.45449717664074e-05
"Lcu.1GRN.Chr4p426187550",4,426187550,1,0.165123456790123,7.78255278563473,7.78255278563473,"GLM","DTF_Nepal_2017",5.17061122134291,5.17061122134291,1.6498604594576e-08,1.6498604594576e-08,6.7513213280581e-06,6.7513213280581e-06
"Lcu.1GRN.Chr5p27840536",5,27840536,1,0.265432098765432,7.78000430902725,7.78000430902725,"GLM","DTF_Nepal_2017",5.16859076240765,5.16859076240765,1.65957044126074e-08,1.65957044126074e-08,6.78280353117315e-06,6.78280353117315e-06
"Lcu.1GRN.Chr2p80948265",2,80948265,1,0.108024691358025,7.77608355209667,7.77608355209667,"GLM","DTF_Sask_2017",4.61003746312412,4.61003746312412,1.67462067177546e-08,1.67462067177546e-08,2.45449717664074e-05,2.45449717664074e-05
"Lcu.1GRN.Chr4p473624023",4,473624023,2,0.455246913580247,7.77399270982982,6.28995105589881,"GLM","DTF_Nepal_2017;DTF_Sask_2017",5.16310653969506,3.7193061045423,1.68270230707343e-08,5.12919185678974e-07,6.86899911314767e-06,0.000190850760762477
"Lcu.1GRN.Chr1p437235006",1,437235006,2,0.0972222222222222,7.7713628600651,7.57071660599413,"GLM","DTF_Sask_2017;DTF_Nepal_2017",5.02238519850654,4.61003746312412,1.69292274503935e-08,2.68709730898e-08,9.49762026313573e-06,2.45449717664074e-05
"Lcu.1GRN.Chr1p437235932",1,437235932,2,0.0972222222222222,7.7713628600651,7.57071660599413,"GLM","DTF_Sask_2017;DTF_Nepal_2017",5.02238519850654,4.61003746312412,1.69292274503935e-08,2.68709730898e-08,9.49762026313573e-06,2.45449717664074e-05
"Lcu.1GRN.Chr1p437362313",1,437362313,2,0.0972222222222222,7.7713628600651,7.57071660599413,"GLM","DTF_Sask_2017;DTF_Nepal_2017",5.02238519850654,4.61003746312412,1.69292274503935e-08,2.68709730898e-08,9.49762026313573e-06,2.45449717664074e-05
"Lcu.1GRN.Chr1p437612186",1,437612186,2,0.0972222222222222,7.7713628600651,7.57071660599413,"GLM","DTF_Sask_2017;DTF_Nepal_2017",5.02238519850654,4.61003746312412,1.69292274503935e-08,2.68709730898e-08,9.49762026313573e-06,2.45449717664074e-05
"Lcu.1GRN.Chr1p437612546",1,437612546,2,0.0972222222222222,7.7713628600651,7.57071660599413,"GLM","DTF_Sask_2017;DTF_Nepal_2017",5.02238519850654,4.61003746312412,1.69292274503935e-08,2.68709730898e-08,9.49762026313573e-06,2.45449717664074e-05
"Lcu.1GRN.Chr1p437617578",1,437617578,2,0.0972222222222222,7.7713628600651,7.57071660599413,"GLM","DTF_Sask_2017;DTF_Nepal_2017",5.02238519850654,4.61003746312412,1.69292274503935e-08,2.68709730898e-08,9.49762026313573e-06,2.45449717664074e-05
"Lcu.1GRN.Chr1p437618706",1,437618706,2,0.0972222222222222,7.7713628600651,7.57071660599413,"GLM","DTF_Sask_2017;DTF_Nepal_2017",5.02238519850654,4.61003746312412,1.69292274503935e-08,2.68709730898e-08,9.49762026313573e-06,2.45449717664074e-05
"Lcu.1GRN.Chr1p437623072",1,437623072,2,0.0972222222222222,7.7713628600651,7.57071660599413,"GLM","DTF_Sask_2017;DTF_Nepal_2017",5.02238519850654,4.61003746312412,1.69292274503935e-08,2.68709730898e-08,9.49762026313573e-06,2.45449717664074e-05
"Lcu.1GRN.Chr1p437626636",1,437626636,2,0.0972222222222222,7.7713628600651,7.57071660599413,"GLM","DTF_Sask_2017;DTF_Nepal_2017",5.02238519850654,4.61003746312412,1.69292274503935e-08,2.68709730898e-08,9.49762026313573e-06,2.45449717664074e-05
"Lcu.1GRN.Chr1p437627122",1,437627122,2,0.0972222222222222,7.7713628600651,7.57071660599413,"GLM","DTF_Sask_2017;DTF_Nepal_2017",5.02238519850654,4.61003746312412,1.69292274503935e-08,2.68709730898e-08,9.49762026313573e-06,2.45449717664074e-05
"Lcu.1GRN.Chr1p437710021",1,437710021,2,0.0972222222222222,7.7713628600651,7.57071660599413,"GLM","DTF_Sask_2017;DTF_Nepal_2017",5.02238519850654,4.61003746312412,1.69292274503935e-08,2.68709730898e-08,9.49762026313573e-06,2.45449717664074e-05
"Lcu.1GRN.Chr1p437949978",1,437949978,2,0.0972222222222222,7.7713628600651,7.57071660599413,"GLM","DTF_Sask_2017;DTF_Nepal_2017",5.02238519850654,4.61003746312412,1.69292274503935e-08,2.68709730898e-08,9.49762026313573e-06,2.45449717664074e-05
"Lcu.1GRN.Chr1p437950460",1,437950460,2,0.0972222222222222,7.7713628600651,7.57071660599413,"GLM","DTF_Sask_2017;DTF_Nepal_2017",5.02238519850654,4.61003746312412,1.69292274503935e-08,2.68709730898e-08,9.49762026313573e-06,2.45449717664074e-05
"Lcu.1GRN.Chr1p437954076",1,437954076,2,0.0972222222222222,7.7713628600651,7.57071660599413,"GLM","DTF_Sask_2017;DTF_Nepal_2017",5.02238519850654,4.61003746312412,1.69292274503935e-08,2.68709730898e-08,9.49762026313573e-06,2.45449717664074e-05
"Lcu.1GRN.Chr1p437954579",1,437954579,2,0.0972222222222222,7.7713628600651,7.57071660599413,"GLM","DTF_Sask_2017;DTF_Nepal_2017",5.02238519850654,4.61003746312412,1.69292274503935e-08,2.68709730898e-08,9.49762026313573e-06,2.45449717664074e-05
"Lcu.1GRN.Chr1p437958679",1,437958679,2,0.0972222222222222,7.7713628600651,7.57071660599413,"GLM","DTF_Sask_2017;DTF_Nepal_2017",5.02238519850654,4.61003746312412,1.69292274503935e-08,2.68709730898e-08,9.49762026313573e-06,2.45449717664074e-05
"Lcu.1GRN.Chr1p439582155",1,439582155,2,0.0972222222222222,7.7713628600651,7.57071660599413,"GLM","DTF_Sask_2017;DTF_Nepal_2017",5.02238519850654,4.61003746312412,1.69292274503935e-08,2.68709730898e-08,9.49762026313573e-06,2.45449717664074e-05
"Lcu.1GRN.Chr4p185093730",4,185093730,1,0.391975308641975,7.77093159631843,7.77093159631843,"GLM","DTF_Nepal_2017",5.16104089154721,5.16104089154721,1.69460468864425e-08,1.69460468864425e-08,6.90174816496489e-06,6.90174816496489e-06
"Lcu.1GRN.Chr2p33985248",2,33985248,2,0.217592592592593,7.7708742260587,6.32875254575495,"GLM","DTF_Nepal_2017;DTF_Sask_2017",5.16104089154721,3.74642183607325,1.69482856054875e-08,4.69080580838708e-07,6.90174816496489e-06,0.000179299122426106
"Lcu.1GRN.Chr1p578957645",1,578957645,1,0.0648148148148148,7.76919130998518,7.76919130998518,"GLM","DTF_Nepal_2017",5.16093245870358,5.16093245870358,1.70140885989675e-08,1.70140885989675e-08,6.90347157993837e-06,6.90347157993837e-06
"Lcu.1GRN.Chr1p579121199",1,579121199,1,0.0648148148148148,7.76919130998518,7.76919130998518,"GLM","DTF_Nepal_2017",5.16093245870358,5.16093245870358,1.70140885989675e-08,1.70140885989675e-08,6.90347157993837e-06,6.90347157993837e-06
"Lcu.1GRN.Chr1p579201250",1,579201250,1,0.0648148148148148,7.76919130998518,7.76919130998518,"GLM","DTF_Nepal_2017",5.16093245870358,5.16093245870358,1.70140885989675e-08,1.70140885989675e-08,6.90347157993837e-06,6.90347157993837e-06
"Lcu.1GRN.Chr2p86600341",2,86600341,1,0.375,7.76905369133356,7.76905369133356,"GLM","DTF_Sask_2017",4.60959623052771,4.60959623052771,1.70194808547916e-08,1.70194808547916e-08,2.45699215308313e-05,2.45699215308313e-05
"Lcu.1GRN.Chr7p639543409",7,639543409,2,0.353395061728395,7.76819462897466,6.88782714359095,"GLM","DTF_Nepal_2017;DTF_Sask_2017",5.16045933951886,4.11769780715171,1.70531797986083e-08,1.29471105539154e-07,6.91099630038371e-06,7.62609467991764e-05
"Lcu.1GRN.Chr3p389172392",3,389172392,1,0.189814814814815,7.7650410878954,7.7650410878954,"GLM","DTF_Nepal_2017",5.15782872984764,5.15782872984764,1.71774586632394e-08,1.71774586632394e-08,6.95298464281329e-06,6.95298464281329e-06
"Lcu.1GRN.Chr5p131628769",5,131628769,1,0.472222222222222,7.7619159070804,7.7619159070804,"GLM","DTF_Nepal_2017",5.15522585153925,5.15522585153925,1.73015133789498e-08,1.73015133789498e-08,6.99478143117452e-06,6.99478143117452e-06
"Lcu.1GRN.Chr2p50069000",2,50069000,1,0.373456790123457,7.76014849772941,7.76014849772941,"GLM","DTF_Sask_2017",4.60464405160364,4.60464405160364,1.7372067264201e-08,1.7372067264201e-08,2.48516911908818e-05,2.48516911908818e-05
"Lcu.1GRN.Chr5p456051349",5,456051349,1,0.333333333333333,7.75871189124442,7.75871189124442,"GLM","DTF_Sask_2017",4.60464405160364,4.60464405160364,1.74296276259618e-08,1.74296276259618e-08,2.48516911908818e-05,2.48516911908818e-05
"Lcu.1GRN.Chr1p562627116",1,562627116,1,0.171296296296296,7.75416071306414,7.75416071306414,"GLM","DTF_Nepal_2017",5.14799233263905,5.14799233263905,1.76132413810326e-08,1.76132413810326e-08,7.1122607006168e-06,7.1122607006168e-06
"Lcu.1GRN.Chr7p186572874",7,186572874,1,0.201863354037267,7.75010183590435,7.75010183590435,"BLINK","DTF_Sask_2017_b",2.92225845840849,2.92225845840849,1.77786247759038e-08,1.77786247759038e-08,0.00119602853599928,0.00119602853599928
"Lcu.1GRN.Chr2p65079859",2,65079859,1,0.25462962962963,7.7485719187891,7.7485719187891,"GLM","DTF_Sask_2017",4.60464405160364,4.60464405160364,1.78413651261848e-08,1.78413651261848e-08,2.48516911908818e-05,2.48516911908818e-05
"Lcu.1GRN.Chr2p54392899",2,54392899,1,0.350308641975309,7.747920983892,7.747920983892,"GLM","DTF_Sask_2017",4.60464405160364,4.60464405160364,1.7868126403165e-08,1.7868126403165e-08,2.48516911908818e-05,2.48516911908818e-05
"Lcu.1GRN.Chr2p638807865",2,638807865,1,0.319444444444444,7.74786959192355,7.74786959192355,"GLM","DTF_Nepal_2017",5.14222226072941,5.14222226072941,1.78702409419417e-08,1.78702409419417e-08,7.2073852936668e-06,7.2073852936668e-06
"Lcu.1GRN.Chr5p456047915",5,456047915,1,0.356481481481482,7.7472196702523,7.7472196702523,"GLM","DTF_Sask_2017",4.60464405160364,4.60464405160364,1.78970037769467e-08,1.78970037769467e-08,2.48516911908818e-05,2.48516911908818e-05
"Lcu.1GRN.Chr3p414295299",3,414295299,1,0.148148148148148,7.74630179405361,7.74630179405361,"GLM","DTF_Nepal_2017",5.14117488770534,5.14117488770534,1.79348688802282e-08,1.79348688802282e-08,7.22478807261763e-06,7.22478807261763e-06
"Lcu.1GRN.Chr1p559349172",1,559349172,1,0.243827160493827,7.74414095287782,7.74414095287782,"GLM","DTF_Sask_2017",4.60464405160364,4.60464405160364,1.80243265559376e-08,1.80243265559376e-08,2.48516911908818e-05,2.48516911908818e-05
"Lcu.1GRN.Chr5p149726384",5,149726384,1,0.212962962962963,7.74305331406176,7.74305331406176,"GLM","DTF_Nepal_2017",5.1384462096689,5.1384462096689,1.80695229063566e-08,1.80695229063566e-08,7.27032441560103e-06,7.27032441560103e-06
"Lcu.1GRN.Chr3p434003836",3,434003836,1,0.111111111111111,7.74261694021739,7.74261694021739,"GLM","DTF_Sask_2017",4.60464405160364,4.60464405160364,1.80876880690341e-08,1.80876880690341e-08,2.48516911908818e-05,2.48516911908818e-05
"Lcu.1GRN.Chr7p456680961",7,456680961,1,0.058641975308642,7.7414975825545,7.7414975825545,"GLM","DTF_Nepal_2017",5.13740965871588,5.13740965871588,1.81343677010995e-08,1.81343677010995e-08,7.28769756334019e-06,7.28769756334019e-06
"Lcu.1GRN.Chr2p50068967",2,50068967,1,0.367283950617284,7.7414586799916,7.7414586799916,"GLM","DTF_Sask_2017",4.60464405160364,4.60464405160364,1.81359921863447e-08,1.81359921863447e-08,2.48516911908818e-05,2.48516911908818e-05
"Lcu.1GRN.Chr2p50068974",2,50068974,1,0.367283950617284,7.7414586799916,7.7414586799916,"GLM","DTF_Sask_2017",4.60464405160364,4.60464405160364,1.81359921863447e-08,1.81359921863447e-08,2.48516911908818e-05,2.48516911908818e-05
"Lcu.1GRN.Chr4p471082088",4,471082088,1,0.197530864197531,7.73645444712105,7.73645444712105,"GLM","DTF_Nepal_2017",5.13288508391945,5.13288508391945,1.83461758892752e-08,1.83461758892752e-08,7.36401926652485e-06,7.36401926652485e-06
"Lcu.1GRN.Chr1p455457853",1,455457853,1,0.260802469135803,7.73433793642754,7.73433793642754,"GLM","DTF_Nepal_2017",5.13154374892311,5.13154374892311,1.84358032058167e-08,1.84358032058167e-08,7.38679847874455e-06,7.38679847874455e-06
"Lcu.1GRN.Chr4p369247463",4,369247463,1,0.0910493827160493,7.7340317496435,7.7340317496435,"GLM","DTF_Nepal_2017",5.13154374892311,5.13154374892311,1.84488054194048e-08,1.84488054194048e-08,7.38679847874455e-06,7.38679847874455e-06
"Lcu.1GRN.Chr3p343927028",3,343927028,1,0.219135802469136,7.73356113495707,7.73356113495707,"GLM","DTF_Nepal_2017",5.13154374892311,5.13154374892311,1.84688079408032e-08,1.84688079408032e-08,7.38679847874455e-06,7.38679847874455e-06
"Lcu.1GRN.Chr3p180388113",3,180388113,1,0.123456790123457,7.73188428374001,7.73188428374001,"GLM","DTF_Sask_2017",4.60464405160364,4.60464405160364,1.85402555629432e-08,1.85402555629432e-08,2.48516911908818e-05,2.48516911908818e-05
"Lcu.1GRN.Chr2p81244970",2,81244970,1,0.226851851851852,7.72888598458793,7.72888598458793,"GLM","DTF_Sask_2017",4.60464405160364,4.60464405160364,1.86686973616919e-08,1.86686973616919e-08,2.48516911908818e-05,2.48516911908818e-05
"Lcu.1GRN.Chr2p54392924",2,54392924,1,0.350308641975309,7.72881637308382,7.72881637308382,"GLM","DTF_Sask_2017",4.60464405160364,4.60464405160364,1.86716899400308e-08,1.86716899400308e-08,2.48516911908818e-05,2.48516911908818e-05
"Lcu.1GRN.Chr1p437957678",1,437957678,1,0.0987654320987654,7.72833691225969,7.72833691225969,"GLM","DTF_Sask_2017",4.60464405160364,4.60464405160364,1.86923148563714e-08,1.86923148563714e-08,2.48516911908818e-05,2.48516911908818e-05
"Lcu.1GRN.Chr1p438510122",1,438510122,1,0.0987654320987654,7.72833691225969,7.72833691225969,"GLM","DTF_Sask_2017",4.60464405160364,4.60464405160364,1.86923148563714e-08,1.86923148563714e-08,2.48516911908818e-05,2.48516911908818e-05
"Lcu.1GRN.Chr1p439404145",1,439404145,1,0.0987654320987654,7.72833691225969,7.72833691225969,"GLM","DTF_Sask_2017",4.60464405160364,4.60464405160364,1.86923148563714e-08,1.86923148563714e-08,2.48516911908818e-05,2.48516911908818e-05
"Lcu.1GRN.Chr2p248164773",2,248164773,1,0.333333333333333,7.72826738910012,7.72826738910012,"GLM","DTF_Nepal_2017",5.12676609876789,5.12676609876789,1.86953074175624e-08,1.86953074175624e-08,7.4685088718803e-06,7.4685088718803e-06
"Lcu.1GRN.Chr7p603756952",7,603756952,1,0.0540123456790124,7.72629856112257,7.72629856112257,"GLM","DTF_Nepal_2017",5.12531275391544,5.12531275391544,1.87802530115758e-08,1.87802530115758e-08,7.49354373042079e-06,7.49354373042079e-06
"Lcu.1GRN.Chr2p10537941",2,10537941,1,0.0879629629629629,7.72382408951525,7.72382408951525,"GLM","DTF_Sask_2017",4.60355088811733,4.60355088811733,1.88875623273688e-08,1.88875623273688e-08,2.49143242249806e-05,2.49143242249806e-05
"Lcu.1GRN.Chr1p560210595",1,560210595,1,0.121913580246914,7.718812473764,7.718812473764,"GLM","DTF_Nepal_2017",5.11834153855779,5.11834153855779,1.91067810194356e-08,1.91067810194356e-08,7.61479930232759e-06,7.61479930232759e-06
"Lcu.1GRN.Chr1p439819569",1,439819569,1,0.0987654320987654,7.71578938944672,7.71578938944672,"GLM","DTF_Sask_2017",4.5972159729267,4.5972159729267,1.92402455595167e-08,1.92402455595167e-08,2.52804049926483e-05,2.52804049926483e-05
"Lcu.1GRN.Chr5p1941443",5,1941443,2,0.152777777777778,7.71155359297689,5.55502160962014,"GLM;MLM","DTF_Nepal_2017",5.11159692009471,1.47349460581214,1.94288192076268e-08,2.78598254029169e-06,7.73398062770628e-06,0.0336128543931436
"Lcu.1GRN.Chr2p183063405",2,183063405,1,0.263888888888889,7.71081503286879,7.71081503286879,"GLM","DTF_Nepal_2017",5.11137201407594,5.11137201407594,1.94618879192204e-08,1.94618879192204e-08,7.73798682473333e-06,7.73798682473333e-06
"Lcu.1GRN.Chr3p322673053",3,322673053,1,0.28858024691358,7.70949198596559,7.70949198596559,"GLM","DTF_Nepal_2017",5.11056201446442,5.11056201446442,1.9521267562985e-08,1.9521267562985e-08,7.75243235697588e-06,7.75243235697588e-06
"Lcu.1GRN.Chr6p4522333",6,4522333,1,0.341049382716049,7.70756276625416,7.70756276625416,"FarmCPU","DTF_Nepal_2017",2.8797193887583,2.8797193887583,1.9608177685125e-08,1.9608177685125e-08,0.00131910878068249,0.00131910878068249
"Lcu.1GRN.Chr1p438510298",1,438510298,1,0.0972222222222222,7.70717430022055,7.70717430022055,"GLM","DTF_Sask_2017",4.59416915142893,4.59416915142893,1.96257245778604e-08,1.96257245778604e-08,2.5458384921319e-05,2.5458384921319e-05
"Lcu.1GRN.Chr4p501060910",4,501060910,1,0.231481481481482,7.70685226577371,7.70685226577371,"GLM","DTF_Nepal_2017",5.10843473619855,5.10843473619855,1.96402826794184e-08,1.96402826794184e-08,7.79049877833483e-06,7.79049877833483e-06
"Lcu.1GRN.Chr5p456050643",5,456050643,1,0.328703703703704,7.70655373450328,7.70655373450328,"GLM","DTF_Sask_2017",4.59416915142893,4.59416915142893,1.96537879262557e-08,1.96537879262557e-08,2.5458384921319e-05,2.5458384921319e-05
"Lcu.1GRN.Chr5p456048934",5,456048934,1,0.33641975308642,7.70600918528999,7.70600918528999,"GLM","DTF_Sask_2017",4.59416915142893,4.59416915142893,1.96784466952553e-08,1.96784466952553e-08,2.5458384921319e-05,2.5458384921319e-05
"Lcu.1GRN.Chr5p456054027",5,456054027,1,0.33641975308642,7.70600918528999,7.70600918528999,"GLM","DTF_Sask_2017",4.59416915142893,4.59416915142893,1.96784466952553e-08,1.96784466952553e-08,2.5458384921319e-05,2.5458384921319e-05
"Lcu.1GRN.Chr1p579204554",1,579204554,1,0.0679012345679012,7.70443059550003,7.70443059550003,"GLM","DTF_Nepal_2017",5.10652490391211,5.10652490391211,1.97501048015531e-08,1.97501048015531e-08,7.82483333543464e-06,7.82483333543464e-06
"Lcu.1GRN.Chr7p69342883",7,69342883,1,0.0601851851851852,7.70221011668404,7.70221011668404,"GLM","DTF_Nepal_2017",5.10562473341169,5.10562473341169,1.98513425411666e-08,1.98513425411666e-08,7.84106883753908e-06,7.84106883753908e-06
"Lcu.1GRN.Chr2p183063325",2,183063325,1,0.263888888888889,7.70199852047687,7.70199852047687,"GLM","DTF_Nepal_2017",5.10562473341169,5.10562473341169,1.98610168345388e-08,1.98610168345388e-08,7.84106883753908e-06,7.84106883753908e-06
"Lcu.1GRN.Chr6p40076319",6,40076319,1,0.430555555555556,7.69996676687363,7.69996676687363,"GLM","DTF_Sask_2017",4.59106906927105,4.59106906927105,1.99541500247594e-08,1.99541500247594e-08,2.56407621885896e-05,2.56407621885896e-05
"Lcu.1GRN.Chr6p40076311",6,40076311,1,0.432098765432099,7.69677149924182,7.69677149924182,"GLM","DTF_Sask_2017",4.59014876983416,4.59014876983416,2.01015015973559e-08,2.01015015973559e-08,2.56951543111432e-05,2.56951543111432e-05
"Lcu.1GRN.Chr2p86073180",2,86073180,1,0.473765432098765,7.69479348113255,7.69479348113255,"GLM","DTF_Sask_2017",4.59014876983416,4.59014876983416,2.01932638015842e-08,2.01932638015842e-08,2.56951543111432e-05,2.56951543111432e-05
"Lcu.1GRN.Chr1p593637108",1,593637108,1,0.0555555555555556,7.69372832603926,7.69372832603926,"GLM","DTF_Nepal_2017",5.09901956331888,5.09901956331888,2.02428507910758e-08,2.02428507910758e-08,7.96123487266639e-06,7.96123487266639e-06
"Lcu.1GRN.Chr1p593649081",1,593649081,1,0.0555555555555556,7.69372832603926,7.69372832603926,"GLM","DTF_Nepal_2017",5.09901956331888,5.09901956331888,2.02428507910758e-08,2.02428507910758e-08,7.96123487266639e-06,7.96123487266639e-06
"Lcu.1GRN.Chr7p630528781",7,630528781,1,0.0540123456790124,7.6933591804736,7.6933591804736,"GLM","DTF_Nepal_2017",5.09901956331888,5.09901956331888,2.02600643077425e-08,2.02600643077425e-08,7.96123487266639e-06,7.96123487266639e-06
"Lcu.1GRN.Chr7p630552414",7,630552414,1,0.0540123456790124,7.6933591804736,7.6933591804736,"GLM","DTF_Nepal_2017",5.09901956331888,5.09901956331888,2.02600643077425e-08,2.02600643077425e-08,7.96123487266639e-06,7.96123487266639e-06
"Lcu.1GRN.Chr7p1559280",7,1559280,1,0.364197530864197,7.6927902300728,7.6927902300728,"GLM","DTF_Nepal_2017",5.09895767016412,5.09895767016412,2.0286623534213e-08,2.0286623534213e-08,7.96236954297855e-06,7.96236954297855e-06
"Lcu.1GRN.Chr7p645795388",7,645795388,1,0.108024691358025,7.68977111752184,7.68977111752184,"GLM","DTF_Nepal_2017",5.09644502353867,5.09644502353867,2.04281426782109e-08,2.04281426782109e-08,8.00857000960578e-06,8.00857000960578e-06
"Lcu.1GRN.Chr1p541125647",1,541125647,1,0.237654320987654,7.6892547055212,7.6892547055212,"GLM","DTF_Sask_2017",4.58732296032039,4.58732296032039,2.04524478742779e-08,2.04524478742779e-08,2.58628892260423e-05,2.58628892260423e-05
"Lcu.1GRN.Chr5p154004710",5,154004710,1,0.325617283950617,7.68502370338096,7.68502370338096,"GLM","DTF_Nepal_2017",5.09270877279265,5.09270877279265,2.06526743239654e-08,2.06526743239654e-08,8.07776523759217e-06,8.07776523759217e-06
"Lcu.1GRN.Chr2p48991603",2,48991603,1,0.138888888888889,7.68383675900863,7.68383675900863,"GLM","DTF_Sask_2017",4.58353463854133,4.58353463854133,2.07091961206259e-08,2.07091961206259e-08,2.60894762977775e-05,2.60894762977775e-05
"Lcu.1GRN.Chr6p430928861",6,430928861,1,0.111111111111111,7.68216087108885,7.68216087108885,"GLM","DTF_Nepal_2017",5.09035064071063,5.09035064071063,2.07892646982532e-08,2.07892646982532e-08,8.12174517857994e-06,8.12174517857994e-06
"Lcu.1GRN.Chr1p559406094",1,559406094,1,0.435185185185185,7.67952588140723,7.67952588140723,"GLM","DTF_Nepal_2017",5.08821976540007,5.08821976540007,2.09157825757603e-08,2.09157825757603e-08,8.161692619096e-06,8.161692619096e-06
"Lcu.1GRN.Chr2p54495270",2,54495270,1,0.376543209876543,7.67905067090304,7.67905067090304,"GLM","DTF_Sask_2017",4.58037208309995,4.58037208309995,2.0938681414889e-08,2.0938681414889e-08,2.62801546697089e-05,2.62801546697089e-05
"Lcu.1GRN.Chr2p67747094",2,67747094,1,0.109567901234568,7.67423275258495,7.67423275258495,"GLM","DTF_Nepal_2017",5.08457866244821,5.08457866244821,2.11722614055632e-08,2.11722614055632e-08,8.23040748534131e-06,8.23040748534131e-06
"Lcu.1GRN.Chr2p187260992",2,187260992,1,0.262345679012346,7.67416978925389,7.67416978925389,"GLM","DTF_Nepal_2017",5.08457866244821,5.08457866244821,2.11753311492463e-08,2.11753311492463e-08,8.23040748534131e-06,8.23040748534131e-06
"Lcu.1GRN.Chr4p496227537",4,496227537,1,0.367283950617284,7.67404108319644,7.67404108319644,"GLM","DTF_Nepal_2017",5.08457866244821,5.08457866244821,2.11816075294101e-08,2.11816075294101e-08,8.23040748534131e-06,8.23040748534131e-06
"Lcu.1GRN.Chr3p404089232",3,404089232,1,0.114197530864197,7.67387415226273,7.67387415226273,"GLM","DTF_Nepal_2017",5.08457866244821,5.08457866244821,2.11897507255634e-08,2.11897507255634e-08,8.23040748534131e-06,8.23040748534131e-06
"Lcu.1GRN.Chr7p4845669",7,4845669,1,0.118827160493827,7.6733484247629,7.6733484247629,"FarmCPU","DTF_Sask_2017",2.81849283630591,2.81849283630591,2.12154171352072e-08,2.12154171352072e-08,0.0015188229948336,0.0015188229948336
"Lcu.1GRN.Chr3p375788939",3,375788939,1,0.185185185185185,7.66851142933139,7.66851142933139,"GLM","DTF_Nepal_2017",5.07971714497573,5.07971714497573,2.14530265712541e-08,2.14530265712541e-08,8.32305673436337e-06,8.32305673436337e-06
"Lcu.1GRN.Chr2p48689201",2,48689201,1,0.348765432098765,7.66760648889422,7.66760648889422,"GLM","DTF_Sask_2017",4.57054538706475,4.57054538706475,2.14977748982711e-08,2.14977748982711e-08,2.68815689561589e-05,2.68815689561589e-05
"Lcu.1GRN.Chr3p297576312",3,297576312,1,0.0570987654320988,7.66728465496111,7.66728465496111,"GLM","DTF_Nepal_2017",5.07899099830573,5.07899099830573,2.15137117289856e-08,2.15137117289856e-08,8.33698464647891e-06,8.33698464647891e-06
"Lcu.1GRN.Chr3p349260942",3,349260942,1,0.424382716049383,7.66555135210009,7.66555135210009,"GLM","DTF_Nepal_2017",5.07775774671689,5.07775774671689,2.15997461870249e-08,2.15997461870249e-08,8.36069254970197e-06,8.36069254970197e-06
"Lcu.1GRN.Chr3p333870663",3,333870663,1,0.0632716049382716,7.66417094182964,7.66417094182964,"GLM","DTF_Nepal_2017",5.07687681261639,5.07687681261639,2.16685104680305e-08,2.16685104680305e-08,8.37766880528739e-06,8.37766880528739e-06
"Lcu.1GRN.Chr4p460173722",4,460173722,1,0.169753086419753,7.66313653265957,7.66313653265957,"GLM","DTF_Nepal_2017",5.07683963576027,5.07683963576027,2.1720182366244e-08,2.1720182366244e-08,8.37838598851653e-06,8.37838598851653e-06
"Lcu.1GRN.Chr4p460176977",4,460176977,1,0.169753086419753,7.66313653265957,7.66313653265957,"GLM","DTF_Nepal_2017",5.07683963576027,5.07683963576027,2.1720182366244e-08,2.1720182366244e-08,8.37838598851653e-06,8.37838598851653e-06
"Lcu.1GRN.Chr4p451381610",4,451381610,1,0.351851851851852,7.65721831294956,7.65721831294956,"GLM","DTF_Nepal_2017",5.07141917482325,5.07141917482325,2.2018193651353e-08,2.2018193651353e-08,8.48361253599618e-06,8.48361253599618e-06
"Lcu.1GRN.Chr3p434005923",3,434005923,1,0.114197530864197,7.65506979140051,7.65506979140051,"GLM","DTF_Sask_2017",4.56282531360283,4.56282531360283,2.21273909244761e-08,2.21273909244761e-08,2.73636915554899e-05,2.73636915554899e-05
"Lcu.1GRN.Chr3p430356238",3,430356238,1,0.106481481481482,7.65489493449673,7.65489493449673,"GLM","DTF_Nepal_2017",5.06979174495371,5.06979174495371,2.21363017125041e-08,2.21363017125041e-08,8.51546278013229e-06,8.51546278013229e-06
"Lcu.1GRN.Chr4p500367440",4,500367440,1,0.307098765432099,7.65435097495647,7.65435097495647,"GLM","DTF_Nepal_2017",5.06979174495371,5.06979174495371,2.21640450918636e-08,2.21640450918636e-08,8.51546278013229e-06,8.51546278013229e-06
"Lcu.1GRN.Chr5p10367330",5,10367330,1,0.208333333333333,7.65410102061751,7.65410102061751,"GLM","DTF_Nepal_2017",5.06979174495371,5.06979174495371,2.21768050831261e-08,2.21768050831261e-08,8.51546278013229e-06,8.51546278013229e-06
"Lcu.1GRN.Chr1p472346884",1,472346884,1,0.304012345679012,7.65252576493298,7.65252576493298,"GLM","DTF_Nepal_2017",5.06871197646715,5.06871197646715,2.22573899679431e-08,2.22573899679431e-08,8.53666076550413e-06,8.53666076550413e-06
"Lcu.1GRN.Chr2p48573924",2,48573924,1,0.344135802469136,7.65034201675879,7.65034201675879,"GLM","DTF_Sask_2017",4.55969128196767,4.55969128196767,2.2369587889106e-08,2.2369587889106e-08,2.75618724157324e-05,2.75618724157324e-05
"Lcu.1GRN.Chr4p471039146",4,471039146,1,0.310185185185185,7.64947705662664,7.64947705662664,"GLM","DTF_Nepal_2017",5.06615819070087,5.06615819070087,2.24141845470585e-08,2.24141845470585e-08,8.5870068491349e-06,8.5870068491349e-06
"Lcu.1GRN.Chr7p176404911",7,176404911,1,0.0787037037037037,7.64884987462935,7.64884987462935,"GLM","DTF_Nepal_2017",5.06602536787125,5.06602536787125,2.24465771497781e-08,2.24465771497781e-08,8.58963346546009e-06,8.58963346546009e-06
"Lcu.1GRN.Chr4p14485081",4,14485081,1,0.0555555555555556,7.64633621380177,7.64633621380177,"FarmCPU","DTF_Sask_2017",2.81849283630591,2.81849283630591,2.25768728031228e-08,2.25768728031228e-08,0.0015188229948336,0.0015188229948336
"Lcu.1GRN.Chr5p457793475",5,457793475,1,0.41820987654321,7.6451239672156,7.6451239672156,"GLM","DTF_Nepal_2017",5.06346970041736,5.06346970041736,2.26399796830836e-08,2.26399796830836e-08,8.64032939885094e-06,8.64032939885094e-06
"Lcu.1GRN.Chr5p27370281",5,27370281,1,0.362654320987654,7.64490818270805,7.64490818270805,"GLM","DTF_Nepal_2017",5.06346970041736,5.06346970041736,2.26512314280311e-08,2.26512314280311e-08,8.64032939885094e-06,8.64032939885094e-06
"Lcu.1GRN.Chr1p562581100",1,562581100,1,0.37037037037037,7.6443932250498,7.6443932250498,"GLM","DTF_Nepal_2017",5.06346970041736,5.06346970041736,2.26781056890792e-08,2.26781056890792e-08,8.64032939885094e-06,8.64032939885094e-06
"Lcu.1GRN.Chr2p246701656",2,246701656,1,0.311728395061728,7.64432237867166,7.64432237867166,"GLM","DTF_Nepal_2017",5.06346970041736,5.06346970041736,2.268180546601e-08,2.268180546601e-08,8.64032939885094e-06,8.64032939885094e-06
"Lcu.1GRN.Chr3p375779376",3,375779376,1,0.185185185185185,7.63961902034916,7.63961902034916,"GLM","DTF_Nepal_2017",5.0596708700873,5.0596708700873,2.29287817079663e-08,2.29287817079663e-08,8.71623899567126e-06,8.71623899567126e-06
"Lcu.1GRN.Chr3p344655190",3,344655190,1,0.356481481481482,7.6392474009167,7.6392474009167,"GLM","DTF_Nepal_2017",5.0596708700873,5.0596708700873,2.2948409927514e-08,2.2948409927514e-08,8.71623899567126e-06,8.71623899567126e-06
"Lcu.1GRN.Chr1p584903195",1,584903195,1,0.0709876543209876,7.63874788076222,7.63874788076222,"GLM","DTF_Nepal_2017",5.0596708700873,5.0596708700873,2.2974820090871e-08,2.2974820090871e-08,8.71623899567126e-06,8.71623899567126e-06
"Lcu.1GRN.Chr5p467139367",5,467139367,2,0.305555555555556,7.63856063208745,7.6170746525111,"GLM","DTF_Nepal_2017;DTF_Sask_2017",5.0596708700873,4.53274103974367,2.29847279583324e-08,2.41504566748522e-08,8.71623899567126e-06,2.93264139362817e-05
"Lcu.1GRN.Chr1p437949617",1,437949617,2,0.101851851851852,7.63728321149974,5.34508613450132,"GLM;MLMM","DTF_Sask_2017",4.54822039248825,0.857517131973134,2.30524340640027e-08,4.51766335759717e-06,2.82995550686364e-05,0.138829854348953
"Lcu.1GRN.Chr5p416061140",5,416061140,1,0.382716049382716,7.63501427733385,7.63501427733385,"GLM","DTF_Nepal_2017",5.05661386128057,5.05661386128057,2.31731846739051e-08,2.31731846739051e-08,8.77780924460297e-06,8.77780924460297e-06
"Lcu.1GRN.Chr5p456047817",5,456047817,1,0.365740740740741,7.63494308546355,7.63494308546355,"GLM","DTF_Sask_2017",4.54746239746194,4.54746239746194,2.31769836574313e-08,2.31769836574313e-08,2.83489907705426e-05,2.83489907705426e-05
"Lcu.1GRN.Chr4p471079431",4,471079431,1,0.308641975308642,7.63182772373647,7.63182772373647,"GLM","DTF_Nepal_2017",5.05391610287481,5.05391610287481,2.33438388380554e-08,2.33438388380554e-08,8.83250510510708e-06,8.83250510510708e-06
"Lcu.1GRN.Chr2p248135132",2,248135132,1,0.353395061728395,7.63089776983351,7.63089776983351,"GLM","DTF_Nepal_2017",5.05347439464655,5.05347439464655,2.33938785091385e-08,2.33938785091385e-08,8.84149295784649e-06,8.84149295784649e-06
"Lcu.1GRN.Chr4p471038002",4,471038002,1,0.310185185185185,7.63038486643428,7.63038486643428,"GLM","DTF_Nepal_2017",5.05344918863928,5.05344918863928,2.34215230876732e-08,2.34215230876732e-08,8.84200612394095e-06,8.84200612394095e-06
"Lcu.1GRN.Chr2p187430115",2,187430115,1,0.262345679012346,7.62985458615457,7.62985458615457,"GLM","DTF_Nepal_2017",5.05340605869882,5.05340605869882,2.34501385960618e-08,2.34501385960618e-08,8.84288427033803e-06,8.84288427033803e-06
"Lcu.1GRN.Chr7p604607934",7,604607934,1,0.0740740740740741,7.62919271512891,7.62919271512891,"GLM","DTF_Nepal_2017",5.05323079218558,5.05323079218558,2.34859041906772e-08,2.34859041906772e-08,8.8464536785056e-06,8.8464536785056e-06
"Lcu.1GRN.Chr7p645657645",7,645657645,1,0.0941358024691358,7.62854179075808,7.62854179075808,"GLM","DTF_Nepal_2017",5.05306592772212,5.05306592772212,2.35211314623258e-08,2.35211314623258e-08,8.84981255770486e-06,8.84981255770486e-06
"Lcu.1GRN.Chr2p10271134",2,10271134,1,0.172839506172839,7.62728547300049,7.62728547300049,"GLM","DTF_Sask_2017",4.54138117323383,4.54138117323383,2.35892713960247e-08,2.35892713960247e-08,2.87487407669081e-05,2.87487407669081e-05
"Lcu.1GRN.Chr4p39749797",4,39749797,1,0.222222222222222,7.62679577674095,7.62679577674095,"GLM","DTF_Nepal_2017",5.05180543022498,5.05180543022498,2.36158848886866e-08,2.36158848886866e-08,8.87553558922107e-06,8.87553558922107e-06
"Lcu.1GRN.Chr4p496367748",4,496367748,1,0.375,7.62516146950978,7.62516146950978,"GLM","DTF_Nepal_2017",5.05065609734003,5.05065609734003,2.37049219923436e-08,2.37049219923436e-08,8.89905524084669e-06,8.89905524084669e-06
"Lcu.1GRN.Chr2p183249869",2,183249869,1,0.132716049382716,7.62101362191627,7.62101362191627,"GLM","DTF_Nepal_2017",5.04825355564622,5.04825355564622,2.39324068974691e-08,2.39324068974691e-08,8.94842174216415e-06,8.94842174216415e-06
"Lcu.1GRN.Chr4p351316709",4,351316709,1,0.0509259259259259,7.62034214649903,7.62034214649903,"GLM","DTF_Nepal_2017",5.04825355564622,5.04825355564622,2.3969438112805e-08,2.3969438112805e-08,8.94842174216415e-06,8.94842174216415e-06
"Lcu.1GRN.Chr4p351317561",4,351317561,1,0.0509259259259259,7.62034214649903,7.62034214649903,"GLM","DTF_Nepal_2017",5.04825355564622,5.04825355564622,2.3969438112805e-08,2.3969438112805e-08,8.94842174216415e-06,8.94842174216415e-06
"Lcu.1GRN.Chr4p351628551",4,351628551,1,0.0509259259259259,7.62034214649903,7.62034214649903,"GLM","DTF_Nepal_2017",5.04825355564622,5.04825355564622,2.3969438112805e-08,2.3969438112805e-08,8.94842174216415e-06,8.94842174216415e-06
"Lcu.1GRN.Chr4p351632697",4,351632697,1,0.0509259259259259,7.62034214649903,7.62034214649903,"GLM","DTF_Nepal_2017",5.04825355564622,5.04825355564622,2.3969438112805e-08,2.3969438112805e-08,8.94842174216415e-06,8.94842174216415e-06
"Lcu.1GRN.Chr6p435557150",6,435557150,1,0.158950617283951,7.61932203036302,7.61932203036302,"GLM","DTF_Nepal_2017",5.04771518607309,5.04771518607309,2.40258062025538e-08,2.40258062025538e-08,8.95952145779869e-06,8.95952145779869e-06
"Lcu.1GRN.Chr2p183063198",2,183063198,1,0.262345679012346,7.618489151772,7.618489151772,"GLM","DTF_Nepal_2017",5.04736352025363,5.04736352025363,2.40719264748747e-08,2.40719264748747e-08,8.96677928302789e-06,8.96677928302789e-06
"Lcu.1GRN.Chr4p451382652",4,451382652,1,0.469135802469136,7.61526997910828,7.61526997910828,"GLM","DTF_Nepal_2017",5.04522658626756,5.04522658626756,2.42510206201474e-08,2.42510206201474e-08,9.01100879829478e-06,9.01100879829478e-06
"Lcu.1GRN.Chr5p1104922",5,1104922,1,0.0941358024691358,7.61500845752621,7.61500845752621,"GLM","DTF_Nepal_2017",5.04522658626756,5.04522658626756,2.42656283931589e-08,2.42656283931589e-08,9.01100879829478e-06,9.01100879829478e-06
"Lcu.1GRN.Chr1p508707102",1,508707102,1,0.0694444444444444,7.61491177042262,7.61491177042262,"GLM","DTF_Nepal_2017",5.04522658626756,5.04522658626756,2.42710312582836e-08,2.42710312582836e-08,9.01100879829478e-06,9.01100879829478e-06
"Lcu.1GRN.Chr1p541521195",1,541521195,1,0.138888888888889,7.61207879826585,7.61207879826585,"GLM","DTF_Sask_2017",4.52931021235205,4.52931021235205,2.44298725757436e-08,2.44298725757436e-08,2.95590034125365e-05,2.95590034125365e-05
"Lcu.1GRN.Chr1p372874805",1,372874805,1,0.106451612903226,7.61092558572176,7.61092558572176,"MLM","Cotyledon_Color_RvsY",4.70736149428778,4.70736149428778,2.44948291304811e-08,2.44948291304811e-08,1.96172671193632e-05,1.96172671193632e-05
"Lcu.1GRN.Chr5p135646668",5,135646668,1,0.344135802469136,7.61055458654911,7.61055458654911,"GLM","DTF_Nepal_2017",5.04205354838258,5.04205354838258,2.45157629539189e-08,2.45157629539189e-08,9.07708603072796e-06,9.07708603072796e-06
"Lcu.1GRN.Chr1p539711268",1,539711268,1,0.236111111111111,7.61037268186654,7.61037268186654,"GLM","DTF_Sask_2017",4.52916350330827,4.52916350330827,2.45260335567796e-08,2.45260335567796e-08,2.95689904279329e-05,2.95689904279329e-05
"Lcu.1GRN.Chr4p176125148",4,176125148,1,0.0648148148148148,7.60982553789336,7.60982553789336,"GLM","DTF_Nepal_2017",5.04205354838258,5.04205354838258,2.45569520433409e-08,2.45569520433409e-08,9.07708603072796e-06,9.07708603072796e-06
"Lcu.1GRN.Chr5p10231016",5,10231016,1,0.205246913580247,7.60882971845439,7.60882971845439,"GLM","DTF_Nepal_2017",5.04153471359551,5.04153471359551,2.46133247328645e-08,2.46133247328645e-08,9.08793655369861e-06,9.08793655369861e-06
"Lcu.1GRN.Chr1p579204936",1,579204936,1,0.066358024691358,7.60478870682158,7.60478870682158,"GLM","DTF_Nepal_2017",5.038446102524,5.038446102524,2.48434149444158e-08,2.48434149444158e-08,9.15279841687657e-06,9.15279841687657e-06
"Lcu.1GRN.Chr5p27272120",5,27272120,1,0.0617283950617284,7.6026830617168,7.6026830617168,"GLM","DTF_Nepal_2017",5.03763528115015,5.03763528115015,2.49641589015378e-08,2.49641589015378e-08,9.1699025177207e-06,9.1699025177207e-06
"Lcu.1GRN.Chr4p501005116",4,501005116,1,0.342592592592593,7.60255318931418,7.60255318931418,"GLM","DTF_Nepal_2017",5.03763528115015,5.03763528115015,2.49716253563285e-08,2.49716253563285e-08,9.1699025177207e-06,9.1699025177207e-06
"Lcu.1GRN.Chr5p362340912",5,362340912,1,0.308641975308642,7.60000749993424,7.60000749993424,"GLM","DTF_Nepal_2017",5.03556345377238,5.03556345377238,2.51184305352261e-08,2.51184305352261e-08,9.2137525887049e-06,9.2137525887049e-06
"Lcu.1GRN.Chr1p572593644",1,572593644,1,0.484567901234568,7.59988612853127,7.59988612853127,"GLM","DTF_Sask_2017",4.52023077804161,4.52023077804161,2.51254513133444e-08,2.51254513133444e-08,3.01834738639848e-05,3.01834738639848e-05
"Lcu.1GRN.Chr4p470977401",4,470977401,1,0.314814814814815,7.59857747252922,7.59857747252922,"GLM","DTF_Nepal_2017",5.03460677189859,5.03460677189859,2.52012758131111e-08,2.52012758131111e-08,9.23407139589187e-06,9.23407139589187e-06
"Lcu.1GRN.Chr5p27324191",5,27324191,1,0.367283950617284,7.59532133980059,7.59532133980059,"GLM","DTF_Nepal_2017",5.03229578531427,5.03229578531427,2.53909330413842e-08,2.53909330413842e-08,9.283339102534e-06,9.283339102534e-06
"Lcu.1GRN.Chr1p541129377",1,541129377,1,0.236111111111111,7.59453918335189,7.59453918335189,"GLM","DTF_Sask_2017",4.5164321214251,4.5164321214251,2.54367028520738e-08,2.54367028520738e-08,3.04486385346744e-05,3.04486385346744e-05
"Lcu.1GRN.Chr4p451382560",4,451382560,1,0.341049382716049,7.59314285340507,7.59314285340507,"GLM","DTF_Nepal_2017",5.03116792048145,5.03116792048145,2.55186177528882e-08,2.55186177528882e-08,9.30747931083833e-06,9.30747931083833e-06
"Lcu.1GRN.Chr4p182547413",4,182547413,1,0.371913580246914,7.59292370264579,7.59292370264579,"GLM","DTF_Nepal_2017",5.03116792048145,5.03116792048145,2.55314980355824e-08,2.55314980355824e-08,9.30747931083833e-06,9.30747931083833e-06
"Lcu.1GRN.Chr3p297059660",3,297059660,1,0.283950617283951,7.59277960128741,7.59277960128741,"GLM","DTF_Nepal_2017",5.03116792048145,5.03116792048145,2.55399709362208e-08,2.55399709362208e-08,9.30747931083833e-06,9.30747931083833e-06
"Lcu.1GRN.Chr3p402981859",3,402981859,1,0.058641975308642,7.58658300092321,7.58658300092321,"GLM","DTF_Nepal_2017",5.02564175631156,5.02564175631156,2.59069924817705e-08,2.59069924817705e-08,9.42666869144516e-06,9.42666869144516e-06
"Lcu.1GRN.Chr3p389188154",3,389188154,1,0.222222222222222,7.5863134054044,7.5863134054044,"GLM","DTF_Nepal_2017",5.02564175631156,5.02564175631156,2.59230796706775e-08,2.59230796706775e-08,9.42666869144516e-06,9.42666869144516e-06
"Lcu.1GRN.Chr2p45342783",2,45342783,1,0.290123456790123,7.58473808862193,7.58473808862193,"GLM","DTF_Sask_2017",4.51011689883713,4.51011689883713,2.60172812273469e-08,2.60172812273469e-08,3.08946373111547e-05,3.08946373111547e-05
"Lcu.1GRN.Chr1p537190191",1,537190191,1,0.231481481481482,7.58312102596445,7.58312102596445,"GLM","DTF_Sask_2017",4.51011689883713,4.51011689883713,2.61143351806972e-08,2.61143351806972e-08,3.08946373111547e-05,3.08946373111547e-05
"Lcu.1GRN.Chr4p39603215",4,39603215,1,0.135802469135803,7.58246574600814,7.58246574600814,"GLM","DTF_Nepal_2017",5.02247459075776,5.02247459075776,2.61537672190796e-08,2.61537672190796e-08,9.495665538127e-06,9.495665538127e-06
"Lcu.1GRN.Chr2p632000956",2,632000956,1,0.0570987654320988,7.58220823844513,7.58220823844513,"GLM","DTF_Nepal_2017",5.02247459075776,5.02247459075776,2.61692792510672e-08,2.61692792510672e-08,9.495665538127e-06,9.495665538127e-06
"Lcu.1GRN.Chr1p542937863",1,542937863,1,0.0771604938271605,7.58211185117276,7.58211185117276,"GLM","DTF_Sask_2017",4.51011689883713,4.51011689883713,2.61750879027584e-08,2.61750879027584e-08,3.08946373111547e-05,3.08946373111547e-05
"Lcu.1GRN.Chr2p51671173",2,51671173,1,0.137345679012346,7.58208542066049,7.58208542066049,"GLM","DTF_Sask_2017",4.51011689883713,4.51011689883713,2.61766809279124e-08,2.61766809279124e-08,3.08946373111547e-05,3.08946373111547e-05
"Lcu.1GRN.Chr2p183690527",2,183690527,1,0.287037037037037,7.58018100328008,7.58018100328008,"GLM","DTF_Nepal_2017",5.02238519850654,5.02238519850654,2.62917198916699e-08,2.62917198916699e-08,9.49762026313573e-06,9.49762026313573e-06
"Lcu.1GRN.Chr5p131540092",5,131540092,1,0.484567901234568,7.5775946245974,7.5775946245974,"GLM","DTF_Nepal_2017",5.02238519850654,5.02238519850654,2.64487636313791e-08,2.64487636313791e-08,9.49762026313573e-06,9.49762026313573e-06
"Lcu.1GRN.Chr3p375779559",3,375779559,1,0.188271604938272,7.57730226760923,7.57730226760923,"GLM","DTF_Nepal_2017",5.02238519850654,5.02238519850654,2.6466574320775e-08,2.6466574320775e-08,9.49762026313573e-06,9.49762026313573e-06
"Lcu.1GRN.Chr2p248632077",2,248632077,1,0.305555555555556,7.57722358068122,7.57722358068122,"GLM","DTF_Nepal_2017",5.02238519850654,5.02238519850654,2.64713700577468e-08,2.64713700577468e-08,9.49762026313573e-06,9.49762026313573e-06
"Lcu.1GRN.Chr5p4032704",5,4032704,1,0.132716049382716,7.5770018436703,7.5770018436703,"GLM","DTF_Nepal_2017",5.02238519850654,5.02238519850654,2.64848889519726e-08,2.64848889519726e-08,9.49762026313573e-06,9.49762026313573e-06
"Lcu.1GRN.Chr2p187265674",2,187265674,1,0.263888888888889,7.57056163195394,7.57056163195394,"GLM","DTF_Nepal_2017",5.02238519850654,5.02238519850654,2.68805634634349e-08,2.68805634634349e-08,9.49762026313573e-06,9.49762026313573e-06
"Lcu.1GRN.Chr2p187429085",2,187429085,1,0.262345679012346,7.56761204313064,7.56761204313064,"GLM","DTF_Nepal_2017",5.0198915619371,5.0198915619371,2.70637489932047e-08,2.70637489932047e-08,9.55231065854908e-06,9.55231065854908e-06
"Lcu.1GRN.Chr1p365199241",1,365199241,1,0.383870967741936,7.56708852543892,7.56708852543892,"MLM","Cotyledon_Color_RvsY",4.66661551098209,4.66661551098209,2.70963924989428e-08,2.70963924989428e-08,2.15468847652291e-05,2.15468847652291e-05
"Lcu.1GRN.Chr5p1919004",5,1919004,1,0.160493827160494,7.56702070233063,7.56702070233063,"GLM","DTF_Nepal_2017",5.01975569520285,5.01975569520285,2.71006244317604e-08,2.71006244317604e-08,9.55529951597271e-06,9.55529951597271e-06
"Lcu.1GRN.Chr5p456047981",5,456047981,1,0.390432098765432,7.5667613264511,7.5667613264511,"GLM","DTF_Sask_2017",4.49631397774827,4.49631397774827,2.71168147083244e-08,2.71168147083244e-08,3.18923133321501e-05,3.18923133321501e-05
"Lcu.1GRN.Chr7p67768137",7,67768137,1,0.0601851851851852,7.56305246822844,7.56305246822844,"GLM","DTF_Nepal_2017",5.01638677807828,5.01638677807828,2.73493829144854e-08,2.73493829144854e-08,9.62971029792953e-06,9.62971029792953e-06
"Lcu.1GRN.Chr7p51478088",7,51478088,1,0.487654320987654,7.56303313213647,7.56303313213647,"GLM","DTF_Sask_2017",4.49410164703859,4.49410164703859,2.73506006180898e-08,2.73506006180898e-08,3.20551898191812e-05,3.20551898191812e-05
"Lcu.1GRN.Chr5p459572366",5,459572366,1,0.141975308641975,7.56274226763406,7.56274226763406,"GLM","DTF_Nepal_2017",5.01638677807828,5.01638677807828,2.73689245521131e-08,2.73689245521131e-08,9.62971029792953e-06,9.62971029792953e-06
"Lcu.1GRN.Chr1p572630821",1,572630821,1,0.262345679012346,7.5612555481672,7.5612555481672,"GLM","DTF_Nepal_2017",5.01535410411217,5.01535410411217,2.74627770899863e-08,2.74627770899863e-08,9.65263525749993e-06,9.65263525749993e-06
"Lcu.1GRN.Chr5p1781265",5,1781265,1,0.148148148148148,7.56055858304287,7.56055858304287,"GLM","DTF_Nepal_2017",5.01511071028954,5.01511071028954,2.75068853287227e-08,2.75068853287227e-08,9.65804644819048e-06,9.65804644819048e-06
"Lcu.1GRN.Chr2p51670538",2,51670538,1,0.145061728395062,7.55870764791725,7.55870764791725,"GLM","DTF_Sask_2017",4.49335659251736,4.49335659251736,2.76243680774562e-08,2.76243680774562e-08,3.21102293441135e-05,3.21102293441135e-05
"Lcu.1GRN.Chr1p436568375",1,436568375,1,0.469135802469136,7.55842105907291,7.55842105907291,"GLM","DTF_Sask_2017",4.49335659251736,4.49335659251736,2.76426032813754e-08,2.76426032813754e-08,3.21102293441135e-05,3.21102293441135e-05
"Lcu.1GRN.Chr4p3903034",4,3903034,1,0.24537037037037,7.55817390501243,7.55817390501243,"FarmCPU","DTF_Nepal_2017",2.8095117735642,2.8095117735642,2.76583389775777e-08,2.76583389775777e-08,0.00155055875114514,0.00155055875114514
"Lcu.1GRN.Chr2p48443358",2,48443358,1,0.20679012345679,7.55647487587512,7.55647487587512,"GLM","DTF_Sask_2017",4.49335659251736,4.49335659251736,2.77667547334447e-08,2.77667547334447e-08,3.21102293441135e-05,3.21102293441135e-05
"Lcu.1GRN.Chr2p45088314",2,45088314,1,0.0725308641975309,7.55641050941393,7.55641050941393,"GLM","DTF_Nepal_2017",5.01141573475272,5.01141573475272,2.77708703284271e-08,2.77708703284271e-08,9.74056761184781e-06,9.74056761184781e-06
"Lcu.1GRN.Chr7p1560731",7,1560731,1,0.371913580246914,7.55279471694,7.55279471694,"GLM","DTF_Nepal_2017",5.00825256814769,5.00825256814769,2.80030465965609e-08,2.80030465965609e-08,9.81177164015146e-06,9.81177164015146e-06
"Lcu.1GRN.Chr2p248135185",2,248135185,1,0.33641975308642,7.55054068032503,7.55054068032503,"GLM","DTF_Nepal_2017",5.0064506861617,5.0064506861617,2.81487633357118e-08,2.81487633357118e-08,9.85256511648635e-06,9.85256511648635e-06
"Lcu.1GRN.Chr3p433895946",3,433895946,1,0.109567901234568,7.54861376492861,7.54861376492861,"GLM","DTF_Sask_2017",4.49335659251736,4.49335659251736,2.82739336864444e-08,2.82739336864444e-08,3.21102293441135e-05,3.21102293441135e-05
"Lcu.1GRN.Chr3p180387971",3,180387971,1,0.123456790123457,7.54836577792685,7.54836577792685,"GLM","DTF_Sask_2017",4.49335659251736,4.49335659251736,2.82900830287872e-08,2.82900830287872e-08,3.21102293441135e-05,3.21102293441135e-05
"Lcu.1GRN.Chr6p436559474",6,436559474,1,0.118827160493827,7.54830701067056,7.54830701067056,"GLM","DTF_Nepal_2017",5.0046687008765,5.0046687008765,2.82939114058862e-08,2.82939114058862e-08,9.8930749458043e-06,9.8930749458043e-06
"Lcu.1GRN.Chr6p40076993",6,40076993,1,0.450617283950617,7.54779611503229,7.54779611503229,"GLM","DTF_Sask_2017",4.49335659251736,4.49335659251736,2.83272154018951e-08,2.83272154018951e-08,3.21102293441135e-05,3.21102293441135e-05
"Lcu.1GRN.Chr1p562751598",1,562751598,1,0.427469135802469,7.54762854106044,7.54762854106044,"GLM","DTF_Nepal_2017",5.0044414463531,5.0044414463531,2.83381476612636e-08,2.83381476612636e-08,9.89825307827234e-06,9.89825307827234e-06
"Lcu.1GRN.Chr2p561520994",2,561520994,1,0.458333333333333,7.54762470735035,7.54762470735035,"GLM","DTF_Sask_2017",4.49335659251736,4.49335659251736,2.83383978157712e-08,2.83383978157712e-08,3.21102293441135e-05,3.21102293441135e-05
"Lcu.1GRN.Chr2p45339428",2,45339428,1,0.234567901234568,7.54741352503202,7.54741352503202,"GLM","DTF_Sask_2017",4.49335659251736,4.49335659251736,2.83521811450045e-08,2.83521811450045e-08,3.21102293441135e-05,3.21102293441135e-05
"Lcu.1GRN.Chr5p455417858",5,455417858,1,0.416666666666667,7.54436560614861,7.54436560614861,"GLM","DTF_Sask_2017",4.491768488393,4.491768488393,2.85518592373814e-08,2.85518592373814e-08,3.22278632083901e-05,3.22278632083901e-05
"Lcu.1GRN.Chr5p457714799",5,457714799,1,0.436728395061728,7.54415814975612,7.54415814975612,"GLM","DTF_Nepal_2017",5.00145988029193,5.00145988029193,2.85655013187781e-08,2.85655013187781e-08,9.96644144913333e-06,9.96644144913333e-06
"Lcu.1GRN.Chr4p182563453",4,182563453,2,0.371913580246914,7.54374594878001,6.3010486470336,"GLM","DTF_Nepal_2017;DTF_Sask_2017",5.00145988029193,3.72557278399764,2.85926265014513e-08,4.99978527278269e-07,9.96644144913333e-06,0.0001881166412584
"Lcu.1GRN.Chr1p446650108",1,446650108,1,0.180555555555556,7.54090244722401,7.54090244722401,"GLM","DTF_Nepal_2017",4.99906619180763,4.99906619180763,2.87804481882958e-08,2.87804481882958e-08,1.00215248610274e-05,1.00215248610274e-05
"Lcu.1GRN.Chr4p498064262",4,498064262,1,0.0694444444444444,7.53995256290288,7.53995256290288,"GLM","DTF_Nepal_2017",4.998565655154,4.998565655154,2.88434653718813e-08,2.88434653718813e-08,1.00330816098693e-05,1.00330816098693e-05
"Lcu.1GRN.Chr2p248165344",2,248165344,1,0.334876543209877,7.53889702731138,7.53889702731138,"GLM","DTF_Nepal_2017",4.9979590027879,4.9979590027879,2.89136535359029e-08,2.89136535359029e-08,1.0047106300528e-05,1.0047106300528e-05
"Lcu.1GRN.Chr7p630529134",7,630529134,1,0.0555555555555556,7.53799070823648,7.53799070823648,"GLM","DTF_Nepal_2017",4.99750110345537,4.99750110345537,2.89740557725118e-08,2.89740557725118e-08,1.00577050753689e-05,1.00577050753689e-05
"Lcu.1GRN.Chr2p43828039",2,43828039,1,0.351851851851852,7.53754043894858,7.53754043894858,"GLM","DTF_Nepal_2017",4.99749879138295,4.99749879138295,2.90041111688986e-08,2.90041111688986e-08,1.00577586201535e-05,1.00577586201535e-05
"Lcu.1GRN.Chr4p500606999",4,500606999,1,0.305555555555556,7.53696600893264,7.53696600893264,"GLM","DTF_Nepal_2017",4.99737185700877,4.99737185700877,2.90424995344426e-08,2.90424995344426e-08,1.00606987032975e-05,1.00606987032975e-05
"Lcu.1GRN.Chr2p33986457",2,33986457,2,0.200617283950617,7.53407381104868,7.52435855738476,"GLM","DTF_Nepal_2017;DTF_Sask_2017",4.99514356843202,4.48184501489967,2.92365544218718e-08,2.98979521585373e-08,1.01124510307722e-05,3.29727359793794e-05
"Lcu.1GRN.Chr2p44146735",2,44146735,1,0.199074074074074,7.53384410999555,7.53384410999555,"GLM","DTF_Nepal_2017",4.99514356843202,4.99514356843202,2.92520219074444e-08,2.92520219074444e-08,1.01124510307722e-05,1.01124510307722e-05
"Lcu.1GRN.Chr1p537925505",1,537925505,1,0.277777777777778,7.53300683086684,7.53300683086684,"GLM","DTF_Sask_2017",4.4839688943304,4.4839688943304,2.93084714661249e-08,2.93084714661249e-08,3.28118793271885e-05,3.28118793271885e-05
"Lcu.1GRN.Chr3p434028973",3,434028973,1,0.114197530864197,7.53221578056843,7.53221578056843,"GLM","DTF_Sask_2017",4.4839688943304,4.4839688943304,2.93619043410434e-08,2.93619043410434e-08,3.28118793271885e-05,3.28118793271885e-05
"Lcu.1GRN.Chr4p460172465",4,460172465,1,0.169753086419753,7.53159782966191,7.53159782966191,"GLM","DTF_Nepal_2017",4.99396102288847,4.99396102288847,2.94037126781228e-08,2.94037126781228e-08,1.01400238645683e-05,1.01400238645683e-05
"Lcu.1GRN.Chr6p439809446",6,439809446,1,0.138888888888889,7.53158882534568,7.53158882534568,"GLM","DTF_Nepal_2017",4.99396102288847,4.99396102288847,2.94043223176252e-08,2.94043223176252e-08,1.01400238645683e-05,1.01400238645683e-05
"Lcu.1GRN.Chr4p501060401",4,501060401,1,0.473765432098765,7.53132458705365,7.53132458705365,"GLM","DTF_Nepal_2017",4.99396102288847,4.99396102288847,2.94222182670079e-08,2.94222182670079e-08,1.01400238645683e-05,1.01400238645683e-05
"Lcu.1GRN.Chr1p437708442",1,437708442,2,0.0972222222222222,7.53010889894466,7.41323501895427,"GLM","DTF_Nepal_2017;DTF_Sask_2017",4.99319008083156,4.39696664732901,2.9504693064194e-08,3.86157950686245e-08,1.01580400122044e-05,4.00897504316297e-05
"Lcu.1GRN.Chr2p561528244",2,561528244,1,0.0725308641975309,7.52834453564408,7.52834453564408,"GLM","DTF_Nepal_2017",4.9918700085998,4.9918700085998,2.96248025439269e-08,2.96248025439269e-08,1.01889631465164e-05,1.01889631465164e-05
"Lcu.1GRN.Chr1p472347424",1,472347424,1,0.297839506172839,7.52755632111422,7.52755632111422,"GLM","DTF_Nepal_2017",4.99152563108548,4.99152563108548,2.96786183384239e-08,2.96786183384239e-08,1.01970457759353e-05,1.01970457759353e-05
"Lcu.1GRN.Chr4p182601936",4,182601936,1,0.37037037037037,7.52565707484851,7.52565707484851,"GLM","DTF_Nepal_2017",4.99006976870914,4.99006976870914,2.98086923750248e-08,2.98086923750248e-08,1.02312861511326e-05,1.02312861511326e-05
"Lcu.1GRN.Chr4p497110951",4,497110951,1,0.358024691358025,7.52444690771779,7.52444690771779,"GLM","DTF_Nepal_2017",4.98930253326586,4.98930253326586,2.98918705123884e-08,2.98918705123884e-08,1.02493769710913e-05,1.02493769710913e-05
"Lcu.1GRN.Chr3p347698171",3,347698171,1,0.490740740740741,7.52195579316385,7.52195579316385,"GLM","DTF_Nepal_2017",4.98725389911892,4.98725389911892,3.0063823067147e-08,3.0063823067147e-08,1.02978390770133e-05,1.02978390770133e-05
"Lcu.1GRN.Chr6p394417257",6,394417257,1,0.12037037037037,7.51758348831915,7.51758348831915,"GLM","DTF_Nepal_2017",4.98332362431941,4.98332362431941,3.03680224412629e-08,3.03680224412629e-08,1.03914553453716e-05,1.03914553453716e-05
"Lcu.1GRN.Chr4p304459507",4,304459507,1,0.307098765432099,7.51333925703754,7.51333925703754,"GLM","DTF_Nepal_2017",4.979520973637,4.979520973637,3.0666255021682e-08,3.0666255021682e-08,1.04828416695916e-05,1.04828416695916e-05
"Lcu.1GRN.Chr5p37927783",5,37927783,1,0.148148148148148,7.51028273517364,7.51028273517364,"GLM","DTF_Nepal_2017",4.97690558383938,4.97690558383938,3.0882842375676e-08,3.0882842375676e-08,1.05461614633289e-05,1.05461614633289e-05
"Lcu.1GRN.Chr3p434223418",3,434223418,1,0.108024691358025,7.5099197310363,7.5099197310363,"GLM","DTF_Sask_2017",4.47078493793694,4.47078493793694,3.09086665261227e-08,3.09086665261227e-08,3.38232286930811e-05,3.38232286930811e-05
"Lcu.1GRN.Chr1p559227190",1,559227190,1,0.259259259259259,7.50969776929136,7.50969776929136,"GLM","DTF_Sask_2017",4.47078493793694,4.47078493793694,3.09244675443336e-08,3.09244675443336e-08,3.38232286930811e-05,3.38232286930811e-05
"Lcu.1GRN.Chr5p10017108",5,10017108,1,0.266975308641975,7.50813489231643,7.50813489231643,"GLM","DTF_Nepal_2017",4.97519842542577,4.97519842542577,3.10359545843854e-08,3.10359545843854e-08,1.05876987177342e-05,1.05876987177342e-05
"Lcu.1GRN.Chr2p86834630",2,86834630,1,0.424382716049383,7.50763984034398,7.50763984034398,"GLM","DTF_Sask_2017",4.47078493793694,4.47078493793694,3.1071352618307e-08,3.1071352618307e-08,3.38232286930811e-05,3.38232286930811e-05
"Lcu.1GRN.Chr2p86834661",2,86834661,1,0.424382716049383,7.50763984034398,7.50763984034398,"GLM","DTF_Sask_2017",4.47078493793694,4.47078493793694,3.1071352618307e-08,3.1071352618307e-08,3.38232286930811e-05,3.38232286930811e-05
"Lcu.1GRN.Chr5p459526343",5,459526343,1,0.137345679012346,7.50761453332737,7.50761453332737,"GLM","DTF_Nepal_2017",4.97511830416513,4.97511830416513,3.10731632472242e-08,3.10731632472242e-08,1.05896521803233e-05,1.05896521803233e-05
"Lcu.1GRN.Chr2p247847184",2,247847184,1,0.313271604938272,7.50545218847414,7.50545218847414,"GLM","DTF_Nepal_2017",4.97386003508837,4.97386003508837,3.12282617956724e-08,3.12282617956724e-08,1.06203777677349e-05,1.06203777677349e-05
"Lcu.1GRN.Chr2p37560854",2,37560854,1,0.058641975308642,7.50534937691053,7.50534937691053,"GLM","DTF_Nepal_2017",4.97386003508837,4.97386003508837,3.12356554113351e-08,3.12356554113351e-08,1.06203777677349e-05,1.06203777677349e-05
"Lcu.1GRN.Chr4p496563262",4,496563262,1,0.24537037037037,7.5050382223227,7.5050382223227,"GLM","DTF_Nepal_2017",4.97386003508837,4.97386003508837,3.12580425251511e-08,3.12580425251511e-08,1.06203777677349e-05,1.06203777677349e-05
"Lcu.1GRN.Chr2p247397187",2,247397187,1,0.308641975308642,7.50379788006185,7.50379788006185,"GLM","DTF_Nepal_2017",4.97305815271525,4.97305815271525,3.13474428972305e-08,3.13474428972305e-08,1.06400053733731e-05,1.06400053733731e-05
"Lcu.1GRN.Chr1p370889672",1,370889672,1,0.185483870967742,7.50374569117574,7.50374569117574,"MLM","Cotyledon_Color_RvsY",4.61040076492345,4.61040076492345,3.13512101254524e-08,3.13512101254524e-08,2.45244476657396e-05,2.45244476657396e-05
"Lcu.1GRN.Chr2p79721021",2,79721021,1,0.231481481481482,7.50285438016105,7.50285438016105,"GLM","DTF_Sask_2017",4.46861134873787,4.46861134873787,3.14156188950292e-08,3.14156188950292e-08,3.3992934016588e-05,3.3992934016588e-05
"Lcu.1GRN.Chr2p50744372",2,50744372,1,0.330246913580247,7.50266434154291,7.50266434154291,"GLM","DTF_Sask_2017",4.46861134873787,4.46861134873787,3.14293687524605e-08,3.14293687524605e-08,3.3992934016588e-05,3.3992934016588e-05
"Lcu.1GRN.Chr3p375778403",3,375778403,1,0.186728395061728,7.5002757833637,7.5002757833637,"GLM","DTF_Nepal_2017",4.97004926333468,4.97004926333468,3.16027020493757e-08,3.16027020493757e-08,1.07139776646013e-05,1.07139776646013e-05
"Lcu.1GRN.Chr3p401387609",3,401387609,1,0.180555555555556,7.49954786726876,7.49954786726876,"GLM","DTF_Nepal_2017",4.97004926333468,4.97004926333468,3.16557153978513e-08,3.16557153978513e-08,1.07139776646013e-05,1.07139776646013e-05
"Lcu.1GRN.Chr4p471952891",4,471952891,1,0.487654320987654,7.49947626076925,7.49947626076925,"GLM","DTF_Nepal_2017",4.97004926333468,4.97004926333468,3.1660935224364e-08,3.1660935224364e-08,1.07139776646013e-05,1.07139776646013e-05
"Lcu.1GRN.Chr6p1286012",6,1286012,1,0.0555555555555556,7.49858559090476,7.49858559090476,"GLM","DTF_Sask_2017",4.46592680309133,4.46592680309133,3.17259334643947e-08,3.17259334643947e-08,3.42037085308271e-05,3.42037085308271e-05
"Lcu.1GRN.Chr3p375775559",3,375775559,1,0.20679012345679,7.49672617930933,7.49672617930933,"GLM","DTF_Nepal_2017",4.96781531076955,4.96781531076955,3.18620577677651e-08,3.18620577677651e-08,1.07692309145181e-05,1.07692309145181e-05
"Lcu.1GRN.Chr4p180280478",4,180280478,1,0.368827160493827,7.49636935417772,7.49636935417772,"GLM","DTF_Nepal_2017",4.96781531076955,4.96781531076955,3.18882470363028e-08,3.18882470363028e-08,1.07692309145181e-05,1.07692309145181e-05
"Lcu.1GRN.Chr5p502825632",5,502825632,1,0.0601851851851852,7.49445262313067,7.49445262313067,"GLM","DTF_Nepal_2017",4.96701684301376,4.96701684301376,3.20292948082029e-08,3.20292948082029e-08,1.07890487881975e-05,1.07890487881975e-05
"Lcu.1GRN.Chr4p304459553",4,304459553,1,0.308641975308642,7.49426473661965,7.49426473661965,"GLM","DTF_Nepal_2017",4.96701684301376,4.96701684301376,3.20431544694019e-08,3.20431544694019e-08,1.07890487881975e-05,1.07890487881975e-05
"Lcu.1GRN.Chr4p304461244",4,304461244,1,0.308641975308642,7.49426473661965,7.49426473661965,"GLM","DTF_Nepal_2017",4.96701684301376,4.96701684301376,3.20431544694019e-08,3.20431544694019e-08,1.07890487881975e-05,1.07890487881975e-05
"Lcu.1GRN.Chr5p132010634",5,132010634,1,0.490740740740741,7.49215990772761,7.49215990772761,"GLM","DTF_Nepal_2017",4.96534652589574,4.96534652589574,3.21988300836742e-08,3.21988300836742e-08,1.08306238787552e-05,1.08306238787552e-05
"Lcu.1GRN.Chr2p49724493",2,49724493,1,0.165123456790123,7.49082847939372,7.49082847939372,"GLM","DTF_Sask_2017",4.45955943510829,4.45955943510829,3.2297694375559e-08,3.2297694375559e-08,3.47088772013535e-05,3.47088772013535e-05
"Lcu.1GRN.Chr6p431654960",6,431654960,1,0.152173913043478,7.46334833006427,7.46334833006427,"FarmCPU","DTF_Sask_2017_b",3.35150829620321,3.35150829620321,3.44073852321472e-08,3.44073852321472e-08,0.00044513495955314,0.00044513495955314
"Lcu.1GRN.Chr1p541522127",1,541522127,1,0.234567901234568,7.46185689234022,7.46185689234022,"GLM","DTF_Sask_2017",4.43197315858156,4.43197315858156,3.45257489000333e-08,3.45257489000333e-08,3.69851037587819e-05,3.69851037587819e-05
"Lcu.1GRN.Chr5p456051802",5,456051802,1,0.33641975308642,7.45593758407827,7.45593758407827,"GLM","DTF_Sask_2017",4.42743475603599,4.42743475603599,3.49995464051912e-08,3.49995464051912e-08,3.73736267481745e-05,3.73736267481745e-05
"Lcu.1GRN.Chr2p65079812",2,65079812,1,0.25,7.44023458579184,7.44023458579184,"GLM","DTF_Sask_2017",4.41310828657837,4.41310828657837,3.62881989755641e-08,3.62881989755641e-08,3.86270652683974e-05,3.86270652683974e-05
"Lcu.1GRN.Chr2p86012819",2,86012819,1,0.462962962962963,7.43750061776098,7.43750061776098,"GLM","DTF_Sask_2017",4.41310760624798,4.41310760624798,3.65173607814287e-08,3.65173607814287e-08,3.86271257784613e-05,3.86271257784613e-05
"Lcu.1GRN.Chr5p456051113",5,456051113,1,0.314814814814815,7.43749386809542,7.43749386809542,"GLM","DTF_Sask_2017",4.41310760624798,4.41310760624798,3.65179283269485e-08,3.65179283269485e-08,3.86271257784613e-05,3.86271257784613e-05
"Lcu.1GRN.Chr2p45380038",2,45380038,1,0.358024691358025,7.43108207291554,7.43108207291554,"GLM","DTF_Sask_2017",4.40941866940357,4.40941866940357,3.70610677205989e-08,3.70610677205989e-08,3.89566255186709e-05,3.89566255186709e-05
"Lcu.1GRN.Chr5p2102310",5,2102310,2,0.117283950617284,7.42014804801108,5.44163392661025,"FarmCPU;MLM","DTF_Nepal_2017",2.73843270619346,1.41997052309828,3.80059814450221e-08,3.61714628909031e-06,0.00182627970867396,0.0380215201819513
"Lcu.1GRN.Chr5p455448855",5,455448855,1,0.427469135802469,7.41390932934069,7.41390932934069,"GLM","DTF_Sask_2017",4.39696664732901,4.39696664732901,3.85558845047242e-08,3.85558845047242e-08,4.00897504316297e-05,4.00897504316297e-05
"Lcu.1GRN.Chr4p302779223",4,302779223,1,0.274691358024691,7.41334488285383,7.41334488285383,"GLM","DTF_Sask_2017",4.39696664732901,4.39696664732901,3.86060276286955e-08,3.86060276286955e-08,4.00897504316297e-05,4.00897504316297e-05
"Lcu.1GRN.Chr1p446409683",1,446409683,1,0.25462962962963,7.4112061880507,7.4112061880507,"GLM","DTF_Sask_2017",4.3962761671977,4.3962761671977,3.87966129313755e-08,3.87966129313755e-08,4.01535393904246e-05,4.01535393904246e-05
"Lcu.1GRN.Chr2p561729565",2,561729565,1,0.449074074074074,7.40787076053106,7.40787076053106,"GLM","DTF_Sask_2017",4.39571839916579,4.39571839916579,3.90957221438883e-08,3.90957221438883e-08,4.02051420463394e-05,4.02051420463394e-05
"Lcu.1GRN.Chr1p559270308",1,559270308,1,0.242283950617284,7.40758045712287,7.40758045712287,"GLM","DTF_Sask_2017",4.39571839916579,4.39571839916579,3.91218643492812e-08,3.91218643492812e-08,4.02051420463394e-05,4.02051420463394e-05
"Lcu.1GRN.Chr2p86460714",2,86460714,1,0.458333333333333,7.40648916248365,7.40648916248365,"GLM","DTF_Sask_2017",4.39571839916579,4.39571839916579,3.92202933361601e-08,3.92202933361601e-08,4.02051420463394e-05,4.02051420463394e-05
"Lcu.1GRN.Chr1p540512508",1,540512508,1,0.183641975308642,7.40533588304769,7.40533588304769,"GLM","DTF_Sask_2017",4.39571839916579,4.39571839916579,3.9324582177341e-08,3.9324582177341e-08,4.02051420463394e-05,4.02051420463394e-05
"Lcu.1GRN.Chr6p40077100",6,40077100,1,0.49537037037037,7.40189355193288,7.40189355193288,"GLM","DTF_Sask_2017",4.3940239003786,4.3940239003786,3.96375176177847e-08,3.96375176177847e-08,4.03623179900981e-05,4.03623179900981e-05
"Lcu.1GRN.Chr1p537083456",1,537083456,1,0.234567901234568,7.39740490475913,7.39740490475913,"GLM","DTF_Sask_2017",4.3940239003786,4.3940239003786,4.00493152667034e-08,4.00493152667034e-08,4.03623179900981e-05,4.03623179900981e-05
"Lcu.1GRN.Chr1p537083527",1,537083527,1,0.234567901234568,7.39740490475913,7.39740490475913,"GLM","DTF_Sask_2017",4.3940239003786,4.3940239003786,4.00493152667034e-08,4.00493152667034e-08,4.03623179900981e-05,4.03623179900981e-05
"Lcu.1GRN.Chr4p1361589",4,1361589,1,0.154320987654321,7.39713578859524,7.39713578859524,"GLM","DTF_Sask_2017",4.3940239003786,4.3940239003786,4.00741400309312e-08,4.00741400309312e-08,4.03623179900981e-05,4.03623179900981e-05
"Lcu.1GRN.Chr1p559940276",1,559940276,1,0.21141975308642,7.39593709170693,7.39593709170693,"GLM","DTF_Sask_2017",4.3940239003786,4.3940239003786,4.01849015145462e-08,4.01849015145462e-08,4.03623179900981e-05,4.03623179900981e-05
"Lcu.1GRN.Chr2p63175172",2,63175172,1,0.279320987654321,7.39145742448837,7.39145742448837,"GLM","DTF_Sask_2017",4.3940239003786,4.3940239003786,4.06015464514436e-08,4.06015464514436e-08,4.03623179900981e-05,4.03623179900981e-05
"Lcu.1GRN.Chr2p63175261",2,63175261,1,0.279320987654321,7.39145742448837,7.39145742448837,"GLM","DTF_Sask_2017",4.3940239003786,4.3940239003786,4.06015464514436e-08,4.06015464514436e-08,4.03623179900981e-05,4.03623179900981e-05
"Lcu.1GRN.Chr2p63177279",2,63177279,1,0.279320987654321,7.39145742448837,7.39145742448837,"GLM","DTF_Sask_2017",4.3940239003786,4.3940239003786,4.06015464514436e-08,4.06015464514436e-08,4.03623179900981e-05,4.03623179900981e-05
"Lcu.1GRN.Chr1p103469075",1,103469075,1,0.114516129032258,7.38666353922872,7.38666353922872,"MLM","Cotyledon_Color_RvsY",4.49933664666544,4.49933664666544,4.10522023364569e-08,4.10522023364569e-08,3.16711150075848e-05,3.16711150075848e-05
"Lcu.1GRN.Chr1p538135576",1,538135576,1,0.237654320987654,7.38541249634424,7.38541249634424,"GLM","DTF_Sask_2017",4.39135349350486,4.39135349350486,4.11706291429443e-08,4.11706291429443e-08,4.06112639675212e-05,4.06112639675212e-05
"Lcu.1GRN.Chr2p64061619",2,64061619,1,0.225308641975309,7.38174170855126,7.38174170855126,"GLM","DTF_Sask_2017",4.38908913966677,4.38908913966677,4.15200904990109e-08,4.15200904990109e-08,4.08235586697915e-05,4.08235586697915e-05
"Lcu.1GRN.Chr2p47823651",2,47823651,1,0.345679012345679,7.37959267383376,7.37959267383376,"GLM","DTF_Sask_2017",4.38908913966677,4.38908913966677,4.17260549991208e-08,4.17260549991208e-08,4.08235586697915e-05,4.08235586697915e-05
"Lcu.1GRN.Chr1p446542207",1,446542207,1,0.270061728395062,7.37680901130247,7.37680901130247,"GLM","DTF_Sask_2017",4.38908913966677,4.38908913966677,4.19943621041377e-08,4.19943621041377e-08,4.08235586697915e-05,4.08235586697915e-05
"Lcu.1GRN.Chr2p63176494",2,63176494,1,0.280864197530864,7.37612595428925,7.37612595428925,"GLM","DTF_Sask_2017",4.38908913966677,4.38908913966677,4.20604626742771e-08,4.20604626742771e-08,4.08235586697915e-05,4.08235586697915e-05
"Lcu.1GRN.Chr4p390294343",4,390294343,1,0.476851851851852,7.37557304670777,7.37557304670777,"GLM","DTF_Sask_2017",4.38908913966677,4.38908913966677,4.21140446548492e-08,4.21140446548492e-08,4.08235586697915e-05,4.08235586697915e-05
"Lcu.1GRN.Chr6p420993340",6,420993340,1,0.212962962962963,7.36478640377494,7.36478640377494,"GLM","DTF_Sask_2017",4.38204106629334,4.38204106629334,4.31731360242134e-08,4.31731360242134e-08,4.14914807001617e-05,4.14914807001617e-05
"Lcu.1GRN.Chr2p79926599",2,79926599,1,0.229938271604938,7.35820999379827,7.35820999379827,"GLM","DTF_Sask_2017",4.38090304297091,4.38090304297091,4.3831870690118e-08,4.3831870690118e-08,4.160034736561e-05,4.160034736561e-05
"Lcu.1GRN.Chr1p536092447",1,536092447,1,0.246913580246914,7.35737812834117,7.35737812834117,"GLM","DTF_Sask_2017",4.38090304297091,4.38090304297091,4.39159085114349e-08,4.39159085114349e-08,4.160034736561e-05,4.160034736561e-05
"Lcu.1GRN.Chr2p63862067",2,63862067,1,0.202160493827161,7.35672360677458,7.35672360677458,"GLM","DTF_Sask_2017",4.38090304297091,4.38090304297091,4.3982143707075e-08,4.3982143707075e-08,4.160034736561e-05,4.160034736561e-05
"Lcu.1GRN.Chr6p40023007",6,40023007,1,0.388888888888889,7.35621641756084,7.35621641756084,"GLM","DTF_Sask_2017",4.38090304297091,4.38090304297091,4.40335380964088e-08,4.40335380964088e-08,4.160034736561e-05,4.160034736561e-05
"Lcu.1GRN.Chr1p437956256",1,437956256,1,0.101851851851852,7.35459864204479,7.35459864204479,"GLM","DTF_Sask_2017",4.38090304297091,4.38090304297091,4.41978718095754e-08,4.41978718095754e-08,4.160034736561e-05,4.160034736561e-05
"Lcu.1GRN.Chr1p437956265",1,437956265,1,0.101851851851852,7.35459864204479,7.35459864204479,"GLM","DTF_Sask_2017",4.38090304297091,4.38090304297091,4.41978718095754e-08,4.41978718095754e-08,4.160034736561e-05,4.160034736561e-05
"Lcu.1GRN.Chr2p51670153",2,51670153,1,0.219135802469136,7.35140926350002,7.35140926350002,"GLM","DTF_Sask_2017",4.38090304297091,4.38090304297091,4.45236475797735e-08,4.45236475797735e-08,4.160034736561e-05,4.160034736561e-05
"Lcu.1GRN.Chr1p437611660",1,437611660,1,0.109567901234568,7.35020922289712,7.35020922289712,"GLM","DTF_Sask_2017",4.38090304297091,4.38090304297091,4.46468452582602e-08,4.46468452582602e-08,4.160034736561e-05,4.160034736561e-05
"Lcu.1GRN.Chr1p437611661",1,437611661,1,0.109567901234568,7.35020922289712,7.35020922289712,"GLM","DTF_Sask_2017",4.38090304297091,4.38090304297091,4.46468452582602e-08,4.46468452582602e-08,4.160034736561e-05,4.160034736561e-05
"Lcu.1GRN.Chr1p363513735",1,363513735,1,0.0741935483870968,7.3484192203729,7.3484192203729,"MLM","Cotyledon_Color_RvsY",4.46208727551145,4.46208727551145,4.48312429234876e-08,4.48312429234876e-08,3.45074386463267e-05,3.45074386463267e-05
"Lcu.1GRN.Chr4p1361588",4,1361588,1,0.154320987654321,7.34763605050244,7.34763605050244,"GLM","DTF_Sask_2017",4.37983556684057,4.37983556684057,4.49121607266065e-08,4.49121607266065e-08,4.17027248999363e-05,4.17027248999363e-05
"Lcu.1GRN.Chr1p445786371",1,445786371,1,0.274691358024691,7.34669957807144,7.34669957807144,"GLM","DTF_Sask_2017",4.37983556684057,4.37983556684057,4.50091096420789e-08,4.50091096420789e-08,4.17027248999363e-05,4.17027248999363e-05
"Lcu.1GRN.Chr2p48675467",2,48675467,1,0.354938271604938,7.34554756502339,7.34554756502339,"GLM","DTF_Sask_2017",4.37983556684057,4.37983556684057,4.51286596591723e-08,4.51286596591723e-08,4.17027248999363e-05,4.17027248999363e-05
"Lcu.1GRN.Chr1p437612502",1,437612502,1,0.103395061728395,7.34272925906319,7.34272925906319,"GLM","DTF_Sask_2017",4.37903513959584,4.37903513959584,4.54224693916879e-08,4.54224693916879e-08,4.17796560561459e-05,4.17796560561459e-05
"Lcu.1GRN.Chr2p65058543",2,65058543,1,0.25,7.34236743603331,7.34236743603331,"GLM","DTF_Sask_2017",4.37903513959584,4.37903513959584,4.54603279053813e-08,4.54603279053813e-08,4.17796560561459e-05,4.17796560561459e-05
"Lcu.1GRN.Chr1p437367605",1,437367605,1,0.12962962962963,7.33864572165728,7.33864572165728,"GLM","DTF_Sask_2017",4.37649840407749,4.37649840407749,4.58515771200075e-08,4.58515771200075e-08,4.20244071965274e-05,4.20244071965274e-05
"Lcu.1GRN.Chr1p24279937",1,24279937,1,0.175925925925926,7.33275187120147,7.33275187120147,"MLMM","DTF_Nepal_2017",2.28305974408925,2.28305974408925,4.64780746128547e-08,4.64780746128547e-08,0.00521123017443403,0.00521123017443403
"Lcu.1GRN.Chr6p420550105",6,420550105,1,0.145061728395062,7.32897739032177,7.32897739032177,"GLM","DTF_Sask_2017",4.3718741161436,4.3718741161436,4.68837789537207e-08,4.68837789537207e-08,4.24742661287054e-05,4.24742661287054e-05
"Lcu.1GRN.Chr2p63174448",2,63174448,1,0.280864197530864,7.32596069525336,7.32596069525336,"GLM","DTF_Sask_2017",4.3718741161436,4.3718741161436,4.72105766093495e-08,4.72105766093495e-08,4.24742661287054e-05,4.24742661287054e-05
"Lcu.1GRN.Chr2p63174474",2,63174474,1,0.280864197530864,7.32596069525336,7.32596069525336,"GLM","DTF_Sask_2017",4.3718741161436,4.3718741161436,4.72105766093495e-08,4.72105766093495e-08,4.24742661287054e-05,4.24742661287054e-05
"Lcu.1GRN.Chr5p455416233",5,455416233,1,0.41820987654321,7.32445631454938,7.32445631454938,"GLM","DTF_Sask_2017",4.3718741161436,4.3718741161436,4.73743959430537e-08,4.73743959430537e-08,4.24742661287054e-05,4.24742661287054e-05
"Lcu.1GRN.Chr1p363516854",1,363516854,1,0.0741935483870968,7.32376520023259,7.32376520023259,"MLM","Cotyledon_Color_RvsY",4.43842592890481,4.43842592890481,4.74498451825929e-08,4.74498451825929e-08,3.64396394395736e-05,3.64396394395736e-05
"Lcu.1GRN.Chr2p48676656",2,48676656,1,0.351851851851852,7.32186928853343,7.32186928853343,"GLM","DTF_Sask_2017",4.3718741161436,4.3718741161436,4.76574401857018e-08,4.76574401857018e-08,4.24742661287054e-05,4.24742661287054e-05
"Lcu.1GRN.Chr4p412171997",4,412171997,1,0.0972222222222222,7.31976718299641,7.31976718299641,"GLM","DTF_Sask_2017",4.3718741161436,4.3718741161436,4.7888674559023e-08,4.7888674559023e-08,4.24742661287054e-05,4.24742661287054e-05
"Lcu.1GRN.Chr2p45520372",2,45520372,1,0.212962962962963,7.31048279053571,7.31048279053571,"GLM","DTF_Sask_2017",4.36459438437946,4.36459438437946,4.89234651287815e-08,4.89234651287815e-08,4.31922288581964e-05,4.31922288581964e-05
"Lcu.1GRN.Chr6p424247915",6,424247915,1,0.216049382716049,7.30800003534227,7.30800003534227,"GLM","DTF_Sask_2017",4.36325001642211,4.36325001642211,4.92039495639967e-08,4.92039495639967e-08,4.33261384895102e-05,4.33261384895102e-05
"Lcu.1GRN.Chr1p559940231",1,559940231,1,0.260802469135803,7.30533412309356,7.30533412309356,"GLM","DTF_Sask_2017",4.3623189712625,4.3623189712625,4.95069164348505e-08,4.95069164348505e-08,4.34191211620412e-05,4.34191211620412e-05
"Lcu.1GRN.Chr4p5718644",4,5718644,1,0.310185185185185,7.2965708158242,7.2965708158242,"GLM","DTF_Sask_2017",4.35814500105717,4.35814500105717,5.05160267063145e-08,5.05160267063145e-08,4.38384306781289e-05,4.38384306781289e-05
"Lcu.1GRN.Chr1p437956275",1,437956275,1,0.104938271604938,7.29395813459353,7.29395813459353,"GLM","DTF_Sask_2017",4.35814500105717,4.35814500105717,5.08208430811486e-08,5.08208430811486e-08,4.38384306781289e-05,4.38384306781289e-05
"Lcu.1GRN.Chr2p45520255",2,45520255,1,0.183641975308642,7.2924906311658,7.2924906311658,"GLM","DTF_Sask_2017",4.35814500105717,4.35814500105717,5.09928597910255e-08,5.09928597910255e-08,4.38384306781289e-05,4.38384306781289e-05
"Lcu.1GRN.Chr4p20270748",4,20270748,1,0.491935483870968,7.28743426187704,7.28743426187704,"MLM","Cotyledon_Color_RvsY",4.40604314939426,4.40604314939426,5.15900249756391e-08,5.15900249756391e-08,3.9260592604029e-05,3.9260592604029e-05
"Lcu.1GRN.Chr1p363513801",1,363513801,1,0.0645161290322581,7.28579046561316,7.28579046561316,"MLM","Cotyledon_Color_RvsY",4.40538081000435,4.40538081000435,5.17856622363327e-08,5.17856622363327e-08,3.93205143328409e-05,3.93205143328409e-05
"Lcu.1GRN.Chr2p48483953",2,48483953,1,0.342592592592593,7.28352441292708,7.28352441292708,"GLM","DTF_Sask_2017",4.35814500105717,4.35814500105717,5.20565745499078e-08,5.20565745499078e-08,4.38384306781289e-05,4.38384306781289e-05
"Lcu.1GRN.Chr1p361518129",1,361518129,1,0.0758064516129032,7.27966756731322,7.27966756731322,"MLM","Cotyledon_Color_RvsY",4.40218904419349,4.40218904419349,5.25209330294575e-08,5.25209330294575e-08,3.96105575791917e-05,3.96105575791917e-05
"Lcu.1GRN.Chr1p364455902",1,364455902,1,0.0758064516129032,7.27966756731322,7.27966756731322,"MLM","Cotyledon_Color_RvsY",4.40218904419349,4.40218904419349,5.25209330294575e-08,5.25209330294575e-08,3.96105575791917e-05,3.96105575791917e-05
"Lcu.1GRN.Chr1p364455989",1,364455989,1,0.0758064516129032,7.27966756731322,7.27966756731322,"MLM","Cotyledon_Color_RvsY",4.40218904419349,4.40218904419349,5.25209330294575e-08,5.25209330294575e-08,3.96105575791917e-05,3.96105575791917e-05
"Lcu.1GRN.Chr2p64327706",2,64327706,1,0.253086419753086,7.2774369709864,7.2774369709864,"GLM","DTF_Sask_2017",4.35814500105717,4.35814500105717,5.27913817178791e-08,5.27913817178791e-08,4.38384306781289e-05,4.38384306781289e-05
"Lcu.1GRN.Chr2p65263036",2,65263036,1,0.253086419753086,7.2774369709864,7.2774369709864,"GLM","DTF_Sask_2017",4.35814500105717,4.35814500105717,5.27913817178791e-08,5.27913817178791e-08,4.38384306781289e-05,4.38384306781289e-05
"Lcu.1GRN.Chr2p48991602",2,48991602,1,0.137345679012346,7.27398911281804,7.27398911281804,"GLM","DTF_Sask_2017",4.35814500105717,4.35814500105717,5.32121598676568e-08,5.32121598676568e-08,4.38384306781289e-05,4.38384306781289e-05
"Lcu.1GRN.Chr2p48311792",2,48311792,1,0.146604938271605,7.27393300874379,7.27393300874379,"GLM","DTF_Sask_2017",4.35814500105717,4.35814500105717,5.32190344929069e-08,5.32190344929069e-08,4.38384306781289e-05,4.38384306781289e-05
"Lcu.1GRN.Chr5p459385447",5,459385447,1,0.143518518518518,7.27289369608997,7.27289369608997,"GLM","DTF_Sask_2017",4.35814500105717,4.35814500105717,5.33465457874363e-08,5.33465457874363e-08,4.38384306781289e-05,4.38384306781289e-05
"Lcu.1GRN.Chr6p40076105",6,40076105,1,0.416666666666667,7.27195328781968,7.27195328781968,"GLM","DTF_Sask_2017",4.35814500105717,4.35814500105717,5.34621859574263e-08,5.34621859574263e-08,4.38384306781289e-05,4.38384306781289e-05
"Lcu.1GRN.Chr1p537006543",1,537006543,1,0.24537037037037,7.27146814309371,7.27146814309371,"GLM","DTF_Sask_2017",4.35814500105717,4.35814500105717,5.35219412408091e-08,5.35219412408091e-08,4.38384306781289e-05,4.38384306781289e-05
"Lcu.1GRN.Chr4p302779352",4,302779352,1,0.265432098765432,7.26951312046634,7.26951312046634,"GLM","DTF_Sask_2017",4.35814500105717,4.35814500105717,5.37634190415634e-08,5.37634190415634e-08,4.38384306781289e-05,4.38384306781289e-05
"Lcu.1GRN.Chr1p445787353",1,445787353,1,0.256172839506173,7.2666377070183,7.2666377070183,"GLM","DTF_Sask_2017",4.35814500105717,4.35814500105717,5.41205614045578e-08,5.41205614045578e-08,4.38384306781289e-05,4.38384306781289e-05
"Lcu.1GRN.Chr1p446412701",1,446412701,1,0.256172839506173,7.2666377070183,7.2666377070183,"GLM","DTF_Sask_2017",4.35814500105717,4.35814500105717,5.41205614045578e-08,5.41205614045578e-08,4.38384306781289e-05,4.38384306781289e-05
"Lcu.1GRN.Chr1p446413390",1,446413390,1,0.256172839506173,7.2666377070183,7.2666377070183,"GLM","DTF_Sask_2017",4.35814500105717,4.35814500105717,5.41205614045578e-08,5.41205614045578e-08,4.38384306781289e-05,4.38384306781289e-05
"Lcu.1GRN.Chr1p446440597",1,446440597,1,0.256172839506173,7.2666377070183,7.2666377070183,"GLM","DTF_Sask_2017",4.35814500105717,4.35814500105717,5.41205614045578e-08,5.41205614045578e-08,4.38384306781289e-05,4.38384306781289e-05
"Lcu.1GRN.Chr2p85992834",2,85992834,1,0.438271604938272,7.26661392836325,7.26661392836325,"GLM","DTF_Sask_2017",4.35814500105717,4.35814500105717,5.4123524715043e-08,5.4123524715043e-08,4.38384306781289e-05,4.38384306781289e-05
"Lcu.1GRN.Chr2p48573048",2,48573048,1,0.339506172839506,7.26642026910566,7.26642026910566,"GLM","DTF_Sask_2017",4.35814500105717,4.35814500105717,5.41476646922775e-08,5.41476646922775e-08,4.38384306781289e-05,4.38384306781289e-05
"Lcu.1GRN.Chr2p47375141",2,47375141,1,0.475308641975309,7.2649208390561,7.2649208390561,"GLM","DTF_Sask_2017",4.35814500105717,4.35814500105717,5.433493613681e-08,5.433493613681e-08,4.38384306781289e-05,4.38384306781289e-05
"Lcu.1GRN.Chr6p1280503",6,1280503,1,0.0540123456790124,7.26400080153634,7.26400080153634,"GLM","DTF_Sask_2017",4.35814500105717,4.35814500105717,5.44501647906184e-08,5.44501647906184e-08,4.38384306781289e-05,4.38384306781289e-05
"Lcu.1GRN.Chr6p1283585",6,1283585,1,0.0540123456790124,7.26400080153634,7.26400080153634,"GLM","DTF_Sask_2017",4.35814500105717,4.35814500105717,5.44501647906184e-08,5.44501647906184e-08,4.38384306781289e-05,4.38384306781289e-05
"Lcu.1GRN.Chr5p456049375",5,456049375,1,0.353395061728395,7.26245274836843,7.26245274836843,"GLM","DTF_Sask_2017",4.35814500105717,4.35814500105717,5.46446000465661e-08,5.46446000465661e-08,4.38384306781289e-05,4.38384306781289e-05
"Lcu.1GRN.Chr1p542936771",1,542936771,1,0.0725308641975309,7.26122970141592,7.26122970141592,"GLM","DTF_Sask_2017",4.35814500105717,4.35814500105717,5.47987054040105e-08,5.47987054040105e-08,4.38384306781289e-05,4.38384306781289e-05
"Lcu.1GRN.Chr1p542938449",1,542938449,1,0.0725308641975309,7.26122970141592,7.26122970141592,"GLM","DTF_Sask_2017",4.35814500105717,4.35814500105717,5.47987054040105e-08,5.47987054040105e-08,4.38384306781289e-05,4.38384306781289e-05
"Lcu.1GRN.Chr1p542984723",1,542984723,1,0.0725308641975309,7.26122970141592,7.26122970141592,"GLM","DTF_Sask_2017",4.35814500105717,4.35814500105717,5.47987054040105e-08,5.47987054040105e-08,4.38384306781289e-05,4.38384306781289e-05
"Lcu.1GRN.Chr1p543105172",1,543105172,1,0.0725308641975309,7.26122970141592,7.26122970141592,"GLM","DTF_Sask_2017",4.35814500105717,4.35814500105717,5.47987054040105e-08,5.47987054040105e-08,4.38384306781289e-05,4.38384306781289e-05
"Lcu.1GRN.Chr1p543105755",1,543105755,1,0.0725308641975309,7.26122970141592,7.26122970141592,"GLM","DTF_Sask_2017",4.35814500105717,4.35814500105717,5.47987054040105e-08,5.47987054040105e-08,4.38384306781289e-05,4.38384306781289e-05
"Lcu.1GRN.Chr1p543155255",1,543155255,1,0.0725308641975309,7.26122970141592,7.26122970141592,"GLM","DTF_Sask_2017",4.35814500105717,4.35814500105717,5.47987054040105e-08,5.47987054040105e-08,4.38384306781289e-05,4.38384306781289e-05
"Lcu.1GRN.Chr1p543164825",1,543164825,1,0.0725308641975309,7.26122970141592,7.26122970141592,"GLM","DTF_Sask_2017",4.35814500105717,4.35814500105717,5.47987054040105e-08,5.47987054040105e-08,4.38384306781289e-05,4.38384306781289e-05
"Lcu.1GRN.Chr1p543173381",1,543173381,1,0.0725308641975309,7.26122970141592,7.26122970141592,"GLM","DTF_Sask_2017",4.35814500105717,4.35814500105717,5.47987054040105e-08,5.47987054040105e-08,4.38384306781289e-05,4.38384306781289e-05
"Lcu.1GRN.Chr1p543272314",1,543272314,1,0.0725308641975309,7.26122970141592,7.26122970141592,"GLM","DTF_Sask_2017",4.35814500105717,4.35814500105717,5.47987054040105e-08,5.47987054040105e-08,4.38384306781289e-05,4.38384306781289e-05
"Lcu.1GRN.Chr2p51457410",2,51457410,1,0.143518518518518,7.26049473050538,7.26049473050538,"GLM","DTF_Sask_2017",4.35814500105717,4.35814500105717,5.48915215807321e-08,5.48915215807321e-08,4.38384306781289e-05,4.38384306781289e-05
"Lcu.1GRN.Chr6p40077356",6,40077356,1,0.445987654320988,7.25968471052319,7.25968471052319,"GLM","DTF_Sask_2017",4.35814500105717,4.35814500105717,5.49939974860257e-08,5.49939974860257e-08,4.38384306781289e-05,4.38384306781289e-05
"Lcu.1GRN.Chr2p63862075",2,63862075,1,0.25,7.25964593192737,7.25964593192737,"GLM","DTF_Sask_2017",4.35814500105717,4.35814500105717,5.49989081752086e-08,5.49989081752086e-08,4.38384306781289e-05,4.38384306781289e-05
"Lcu.1GRN.Chr1p540116154",1,540116154,1,0.0879629629629629,7.2548677162067,7.2548677162067,"GLM","DTF_Sask_2017",4.35439470174986,4.35439470174986,5.56073608546039e-08,5.56073608546039e-08,4.4218631556928e-05,4.4218631556928e-05
"Lcu.1GRN.Chr1p535824509",1,535824509,1,0.242283950617284,7.24721414078294,7.24721414078294,"GLM","DTF_Sask_2017",4.34776661554379,4.34776661554379,5.65960158078461e-08,5.65960158078461e-08,4.48986604934853e-05,4.48986604934853e-05
"Lcu.1GRN.Chr1p572593674",1,572593674,1,0.483024691358025,7.24305399488069,7.24305399488069,"GLM","DTF_Sask_2017",4.34538019768561,4.34538019768561,5.71407590402618e-08,5.71407590402618e-08,4.51460545824717e-05,4.51460545824717e-05
"Lcu.1GRN.Chr2p51670863",2,51670863,1,0.135802469135803,7.24278398041477,7.24278398041477,"GLM","DTF_Sask_2017",4.34538019768561,4.34538019768561,5.71762962839188e-08,5.71762962839188e-08,4.51460545824717e-05,4.51460545824717e-05
"Lcu.1GRN.Chr2p86834654",2,86834654,1,0.425925925925926,7.23932942900524,7.23932942900524,"GLM","DTF_Sask_2017",4.34458292791939,4.34458292791939,5.76329129818101e-08,5.76329129818101e-08,4.52290089931028e-05,4.52290089931028e-05
"Lcu.1GRN.Chr4p317703417",4,317703417,1,0.192901234567901,7.23893901756654,7.23893901756654,"GLM","DTF_Sask_2017",4.34458292791939,4.34458292791939,5.7684745703476e-08,5.7684745703476e-08,4.52290089931028e-05,4.52290089931028e-05
"Lcu.1GRN.Chr5p455415359",5,455415359,1,0.479938271604938,7.23167110622837,7.23167110622837,"GLM","DTF_Sask_2017",4.34051943543532,4.34051943543532,5.86582218522868e-08,5.86582218522868e-08,4.56541818702633e-05,4.56541818702633e-05
"Lcu.1GRN.Chr6p40077295",6,40077295,1,0.49537037037037,7.23084492091383,7.23084492091383,"GLM","DTF_Sask_2017",4.34051943543532,4.34051943543532,5.87699172327369e-08,5.87699172327369e-08,4.56541818702633e-05,4.56541818702633e-05
"Lcu.1GRN.Chr1p361401636",1,361401636,1,0.067741935483871,7.23072604080185,7.23072604080185,"MLM","Cotyledon_Color_RvsY",4.35712517274532,4.35712517274532,5.8786006616653e-08,5.8786006616653e-08,4.39414948613861e-05,4.39414948613861e-05
"Lcu.1GRN.Chr1p543172863",1,543172863,1,0.0895061728395061,7.21621666765686,7.21621666765686,"GLM","DTF_Sask_2017",4.32789254277963,4.32789254277963,6.07831681000213e-08,6.07831681000213e-08,4.70010388604594e-05,4.70010388604594e-05
"Lcu.1GRN.Chr2p45088038",2,45088038,1,0.115740740740741,7.2125955849674,7.2125955849674,"GLM","DTF_Sask_2017",4.32526869240412,4.32526869240412,6.12920878002319e-08,6.12920878002319e-08,4.72858616905977e-05,4.72858616905977e-05
"Lcu.1GRN.Chr2p86103472",2,86103472,1,0.441358024691358,7.21055816293155,7.21055816293155,"GLM","DTF_Sask_2017",4.32504936260419,4.32504936260419,6.15803052107787e-08,6.15803052107787e-08,4.73097482890164e-05,4.73097482890164e-05
"Lcu.1GRN.Chr1p367805799",1,367805799,1,0.119354838709677,7.21040183408776,7.21040183408776,"MLM","Cotyledon_Color_RvsY",4.33872688706727,4.33872688706727,6.16024756761024e-08,6.16024756761024e-08,4.58430087073972e-05,4.58430087073972e-05
"Lcu.1GRN.Chr2p63097240",2,63097240,1,0.277777777777778,7.21038863393197,7.21038863393197,"GLM","DTF_Sask_2017",4.32504936260419,4.32504936260419,6.16043480798924e-08,6.16043480798924e-08,4.73097482890164e-05,4.73097482890164e-05
"Lcu.1GRN.Chr5p3022920",5,3022920,1,0.41358024691358,7.20861942263279,7.20861942263279,"GLM","DTF_Sask_2017",4.32435192008562,4.32435192008562,6.18558212549054e-08,6.18558212549054e-08,4.73857850334565e-05,4.73857850334565e-05
"Lcu.1GRN.Chr1p439820276",1,439820276,1,0.104938271604938,7.2077126254313,7.2077126254313,"GLM","DTF_Sask_2017",4.32435192008562,4.32435192008562,6.19851097602347e-08,6.19851097602347e-08,4.73857850334565e-05,4.73857850334565e-05
"Lcu.1GRN.Chr4p491731805",4,491731805,2,0.130645161290323,7.20450719071364,5.6570756416723,"BLINK;FarmCPU","Cotyledon_Color_RvsY",2.85378506793744,1.33438224249635,6.24443011148335e-08,2.2025428097075e-06,0.00140028014887288,0.0463039198295552
"Lcu.1GRN.Chr3p429446521",3,429446521,1,0.172839506172839,7.20223561388245,7.20223561388245,"GLM","DTF_Sask_2017",4.31986082151842,4.31986082151842,6.27717716367193e-08,6.27717716367193e-08,4.78783503631028e-05,4.78783503631028e-05
"Lcu.1GRN.Chr3p19225555",3,19225555,1,0.319875776397516,7.19701730202597,7.19701730202597,"BLINK","DTF_Sask_2017_b",2.51530196020835,2.51530196020835,6.35305621161016e-08,6.35305621161016e-08,0.00305279779818668,0.00305279779818668
"Lcu.1GRN.Chr6p40077021",6,40077021,1,0.493827160493827,7.19585483278618,7.19585483278618,"GLM","DTF_Sask_2017",4.31544517717737,4.31544517717737,6.37008411669639e-08,6.37008411669639e-08,4.83676316948265e-05,4.83676316948265e-05
"Lcu.1GRN.Chr6p431598156",6,431598156,1,0.31055900621118,7.19065763833138,7.19065763833138,"FarmCPU","DTF_Sask_2017_b",3.09520802065849,3.09520802065849,6.44677275227276e-08,6.44677275227276e-08,0.000803141337171752,0.000803141337171752
"Lcu.1GRN.Chr3p268826823",3,268826823,1,0.305555555555556,7.18918363753221,7.18918363753221,"GLM","DTF_Sask_2017",4.30984399439651,4.30984399439651,6.46869035133837e-08,6.46869035133837e-08,4.89954787446928e-05,4.89954787446928e-05
"Lcu.1GRN.Chr2p49203643",2,49203643,1,0.16358024691358,7.18760480669929,7.18760480669929,"GLM","DTF_Sask_2017",4.30984399439651,4.30984399439651,6.49224937589527e-08,6.49224937589527e-08,4.89954787446928e-05,4.89954787446928e-05
"Lcu.1GRN.Chr5p456050634",5,456050634,1,0.322530864197531,7.18707794439255,7.18707794439255,"GLM","DTF_Sask_2017",4.30984399439651,4.30984399439651,6.50013019699417e-08,6.50013019699417e-08,4.89954787446928e-05,4.89954787446928e-05
"Lcu.1GRN.Chr1p543167762",1,543167762,1,0.115740740740741,7.18281699930323,7.18281699930323,"GLM","DTF_Sask_2017",4.30984399439651,4.30984399439651,6.56421807561803e-08,6.56421807561803e-08,4.89954787446928e-05,4.89954787446928e-05
"Lcu.1GRN.Chr2p63096621",2,63096621,1,0.280864197530864,7.18055917421555,7.18055917421555,"GLM","DTF_Sask_2017",4.30984399439651,4.30984399439651,6.59843322066251e-08,6.59843322066251e-08,4.89954787446928e-05,4.89954787446928e-05
"Lcu.1GRN.Chr2p63108475",2,63108475,1,0.280864197530864,7.18055917421555,7.18055917421555,"GLM","DTF_Sask_2017",4.30984399439651,4.30984399439651,6.59843322066251e-08,6.59843322066251e-08,4.89954787446928e-05,4.89954787446928e-05
"Lcu.1GRN.Chr2p63174041",2,63174041,1,0.280864197530864,7.18055917421555,7.18055917421555,"GLM","DTF_Sask_2017",4.30984399439651,4.30984399439651,6.59843322066251e-08,6.59843322066251e-08,4.89954787446928e-05,4.89954787446928e-05
"Lcu.1GRN.Chr2p63174310",2,63174310,1,0.280864197530864,7.18055917421555,7.18055917421555,"GLM","DTF_Sask_2017",4.30984399439651,4.30984399439651,6.59843322066251e-08,6.59843322066251e-08,4.89954787446928e-05,4.89954787446928e-05
"Lcu.1GRN.Chr2p63175294",2,63175294,1,0.280864197530864,7.18055917421555,7.18055917421555,"GLM","DTF_Sask_2017",4.30984399439651,4.30984399439651,6.59843322066251e-08,6.59843322066251e-08,4.89954787446928e-05,4.89954787446928e-05
"Lcu.1GRN.Chr2p63176767",2,63176767,1,0.280864197530864,7.18055917421555,7.18055917421555,"GLM","DTF_Sask_2017",4.30984399439651,4.30984399439651,6.59843322066251e-08,6.59843322066251e-08,4.89954787446928e-05,4.89954787446928e-05
"Lcu.1GRN.Chr5p456047890",5,456047890,1,0.342592592592593,7.17893999636748,7.17893999636748,"GLM","DTF_Sask_2017",4.30918246739271,4.30918246739271,6.62308004152515e-08,6.62308004152515e-08,4.90701666151473e-05,4.90701666151473e-05
"Lcu.1GRN.Chr2p2758159",2,2758159,1,0.100308641975309,7.17327546553581,7.17327546553581,"GLM","DTF_Sask_2017",4.30447348036105,4.30447348036105,6.71003112162982e-08,6.71003112162982e-08,4.9605121720643e-05,4.9605121720643e-05
"Lcu.1GRN.Chr1p361401359",1,361401359,1,0.0596774193548387,7.17274468290605,7.17274468290605,"MLM","Cotyledon_Color_RvsY",4.30202950308701,4.30202950308701,6.71823694837771e-08,6.71823694837771e-08,4.98850597707498e-05,4.98850597707498e-05
"Lcu.1GRN.Chr2p48152982",2,48152982,1,0.353395061728395,7.17050714384646,7.17050714384646,"GLM","DTF_Sask_2017",4.30265860467902,4.30265860467902,6.75293945781322e-08,6.75293945781322e-08,4.98128505834706e-05,4.98128505834706e-05
"Lcu.1GRN.Chr1p538139644",1,538139644,1,0.243827160493827,7.16732907467737,7.16732907467737,"GLM","DTF_Sask_2017",4.30043189291535,4.30043189291535,6.80253719849936e-08,6.80253719849936e-08,5.00689065612174e-05,5.00689065612174e-05
"Lcu.1GRN.Chr1p543167760",1,543167760,1,0.12037037037037,7.16044847406536,7.16044847406536,"GLM","DTF_Sask_2017",4.29532202584473,4.29532202584473,6.9111692062147e-08,6.9111692062147e-08,5.06614918106164e-05,5.06614918106164e-05
"Lcu.1GRN.Chr1p538430166",1,538430166,1,0.237654320987654,7.16003163341695,7.16003163341695,"GLM","DTF_Sask_2017",4.29532202584473,4.29532202584473,6.91780580731041e-08,6.91780580731041e-08,5.06614918106164e-05,5.06614918106164e-05
"Lcu.1GRN.Chr2p44270435",2,44270435,1,0.276234567901235,7.15908592102272,7.15908592102272,"GLM","DTF_Sask_2017",4.29532202584473,4.29532202584473,6.93288631901653e-08,6.93288631901653e-08,5.06614918106164e-05,5.06614918106164e-05
"Lcu.1GRN.Chr2p579643736",2,579643736,1,0.378086419753086,7.15843448228695,7.15843448228695,"GLM","DTF_Sask_2017",4.29532202584473,4.29532202584473,6.9432934041372e-08,6.9432934041372e-08,5.06614918106164e-05,5.06614918106164e-05
"Lcu.1GRN.Chr7p5551045",7,5551045,1,0.0725308641975309,7.15214319501268,7.15214319501268,"GLM","DTF_Sask_2017",4.2902340984873,4.2902340984873,7.04460756784368e-08,7.04460756784368e-08,5.12585009948153e-05,5.12585009948153e-05
"Lcu.1GRN.Chr1p540097949",1,540097949,1,0.0817901234567902,7.15146648930122,7.15146648930122,"GLM","DTF_Sask_2017",4.2902340984873,4.2902340984873,7.05559283776336e-08,7.05559283776336e-08,5.12585009948153e-05,5.12585009948153e-05
"Lcu.1GRN.Chr7p8380767",7,8380767,1,0.0548387096774193,7.15098131876446,7.15098131876446,"BLINK","Cotyledon_Color_RvsY",2.82828791958851,2.82828791958851,7.06347937261003e-08,7.06347937261003e-08,0.0014849508538292,0.0014849508538292
"Lcu.1GRN.Chr1p361330343",1,361330343,1,0.0661290322580645,7.14066356116196,7.14066356116196,"MLM","Cotyledon_Color_RvsY",4.27376637939994,4.27376637939994,7.23329935162363e-08,7.23329935162363e-08,5.32394573962273e-05,5.32394573962273e-05
"Lcu.1GRN.Chr1p361401711",1,361401711,1,0.0661290322580645,7.14066356116196,7.14066356116196,"MLM","Cotyledon_Color_RvsY",4.27376637939994,4.27376637939994,7.23329935162363e-08,7.23329935162363e-08,5.32394573962273e-05,5.32394573962273e-05
"Lcu.1GRN.Chr1p361401865",1,361401865,1,0.0661290322580645,7.14066356116196,7.14066356116196,"MLM","Cotyledon_Color_RvsY",4.27376637939994,4.27376637939994,7.23329935162363e-08,7.23329935162363e-08,5.32394573962273e-05,5.32394573962273e-05
"Lcu.1GRN.Chr1p361402694",1,361402694,1,0.0661290322580645,7.14066356116196,7.14066356116196,"MLM","Cotyledon_Color_RvsY",4.27376637939994,4.27376637939994,7.23329935162363e-08,7.23329935162363e-08,5.32394573962273e-05,5.32394573962273e-05
"Lcu.1GRN.Chr2p63862079",2,63862079,1,0.248456790123457,7.14015383651938,7.14015383651938,"GLM","DTF_Sask_2017",4.27985843524239,4.27985843524239,7.24179394598064e-08,7.24179394598064e-08,5.24978556945619e-05,5.24978556945619e-05
"Lcu.1GRN.Chr1p537924942",1,537924942,1,0.270061728395062,7.13831029857613,7.13831029857613,"GLM","DTF_Sask_2017",4.27894986963421,4.27894986963421,7.27259999681968e-08,7.27259999681968e-08,5.26077987769945e-05,5.26077987769945e-05
"Lcu.1GRN.Chr1p541591048",1,541591048,1,0.257716049382716,7.13595028316232,7.13595028316232,"GLM","DTF_Sask_2017",4.27763470073276,4.27763470073276,7.31222787065551e-08,7.31222787065551e-08,5.27673518232818e-05,5.27673518232818e-05
"Lcu.1GRN.Chr5p458061435",5,458061435,1,0.496913580246914,7.13513120199852,7.13513120199852,"GLM","DTF_Sask_2017",4.27763470073276,4.27763470073276,7.32603177525518e-08,7.32603177525518e-08,5.27673518232818e-05,5.27673518232818e-05
"Lcu.1GRN.Chr6p421034657",6,421034657,1,0.145061728395062,7.12997491347679,7.12997491347679,"GLM","DTF_Sask_2017",4.27378428825022,4.27378428825022,7.41353063474523e-08,7.41353063474523e-08,5.3237262024532e-05,5.3237262024532e-05
"Lcu.1GRN.Chr1p538138331",1,538138331,1,0.291666666666667,7.12886772177446,7.12886772177446,"GLM","DTF_Sask_2017",4.27378428825022,4.27378428825022,7.43245482523842e-08,7.43245482523842e-08,5.3237262024532e-05,5.3237262024532e-05
"Lcu.1GRN.Chr2p50068622",2,50068622,1,0.256172839506173,7.12805866184574,7.12805866184574,"GLM","DTF_Sask_2017",4.27378428825022,4.27378428825022,7.44631386853615e-08,7.44631386853615e-08,5.3237262024532e-05,5.3237262024532e-05
"Lcu.1GRN.Chr1p535832908",1,535832908,1,0.239197530864197,7.1275767629532,7.1275767629532,"GLM","DTF_Sask_2017",4.27378428825022,4.27378428825022,7.45458098254424e-08,7.45458098254424e-08,5.3237262024532e-05,5.3237262024532e-05
"Lcu.1GRN.Chr4p439922511",4,439922511,1,0.268518518518518,7.12230043710629,7.12230043710629,"GLM","DTF_Sask_2017",4.26945796634802,4.26945796634802,7.54570049089934e-08,7.54570049089934e-08,5.37702472707893e-05,5.37702472707893e-05
"Lcu.1GRN.Chr6p167176504",6,167176504,1,0.186728395061728,7.12141020744208,7.12141020744208,"GLM","DTF_Sask_2017",4.26945796634802,4.26945796634802,7.56118375437643e-08,7.56118375437643e-08,5.37702472707893e-05,5.37702472707893e-05
"Lcu.1GRN.Chr1p374024152",1,374024152,1,0.324193548387097,7.11976448808379,7.11976448808379,"MLM","Cotyledon_Color_RvsY",4.25570893793348,4.25570893793348,7.58989052759879e-08,7.58989052759879e-08,5.54997545021049e-05,5.54997545021049e-05
"Lcu.1GRN.Chr2p49101955",2,49101955,1,0.311728395061728,7.11364108193172,7.11364108193172,"GLM","DTF_Sask_2017",4.26260604177393,4.26260604177393,7.69766342712519e-08,7.69766342712519e-08,5.46253154850595e-05,5.46253154850595e-05
"Lcu.1GRN.Chr2p65068960",2,65068960,1,0.243827160493827,7.11089265348073,7.11089265348073,"GLM","DTF_Sask_2017",4.26168622436935,4.26168622436935,7.74653248666242e-08,7.74653248666242e-08,5.47411322046466e-05,5.47411322046466e-05
"Lcu.1GRN.Chr2p63174726",2,63174726,1,0.279320987654321,7.09735074507517,7.09735074507517,"GLM","DTF_Sask_2017",4.24996525985542,4.24996525985542,7.99188553336847e-08,7.99188553336847e-08,5.62386309875011e-05,5.62386309875011e-05
"Lcu.1GRN.Chr3p324331258",3,324331258,1,0.238709677419355,7.09634998626287,7.09634998626287,"BLINK","Cotyledon_Color_RvsY",2.79998552580927,2.79998552580927,8.0103227280773e-08,8.0103227280773e-08,0.0015849460147501,0.0015849460147501
"Lcu.1GRN.Chr2p81000458",2,81000458,1,0.214506172839506,7.09386288502357,7.09386288502357,"GLM","DTF_Sask_2017",4.24905388240091,4.24905388240091,8.05632754538868e-08,8.05632754538868e-08,5.6356773030885e-05,5.6356773030885e-05
"Lcu.1GRN.Chr1p536416594",1,536416594,1,0.242283950617284,7.09214954364654,7.09214954364654,"GLM","DTF_Sask_2017",4.24905388240091,4.24905388240091,8.08817345507897e-08,8.08817345507897e-08,5.6356773030885e-05,5.6356773030885e-05
"Lcu.1GRN.Chr4p412156388",4,412156388,1,0.095679012345679,7.09192013348127,7.09192013348127,"GLM","DTF_Sask_2017",4.24905388240091,4.24905388240091,8.092447051559e-08,8.092447051559e-08,5.6356773030885e-05,5.6356773030885e-05
"Lcu.1GRN.Chr4p412156400",4,412156400,1,0.095679012345679,7.09192013348127,7.09192013348127,"GLM","DTF_Sask_2017",4.24905388240091,4.24905388240091,8.092447051559e-08,8.092447051559e-08,5.6356773030885e-05,5.6356773030885e-05
"Lcu.1GRN.Chr4p412173114",4,412173114,1,0.095679012345679,7.09192013348127,7.09192013348127,"GLM","DTF_Sask_2017",4.24905388240091,4.24905388240091,8.092447051559e-08,8.092447051559e-08,5.6356773030885e-05,5.6356773030885e-05
"Lcu.1GRN.Chr1p536205864",1,536205864,1,0.294753086419753,7.08264985357742,7.08264985357742,"GLM","DTF_Sask_2017",4.24071192292587,4.24071192292587,8.26704204555644e-08,8.26704204555644e-08,5.74497412606218e-05,5.74497412606218e-05
"Lcu.1GRN.Chr2p63174486",2,63174486,1,0.282407407407407,7.07081220236615,7.07081220236615,"GLM","DTF_Sask_2017",4.23150346100792,4.23150346100792,8.49547757089011e-08,8.49547757089011e-08,5.86808693166017e-05,5.86808693166017e-05
"Lcu.1GRN.Chr4p390522339",4,390522339,1,0.109567901234568,7.07078788162516,7.07078788162516,"GLM","DTF_Sask_2017",4.23150346100792,4.23150346100792,8.49595333584598e-08,8.49595333584598e-08,5.86808693166017e-05,5.86808693166017e-05
"Lcu.1GRN.Chr2p44268354",2,44268354,1,0.274691358024691,7.06948301343663,7.06948301343663,"GLM","DTF_Sask_2017",4.23108945360747,4.23108945360747,8.52151840948835e-08,8.52151840948835e-08,5.87368357140239e-05,5.87368357140239e-05
"Lcu.1GRN.Chr1p543172902",1,543172902,1,0.0817901234567902,7.06350549550086,7.06350549550086,"GLM","DTF_Sask_2017",4.22777360579195,4.22777360579195,8.63961728165891e-08,8.63961728165891e-08,5.91870090871642e-05,5.91870090871642e-05
"Lcu.1GRN.Chr1p367805801",1,367805801,1,0.117741935483871,7.06282276888129,7.06282276888129,"MLM","Cotyledon_Color_RvsY",4.20065136260554,4.20065136260554,8.65320975336298e-08,8.65320975336298e-08,6.30011732707672e-05,6.30011732707672e-05
"Lcu.1GRN.Chr2p45342800",2,45342800,1,0.291666666666667,7.06176398937574,7.06176398937574,"GLM","DTF_Sask_2017",4.22691571031123,4.22691571031123,8.67433140830143e-08,8.67433140830143e-08,5.93040413174009e-05,5.93040413174009e-05
"Lcu.1GRN.Chr2p63023926",2,63023926,1,0.285493827160494,7.06007204746569,7.06007204746569,"GLM","DTF_Sask_2017",4.22610558491104,4.22610558491104,8.70819113069462e-08,8.70819113069462e-08,5.94147692912446e-05,5.94147692912446e-05
"Lcu.1GRN.Chr4p5717677",4,5717677,1,0.310185185185185,7.05603344368797,7.05603344368797,"GLM","DTF_Sask_2017",4.2250100555852,4.2250100555852,8.78954828605248e-08,8.78954828605248e-08,5.95648351822358e-05,5.95648351822358e-05
"Lcu.1GRN.Chr4p412171023",4,412171023,1,0.0972222222222222,7.05546704868375,7.05546704868375,"GLM","DTF_Sask_2017",4.2250100555852,4.2250100555852,8.8010188530894e-08,8.8010188530894e-08,5.95648351822358e-05,5.95648351822358e-05
"Lcu.1GRN.Chr2p63174579",2,63174579,1,0.268518518518518,7.05351794750132,7.05351794750132,"GLM","DTF_Sask_2017",4.22480511129283,4.22480511129283,8.84060634066134e-08,8.84060634066134e-08,5.95929505609064e-05,5.95929505609064e-05
"Lcu.1GRN.Chr1p368085616",1,368085616,1,0.12258064516129,7.05148469521413,7.05148469521413,"MLM","Cotyledon_Color_RvsY",4.19025230440021,4.19025230440021,8.88209276770512e-08,8.88209276770512e-08,6.45279243627358e-05,6.45279243627358e-05
"Lcu.1GRN.Chr1p535789384",1,535789384,1,0.236111111111111,7.04663017729735,7.04663017729735,"GLM","DTF_Sask_2017",4.21965452133273,4.21965452133273,8.981933238838e-08,8.981933238838e-08,6.03039109330982e-05,6.03039109330982e-05
"Lcu.1GRN.Chr1p537456507",1,537456507,1,0.273148148148148,7.04423977046417,7.04423977046417,"GLM","DTF_Sask_2017",4.21813010577731,4.21813010577731,9.03150713863863e-08,9.03150713863863e-08,6.05159554123996e-05,6.05159554123996e-05
"Lcu.1GRN.Chr2p63177005",2,63177005,1,0.280864197530864,7.0425464857777,7.0425464857777,"GLM","DTF_Sask_2017",4.21730108900175,4.21730108900175,9.06678910783274e-08,9.06678910783274e-08,6.06315835354746e-05,6.06315835354746e-05
"Lcu.1GRN.Chr1p438919314",1,438919314,1,0.103395061728395,7.03559570988159,7.03559570988159,"GLM","DTF_Sask_2017",4.21207370616838,4.21207370616838,9.21306828626611e-08,9.21306828626611e-08,6.13657849553757e-05,6.13657849553757e-05
"Lcu.1GRN.Chr1p367805753",1,367805753,1,0.448387096774194,7.03284014084621,7.03284014084621,"MLM","Cotyledon_Color_RvsY",4.17347971190429,4.17347971190429,9.27171042320091e-08,9.27171042320091e-08,6.70687617187273e-05,6.70687617187273e-05
"Lcu.1GRN.Chr2p34021031",2,34021031,1,0.0864197530864198,7.03262264814335,7.03262264814335,"GLM","DTF_Sask_2017",4.20995978315128,4.20995978315128,9.27635481649344e-08,9.27635481649344e-08,6.16652102877362e-05,6.16652102877362e-05
"Lcu.1GRN.Chr2p51078438",2,51078438,1,0.421296296296296,7.0310227733569,7.0310227733569,"GLM","DTF_Sask_2017",4.20921735085836,4.20921735085836,9.31059051692951e-08,9.31059051692951e-08,6.17707179567658e-05,6.17707179567658e-05
"Lcu.1GRN.Chr1p537190124",1,537190124,1,0.243827160493827,7.02770648109468,7.02770648109468,"GLM","DTF_Sask_2017",4.20675681154672,4.20675681154672,9.38195874499599e-08,9.38195874499599e-08,6.21216794720092e-05,6.21216794720092e-05
"Lcu.1GRN.Chr1p543109915",1,543109915,1,0.223765432098765,7.02433233089503,7.02433233089503,"GLM","DTF_Sask_2017",4.20457042772544,4.20457042772544,9.45513358578759e-08,9.45513358578759e-08,6.24352093494614e-05,6.24352093494614e-05
"Lcu.1GRN.Chr2p80978138",2,80978138,1,0.225308641975309,7.02300046549417,7.02300046549417,"GLM","DTF_Sask_2017",4.20457042772544,4.20457042772544,9.48417446748661e-08,9.48417446748661e-08,6.24352093494614e-05,6.24352093494614e-05
"Lcu.1GRN.Chr4p390522327",4,390522327,1,0.109567901234568,7.0225993686836,7.0225993686836,"GLM","DTF_Sask_2017",4.20457042772544,4.20457042772544,9.49293771333206e-08,9.49293771333206e-08,6.24352093494614e-05,6.24352093494614e-05
"Lcu.1GRN.Chr1p537093741",1,537093741,1,0.260802469135803,7.02166187651299,7.02166187651299,"GLM","DTF_Sask_2017",4.20457042772544,4.20457042772544,9.51345182899642e-08,9.51345182899642e-08,6.24352093494614e-05,6.24352093494614e-05
"Lcu.1GRN.Chr1p370889779",1,370889779,1,0.204838709677419,7.0216167284546,7.0216167284546,"MLM","Cotyledon_Color_RvsY",4.16318926331272,4.16318926331272,9.51444087265902e-08,9.51444087265902e-08,6.86769084337703e-05,6.86769084337703e-05
"Lcu.1GRN.Chr2p14199260",2,14199260,1,0.125,7.02102918927905,7.02102918927905,"GLM","DTF_Sask_2017",4.20457042772544,4.20457042772544,9.52732127984334e-08,9.52732127984334e-08,6.24352093494614e-05,6.24352093494614e-05
"Lcu.1GRN.Chr6p158725441",6,158725441,1,0.259259259259259,7.02042069056204,7.02042069056204,"GLM","DTF_Sask_2017",4.20457042772544,4.20457042772544,9.54067955703834e-08,9.54067955703834e-08,6.24352093494614e-05,6.24352093494614e-05
"Lcu.1GRN.Chr1p543172350",1,543172350,1,0.0771604938271605,7.01340386611816,7.01340386611816,"GLM","DTF_Sask_2017",4.19897958010784,4.19897958010784,9.69607874497704e-08,9.69607874497704e-08,6.32441587156766e-05,6.32441587156766e-05
"Lcu.1GRN.Chr1p535954220",1,535954220,1,0.239197530864197,7.0131432603125,7.0131432603125,"GLM","DTF_Sask_2017",4.19897958010784,4.19897958010784,9.70189878831429e-08,9.70189878831429e-08,6.32441587156766e-05,6.32441587156766e-05
"Lcu.1GRN.Chr1p364662726",1,364662726,1,0.441935483870968,7.01231905420475,7.01231905420475,"MLM","Cotyledon_Color_RvsY",4.15482255293899,4.15482255293899,9.7203285799482e-08,9.7203285799482e-08,7.00128000739065e-05,7.00128000739065e-05
"Lcu.1GRN.Chr1p371692416",1,371692416,1,0.206451612903226,7.01010544798722,7.01010544798722,"MLM","Cotyledon_Color_RvsY",4.15353791922947,4.15353791922947,9.76999973665903e-08,9.76999973665903e-08,7.02202030218117e-05,7.02202030218117e-05
"Lcu.1GRN.Chr2p50068638",2,50068638,1,0.24537037037037,7.00980785115228,7.00980785115228,"GLM","DTF_Sask_2017",4.19648501241434,4.19648501241434,9.77669684547711e-08,9.77669684547711e-08,6.36084755865106e-05,6.36084755865106e-05
"Lcu.1GRN.Chr1p539380960",1,539380960,1,0.233024691358025,6.99808665792781,6.99808665792781,"GLM","DTF_Sask_2017",4.18644063394439,4.18644063394439,1.00441535200163e-07,1.00441535200163e-07,6.50967589030315e-05,6.50967589030315e-05
"Lcu.1GRN.Chr2p37308739",2,37308739,1,0.21141975308642,6.99611786795758,6.99611786795758,"GLM","DTF_Sask_2017",4.1853078297605,4.1853078297605,1.00897901099874e-07,1.00897901099874e-07,6.52667774985795e-05,6.52667774985795e-05
"Lcu.1GRN.Chr1p558990405",1,558990405,1,0.233024691358025,6.99412451288801,6.99412451288801,"GLM","DTF_Sask_2017",4.18414885435566,4.18414885435566,1.01362073746808e-07,1.01362073746808e-07,6.54411836084307e-05,6.54411836084307e-05
"Lcu.1GRN.Chr2p64072932",2,64072932,1,0.225308641975309,6.99047406495585,6.99047406495585,"GLM","DTF_Sask_2017",4.18216237199124,4.18216237199124,1.02217660075792e-07,1.02217660075792e-07,6.57412001275602e-05,6.57412001275602e-05
"Lcu.1GRN.Chr2p85169620",2,85169620,1,0.462962962962963,6.9867273548941,6.9867273548941,"GLM","DTF_Sask_2017",4.17924526004595,4.17924526004595,1.03103318814643e-07,1.03103318814643e-07,6.618426343459e-05,6.618426343459e-05
"Lcu.1GRN.Chr2p63178448",2,63178448,1,0.29320987654321,6.98474672326378,6.98474672326378,"GLM","DTF_Sask_2017",4.17809264483786,4.17809264483786,1.03574602858661e-07,1.03574602858661e-07,6.63601494090653e-05,6.63601494090653e-05
"Lcu.1GRN.Chr2p48573031",2,48573031,1,0.33641975308642,6.97854884503789,6.97854884503789,"GLM","DTF_Sask_2017",4.17440150549591,4.17440150549591,1.05063328364608e-07,1.05063328364608e-07,6.69265586900957e-05,6.69265586900957e-05
"Lcu.1GRN.Chr2p3378293",2,3378293,1,0.200617283950617,6.97847965395836,6.97847965395836,"GLM","DTF_Sask_2017",4.17440150549591,4.17440150549591,1.05080068213997e-07,1.05080068213997e-07,6.69265586900957e-05,6.69265586900957e-05
"Lcu.1GRN.Chr1p543251491",1,543251491,1,0.0617283950617284,6.97764642836576,6.97764642836576,"GLM","DTF_Sask_2017",4.17440150549591,4.17440150549591,1.05281865497194e-07,1.05281865497194e-07,6.69265586900957e-05,6.69265586900957e-05
"Lcu.1GRN.Chr2p48673628",2,48673628,1,0.351851851851852,6.97090853285117,6.97090853285117,"GLM","DTF_Sask_2017",4.16918967210077,4.16918967210077,1.06928005753752e-07,1.06928005753752e-07,6.77345621683095e-05,6.77345621683095e-05
"Lcu.1GRN.Chr3p433424844",3,433424844,2,0.29320987654321,6.97072883248786,6.60100290164029,"FarmCPU;GLM","DTF_Sask_2017",3.92544786852749,2.22206670103963,1.06972259084566e-07,2.50609250908628e-07,0.000118727720986454,0.00599698964524969
"Lcu.1GRN.Chr2p48673924",2,48673924,1,0.347222222222222,6.96808667386211,6.96808667386211,"GLM","DTF_Sask_2017",4.16718492432529,4.16718492432529,1.07625040065905e-07,1.07625040065905e-07,6.80479546087372e-05,6.80479546087372e-05
"Lcu.1GRN.Chr1p559270263",1,559270263,1,0.256172839506173,6.9641783336561,6.9641783336561,"GLM","DTF_Sask_2017",4.16456133259284,4.16456133259284,1.08597959796351e-07,1.08597959796351e-07,6.8460279425164e-05,6.8460279425164e-05
"Lcu.1GRN.Chr2p65059962",2,65059962,1,0.256172839506173,6.96372717680208,6.96372717680208,"GLM","DTF_Sask_2017",4.16456133259284,4.16456133259284,1.08710832911872e-07,1.08710832911872e-07,6.8460279425164e-05,6.8460279425164e-05
"Lcu.1GRN.Chr6p421420643",6,421420643,1,0.246913580246914,6.9615398455696,6.9615398455696,"GLM","DTF_Sask_2017",4.16389125343049,4.16389125343049,1.09259737916846e-07,1.09259737916846e-07,6.85659892982755e-05,6.85659892982755e-05
"Lcu.1GRN.Chr2p49123919",2,49123919,1,0.444444444444444,6.95620431321215,6.95620431321215,"GLM","DTF_Sask_2017",4.15936521707983,4.15936521707983,1.10610329685661e-07,1.10610329685661e-07,6.92842919280758e-05,6.92842919280758e-05
"Lcu.1GRN.Chr1p363533924",1,363533924,1,0.0774193548387097,6.95490927762408,6.95490927762408,"MLM","Cotyledon_Color_RvsY",4.10203789442629,4.10203789442629,1.10940654163647e-07,1.10940654163647e-07,7.90609640234395e-05,7.90609640234395e-05
"Lcu.1GRN.Chr6p420693025",6,420693025,1,0.183641975308642,6.95454799707806,6.95454799707806,"GLM","DTF_Sask_2017",4.15908087702256,4.15908087702256,1.1103298178363e-07,1.1103298178363e-07,6.93296683968673e-05,6.93296683968673e-05
"Lcu.1GRN.Chr1p439819620",1,439819620,1,0.115740740740741,6.9543054936677,6.9543054936677,"GLM","DTF_Sask_2017",4.15908087702256,4.15908087702256,1.11094998218944e-07,1.11094998218944e-07,6.93296683968673e-05,6.93296683968673e-05
"Lcu.1GRN.Chr1p559245152",1,559245152,1,0.356481481481482,6.95344083597056,6.95344083597056,"GLM","DTF_Sask_2017",4.15902121396165,4.15902121396165,1.11316402904476e-07,1.11316402904476e-07,6.93391935106849e-05,6.93391935106849e-05
"Lcu.1GRN.Chr6p420063538",6,420063538,1,0.319444444444444,6.95256368656278,6.95256368656278,"GLM","DTF_Sask_2017",4.15894756983748,4.15894756983748,1.11541457080386e-07,1.11541457080386e-07,6.93509524838416e-05,6.93509524838416e-05
"Lcu.1GRN.Chr5p456047797",5,456047797,1,0.37962962962963,6.95163364474253,6.95163364474253,"GLM","DTF_Sask_2017",4.15881954944904,4.15881954944904,1.11780579107394e-07,1.11780579107394e-07,6.93713986210645e-05,6.93713986210645e-05
"Lcu.1GRN.Chr2p37308560",2,37308560,1,0.242283950617284,6.94722510530344,6.94722510530344,"GLM","DTF_Sask_2017",4.15521155306041,4.15521155306041,1.12921046594321e-07,1.12921046594321e-07,6.99501172740182e-05,6.99501172740182e-05
"Lcu.1GRN.Chr4p412482227",4,412482227,1,0.0848765432098766,6.94587923336733,6.94587923336733,"GLM","DTF_Sask_2017",4.15466475123364,4.15466475123364,1.13271529976003e-07,1.13271529976003e-07,7.00382439769082e-05,7.00382439769082e-05
"Lcu.1GRN.Chr6p417768576",6,417768576,1,0.237654320987654,6.94303370213476,6.94303370213476,"GLM","DTF_Sask_2017",4.15261682257952,4.15261682257952,1.14016130529267e-07,1.14016130529267e-07,7.03692913352991e-05,7.03692913352991e-05
"Lcu.1GRN.Chr4p412510715",4,412510715,1,0.0972222222222222,6.94075573435199,6.94075573435199,"GLM","DTF_Sask_2017",4.15113499522486,4.15113499522486,1.14615740775979e-07,1.14615740775979e-07,7.06098038051169e-05,7.06098038051169e-05
"Lcu.1GRN.Chr1p543048126",1,543048126,1,0.0848765432098766,6.93981091654487,6.93981091654487,"GLM","DTF_Sask_2017",4.15098486104643,4.15098486104643,1.14865361431184e-07,1.14865361431184e-07,7.06342176024186e-05,7.06342176024186e-05
"Lcu.1GRN.Chr6p165766103",6,165766103,1,0.217592592592593,6.93856937145107,6.93856937145107,"GLM","DTF_Sask_2017",4.15053654810357,4.15053654810357,1.15194204120036e-07,1.15194204120036e-07,7.07071694475258e-05,7.07071694475258e-05
"Lcu.1GRN.Chr1p404952720",1,404952720,1,0.18167701863354,6.93687118658991,6.93687118658991,"BLINK","DTF_Sask_2017_b",2.36430031419736,2.36430031419736,1.15645520037897e-07,1.15645520037897e-07,0.00432214851539857,0.00432214851539857
"Lcu.1GRN.Chr6p39896693",6,39896693,1,0.447530864197531,6.93356251024259,6.93356251024259,"GLM","DTF_Sask_2017",4.14632147286081,4.14632147286081,1.16529931123131e-07,1.16529931123131e-07,7.13967638289512e-05,7.13967638289512e-05
"Lcu.1GRN.Chr3p434006093",3,434006093,1,0.138888888888889,6.93003950107914,6.93003950107914,"GLM","DTF_Sask_2017",4.14358880874151,4.14358880874151,1.17479069746675e-07,1.17479069746675e-07,7.18474222790544e-05,7.18474222790544e-05
"Lcu.1GRN.Chr4p1361603",4,1361603,1,0.172839506172839,6.92710139697184,6.92710139697184,"GLM","DTF_Sask_2017",4.14234431853528,4.14234431853528,1.18276537715527e-07,1.18276537715527e-07,7.2053599535772e-05,7.2053599535772e-05
"Lcu.1GRN.Chr6p420961528",6,420961528,1,0.489197530864197,6.92638121232243,6.92638121232243,"GLM","DTF_Sask_2017",4.14234431853528,4.14234431853528,1.18472836809024e-07,1.18472836809024e-07,7.2053599535772e-05,7.2053599535772e-05
"Lcu.1GRN.Chr4p390294247",4,390294247,1,0.479938271604938,6.92591400386115,6.92591400386115,"GLM","DTF_Sask_2017",4.14234431853528,4.14234431853528,1.18600356954918e-07,1.18600356954918e-07,7.2053599535772e-05,7.2053599535772e-05
"Lcu.1GRN.Chr6p424247705",6,424247705,1,0.217592592592593,6.92564793563872,6.92564793563872,"GLM","DTF_Sask_2017",4.14234431853528,4.14234431853528,1.18673039099608e-07,1.18673039099608e-07,7.2053599535772e-05,7.2053599535772e-05
"Lcu.1GRN.Chr1p437613395",1,437613395,1,0.101851851851852,6.92303110362397,6.92303110362397,"GLM","DTF_Sask_2017",4.14051070491478,4.14051070491478,1.19390259560164e-07,1.19390259560164e-07,7.23584566440966e-05,7.23584566440966e-05
"Lcu.1GRN.Chr6p420963168",6,420963168,1,0.490740740740741,6.92059426152938,6.92059426152938,"GLM","DTF_Sask_2017",4.13885567127957,4.13885567127957,1.20062045583501e-07,1.20062045583501e-07,7.26347303719161e-05,7.26347303719161e-05
"Lcu.1GRN.Chr1p535789405",1,535789405,1,0.239197530864197,6.91654890433933,6.91654890433933,"GLM","DTF_Sask_2017",4.13559071768119,4.13559071768119,1.21185621832197e-07,1.21185621832197e-07,7.31828439117244e-05,7.31828439117244e-05
"Lcu.1GRN.Chr5p455351362",5,455351362,1,0.208333333333333,6.9127059718337,6.9127059718337,"GLM","DTF_Sask_2017",4.13321136641993,4.13321136641993,1.22262712900108e-07,1.22262712900108e-07,7.3584888065241e-05,7.3584888065241e-05
"Lcu.1GRN.Chr2p89837311",2,89837311,1,0.191358024691358,6.90932580460294,6.90932580460294,"GLM","DTF_Sask_2017",4.13147528402723,4.13147528402723,1.23218011373663e-07,1.23218011373663e-07,7.38796307160869e-05,7.38796307160869e-05
"Lcu.1GRN.Chr4p59789734",4,59789734,1,0.16820987654321,6.90766200227925,6.90766200227925,"GLM","DTF_Sask_2017",4.13131285758413,4.13131285758413,1.23690970682098e-07,1.23690970682098e-07,7.39072669178347e-05,7.39072669178347e-05
"Lcu.1GRN.Chr1p535782366",1,535782366,1,0.237654320987654,6.90761784456466,6.90761784456466,"GLM","DTF_Sask_2017",4.13131285758413,4.13131285758413,1.23703547835373e-07,1.23703547835373e-07,7.39072669178347e-05,7.39072669178347e-05
"Lcu.1GRN.Chr5p455774604",5,455774604,1,0.294753086419753,6.90302433941202,6.90302433941202,"GLM","DTF_Sask_2017",4.12749006156348,4.12749006156348,1.25018896320506e-07,1.25018896320506e-07,7.45606934373043e-05,7.45606934373043e-05
"Lcu.1GRN.Chr2p65208667",2,65208667,1,0.248456790123457,6.89658688775104,6.89658688775104,"GLM","DTF_Sask_2017",4.12182195373861,4.12182195373861,1.26885826309351e-07,1.26885826309351e-07,7.55401853773404e-05,7.55401853773404e-05
"Lcu.1GRN.Chr1p363513639",1,363513639,1,0.106451612903226,6.89644671055349,6.89644671055349,"MLM","Cotyledon_Color_RvsY",4.04760998725356,4.04760998725356,1.26926787848272e-07,1.26926787848272e-07,8.96169197868633e-05,8.96169197868633e-05
"Lcu.1GRN.Chr1p371437268",1,371437268,1,0.209677419354839,6.89590499004532,6.89590499004532,"MLM","Cotyledon_Color_RvsY",4.04760998725356,4.04760998725356,1.27085209721328e-07,1.27085209721328e-07,8.96169197868633e-05,8.96169197868633e-05
"Lcu.1GRN.Chr2p34022168",2,34022168,1,0.0895061728395061,6.89576976372364,6.89576976372364,"GLM","DTF_Sask_2017",4.12177281308003,4.12177281308003,1.27124786418556e-07,1.27124786418556e-07,7.55487332742942e-05,7.55487332742942e-05
"Lcu.1GRN.Chr2p44213560",2,44213560,1,0.279320987654321,6.89254730389792,6.89254730389792,"GLM","DTF_Sask_2017",4.11931698095896,4.11931698095896,1.28071558979571e-07,1.28071558979571e-07,7.59771535789796e-05,7.59771535789796e-05
"Lcu.1GRN.Chr1p559837442",1,559837442,1,0.186728395061728,6.88568213419123,6.88568213419123,"GLM","DTF_Sask_2017",4.11769780715171,4.11769780715171,1.30112153747766e-07,1.30112153747766e-07,7.62609467991764e-05,7.62609467991764e-05
"Lcu.1GRN.Chr6p424043746",6,424043746,1,0.46141975308642,6.88559929658561,6.88559929658561,"GLM","DTF_Sask_2017",4.11769780715171,4.11769780715171,1.30136973789721e-07,1.30136973789721e-07,7.62609467991764e-05,7.62609467991764e-05
"Lcu.1GRN.Chr6p1286429",6,1286429,1,0.0555555555555556,6.87388966101361,6.87388966101361,"GLM","DTF_Sask_2017",4.10749876260495,4.10749876260495,1.33693514170127e-07,1.33693514170127e-07,7.80730664598318e-05,7.80730664598318e-05
"Lcu.1GRN.Chr2p48689157",2,48689157,1,0.344135802469136,6.87065562042536,6.87065562042536,"GLM","DTF_Sask_2017",4.10501805174921,4.10501805174921,1.346927995134e-07,1.346927995134e-07,7.8520299642849e-05,7.8520299642849e-05
"Lcu.1GRN.Chr1p559940430",1,559940430,1,0.209876543209877,6.86944098771839,6.86944098771839,"GLM","DTF_Sask_2017",4.10455544430705,4.10455544430705,1.35070034963019e-07,1.35070034963019e-07,7.86039834782109e-05,7.86039834782109e-05
"Lcu.1GRN.Chr5p456046651",5,456046651,1,0.325617283950617,6.86811800690292,6.86811800690292,"GLM","DTF_Sask_2017",4.10398318879848,4.10398318879848,1.35482122903991e-07,1.35482122903991e-07,7.8707625621497e-05,7.8707625621497e-05
"Lcu.1GRN.Chr3p434028554",3,434028554,1,0.118827160493827,6.86706308535321,6.86706308535321,"GLM","DTF_Sask_2017",4.10367769708427,4.10367769708427,1.3581161531289e-07,1.3581161531289e-07,7.87630096688807e-05,7.87630096688807e-05
"Lcu.1GRN.Chr1p361413551",1,361413551,1,0.109677419354839,6.86704087232792,6.86704087232792,"FarmCPU","Cotyledon_Color_RvsY",2.24331747748799,2.24331747748799,1.35818561898959e-07,1.35818561898959e-07,0.0057106102762834,0.0057106102762834
"Lcu.1GRN.Chr1p361416208",1,361416208,1,0.109677419354839,6.86704087232792,6.86704087232792,"FarmCPU","Cotyledon_Color_RvsY",2.24331747748799,2.24331747748799,1.35818561898959e-07,1.35818561898959e-07,0.0057106102762834,0.0057106102762834
"Lcu.1GRN.Chr1p437613055",1,437613055,1,0.103395061728395,6.86615470723858,6.86615470723858,"GLM","DTF_Sask_2017",4.10351745779704,4.10351745779704,1.36095978605265e-07,1.36095978605265e-07,7.87920757926286e-05,7.87920757926286e-05
"Lcu.1GRN.Chr2p561727458",2,561727458,1,0.438271604938272,6.8637249934938,6.8637249934938,"GLM","DTF_Sask_2017",4.10258016642094,4.10258016642094,1.36859518115774e-07,1.36859518115774e-07,7.89623079417642e-05,7.89623079417642e-05
"Lcu.1GRN.Chr1p408097730",1,408097730,1,0.388709677419355,6.86128149802162,6.86128149802162,"MLM","Cotyledon_Color_RvsY",4.01570935356533,4.01570935356533,1.37631708793656e-07,1.37631708793656e-07,9.64474270662413e-05,9.64474270662413e-05
"Lcu.1GRN.Chr7p52676815",7,52676815,1,0.444444444444444,6.86042080409624,6.86042080409624,"GLM","DTF_Sask_2017",4.10002026937677,4.10002026937677,1.37904740665499e-07,1.37904740665499e-07,7.94291162729996e-05,7.94291162729996e-05
"Lcu.1GRN.Chr1p437955122",1,437955122,1,0.104938271604938,6.85966372716591,6.85966372716591,"GLM","DTF_Sask_2017",4.10000621141621,4.10000621141621,1.38145350564394e-07,1.38145350564394e-07,7.94316874073393e-05,7.94316874073393e-05
"Lcu.1GRN.Chr3p434029073",3,434029073,1,0.126543209876543,6.85639806852571,6.85639806852571,"GLM","DTF_Sask_2017",4.09748230271193,4.09748230271193,1.39188043905219e-07,1.39188043905219e-07,7.98946497683731e-05,7.98946497683731e-05
"Lcu.1GRN.Chr5p393506057",5,393506057,1,0.225308641975309,6.85275658620301,6.85275658620301,"GLM","DTF_Sask_2017",4.09458130561875,4.09458130561875,1.40360017534276e-07,1.40360017534276e-07,8.04301158738529e-05,8.04301158738529e-05
"Lcu.1GRN.Chr2p49724495",2,49724495,1,0.166666666666667,6.8499868965276,6.8499868965276,"GLM","DTF_Sask_2017",4.09255084077186,4.09255084077186,1.41258016415106e-07,1.41258016415106e-07,8.08070326658165e-05,8.08070326658165e-05
"Lcu.1GRN.Chr1p437370413",1,437370413,1,0.104938271604938,6.84846875196226,6.84846875196226,"GLM","DTF_Sask_2017",4.09177066491749,4.09177066491749,1.41752670061417e-07,1.41752670061417e-07,8.0952326605346e-05,8.0952326605346e-05
"Lcu.1GRN.Chr1p535788167",1,535788167,1,0.234567901234568,6.84395808114957,6.84395808114957,"GLM","DTF_Sask_2017",4.08873218019895,4.08873218019895,1.43232614318477e-07,1.43232614318477e-07,8.15206849077208e-05,8.15206849077208e-05
"Lcu.1GRN.Chr1p543111427",1,543111427,1,0.0787037037037037,6.84060032143136,6.84060032143136,"GLM","DTF_Sask_2017",4.08610864632241,4.08610864632241,1.44344313238697e-07,1.44344313238697e-07,8.20146344783123e-05,8.20146344783123e-05
"Lcu.1GRN.Chr1p543108070",1,543108070,1,0.225308641975309,6.83826242966666,6.83826242966666,"GLM","DTF_Sask_2017",4.08517226060186,4.08517226060186,1.45123442003929e-07,1.45123442003929e-07,8.21916576434771e-05,8.21916576434771e-05
"Lcu.1GRN.Chr1p558988082",1,558988082,1,0.243827160493827,6.83819919745254,6.83819919745254,"GLM","DTF_Sask_2017",4.08517226060186,4.08517226060186,1.45144573160344e-07,1.45144573160344e-07,8.21916576434771e-05,8.21916576434771e-05
"Lcu.1GRN.Chr2p63176322",2,63176322,1,0.294753086419753,6.83481841703009,6.83481841703009,"GLM","DTF_Sask_2017",4.08325129493845,4.08325129493845,1.46278865352949e-07,1.46278865352949e-07,8.25560119164018e-05,8.25560119164018e-05
"Lcu.1GRN.Chr1p329127295",1,329127295,1,0.0983870967741935,6.83477879087287,6.83477879087287,"MLM","Cotyledon_Color_RvsY",3.99011048541483,3.99011048541483,1.46292212825707e-07,1.46292212825707e-07,0.000102303269753731,0.000102303269753731
"Lcu.1GRN.Chr2p80294701",2,80294701,1,0.228395061728395,6.83150637283416,6.83150637283416,"GLM","DTF_Sask_2017",4.08066732213165,4.08066732213165,1.47398691154159e-07,1.47398691154159e-07,8.30486692587119e-05,8.30486692587119e-05
"Lcu.1GRN.Chr1p362780451",1,362780451,1,0.180645161290323,6.83128579398936,6.83128579398936,"MLM","Cotyledon_Color_RvsY",3.98751945039634,3.98751945039634,1.47473574194314e-07,1.47473574194314e-07,0.00010291544342535,0.00010291544342535
"Lcu.1GRN.Chr1p559768039",1,559768039,1,0.385802469135803,6.83072173538929,6.83072173538929,"GLM","DTF_Sask_2017",4.08060953754583,4.08060953754583,1.47665236266699e-07,1.47665236266699e-07,8.30597199453526e-05,8.30597199453526e-05
"Lcu.1GRN.Chr2p613264210",2,613264210,1,0.212962962962963,6.82826870449254,6.82826870449254,"GLM","DTF_Sask_2017",4.07888214504998,4.07888214504998,1.48501655603261e-07,1.48501655603261e-07,8.339074522588e-05,8.339074522588e-05
"Lcu.1GRN.Chr4p390294326",4,390294326,1,0.475308641975309,6.82542136815758,6.82542136815758,"GLM","DTF_Sask_2017",4.07675923670935,4.07675923670935,1.49478465835807e-07,1.49478465835807e-07,8.3799371862988e-05,8.3799371862988e-05
"Lcu.1GRN.Chr1p541591206",1,541591206,1,0.251543209876543,6.81978217732664,6.81978217732664,"GLM","DTF_Sask_2017",4.0718432674975,4.0718432674975,1.51432057341813e-07,1.51432057341813e-07,8.47533225156299e-05,8.47533225156299e-05
"Lcu.1GRN.Chr2p63108700",2,63108700,1,0.300925925925926,6.81886328798664,6.81886328798664,"GLM","DTF_Sask_2017",4.07164639741259,4.07164639741259,1.51752799650102e-07,1.51752799650102e-07,8.4791750763963e-05,8.4791750763963e-05
"Lcu.1GRN.Chr2p64994334",2,64994334,1,0.248456790123457,6.81392790214864,6.81392790214864,"GLM","DTF_Sask_2017",4.06743183245692,4.06743183245692,1.53487176791908e-07,1.53487176791908e-07,8.56186089485301e-05,8.56186089485301e-05
"Lcu.1GRN.Chr2p48311644",2,48311644,1,0.202160493827161,6.80646032942681,6.80646032942681,"GLM","DTF_Sask_2017",4.06140232224741,4.06140232224741,1.56149166570931e-07,1.56149166570931e-07,8.68155813420898e-05,8.68155813420898e-05
"Lcu.1GRN.Chr1p539379596",1,539379596,1,0.234567901234568,6.80548340433458,6.80548340433458,"GLM","DTF_Sask_2017",4.06114264666899,4.06114264666899,1.56500812163087e-07,1.56500812163087e-07,8.68675060806288e-05,8.68675060806288e-05
"Lcu.1GRN.Chr6p1341433",6,1341433,1,0.058641975308642,6.80118468138185,6.80118468138185,"GLM","DTF_Sask_2017",4.05893124375162,4.05893124375162,1.58057576503611e-07,1.58057576503611e-07,8.73109585635307e-05,8.73109585635307e-05
"Lcu.1GRN.Chr3p450258999",3,450258999,1,0.151234567901235,6.80112733295062,6.80112733295062,"GLM","DTF_Sask_2017",4.05893124375162,4.05893124375162,1.58078449328234e-07,1.58078449328234e-07,8.73109585635307e-05,8.73109585635307e-05
"Lcu.1GRN.Chr3p450259042",3,450259042,1,0.151234567901235,6.80112733295062,6.80112733295062,"GLM","DTF_Sask_2017",4.05893124375162,4.05893124375162,1.58078449328234e-07,1.58078449328234e-07,8.73109585635307e-05,8.73109585635307e-05
"Lcu.1GRN.Chr1p560221441",1,560221441,1,0.200617283950617,6.79772106960487,6.79772106960487,"GLM","DTF_Sask_2017",4.05623752278376,4.05623752278376,1.59323166903503e-07,1.59323166903503e-07,8.78541896423452e-05,8.78541896423452e-05
"Lcu.1GRN.Chr7p371434502",7,371434502,1,0.472222222222222,6.79455970455869,6.79455970455869,"GLM","DTF_Sask_2017",4.05378753296937,4.05378753296937,1.60487161348357e-07,1.60487161348357e-07,8.83512029480567e-05,8.83512029480567e-05
"Lcu.1GRN.Chr1p170777274",1,170777274,1,0.067741935483871,6.79292368444376,6.79292368444376,"MLM","Cotyledon_Color_RvsY",3.95095566425629,3.95095566425629,1.61092868763005e-07,1.61092868763005e-07,0.000111955216915714,0.000111955216915714
"Lcu.1GRN.Chr1p575481863",1,575481863,1,0.476851851851852,6.79043803508137,6.79043803508137,"GLM","DTF_Sask_2017",4.05037607539506,4.05037607539506,1.62017514318908e-07,1.62017514318908e-07,8.90479497367778e-05,8.90479497367778e-05
"Lcu.1GRN.Chr2p612950912",2,612950912,1,0.242283950617284,6.7889652828355,6.7889652828355,"GLM","DTF_Sask_2017",4.05026592385859,4.05026592385859,1.62567870605295e-07,1.62567870605295e-07,8.90705381253308e-05,8.90705381253308e-05
"Lcu.1GRN.Chr1p363533042",1,363533042,1,0.103225806451613,6.78624608689825,6.78624608689825,"MLM","Cotyledon_Color_RvsY",3.94517444366864,3.94517444366864,1.63588930494485e-07,1.63588930494485e-07,0.000113455500584821,0.000113455500584821
"Lcu.1GRN.Chr1p559270665",1,559270665,1,0.199074074074074,6.78557275114883,6.78557275114883,"GLM","DTF_Sask_2017",4.04763448509237,4.04763448509237,1.63842757593502e-07,1.63842757593502e-07,8.96118647861035e-05,8.96118647861035e-05
"Lcu.1GRN.Chr2p86109976",2,86109976,1,0.37962962962963,6.78281868851292,6.78281868851292,"GLM","DTF_Sask_2017",4.04558601884547,4.04558601884547,1.64885061846366e-07,1.64885061846366e-07,9.00355415553189e-05,9.00355415553189e-05
"Lcu.1GRN.Chr4p412166626",4,412166626,1,0.0910493827160493,6.78093425004912,6.78093425004912,"GLM","DTF_Sask_2017",4.04440603225048,4.04440603225048,1.6560206575024e-07,1.6560206575024e-07,9.02805025124977e-05,9.02805025124977e-05
"Lcu.1GRN.Chr2p64154525",2,64154525,1,0.328703703703704,6.76669875116635,6.76669875116635,"GLM","DTF_Sask_2017",4.03323294285604,4.03323294285604,1.71120188053316e-07,1.71120188053316e-07,9.26332832271535e-05,9.26332832271535e-05
"Lcu.1GRN.Chr6p420713869",6,420713869,1,0.453703703703704,6.76594475697482,6.76594475697482,"GLM","DTF_Sask_2017",4.03323294285604,4.03323294285604,1.714175339772e-07,1.714175339772e-07,9.26332832271535e-05,9.26332832271535e-05
"Lcu.1GRN.Chr2p54392806",2,54392806,1,0.330246913580247,6.76555827802874,6.76555827802874,"GLM","DTF_Sask_2017",4.03323294285604,4.03323294285604,1.7157014644872e-07,1.7157014644872e-07,9.26332832271535e-05,9.26332832271535e-05
"Lcu.1GRN.Chr2p11339060",2,11339060,1,0.0925925925925926,6.76352711903545,6.76352711903545,"GLM","DTF_Sask_2017",4.03321255084982,4.03321255084982,1.72374445036299e-07,1.72374445036299e-07,9.2637632862976e-05,9.2637632862976e-05
"Lcu.1GRN.Chr6p163740839",6,163740839,1,0.199074074074074,6.7620662889445,6.7620662889445,"GLM","DTF_Sask_2017",4.03321255084982,4.03321255084982,1.72955234722636e-07,1.72955234722636e-07,9.2637632862976e-05,9.2637632862976e-05
"Lcu.1GRN.Chr6p166431360",6,166431360,1,0.199074074074074,6.7620662889445,6.7620662889445,"GLM","DTF_Sask_2017",4.03321255084982,4.03321255084982,1.72955234722636e-07,1.72955234722636e-07,9.2637632862976e-05,9.2637632862976e-05
"Lcu.1GRN.Chr6p166432957",6,166432957,1,0.199074074074074,6.7620662889445,6.7620662889445,"GLM","DTF_Sask_2017",4.03321255084982,4.03321255084982,1.72955234722636e-07,1.72955234722636e-07,9.2637632862976e-05,9.2637632862976e-05
"Lcu.1GRN.Chr1p363515009",1,363515009,1,0.082258064516129,6.76150986923632,6.76150986923632,"MLM","Cotyledon_Color_RvsY",3.92311630940715,3.92311630940715,1.73176967625889e-07,1.73176967625889e-07,0.000119366838257003,0.000119366838257003
"Lcu.1GRN.Chr1p437621516",1,437621516,1,0.0879629629629629,6.75846355357869,6.75846355357869,"GLM","DTF_Sask_2017",4.03043635336378,4.03043635336378,1.74395970614368e-07,1.74395970614368e-07,9.32317093074431e-05,9.32317093074431e-05
"Lcu.1GRN.Chr3p22786573",3,22786573,1,0.300925925925926,6.75790918574207,6.75790918574207,"GLM","DTF_Sask_2017",4.03043635336378,4.03043635336378,1.74618725569658e-07,1.74618725569658e-07,9.32317093074431e-05,9.32317093074431e-05
"Lcu.1GRN.Chr2p80978401",2,80978401,1,0.253086419753086,6.75486259327834,6.75486259327834,"GLM","DTF_Sask_2017",4.02862400503184,4.02862400503184,1.75847989258297e-07,1.75847989258297e-07,9.36215862010001e-05,9.36215862010001e-05
"Lcu.1GRN.Chr6p166673017",6,166673017,1,0.208333333333333,6.75472030858133,6.75472030858133,"GLM","DTF_Sask_2017",4.02862400503184,4.02862400503184,1.75905610476153e-07,1.75905610476153e-07,9.36215862010001e-05,9.36215862010001e-05
"Lcu.1GRN.Chr1p535824562",1,535824562,1,0.236111111111111,6.7504889264836,6.7504889264836,"GLM","DTF_Sask_2017",4.02552024609424,4.02552024609424,1.77627855875335e-07,1.77627855875335e-07,9.42930652559554e-05,9.42930652559554e-05
"Lcu.1GRN.Chr7p9781464",7,9781464,1,0.137345679012346,6.75024437004438,6.75024437004438,"GLM","DTF_Sask_2017",4.02552024609424,4.02552024609424,1.77727908422276e-07,1.77727908422276e-07,9.42930652559554e-05,9.42930652559554e-05
"Lcu.1GRN.Chr6p165554986",6,165554986,1,0.200617283950617,6.74784178795333,6.74784178795333,"GLM","DTF_Sask_2017",4.02448552176987,4.02448552176987,1.78713850493917e-07,1.78713850493917e-07,9.45179901715208e-05,9.45179901715208e-05
"Lcu.1GRN.Chr6p431596676",6,431596676,1,0.332298136645963,6.73955583337981,6.73955583337981,"FarmCPU","DTF_Sask_2017_b",2.65990048289016,2.65990048289016,1.82156287589617e-07,1.82156287589617e-07,0.00218826299955916,0.00218826299955916
"Lcu.1GRN.Chr6p164903832",6,164903832,1,0.200617283950617,6.73867674862558,6.73867674862558,"GLM","DTF_Sask_2017",4.01600279912905,4.01600279912905,1.82525375840065e-07,1.82525375840065e-07,9.63822811541526e-05,9.63822811541526e-05
"Lcu.1GRN.Chr2p63866955",2,63866955,1,0.200617283950617,6.73726444856208,6.73726444856208,"GLM","DTF_Sask_2017",4.01527174545137,4.01527174545137,1.8311990376759e-07,1.8311990376759e-07,9.65446593582961e-05,9.65446593582961e-05
"Lcu.1GRN.Chr3p427301686",3,427301686,1,0.234567901234568,6.73656598062919,6.73656598062919,"GLM","DTF_Sask_2017",4.01525345695571,4.01525345695571,1.83414649138517e-07,1.83414649138517e-07,9.6548725018428e-05,9.6548725018428e-05
"Lcu.1GRN.Chr1p559395774",1,559395774,1,0.229938271604938,6.72851958460488,6.72851958460488,"GLM","DTF_Sask_2017",4.00856423229183,4.00856423229183,1.86844541740024e-07,1.86844541740024e-07,9.80473291286533e-05,9.80473291286533e-05
"Lcu.1GRN.Chr2p218535446",2,218535446,1,0.424382716049383,6.7262404165999,6.7262404165999,"GLM","DTF_Sask_2017",4.00696206283688,4.00696206283688,1.87827675310864e-07,1.87827675310864e-07,9.84097066375222e-05,9.84097066375222e-05
"Lcu.1GRN.Chr1p437619525",1,437619525,1,0.108024691358025,6.72459243929471,6.72459243929471,"GLM","DTF_Sask_2017",4.00599003038706,4.00599003038706,1.88541761687894e-07,1.88541761687894e-07,9.86302126806716e-05,9.86302126806716e-05
"Lcu.1GRN.Chr1p559039489",1,559039489,1,0.231481481481482,6.72281273135711,6.72281273135711,"GLM","DTF_Sask_2017",4.00488521688505,4.00488521688505,1.89315977692246e-07,1.89315977692246e-07,9.88814401683348e-05,9.88814401683348e-05
"Lcu.1GRN.Chr2p81006695",2,81006695,1,0.330246913580247,6.71617377230099,6.71617377230099,"GLM","DTF_Sask_2017",3.99892010510438,3.99892010510438,1.92232240477506e-07,1.92232240477506e-07,0.000100248964391779,0.000100248964391779
"Lcu.1GRN.Chr2p44466464",2,44466464,1,0.273148148148148,6.71480804907935,6.71480804907935,"GLM","DTF_Sask_2017",3.99822718524256,3.99822718524256,1.92837703536582e-07,1.92837703536582e-07,0.000100409039977538,0.000100409039977538
"Lcu.1GRN.Chr2p63108699",2,63108699,1,0.302469135802469,6.71117486333505,6.71117486333505,"GLM","DTF_Sask_2017",3.99563039544823,3.99563039544823,1.94457696396394e-07,1.94457696396394e-07,0.000101011217223308,0.000101011217223308
"Lcu.1GRN.Chr6p292192925",6,292192925,1,0.0617283950617284,6.71023564582564,6.71023564582564,"GLM","DTF_Sask_2017",3.99563039544823,3.99563039544823,1.94878691164883e-07,1.94878691164883e-07,0.000101011217223308,0.000101011217223308
"Lcu.1GRN.Chr6p3365704",6,3365704,1,0.240683229813665,6.70982654001585,6.70982654001585,"FarmCPU","DTF_Sask_2017_b",2.64541115608293,2.64541115608293,1.95062353566461e-07,1.95062353566461e-07,0.00226250133386517,0.00226250133386517
"Lcu.1GRN.Chr5p456048024",5,456048024,1,0.447530864197531,6.70962076516012,6.70962076516012,"GLM","DTF_Sask_2017",3.99563039544823,3.99563039544823,1.95154798762139e-07,1.95154798762139e-07,0.000101011217223308,0.000101011217223308
"Lcu.1GRN.Chr1p535792522",1,535792522,1,0.239197530864197,6.70944618062331,6.70944618062331,"GLM","DTF_Sask_2017",3.99563039544823,3.99563039544823,1.95233265932887e-07,1.95233265932887e-07,0.000101011217223308,0.000101011217223308
"Lcu.1GRN.Chr1p559262824",1,559262824,1,0.197530864197531,6.70819618154818,6.70819618154818,"GLM","DTF_Sask_2017",3.99563039544823,3.99563039544823,1.95796001479328e-07,1.95796001479328e-07,0.000101011217223308,0.000101011217223308
"Lcu.1GRN.Chr1p559350078",1,559350078,1,0.197530864197531,6.70819618154818,6.70819618154818,"GLM","DTF_Sask_2017",3.99563039544823,3.99563039544823,1.95796001479328e-07,1.95796001479328e-07,0.000101011217223308,0.000101011217223308
"Lcu.1GRN.Chr1p560221431",1,560221431,1,0.199074074074074,6.70597178013508,6.70597178013508,"GLM","DTF_Sask_2017",3.99466223849381,3.99466223849381,1.96801416443671e-07,1.96801416443671e-07,0.000101236649050463,0.000101236649050463
"Lcu.1GRN.Chr2p34022757",2,34022757,1,0.0910493827160493,6.70589787200142,6.70589787200142,"GLM","DTF_Sask_2017",3.99466223849381,3.99466223849381,1.96834910912791e-07,1.96834910912791e-07,0.000101236649050463,0.000101236649050463
"Lcu.1GRN.Chr1p559836852",1,559836852,1,0.199074074074074,6.70312574411363,6.70312574411363,"GLM","DTF_Sask_2017",3.99255366227354,3.99255366227354,1.9809533844117e-07,1.9809533844117e-07,0.000101729365962506,0.000101729365962506
"Lcu.1GRN.Chr2p54512308",2,54512308,1,0.334876543209877,6.70233742697591,6.70233742697591,"GLM","DTF_Sask_2017",3.9924278845197,3.9924278845197,1.9845524116279e-07,1.9845524116279e-07,0.000101758832475921,0.000101758832475921
"Lcu.1GRN.Chr3p410053209",3,410053209,1,0.152777777777778,6.69923896083558,6.69923896083558,"GLM","DTF_Sask_2017",3.98999094856348,3.98999094856348,1.99876179299433e-07,1.99876179299433e-07,0.000102331431967142,0.000102331431967142
"Lcu.1GRN.Chr2p561720527",2,561720527,1,0.0817901234567902,6.69797219945121,6.69797219945121,"GLM","DTF_Sask_2017",3.98938471123329,3.98938471123329,2.004600343999e-07,2.004600343999e-07,0.000102474377493907,0.000102474377493907
"Lcu.1GRN.Chr2p48819707",2,48819707,1,0.328703703703704,6.69138588248606,6.69138588248606,"GLM","DTF_Sask_2017",3.98348805908644,3.98348805908644,2.0352329141544e-07,2.0352329141544e-07,0.000103875216248908,0.000103875216248908
"Lcu.1GRN.Chr4p412483522",4,412483522,1,0.095679012345679,6.69070941873152,6.69070941873152,"GLM","DTF_Sask_2017",3.98348805908644,3.98348805908644,2.03840549438529e-07,2.03840549438529e-07,0.000103875216248908,0.000103875216248908
"Lcu.1GRN.Chr1p439580720",1,439580720,1,0.112654320987654,6.68779698679703,6.68779698679703,"GLM","DTF_Sask_2017",3.98225577760192,3.98225577760192,2.05212122933959e-07,2.05212122933959e-07,0.000104170373759748,0.000104170373759748
"Lcu.1GRN.Chr2p49533688",2,49533688,1,0.191358024691358,6.68755563102902,6.68755563102902,"GLM","DTF_Sask_2017",3.98225577760192,3.98225577760192,2.05326199664989e-07,2.05326199664989e-07,0.000104170373759748,0.000104170373759748
"Lcu.1GRN.Chr1p363528837",1,363528837,1,0.0629032258064516,6.68112295191431,6.68112295191431,"MLM","Cotyledon_Color_RvsY",3.84803651900609,3.84803651900609,2.08390083215382e-07,2.08390083215382e-07,0.000141893820082811,0.000141893820082811
"Lcu.1GRN.Chr6p424282170",6,424282170,1,0.188271604938272,6.68111233370683,6.68111233370683,"GLM","DTF_Sask_2017",3.97712059717806,3.97712059717806,2.08395178274803e-07,2.08395178274803e-07,0.000105409414933475,0.000105409414933475
"Lcu.1GRN.Chr2p561145563",2,561145563,1,0.429012345679012,6.67930637482594,6.67930637482594,"GLM","DTF_Sask_2017",3.97652410556183,3.97652410556183,2.09263567657945e-07,2.09263567657945e-07,0.000105554291356722,0.000105554291356722
"Lcu.1GRN.Chr7p7376126",7,7376126,1,0.263975155279503,6.67922565087885,6.67922565087885,"FarmCPU","DTF_Sask_2017_b",2.17135542840212,2.17135542840212,2.09302467878672e-07,2.09302467878672e-07,0.00673976217000149,0.00673976217000149
"Lcu.1GRN.Chr1p445787487",1,445787487,1,0.231481481481482,6.67921165347716,6.67921165347716,"GLM","DTF_Sask_2017",3.97652410556183,3.97652410556183,2.09309213849556e-07,2.09309213849556e-07,0.000105554291356722,0.000105554291356722
"Lcu.1GRN.Chr2p612964395",2,612964395,1,0.20679012345679,6.67399451135334,6.67399451135334,"GLM","DTF_Sask_2017",3.97195759199701,3.97195759199701,2.11838790742666e-07,2.11838790742666e-07,0.000106670027733141,0.000106670027733141
"Lcu.1GRN.Chr2p63859728",2,63859728,1,0.199074074074074,6.66454288595674,6.66454288595674,"GLM","DTF_Sask_2017",3.96445202429386,3.96445202429386,2.16499607849652e-07,2.16499607849652e-07,0.000108529543358516,0.000108529543358516
"Lcu.1GRN.Chr2p64072548",2,64072548,1,0.199074074074074,6.66454288595674,6.66454288595674,"GLM","DTF_Sask_2017",3.96445202429386,3.96445202429386,2.16499607849652e-07,2.16499607849652e-07,0.000108529543358516,0.000108529543358516
"Lcu.1GRN.Chr2p64073000",2,64073000,1,0.199074074074074,6.66454288595674,6.66454288595674,"GLM","DTF_Sask_2017",3.96445202429386,3.96445202429386,2.16499607849652e-07,2.16499607849652e-07,0.000108529543358516,0.000108529543358516
"Lcu.1GRN.Chr2p45342842",2,45342842,1,0.308641975308642,6.65735012859376,6.65735012859376,"GLM","DTF_Sask_2017",3.96347829569723,3.96347829569723,2.20115117751355e-07,2.20115117751355e-07,0.000108773149674632,0.000108773149674632
"Lcu.1GRN.Chr2p49521064",2,49521064,1,0.287037037037037,6.65722140007119,6.65722140007119,"GLM","DTF_Sask_2017",3.96347829569723,3.96347829569723,2.20180371386566e-07,2.20180371386566e-07,0.000108773149674632,0.000108773149674632
"Lcu.1GRN.Chr4p462728109",4,462728109,1,0.236024844720497,6.65677612507577,6.65677612507577,"FarmCPU","DTF_Sask_2017_b",2.17135542840212,2.17135542840212,2.20406234470136e-07,2.20406234470136e-07,0.00673976217000149,0.00673976217000149
"Lcu.1GRN.Chr2p561187904",2,561187904,1,0.0617283950617284,6.65634536021545,6.65634536021545,"GLM","DTF_Sask_2017",3.96347829569723,3.96347829569723,2.20624957862099e-07,2.20624957862099e-07,0.000108773149674632,0.000108773149674632
"Lcu.1GRN.Chr2p561699706",2,561699706,1,0.0617283950617284,6.65634536021545,6.65634536021545,"GLM","DTF_Sask_2017",3.96347829569723,3.96347829569723,2.20624957862099e-07,2.20624957862099e-07,0.000108773149674632,0.000108773149674632
"Lcu.1GRN.Chr2p562901066",2,562901066,1,0.0617283950617284,6.65634536021545,6.65634536021545,"GLM","DTF_Sask_2017",3.96347829569723,3.96347829569723,2.20624957862099e-07,2.20624957862099e-07,0.000108773149674632,0.000108773149674632
"Lcu.1GRN.Chr1p540886584",1,540886584,1,0.404320987654321,6.65608386176244,6.65608386176244,"GLM","DTF_Sask_2017",3.96347829569723,3.96347829569723,2.20757841101974e-07,2.20757841101974e-07,0.000108773149674632,0.000108773149674632
"Lcu.1GRN.Chr4p10982480",4,10982480,1,0.277777777777778,6.65607428853462,6.65607428853462,"GLM","DTF_Sask_2017",3.96347829569723,3.96347829569723,2.20762707358595e-07,2.20762707358595e-07,0.000108773149674632,0.000108773149674632
"Lcu.1GRN.Chr2p51503013",2,51503013,1,0.373456790123457,6.65587097384757,6.65587097384757,"GLM","DTF_Sask_2017",3.96347829569723,3.96347829569723,2.2086608147581e-07,2.2086608147581e-07,0.000108773149674632,0.000108773149674632
"Lcu.1GRN.Chr2p51502948",2,51502948,1,0.208333333333333,6.65444083307936,6.65444083307936,"GLM","DTF_Sask_2017",3.9626835529676,3.9626835529676,2.21594596929104e-07,2.21594596929104e-07,0.000108972382726977,0.000108972382726977
"Lcu.1GRN.Chr1p543166366",1,543166366,1,0.0848765432098766,6.65139979211073,6.65139979211073,"GLM","DTF_Sask_2017",3.96027698177128,3.96027698177128,2.2315170420602e-07,2.2315170420602e-07,0.000109577911370316,0.000109577911370316
"Lcu.1GRN.Chr6p1549942",6,1549942,1,0.0833333333333334,6.65041950016573,6.65041950016573,"GLM","DTF_Sask_2017",3.95993023404061,3.95993023404061,2.23655972391103e-07,2.23655972391103e-07,0.00010966543508058,0.00010966543508058
"Lcu.1GRN.Chr6p158725440",6,158725440,1,0.259259259259259,6.6442883397201,6.6442883397201,"GLM","DTF_Sask_2017",3.95506339612373,3.95506339612373,2.26835832807578e-07,2.26835832807578e-07,0.000110901291531957,0.000110901291531957
"Lcu.1GRN.Chr2p151200453",2,151200453,1,0.405864197530864,6.63554485345069,6.63554485345069,"GLM","DTF_Sask_2017",3.94695069352644,3.94695069352644,2.3144891358093e-07,2.3144891358093e-07,0.000112992419034074,0.000112992419034074
"Lcu.1GRN.Chr2p63354565",2,63354565,1,0.24537037037037,6.63402591951495,6.63402591951495,"GLM","DTF_Sask_2017",3.94669058505727,3.94669058505727,2.32259817517468e-07,2.32259817517468e-07,0.000113060112936177,0.000113060112936177
"Lcu.1GRN.Chr7p54155334",7,54155334,1,0.475308641975309,6.63287385487466,6.63287385487466,"GLM","DTF_Sask_2017",3.94616656749954,3.94616656749954,2.32876757300084e-07,2.32876757300084e-07,0.000113196613038667,0.000113196613038667
"Lcu.1GRN.Chr6p211596643",6,211596643,1,0.095679012345679,6.63124196261816,6.63124196261816,"GLM","DTF_Sask_2017",3.94516181539809,3.94516181539809,2.33753454293371e-07,2.33753454293371e-07,0.00011345879965411,0.00011345879965411
"Lcu.1GRN.Chr3p427915399",3,427915399,1,0.165123456790123,6.62779971851451,6.62779971851451,"GLM","DTF_Sask_2017",3.94234580713749,3.94234580713749,2.35613560104921e-07,2.35613560104921e-07,0.000114196867970911,0.000114196867970911
"Lcu.1GRN.Chr3p268506039",3,268506039,1,0.334876543209877,6.62526725543526,6.62526725543526,"GLM","DTF_Sask_2017",3.9404386781935,3.9404386781935,2.36991486246565e-07,2.36991486246565e-07,0.000114699446409062,0.000114699446409062
"Lcu.1GRN.Chr4p412476606",4,412476606,1,0.0833333333333334,6.62194607563821,6.62194607563821,"GLM","DTF_Sask_2017",3.9382614771671,3.9382614771671,2.388107784939e-07,2.388107784939e-07,0.00011527590032822,0.00011527590032822
"Lcu.1GRN.Chr1p435830935",1,435830935,1,0.481481481481482,6.62050980210523,6.62050980210523,"GLM","DTF_Sask_2017",3.9382614771671,3.9382614771671,2.39601867055927e-07,2.39601867055927e-07,0.00011527590032822,0.00011527590032822
"Lcu.1GRN.Chr6p3363427",6,3363427,1,0.256211180124224,6.62048952990568,6.62048952990568,"FarmCPU","DTF_Sask_2017_b",2.59882612639372,2.59882612639372,2.39613051564204e-07,2.39613051564204e-07,0.00251868510360927,0.00251868510360927
"Lcu.1GRN.Chr2p34022156",2,34022156,1,0.0879629629629629,6.62043389555907,6.62043389555907,"GLM","DTF_Sask_2017",3.9382614771671,3.9382614771671,2.39643748637289e-07,2.39643748637289e-07,0.00011527590032822,0.00011527590032822
"Lcu.1GRN.Chr2p561703597",2,561703597,1,0.145061728395062,6.61982711554949,6.61982711554949,"GLM","DTF_Sask_2017",3.9382614771671,3.9382614771671,2.39978803930216e-07,2.39978803930216e-07,0.00011527590032822,0.00011527590032822
"Lcu.1GRN.Chr1p530030808",1,530030808,2,0.371913580246914,6.61885821745439,6.06204144151516,"GLM;FarmCPU","DTF_Sask_2017;DTF_Sask_2017_b",3.9382614771671,1.68135609536152,2.40514787175956e-07,8.66879151935818e-07,0.00011527590032822,0.0208278242642282
"Lcu.1GRN.Chr3p432880513",3,432880513,1,0.140432098765432,6.61885572608838,6.61885572608838,"GLM","DTF_Sask_2017",3.9382614771671,3.9382614771671,2.40516166912768e-07,2.40516166912768e-07,0.00011527590032822,0.00011527590032822
"Lcu.1GRN.Chr2p48676618",2,48676618,1,0.364197530864197,6.61873774686917,6.61873774686917,"GLM","DTF_Sask_2017",3.9382614771671,3.9382614771671,2.40581513734731e-07,2.40581513734731e-07,0.00011527590032822,0.00011527590032822
"Lcu.1GRN.Chr6p420960952",6,420960952,1,0.486111111111111,6.61578519234809,6.61578519234809,"GLM","DTF_Sask_2017",3.93602642657726,3.93602642657726,2.42222681511847e-07,2.42222681511847e-07,0.000115870684734385,0.000115870684734385
"Lcu.1GRN.Chr1p559039206",1,559039206,1,0.239197530864197,6.61526714926702,6.61526714926702,"GLM","DTF_Sask_2017",3.93602642657726,3.93602642657726,2.42511786391077e-07,2.42511786391077e-07,0.000115870684734385,0.000115870684734385
"Lcu.1GRN.Chr6p1320536",6,1320536,1,0.0601851851851852,6.61060359116888,6.61060359116888,"GLM","DTF_Sask_2017",3.93259491038881,3.93259491038881,2.45129968173136e-07,2.45129968173136e-07,0.00011678984703186,0.00011678984703186
"Lcu.1GRN.Chr2p40280620",2,40280620,1,0.451863354037267,6.6055688459326,6.6055688459326,"BLINK","DTF_Sask_2017_b",2.12014814925896,2.12014814925896,2.47988278654005e-07,2.47988278654005e-07,0.00758318848418287,0.00758318848418287
"Lcu.1GRN.Chr3p427915394",3,427915394,1,0.16820987654321,6.60541799716497,6.60541799716497,"GLM","DTF_Sask_2017",3.92802402913,3.92802402913,2.4807443039055e-07,2.4807443039055e-07,0.000118025533136037,0.000118025533136037
"Lcu.1GRN.Chr6p417769028",6,417769028,1,0.246913580246914,6.60443703532872,6.60443703532872,"GLM","DTF_Sask_2017",3.92765691118662,3.92765691118662,2.48635401346624e-07,2.48635401346624e-07,0.000118125344695989,0.000118125344695989
"Lcu.1GRN.Chr1p543371591",1,543371591,1,0.257716049382716,6.59977751741897,6.59977751741897,"GLM","DTF_Sask_2017",3.92522771207256,3.92522771207256,2.51317356309835e-07,2.51317356309835e-07,0.000118787922765636,0.000118787922765636
"Lcu.1GRN.Chr2p38932963",2,38932963,1,0.16820987654321,6.59956110026758,6.59956110026758,"GLM","DTF_Sask_2017",3.92522771207256,3.92522771207256,2.51442623709023e-07,2.51442623709023e-07,0.000118787922765636,0.000118787922765636
"Lcu.1GRN.Chr6p419986686",6,419986686,1,0.327160493827161,6.59725549556751,6.59725549556751,"GLM","DTF_Sask_2017",3.92408994812456,3.92408994812456,2.52781044731946e-07,2.52781044731946e-07,0.000119099531161823,0.000119099531161823
"Lcu.1GRN.Chr1p543144436",1,543144436,1,0.109567901234568,6.59720511818026,6.59720511818026,"GLM","DTF_Sask_2017",3.92408994812456,3.92408994812456,2.52810368584141e-07,2.52810368584141e-07,0.000119099531161823,0.000119099531161823
"Lcu.1GRN.Chr4p412483486",4,412483486,1,0.0972222222222222,6.59517022054418,6.59517022054418,"GLM","DTF_Sask_2017",3.92266288051339,3.92266288051339,2.53997697333962e-07,2.53997697333962e-07,0.000119491529313472,0.000119491529313472
"Lcu.1GRN.Chr2p86496173",2,86496173,3,0.304012345679012,6.59041822868708,5.37316117484948,"GLM;MLMM;MLM","DTF_Sask_2017",3.91912400252301,0.631280228971959,2.56792166476443e-07,4.23485773348296e-06,0.000120469191996069,0.233732858824872
"Lcu.1GRN.Chr2p48027137",2,48027137,1,0.310185185185185,6.58598283355261,6.58598283355261,"GLM","DTF_Sask_2017",3.91562203940383,3.91562203940383,2.59428190480709e-07,2.59428190480709e-07,0.000121444530596406,0.000121444530596406
"Lcu.1GRN.Chr6p165813053",6,165813053,1,0.20679012345679,6.58559876569856,6.58559876569856,"GLM","DTF_Sask_2017",3.91562203940383,3.91562203940383,2.59657716995395e-07,2.59657716995395e-07,0.000121444530596406,0.000121444530596406
"Lcu.1GRN.Chr2p561717174",2,561717174,1,0.205246913580247,6.58510292480443,6.58510292480443,"GLM","DTF_Sask_2017",3.91562203940383,3.91562203940383,2.59954341625106e-07,2.59954341625106e-07,0.000121444530596406,0.000121444530596406
"Lcu.1GRN.Chr2p3013341",2,3013341,1,0.490740740740741,6.58405070044859,6.58405070044859,"FarmCPU","DTF_Sask_2017",1.90233535863097,1.90233535863097,2.60584931992659e-07,2.60584931992659e-07,0.0125217388313678,0.0125217388313678
"Lcu.1GRN.Chr2p1033604",2,1033604,1,0.407407407407407,6.58100959318942,6.58100959318942,"GLM","DTF_Sask_2017",3.91273340892718,3.91273340892718,2.62416057730712e-07,2.62416057730712e-07,0.0001222549890453,0.0001222549890453
"Lcu.1GRN.Chr3p26025613",3,26025613,1,0.0987654320987654,6.57370405679137,6.57370405679137,"GLM","DTF_Sask_2017",3.90673794400458,3.90673794400458,2.66867657313267e-07,2.66867657313267e-07,0.000123954430967433,0.000123954430967433
"Lcu.1GRN.Chr1p528043920",1,528043920,1,0.498456790123457,6.57328800673548,6.57328800673548,"GLM","DTF_Sask_2017",3.90673794400458,3.90673794400458,2.67123436533021e-07,2.67123436533021e-07,0.000123954430967433,0.000123954430967433
"Lcu.1GRN.Chr1p560221722",1,560221722,1,0.197530864197531,6.57261470513637,6.57261470513637,"GLM","DTF_Sask_2017",3.90673794400458,3.90673794400458,2.67537888325419e-07,2.67537888325419e-07,0.000123954430967433,0.000123954430967433
"Lcu.1GRN.Chr1p560222073",1,560222073,1,0.197530864197531,6.57261470513637,6.57261470513637,"GLM","DTF_Sask_2017",3.90673794400458,3.90673794400458,2.67537888325419e-07,2.67537888325419e-07,0.000123954430967433,0.000123954430967433
"Lcu.1GRN.Chr1p543145034",1,543145034,1,0.0756172839506173,6.56591833045714,6.56591833045714,"GLM","DTF_Sask_2017",3.9006393594843,3.9006393594843,2.71695014618949e-07,2.71695014618949e-07,0.00012570734110362,0.00012570734110362
"Lcu.1GRN.Chr4p5743629",4,5743629,1,0.310185185185185,6.56471436609044,6.56471436609044,"GLM","DTF_Sask_2017",3.90061924122277,3.90061924122277,2.72449260787921e-07,2.72449260787921e-07,0.000125713164506512,0.000125713164506512
"Lcu.1GRN.Chr2p65193810",2,65193810,1,0.257716049382716,6.56470509473667,6.56470509473667,"GLM","DTF_Sask_2017",3.90061924122277,3.90061924122277,2.72455077118884e-07,2.72455077118884e-07,0.000125713164506512,0.000125713164506512
"Lcu.1GRN.Chr2p63106327",2,63106327,1,0.287037037037037,6.56408617776884,6.56408617776884,"GLM","DTF_Sask_2017",3.90059565605742,3.90059565605742,2.72843632097837e-07,2.72843632097837e-07,0.000125719991777881,0.000125719991777881
"Lcu.1GRN.Chr2p54393339",2,54393339,1,0.330246913580247,6.56181934446203,6.56181934446203,"GLM","DTF_Sask_2017",3.89903593302834,3.89903593302834,2.74271483478213e-07,2.74271483478213e-07,0.000126172313674368,0.000126172313674368
"Lcu.1GRN.Chr2p151200585",2,151200585,1,0.402777777777778,6.56133823380182,6.56133823380182,"GLM","DTF_Sask_2017",3.89903593302834,3.89903593302834,2.74575489300785e-07,2.74575489300785e-07,0.000126172313674368,0.000126172313674368
"Lcu.1GRN.Chr3p427321077",3,427321077,1,0.219135802469136,6.56043661771906,6.56043661771906,"GLM","DTF_Sask_2017",3.89872721052832,3.89872721052832,2.75146113244368e-07,2.75146113244368e-07,0.000126262036389725,0.000126262036389725
"Lcu.1GRN.Chr7p51917984",7,51917984,1,0.452160493827161,6.55941598572134,6.55941598572134,"GLM","DTF_Sask_2017",3.8983072429732,3.8983072429732,2.75793492332637e-07,2.75793492332637e-07,0.000126384192225332,0.000126384192225332
"Lcu.1GRN.Chr4p390519812",4,390519812,1,0.109567901234568,6.55883328572088,6.55883328572088,"GLM","DTF_Sask_2017",3.8983072429732,3.8983072429732,2.76163777319473e-07,2.76163777319473e-07,0.000126384192225332,0.000126384192225332
"Lcu.1GRN.Chr2p410091637",2,410091637,1,0.0756172839506173,6.55620463533198,6.55620463533198,"GLM","DTF_Sask_2017",3.8962690678376,3.8962690678376,2.77840380245614e-07,2.77840380245614e-07,0.000126978716279995,0.000126978716279995
"Lcu.1GRN.Chr5p458387580",5,458387580,1,0.273148148148148,6.55532314485272,6.55532314485272,"GLM","DTF_Sask_2017",3.8959772508799,3.8959772508799,2.78404887463316e-07,2.78404887463316e-07,0.000127064066189109,0.000127064066189109
"Lcu.1GRN.Chr6p420958092",6,420958092,1,0.487654320987654,6.55433721376986,6.55433721376986,"GLM","DTF_Sask_2017",3.89558019376103,3.89558019376103,2.79037637474084e-07,2.79037637474084e-07,0.000127180288623639,0.000127180288623639
"Lcu.1GRN.Chr2p151093380",2,151093380,1,0.416666666666667,6.5500296007239,6.5500296007239,"GLM","DTF_Sask_2017",3.89186065728685,3.89186065728685,2.81819084194388e-07,2.81819084194388e-07,0.000128274208245215,0.000128274208245215
"Lcu.1GRN.Chr1p371693824",1,371693824,1,0.212903225806452,6.54667129221908,6.54667129221908,"MLM","Cotyledon_Color_RvsY",3.7179584560106,3.7179584560106,2.84006779896339e-07,2.84006779896339e-07,0.000191443904876537,0.000191443904876537
"Lcu.1GRN.Chr3p427915390",3,427915390,1,0.169753086419753,6.54489141376962,6.54489141376962,"GLM","DTF_Sask_2017",3.88730975166873,3.88730975166873,2.8517311939736e-07,2.8517311939736e-07,0.00012962544142207,0.00012962544142207
"Lcu.1GRN.Chr6p166676985",6,166676985,1,0.202160493827161,6.54335760706141,6.54335760706141,"GLM","DTF_Sask_2017",3.88665780776108,3.88665780776108,2.86182051723074e-07,2.86182051723074e-07,0.000129820175599763,0.000129820175599763
"Lcu.1GRN.Chr2p65209426",2,65209426,1,0.253086419753086,6.54306728431393,6.54306728431393,"GLM","DTF_Sask_2017",3.88665780776108,3.88665780776108,2.86373426332024e-07,2.86373426332024e-07,0.000129820175599763,0.000129820175599763
"Lcu.1GRN.Chr6p292196020",6,292196020,1,0.058641975308642,6.53902147898529,6.53902147898529,"GLM","DTF_Sask_2017",3.88552869896882,3.88552869896882,2.89053692099266e-07,2.89053692099266e-07,0.00013015813018789,0.00013015813018789
"Lcu.1GRN.Chr6p292197122",6,292197122,1,0.058641975308642,6.53902147898529,6.53902147898529,"GLM","DTF_Sask_2017",3.88552869896882,3.88552869896882,2.89053692099266e-07,2.89053692099266e-07,0.00013015813018789,0.00013015813018789
"Lcu.1GRN.Chr6p292273384",6,292273384,1,0.058641975308642,6.53902147898529,6.53902147898529,"GLM","DTF_Sask_2017",3.88552869896882,3.88552869896882,2.89053692099266e-07,2.89053692099266e-07,0.00013015813018789,0.00013015813018789
"Lcu.1GRN.Chr6p292273464",6,292273464,1,0.058641975308642,6.53902147898529,6.53902147898529,"GLM","DTF_Sask_2017",3.88552869896882,3.88552869896882,2.89053692099266e-07,2.89053692099266e-07,0.00013015813018789,0.00013015813018789
"Lcu.1GRN.Chr7p6682295",7,6682295,1,0.432098765432099,6.53696821618811,6.53696821618811,"GLM","DTF_Sask_2017",3.88461802099087,3.88461802099087,2.90423519294061e-07,2.90423519294061e-07,0.000130431346888758,0.000130431346888758
"Lcu.1GRN.Chr2p48293861",2,48293861,1,0.33641975308642,6.53694958512328,6.53694958512328,"GLM","DTF_Sask_2017",3.88461802099087,3.88461802099087,2.90435978617641e-07,2.90435978617641e-07,0.000130431346888758,0.000130431346888758
"Lcu.1GRN.Chr1p35450104",1,35450104,1,0.496774193548387,6.53408102068586,6.53408102068586,"BLINK","Cotyledon_Color_RvsY",2.26254014395729,2.26254014395729,2.92360690756176e-07,2.92360690756176e-07,0.00546336047042126,0.00546336047042126
"Lcu.1GRN.Chr3p191864461",3,191864461,1,0.37037037037037,6.52867064963653,6.52867064963653,"GLM","DTF_Sask_2017",3.87775998097502,3.87775998097502,2.96025654751357e-07,2.96025654751357e-07,0.000132507365367731,0.000132507365367731
"Lcu.1GRN.Chr1p558488210",1,558488210,1,0.253086419753086,6.52721726857394,6.52721726857394,"GLM","DTF_Sask_2017",3.87719886294277,3.87719886294277,2.97017974031097e-07,2.97017974031097e-07,0.000132678678447434,0.000132678678447434
"Lcu.1GRN.Chr1p407955840",1,407955840,1,0.388709677419355,6.52283208932924,6.52283208932924,"MLM","Cotyledon_Color_RvsY",3.69585643336461,3.69585643336461,3.00032230520469e-07,3.00032230520469e-07,0.000201439004557841,0.000201439004557841
"Lcu.1GRN.Chr6p20799044",6,20799044,1,0.169753086419753,6.52050647599477,6.52050647599477,"FarmCPU","DTF_Sask_2017",1.89678308115484,1.89678308115484,3.01643189321517e-07,3.01643189321517e-07,0.0126828518328138,0.0126828518328138
"Lcu.1GRN.Chr1p559042691",1,559042691,1,0.367283950617284,6.51715292702841,6.51715292702841,"GLM","DTF_Sask_2017",3.86886134069774,3.86886134069774,3.03981443495008e-07,3.03981443495008e-07,0.000135250431486886,0.000135250431486886
"Lcu.1GRN.Chr3p262980645",3,262980645,1,0.444444444444444,6.51115482216675,6.51115482216675,"GLM","DTF_Sask_2017",3.86401064596693,3.86401064596693,3.08208901672809e-07,3.08208901672809e-07,0.000136769529853532,0.000136769529853532
"Lcu.1GRN.Chr6p424248959",6,424248959,1,0.259259259259259,6.50948692481781,6.50948692481781,"GLM","DTF_Sask_2017",3.86291531888141,3.86291531888141,3.09394846268832e-07,3.09394846268832e-07,0.000137114909426756,0.000137114909426756
"Lcu.1GRN.Chr6p292192791",6,292192791,1,0.0648148148148148,6.50879810682191,6.50879810682191,"GLM","DTF_Sask_2017",3.86279831727083,3.86279831727083,3.09885955054247e-07,3.09885955054247e-07,0.00013715185400491,0.00013715185400491
"Lcu.1GRN.Chr2p40068785",2,40068785,1,0.344135802469136,6.50793961044523,6.50793961044523,"GLM","DTF_Sask_2017",3.86254015229565,3.86254015229565,3.10499131363869e-07,3.10499131363869e-07,0.000137233407726119,0.000137233407726119
"Lcu.1GRN.Chr6p237011135",6,237011135,1,0.101851851851852,6.50739856278792,6.50739856278792,"GLM","DTF_Sask_2017",3.86254015229565,3.86254015229565,3.10886194803005e-07,3.10886194803005e-07,0.000137233407726119,0.000137233407726119
"Lcu.1GRN.Chr1p361415730",1,361415730,1,0.112903225806452,6.50677928095348,6.50677928095348,"FarmCPU","Cotyledon_Color_RvsY",1.93420840856093,1.93420840856093,3.11329818916549e-07,3.11329818916549e-07,0.0116356752443892,0.0116356752443892
"Lcu.1GRN.Chr1p374029373",1,374029373,1,0.330645161290323,6.50576365095016,6.50576365095016,"MLM","Cotyledon_Color_RvsY",3.67965398626331,3.67965398626331,3.1205873887853e-07,3.1205873887853e-07,0.000209096139084372,0.000209096139084372
"Lcu.1GRN.Chr5p458483396",5,458483396,1,0.287037037037037,6.5027294483422,6.5027294483422,"GLM","DTF_Sask_2017",3.8584406044652,3.8584406044652,3.14246574049436e-07,3.14246574049436e-07,0.000138534963791988,0.000138534963791988
"Lcu.1GRN.Chr1p361411334",1,361411334,1,0.0709677419354838,6.49915532636378,6.49915532636378,"MLM","Cotyledon_Color_RvsY",3.67390992958783,3.67390992958783,3.16843406305663e-07,3.16843406305663e-07,0.000211880051786912,0.000211880051786912
"Lcu.1GRN.Chr4p473634011",4,473634011,1,0.452160493827161,6.49708363217378,6.49708363217378,"GLM","DTF_Sask_2017",3.85357561544024,3.85357561544024,3.18358439921969e-07,3.18358439921969e-07,0.00014009556419366,0.00014009556419366
"Lcu.1GRN.Chr6p5370272",6,5370272,1,0.114197530864197,6.49672756211849,6.49672756211849,"GLM","DTF_Sask_2017",3.85357561544024,3.85357561544024,3.18619563179949e-07,3.18619563179949e-07,0.00014009556419366,0.00014009556419366
"Lcu.1GRN.Chr1p434776557",1,434776557,1,0.46141975308642,6.49401644636706,6.49401644636706,"GLM","DTF_Sask_2017",3.85172971895086,3.85172971895086,3.20614790807963e-07,3.20614790807963e-07,0.000140692284328461,0.000140692284328461
"Lcu.1GRN.Chr2p51759163",2,51759163,1,0.165123456790123,6.4926536731645,6.4926536731645,"GLM","DTF_Sask_2017",3.85172971895086,3.85172971895086,3.21622428471384e-07,3.21622428471384e-07,0.000140692284328461,0.000140692284328461
"Lcu.1GRN.Chr2p37104443",2,37104443,1,0.186728395061728,6.4926167609813,6.4926167609813,"GLM","DTF_Sask_2017",3.85172971895086,3.85172971895086,3.21649765430577e-07,3.21649765430577e-07,0.000140692284328461,0.000140692284328461
"Lcu.1GRN.Chr2p37298382",2,37298382,1,0.186728395061728,6.4926167609813,6.4926167609813,"GLM","DTF_Sask_2017",3.85172971895086,3.85172971895086,3.21649765430577e-07,3.21649765430577e-07,0.000140692284328461,0.000140692284328461
"Lcu.1GRN.Chr5p458483547",5,458483547,1,0.285493827160494,6.49045766948966,6.49045766948966,"GLM","DTF_Sask_2017",3.85081036523891,3.85081036523891,3.23252826128493e-07,3.23252826128493e-07,0.000140990429899036,0.000140990429899036
"Lcu.1GRN.Chr2p320875910",2,320875910,1,0.108024691358025,6.49014316124283,6.49014316124283,"GLM","DTF_Sask_2017",3.85081036523891,3.85081036523891,3.23487004790626e-07,3.23487004790626e-07,0.000140990429899036,0.000140990429899036
"Lcu.1GRN.Chr6p283743620",6,283743620,1,0.0570987654320988,6.49000644673505,6.49000644673505,"GLM","DTF_Sask_2017",3.85081036523891,3.85081036523891,3.2358885349055e-07,3.2358885349055e-07,0.000140990429899036,0.000140990429899036
"Lcu.1GRN.Chr1p439819971",1,439819971,1,0.114197530864197,6.48810624352482,6.48810624352482,"GLM","DTF_Sask_2017",3.8499946809243,3.8499946809243,3.25007779460426e-07,3.25007779460426e-07,0.000141255484495801,0.000141255484495801
"Lcu.1GRN.Chr2p43025595",2,43025595,1,0.192901234567901,6.48806710207328,6.48806710207328,"GLM","DTF_Sask_2017",3.8499946809243,3.8499946809243,3.25037072601504e-07,3.25037072601504e-07,0.000141255484495801,0.000141255484495801
"Lcu.1GRN.Chr4p1356258",4,1356258,1,0.137345679012346,6.4857274748596,6.4857274748596,"GLM","DTF_Sask_2017",3.84823153482192,3.84823153482192,3.26792834376441e-07,3.26792834376441e-07,0.000141830118312821,0.000141830118312821
"Lcu.1GRN.Chr6p5348232",6,5348232,1,0.111111111111111,6.48502111850404,6.48502111850404,"GLM","DTF_Sask_2017",3.84823153482192,3.84823153482192,3.27324777619931e-07,3.27324777619931e-07,0.000141830118312821,0.000141830118312821
"Lcu.1GRN.Chr4p390820223",4,390820223,1,0.347222222222222,6.48462389785288,6.48462389785288,"GLM","DTF_Sask_2017",3.84823153482192,3.84823153482192,3.27624297059646e-07,3.27624297059646e-07,0.000141830118312821,0.000141830118312821
"Lcu.1GRN.Chr2p10537858",2,10537858,1,0.233024691358025,6.48154822071821,6.48154822071821,"GLM","DTF_Sask_2017",3.84580706996813,3.84580706996813,3.29952770459622e-07,3.29952770459622e-07,0.000142624104309583,0.000142624104309583
"Lcu.1GRN.Chr4p390520410",4,390520410,1,0.100308641975309,6.48108299412745,6.48108299412745,"GLM","DTF_Sask_2017",3.84580706996813,3.84580706996813,3.30306413105819e-07,3.30306413105819e-07,0.000142624104309583,0.000142624104309583
"Lcu.1GRN.Chr6p421655691",6,421655691,1,0.24537037037037,6.48010565961235,6.48010565961235,"GLM","DTF_Sask_2017",3.84538688047096,3.84538688047096,3.31050570308869e-07,3.31050570308869e-07,0.000142762163055235,0.000142762163055235
"Lcu.1GRN.Chr2p579643744",2,579643744,1,0.371913580246914,6.47651094830484,6.47651094830484,"GLM","DTF_Sask_2017",3.84234860035026,3.84234860035026,3.33802090108339e-07,3.33802090108339e-07,0.000143764414396251,0.000143764414396251
"Lcu.1GRN.Chr1p434778673",1,434778673,1,0.25462962962963,6.47300989845873,6.47300989845873,"GLM","DTF_Sask_2017",3.8394032696867,3.8394032696867,3.36503899676566e-07,3.36503899676566e-07,0.000144742720233385,0.000144742720233385
"Lcu.1GRN.Chr1p528044106",1,528044106,1,0.49537037037037,6.47130806590012,6.47130806590012,"GLM","DTF_Sask_2017",3.83825644612619,3.83825644612619,3.37825115640395e-07,3.37825115640395e-07,0.000145125441472047,0.000145125441472047
"Lcu.1GRN.Chr4p390522351",4,390522351,1,0.114197530864197,6.47010587384811,6.47010587384811,"GLM","DTF_Sask_2017",3.83760855470068,3.83760855470068,3.38761561577825e-07,3.38761561577825e-07,0.000145342104825572,0.000145342104825572
"Lcu.1GRN.Chr2p561717172",2,561717172,1,0.202160493827161,6.46811256363118,6.46811256363118,"GLM","DTF_Sask_2017",3.83702854147498,3.83702854147498,3.40319971641075e-07,3.40319971641075e-07,0.000145536343215519,0.000145536343215519
"Lcu.1GRN.Chr2p561717173",2,561717173,1,0.202160493827161,6.46811256363118,6.46811256363118,"GLM","DTF_Sask_2017",3.83702854147498,3.83702854147498,3.40319971641075e-07,3.40319971641075e-07,0.000145536343215519,0.000145536343215519
"Lcu.1GRN.Chr7p7501409",7,7501409,1,0.0910493827160493,6.4678671909478,6.4678671909478,"GLM","DTF_Sask_2017",3.83702854147498,3.83702854147498,3.4051230385446e-07,3.4051230385446e-07,0.000145536343215519,0.000145536343215519
"Lcu.1GRN.Chr2p45760942",2,45760942,1,0.378086419753086,6.46545181373304,6.46545181373304,"GLM","DTF_Sask_2017",3.83516464939072,3.83516464939072,3.42411377081558e-07,3.42411377081558e-07,0.000146162294003544,0.000146162294003544
"Lcu.1GRN.Chr1p374024265",1,374024265,1,0.335483870967742,6.46400088722731,6.46400088722731,"MLM","Cotyledon_Color_RvsY",3.6404788835141,3.6404788835141,3.43557246040433e-07,3.43557246040433e-07,0.000228834297383926,0.000228834297383926
"Lcu.1GRN.Chr6p417301983",6,417301983,1,0.307098765432099,6.46266044386492,6.46266044386492,"GLM","DTF_Sask_2017",3.83292406524247,3.83292406524247,3.44619268408978e-07,3.44619268408978e-07,0.000146918313633616,0.000146918313633616
"Lcu.1GRN.Chr6p22498924",6,22498924,1,0.297839506172839,6.46077749882889,6.46077749882889,"FarmCPU","DTF_Nepal_2017",1.84943006995705,1.84943006995705,3.46116657622905e-07,3.46116657622905e-07,0.0141439245203043,0.0141439245203043
"Lcu.1GRN.Chr1p540113999",1,540113999,1,0.285493827160494,6.45905247267113,6.45905247267113,"GLM","DTF_Sask_2017",3.83136500757446,3.83136500757446,3.4749417369103e-07,3.4749417369103e-07,0.000147446678054244,0.000147446678054244
"Lcu.1GRN.Chr1p439146315",1,439146315,1,0.149691358024691,6.45890733179432,6.45890733179432,"GLM","DTF_Sask_2017",3.83136500757446,3.83136500757446,3.47610325380418e-07,3.47610325380418e-07,0.000147446678054244,0.000147446678054244
"Lcu.1GRN.Chr2p63865925",2,63865925,1,0.200617283950617,6.45890520208873,6.45890520208873,"GLM","DTF_Sask_2017",3.83136500757446,3.83136500757446,3.47612030005962e-07,3.47612030005962e-07,0.000147446678054244,0.000147446678054244
"Lcu.1GRN.Chr1p372693400",1,372693400,1,0.17258064516129,6.45780960406689,6.45780960406689,"MLM","Cotyledon_Color_RvsY",3.63514673907481,3.63514673907481,3.48490060582874e-07,3.48490060582874e-07,0.000231661178276837,0.000231661178276837
"Lcu.1GRN.Chr3p135248396",3,135248396,1,0.486111111111111,6.4559723158478,6.4559723158478,"GLM","DTF_Sask_2017",3.82897943644302,3.82897943644302,3.49967475034687e-07,3.49967475034687e-07,0.000148258828306036,0.000148258828306036
"Lcu.1GRN.Chr6p3363136",6,3363136,1,0.260869565217391,6.45408689001416,6.45408689001416,"FarmCPU","DTF_Sask_2017_b",2.47244453150182,2.47244453150182,3.51490110286196e-07,3.51490110286196e-07,0.00336942247572989,0.00336942247572989
"Lcu.1GRN.Chr6p210954859",6,210954859,1,0.171296296296296,6.45366475886846,6.45366475886846,"GLM","DTF_Sask_2017",3.82721850569306,3.82721850569306,3.51831922264464e-07,3.51831922264464e-07,0.000148861192699787,0.000148861192699787
"Lcu.1GRN.Chr4p412483548",4,412483548,1,0.0910493827160493,6.44815974995728,6.44815974995728,"GLM","DTF_Sask_2017",3.82225943586308,3.82225943586308,3.56320041312277e-07,3.56320041312277e-07,0.00015057073283428,0.00015057073283428
"Lcu.1GRN.Chr2p49588843",2,49588843,1,0.233024691358025,6.44741145328161,6.44741145328161,"GLM","DTF_Sask_2017",3.82205639284585,3.82205639284585,3.56934515942163e-07,3.56934515942163e-07,0.000150641144697512,0.000150641144697512
"Lcu.1GRN.Chr2p38934754",2,38934754,1,0.188271604938272,6.44070537039157,6.44070537039157,"GLM","DTF_Sask_2017",3.81589487991042,3.81589487991042,3.62488830974814e-07,3.62488830974814e-07,0.000152793584722438,0.000152793584722438
"Lcu.1GRN.Chr2p150477096",2,150477096,1,0.384259259259259,6.43741076471312,6.43741076471312,"GLM","DTF_Sask_2017",3.81368736987319,3.81368736987319,3.65249167964286e-07,3.65249167964286e-07,0.000153572208600804,0.000153572208600804
"Lcu.1GRN.Chr4p386462138",4,386462138,1,0.496913580246914,6.43672192884191,6.43672192884191,"GLM","DTF_Sask_2017",3.81354106309427,3.81354106309427,3.65828950517455e-07,3.65828950517455e-07,0.000153623953306748,0.000153623953306748
"Lcu.1GRN.Chr2p150087128",2,150087128,1,0.399691358024691,6.43617346981644,6.43617346981644,"GLM","DTF_Sask_2017",3.81353445626873,3.81353445626873,3.66291238076396e-07,3.66291238076396e-07,0.000153626290371625,0.000153626290371625
"Lcu.1GRN.Chr2p568893961",2,568893961,1,0.0555555555555556,6.43272751351122,6.43272751351122,"GLM","DTF_Sask_2017",3.81062967695802,3.81062967695802,3.69209176363734e-07,3.69209176363734e-07,0.000154657264042267,0.000154657264042267
"Lcu.1GRN.Chr6p5288314",6,5288314,1,0.117283950617284,6.43205778907469,6.43205778907469,"GLM","DTF_Sask_2017",3.81050045599126,3.81050045599126,3.69778972140452e-07,3.69778972140452e-07,0.000154703287962646,0.000154703287962646
"Lcu.1GRN.Chr2p613323029",2,613323029,1,0.203703703703704,6.42938710641015,6.42938710641015,"GLM","DTF_Sask_2017",3.80913311855485,3.80913311855485,3.72059924489849e-07,3.72059924489849e-07,0.000155191125017732,0.000155191125017732
"Lcu.1GRN.Chr2p613375258",2,613375258,1,0.203703703703704,6.42938710641015,6.42938710641015,"GLM","DTF_Sask_2017",3.80913311855485,3.80913311855485,3.72059924489849e-07,3.72059924489849e-07,0.000155191125017732,0.000155191125017732
"Lcu.1GRN.Chr5p455454741",5,455454741,1,0.393518518518518,6.42853513961214,6.42853513961214,"GLM","DTF_Sask_2017",3.80913311855485,3.80913311855485,3.72790520515768e-07,3.72790520515768e-07,0.000155191125017732,0.000155191125017732
"Lcu.1GRN.Chr2p48306788",2,48306788,1,0.146604938271605,6.42589948552465,6.42589948552465,"GLM","DTF_Sask_2017",3.80771501133624,3.80771501133624,3.75059797215413e-07,3.75059797215413e-07,0.000155698700790414,0.000155698700790414
"Lcu.1GRN.Chr2p3367398",2,3367398,1,0.174382716049383,6.42499622109543,6.42499622109543,"GLM","DTF_Sask_2017",3.80771501133624,3.80771501133624,3.75840674557638e-07,3.75840674557638e-07,0.000155698700790414,0.000155698700790414
"Lcu.1GRN.Chr6p420672406",6,420672406,1,0.186728395061728,6.42497236392693,6.42497236392693,"GLM","DTF_Sask_2017",3.80771501133624,3.80771501133624,3.75861321240837e-07,3.75861321240837e-07,0.000155698700790414,0.000155698700790414
"Lcu.1GRN.Chr2p48690067",2,48690067,1,0.123456790123457,6.42250034939852,6.42250034939852,"GLM","DTF_Sask_2017",3.80577751316072,3.80577751316072,3.78006833187695e-07,3.78006833187695e-07,0.00015639486403302,0.00015639486403302
"Lcu.1GRN.Chr6p167735318",6,167735318,1,0.239197530864197,6.42061155391961,6.42061155391961,"GLM","DTF_Sask_2017",3.80442257697694,3.80442257697694,3.79654407506404e-07,3.79654407506404e-07,0.00015688355539276,0.00015688355539276
"Lcu.1GRN.Chr1p540390462",1,540390462,1,0.0570987654320988,6.41762802417648,6.41762802417648,"GLM","DTF_Sask_2017",3.80197225108459,3.80197225108459,3.82271548532052e-07,3.82271548532052e-07,0.000157771207319117,0.000157771207319117
"Lcu.1GRN.Chr2p51502957",2,51502957,1,0.416666666666667,6.4169031378021,6.4169031378021,"GLM","DTF_Sask_2017",3.80177991472409,3.80177991472409,3.8291013556351e-07,3.8291013556351e-07,0.000157841095060161,0.000157841095060161
"Lcu.1GRN.Chr3p26026809",3,26026809,1,0.095679012345679,6.41600200156433,6.41600200156433,"GLM","DTF_Sask_2017",3.80141067626487,3.80141067626487,3.83705477077076e-07,3.83705477077076e-07,0.000157975349091781,0.000157975349091781
"Lcu.1GRN.Chr2p10537908",2,10537908,1,0.226851851851852,6.4153567363943,6.4153567363943,"GLM","DTF_Sask_2017",3.80129665823375,3.80129665823375,3.84276001950319e-07,3.84276001950319e-07,0.000158016828787314,0.000158016828787314
"Lcu.1GRN.Chr1p364662713",1,364662713,1,0.435483870967742,6.41491175583349,6.41491175583349,"MLM","Cotyledon_Color_RvsY",3.59601190298769,3.59601190298769,3.84669935074748e-07,3.84669935074748e-07,0.00025350591495521,0.00025350591495521
"Lcu.1GRN.Chr1p370906961",1,370906961,1,0.191935483870968,6.41440438468485,6.41440438468485,"MLM","Cotyledon_Color_RvsY",3.59601190298769,3.59601190298769,3.85119594199527e-07,3.85119594199527e-07,0.00025350591495521,0.00025350591495521
"Lcu.1GRN.Chr4p504229858",4,504229858,1,0.140432098765432,6.41157925597135,6.41157925597135,"GLM","DTF_Sask_2017",3.79804977589989,3.79804977589989,3.87633001506182e-07,3.87633001506182e-07,0.000159202624929951,0.000159202624929951
"Lcu.1GRN.Chr6p167186024",6,167186024,1,0.350308641975309,6.41017655235188,6.41017655235188,"GLM","DTF_Sask_2017",3.79717702290372,3.79717702290372,3.88887019854385e-07,3.88887019854385e-07,0.000159522878301658,0.000159522878301658
"Lcu.1GRN.Chr7p9869907",7,9869907,1,0.117283950617284,6.40904063732977,6.40904063732977,"GLM","DTF_Sask_2017",3.79657041261734,3.79657041261734,3.89905501157116e-07,3.89905501157116e-07,0.000159745851044721,0.000159745851044721
"Lcu.1GRN.Chr2p561151292",2,561151292,1,0.481481481481482,6.40785581589819,6.40785581589819,"GLM","DTF_Sask_2017",3.79644226927858,3.79644226927858,3.90970675012247e-07,3.90970675012247e-07,0.000159792992760443,0.000159792992760443
"Lcu.1GRN.Chr5p367898555",5,367898555,1,0.328703703703704,6.40489396396179,6.40489396396179,"FarmCPU","DTF_Nepal_2017",1.84943006995705,1.84943006995705,3.93646175193142e-07,3.93646175193142e-07,0.0141439245203043,0.0141439245203043
"Lcu.1GRN.Chr5p458387515",5,458387515,1,0.248456790123457,6.40229278453373,6.40229278453373,"GLM","DTF_Sask_2017",3.79140661439897,3.79140661439897,3.9601096897224e-07,3.9601096897224e-07,0.000161656579611997,0.000161656579611997
"Lcu.1GRN.Chr6p420957374",6,420957374,1,0.476851851851852,6.40124987481714,6.40124987481714,"GLM","DTF_Sask_2017",3.79129429911212,3.79129429911212,3.96963087852294e-07,3.96963087852294e-07,0.000161698391916428,0.000161698391916428
"Lcu.1GRN.Chr7p190238103",7,190238103,1,0.138888888888889,6.40110392333401,6.40110392333401,"GLM","DTF_Sask_2017",3.79129429911212,3.79129429911212,3.97096515953049e-07,3.97096515953049e-07,0.000161698391916428,0.000161698391916428
"Lcu.1GRN.Chr1p559778625",1,559778625,1,0.296296296296296,6.40060217139145,6.40060217139145,"GLM","DTF_Sask_2017",3.79129429911212,3.79129429911212,3.97555557218412e-07,3.97555557218412e-07,0.000161698391916428,0.000161698391916428
"Lcu.1GRN.Chr4p479067741",4,479067741,1,0.111111111111111,6.39915503263926,6.39915503263926,"GLM","DTF_Sask_2017",3.79087926185119,3.79087926185119,3.98882485532001e-07,3.98882485532001e-07,0.000161852994238649,0.000161852994238649
"Lcu.1GRN.Chr4p479595966",4,479595966,1,0.104938271604938,6.39913811313279,6.39913811313279,"GLM","DTF_Sask_2017",3.79087926185119,3.79087926185119,3.98898025739267e-07,3.98898025739267e-07,0.000161852994238649,0.000161852994238649
"Lcu.1GRN.Chr2p51782013",2,51782013,1,0.228395061728395,6.39796361602343,6.39796361602343,"GLM","DTF_Sask_2017",3.79069787870875,3.79069787870875,3.99978257416789e-07,3.99978257416789e-07,0.000161920606279204,0.000161920606279204
"Lcu.1GRN.Chr2p48764174",2,48764174,1,0.115740740740741,6.39791023675651,6.39791023675651,"GLM","DTF_Sask_2017",3.79069787870875,3.79069787870875,4.00027421887458e-07,4.00027421887458e-07,0.000161920606279204,0.000161920606279204
"Lcu.1GRN.Chr2p14061774",2,14061774,1,0.0802469135802469,6.39534280906528,6.39534280906528,"GLM","DTF_Sask_2017",3.78865275352413,3.78865275352413,4.02399276252259e-07,4.02399276252259e-07,0.00016268490066724,0.00016268490066724
"Lcu.1GRN.Chr6p431635676",6,431635676,1,0.190993788819876,6.392253911204,6.392253911204,"FarmCPU","DTF_Sask_2017_b",2.43364225343912,2.43364225343912,4.05271523301543e-07,4.05271523301543e-07,0.00368432341833433,0.00368432341833433
"Lcu.1GRN.Chr2p5651242",2,5651242,1,0.351612903225806,6.39184673784709,6.39184673784709,"BLINK","Cotyledon_Color_RvsY",2.14378695696804,2.14378695696804,4.05651664318842e-07,4.05651664318842e-07,0.00718146491431242,0.00718146491431242
"Lcu.1GRN.Chr2p631743440",2,631743440,1,0.188271604938272,6.39167653592235,6.39167653592235,"GLM","DTF_Sask_2017",3.78575278030481,3.78575278030481,4.05810672152825e-07,4.05810672152825e-07,0.000163774853528832,0.000163774853528832
"Lcu.1GRN.Chr4p390294222",4,390294222,1,0.478395061728395,6.39096896245101,6.39096896245101,"GLM","DTF_Sask_2017",3.78575278030481,3.78575278030481,4.06472377325048e-07,4.06472377325048e-07,0.000163774853528832,0.000163774853528832
"Lcu.1GRN.Chr3p427915370",3,427915370,1,0.174382716049383,6.39072639087871,6.39072639087871,"GLM","DTF_Sask_2017",3.78575278030481,3.78575278030481,4.06699472507299e-07,4.06699472507299e-07,0.000163774853528832,0.000163774853528832
"Lcu.1GRN.Chr2p40893037",2,40893037,1,0.229938271604938,6.39035988469766,6.39035988469766,"GLM","DTF_Sask_2017",3.78575278030481,3.78575278030481,4.07042835801679e-07,4.07042835801679e-07,0.000163774853528832,0.000163774853528832
"Lcu.1GRN.Chr5p3998320",5,3998320,1,0.0648148148148148,6.38969212870197,6.38969212870197,"GLM","DTF_Sask_2017",3.78560420486335,3.78560420486335,4.07669172013023e-07,4.07669172013023e-07,0.00016383089173537,0.00016383089173537
"Lcu.1GRN.Chr6p234810951",6,234810951,1,0.421296296296296,6.38723956898352,6.38723956898352,"GLM","DTF_Sask_2017",3.78418814798035,3.78418814798035,4.09977885329638e-07,4.09977885329638e-07,0.000164365949171245,0.000164365949171245
"Lcu.1GRN.Chr6p234811049",6,234811049,1,0.421296296296296,6.38723956898352,6.38723956898352,"GLM","DTF_Sask_2017",3.78418814798035,3.78418814798035,4.09977885329638e-07,4.09977885329638e-07,0.000164365949171245,0.000164365949171245
"Lcu.1GRN.Chr3p191864512",3,191864512,1,0.375,6.38668139573698,6.38668139573698,"GLM","DTF_Sask_2017",3.78414729996699,3.78414729996699,4.10505144634796e-07,4.10505144634796e-07,0.000164381409506396,0.000164381409506396
"Lcu.1GRN.Chr6p166675820",6,166675820,1,0.237654320987654,6.38497388796549,6.38497388796549,"GLM","DTF_Sask_2017",3.78347259763327,3.78347259763327,4.12122297280312e-07,4.12122297280312e-07,0.000164636984286564,0.000164636984286564
"Lcu.1GRN.Chr3p262977915",3,262977915,1,0.459876543209877,6.38389920652416,6.38389920652416,"GLM","DTF_Sask_2017",3.78314910307255,3.78314910307255,4.13143375473868e-07,4.13143375473868e-07,0.000164759663739641,0.000164759663739641
"Lcu.1GRN.Chr2p150809363",2,150809363,1,0.405864197530864,6.38335504165222,6.38335504165222,"GLM","DTF_Sask_2017",3.78314910307255,3.78314910307255,4.13661362754831e-07,4.13661362754831e-07,0.000164759663739641,0.000164759663739641
"Lcu.1GRN.Chr5p487111658",5,487111658,1,0.399691358024691,6.38310577595473,6.38310577595473,"GLM","DTF_Sask_2017",3.78314910307255,3.78314910307255,4.13898854108746e-07,4.13898854108746e-07,0.000164759663739641,0.000164759663739641
"Lcu.1GRN.Chr1p537762630",1,537762630,1,0.251543209876543,6.3817665325467,6.3817665325467,"GLM","DTF_Sask_2017",3.78234332837803,3.78234332837803,4.15177173049597e-07,4.15177173049597e-07,0.00016506563677822,0.00016506563677822
"Lcu.1GRN.Chr1p539381102",1,539381102,1,0.16358024691358,6.38127329987919,6.38127329987919,"GLM","DTF_Sask_2017",3.78234332837803,3.78234332837803,4.15648961851645e-07,4.15648961851645e-07,0.00016506563677822,0.00016506563677822
"Lcu.1GRN.Chr6p37241363",6,37241363,1,0.148148148148148,6.38010120231839,6.38010120231839,"GLM","DTF_Sask_2017",3.78168367274323,3.78168367274323,4.16772252986934e-07,4.16772252986934e-07,0.000165316547665632,0.000165316547665632
"Lcu.1GRN.Chr5p458011017",5,458011017,1,0.248456790123457,6.37795651596355,6.37795651596355,"GLM","DTF_Sask_2017",3.78005082437563,3.78005082437563,4.18835499213617e-07,4.18835499213617e-07,0.000165939270157817,0.000165939270157817
"Lcu.1GRN.Chr1p372676075",1,372676075,1,0.0941358024691358,6.37624345178892,6.37624345178892,"FarmCPU","DTF_Nepal_2017",1.84943006995705,1.84943006995705,4.20490848397859e-07,4.20490848397859e-07,0.0141439245203043,0.0141439245203043
"Lcu.1GRN.Chr6p415124822",6,415124822,1,0.276234567901235,6.37513601508513,6.37513601508513,"GLM","DTF_Sask_2017",3.77860643169146,3.77860643169146,4.21564454536841e-07,4.21564454536841e-07,0.00016649207589406,0.00016649207589406
"Lcu.1GRN.Chr7p400134527",7,400134527,1,0.305555555555556,6.37479867916904,6.37479867916904,"GLM","DTF_Sask_2017",3.77860643169146,3.77860643169146,4.21892029676912e-07,4.21892029676912e-07,0.00016649207589406,0.00016649207589406
"Lcu.1GRN.Chr3p22026600",3,22026600,1,0.149691358024691,6.37449498410206,6.37449498410206,"GLM","DTF_Sask_2017",3.77860643169146,3.77860643169146,4.22187155086963e-07,4.22187155086963e-07,0.00016649207589406,0.00016649207589406
"Lcu.1GRN.Chr5p455812054",5,455812054,1,0.299382716049383,6.37447078235582,6.37447078235582,"GLM","DTF_Sask_2017",3.77860643169146,3.77860643169146,4.22210682788839e-07,4.22210682788839e-07,0.00016649207589406,0.00016649207589406
"Lcu.1GRN.Chr7p451484652",7,451484652,1,0.135802469135803,6.37325804373349,6.37325804373349,"GLM","DTF_Sask_2017",3.77790253259062,3.77790253259062,4.23391325867866e-07,4.23391325867866e-07,0.000166762142983837,0.000166762142983837
"Lcu.1GRN.Chr4p386462070",4,386462070,1,0.433641975308642,6.37207689835061,6.37207689835061,"GLM","DTF_Sask_2017",3.77761716859446,3.77761716859446,4.24544385340952e-07,4.24544385340952e-07,0.000166871754206983,0.000166871754206983
"Lcu.1GRN.Chr6p39660784",6,39660784,1,0.334876543209877,6.37195678574918,6.37195678574918,"GLM","DTF_Sask_2017",3.77761716859446,3.77761716859446,4.2466181760154e-07,4.2466181760154e-07,0.000166871754206983,0.000166871754206983
"Lcu.1GRN.Chr2p48315052",2,48315052,1,0.344135802469136,6.36970146693352,6.36970146693352,"GLM","DTF_Sask_2017",3.77586890702484,3.77586890702484,4.26872849425361e-07,4.26872849425361e-07,0.000167544853842077,0.000167544853842077
"Lcu.1GRN.Chr1p542544532",1,542544532,1,0.16820987654321,6.36203518554999,6.36203518554999,"GLM","DTF_Sask_2017",3.76921496754936,3.76921496754936,4.34475022568631e-07,4.34475022568631e-07,0.000170131618063263,0.000170131618063263
"Lcu.1GRN.Chr4p390522350",4,390522350,1,0.115740740740741,6.36088666123875,6.36088666123875,"GLM","DTF_Sask_2017",3.76857173065045,3.76857173065045,4.35625544984032e-07,4.35625544984032e-07,0.000170383788011214,0.000170383788011214
"Lcu.1GRN.Chr1p539273417",1,539273417,1,0.123456790123457,6.3601373316135,6.3601373316135,"GLM","DTF_Sask_2017",3.76832710123528,3.76832710123528,4.36377820018418e-07,4.36377820018418e-07,0.000170479788834071,0.000170479788834071
"Lcu.1GRN.Chr2p151032109",2,151032109,1,0.404320987654321,6.35714520570817,6.35714520570817,"GLM","DTF_Sask_2017",3.76656089660784,3.76656089660784,4.39394679923631e-07,4.39394679923631e-07,0.000171174513961886,0.000171174513961886
"Lcu.1GRN.Chr2p87160966",2,87160966,1,0.475308641975309,6.35694035177124,6.35694035177124,"GLM","DTF_Sask_2017",3.76656089660784,3.76656089660784,4.39601988480661e-07,4.39601988480661e-07,0.000171174513961886,0.000171174513961886
"Lcu.1GRN.Chr2p14060742",2,14060742,1,0.0555555555555556,6.35638232424248,6.35638232424248,"GLM","DTF_Sask_2017",3.76656089660784,3.76656089660784,4.40167198698973e-07,4.40167198698973e-07,0.000171174513961886,0.000171174513961886
"Lcu.1GRN.Chr3p262978234",3,262978234,1,0.436728395061728,6.3563581709749,6.3563581709749,"GLM","DTF_Sask_2017",3.76656089660784,3.76656089660784,4.40191679258165e-07,4.40191679258165e-07,0.000171174513961886,0.000171174513961886
"Lcu.1GRN.Chr1p419542417",1,419542417,1,0.256451612903226,6.35594229940452,6.35594229940452,"FarmCPU","Cotyledon_Color_RvsY",1.82912891757264,1.82912891757264,4.40613399748154e-07,4.40613399748154e-07,0.0148207807433087,0.0148207807433087
"Lcu.1GRN.Chr1p572593522",1,572593522,1,0.498456790123457,6.35414622498511,6.35414622498511,"GLM","DTF_Sask_2017",3.76535194062944,3.76535194062944,4.42439379946109e-07,4.42439379946109e-07,0.000171651680408688,0.000171651680408688
"Lcu.1GRN.Chr5p458560973",5,458560973,1,0.203703703703704,6.35222773824558,6.35222773824558,"GLM","DTF_Sask_2017",3.76393408159019,3.76393408159019,4.44398169872749e-07,4.44398169872749e-07,0.000172212994476483,0.000172212994476483
"Lcu.1GRN.Chr1p536399364",1,536399364,1,0.256172839506173,6.35043892524122,6.35043892524122,"GLM","DTF_Sask_2017",3.76264531985801,3.76264531985801,4.46232373751133e-07,4.46232373751133e-07,0.000172724792706039,0.000172724792706039
"Lcu.1GRN.Chr3p427301687",3,427301687,1,0.234567901234568,6.34775371186833,6.34775371186833,"GLM","DTF_Sask_2017",3.76045958265507,3.76045958265507,4.48999945338082e-07,4.48999945338082e-07,0.000173596281164982,0.000173596281164982
"Lcu.1GRN.Chr2p48820932",2,48820932,1,0.344135802469136,6.34477194765257,6.34477194765257,"GLM","DTF_Sask_2017",3.75847505075326,3.75847505075326,4.52093280729171e-07,4.52093280729171e-07,0.000174391353852098,0.000174391353852098
"Lcu.1GRN.Chr1p371178275",1,371178275,1,0.161290322580645,6.34361269740961,6.34361269740961,"MLM","Cotyledon_Color_RvsY",3.52776243457302,3.52776243457302,4.53301652832944e-07,4.53301652832944e-07,0.000296645363926963,0.000296645363926963
"Lcu.1GRN.Chr4p412107343",4,412107343,1,0.103395061728395,6.34299643948954,6.34299643948954,"GLM","DTF_Sask_2017",3.75719730136323,3.75719730136323,4.53945338250564e-07,4.53945338250564e-07,0.000174905190826263,0.000174905190826263
"Lcu.1GRN.Chr3p427321173",3,427321173,1,0.220679012345679,6.33508010586265,6.33508010586265,"GLM","DTF_Sask_2017",3.7499396454833,3.7499396454833,4.62295742823609e-07,4.62295742823609e-07,0.000177852655720949,0.000177852655720949
"Lcu.1GRN.Chr1p548630777",1,548630777,1,0.106481481481482,6.3345180879365,6.3345180879365,"GLM","DTF_Sask_2017",3.7499396454833,3.7499396454833,4.6289438428192e-07,4.6289438428192e-07,0.000177852655720949,0.000177852655720949
"Lcu.1GRN.Chr2p568097654",2,568097654,1,0.0540123456790124,6.33375343394914,6.33375343394914,"GLM","DTF_Sask_2017",3.7499396454833,3.7499396454833,4.63710111477261e-07,4.63710111477261e-07,0.000177852655720949,0.000177852655720949
"Lcu.1GRN.Chr2p568097745",2,568097745,1,0.0540123456790124,6.33375343394914,6.33375343394914,"GLM","DTF_Sask_2017",3.7499396454833,3.7499396454833,4.63710111477261e-07,4.63710111477261e-07,0.000177852655720949,0.000177852655720949
"Lcu.1GRN.Chr2p10392239",2,10392239,1,0.123456790123457,6.33074805825991,6.33074805825991,"GLM","DTF_Sask_2017",3.74742919233414,3.74742919233414,4.66930176030741e-07,4.66930176030741e-07,0.000178883715855276,0.000178883715855276
"Lcu.1GRN.Chr2p63023848",2,63023848,1,0.20679012345679,6.32960078280154,6.32960078280154,"GLM","DTF_Sask_2017",3.74677627604344,3.74677627604344,4.68165295871034e-07,4.68165295871034e-07,0.000179152851053757,0.000179152851053757
"Lcu.1GRN.Chr2p64071855",2,64071855,1,0.197530864197531,6.32641720197364,6.32641720197364,"GLM","DTF_Sask_2017",3.74457972855381,3.74457972855381,4.71609774934505e-07,4.71609774934505e-07,0.000180061254444262,0.000180061254444262
"Lcu.1GRN.Chr2p65072866",2,65072866,1,0.270061728395062,6.3226641219619,6.3226641219619,"GLM","DTF_Sask_2017",3.74178845261092,3.74178845261092,4.75702986582616e-07,4.75702986582616e-07,0.000181222262192657,0.000181222262192657
"Lcu.1GRN.Chr1p528040920",1,528040920,1,0.486111111111111,6.32264113086523,6.32264113086523,"GLM","DTF_Sask_2017",3.74178845261092,3.74178845261092,4.7572817046891e-07,4.7572817046891e-07,0.000181222262192657,0.000181222262192657
"Lcu.1GRN.Chr2p49712968",2,49712968,1,0.404320987654321,6.32088516952681,6.32088516952681,"GLM","DTF_Sask_2017",3.74122123098029,3.74122123098029,4.77655552403444e-07,4.77655552403444e-07,0.000181459106887785,0.000181459106887785
"Lcu.1GRN.Chr2p17095686",2,17095686,1,0.183641975308642,6.32072703925351,6.32072703925351,"GLM","DTF_Sask_2017",3.74122123098029,3.74122123098029,4.77829502473602e-07,4.77829502473602e-07,0.000181459106887785,0.000181459106887785
"Lcu.1GRN.Chr2p612963755",2,612963755,1,0.20679012345679,6.31965744091591,6.31965744091591,"GLM","DTF_Sask_2017",3.74122123098029,3.74122123098029,4.79007771001515e-07,4.79007771001515e-07,0.000181459106887785,0.000181459106887785
"Lcu.1GRN.Chr1p437620957",1,437620957,1,0.104938271604938,6.31962164703357,6.31962164703357,"GLM","DTF_Sask_2017",3.74122123098029,3.74122123098029,4.79047251711236e-07,4.79047251711236e-07,0.000181459106887785,0.000181459106887785
"Lcu.1GRN.Chr1p361402276",1,361402276,1,0.0709677419354838,6.31619958140322,6.31619958140322,"MLM","Cotyledon_Color_RvsY",3.50119342861253,3.50119342861253,4.82836861839517e-07,4.82836861839517e-07,0.000315359974187132,0.000315359974187132
"Lcu.1GRN.Chr6p431595421",6,431595421,1,0.108695652173913,6.31460560463812,6.31460560463812,"FarmCPU","DTF_Sask_2017_b",2.36757581942305,2.36757581942305,4.84612258202947e-07,4.84612258202947e-07,0.00428967293302502,0.00428967293302502
"Lcu.1GRN.Chr2p15822716",2,15822716,1,0.0709876543209876,6.30784570991775,6.30784570991775,"GLM","DTF_Sask_2017",3.73091003212275,3.73091003212275,4.92214371675291e-07,4.92214371675291e-07,0.000185818935530082,0.000185818935530082
"Lcu.1GRN.Chr1p536418749",1,536418749,1,0.322530864197531,6.30245933790759,6.30245933790759,"GLM","DTF_Sask_2017",3.72628375770213,3.72628375770213,4.9835711393015e-07,4.9835711393015e-07,0.000187808931687298,0.000187808931687298
"Lcu.1GRN.Chr3p429774663",3,429774663,1,0.166666666666667,6.30224568064546,6.30224568064546,"GLM","DTF_Sask_2017",3.72628375770213,3.72628375770213,4.98602348020932e-07,4.98602348020932e-07,0.000187808931687298,0.000187808931687298
"Lcu.1GRN.Chr1p559042690",1,559042690,1,0.368827160493827,6.29943921666584,6.29943921666584,"GLM","DTF_Sask_2017",3.72444887014988,3.72444887014988,5.01834810319265e-07,5.01834810319265e-07,0.000188604100159397,0.000188604100159397
"Lcu.1GRN.Chr2p86423723",2,86423723,2,0.313271604938272,6.29841048081216,5.38020621766788,"GLM;MLMM","DTF_Sask_2017",3.72390510864241,0.857517131973134,5.03024941456428e-07,4.16671486814626e-06,0.000188840391163922,0.138829854348953
"Lcu.1GRN.Chr2p85991393",2,85991393,1,0.330246913580247,6.29633481709377,6.29633481709377,"GLM","DTF_Sask_2017",3.72244573833248,3.72244573833248,5.05434849366772e-07,5.05434849366772e-07,0.000189476023490364,0.000189476023490364
"Lcu.1GRN.Chr1p559330737",1,559330737,1,0.223765432098765,6.29598278349705,6.29598278349705,"GLM","DTF_Sask_2017",3.72244573833248,3.72244573833248,5.05844714536049e-07,5.05844714536049e-07,0.000189476023490364,0.000189476023490364
"Lcu.1GRN.Chr6p3269373",6,3269373,1,0.445652173913043,6.29590340365436,6.29590340365436,"FarmCPU","DTF_Sask_2017_b",2.36015462884899,2.36015462884899,5.05937180697604e-07,5.05937180697604e-07,0.00436360440153105,0.00436360440153105
"Lcu.1GRN.Chr3p434029281",3,434029281,1,0.408950617283951,6.29367334053591,6.29367334053591,"GLM","DTF_Sask_2017",3.72103503630628,3.72103503630628,5.0854180416378e-07,5.0854180416378e-07,0.000190092491837485,0.000190092491837485
"Lcu.1GRN.Chr1p435830944",1,435830944,1,0.487654320987654,6.29360590869883,6.29360590869883,"GLM","DTF_Sask_2017",3.72103503630628,3.72103503630628,5.08620770330432e-07,5.08620770330432e-07,0.000190092491837485,0.000190092491837485
"Lcu.1GRN.Chr2p51502983",2,51502983,1,0.385802469135803,6.29298500406767,6.29298500406767,"GLM","DTF_Sask_2017",3.72089641321486,3.72089641321486,5.09348458255426e-07,5.09348458255426e-07,0.000190153177422867,0.000190153177422867
"Lcu.1GRN.Chr1p560222242",1,560222242,1,0.199074074074074,6.29082162892721,6.29082162892721,"GLM","DTF_Sask_2017",3.7193061045423,3.7193061045423,5.11892033889831e-07,5.11892033889831e-07,0.000190850760762477,0.000190850760762477
"Lcu.1GRN.Chr2p10392260",2,10392260,1,0.128086419753086,6.29000914094489,6.29000914094489,"GLM","DTF_Sask_2017",3.7193061045423,3.7193061045423,5.12850589499359e-07,5.12850589499359e-07,0.000190850760762477,0.000190850760762477
"Lcu.1GRN.Chr2p39064850",2,39064850,1,0.169753086419753,6.28771635994102,6.28771635994102,"GLM","DTF_Sask_2017",3.71755155731434,3.71755155731434,5.15565253085577e-07,5.15565253085577e-07,0.000191623356336615,0.000191623356336615
"Lcu.1GRN.Chr1p559173974",1,559173974,1,0.37037037037037,6.28697529431268,6.28697529431268,"GLM","DTF_Sask_2017",3.71729011015762,3.71729011015762,5.16445747458486e-07,5.16445747458486e-07,0.000191738749156036,0.000191738749156036
"Lcu.1GRN.Chr1p434751962",1,434751962,1,0.49537037037037,6.28601003154982,6.28601003154982,"GLM","DTF_Sask_2017",3.71680393677804,3.71680393677804,5.17594876148754e-07,5.17594876148754e-07,0.000191953512354496,0.000191953512354496
"Lcu.1GRN.Chr1p372694819",1,372694819,1,0.156451612903226,6.28554611604059,6.28554611604059,"MLM","Cotyledon_Color_RvsY",3.47138243583592,3.47138243583592,5.18148068959332e-07,5.18148068959332e-07,0.000337767270371403,0.000337767270371403
"Lcu.1GRN.Chr4p412483489",4,412483489,1,0.095679012345679,6.28286492645616,6.28286492645616,"GLM","DTF_Sask_2017",3.71461542784625,3.71461542784625,5.21356837423776e-07,5.21356837423776e-07,0.000192923251192215,0.000192923251192215
"Lcu.1GRN.Chr1p559837567",1,559837567,1,0.175925925925926,6.28187188326902,6.28187188326902,"GLM","DTF_Sask_2017",3.71412213123601,3.71412213123601,5.22550318437999e-07,5.22550318437999e-07,0.000193142508998025,0.000193142508998025
"Lcu.1GRN.Chr1p540886586",1,540886586,1,0.427469135802469,6.28098738936254,6.28098738936254,"GLM","DTF_Sask_2017",3.71412213123601,3.71412213123601,5.23615640626838e-07,5.23615640626838e-07,0.000193142508998025,0.000193142508998025
"Lcu.1GRN.Chr1p543144451",1,543144451,1,0.0941358024691358,6.28094067473947,6.28094067473947,"GLM","DTF_Sask_2017",3.71412213123601,3.71412213123601,5.23671966055524e-07,5.23671966055524e-07,0.000193142508998025,0.000193142508998025
"Lcu.1GRN.Chr2p45779026",2,45779026,1,0.246913580246914,6.27970368854946,6.27970368854946,"GLM","DTF_Sask_2017",3.71383650245142,3.71383650245142,5.25165649285102e-07,5.25165649285102e-07,0.000193269577629192,0.000193269577629192
"Lcu.1GRN.Chr2p48315009",2,48315009,1,0.341049382716049,6.27714193741437,6.27714193741437,"GLM","DTF_Sask_2017",3.71174964964895,3.71174964964895,5.28272571945555e-07,5.28272571945555e-07,0.000194200502959137,0.000194200502959137
"Lcu.1GRN.Chr2p45304829",2,45304829,1,0.225308641975309,6.27536076731874,6.27536076731874,"GLM","DTF_Sask_2017",3.71044285915472,3.71044285915472,5.30443622996714e-07,5.30443622996714e-07,0.000194785731590105,0.000194785731590105
"Lcu.1GRN.Chr1p374030434",1,374030434,1,0.333870967741935,6.27529884610968,6.27529884610968,"MLM","Cotyledon_Color_RvsY",3.46365282212626,3.46365282212626,5.30519258431908e-07,5.30519258431908e-07,0.000343832700194539,0.000343832700194539
"Lcu.1GRN.Chr5p458561133",5,458561133,1,0.112654320987654,6.27218038321365,6.27218038321365,"GLM","DTF_Sask_2017",3.70868251276789,3.70868251276789,5.34342375423902e-07,5.34342375423902e-07,0.000195576868111221,0.000195576868111221
"Lcu.1GRN.Chr2p54727361",2,54727361,1,0.330246913580247,6.27109900073992,6.27109900073992,"GLM","DTF_Sask_2017",3.7080734462536,3.7080734462536,5.35674532498432e-07,5.35674532498432e-07,0.000195851342905326,0.000195851342905326
"Lcu.1GRN.Chr3p427299305",3,427299305,1,0.220679012345679,6.26908402261036,6.26908402261036,"GLM","DTF_Sask_2017",3.70700156183211,3.70700156183211,5.38165653959811e-07,5.38165653959811e-07,0.000196335321611171,0.000196335321611171
"Lcu.1GRN.Chr3p427301103",3,427301103,1,0.220679012345679,6.26908402261036,6.26908402261036,"GLM","DTF_Sask_2017",3.70700156183211,3.70700156183211,5.38165653959811e-07,5.38165653959811e-07,0.000196335321611171,0.000196335321611171
"Lcu.1GRN.Chr2p44268610",2,44268610,1,0.137345679012346,6.26844798200009,6.26844798200009,"GLM","DTF_Sask_2017",3.70683630119413,3.70683630119413,5.38954395239659e-07,5.38954395239659e-07,0.000196410046656098,0.000196410046656098
"Lcu.1GRN.Chr7p7499713",7,7499713,1,0.121913580246914,6.26793575420806,6.26793575420806,"GLM","DTF_Sask_2017",3.70679434359629,3.70679434359629,5.39590438981886e-07,5.39590438981886e-07,0.00019642902293184,0.00019642902293184
"Lcu.1GRN.Chr6p431582835",6,431582835,1,0.194099378881988,6.26491722332448,6.26491722332448,"FarmCPU","DTF_Sask_2017_b",2.34823834257438,2.34823834257438,5.43353885058187e-07,5.43353885058187e-07,0.00448499184207304,0.00448499184207304
"Lcu.1GRN.Chr6p3265693",6,3265693,1,0.263975155279503,6.26226786768652,6.26226786768652,"FarmCPU","DTF_Sask_2017_b",2.34823834257438,2.34823834257438,5.46678673963244e-07,5.46678673963244e-07,0.00448499184207304,0.00448499184207304
"Lcu.1GRN.Chr1p559837568",1,559837568,1,0.175925925925926,6.26200338192949,6.26200338192949,"GLM","DTF_Sask_2017",3.70133173283665,3.70133173283665,5.47011703198559e-07,5.47011703198559e-07,0.000198915335751124,0.000198915335751124
"Lcu.1GRN.Chr5p177060130",5,177060130,1,0.138888888888889,6.26149897845457,6.26149897845457,"GLM","DTF_Sask_2017",3.70129658330463,3.70129658330463,5.47647389133984e-07,5.47647389133984e-07,0.000198931435573251,0.000198931435573251
"Lcu.1GRN.Chr3p136501531",3,136501531,1,0.498456790123457,6.26073424962572,6.26073424962572,"GLM","DTF_Sask_2017",3.70100060193834,3.70100060193834,5.4861256530982e-07,5.4861256530982e-07,0.000199067057988747,0.000199067057988747
"Lcu.1GRN.Chr1p176394501",1,176394501,2,0.293548387096774,6.25918825324048,6.13441099226119,"FarmCPU;MLMM","Cotyledon_Color_RvsY",1.77376755656683,1.72154096273615,5.50568990025746e-07,7.33819093684634e-07,0.0168357490425445,0.0189871174681092
"Lcu.1GRN.Chr4p476567651",4,476567651,1,0.37037037037037,6.25756957454357,6.25756957454357,"GLM","DTF_Sask_2017",3.69830416893055,3.69830416893055,5.52624869626326e-07,5.52624869626326e-07,0.000200306863708619,0.000200306863708619
"Lcu.1GRN.Chr2p51758551",2,51758551,1,0.12037037037037,6.25461825710658,6.25461825710658,"GLM","DTF_Sask_2017",3.69675455625605,3.69675455625605,5.56393109426551e-07,5.56393109426551e-07,0.000201022858258304,0.000201022858258304
"Lcu.1GRN.Chr5p456080527",5,456080527,1,0.174382716049383,6.25381285690912,6.25381285690912,"GLM","DTF_Sask_2017",3.69641538743122,3.69641538743122,5.57425899192215e-07,5.57425899192215e-07,0.000201179911409429,0.000201179911409429
"Lcu.1GRN.Chr1p360891094",1,360891094,1,0.0532258064516129,6.2537932720113,6.2537932720113,"MLMM","Cotyledon_Color_RvsY",1.72154096273615,1.72154096273615,5.57451037378148e-07,5.57451037378148e-07,0.0189871174681092,0.0189871174681092
"Lcu.1GRN.Chr1p535824650",1,535824650,1,0.25,6.25229322862759,6.25229322862759,"GLM","DTF_Sask_2017",3.69544978125616,3.69544978125616,5.5937978975385e-07,5.5937978975385e-07,0.000201627710521639,0.000201627710521639
"Lcu.1GRN.Chr7p15494849",7,15494849,1,0.239197530864197,6.25191628685794,6.25191628685794,"GLM","DTF_Sask_2017",3.69544978125616,3.69544978125616,5.59865508885268e-07,5.59865508885268e-07,0.000201627710521639,0.000201627710521639
"Lcu.1GRN.Chr1p537007059",1,537007059,1,0.270061728395062,6.24890699462562,6.24890699462562,"GLM","DTF_Sask_2017",3.69394560690467,3.69394560690467,5.63758373327255e-07,5.63758373327255e-07,0.00020232725670375,0.00020232725670375
"Lcu.1GRN.Chr4p390294324",4,390294324,1,0.12037037037037,6.24872936119614,6.24872936119614,"GLM","DTF_Sask_2017",3.69394560690467,3.69394560690467,5.6398900673415e-07,5.6398900673415e-07,0.00020232725670375,0.00020232725670375
"Lcu.1GRN.Chr2p33923225",2,33923225,1,0.0864197530864198,6.24858311638929,6.24858311638929,"GLM","DTF_Sask_2017",3.69394560690467,3.69394560690467,5.64178956999773e-07,5.64178956999773e-07,0.00020232725670375,0.00020232725670375
"Lcu.1GRN.Chr7p608085328",7,608085328,1,0.450617283950617,6.24775823721576,6.24775823721576,"GLM","DTF_Sask_2017",3.69394560690467,3.69394560690467,5.65251551129838e-07,5.65251551129838e-07,0.00020232725670375,0.00020232725670375
"Lcu.1GRN.Chr2p81004967",2,81004967,1,0.319444444444444,6.24540817964351,6.24540817964351,"GLM","DTF_Sask_2017",3.69394560690467,3.69394560690467,5.68318535141423e-07,5.68318535141423e-07,0.00020232725670375,0.00020232725670375
"Lcu.1GRN.Chr4p476358171",4,476358171,1,0.390432098765432,6.2419442910121,6.2419442910121,"GLM","DTF_Sask_2017",3.69332092103424,3.69332092103424,5.72869510929027e-07,5.72869510929027e-07,0.000202618492091818,0.000202618492091818
"Lcu.1GRN.Chr1p370906980",1,370906980,1,0.193548387096774,6.24167087657211,6.24167087657211,"MLM","Cotyledon_Color_RvsY",3.43086083837503,3.43086083837503,5.7323028021724e-07,5.7323028021724e-07,0.000370799518588139,0.000370799518588139
"Lcu.1GRN.Chr2p64072761",2,64072761,1,0.276234567901235,6.24149735448164,6.24149735448164,"GLM","DTF_Sask_2017",3.69332092103424,3.69332092103424,5.73459359780866e-07,5.73459359780866e-07,0.000202618492091818,0.000202618492091818
"Lcu.1GRN.Chr1p559042583",1,559042583,1,0.381172839506173,6.23644247848261,6.23644247848261,"GLM","DTF_Sask_2017",3.6906481266772,3.6906481266772,5.80173010298291e-07,5.80173010298291e-07,0.000203869319520159,0.000203869319520159
"Lcu.1GRN.Chr2p48764144",2,48764144,1,0.155864197530864,6.23597057466237,6.23597057466237,"GLM","DTF_Sask_2017",3.6906481266772,3.6906481266772,5.80803768166381e-07,5.80803768166381e-07,0.000203869319520159,0.000203869319520159
"Lcu.1GRN.Chr5p348198951",5,348198951,1,0.058641975308642,6.23579206100566,6.23579206100566,"GLM","DTF_Sask_2017",3.6906481266772,3.6906481266772,5.81042552494716e-07,5.81042552494716e-07,0.000203869319520159,0.000203869319520159
"Lcu.1GRN.Chr5p349054633",5,349054633,1,0.058641975308642,6.23579206100566,6.23579206100566,"GLM","DTF_Sask_2017",3.6906481266772,3.6906481266772,5.81042552494716e-07,5.81042552494716e-07,0.000203869319520159,0.000203869319520159
"Lcu.1GRN.Chr2p592601330",2,592601330,1,0.138888888888889,6.23544471919406,6.23544471919406,"GLM","DTF_Sask_2017",3.6906481266772,3.6906481266772,5.81507446959405e-07,5.81507446959405e-07,0.000203869319520159,0.000203869319520159
"Lcu.1GRN.Chr5p455449933",5,455449933,1,0.378086419753086,6.23519027546951,6.23519027546951,"GLM","DTF_Sask_2017",3.6906481266772,3.6906481266772,5.81848239391358e-07,5.81848239391358e-07,0.000203869319520159,0.000203869319520159
"Lcu.1GRN.Chr1p587372234",1,587372234,1,0.180555555555556,6.23326738789584,6.23326738789584,"GLM","DTF_Sask_2017",3.68961190929108,3.68961190929108,5.84430149421406e-07,5.84430149421406e-07,0.000204356328140477,0.000204356328140477
"Lcu.1GRN.Chr7p353692497",7,353692497,1,0.16358024691358,6.23325021908515,6.23325021908515,"GLM","DTF_Sask_2017",3.68961190929108,3.68961190929108,5.84453253949224e-07,5.84453253949224e-07,0.000204356328140477,0.000204356328140477
"Lcu.1GRN.Chr2p70909927",2,70909927,1,0.395061728395062,6.23162773337121,6.23162773337121,"GLM","DTF_Sask_2017",3.68903060359803,3.68903060359803,5.86640803235111e-07,5.86640803235111e-07,0.000204630043419601,0.000204630043419601
"Lcu.1GRN.Chr2p47828068",2,47828068,1,0.339506172839506,6.23155696637957,6.23155696637957,"GLM","DTF_Sask_2017",3.68903060359803,3.68903060359803,5.867364023944e-07,5.867364023944e-07,0.000204630043419601,0.000204630043419601
"Lcu.1GRN.Chr6p431491201",6,431491201,1,0.388888888888889,6.23131667208612,6.23131667208612,"GLM","DTF_Sask_2017",3.68903060359803,3.68903060359803,5.8706113233437e-07,5.8706113233437e-07,0.000204630043419601,0.000204630043419601
"Lcu.1GRN.Chr6p421654108",6,421654108,1,0.246913580246914,6.2298209333222,6.2298209333222,"GLM","DTF_Sask_2017",3.68831253267824,3.68831253267824,5.8908649523101e-07,5.8908649523101e-07,0.000204968662564909,0.000204968662564909
"Lcu.1GRN.Chr1p559042631",1,559042631,1,0.385802469135803,6.22938922034053,6.22938922034053,"GLM","DTF_Sask_2017",3.68831253267824,3.68831253267824,5.89672371271608e-07,5.89672371271608e-07,0.000204968662564909,0.000204968662564909
"Lcu.1GRN.Chr1p437118867",1,437118867,1,0.493827160493827,6.22911756617703,6.22911756617703,"GLM","DTF_Sask_2017",3.68831253267824,3.68831253267824,5.9004133074702e-07,5.9004133074702e-07,0.000204968662564909,0.000204968662564909
"Lcu.1GRN.Chr2p38190227",2,38190227,1,0.328703703703704,6.22880213745935,6.22880213745935,"GLM","DTF_Sask_2017",3.68831253267824,3.68831253267824,5.9047003429408e-07,5.9047003429408e-07,0.000204968662564909,0.000204968662564909
"Lcu.1GRN.Chr1p434744591",1,434744591,1,0.493827160493827,6.22810376971928,6.22810376971928,"GLM","DTF_Sask_2017",3.68806212215365,3.68806212215365,5.9142030414691e-07,5.9142030414691e-07,0.000205086879840189,0.000205086879840189
"Lcu.1GRN.Chr2p81038553",2,81038553,1,0.242283950617284,6.22430857486678,6.22430857486678,"GLM","DTF_Sask_2017",3.68471442294291,3.68471442294291,5.96611231806209e-07,5.96611231806209e-07,0.000206673872511802,0.000206673872511802
"Lcu.1GRN.Chr5p455444063",5,455444063,1,0.313271604938272,6.22367705713374,6.22367705713374,"GLM","DTF_Sask_2017",3.68452994022815,3.68452994022815,5.97479409175686e-07,5.97479409175686e-07,0.000206761683566047,0.000206761683566047
"Lcu.1GRN.Chr6p431580570",6,431580570,1,0.305900621118012,6.2225786355422,6.2225786355422,"FarmCPU","DTF_Sask_2017_b",2.3335038049764,2.3335038049764,5.98992472203616e-07,5.98992472203616e-07,0.00463976724933422,0.00463976724933422
"Lcu.1GRN.Chr6p420958923",6,420958923,1,0.496913580246914,6.22256470173774,6.22256470173774,"GLM","DTF_Sask_2017",3.68386416017422,3.68386416017422,5.99011690448875e-07,5.99011690448875e-07,0.000207078895458599,0.000207078895458599
"Lcu.1GRN.Chr4p3340791",4,3340791,1,0.479938271604938,6.22189215986968,6.22189215986968,"GLM","DTF_Sask_2017",3.68363773491643,3.68363773491643,5.99940029515931e-07,5.99940029515931e-07,0.000207186886969389,0.000207186886969389
"Lcu.1GRN.Chr2p48573041",2,48573041,1,0.158950617283951,6.22143982576737,6.22143982576737,"GLM","DTF_Sask_2017",3.68363105963403,3.68363105963403,6.00565215231781e-07,6.00565215231781e-07,0.000207190071540378,0.000207190071540378
"Lcu.1GRN.Chr1p560382525",1,560382525,1,0.185185185185185,6.22002797524812,6.22002797524812,"GLM","DTF_Sask_2017",3.68266441108294,3.68266441108294,6.02520773214131e-07,6.02520773214131e-07,0.000207651746848071,0.000207651746848071
"Lcu.1GRN.Chr2p79474313",2,79474313,1,0.314814814814815,6.21610929161534,6.21610929161534,"GLM","DTF_Sask_2017",3.6800786015866,3.6800786015866,6.07981981387472e-07,6.07981981387472e-07,0.000208891802996282,0.000208891802996282
"Lcu.1GRN.Chr2p79612983",2,79612983,1,0.314814814814815,6.21610929161534,6.21610929161534,"GLM","DTF_Sask_2017",3.6800786015866,3.6800786015866,6.07981981387472e-07,6.07981981387472e-07,0.000208891802996282,0.000208891802996282
"Lcu.1GRN.Chr1p224469714",1,224469714,1,0.0661290322580645,6.21399923503059,6.21399923503059,"MLM","Cotyledon_Color_RvsY",3.40402357649824,3.40402357649824,6.10943101024182e-07,6.10943101024182e-07,0.000394435888795012,0.000394435888795012
"Lcu.1GRN.Chr2p50069121",2,50069121,1,0.385802469135803,6.21341116368781,6.21341116368781,"GLM","DTF_Sask_2017",3.67782385754843,3.67782385754843,6.11770929838561e-07,6.11770929838561e-07,0.000209979135058171,0.000209979135058171
"Lcu.1GRN.Chr3p375584",3,375584,1,0.0864197530864198,6.21265041320676,6.21265041320676,"GLM","DTF_Sask_2017",3.67773459507332,3.67773459507332,6.1284350365654e-07,6.1284350365654e-07,0.000210022297438588,0.000210022297438588
"Lcu.1GRN.Chr6p420661868",6,420661868,1,0.449074074074074,6.21205724587939,6.21205724587939,"GLM","DTF_Sask_2017",3.67773459507332,3.67773459507332,6.13681108373263e-07,6.13681108373263e-07,0.000210022297438588,0.000210022297438588
"Lcu.1GRN.Chr2p3319959",2,3319959,1,0.169753086419753,6.21199445907306,6.21199445907306,"GLM","DTF_Sask_2017",3.67773459507332,3.67773459507332,6.13769835870143e-07,6.13769835870143e-07,0.000210022297438588,0.000210022297438588
"Lcu.1GRN.Chr2p49725201",2,49725201,1,0.419753086419753,6.21149508622818,6.21149508622818,"GLM","DTF_Sask_2017",3.67767680282764,3.67767680282764,6.14475984079836e-07,6.14475984079836e-07,0.000210050247293681,0.000210050247293681
"Lcu.1GRN.Chr5p431248031",5,431248031,1,0.0987654320987654,6.20820692670619,6.20820692670619,"GLM","DTF_Sask_2017",3.67574295476124,3.67574295476124,6.19146002550951e-07,6.19146002550951e-07,0.000210987654999514,0.000210987654999514
"Lcu.1GRN.Chr1p559042011",1,559042011,1,0.381172839506173,6.20811290170589,6.20811290170589,"GLM","DTF_Sask_2017",3.67574295476124,3.67574295476124,6.19280062521244e-07,6.19280062521244e-07,0.000210987654999514,0.000210987654999514
"Lcu.1GRN.Chr2p33986969",2,33986969,1,0.109567901234568,6.2080323901577,6.2080323901577,"GLM","DTF_Sask_2017",3.67574295476124,3.67574295476124,6.19394878206283e-07,6.19394878206283e-07,0.000210987654999514,0.000210987654999514
"Lcu.1GRN.Chr2p48674268",2,48674268,1,0.33641975308642,6.20718936104344,6.20718936104344,"GLM","DTF_Sask_2017",3.67574295476124,3.67574295476124,6.20598381975198e-07,6.20598381975198e-07,0.000210987654999514,0.000210987654999514
"Lcu.1GRN.Chr6p420957439",6,420957439,1,0.479938271604938,6.20697166917167,6.20697166917167,"GLM","DTF_Sask_2017",3.67574295476124,3.67574295476124,6.20909537410493e-07,6.20909537410493e-07,0.000210987654999514,0.000210987654999514
"Lcu.1GRN.Chr2p612920541",2,612920541,1,0.202160493827161,6.20688512141608,6.20688512141608,"GLM","DTF_Sask_2017",3.67574295476124,3.67574295476124,6.2103328681111e-07,6.2103328681111e-07,0.000210987654999514,0.000210987654999514
"Lcu.1GRN.Chr7p371434448",7,371434448,1,0.472222222222222,6.20648268210784,6.20648268210784,"GLM","DTF_Sask_2017",3.67574295476124,3.67574295476124,6.21609034490657e-07,6.21609034490657e-07,0.000210987654999514,0.000210987654999514
"Lcu.1GRN.Chr6p420170654",6,420170654,1,0.203703703703704,6.20512632484374,6.20512632484374,"GLM","DTF_Sask_2017",3.67499243886907,3.67499243886907,6.23553433805483e-07,6.23553433805483e-07,0.00021135258363126,0.00021135258363126
"Lcu.1GRN.Chr7p645432718",7,645432718,1,0.283950617283951,6.20485657220556,6.20485657220556,"GLM","DTF_Sask_2017",3.67499243886907,3.67499243886907,6.23940860862812e-07,6.23940860862812e-07,0.00021135258363126,0.00021135258363126
"Lcu.1GRN.Chr6p3363200",6,3363200,1,0.267080745341615,6.20328785159584,6.20328785159584,"FarmCPU","DTF_Sask_2017_b",2.3335038049764,2.3335038049764,6.26198680860033e-07,6.26198680860033e-07,0.00463976724933422,0.00463976724933422
"Lcu.1GRN.Chr2p70914001",2,70914001,1,0.33179012345679,6.20085118690804,6.20085118690804,"GLM","DTF_Sask_2017",3.67142418947348,3.67142418947348,6.29721923137022e-07,6.29721923137022e-07,0.000213096251629608,0.000213096251629608
"Lcu.1GRN.Chr2p613374952",2,613374952,1,0.203703703703704,6.199642676601,6.199642676601,"GLM","DTF_Sask_2017",3.67065237551486,3.67065237551486,6.31476689317987e-07,6.31476689317987e-07,0.000213475296036003,0.000213475296036003
"Lcu.1GRN.Chr4p419264930",4,419264930,1,0.283950617283951,6.19876660577922,6.19876660577922,"GLM","DTF_Sask_2017",3.67043288269989,3.67043288269989,6.32751807202801e-07,6.32751807202801e-07,0.000213583213907879,0.000213583213907879
"Lcu.1GRN.Chr6p420958875",6,420958875,1,0.476851851851852,6.19841634916099,6.19841634916099,"GLM","DTF_Sask_2017",3.67043288269989,3.67043288269989,6.33262324631507e-07,6.33262324631507e-07,0.000213583213907879,0.000213583213907879
"Lcu.1GRN.Chr2p80013581",2,80013581,1,0.101851851851852,6.19756776480003,6.19756776480003,"GLM","DTF_Sask_2017",3.67043288269989,3.67043288269989,6.34500889406557e-07,6.34500889406557e-07,0.000213583213907879,0.000213583213907879
"Lcu.1GRN.Chr2p150710113",2,150710113,1,0.407407407407407,6.19724626453176,6.19724626453176,"GLM","DTF_Sask_2017",3.67043288269989,3.67043288269989,6.34970772721101e-07,6.34970772721101e-07,0.000213583213907879,0.000213583213907879
"Lcu.1GRN.Chr6p272684924",6,272684924,1,0.217592592592593,6.19217556367332,6.19217556367332,"FarmCPU","DTF_Nepal_2017",1.70675486699967,1.70675486699967,6.42427963122776e-07,6.42427963122776e-07,0.0196446878792472,0.0196446878792472
"Lcu.1GRN.Chr6p3363193",6,3363193,1,0.248447204968944,6.18821932887255,6.18821932887255,"FarmCPU","DTF_Sask_2017_b",2.3335038049764,2.3335038049764,6.48306940688915e-07,6.48306940688915e-07,0.00463976724933422,0.00463976724933422
"Lcu.1GRN.Chr6p3363194",6,3363194,1,0.248447204968944,6.18821932887255,6.18821932887255,"FarmCPU","DTF_Sask_2017_b",2.3335038049764,2.3335038049764,6.48306940688915e-07,6.48306940688915e-07,0.00463976724933422,0.00463976724933422
"Lcu.1GRN.Chr6p3363245",6,3363245,1,0.248447204968944,6.18821932887255,6.18821932887255,"FarmCPU","DTF_Sask_2017_b",2.3335038049764,2.3335038049764,6.48306940688915e-07,6.48306940688915e-07,0.00463976724933422,0.00463976724933422
"Lcu.1GRN.Chr6p3363354",6,3363354,1,0.248447204968944,6.18821932887255,6.18821932887255,"FarmCPU","DTF_Sask_2017_b",2.3335038049764,2.3335038049764,6.48306940688915e-07,6.48306940688915e-07,0.00463976724933422,0.00463976724933422
"Lcu.1GRN.Chr3p57174305",3,57174305,1,0.237577639751553,6.17453914567883,6.17453914567883,"FarmCPU","DTF_Sask_2017_b",1.72690700989458,1.72690700989458,6.69053511348967e-07,6.69053511348967e-07,0.0187539602043265,0.0187539602043265
"Lcu.1GRN.Chr1p182238361",1,182238361,1,0.295161290322581,6.13441099226119,6.13441099226119,"MLMM","Cotyledon_Color_RvsY",1.72154096273615,1.72154096273615,7.33819093684634e-07,7.33819093684634e-07,0.0189871174681092,0.0189871174681092
"Lcu.1GRN.Chr1p184184513",1,184184513,1,0.295161290322581,6.13441099226119,6.13441099226119,"MLMM","Cotyledon_Color_RvsY",1.72154096273615,1.72154096273615,7.33819093684634e-07,7.33819093684634e-07,0.0189871174681092,0.0189871174681092
"Lcu.1GRN.Chr1p184590356",1,184590356,1,0.295161290322581,6.13441099226119,6.13441099226119,"MLMM","Cotyledon_Color_RvsY",1.72154096273615,1.72154096273615,7.33819093684634e-07,7.33819093684634e-07,0.0189871174681092,0.0189871174681092
"Lcu.1GRN.Chr1p184834906",1,184834906,1,0.295161290322581,6.13441099226119,6.13441099226119,"MLMM","Cotyledon_Color_RvsY",1.72154096273615,1.72154096273615,7.33819093684634e-07,7.33819093684634e-07,0.0189871174681092,0.0189871174681092
"Lcu.1GRN.Chr1p187418278",1,187418278,1,0.295161290322581,6.13441099226119,6.13441099226119,"MLMM","Cotyledon_Color_RvsY",1.72154096273615,1.72154096273615,7.33819093684634e-07,7.33819093684634e-07,0.0189871174681092,0.0189871174681092
"Lcu.1GRN.Chr1p27007203",1,27007203,1,0.104838709677419,6.13247306009912,6.13247306009912,"FarmCPU","Cotyledon_Color_RvsY",1.71960303057408,1.71960303057408,7.37100897330868e-07,7.37100897330868e-07,0.019072032117884,0.019072032117884
"Lcu.1GRN.Chr1p363532612",1,363532612,1,0.0935483870967742,6.13224100196587,6.13224100196587,"MLM","Cotyledon_Color_RvsY",3.32888329216918,3.32888329216918,7.37494860350138e-07,7.37494860350138e-07,0.000468939383159536,0.000468939383159536
"Lcu.1GRN.Chr1p363532615",1,363532615,1,0.0935483870967742,6.13224100196587,6.13224100196587,"MLM","Cotyledon_Color_RvsY",3.32888329216918,3.32888329216918,7.37494860350138e-07,7.37494860350138e-07,0.000468939383159536,0.000468939383159536
"Lcu.1GRN.Chr1p372718855",1,372718855,1,0.138709677419355,6.12858027232033,6.12858027232033,"MLM","Cotyledon_Color_RvsY",3.32604276008924,3.32604276008924,7.43737582323056e-07,7.43737582323056e-07,0.00047201656481747,0.00047201656481747
"Lcu.1GRN.Chr1p363998101",1,363998101,1,0.138709677419355,6.12721166198198,6.12721166198198,"MLM","Cotyledon_Color_RvsY",3.32549280123158,3.32549280123158,7.46085050521655e-07,7.46085050521655e-07,0.000472614670788734,0.000472614670788734
"Lcu.1GRN.Chr1p361241759",1,361241759,1,0.082258064516129,6.11005515750771,6.11005515750771,"MLM","Cotyledon_Color_RvsY",3.30915340797088,3.30915340797088,7.76148535736444e-07,7.76148535736444e-07,0.000490734500977557,0.000490734500977557
"Lcu.1GRN.Chr3p403223791",3,403223791,1,0.400621118012422,6.10309604333285,6.10309604333285,"FarmCPU","DTF_Sask_2017_b",1.69022601380781,1.69022601380781,7.88685682112208e-07,7.88685682112208e-07,0.0204067566796182,0.0204067566796182
"Lcu.1GRN.Chr1p453093806",1,453093806,1,0.485483870967742,6.08751834461105,6.08751834461105,"BLINK","Cotyledon_Color_RvsY",1.86173495844316,1.86173495844316,8.17488506476987e-07,8.17488506476987e-07,0.0137488078229072,0.0137488078229072
"Lcu.1GRN.Chr6p431580955",6,431580955,1,0.468944099378882,6.07994933129332,6.07994933129332,"FarmCPU","DTF_Sask_2017_b",2.25210595379746,2.25210595379746,8.31860817818365e-07,8.31860817818365e-07,0.0055962105541422,0.0055962105541422
"Lcu.1GRN.Chr1p470218105",1,470218105,1,0.0833333333333334,6.06890082898019,6.06890082898019,"BLINK","DTF_Nepal_2017",1.32023869753195,1.32023869753195,8.53294941426378e-07,8.53294941426378e-07,0.0478367099271277,0.0478367099271277
"Lcu.1GRN.Chr1p371694648",1,371694648,1,0.219354838709677,6.05739183405615,6.05739183405615,"MLM","Cotyledon_Color_RvsY",3.26297221204724,3.26297221204724,8.76209920432045e-07,8.76209920432045e-07,0.000545792782048085,0.000545792782048085
"Lcu.1GRN.Chr1p371177889",1,371177889,1,0.132258064516129,6.0452165099654,6.0452165099654,"MLM","Cotyledon_Color_RvsY",3.25162038671284,3.25162038671284,9.01121787002961e-07,9.01121787002961e-07,0.000560247094978343,0.000560247094978343
"Lcu.1GRN.Chr4p5017613",4,5017613,1,0.16820987654321,6.0446338446182,6.0446338446182,"BLINK","DTF_Sask_2017",0.818850458450304,0.818850458450304,9.02331576289081e-07,9.02331576289081e-07,0.151757282660815,0.151757282660815
"Lcu.1GRN.Chr2p633968862",2,633968862,1,0.214516129032258,6.03758672672687,6.03758672672687,"MLMM","Cotyledon_Color_RvsY",1.65690138057323,1.65690138057323,9.1709277764722e-07,9.1709277764722e-07,0.022034267595633,0.022034267595633
"Lcu.1GRN.Chr1p373215921",1,373215921,1,0.0935483870967742,5.96794228378211,5.96794228378211,"BLINK","Cotyledon_Color_RvsY",1.76334819668416,1.76334819668416,1.07660828159867e-06,1.07660828159867e-06,0.0172445475169761,0.0172445475169761
"Lcu.1GRN.Chr1p361412813",1,361412813,1,0.111290322580645,5.96369513592455,5.96369513592455,"FarmCPU","Cotyledon_Color_RvsY",1.58300978977092,1.58300978977092,1.0871885355022e-06,1.0871885355022e-06,0.0261210247229478,0.0261210247229478
"Lcu.1GRN.Chr1p361414783",1,361414783,1,0.111290322580645,5.96369513592455,5.96369513592455,"FarmCPU","Cotyledon_Color_RvsY",1.58300978977092,1.58300978977092,1.0871885355022e-06,1.0871885355022e-06,0.0261210247229478,0.0261210247229478
"Lcu.1GRN.Chr1p362093141",1,362093141,1,0.111290322580645,5.96369513592455,5.96369513592455,"FarmCPU","Cotyledon_Color_RvsY",1.58300978977092,1.58300978977092,1.0871885355022e-06,1.0871885355022e-06,0.0261210247229478,0.0261210247229478
"Lcu.1GRN.Chr1p184679743",1,184679743,1,0.293548387096774,5.96302009070223,5.96302009070223,"MLMM","Cotyledon_Color_RvsY",1.61229796792603,1.61229796792603,1.08887971999198e-06,1.08887971999198e-06,0.0244175469849694,0.0244175469849694
"Lcu.1GRN.Chr1p364675042",1,364675042,1,0.42258064516129,5.96291043068098,5.96291043068098,"MLM","Cotyledon_Color_RvsY",3.17487760733347,3.17487760733347,1.0891546985023e-06,1.0891546985023e-06,0.000668532296480152,0.000668532296480152
"Lcu.1GRN.Chr1p364678449",1,364678449,1,0.42258064516129,5.96291043068098,5.96291043068098,"MLM","Cotyledon_Color_RvsY",3.17487760733347,3.17487760733347,1.0891546985023e-06,1.0891546985023e-06,0.000668532296480152,0.000668532296480152
"Lcu.1GRN.Chr6p431594390",6,431594390,1,0.12888198757764,5.95973871362459,5.95973871362459,"FarmCPU","DTF_Sask_2017_b",2.14892867542751,2.14892867542751,1.09713807331257e-06,1.09713807331257e-06,0.00709694312126789,0.00709694312126789
"Lcu.1GRN.Chr1p371437011",1,371437011,1,0.232258064516129,5.95035045656685,5.95035045656685,"MLM","Cotyledon_Color_RvsY",3.16310941918507,3.16310941918507,1.12111339992213e-06,1.12111339992213e-06,0.000686895356997464,0.000686895356997464
"Lcu.1GRN.Chr6p3363162",6,3363162,1,0.253105590062112,5.93669484957617,5.93669484957617,"FarmCPU","DTF_Sask_2017_b",2.13415733734508,2.13415733734508,1.15692485235653e-06,1.15692485235653e-06,0.00734247814740769,0.00734247814740769
"Lcu.1GRN.Chr1p371160299",1,371160299,1,0.185483870967742,5.90598046492224,5.90598046492224,"MLM","Cotyledon_Color_RvsY",3.12031868194215,3.12031868194215,1.24170815983305e-06,1.24170815983305e-06,0.000758021140832237,0.000758021140832237
"Lcu.1GRN.Chr1p362780469",1,362780469,1,0.17258064516129,5.90123404625176,5.90123404625176,"MLM","Cotyledon_Color_RvsY",3.11635974214908,3.11635974214908,1.25535325717448e-06,1.25535325717448e-06,0.000764962697565231,0.000764962697565231
"Lcu.1GRN.Chr3p437318245",3,437318245,1,0.118012422360248,5.8967654623533,5.8967654623533,"FarmCPU","DTF_Sask_2017_b",2.11415922291233,2.11415922291233,1.26833663712005e-06,1.26833663712005e-06,0.00768848510058352,0.00768848510058352
"Lcu.1GRN.Chr6p431623488",6,431623488,1,0.172360248447205,5.892784577738,5.892784577738,"FarmCPU","DTF_Sask_2017_b",2.11415922291233,2.11415922291233,1.28001607063914e-06,1.28001607063914e-06,0.00768848510058352,0.00768848510058352
"Lcu.1GRN.Chr6p431627511",6,431627511,1,0.172360248447205,5.892784577738,5.892784577738,"FarmCPU","DTF_Sask_2017_b",2.11415922291233,2.11415922291233,1.28001607063914e-06,1.28001607063914e-06,0.00768848510058352,0.00768848510058352
"Lcu.1GRN.Chr1p408004904",1,408004904,1,0.391935483870968,5.88986506955817,5.88986506955817,"MLM","Cotyledon_Color_RvsY",3.10577681903099,3.10577681903099,1.28864985861353e-06,1.28864985861353e-06,0.00078383234537479,0.00078383234537479
"Lcu.1GRN.Chr1p192529878",1,192529878,1,0.296774193548387,5.87292038765634,5.87292038765634,"MLMM","Cotyledon_Color_RvsY",1.5502269884804,1.5502269884804,1.3399222916911e-06,1.3399222916911e-06,0.0281691025930787,0.0281691025930787
"Lcu.1GRN.Chr1p372718797",1,372718797,1,0.151612903225806,5.8649828135489,5.8649828135489,"MLM","Cotyledon_Color_RvsY",3.08402462689075,3.08402462689075,1.36463713866903e-06,1.36463713866903e-06,0.000824091383164604,0.000824091383164604
"Lcu.1GRN.Chr3p433371307",3,433371307,2,0.355590062111801,5.86354799500885,5.45508668740511,"MLMM;BLINK","DTF_Sask_2017_b",1.09988389394451,0.686015123624162,1.36915307137549e-06,3.5068186906721e-06,0.0794540622058495,0.206055815631469
"Lcu.1GRN.Chr1p374029856",1,374029856,1,0.333870967741935,5.86303347262971,5.86303347262971,"MLM","Cotyledon_Color_RvsY",3.08285428973542,3.08285428973542,1.37077611147349e-06,1.37077611147349e-06,0.000826315140301079,0.000826315140301079
"Lcu.1GRN.Chr6p431582947",6,431582947,1,0.239130434782609,5.85443334787594,5.85443334787594,"FarmCPU","DTF_Sask_2017_b",2.08349482171655,2.08349482171655,1.39819148236236e-06,1.39819148236236e-06,0.00825097323417158,0.00825097323417158
"Lcu.1GRN.Chr1p363532833",1,363532833,1,0.0967741935483871,5.84651278080828,5.84651278080828,"MLM","Cotyledon_Color_RvsY",3.06711120686282,3.06711120686282,1.42392534147513e-06,1.42392534147513e-06,0.000856818417416755,0.000856818417416755
"Lcu.1GRN.Chr1p367807629",1,367807629,1,0.398387096774194,5.84100873812432,5.84100873812432,"MLM","Cotyledon_Color_RvsY",3.06238338329865,3.06238338329865,1.4420863360596e-06,1.4420863360596e-06,0.000866196883216712,0.000866196883216712
"Lcu.1GRN.Chr1p371177899",1,371177899,1,0.145161290322581,5.83844979768324,5.83844979768324,"MLM","Cotyledon_Color_RvsY",3.06059927710753,3.06059927710753,1.45060844785129e-06,1.45060844785129e-06,0.000869762587840273,0.000869762587840273
"Lcu.1GRN.Chr6p3267478",6,3267478,1,0.243788819875776,5.82509491953563,5.82509491953563,"FarmCPU","DTF_Sask_2017_b",2.0617095312667,2.0617095312667,1.49590867410287e-06,1.49590867410287e-06,0.00867541918934412,0.00867541918934412
"Lcu.1GRN.Chr2p464052023",2,464052023,1,0.476708074534162,5.80605783135199,5.80605783135199,"BLINK","DTF_Sask_2017_b",1.39318780182695,1.39318780182695,1.56293950524403e-06,1.56293950524403e-06,0.040440097889263,0.040440097889263
"Lcu.1GRN.Chr1p362780498",1,362780498,1,0.193548387096774,5.7995794161431,5.7995794161431,"MLM","Cotyledon_Color_RvsY",3.02327442916257,3.02327442916257,1.58642879420597e-06,1.58642879420597e-06,0.000947819350303162,0.000947819350303162
"Lcu.1GRN.Chr1p374007375",1,374007375,1,0.385483870967742,5.78138478606284,5.78138478606284,"MLM","Cotyledon_Color_RvsY",3.00585050821431,3.00585050821431,1.6543035965887e-06,1.6543035965887e-06,0.000986619038783246,0.000986619038783246
"Lcu.1GRN.Chr1p186405619",1,186405619,1,0.293548387096774,5.76041037803664,5.76041037803664,"MLMM","Cotyledon_Color_RvsY",1.46404591758304,1.46404591758304,1.73615950359574e-06,1.73615950359574e-06,0.0343521625732933,0.0343521625732933
"Lcu.1GRN.Chr3p212552764",3,212552764,1,0.140322580645161,5.7587140999649,5.7587140999649,"MLM","Cotyledon_Color_RvsY",2.98471714932129,2.98471714932129,1.74295389831651e-06,1.74295389831651e-06,0.00103581656168733,0.00103581656168733
"Lcu.1GRN.Chr1p361842704",1,361842704,1,0.0870967741935483,5.73873267919457,5.73873267919457,"MLM","Cotyledon_Color_RvsY",2.9655023562556,2.9655023562556,1.82501870842389e-06,1.82501870842389e-06,0.00108267384108716,0.00108267384108716
"Lcu.1GRN.Chr1p385772156",1,385772156,1,0.196774193548387,5.72974266504444,5.72974266504444,"MLM","Cotyledon_Color_RvsY",2.95727761892359,2.95727761892359,1.86319081659485e-06,1.86319081659485e-06,0.00110337307289711,0.00110337307289711
"Lcu.1GRN.Chr1p372537212",1,372537212,1,0.125806451612903,5.71870870731181,5.71870870731181,"MLM","Cotyledon_Color_RvsY",2.94777018115243,2.94777018115243,1.9111346768802e-06,1.9111346768802e-06,0.00112779410150555,0.00112779410150555
"Lcu.1GRN.Chr6p431580662",6,431580662,1,0.302795031055901,5.71861053033843,5.71861053033843,"FarmCPU","DTF_Sask_2017_b",1.9626491601487,1.9626491601487,1.91156675841829e-06,1.91156675841829e-06,0.0108981012852354,0.0108981012852354
"Lcu.1GRN.Chr1p361189301",1,361189301,1,0.0790322580645161,5.71408244889504,5.71408244889504,"MLM","Cotyledon_Color_RvsY",2.94390517530901,2.94390517530901,1.93160157615225e-06,1.93160157615225e-06,0.00113787570466831,0.00113787570466831
"Lcu.1GRN.Chr6p431580942",6,431580942,1,0.43944099378882,5.71037602919671,5.71037602919671,"FarmCPU","DTF_Sask_2017_b",1.96171389774847,1.96171389774847,1.94815707849156e-06,1.94815707849156e-06,0.0109215958670162,0.0109215958670162
"Lcu.1GRN.Chr1p372694786",1,372694786,1,0.159677419354839,5.70851309503099,5.70851309503099,"MLM","Cotyledon_Color_RvsY",2.93909574199214,2.93909574199214,1.95653177287159e-06,1.95653177287159e-06,0.00115054671826136,0.00115054671826136
"Lcu.1GRN.Chr1p185567443",1,185567443,2,0.296774193548387,5.70276068904784,5.34392790266681,"FarmCPU;MLMM","Cotyledon_Color_RvsY",1.35203856627164,1.21505452950697,1.98261921512243e-06,4.52972771782799e-06,0.0444591785022058,0.0609460369305059
"Lcu.1GRN.Chr1p363532773",1,363532773,1,0.0887096774193549,5.70271460310417,5.70271460310417,"MLM","Cotyledon_Color_RvsY",2.93405584323969,2.93405584323969,1.98282961550612e-06,1.98282961550612e-06,0.00116397635127216,0.00116397635127216
"Lcu.1GRN.Chr3p444694259",3,444694259,1,0.396604938271605,5.69549387089311,5.69549387089311,"FarmCPU","DTF_Sask_2017",1.28262384136808,1.28262384136808,2.01607242287062e-06,2.01607242287062e-06,0.0521646332818247,0.0521646332818247
"Lcu.1GRN.Chr1p170777246",1,170777246,1,0.0661290322580645,5.69393359739949,5.69393359739949,"MLM","Cotyledon_Color_RvsY",2.92678806025724,2.92678806025724,2.02332851718044e-06,2.02332851718044e-06,0.00118361903189293,0.00118361903189293
"Lcu.1GRN.Chr6p3269091",6,3269091,1,0.158385093167702,5.69085816091298,5.69085816091298,"FarmCPU","DTF_Sask_2017_b",1.94937461409187,1.94937461409187,2.03770747730859e-06,2.03770747730859e-06,0.0112363532954075,0.0112363532954075
"Lcu.1GRN.Chr1p363825842",1,363825842,1,0.103225806451613,5.65617582094718,5.65617582094718,"MLM","Cotyledon_Color_RvsY",2.89129027753584,2.89129027753584,2.20711101935772e-06,2.20711101935772e-06,0.00128442787586211,0.00128442787586211
"Lcu.1GRN.Chr6p349266866",6,349266866,1,0.0629032258064516,5.64607627781335,5.64607627781335,"MLM","Cotyledon_Color_RvsY",2.88194145970891,2.88194145970891,2.25903896645525e-06,2.25903896645525e-06,0.00131237678761598,0.00131237678761598
"Lcu.1GRN.Chr1p364633946",1,364633946,1,0.420967741935484,5.64367933107851,5.64367933107851,"MLM","Cotyledon_Color_RvsY",2.88029394280958,2.88029394280958,2.27154146517301e-06,2.27154146517301e-06,0.00131736480692388,0.00131736480692388
"Lcu.1GRN.Chr1p367805705",1,367805705,1,0.361290322580645,5.63722905713031,5.63722905713031,"MLM","Cotyledon_Color_RvsY",2.87533865994833,2.87533865994833,2.30553087675042e-06,2.30553087675042e-06,0.00133248196635723,0.00133248196635723
"Lcu.1GRN.Chr6p3366261",6,3366261,1,0.273291925465838,5.63084673352285,5.63084673352285,"FarmCPU","DTF_Sask_2017_b",1.89642504118923,1.89642504118923,2.33966278127945e-06,2.33966278127945e-06,0.0126933121088811,0.0126933121088811
"Lcu.1GRN.Chr4p462942154",4,462942154,1,0.238709677419355,5.62795970212525,5.62795970212525,"MLMM","Cotyledon_Color_RvsY",1.37232728685189,1.37232728685189,2.35526781737544e-06,2.35526781737544e-06,0.0424299688714022,0.0424299688714022
"Lcu.1GRN.Chr1p176318641",1,176318641,1,0.296774193548387,5.62038706773094,5.62038706773094,"MLMM","Cotyledon_Color_RvsY",1.37232728685189,1.37232728685189,2.39669589631754e-06,2.39669589631754e-06,0.0424299688714022,0.0424299688714022
"Lcu.1GRN.Chr1p370984914",1,370984914,1,0.17258064516129,5.60987799417753,5.60987799417753,"MLM","Cotyledon_Color_RvsY",2.85020353101706,2.85020353101706,2.45539861095887e-06,2.45539861095887e-06,0.00141187571754773,0.00141187571754773
"Lcu.1GRN.Chr1p363532625",1,363532625,1,0.0854838709677419,5.60287285728872,5.60287285728872,"MLM","Cotyledon_Color_RvsY",2.84395709147494,2.84395709147494,2.49532514370313e-06,2.49532514370313e-06,0.0014323294071877,0.0014323294071877
"Lcu.1GRN.Chr1p183411815",1,183411815,1,0.290322580645161,5.59474134516997,5.59474134516997,"MLMM","Cotyledon_Color_RvsY",1.36895795900208,1.36895795900208,2.54248649549083e-06,2.54248649549083e-06,0.0427604277514382,0.0427604277514382
"Lcu.1GRN.Chr2p426093179",2,426093179,2,0.25462962962963,5.58432662508402,5.5531499563018,"MLMM;MLM","DTF_Nepal_2017",1.47349460581214,0.659573234580109,2.60419424556699e-06,2.79801503419783e-06,0.0336128543931436,0.218991251449658
"Lcu.1GRN.Chr2p7983167",2,7983167,1,0.0548387096774193,5.57391163989972,5.57391163989972,"BLINK","Cotyledon_Color_RvsY",1.38952093889005,1.38952093889005,2.6674013098512e-06,2.6674013098512e-06,0.0407829898359417,0.0407829898359417
"Lcu.1GRN.Chr1p372853217",1,372853217,1,0.104838709677419,5.57366609712195,5.57366609712195,"MLM","Cotyledon_Color_RvsY",2.81696801007718,2.81696801007718,2.66890983998737e-06,2.66890983998737e-06,0.00152416501892535,0.00152416501892535
"Lcu.1GRN.Chr6p431625031",6,431625031,1,0.459627329192547,5.57070442160318,5.57070442160318,"FarmCPU","DTF_Sask_2017_b",1.8447973538381,1.8447973538381,2.68717269815669e-06,2.68717269815669e-06,0.0142956085034326,0.0142956085034326
"Lcu.1GRN.Chr6p351968304",6,351968304,1,0.0629032258064516,5.55824260820771,5.55824260820771,"MLM","Cotyledon_Color_RvsY",2.80301670725709,2.80301670725709,2.76539639140002e-06,2.76539639140002e-06,0.00157392231469721,0.00157392231469721
"Lcu.1GRN.Chr2p8164918",2,8164918,1,0.162903225806452,5.55561876197548,5.55561876197548,"MLM","Cotyledon_Color_RvsY",2.80146040113985,2.80146040113985,2.78215446309856e-06,2.78215446309856e-06,0.00157957262620206,0.00157957262620206
"Lcu.1GRN.Chr1p372905654",1,372905654,1,0.156451612903226,5.55448733799053,5.55448733799053,"MLM","Cotyledon_Color_RvsY",2.80146040113985,2.80146040113985,2.7894119814489e-06,2.7894119814489e-06,0.00157957262620206,0.00157957262620206
"Lcu.1GRN.Chr1p364662628",1,364662628,1,0.440322580645161,5.55192328680935,5.55192328680935,"MLM","Cotyledon_Color_RvsY",2.79962687070602,2.79962687070602,2.80592922972906e-06,2.80592922972906e-06,0.00158625545750635,0.00158625545750635
"Lcu.1GRN.Chr2p472553204",2,472553204,1,0.109677419354839,5.54110840247082,5.54110840247082,"MLMM","Cotyledon_Color_RvsY",1.33651431537286,1.33651431537286,2.87668028870429e-06,2.87668028870429e-06,0.0460771580319331,0.0460771580319331
"Lcu.1GRN.Chr3p433418657",3,433418657,1,0.364906832298137,5.53955061033192,5.53955061033192,"MLMM","DTF_Sask_2017_b",0.686015123624162,0.686015123624162,2.88701732218803e-06,2.88701732218803e-06,0.206055815631469,0.206055815631469
"Lcu.1GRN.Chr3p433371387",3,433371387,1,0.372670807453416,5.48314996659655,5.48314996659655,"MLMM","DTF_Sask_2017_b",0.686015123624162,0.686015123624162,3.28738094443722e-06,3.28738094443722e-06,0.206055815631469,0.206055815631469
"Lcu.1GRN.Chr1p359850981",1,359850981,1,0.161290322580645,5.47830222800032,5.47830222800032,"MLM","Cotyledon_Color_RvsY",2.72746317729781,2.72746317729781,3.32428134150917e-06,3.32428134150917e-06,0.00187299588274609,0.00187299588274609
"Lcu.1GRN.Chr1p374131722",1,374131722,1,0.32741935483871,5.47301422300445,5.47301422300445,"MLM","Cotyledon_Color_RvsY",2.72290202516099,2.72290202516099,3.365005489104e-06,3.365005489104e-06,0.00189277057082516,0.00189277057082516
"Lcu.1GRN.Chr5p1988309",5,1988309,1,0.226851851851852,5.46321120832916,5.46321120832916,"MLM","DTF_Nepal_2017",1.41997052309828,1.41997052309828,3.44182505446399e-06,3.44182505446399e-06,0.0380215201819513,0.0380215201819513
"Lcu.1GRN.Chr1p407975497",1,407975497,1,0.390322580645161,5.4620877899911,5.4620877899911,"MLM","Cotyledon_Color_RvsY",2.71270123054853,2.71270123054853,3.45073977676948e-06,3.45073977676948e-06,0.00193775456843509,0.00193775456843509
"Lcu.1GRN.Chr1p374029397",1,374029397,1,0.335483870967742,5.45931465085066,5.45931465085066,"MLM","Cotyledon_Color_RvsY",2.71065251940243,2.71065251940243,3.47284459085876e-06,3.47284459085876e-06,0.00194691719415565,0.00194691719415565
"Lcu.1GRN.Chr1p360324619",1,360324619,1,0.0838709677419355,5.45175763084833,5.45175763084833,"MLMM","Cotyledon_Color_RvsY",1.28171364133286,1.28171364133286,3.533803277092e-06,3.533803277092e-06,0.0522740752449912,0.0522740752449912
"Lcu.1GRN.Chr2p588798863",2,588798863,1,0.346273291925466,5.4506060167207,5.4506060167207,"BLINK","DTF_Sask_2017_b",1.09988389394451,1.09988389394451,3.54318626110095e-06,3.54318626110095e-06,0.0794540622058495,0.0794540622058495
"Lcu.1GRN.Chr3p434245743",3,434245743,1,0.479813664596273,5.44985316212825,5.44985316212825,"MLMM","DTF_Sask_2017_b",0.686015123624162,0.686015123624162,3.54933374298531e-06,3.54933374298531e-06,0.206055815631469,0.206055815631469
"Lcu.1GRN.Chr4p333068445",4,333068445,1,0.253225806451613,5.44679918714714,5.44679918714714,"MLMM","Cotyledon_Color_RvsY",1.28171364133286,1.28171364133286,3.5743807526743e-06,3.5743807526743e-06,0.0522740752449912,0.0522740752449912
"Lcu.1GRN.Chr2p134372283",2,134372283,1,0.448757763975155,5.44497404188878,5.44497404188878,"FarmCPU","DTF_Sask_2017_b",1.09425191911259,1.09425191911259,3.58943388322941e-06,3.58943388322941e-06,0.0804911404666818,0.0804911404666818
"Lcu.1GRN.Chr7p14499615",7,14499615,1,0.275806451612903,5.44358680839521,5.44358680839521,"FarmCPU","Cotyledon_Color_RvsY",1.14722234794161,1.14722234794161,3.60091766720076e-06,3.60091766720076e-06,0.0712488160566658,0.0712488160566658
"Lcu.1GRN.Chr5p2102312",5,2102312,1,0.117283950617284,5.44163392661025,5.44163392661025,"MLM","DTF_Nepal_2017",1.41997052309828,1.41997052309828,3.61714628909031e-06,3.61714628909031e-06,0.0380215201819513,0.0380215201819513
"Lcu.1GRN.Chr3p434245746",3,434245746,1,0.481366459627329,5.43467725507239,5.43467725507239,"MLMM","DTF_Sask_2017_b",0.686015123624162,0.686015123624162,3.67555346924286e-06,3.67555346924286e-06,0.206055815631469,0.206055815631469
"Lcu.1GRN.Chr1p369785877",1,369785877,1,0.187096774193548,5.43395339059793,5.43395339059793,"MLM","Cotyledon_Color_RvsY",2.6874573209062,2.6874573209062,3.68168484142495e-06,3.68168484142495e-06,0.0020537268408882,0.0020537268408882
"Lcu.1GRN.Chr1p369819310",1,369819310,1,0.187096774193548,5.43395339059793,5.43395339059793,"MLM","Cotyledon_Color_RvsY",2.6874573209062,2.6874573209062,3.68168484142495e-06,3.68168484142495e-06,0.0020537268408882,0.0020537268408882
"Lcu.1GRN.Chr1p359850983",1,359850983,1,0.162903225806452,5.41281923090395,5.41281923090395,"MLM","Cotyledon_Color_RvsY",2.66704278769321,2.66704278769321,3.86527830460571e-06,3.86527830460571e-06,0.00215256964815448,0.00215256964815448
"Lcu.1GRN.Chr1p364467275",1,364467275,1,0.0790322580645161,5.40593677641156,5.40593677641156,"MLM","Cotyledon_Color_RvsY",2.66095238582624,2.66095238582624,3.92702099904014e-06,3.92702099904014e-06,0.00218296923005448,0.00218296923005448
"Lcu.1GRN.Chr1p374129762",1,374129762,1,0.337096774193548,5.40529314349183,5.40529314349183,"MLM","Cotyledon_Color_RvsY",2.66095238582624,2.66095238582624,3.9328452357485e-06,3.9328452357485e-06,0.00218296923005448,0.00218296923005448
"Lcu.1GRN.Chr1p374024130",1,374024130,1,0.32258064516129,5.40066223887727,5.40066223887727,"MLM","Cotyledon_Color_RvsY",2.65703754812066,2.65703754812066,3.97500574913936e-06,3.97500574913936e-06,0.00220273601123683,0.00220273601123683
"Lcu.1GRN.Chr1p362085886",1,362085886,1,0.112903225806452,5.39896794567478,5.39896794567478,"FarmCPU","Cotyledon_Color_RvsY",1.12742706894621,1.12742706894621,3.99054354603773e-06,3.99054354603773e-06,0.0745715089416708,0.0745715089416708
"Lcu.1GRN.Chr6p3270370",6,3270370,1,0.270186335403727,5.38299382712118,5.38299382712118,"FarmCPU","DTF_Sask_2017_b",1.67810004183319,1.67810004183319,4.14005559278532e-06,4.14005559278532e-06,0.0209845643835965,0.0209845643835965
"Lcu.1GRN.Chr6p3267167",6,3267167,1,0.312111801242236,5.37883862096424,5.37883862096424,"FarmCPU","DTF_Sask_2017_b",1.67810004183319,1.67810004183319,4.17985656649125e-06,4.17985656649125e-06,0.0209845643835965,0.0209845643835965
"Lcu.1GRN.Chr4p101596334",4,101596334,1,0.0935483870967742,5.36208626662867,5.36208626662867,"MLM","Cotyledon_Color_RvsY",2.62131409503935,2.62131409503935,4.34423923260198e-06,4.34423923260198e-06,0.0023915854630976,0.0023915854630976
"Lcu.1GRN.Chr6p88455606",6,88455606,1,0.158950617283951,5.35887403262335,5.35887403262335,"MLM","DTF_Nepal_2017",1.40026237485847,1.40026237485847,4.37649027114979e-06,4.37649027114979e-06,0.0397866730550227,0.0397866730550227
"Lcu.1GRN.Chr5p2097580",5,2097580,1,0.118827160493827,5.34301642329724,5.34301642329724,"MLM","DTF_Nepal_2017",1.39598663808218,1.39598663808218,4.53924450700715e-06,4.53924450700715e-06,0.040180317291802,0.040180317291802
"Lcu.1GRN.Chr6p431624889",6,431624889,1,0.312111801242236,5.33926470298202,5.33926470298202,"FarmCPU","DTF_Sask_2017_b",1.64496023385639,1.64496023385639,4.57862733792734e-06,4.57862733792734e-06,0.0226485167908324,0.0226485167908324
"Lcu.1GRN.Chr6p158596923",6,158596923,1,0.157407407407407,5.33343217590239,5.33343217590239,"MLMM","DTF_Nepal_2017",0.506781821574232,0.506781821574232,4.64053255871296e-06,4.64053255871296e-06,0.311327997643846,0.311327997643846
"Lcu.1GRN.Chr2p2378441",2,2378441,1,0.45,5.33159095090741,5.33159095090741,"MLM","Cotyledon_Color_RvsY",2.59223804359395,2.59223804359395,4.66024821836676e-06,4.66024821836676e-06,0.00255718387025672,0.00255718387025672
"Lcu.1GRN.Chr7p4676128",7,4676128,1,0.342592592592593,5.3059298956918,5.3059298956918,"FarmCPU","DTF_Sask_2017",0.779116513859929,0.779116513859929,4.94390485619394e-06,4.94390485619394e-06,0.166296644476339,0.166296644476339
"Lcu.1GRN.Chr1p224275841",1,224275841,1,0.140322580645161,5.30474652694901,5.30474652694901,"MLMM","Cotyledon_Color_RvsY",1.19290649308795,1.19290649308795,4.95739441374986e-06,4.95739441374986e-06,0.0641347648757615,0.0641347648757615
