"SNP","Chr","Pos","P.value","MAF","effect","H.B.P.Value","Model","Type","Trait","negLog10_P","negLog10_HBP","Threshold","Effect"
"Lcu.1GRN.Chr1p365986872",1,365986872,1.75440185347007e-175,0.470967741935484,-0.468378451186169,5.90122888246168e-170,"BLINK","Kansas","Cotyledon_Color_RvsY",174.755870922512,169.22905754068,"Significant",NA
"Lcu.1GRN.Chr1p365986872",1,365986872,1.16405230990827e-154,0.470967741935484,NA,3.91548783326916e-149,"MLMM","NYC","Cotyledon_Color_RvsY",153.934027503025,148.407214121193,"Significant",-0.49056078284848
"Lcu.1GRN.Chr1p365986872",1,365986872,3.28194102672663e-128,0.470967741935484,-0.495438356012209,1.10393665733696e-122,"FarmCPU","Kansas","Cotyledon_Color_RvsY",127.48386922706,121.957055845228,"Significant",NA
"Lcu.1GRN.Chr1p361840399",1,361840399,2.17894304639327e-84,0.0419354838709678,-0.460358904863572,3.66462267843082e-79,"BLINK","Kansas","Cotyledon_Color_RvsY",83.661754121273,78.4359707351051,"Significant",NA
"Lcu.1GRN.Chr1p361840399",1,361840399,6.96359965373297e-47,0.0419354838709678,-0.471554359649585,1.1711625623636e-41,"FarmCPU","Kansas","Cotyledon_Color_RvsY",46.1571662049833,40.9313828188154,"Significant",NA
"Lcu.1GRN.Chr1p361856257",1,361856257,3.37765750583362e-40,0.0451612903225806,NA,5.68066261132369e-35,"MLMM","NYC","Cotyledon_Color_RvsY",39.4713843899537,34.2456010037859,"Significant",-1.49473301029883
"Lcu.1GRN.Chr1p365986872",1,365986872,2.84568312711949e-37,0.470967741935484,NA,9.571938964198e-32,"GLM","NYC","Cotyledon_Color_RvsY",36.5458134611755,31.0190000793437,"Significant",-0.455834321933564
"Lcu.1GRN.Chr1p365318023",1,365318023,1.76976022729517e-35,0.470967741935484,NA,2.97644469187297e-30,"GLM","NYC","Cotyledon_Color_RvsY",34.7520855692407,29.5263021830728,"Significant",-0.447095698080531
"Lcu.1GRN.Chr1p365318027",1,365318027,2.80398677745807e-35,0.47258064516129,NA,3.14389540124413e-30,"GLM","NYC","Cotyledon_Color_RvsY",34.5522240386692,29.502531911557,"Significant",-0.445125891068115
"Lcu.1GRN.Chr5p1658484",5,1658484,1.07237456622211e-34,0.123456790123457,12.5643598619358,3.60711415716432e-29,"BLINK","Kansas","DTF_Nepal_2017",33.9696534948387,28.4428401130068,"Significant",NA
"Lcu.1GRN.Chr1p368962767",1,368962767,2.53583298034856e-34,0.432258064516129,NA,2.13242633025226e-29,"GLM","NYC","Cotyledon_Color_RvsY",33.5958793541427,28.6711259636388,"Significant",-0.437802052894318
"Lcu.1GRN.Chr2p44546658",2,44546658,9.61238163525073e-34,0.0679012345679012,NA,3.23328797350438e-28,"FarmCPU","NYC","DTF_Nepal_2017",33.0171689949641,27.4903556131323,"Significant",-1.31973874772666
"Lcu.1GRN.Chr6p3269280",6,3269280,1.02224921068576e-33,0.281055900621118,-2.25517907403884,3.43850900250737e-28,"FarmCPU","Kansas","DTF_Sask_2017_b",32.9904432161074,27.4636298342755,"Significant",NA
"Lcu.1GRN.Chr1p437374598",1,437374598,2.62112785812537e-31,0.476708074534162,NA,4.40830457127029e-26,"FarmCPU","NYC","DTF_Sask_2017_b",30.5815117937333,25.3557284075654,"Significant",-0.196069189352187
"Lcu.1GRN.Chr1p365786633",1,365786633,6.74283904637765e-31,0.432258064516129,NA,4.53613708302582e-26,"GLM","NYC","Cotyledon_Color_RvsY",30.1711572069412,25.3433138294454,"Significant",-0.415870181547405
"Lcu.1GRN.Chr1p365987296",1,365987296,2.17347357964007e-30,0.42741935483871,NA,1.04787339540628e-25,"GLM","NYC","Cotyledon_Color_RvsY",29.6628456346479,24.9796911858617,"Significant",-0.413978851182297
"Lcu.1GRN.Chr1p365785855",1,365785855,2.1806876916713e-30,0.430645161290323,NA,1.04787339540628e-25,"GLM","NYC","Cotyledon_Color_RvsY",29.6614065276793,24.9796911858617,"Significant",-0.413589155812023
"Lcu.1GRN.Chr1p361407757",1,361407757,3.25958440759898e-30,0.15,NA,3.65472209476949e-25,"FarmCPU","NYC","Cotyledon_Color_RvsY",29.4868377683345,24.4371456412223,"Significant",-0.0202112667493761
"Lcu.1GRN.Chr1p367671439",1,367671439,3.28369790439648e-30,0.42741935483871,NA,1.38065951626016e-25,"GLM","NYC","Cotyledon_Color_RvsY",29.4836368041983,24.8599134093584,"Significant",-0.400803552591827
"Lcu.1GRN.Chr1p365986872",1,365986872,6.53032800789268e-30,0.470967741935484,NA,2.19658684103084e-24,"MLM","NYC","Cotyledon_Color_RvsY",29.1850650042624,23.6582516224305,"Significant",-0.433898696392434
"Lcu.1GRN.Chr1p367608559",1,367608559,8.0179099850722e-30,0.45,NA,2.99662258660976e-25,"GLM","NYC","Cotyledon_Color_RvsY",29.095938823766,24.5233679513734,"Significant",-0.403342633839544
"Lcu.1GRN.Chr1p365313844",1,365313844,1.03363406602035e-29,0.417741935483871,NA,3.1144833874907e-25,"GLM","NYC","Cotyledon_Color_RvsY",28.985633185842,24.5066139812902,"Significant",-0.419971022885037
"Lcu.1GRN.Chr1p368315235",1,368315235,1.03606573729767e-29,0.424193548387097,NA,3.1144833874907e-25,"GLM","NYC","Cotyledon_Color_RvsY",28.9846126881816,24.5066139812902,"Significant",-0.407722639995034
"Lcu.1GRN.Chr1p366900567",1,366900567,1.11110188127517e-29,0.409677419354839,NA,3.1144833874907e-25,"GLM","NYC","Cotyledon_Color_RvsY",28.9542461170744,24.5066139812902,"Significant",-0.3996673499855
"Lcu.1GRN.Chr1p365205475",1,365205475,2.17003134884224e-29,0.451612903225806,NA,5.33881623245167e-25,"GLM","NYC","Cotyledon_Color_RvsY",28.6635339921741,24.2725550277478,"Significant",-0.396279013988298
"Lcu.1GRN.Chr1p366873883",1,366873883,2.6982395999512e-29,0.409677419354839,NA,5.33881623245167e-25,"GLM","NYC","Cotyledon_Color_RvsY",28.5689194882014,24.2725550277478,"Significant",-0.395576039640696
"Lcu.1GRN.Chr1p366875708",1,366875708,2.6982395999512e-29,0.409677419354839,NA,5.33881623245167e-25,"GLM","NYC","Cotyledon_Color_RvsY",28.5689194882014,24.2725550277478,"Significant",-0.395576039640696
"Lcu.1GRN.Chr1p366876079",1,366876079,2.6982395999512e-29,0.409677419354839,NA,5.33881623245167e-25,"GLM","NYC","Cotyledon_Color_RvsY",28.5689194882014,24.2725550277478,"Significant",-0.395576039640696
"Lcu.1GRN.Chr1p366876200",1,366876200,2.6982395999512e-29,0.409677419354839,NA,5.33881623245167e-25,"GLM","NYC","Cotyledon_Color_RvsY",28.5689194882014,24.2725550277478,"Significant",-0.395576039640696
"Lcu.1GRN.Chr1p367497600",1,367497600,5.10896734689659e-29,0.409677419354839,NA,9.54715566429758e-25,"GLM","NYC","Cotyledon_Color_RvsY",28.2916668730288,24.0201259963003,"Significant",-0.403460345319671
"Lcu.1GRN.Chr1p446411579",1,446411579,6.32988478107865e-29,0.279503105590062,NA,7.09721451385694e-24,"FarmCPU","NYC","DTF_Sask_2017_b",28.1986041951007,23.1489120679885,"Significant",-0.490152325412055
"Lcu.1GRN.Chr1p366878173",1,366878173,7.22403257294464e-29,0.412903225806452,NA,1.27890850761246e-24,"GLM","NYC","Cotyledon_Color_RvsY",28.1412203044694,23.8931605235904,"Significant",-0.389766235270905
"Lcu.1GRN.Chr1p365313072",1,365313072,1.36834396270808e-28,0.409677419354839,NA,2.28593639345537e-24,"GLM","NYC","Cotyledon_Color_RvsY",27.8638047196265,23.6409358580858,"Significant",-0.402313140143859
"Lcu.1GRN.Chr1p366892376",1,366892376,1.42715142277818e-28,0.380645161290323,NA,2.28593639345537e-24,"GLM","NYC","Cotyledon_Color_RvsY",27.8455299451838,23.6409358580858,"Significant",-0.387404995967605
"Lcu.1GRN.Chr1p368964376",1,368964376,2.22747205851142e-28,0.435483870967742,NA,3.40567315411505e-24,"GLM","NYC","Cotyledon_Color_RvsY",27.6521877350623,23.4677970340527,"Significant",-0.399897302793342
"Lcu.1GRN.Chr1p366659710",1,366659710,5.83879830579554e-28,0.416129032258065,NA,8.53903943358925e-24,"GLM","NYC","Cotyledon_Color_RvsY",27.2336765266656,23.0685909808514,"Significant",-0.38221913543338
"Lcu.1GRN.Chr1p357509147",1,357509147,7.95423595976487e-28,0.361290322580645,NA,1.11480936961593e-23,"GLM","NYC","Cotyledon_Color_RvsY",27.0994015299576,22.9527993898373,"Significant",0.378443300401817
"Lcu.1GRN.Chr1p351845237",1,351845237,9.75350178464737e-28,0.346774193548387,NA,1.31230245391859e-23,"GLM","NYC","Cotyledon_Color_RvsY",27.0108394322286,22.8819660590688,"Significant",0.373820583563865
"Lcu.1GRN.Chr1p361792419",1,361792419,1.53742390747169e-27,0.209677419354839,NA,1.29284666871132e-22,"FarmCPU","NYC","Cotyledon_Color_RvsY",26.8132063697854,21.8884529792814,"Significant",-0.0155642801868368
"Lcu.1GRN.Chr1p367559138",1,367559138,3.25913999944911e-27,0.387096774193548,NA,4.1721192617613e-23,"GLM","NYC","Cotyledon_Color_RvsY",26.4868969836029,22.37964328558,"Significant",-0.413824323592365
"Lcu.1GRN.Chr1p365316597",1,365316597,3.34893791803462e-27,0.396774193548387,NA,4.1721192617613e-23,"GLM","NYC","Cotyledon_Color_RvsY",26.4750929032529,22.37964328558,"Significant",-0.401471775956666
"Lcu.1GRN.Chr1p365318023",1,365318023,5.36575114246383e-27,0.470967741935484,NA,9.02430807268566e-22,"MLM","NYC","Cotyledon_Color_RvsY",26.2703694732893,21.0445860871214,"Significant",-0.386921520853067
"Lcu.1GRN.Chr1p367559246",1,367559246,5.51393912002983e-27,0.401612903225806,NA,6.62395414281098e-23,"GLM","NYC","Cotyledon_Color_RvsY",26.2585380332939,22.1788826828043,"Significant",-0.414579446111331
"Lcu.1GRN.Chr1p367435302",1,367435302,8.07360491945489e-27,0.383870967741936,NA,9.36446298600788e-23,"GLM","NYC","Cotyledon_Color_RvsY",26.0929325065357,22.0285171226027,"Significant",-0.375037705342994
"Lcu.1GRN.Chr1p365318027",1,365318027,8.7267446037738e-27,0.47258064516129,NA,9.78462967379194e-22,"MLM","NYC","Cotyledon_Color_RvsY",26.0591477338757,21.0094556067635,"Significant",-0.383387685234597
"Lcu.1GRN.Chr1p369133533",1,369133533,1.01413782037469e-26,0.393548387096774,NA,1.13707498741991e-22,"GLM","NYC","Cotyledon_Color_RvsY",25.9939030207808,21.9442108936686,"Significant",-0.405122084759485
"Lcu.1GRN.Chr1p369007361",1,369007361,1.14932733606033e-26,0.393548387096774,NA,1.24708318725356e-22,"GLM","NYC","Cotyledon_Color_RvsY",25.939556263741,21.9041045757434,"Significant",-0.418147555982995
"Lcu.1GRN.Chr1p367435719",1,367435719,1.51474255585285e-26,0.333870967741935,NA,1.55432944250906e-22,"GLM","NYC","Cotyledon_Color_RvsY",25.8196611731506,21.8084569263972,"Significant",-0.416069185969226
"Lcu.1GRN.Chr1p367435947",1,367435947,1.52490796073334e-26,0.391935483870968,NA,1.55432944250906e-22,"GLM","NYC","Cotyledon_Color_RvsY",25.8167563683512,21.8084569263972,"Significant",-0.41199368445315
"Lcu.1GRN.Chr1p366877095",1,366877095,1.72706477654806e-26,0.42741935483871,NA,1.70861058145042e-22,"GLM","NYC","Cotyledon_Color_RvsY",25.7626913731622,21.7673569083726,"Significant",-0.375344525858774
"Lcu.1GRN.Chr1p365784742",1,365784742,1.84863718083016e-26,0.4,NA,1.77663012172656e-22,"GLM","NYC","Cotyledon_Color_RvsY",25.7331483164368,21.7504029789552,"Significant",-0.389082299148357
"Lcu.1GRN.Chr1p368316858",1,368316858,2.04602074014323e-26,0.395161290322581,NA,1.81108910078884e-22,"GLM","NYC","Cotyledon_Color_RvsY",25.6890899682367,21.7420601830216,"Significant",-0.409350391154894
"Lcu.1GRN.Chr1p368412432",1,368412432,2.04602074014323e-26,0.395161290322581,NA,1.81108910078884e-22,"GLM","NYC","Cotyledon_Color_RvsY",25.6890899682367,21.7420601830216,"Significant",-0.409350391154894
"Lcu.1GRN.Chr1p368412525",1,368412525,2.04602074014323e-26,0.395161290322581,NA,1.81108910078884e-22,"GLM","NYC","Cotyledon_Color_RvsY",25.6890899682367,21.7420601830216,"Significant",-0.409350391154894
"Lcu.1GRN.Chr1p368322066",1,368322066,2.7822121695302e-26,0.393548387096774,NA,2.39960092520094e-22,"GLM","NYC","Cotyledon_Color_RvsY",25.5556097540914,21.619860979286,"Significant",-0.410568704835433
"Lcu.1GRN.Chr1p368314687",1,368314687,3.36107898366542e-26,0.396774193548387,NA,2.82639013624647e-22,"GLM","NYC","Cotyledon_Color_RvsY",25.4735212817087,21.5487678912048,"Significant",-0.408451220833113
"Lcu.1GRN.Chr1p365687768",1,365687768,3.50307852021443e-26,0.398387096774194,NA,2.87395125026577e-22,"GLM","NYC","Cotyledon_Color_RvsY",25.4555501280224,21.5415206029103,"Significant",-0.391641059208892
"Lcu.1GRN.Chr1p365687572",1,365687572,1.08970548563311e-25,0.440322580645161,NA,8.72716583537979e-22,"GLM","NYC","Cotyledon_Color_RvsY",24.9626908628368,21.0591267714028,"Significant",-0.386353448460144
"Lcu.1GRN.Chr1p365387232",1,365387232,1.1729160321133e-25,0.416129032258065,NA,9.17512202264777e-22,"GLM","NYC","Cotyledon_Color_RvsY",24.9307330774796,21.0373881512274,"Significant",-0.39477026145245
"Lcu.1GRN.Chr1p355811638",1,355811638,1.22346473505506e-25,0.367741935483871,NA,9.35302642127876e-22,"GLM","NYC","Cotyledon_Color_RvsY",24.912408544164,21.0290478388183,"Significant",0.356052073094164
"Lcu.1GRN.Chr1p367682669",1,367682669,1.4397483449616e-25,0.333870967741935,NA,1.07618629233267e-21,"GLM","NYC","Cotyledon_Color_RvsY",24.8417134120337,20.9681125439771,"Significant",-0.395252583775168
"Lcu.1GRN.Chr1p368315235",1,368315235,1.59376551096455e-25,0.424193548387097,NA,1.34022530906653e-20,"MLM","NYC","Cotyledon_Color_RvsY",24.797575575528,19.8728221850241,"Significant",-0.382277274172355
"Lcu.1GRN.Chr6p3269280",6,3269280,1.71116356608235e-25,0.281055900621118,NA,5.75578955232423e-20,"GLM","NYC","DTF_Sask_2017_b",24.7667084752913,19.2398950934594,"Significant",-3.45115254400619
"Lcu.1GRN.Chr1p365687685",1,365687685,2.12795488204043e-25,0.408064516129032,NA,1.55602999958107e-21,"GLM","NYC","Cotyledon_Color_RvsY",24.6720375844073,20.807982034257,"Significant",-0.383728068633453
"Lcu.1GRN.Chr1p368411419",1,368411419,2.45445371876455e-25,0.382258064516129,NA,1.75658985961633e-21,"GLM","NYC","Cotyledon_Color_RvsY",24.6100451525536,20.7553296286574,"Significant",-0.411891053821473
"Lcu.1GRN.Chr1p366878031",1,366878031,2.74012525569433e-25,0.414516129032258,NA,1.92018273308778e-21,"GLM","NYC","Cotyledon_Color_RvsY",24.5622295844009,20.7166574399447,"Significant",-0.376577979120691
"Lcu.1GRN.Chr1p371692181",1,371692181,3.17819866820015e-25,0.338709677419355,NA,2.18171663556424e-21,"GLM","NYC","Cotyledon_Color_RvsY",24.4978189586685,20.6612016568651,"Significant",0.333365552173503
"Lcu.1GRN.Chr1p368411487",1,368411487,3.62873434418239e-25,0.383870967741936,NA,2.44117297029919e-21,"GLM","NYC","Cotyledon_Color_RvsY",24.4402448248771,20.6124014473812,"Significant",-0.413407781979004
"Lcu.1GRN.Chr1p369133465",1,369133465,3.82025381235503e-25,0.406451612903226,NA,2.51962218451064e-21,"GLM","NYC","Cotyledon_Color_RvsY",24.4179077822078,20.5986645764739,"Significant",-0.395182867275518
"Lcu.1GRN.Chr1p366901526",1,366901526,3.93413729739364e-25,0.416129032258065,NA,2.54483453906232e-21,"GLM","NYC","Cotyledon_Color_RvsY",24.4051504877161,20.5943404495191,"Significant",-0.373780682872831
"Lcu.1GRN.Chr1p369005240",1,369005240,4.36033052422364e-25,0.366129032258064,NA,2.76730433479534e-21,"GLM","NYC","Cotyledon_Color_RvsY",24.3604805888494,20.5579430766183,"Significant",-0.403372919924771
"Lcu.1GRN.Chr1p373777286",1,373777286,5.79467404318165e-25,0.335483870967742,NA,3.60951319237571e-21,"GLM","NYC","Cotyledon_Color_RvsY",24.2369709885578,20.4425513665489,"Significant",0.331462710742042
"Lcu.1GRN.Chr1p368085376",1,368085376,7.3240837454783e-25,0.416129032258065,NA,4.47923650402782e-21,"GLM","NYC","Cotyledon_Color_RvsY",24.1352466985059,20.3487960061683,"Significant",-0.392928664613521
"Lcu.1GRN.Chr1p355077751",1,355077751,7.72168337371454e-25,0.367741935483871,NA,4.63807048458257e-21,"GLM","NYC","Cotyledon_Color_RvsY",24.1122880105167,20.333662655691,"Significant",0.34825429655129
"Lcu.1GRN.Chr5p1658484",5,1658484,8.64249586743669e-25,0.123456790123457,10.7797927760936,2.90705040744208e-19,"FarmCPU","Kansas","DTF_Nepal_2017",24.0633608194511,18.5365474376193,"Significant",NA
"Lcu.1GRN.Chr1p365687251",1,365687251,8.92120589599717e-25,0.414516129032258,NA,5.26456011161207e-21,"GLM","NYC","Cotyledon_Color_RvsY",24.0495764372629,20.2786379111035,"Significant",-0.381558738840686
"Lcu.1GRN.Chr1p365319091",1,365319091,1.21153177401043e-24,0.395161290322581,NA,7.02619496945803e-21,"GLM","NYC","Cotyledon_Color_RvsY",23.9166651914345,20.1532798031655,"Significant",-0.368216771591819
"Lcu.1GRN.Chr1p365303155",1,365303155,1.81110067860475e-24,0.391935483870968,NA,1.0325330541699e-20,"GLM","NYC","Cotyledon_Color_RvsY",23.7420574067002,19.9860960365105,"Significant",-0.367206006095797
"Lcu.1GRN.Chr1p365783623",1,365783623,2.01375213789826e-24,0.387096774193548,NA,1.12893294228071e-20,"GLM","NYC","Cotyledon_Color_RvsY",23.6959939855041,19.9473318540559,"Significant",-0.371615752099812
"Lcu.1GRN.Chr1p363532953",1,363532953,2.12116603450536e-24,0.182258064516129,NA,1.16965615660404e-20,"GLM","NYC","Cotyledon_Color_RvsY",23.6734253357044,19.9319417888833,"Significant",-0.40534056485871
"Lcu.1GRN.Chr1p368422512",1,368422512,2.25341454193021e-24,0.37741935483871,NA,1.22253917617006e-20,"GLM","NYC","Cotyledon_Color_RvsY",23.6471589073831,19.9127372150494,"Significant",-0.396267256540168
"Lcu.1GRN.Chr6p1734191",6,1734191,2.59577126713606e-24,0.335403726708075,NA,2.79857906364818e-19,"GLM","NYC","DTF_Sask_2017_b",23.5857335791279,18.5530624191767,"Significant",-3.11074551106068
"Lcu.1GRN.Chr1p355065029",1,355065029,2.61229276814885e-24,0.416129032258065,NA,1.39474457387924e-20,"GLM","NYC","Cotyledon_Color_RvsY",23.5829781518739,19.8555053194956,"Significant",0.353349963066054
"Lcu.1GRN.Chr1p365324936",1,365324936,2.71563774737501e-24,0.390322580645161,NA,1.40721538594705e-20,"GLM","NYC","Cotyledon_Color_RvsY",23.5661281632607,19.8516394251173,"Significant",-0.3671246175283
"Lcu.1GRN.Chr1p365687602",1,365687602,2.71950505499276e-24,0.412903225806452,NA,1.40721538594705e-20,"GLM","NYC","Cotyledon_Color_RvsY",23.5655101295852,19.8516394251173,"Significant",-0.376051960954886
"Lcu.1GRN.Chr1p365313175",1,365313175,2.92850003170029e-24,0.393548387096774,NA,1.40721538594705e-20,"GLM","NYC","Cotyledon_Color_RvsY",23.5333547669349,19.8516394251173,"Significant",-0.364823661713315
"Lcu.1GRN.Chr1p365324533",1,365324533,2.92850003170029e-24,0.393548387096774,NA,1.40721538594705e-20,"GLM","NYC","Cotyledon_Color_RvsY",23.5333547669349,19.8516394251173,"Significant",-0.364823661713315
"Lcu.1GRN.Chr1p365325118",1,365325118,2.92850003170029e-24,0.393548387096774,NA,1.40721538594705e-20,"GLM","NYC","Cotyledon_Color_RvsY",23.5333547669349,19.8516394251173,"Significant",-0.364823661713315
"Lcu.1GRN.Chr1p365386981",1,365386981,2.92850003170029e-24,0.393548387096774,NA,1.40721538594705e-20,"GLM","NYC","Cotyledon_Color_RvsY",23.5333547669349,19.8516394251173,"Significant",-0.364823661713315
"Lcu.1GRN.Chr1p365782304",1,365782304,2.92850003170029e-24,0.393548387096774,NA,1.40721538594705e-20,"GLM","NYC","Cotyledon_Color_RvsY",23.5333547669349,19.8516394251173,"Significant",-0.364823661713315
"Lcu.1GRN.Chr4p416272481",4,416272481,3.26298971032443e-24,0.277950310559006,NA,2.79857906364818e-19,"GLM","NYC","DTF_Sask_2017_b",23.486384295736,18.5530624191767,"Significant",-3.2610575633045
"Lcu.1GRN.Chr1p381165558",1,381165558,3.29264094988621e-24,0.37258064516129,NA,1.55990951885968e-20,"GLM","NYC","Cotyledon_Color_RvsY",23.4824556248863,19.8069005917735,"Significant",-0.382645569453451
"Lcu.1GRN.Chr6p1445607",6,1445607,3.37094347156214e-24,0.335403726708075,NA,2.79857906364818e-19,"GLM","NYC","DTF_Sask_2017_b",23.4722485302421,18.5530624191767,"Significant",-3.11904755823895
"Lcu.1GRN.Chr1p365987502",1,365987502,3.63947372608264e-24,0.391935483870968,NA,1.70027619280728e-20,"GLM","NYC","Cotyledon_Color_RvsY",23.4389614115109,19.7694805261103,"Significant",-0.362875881134257
"Lcu.1GRN.Chr1p365303305",1,365303305,3.94555641851234e-24,0.385483870967742,NA,1.81802051482978e-20,"GLM","NYC","Cotyledon_Color_RvsY",23.4038917421505,19.7404012204391,"Significant",-0.367676983815941
"Lcu.1GRN.Chr4p416056128",4,416056128,4.16000835939342e-24,0.27639751552795,NA,2.79857906364818e-19,"GLM","NYC","DTF_Sask_2017_b",23.3809057966726,18.5530624191767,"Significant",-3.24066222549328
"Lcu.1GRN.Chr1p365302765",1,365302765,5.4080241163435e-24,0.387096774193548,NA,2.45821736208394e-20,"GLM","NYC","Cotyledon_Color_RvsY",23.2669613803853,19.6093797182844,"Significant",-0.365273419360208
"Lcu.1GRN.Chr1p368316858",1,368316858,5.72743639468882e-24,0.395161290322581,NA,2.75217228253185e-19,"MLM","NYC","Cotyledon_Color_RvsY",23.2420397251135,18.5603243832959,"Significant",-0.383129868737662
"Lcu.1GRN.Chr1p368412432",1,368412432,5.72743639468882e-24,0.395161290322581,NA,2.75217228253185e-19,"MLM","NYC","Cotyledon_Color_RvsY",23.2420397251135,18.5603243832959,"Significant",-0.383129868737662
"Lcu.1GRN.Chr1p368412525",1,368412525,5.72743639468882e-24,0.395161290322581,NA,2.75217228253185e-19,"MLM","NYC","Cotyledon_Color_RvsY",23.2420397251135,18.5603243832959,"Significant",-0.383129868737662
"Lcu.1GRN.Chr1p365311739",1,365311739,6.01934286795595e-24,0.374193548387097,NA,2.69961106995432e-20,"GLM","NYC","Cotyledon_Color_RvsY",23.2204509181106,19.5686987996704,"Significant",-0.353421188400799
"Lcu.1GRN.Chr1p365324212",1,365324212,6.19274444489972e-24,0.395161290322581,NA,2.72213580877626e-20,"GLM","NYC","Cotyledon_Color_RvsY",23.208116841589,19.5650902114138,"Significant",-0.365328884719786
"Lcu.1GRN.Chr1p367554581",1,367554581,6.23142155073987e-24,0.346774193548387,NA,2.72213580877626e-20,"GLM","NYC","Cotyledon_Color_RvsY",23.2054128680732,19.5650902114138,"Significant",-0.383013874513378
"Lcu.1GRN.Chr1p365311989",1,365311989,6.56088125735218e-24,0.390322580645161,NA,2.81178392485406e-20,"GLM","NYC","Cotyledon_Color_RvsY",23.1830378222859,19.551018056287,"Significant",-0.365262760184336
"Lcu.1GRN.Chr1p366141043",1,366141043,6.6038264771357e-24,0.382258064516129,NA,2.81178392485406e-20,"GLM","NYC","Cotyledon_Color_RvsY",23.1802043468285,19.551018056287,"Significant",-0.362808432087152
"Lcu.1GRN.Chr1p27007485",1,27007485,7.74049628572383e-24,0.0774193548387097,NA,8.67882504713355e-19,"MLMM","NYC","Cotyledon_Color_RvsY",23.1112311934203,18.061539066308,"Significant",0.16809597904682
"Lcu.1GRN.Chr1p365326117",1,365326117,7.8469839278761e-24,0.395161290322581,NA,3.29933305358488e-20,"GLM","NYC","Cotyledon_Color_RvsY",23.105297236908,19.4815738420681,"Significant",-0.362106429476251
"Lcu.1GRN.Chr1p365785855",1,365785855,8.27249833420853e-24,0.430645161290323,NA,3.4782443089784e-19,"MLM","NYC","Cotyledon_Color_RvsY",23.0823633116198,18.4586399167799,"Significant",-0.354364032749888
"Lcu.1GRN.Chr1p368314687",1,368314687,9.7277994624152e-24,0.396774193548387,NA,3.63567857974913e-19,"MLM","NYC","Cotyledon_Color_RvsY",23.0119853909151,18.4394145185226,"Significant",-0.381949458772268
"Lcu.1GRN.Chr1p368322066",1,368322066,1.27876423466327e-23,0.393548387096774,NA,4.30134089320981e-19,"MLM","NYC","Cotyledon_Color_RvsY",22.8932095188702,18.3663961370383,"Significant",-0.38088587356282
"Lcu.1GRN.Chr1p365687404",1,365687404,1.67443422399358e-23,0.419354838709677,NA,6.95338785953145e-20,"GLM","NYC","Cotyledon_Color_RvsY",22.7761319079734,19.1578035450202,"Significant",-0.368942646013747
"Lcu.1GRN.Chr1p367554944",1,367554944,1.69757174165144e-23,0.324193548387097,NA,6.96350139053742e-20,"GLM","NYC","Cotyledon_Color_RvsY",22.7701718627942,19.157172333346,"Significant",-0.387949790575607
"Lcu.1GRN.Chr1p365319399",1,365319399,1.72276944864172e-23,0.388709677419355,NA,6.98172037507553e-20,"GLM","NYC","Cotyledon_Color_RvsY",22.7637728385602,19.1560375491044,"Significant",-0.361222507345235
"Lcu.1GRN.Chr1p365987296",1,365987296,1.73883135779096e-23,0.42741935483871,NA,5.31714079387338e-19,"MLM","NYC","Cotyledon_Color_RvsY",22.7597425364173,18.2743218397436,"Significant",-0.353339733209852
"Lcu.1GRN.Chr4p415952453",4,415952453,1.74001920258735e-23,0.274844720496894,NA,7.18942499125353e-19,"GLM","NYC","DTF_Sask_2017_b",22.7594459588831,18.1433058430124,"Significant",-3.19250869599406
"Lcu.1GRN.Chr4p416272221",4,416272221,1.74741205229141e-23,0.270186335403727,NA,7.18942499125353e-19,"GLM","NYC","DTF_Sask_2017_b",22.7576046731878,18.1433058430124,"Significant",-3.2495400016858
"Lcu.1GRN.Chr1p365313844",1,365313844,1.9618905402064e-23,0.417741935483871,NA,5.49929362781339e-19,"MLM","NYC","Cotyledon_Color_RvsY",22.7073252268799,18.2596930910956,"Significant",-0.358955831532888
"Lcu.1GRN.Chr1p365316514",1,365316514,2.10790263477303e-23,0.388709677419355,NA,8.44082006607975e-20,"GLM","NYC","Cotyledon_Color_RvsY",22.6761494533064,19.0736153575365,"Significant",-0.3605232811245
"Lcu.1GRN.Chr2p44545877",2,44545877,2.30421866343356e-23,0.066358024691358,NA,5.51985003118573e-18,"GLM","NYC","DTF_Nepal_2017",22.6374763100507,17.258072721458,"Significant",14.6768330073273
"Lcu.1GRN.Chr1p364467603",1,364467603,2.40056695230219e-23,0.187096774193548,NA,9.49966475347094e-20,"GLM","NYC","Cotyledon_Color_RvsY",22.6196861769642,19.0222917208466,"Significant",-0.394918135611566
"Lcu.1GRN.Chr4p423043571",4,423043571,2.55911853335534e-23,0.288819875776398,NA,7.18942499125353e-19,"GLM","NYC","DTF_Sask_2017_b",22.5919095979776,18.1433058430124,"Significant",-3.17582612080635
"Lcu.1GRN.Chr3p239208186",3,239208186,2.74454711544998e-23,0.461180124223602,NA,7.18942499125353e-19,"GLM","NYC","DTF_Sask_2017_b",22.5615293093151,18.1433058430124,"Significant",2.88400530117856
"Lcu.1GRN.Chr1p367592989",1,367592989,3.16546687732525e-23,0.380645161290323,NA,1.23809139200612e-19,"GLM","NYC","Cotyledon_Color_RvsY",22.4995622264705,18.9072472958822,"Significant",-0.386714783806893
"Lcu.1GRN.Chr2p44546658",2,44546658,3.28204017111413e-23,0.0679012345679012,NA,5.51985003118573e-18,"GLM","NYC","DTF_Nepal_2017",22.4838561076259,17.258072721458,"Significant",14.5411694412596
"Lcu.1GRN.Chr1p369007361",1,369007361,3.45614862032197e-23,0.393548387096774,NA,8.94257186901417e-19,"MLM","NYC","Cotyledon_Color_RvsY",22.4614075903836,18.0485375608585,"Significant",-0.380875283037729
"Lcu.1GRN.Chr1p381602380",1,381602380,3.58689571528721e-23,0.37258064516129,NA,1.37220211268537e-19,"GLM","NYC","Cotyledon_Color_RvsY",22.4452812497343,18.8625819163557,"Significant",-0.375576101371004
"Lcu.1GRN.Chr1p369008065",1,369008065,3.58994151971841e-23,0.374193548387097,NA,1.37220211268537e-19,"GLM","NYC","Cotyledon_Color_RvsY",22.4449126260374,18.8625819163557,"Significant",-0.400543602239299
"Lcu.1GRN.Chr1p367435755",1,367435755,3.6747425921819e-23,0.324193548387097,NA,1.38883386685893e-19,"GLM","NYC","Cotyledon_Color_RvsY",22.4347730769091,18.8573497017221,"Significant",-0.411631557476764
"Lcu.1GRN.Chr4p441072457",4,441072457,3.67640626934352e-23,0.397515527950311,NA,7.18942499125353e-19,"GLM","NYC","DTF_Sask_2017_b",22.4345765019691,18.1433058430124,"Significant",-2.87518277566183
"Lcu.1GRN.Chr4p439775879",4,439775879,3.90509307329211e-23,0.273291925465838,NA,7.18942499125353e-19,"GLM","NYC","DTF_Sask_2017_b",22.4083686107661,18.1433058430124,"Significant",-3.15068077288412
"Lcu.1GRN.Chr4p439785790",4,439785790,3.90509307329211e-23,0.273291925465838,NA,7.18942499125353e-19,"GLM","NYC","DTF_Sask_2017_b",22.4083686107661,18.1433058430124,"Significant",-3.15068077288412
"Lcu.1GRN.Chr4p439803326",4,439803326,3.90509307329211e-23,0.273291925465838,NA,7.18942499125353e-19,"GLM","NYC","DTF_Sask_2017_b",22.4083686107661,18.1433058430124,"Significant",-3.15068077288412
"Lcu.1GRN.Chr4p439806734",4,439806734,3.90509307329211e-23,0.273291925465838,NA,7.18942499125353e-19,"GLM","NYC","DTF_Sask_2017_b",22.4083686107661,18.1433058430124,"Significant",-3.15068077288412
"Lcu.1GRN.Chr4p439859738",4,439859738,3.90509307329211e-23,0.273291925465838,NA,7.18942499125353e-19,"GLM","NYC","DTF_Sask_2017_b",22.4083686107661,18.1433058430124,"Significant",-3.15068077288412
"Lcu.1GRN.Chr1p368411419",1,368411419,3.92962502985737e-23,0.382258064516129,NA,9.44140130298595e-19,"MLM","NYC","Cotyledon_Color_RvsY",22.4056488886152,18.0249635424616,"Significant",-0.382809060451358
"Lcu.1GRN.Chr4p439774134",4,439774134,4.28566974547811e-23,0.274844720496894,NA,7.18942499125353e-19,"GLM","NYC","DTF_Sask_2017_b",22.3679812988198,18.1433058430124,"Significant",-3.14993978887489
"Lcu.1GRN.Chr4p439787989",4,439787989,4.28566974547811e-23,0.274844720496894,NA,7.18942499125353e-19,"GLM","NYC","DTF_Sask_2017_b",22.3679812988198,18.1433058430124,"Significant",-3.14993978887489
"Lcu.1GRN.Chr1p367684024",1,367684024,4.42813510108851e-23,0.382258064516129,NA,1.65497613283093e-19,"GLM","NYC","Cotyledon_Color_RvsY",22.3537791373954,18.7812082650028,"Significant",-0.386820997228059
"Lcu.1GRN.Chr4p431243285",4,431243285,4.46826931821007e-23,0.268633540372671,NA,7.18942499125353e-19,"GLM","NYC","DTF_Sask_2017_b",22.3498606583211,18.1433058430124,"Significant",-3.20174825824922
"Lcu.1GRN.Chr4p439812071",4,439812071,4.66228941544522e-23,0.277950310559006,NA,7.18942499125353e-19,"GLM","NYC","DTF_Sask_2017_b",22.3314007707919,18.1433058430124,"Significant",-3.1495190226813
"Lcu.1GRN.Chr1p369008051",1,369008051,4.67663453569897e-23,0.370967741935484,NA,1.71844171200844e-19,"GLM","NYC","Cotyledon_Color_RvsY",22.3300665675152,18.7648651941537,"Significant",-0.400147762512702
"Lcu.1GRN.Chr1p367590516",1,367590516,4.70012330296302e-23,0.379032258064516,NA,1.71844171200844e-19,"GLM","NYC","Cotyledon_Color_RvsY",22.32789074864,18.7648651941537,"Significant",-0.387113081481666
"Lcu.1GRN.Chr4p422904956",4,422904956,4.79653922682418e-23,0.291925465838509,NA,7.18942499125353e-19,"GLM","NYC","DTF_Sask_2017_b",22.3190719994534,18.1433058430124,"Significant",-3.12802426059237
"Lcu.1GRN.Chr1p369008051",1,369008051,4.92760360292995e-23,0.370967741935484,NA,1.10498882740449e-18,"MLM","NYC","Cotyledon_Color_RvsY",22.3073642359054,17.9566421131292,"Significant",-0.388608931587594
"Lcu.1GRN.Chr1p355102028",1,355102028,5.05306376016545e-23,0.354838709677419,NA,1.82761709442535e-19,"GLM","NYC","Cotyledon_Color_RvsY",22.2964452217473,18.7381147884693,"Significant",0.347608906850134
"Lcu.1GRN.Chr2p414512712",2,414512712,5.81076057539756e-23,0.226708074534162,NA,7.18942499125353e-19,"GLM","NYC","DTF_Sask_2017_b",22.2357670187147,18.1433058430124,"Significant",-3.36536330218418
"Lcu.1GRN.Chr4p418804416",4,418804416,5.84999796688106e-23,0.287267080745342,NA,7.18942499125353e-19,"GLM","NYC","DTF_Sask_2017_b",22.2328442848533,18.1433058430124,"Significant",-3.12339375328762
"Lcu.1GRN.Chr4p419238218",4,419238218,5.84999796688106e-23,0.287267080745342,NA,7.18942499125353e-19,"GLM","NYC","DTF_Sask_2017_b",22.2328442848533,18.1433058430124,"Significant",-3.12339375328762
"Lcu.1GRN.Chr3p240799788",3,240799788,6.17033646271057e-23,0.496894409937888,NA,7.18942499125353e-19,"GLM","NYC","DTF_Sask_2017_b",22.2096911536467,18.1433058430124,"Significant",2.83920407941012
"Lcu.1GRN.Chr3p240803535",3,240803535,6.17033646271057e-23,0.496894409937888,NA,7.18942499125353e-19,"GLM","NYC","DTF_Sask_2017_b",22.2096911536467,18.1433058430124,"Significant",2.83920407941012
"Lcu.1GRN.Chr3p240805336",3,240805336,6.17033646271057e-23,0.496894409937888,NA,7.18942499125353e-19,"GLM","NYC","DTF_Sask_2017_b",22.2096911536467,18.1433058430124,"Significant",2.83920407941012
"Lcu.1GRN.Chr3p241043180",3,241043180,6.17033646271057e-23,0.496894409937888,NA,7.18942499125353e-19,"GLM","NYC","DTF_Sask_2017_b",22.2096911536467,18.1433058430124,"Significant",2.83920407941012
"Lcu.1GRN.Chr2p44558948",2,44558948,6.25084963534742e-23,0.0709876543209876,NA,7.00859846430968e-18,"GLM","NYC","DTF_Nepal_2017",22.2040609479576,17.1543688208454,"Significant",14.3398889181071
"Lcu.1GRN.Chr4p439859717",4,439859717,6.63612198827449e-23,0.27639751552795,NA,7.18942499125353e-19,"GLM","NYC","DTF_Sask_2017_b",22.1780856391716,18.1433058430124,"Significant",-3.12372977046941
"Lcu.1GRN.Chr1p363935389",1,363935389,6.82104499603552e-23,0.185483870967742,NA,2.44082387466115e-19,"GLM","NYC","Cotyledon_Color_RvsY",22.1661490855714,18.6124635573392,"Significant",-0.395506633266078
"Lcu.1GRN.Chr4p422904852",4,422904852,6.84736731859693e-23,0.291925465838509,NA,7.18942499125353e-19,"GLM","NYC","DTF_Sask_2017_b",22.1644763743145,18.1433058430124,"Significant",-3.12503837302002
"Lcu.1GRN.Chr1p365687187",1,365687187,7.10455717913031e-23,0.42741935483871,NA,2.50475196186702e-19,"GLM","NYC","Cotyledon_Color_RvsY",22.1484629860903,18.6012352745576,"Significant",-0.360837435955854
"Lcu.1GRN.Chr1p367671252",1,367671252,7.14862600490637e-23,0.37741935483871,NA,2.50475196186702e-19,"GLM","NYC","Cotyledon_Color_RvsY",22.1457774233499,18.6012352745576,"Significant",-0.387088797477124
"Lcu.1GRN.Chr4p388900786",4,388900786,7.15900631725801e-23,0.304347826086957,NA,7.18942499125353e-19,"GLM","NYC","DTF_Sask_2017_b",22.1451472543514,18.1433058430124,"Significant",-3.10699190595473
"Lcu.1GRN.Chr3p241036673",3,241036673,7.16253097785633e-23,0.495341614906832,NA,7.18942499125353e-19,"GLM","NYC","DTF_Sask_2017_b",22.1449334867023,18.1433058430124,"Significant",2.84187682142382
"Lcu.1GRN.Chr4p439859319",4,439859319,7.22903635363882e-23,0.279503105590062,NA,7.18942499125353e-19,"GLM","NYC","DTF_Sask_2017_b",22.1409195912518,18.1433058430124,"Significant",-3.12458751612138
"Lcu.1GRN.Chr4p422819517",4,422819517,7.40341398183348e-23,0.307453416149068,NA,7.18942499125353e-19,"GLM","NYC","DTF_Sask_2017_b",22.1305679651931,18.1433058430124,"Significant",-3.12998489706355
"Lcu.1GRN.Chr1p365386345",1,365386345,7.42113932421751e-23,0.361290322580645,NA,2.57342924852482e-19,"GLM","NYC","Cotyledon_Color_RvsY",22.1295294149047,18.5894877673391,"Significant",-0.381917587618813
"Lcu.1GRN.Chr1p365786633",1,365786633,8.11933529013949e-23,0.432258064516129,NA,1.61638824367965e-18,"MLM","NYC","Cotyledon_Color_RvsY",22.0904795239166,17.79145431693,"Significant",-0.339030142298115
"Lcu.1GRN.Chr1p368964376",1,368964376,8.1692318635758e-23,0.435483870967742,NA,1.61638824367965e-18,"MLM","NYC","Cotyledon_Color_RvsY",22.0878187773836,17.79145431693,"Significant",-0.351376029350536
"Lcu.1GRN.Chr3p344658696",3,344658696,8.21270548164988e-23,0.461180124223602,NA,7.18942499125353e-19,"GLM","NYC","DTF_Sask_2017_b",22.085513751261,18.1433058430124,"Significant",-2.76423296265487
"Lcu.1GRN.Chr4p422819640",4,422819640,8.35147595282756e-23,0.288819875776398,NA,7.18942499125353e-19,"GLM","NYC","DTF_Sask_2017_b",22.0782367650525,18.1433058430124,"Significant",-3.10920031653231
"Lcu.1GRN.Chr3p240543236",3,240543236,8.57411288884354e-23,0.493788819875776,NA,7.18942499125353e-19,"GLM","NYC","DTF_Sask_2017_b",22.0668108027616,18.1433058430124,"Significant",2.82211943104785
"Lcu.1GRN.Chr3p240547408",3,240547408,8.57411288884354e-23,0.493788819875776,NA,7.18942499125353e-19,"GLM","NYC","DTF_Sask_2017_b",22.0668108027616,18.1433058430124,"Significant",2.82211943104785
"Lcu.1GRN.Chr4p422904973",4,422904973,8.69446890879704e-23,0.287267080745342,NA,7.18942499125353e-19,"GLM","NYC","DTF_Sask_2017_b",22.0607569412085,18.1433058430124,"Significant",-3.12912441776102
"Lcu.1GRN.Chr4p439803492",4,439803492,8.76128528147796e-23,0.277950310559006,NA,7.18942499125353e-19,"GLM","NYC","DTF_Sask_2017_b",22.0574321781118,18.1433058430124,"Significant",-3.11484845656642
"Lcu.1GRN.Chr4p422819482",4,422819482,8.9956881841678e-23,0.341614906832298,NA,7.18942499125353e-19,"GLM","NYC","DTF_Sask_2017_b",22.0459656068427,18.1433058430124,"Significant",-3.17213647316059
"Lcu.1GRN.Chr1p361295364",1,361295364,9.01166473676938e-23,0.170967741935484,NA,3.09308840052337e-19,"GLM","NYC","Cotyledon_Color_RvsY",22.0451949738145,18.5096076676752,"Significant",-0.400283726509849
"Lcu.1GRN.Chr1p437374598",1,437374598,9.10255934850147e-23,0.476708074534162,NA,7.18942499125353e-19,"GLM","NYC","DTF_Sask_2017_b",22.0408364807936,18.1433058430124,"Significant",4.06309578834259
"Lcu.1GRN.Chr4p439858295",4,439858295,9.2060970215826e-23,0.293478260869565,NA,7.18942499125353e-19,"GLM","NYC","DTF_Sask_2017_b",22.0359244524579,18.1433058430124,"Significant",-3.12683197902801
"Lcu.1GRN.Chr1p355254360",1,355254360,9.33775223279739e-23,0.380645161290323,NA,3.17263808615087e-19,"GLM","NYC","Cotyledon_Color_RvsY",22.0297576537889,18.4985794665545,"Significant",0.342973845280514
"Lcu.1GRN.Chr3p241036901",3,241036901,9.56622866985841e-23,0.482919254658385,NA,7.18942499125353e-19,"GLM","NYC","DTF_Sask_2017_b",22.0192592420224,18.1433058430124,"Significant",2.87262528438857
"Lcu.1GRN.Chr3p344656513",3,344656513,9.79817605183277e-23,0.434782608695652,NA,7.18942499125353e-19,"GLM","NYC","DTF_Sask_2017_b",22.0088547614859,18.1433058430124,"Significant",-2.77788349781957
"Lcu.1GRN.Chr2p576098218",2,576098218,9.81517924374616e-23,0.256211180124224,NA,7.18942499125353e-19,"GLM","NYC","DTF_Sask_2017_b",22.0081017649525,18.1433058430124,"Significant",-3.23114077694551
"Lcu.1GRN.Chr1p367578006",1,367578006,9.89248235180095e-23,0.37741935483871,NA,3.32750461122823e-19,"GLM","NYC","Cotyledon_Color_RvsY",22.0046947158431,18.4778813340112,"Significant",-0.384242433585221
"Lcu.1GRN.Chr4p439870776",4,439870776,1.00108130334565e-22,0.301242236024845,NA,7.18942499125353e-19,"GLM","NYC","DTF_Sask_2017_b",21.9995306496331,18.1433058430124,"Significant",-3.00269971343104
"Lcu.1GRN.Chr1p369007464",1,369007464,1.00158585266083e-22,0.374193548387097,NA,3.33564780695016e-19,"GLM","NYC","Cotyledon_Color_RvsY",21.9993118184734,18.4768198104242,"Significant",-0.391617350607395
"Lcu.1GRN.Chr6p2182821",6,2182821,1.00456636527637e-22,0.335403726708075,NA,7.18942499125353e-19,"GLM","NYC","DTF_Sask_2017_b",21.9980213669085,18.1433058430124,"Significant",-2.95838192140553
"Lcu.1GRN.Chr2p44545877",2,44545877,1.0471725266529e-22,0.066358024691358,10.056229101627,1.76117140636327e-17,"BLINK","Kansas","DTF_Nepal_2017",21.9799817603453,16.7541983741775,"Significant",NA
"Lcu.1GRN.Chr1p369006843",1,369006843,1.05015909691261e-22,0.280645161290323,NA,3.4631261269726e-19,"GLM","NYC","Cotyledon_Color_RvsY",21.9787449012376,18.4605316911676,"Significant",-0.43912176159092
"Lcu.1GRN.Chr4p422819735",4,422819735,1.06505827169793e-22,0.287267080745342,NA,7.31154728123674e-19,"GLM","NYC","DTF_Sask_2017_b",21.9726266303618,18.1359907072288,"Significant",-3.09955559236229
"Lcu.1GRN.Chr4p439778620",4,439778620,1.06510393938942e-22,0.277950310559006,NA,7.31154728123674e-19,"GLM","NYC","DTF_Sask_2017_b",21.9726080090321,18.1359907072288,"Significant",-3.09566827981078
"Lcu.1GRN.Chr1p355856946",1,355856946,1.08765552986601e-22,0.380645161290323,NA,3.55195560790719e-19,"GLM","NYC","Cotyledon_Color_RvsY",21.9635086277683,18.4495324706416,"Significant",0.340107601848701
"Lcu.1GRN.Chr1p367886131",1,367886131,1.10743931760975e-22,0.382258064516129,NA,3.58178885525423e-19,"GLM","NYC","Cotyledon_Color_RvsY",21.9556800617182,18.4459000191851,"Significant",-0.385015348585993
"Lcu.1GRN.Chr4p419373677",4,419373677,1.16703265949223e-22,0.282608695652174,NA,7.85102549150843e-19,"GLM","NYC","DTF_Sask_2017_b",21.9329169900225,18.1050736125267,"Significant",-3.12590862215855
"Lcu.1GRN.Chr1p368411487",1,368411487,1.1762057331051e-22,0.383870967741936,NA,2.1979821879298e-18,"MLM","NYC","Cotyledon_Color_RvsY",21.9295167080747,17.6579758313462,"Significant",-0.374001492408838
"Lcu.1GRN.Chr1p367591371",1,367591371,1.20606030824922e-22,0.379032258064516,NA,3.86360845433204e-19,"GLM","NYC","Cotyledon_Color_RvsY",21.9186309750441,18.4130068922822,"Significant",-0.3858693537571
"Lcu.1GRN.Chr1p368422443",1,368422443,1.25795417015706e-22,0.338709677419355,NA,3.99183273918133e-19,"GLM","NYC","Cotyledon_Color_RvsY",21.9003351808386,18.3988276642715,"Significant",-0.384887999137939
"Lcu.1GRN.Chr4p423073947",4,423073947,1.26897508488769e-22,0.301242236024845,NA,8.12547214206251e-19,"GLM","NYC","DTF_Sask_2017_b",21.8965469047784,18.0901513943202,"Significant",-3.11939769930351
"Lcu.1GRN.Chr1p367435967",1,367435967,1.27223130964167e-22,0.359677419354839,NA,3.99940774701157e-19,"GLM","NYC","Cotyledon_Color_RvsY",21.8954339206308,18.3980043164842,"Significant",-0.385646857077092
"Lcu.1GRN.Chr3p343245810",3,343245810,1.27362904785729e-22,0.458074534161491,NA,8.12547214206251e-19,"GLM","NYC","DTF_Sask_2017_b",21.8949570444711,18.0901513943202,"Significant",-2.95526186920951
"Lcu.1GRN.Chr1p367613056",1,367613056,1.3070271576291e-22,0.370967741935484,NA,4.07074818453915e-19,"GLM","NYC","Cotyledon_Color_RvsY",21.8837153884823,18.3903257621373,"Significant",-0.380142565251758
"Lcu.1GRN.Chr4p419373590",4,419373590,1.30856192361406e-22,0.288819875776398,NA,8.12547214206251e-19,"GLM","NYC","DTF_Sask_2017_b",21.8832057209052,18.0901513943202,"Significant",-3.12287450817787
"Lcu.1GRN.Chr6p2183233",6,2183233,1.31966918090583e-22,0.333850931677019,NA,8.12547214206251e-19,"GLM","NYC","DTF_Sask_2017_b",21.879534925547,18.0901513943202,"Significant",-2.95560446523463
"Lcu.1GRN.Chr5p422393732",5,422393732,1.32861121279269e-22,0.338509316770186,NA,8.12547214206251e-19,"GLM","NYC","DTF_Sask_2017_b",21.8766020866578,18.0901513943202,"Significant",-3.19804677446687
"Lcu.1GRN.Chr1p357738654",1,357738654,1.34925307068863e-22,0.47258064516129,NA,4.16370832686534e-19,"GLM","NYC","Cotyledon_Color_RvsY",21.8699065848754,18.3805197009842,"Significant",-0.303032113850778
"Lcu.1GRN.Chr4p488683410",4,488683410,1.354959100532e-22,0.256211180124224,NA,8.13863442444016e-19,"GLM","NYC","DTF_Sask_2017_b",21.8680738137795,18.0894484589538,"Significant",-3.27421592590446
"Lcu.1GRN.Chr6p3270522",6,3270522,1.39381278682764e-22,0.0838509316770186,NA,1.17208156416714e-17,"FarmCPU","NYC","DTF_Sask_2017_b",21.8557955555837,16.9310421650797,"Significant",-0.0122838196728026
"Lcu.1GRN.Chr1p369006605",1,369006605,1.41609982351085e-22,0.370967741935484,NA,4.3302659030443e-19,"GLM","NYC","Cotyledon_Color_RvsY",21.8489061313412,18.3634854346676,"Significant",-0.3893500670572
"Lcu.1GRN.Chr1p364633717",1,364633717,1.44567673439788e-22,0.480645161290323,NA,4.38088239747039e-19,"GLM","NYC","Cotyledon_Color_RvsY",21.839928808122,18.3584384050768,"Significant",0.356235302724407
"Lcu.1GRN.Chr1p361910110",1,361910110,1.47068317384186e-22,0.0467741935483871,NA,1.23672321783916e-17,"MLMM","NYC","Cotyledon_Color_RvsY",21.8324808763358,16.9077274858319,"Significant",1.01121702392333
"Lcu.1GRN.Chr1p363515087",1,363515087,1.52783899318117e-22,0.206451612903226,NA,4.53928672885093e-19,"GLM","NYC","Cotyledon_Color_RvsY",21.8159224101957,18.3430123837201,"Significant",-0.404983131586367
"Lcu.1GRN.Chr1p368320180",1,368320180,1.55192980826852e-22,0.37258064516129,NA,4.53928672885093e-19,"GLM","NYC","Cotyledon_Color_RvsY",21.8091279251983,18.3430123837201,"Significant",-0.391544975123505
"Lcu.1GRN.Chr1p368411848",1,368411848,1.55192980826852e-22,0.37258064516129,NA,4.53928672885093e-19,"GLM","NYC","Cotyledon_Color_RvsY",21.8091279251983,18.3430123837201,"Significant",-0.391544975123505
"Lcu.1GRN.Chr1p368412956",1,368412956,1.55192980826852e-22,0.37258064516129,NA,4.53928672885093e-19,"GLM","NYC","Cotyledon_Color_RvsY",21.8091279251983,18.3430123837201,"Significant",-0.391544975123505
"Lcu.1GRN.Chr4p439811641",4,439811641,1.57761922745492e-22,0.27639751552795,NA,8.95263568445137e-19,"GLM","NYC","DTF_Sask_2017_b",21.8019978093459,18.0480490881812,"Significant",-3.08800079829975
"Lcu.1GRN.Chr6p2134238",6,2134238,1.5811487615941e-22,0.330745341614907,NA,8.95263568445137e-19,"GLM","NYC","DTF_Sask_2017_b",21.8010272677654,18.0480490881812,"Significant",-2.95694685845933
"Lcu.1GRN.Chr4p419238023",4,419238023,1.62400423805289e-22,0.309006211180124,NA,8.95263568445137e-19,"GLM","NYC","DTF_Sask_2017_b",21.7894128417447,18.0480490881812,"Significant",-3.13932614475563
"Lcu.1GRN.Chr4p439778514",4,439778514,1.63790842567067e-22,0.281055900621118,NA,8.95263568445137e-19,"GLM","NYC","DTF_Sask_2017_b",21.7857103830015,18.0480490881812,"Significant",-3.0896197550264
"Lcu.1GRN.Chr3p240145023",3,240145023,1.65042699523579e-22,0.484472049689441,NA,8.95263568445137e-19,"GLM","NYC","DTF_Sask_2017_b",21.7824036814321,18.0480490881812,"Significant",2.80011026000997
"Lcu.1GRN.Chr4p439870735",4,439870735,1.6591633877384e-22,0.301242236024845,NA,8.95263568445137e-19,"GLM","NYC","DTF_Sask_2017_b",21.7801108442956,18.0480490881812,"Significant",-2.99537904535208
"Lcu.1GRN.Chr3p344658434",3,344658434,1.67678769950809e-22,0.459627329192547,NA,8.95263568445137e-19,"GLM","NYC","DTF_Sask_2017_b",21.7755219205595,18.0480490881812,"Significant",-2.74554032543771
"Lcu.1GRN.Chr1p369133539",1,369133539,1.68212609316532e-22,0.364516129032258,NA,4.87768713430811e-19,"GLM","NYC","Cotyledon_Color_RvsY",21.774141452347,18.3117860597421,"Significant",-0.390020222923078
"Lcu.1GRN.Chr2p409606851",2,409606851,1.73640434839762e-22,0.271739130434783,NA,9.12608002277283e-19,"GLM","NYC","DTF_Sask_2017_b",21.7603491352483,18.0397157274003,"Significant",-3.14754723077235
"Lcu.1GRN.Chr1p367494512",1,367494512,1.74859003605673e-22,0.37741935483871,NA,5.02707679195124e-19,"GLM","NYC","Cotyledon_Color_RvsY",21.7573120006691,18.2986844805834,"Significant",-0.382401838245467
"Lcu.1GRN.Chr1p367592989",1,367592989,1.81125986100993e-22,0.380645161290323,NA,3.20656866141225e-18,"MLM","NYC","Cotyledon_Color_RvsY",21.7420192370926,17.4939594562135,"Significant",-0.374179174738043
"Lcu.1GRN.Chr4p418017929",4,418017929,1.85685019554621e-22,0.295031055900621,NA,9.60897122654297e-19,"GLM","NYC","DTF_Sask_2017_b",21.731223132271,18.0173231070819,"Significant",-3.11427083799244
"Lcu.1GRN.Chr1p382567683",1,382567683,1.90135209087547e-22,0.353225806451613,NA,5.41993304026702e-19,"GLM","NYC","Cotyledon_Color_RvsY",21.7209374533789,18.2660060788532,"Significant",-0.379142713946309
"Lcu.1GRN.Chr3p240805205",3,240805205,1.92300288472402e-22,0.496894409937888,NA,9.7130914665975e-19,"GLM","NYC","DTF_Sask_2017_b",21.7160200642697,18.0126425215647,"Significant",2.83898880008884
"Lcu.1GRN.Chr4p439788597",4,439788597,1.93608259339329e-22,0.288819875776398,NA,9.7130914665975e-19,"GLM","NYC","DTF_Sask_2017_b",21.7130761196052,18.0126425215647,"Significant",-3.09134202784186
"Lcu.1GRN.Chr4p439806560",4,439806560,1.98714773364744e-22,0.282608695652174,NA,9.7130914665975e-19,"GLM","NYC","DTF_Sask_2017_b",21.7017698442526,18.0126425215647,"Significant",-3.1093890701671
"Lcu.1GRN.Chr6p2134947",6,2134947,1.99247640581635e-22,0.33695652173913,NA,9.7130914665975e-19,"GLM","NYC","DTF_Sask_2017_b",21.7006068126593,18.0126425215647,"Significant",-2.95850355112417
"Lcu.1GRN.Chr1p368411597",1,368411597,2.07062447503752e-22,0.353225806451613,NA,5.85285498147014e-19,"GLM","NYC","Cotyledon_Color_RvsY",21.68389865688,18.2326322364407,"Significant",-0.380001629887832
"Lcu.1GRN.Chr1p367687922",1,367687922,2.21352053457121e-22,0.375806451612903,NA,6.20462718043429e-19,"GLM","NYC","Cotyledon_Color_RvsY",21.6549164447673,18.2072843089831,"Significant",-0.377667856081614
"Lcu.1GRN.Chr2p43989580",2,43989580,2.25355321305892e-22,0.0694444444444444,NA,1.89505233404247e-17,"GLM","NYC","DTF_Nepal_2017",21.6471321824943,16.7223787919904,"Significant",14.0800637742525
"Lcu.1GRN.Chr3p344658671",3,344658671,2.29744599224288e-22,0.458074534161491,NA,1.10397859438966e-18,"GLM","NYC","DTF_Sask_2017_b",21.6387546891025,17.9570393472849,"Significant",-2.73202802861416
"Lcu.1GRN.Chr1p368962659",1,368962659,2.3014855155557e-22,0.325806451612903,NA,6.39788246620598e-19,"GLM","NYC","Cotyledon_Color_RvsY",21.6379917540023,18.1939637424868,"Significant",-0.396397511257404
"Lcu.1GRN.Chr6p2132299",6,2132299,2.39688461743419e-22,0.338509316770186,NA,1.13553927903167e-18,"GLM","NYC","DTF_Sask_2017_b",21.6203528717727,17.9447978386599,"Significant",-2.96874609915538
"Lcu.1GRN.Chr1p367566992",1,367566992,2.44717935672107e-22,0.406451612903226,NA,6.74713425149342e-19,"GLM","NYC","Cotyledon_Color_RvsY",21.6113341995163,18.1708806483592,"Significant",-0.320917732377904
"Lcu.1GRN.Chr1p367612441",1,367612441,2.50361438611302e-22,0.37741935483871,NA,6.84661187165593e-19,"GLM","NYC","Cotyledon_Color_RvsY",21.6014325615957,18.1645242912032,"Significant",-0.385397177303292
"Lcu.1GRN.Chr1p368325461",1,368325461,2.58493160792375e-22,0.37741935483871,NA,7.01198137227814e-19,"GLM","NYC","Cotyledon_Color_RvsY",21.587550942974,18.1541592463044,"Significant",-0.388495483632181
"Lcu.1GRN.Chr4p439858324",4,439858324,2.64313288319236e-22,0.28416149068323,NA,1.18470121851331e-18,"GLM","NYC","DTF_Sask_2017_b",21.5778810022158,17.9263911648541,"Significant",-3.08394529195863
"Lcu.1GRN.Chr3p345035314",3,345035314,2.65503713858564e-22,0.436335403726708,NA,1.18470121851331e-18,"GLM","NYC","DTF_Sask_2017_b",21.5759293996409,17.9263911648541,"Significant",-2.74744341314701
"Lcu.1GRN.Chr4p488679053",4,488679053,2.67675760722697e-22,0.254658385093168,NA,1.18470121851331e-18,"GLM","NYC","DTF_Sask_2017_b",21.5723909544051,17.9263911648541,"Significant",-3.26087307797317
"Lcu.1GRN.Chr4p488683452",4,488683452,2.67675760722697e-22,0.254658385093168,NA,1.18470121851331e-18,"GLM","NYC","DTF_Sask_2017_b",21.5723909544051,17.9263911648541,"Significant",-3.26087307797317
"Lcu.1GRN.Chr4p488866113",4,488866113,2.67675760722697e-22,0.254658385093168,NA,1.18470121851331e-18,"GLM","NYC","DTF_Sask_2017_b",21.5723909544051,17.9263911648541,"Significant",-3.26087307797317
"Lcu.1GRN.Chr1p367669176",1,367669176,2.78845520210544e-22,0.37258064516129,NA,7.50355448773281e-19,"GLM","NYC","Cotyledon_Color_RvsY",21.5546363282693,18.1247329594455,"Significant",-0.379962174059407
"Lcu.1GRN.Chr1p364568835",1,364568835,2.83557835455273e-22,0.495161290322581,NA,7.56980146337967e-19,"GLM","NYC","Cotyledon_Color_RvsY",21.5473583475035,18.1209155107891,"Significant",-0.357445948666617
"Lcu.1GRN.Chr4p488683760",4,488683760,2.884694201704e-22,0.267080745341615,NA,1.2601505643436e-18,"GLM","NYC","DTF_Sask_2017_b",21.5399002184013,17.8995775617419,"Significant",-3.26734527798246
"Lcu.1GRN.Chr5p439889246",5,439889246,3.01121259817326e-22,0.288819875776398,NA,1.29855454873044e-18,"GLM","NYC","DTF_Sask_2017_b",21.5212585812677,17.8865398021263,"Significant",-3.0933997218814
"Lcu.1GRN.Chr3p344655790",3,344655790,3.07493617752734e-22,0.464285714285714,NA,1.30924943952701e-18,"GLM","NYC","DTF_Sask_2017_b",21.5121638938838,17.8829776033424,"Significant",-2.76579507811561
"Lcu.1GRN.Chr1p366601445",1,366601445,3.12373396175893e-22,0.470967741935484,NA,8.27339387019658e-19,"GLM","NYC","Cotyledon_Color_RvsY",21.5053259606654,18.0823162997895,"Significant",-0.354284675989744
"Lcu.1GRN.Chr1p367613056",1,367613056,3.19181872562074e-22,0.370967741935484,NA,5.36811244640436e-18,"MLM","NYC","Cotyledon_Color_RvsY",21.4959617817004,17.2701783955325,"Significant",-0.362456364126109
"Lcu.1GRN.Chr4p488684268",4,488684268,3.26528932448515e-22,0.253105590062112,NA,1.33715641133743e-18,"GLM","NYC","DTF_Sask_2017_b",21.4860783315526,17.8738177889926,"Significant",-3.26792150128631
"Lcu.1GRN.Chr4p488688171",4,488688171,3.26528932448515e-22,0.253105590062112,NA,1.33715641133743e-18,"GLM","NYC","DTF_Sask_2017_b",21.4860783315526,17.8738177889926,"Significant",-3.26792150128631
"Lcu.1GRN.Chr4p488689550",4,488689550,3.26528932448515e-22,0.253105590062112,NA,1.33715641133743e-18,"GLM","NYC","DTF_Sask_2017_b",21.4860783315526,17.8738177889926,"Significant",-3.26792150128631
"Lcu.1GRN.Chr3p344659836",3,344659836,3.2994907984733e-22,0.277950310559006,NA,1.33715641133743e-18,"GLM","NYC","DTF_Sask_2017_b",21.4815530784483,17.8738177889926,"Significant",-4.16624517384079
"Lcu.1GRN.Chr1p382566676",1,382566676,3.5499947401979e-22,0.354838709677419,NA,9.32891469356364e-19,"GLM","NYC","Cotyledon_Color_RvsY",21.449772290411,18.030168878227,"Significant",-0.379619624759932
"Lcu.1GRN.Chr2p52953807",2,52953807,3.59718371200746e-22,0.245341614906832,NA,1.44044511149621e-18,"GLM","NYC","DTF_Sask_2017_b",21.4440373817329,17.8415032859629,"Significant",-3.30104874572449
"Lcu.1GRN.Chr1p367563036",1,367563036,3.62024498610485e-22,0.320967741935484,NA,9.43977476931108e-19,"GLM","NYC","Cotyledon_Color_RvsY",21.4412620392698,18.0250383677371,"Significant",-0.387565838575634
"Lcu.1GRN.Chr1p361546354",1,361546354,3.72078734884239e-22,0.22741935483871,NA,9.62730829360052e-19,"GLM","NYC","Cotyledon_Color_RvsY",21.4293651501514,18.0164951206263,"Significant",-0.339409109199788
"Lcu.1GRN.Chr2p17508955",2,17508955,3.75904842323479e-22,0.27639751552795,NA,1.48755275409202e-18,"GLM","NYC","DTF_Sask_2017_b",21.4249220797642,17.8275276236466,"Significant",-3.41838424585282
"Lcu.1GRN.Chr1p364870820",1,364870820,3.88845738409022e-22,0.387096774193548,NA,9.98434156423111e-19,"GLM","NYC","Cotyledon_Color_RvsY",21.4102226563735,18.0006805701974,"Significant",-0.376256651403491
"Lcu.1GRN.Chr1p351587615",1,351587615,4.11074321459117e-22,0.416129032258065,NA,1.04751391125938e-18,"GLM","NYC","Cotyledon_Color_RvsY",21.3860796514048,17.9798402007788,"Significant",0.387202540948826
"Lcu.1GRN.Chr4p422865655",4,422865655,4.31769910113432e-22,0.305900621118012,NA,1.68875755064099e-18,"GLM","NYC","DTF_Sask_2017_b",21.3647476267703,17.772432696182,"Significant",-3.06965709349545
"Lcu.1GRN.Chr1p369006605",1,369006605,4.34157402637983e-22,0.370967741935484,NA,6.56754581778703e-18,"MLM","NYC","Cotyledon_Color_RvsY",21.3623527896029,17.1825968887219,"Significant",-0.370208093592194
"Lcu.1GRN.Chr1p368965430",1,368965430,4.47605825991476e-22,0.374193548387097,NA,1.13202878850583e-18,"GLM","NYC","Cotyledon_Color_RvsY",21.3491042693745,17.9461425285097,"Significant",-0.375686368715587
"Lcu.1GRN.Chr4p439809982",4,439809982,4.47780247138491e-22,0.285714285714286,NA,1.73124710792221e-18,"GLM","NYC","DTF_Sask_2017_b",21.3489350683005,17.7616409390872,"Significant",-3.06087376335184
"Lcu.1GRN.Chr1p365316597",1,365316597,4.47895013526844e-22,0.396774193548387,NA,6.56754581778703e-18,"MLM","NYC","Cotyledon_Color_RvsY",21.3488237725851,17.1825968887219,"Significant",-0.342983509186253
"Lcu.1GRN.Chr1p367559246",1,367559246,4.54212770597102e-22,0.401612903225806,NA,6.56754581778703e-18,"MLM","NYC","Cotyledon_Color_RvsY",21.342740659368,17.1825968887219,"Significant",-0.353870748170275
"Lcu.1GRN.Chr4p422819133",4,422819133,4.5493690111409e-22,0.343167701863354,NA,1.73892909792094e-18,"GLM","NYC","DTF_Sask_2017_b",21.3420488349875,17.7597181253058,"Significant",-3.10804399467906
"Lcu.1GRN.Chr1p367537687",1,367537687,4.60131246189542e-22,0.369354838709677,NA,1.15502214094804e-18,"GLM","NYC","Cotyledon_Color_RvsY",21.3371182740446,17.9374096905776,"Significant",-0.377800277594566
"Lcu.1GRN.Chr4p422865750",4,422865750,4.85305964599538e-22,0.315217391304348,NA,1.8341675437579e-18,"GLM","NYC","DTF_Sask_2017_b",21.3139843710034,17.7365609958164,"Significant",-3.11570628147673
"Lcu.1GRN.Chr4p422822151",4,422822151,4.94920605975289e-22,0.333850931677019,NA,1.84972177188989e-18,"GLM","NYC","DTF_Sask_2017_b",21.3054644640004,17.7328935916078,"Significant",-3.07189598652673
"Lcu.1GRN.Chr1p368320180",1,368320180,5.07648465106454e-22,0.37258064516129,NA,6.56754581778703e-18,"MLM","NYC","Cotyledon_Color_RvsY",21.294436922583,17.1825968887219,"Significant",-0.383903381396449
"Lcu.1GRN.Chr1p368411848",1,368411848,5.07648465106454e-22,0.37258064516129,NA,6.56754581778703e-18,"MLM","NYC","Cotyledon_Color_RvsY",21.294436922583,17.1825968887219,"Significant",-0.383903381396449
"Lcu.1GRN.Chr1p368412956",1,368412956,5.07648465106454e-22,0.37258064516129,NA,6.56754581778703e-18,"MLM","NYC","Cotyledon_Color_RvsY",21.294436922583,17.1825968887219,"Significant",-0.383903381396449
"Lcu.1GRN.Chr1p367669117",1,367669117,5.33742119004682e-22,0.370967741935484,NA,1.32987581735739e-18,"GLM","NYC","Cotyledon_Color_RvsY",21.272668524516,17.8761889111791,"Significant",-0.373689226763242
"Lcu.1GRN.Chr3p224629028",3,224629028,5.44060598619057e-22,0.479813664596273,NA,1.99752590365252e-18,"GLM","NYC","DTF_Sask_2017_b",21.2643527249707,17.6995075801039,"Significant",-3.01353591456824
"Lcu.1GRN.Chr2p411832080",2,411832080,5.55130180718534e-22,0.279503105590062,NA,1.99752590365252e-18,"GLM","NYC","DTF_Sask_2017_b",21.2556051607726,17.6995075801039,"Significant",-3.02160804982806
"Lcu.1GRN.Chr4p440126888",4,440126888,5.66033818319101e-22,0.31832298136646,NA,1.99752590365252e-18,"GLM","NYC","DTF_Sask_2017_b",21.2471576206304,17.6995075801039,"Significant",-2.93339805878858
"Lcu.1GRN.Chr4p440126910",4,440126910,5.66033818319101e-22,0.31832298136646,NA,1.99752590365252e-18,"GLM","NYC","DTF_Sask_2017_b",21.2471576206304,17.6995075801039,"Significant",-2.93339805878858
"Lcu.1GRN.Chr4p488684178",4,488684178,5.69720237031749e-22,0.256211180124224,NA,1.99752590365252e-18,"GLM","NYC","DTF_Sask_2017_b",21.2443383536956,17.6995075801039,"Significant",-3.23874115225358
"Lcu.1GRN.Chr4p419240003",4,419240003,5.70098989349853e-22,0.304347826086957,NA,1.99752590365252e-18,"GLM","NYC","DTF_Sask_2017_b",21.2440497288962,17.6995075801039,"Significant",-3.04456928861913
"Lcu.1GRN.Chr1p367684157",1,367684157,5.81798213205213e-22,0.370967741935484,NA,1.43895382044999e-18,"GLM","NYC","Cotyledon_Color_RvsY",21.2352276168743,17.8419531434126,"Significant",-0.37284893390084
"Lcu.1GRN.Chr1p367590516",1,367590516,6.23844692006057e-22,0.379032258064516,NA,7.77188027837042e-18,"MLM","NYC","Cotyledon_Color_RvsY",21.2049235157662,17.1094738980933,"Significant",-0.372586282265092
"Lcu.1GRN.Chr4p439805853",4,439805853,6.41110570525284e-22,0.293478260869565,NA,2.22317978634926e-18,"GLM","NYC","DTF_Sask_2017_b",21.1930670624815,17.6530254149159,"Significant",-3.05711793675431
"Lcu.1GRN.Chr2p52323063",2,52323063,6.52925935804811e-22,0.198757763975155,NA,2.24104834947813e-18,"GLM","NYC","DTF_Sask_2017_b",21.1851360798207,17.6495487736813,"Significant",-3.45324979065975
"Lcu.1GRN.Chr4p488684501",4,488684501,6.7377028963054e-22,0.257763975155279,NA,2.28923324254703e-18,"GLM","NYC","DTF_Sask_2017_b",21.1714881434499,17.6403099562155,"Significant",-3.21332429752715
"Lcu.1GRN.Chr3p225094849",3,225094849,6.88368595408704e-22,0.495341614906832,NA,2.31544479331839e-18,"GLM","NYC","DTF_Sask_2017_b",21.162178951174,17.6353655693421,"Significant",-2.91183781812581
"Lcu.1GRN.Chr1p367666858",1,367666858,7.07102975337535e-22,0.353225806451613,NA,1.7260610316035e-18,"GLM","NYC","Cotyledon_Color_RvsY",21.1505173353342,17.7629438521782,"Significant",-0.386479183263178
"Lcu.1GRN.Chr1p366878393",1,366878393,7.08144444494503e-22,0.482258064516129,NA,1.7260610316035e-18,"GLM","NYC","Cotyledon_Color_RvsY",21.1498781476088,17.7629438521782,"Significant",-0.351672562225692
"Lcu.1GRN.Chr2p52950765",2,52950765,7.09908680188466e-22,0.225155279503106,NA,2.31834808765974e-18,"GLM","NYC","DTF_Sask_2017_b",21.1487975135921,17.6348213564654,"Significant",-3.24753214169677
"Lcu.1GRN.Chr2p52951465",2,52951465,7.09908680188466e-22,0.225155279503106,NA,2.31834808765974e-18,"GLM","NYC","DTF_Sask_2017_b",21.1487975135921,17.6348213564654,"Significant",-3.24753214169677
"Lcu.1GRN.Chr2p52952850",2,52952850,7.09908680188466e-22,0.225155279503106,NA,2.31834808765974e-18,"GLM","NYC","DTF_Sask_2017_b",21.1487975135921,17.6348213564654,"Significant",-3.24753214169677
"Lcu.1GRN.Chr4p440095388",4,440095388,7.26797930055422e-22,0.316770186335404,NA,2.35068114748992e-18,"GLM","NYC","DTF_Sask_2017_b",21.1385863182473,17.6288062757142,"Significant",-2.92312720214831
"Lcu.1GRN.Chr4p440092296",4,440092296,7.54910669077657e-22,0.316770186335404,NA,2.41835273357757e-18,"GLM","NYC","DTF_Sask_2017_b",21.1221044367443,17.6164803539823,"Significant",-2.93136304419824
"Lcu.1GRN.Chr3p241042171",3,241042171,7.63159449065588e-22,0.461180124223602,NA,2.42171372079099e-18,"GLM","NYC","DTF_Sask_2017_b",21.1173847141883,17.6158771976212,"Significant",2.87014342513579
"Lcu.1GRN.Chr4p422819131",4,422819131,7.7760279014194e-22,0.343167701863354,NA,2.44448521225863e-18,"GLM","NYC","DTF_Sask_2017_b",21.1092421897728,17.6118125856261,"Significant",-3.08723131958861
"Lcu.1GRN.Chr1p368780831",1,368780831,7.78589947071693e-22,0.367741935483871,NA,1.88411485414866e-18,"GLM","NYC","Cotyledon_Color_RvsY",21.1086912080665,17.7248926264887,"Significant",-0.366042288342651
"Lcu.1GRN.Chr3p344656570",3,344656570,7.88454446676905e-22,0.46583850931677,NA,2.44769703435302e-18,"GLM","NYC","DTF_Sask_2017_b",21.1032233931763,17.6112423383448,"Significant",-2.7441551930771
"Lcu.1GRN.Chr4p440092263",4,440092263,7.93178215296027e-22,0.324534161490683,NA,2.44769703435302e-18,"GLM","NYC","DTF_Sask_2017_b",21.1006292222361,17.6112423383448,"Significant",-2.92438451413902
"Lcu.1GRN.Chr1p367578126",1,367578126,8.19970865365809e-22,0.364516129032258,NA,1.97007957193215e-18,"GLM","NYC","Cotyledon_Color_RvsY",21.0862015783915,17.7055162322378,"Significant",-0.379798937411526
"Lcu.1GRN.Chr2p52953865",2,52953865,8.25994846474392e-22,0.229813664596273,NA,2.52579462294593e-18,"GLM","NYC","DTF_Sask_2017_b",21.08302266231,17.5976019656364,"Significant",-3.22962621976932
"Lcu.1GRN.Chr1p365205475",1,365205475,8.57367368842298e-22,0.451612903225806,NA,1.0299646062692e-17,"MLM","NYC","Cotyledon_Color_RvsY",21.0668330496351,16.9871776991454,"Significant",-0.340292999532559
"Lcu.1GRN.Chr5p440718483",5,440718483,8.80312409861532e-22,0.287267080745342,NA,2.6676400393504e-18,"GLM","NYC","DTF_Sask_2017_b",21.0553631758032,17.5738727727579,"Significant",-3.03029610337784
"Lcu.1GRN.Chr2p44193346",2,44193346,8.9003400486515e-22,0.0725308641975309,NA,4.507017407742e-17,"GLM","NYC","DTF_Nepal_2017",21.0505934002729,16.3461107645224,"Significant",13.4604248497396
"Lcu.1GRN.Chr4p440127004",4,440127004,8.97188281456187e-22,0.319875776397516,NA,2.69450473811226e-18,"GLM","NYC","DTF_Sask_2017_b",21.0471164075502,17.5695210483885,"Significant",-2.9281262288153
"Lcu.1GRN.Chr3p345035397",3,345035397,9.18154601161576e-22,0.440993788819876,NA,2.73306998875147e-18,"GLM","NYC","DTF_Sask_2017_b",21.0370841850534,17.5633492467049,"Significant",-2.69492234033282
"Lcu.1GRN.Chr2p44071765",2,44071765,9.34351746476991e-22,0.0709876543209876,NA,4.507017407742e-17,"GLM","NYC","DTF_Nepal_2017",21.0294895982924,16.3461107645224,"Significant",13.7540939392889
"Lcu.1GRN.Chr1p360324633",1,360324633,9.53004798585062e-22,0.225806451612903,NA,2.27347067436639e-18,"GLM","NYC","Cotyledon_Color_RvsY",21.0209049125896,17.6433106434131,"Significant",-0.329318143626637
"Lcu.1GRN.Chr2p52954618",2,52954618,9.62772996171599e-22,0.231366459627329,NA,2.8191669523563e-18,"GLM","NYC","DTF_Sask_2017_b",21.0164760993049,17.549879204249,"Significant",-3.23677078091309
"Lcu.1GRN.Chr4p422865651",4,422865651,9.6384068449335e-22,0.298136645962733,NA,2.8191669523563e-18,"GLM","NYC","DTF_Sask_2017_b",21.0159947457272,17.549879204249,"Significant",-3.03724852189694
"Lcu.1GRN.Chr5p460193195",5,460193195,9.76749838794918e-22,0.436335403726708,NA,2.83229666401664e-18,"GLM","NYC","DTF_Sask_2017_b",21.0102166517802,17.5478612591752,"Significant",2.68421205480927
"Lcu.1GRN.Chr2p52995435",2,52995435,9.92069872042589e-22,0.226708074534162,NA,2.85213304828504e-18,"GLM","NYC","DTF_Sask_2017_b",21.0034577391625,17.5448302190767,"Significant",-3.22367763640902
"Lcu.1GRN.Chr2p54513196",2,54513196,1.01929087470635e-21,0.22360248447205,NA,2.884206906343e-18,"GLM","NYC","DTF_Sask_2017_b",20.9917018638312,17.5399735875518,"Significant",-3.25055848122581
"Lcu.1GRN.Chr4p439784841",4,439784841,1.02037542878706e-21,0.302795031055901,NA,2.884206906343e-18,"GLM","NYC","DTF_Sask_2017_b",20.9912400079912,17.5399735875518,"Significant",-3.12223498277005
"Lcu.1GRN.Chr4p440024383",4,440024383,1.05389864788436e-21,0.313664596273292,NA,2.95413938744098e-18,"GLM","NYC","DTF_Sask_2017_b",20.9772011526728,17.5295690168886,"Significant",-2.92204707117465
"Lcu.1GRN.Chr2p54510331",2,54510331,1.06407788104438e-21,0.220496894409938,NA,2.95802218688639e-18,"GLM","NYC","DTF_Sask_2017_b",20.9730265843812,17.5289985728658,"Significant",-3.2671971408605
"Lcu.1GRN.Chr4p440268934",4,440268934,1.09840650488362e-21,0.312111801242236,NA,3.02664908889117e-18,"GLM","NYC","DTF_Sask_2017_b",20.9592369038242,17.5190379284298,"Significant",-2.93161586571439
"Lcu.1GRN.Chr4p440024396",4,440024396,1.10676088300462e-21,0.316770186335404,NA,3.02664908889117e-18,"GLM","NYC","DTF_Sask_2017_b",20.9559461988222,17.5190379284298,"Significant",-2.92324515268659
"Lcu.1GRN.Chr3p316080834",3,316080834,1.12022903021669e-21,0.364906832298137,NA,3.03877482424916e-18,"GLM","NYC","DTF_Sask_2017_b",20.950693176981,17.5173014803114,"Significant",-3.22702171046377
"Lcu.1GRN.Chr1p369005259",1,369005259,1.12898993057907e-21,0.32258064516129,NA,2.67433067590908e-18,"GLM","NYC","Cotyledon_Color_RvsY",20.9473099315148,17.5727848940659,"Significant",-0.388112586746498
"Lcu.1GRN.Chr4p440125557",4,440125557,1.14610704630694e-21,0.313664596273292,NA,3.05904612035746e-18,"GLM","NYC","DTF_Sask_2017_b",20.9407748174042,17.5144139752331,"Significant",-2.90066788784289
"Lcu.1GRN.Chr5p404772161",5,404772161,1.15767079401092e-21,0.319875776397516,NA,3.05904612035746e-18,"GLM","NYC","DTF_Sask_2017_b",20.9364149230533,17.5144139752331,"Significant",-2.97184072576012
"Lcu.1GRN.Chr2p52951752",2,52951752,1.15890388004953e-21,0.22360248447205,NA,3.05904612035746e-18,"GLM","NYC","DTF_Sask_2017_b",20.9359525831004,17.5144139752331,"Significant",-3.2291095093159
"Lcu.1GRN.Chr4p440213461",4,440213461,1.16407942338504e-21,0.313664596273292,NA,3.05904612035746e-18,"GLM","NYC","DTF_Sask_2017_b",20.9340173874171,17.5144139752331,"Significant",-2.93313560923185
"Lcu.1GRN.Chr1p367608468",1,367608468,1.1846389885232e-21,0.391935483870968,NA,2.78652771085722e-18,"GLM","NYC","Cotyledon_Color_RvsY",20.9264139780754,17.5549366337086,"Significant",-0.365235150535907
"Lcu.1GRN.Chr1p369008065",1,369008065,1.19002096987273e-21,0.374193548387097,NA,1.38028890887304e-17,"MLM","NYC","Cotyledon_Color_RvsY",20.9244453856497,16.8600300017168,"Significant",-0.382146699121615
"Lcu.1GRN.Chr1p364633986",1,364633986,1.19675499905882e-21,0.482258064516129,NA,2.79547839422513e-18,"GLM","NYC","Cotyledon_Color_RvsY",20.9219947497168,17.5535438599802,"Significant",0.349131719307679
"Lcu.1GRN.Chr2p44078808",2,44078808,1.20591962557795e-21,0.0740740740740741,NA,4.507017407742e-17,"GLM","NYC","DTF_Nepal_2017",20.9186816369149,16.3461107645224,"Significant",13.3452962494883
"Lcu.1GRN.Chr2p44142916",2,44142916,1.20591962557795e-21,0.0740740740740741,NA,4.507017407742e-17,"GLM","NYC","DTF_Nepal_2017",20.9186816369149,16.3461107645224,"Significant",13.3452962494883
"Lcu.1GRN.Chr2p44193620",2,44193620,1.20591962557795e-21,0.0740740740740741,NA,4.507017407742e-17,"GLM","NYC","DTF_Nepal_2017",20.9186816369149,16.3461107645224,"Significant",13.3452962494883
"Lcu.1GRN.Chr3p345157918",3,345157918,1.21606939131056e-21,0.472049689440994,NA,3.17089622439503e-18,"GLM","NYC","DTF_Sask_2017_b",20.9150416426591,17.4988179711265,"Significant",2.82863037782627
"Lcu.1GRN.Chr1p368048642",1,368048642,1.21934527304478e-21,0.445161290322581,NA,2.8286035272983e-18,"GLM","NYC","Cotyledon_Color_RvsY",20.9138733009887,17.5484279213918,"Significant",-0.367547190687289
"Lcu.1GRN.Chr1p365323936",1,365323936,1.24622597655992e-21,0.388709677419355,NA,2.86043670706795e-18,"GLM","NYC","Cotyledon_Color_RvsY",20.9044032004741,17.5435676574334,"Significant",-0.355862155638613
"Lcu.1GRN.Chr2p411995309",2,411995309,1.2469189220239e-21,0.282608695652174,NA,3.19769305624586e-18,"GLM","NYC","DTF_Sask_2017_b",20.9041617845827,17.4951632261359,"Significant",-3.04036440097991
"Lcu.1GRN.Chr1p361407757",1,361407757,1.25007564933239e-21,0.15,NA,2.86043670706795e-18,"GLM","NYC","Cotyledon_Color_RvsY",20.9030637045171,17.5435676574334,"Significant",-0.383763555924914
"Lcu.1GRN.Chr4p440024855",4,440024855,1.26746221270368e-21,0.31832298136646,NA,3.19769305624586e-18,"GLM","NYC","DTF_Sask_2017_b",20.8970649795756,17.4951632261359,"Significant",-2.90234123168474
"Lcu.1GRN.Chr2p54511426",2,54511426,1.28338559547516e-21,0.222049689440994,NA,3.19769305624586e-18,"GLM","NYC","DTF_Sask_2017_b",20.8916428394727,17.4951632261359,"Significant",-3.26005921898971
"Lcu.1GRN.Chr2p54513608",2,54513608,1.28338559547516e-21,0.222049689440994,NA,3.19769305624586e-18,"GLM","NYC","DTF_Sask_2017_b",20.8916428394727,17.4951632261359,"Significant",-3.26005921898971
"Lcu.1GRN.Chr2p54575507",2,54575507,1.28338559547516e-21,0.222049689440994,NA,3.19769305624586e-18,"GLM","NYC","DTF_Sask_2017_b",20.8916428394727,17.4951632261359,"Significant",-3.26005921898971
"Lcu.1GRN.Chr2p54584467",2,54584467,1.28338559547516e-21,0.222049689440994,NA,3.19769305624586e-18,"GLM","NYC","DTF_Sask_2017_b",20.8916428394727,17.4951632261359,"Significant",-3.26005921898971
"Lcu.1GRN.Chr2p54584261",2,54584261,1.31531496568978e-21,0.228260869565217,NA,3.2531510960601e-18,"GLM","NYC","DTF_Sask_2017_b",20.8809702384426,17.4876957649809,"Significant",-3.26138202573601
"Lcu.1GRN.Chr5p403712999",5,403712999,1.34953425023429e-21,0.315217391304348,NA,3.29345726864393e-18,"GLM","NYC","DTF_Sask_2017_b",20.8698160888778,17.4823479669917,"Significant",-2.98270682403603
"Lcu.1GRN.Chr4p488683323",4,488683323,1.35119409178922e-21,0.259316770186335,NA,3.29345726864393e-18,"GLM","NYC","DTF_Sask_2017_b",20.8692822624224,17.4823479669917,"Significant",-3.21590365479281
"Lcu.1GRN.Chr1p367612579",1,367612579,1.36125398762206e-21,0.359677419354839,NA,3.09379000036803e-18,"GLM","NYC","Cotyledon_Color_RvsY",20.8660608350233,17.5095091685864,"Significant",-0.369249688432296
"Lcu.1GRN.Chr1p367581845",1,367581845,1.37343562529616e-21,0.380645161290323,NA,3.1005263152617e-18,"GLM","NYC","Cotyledon_Color_RvsY",20.8621916917104,17.5085645782908,"Significant",-0.381600319299019
"Lcu.1GRN.Chr2p553089558",2,553089558,1.39285326385882e-21,0.245341614906832,NA,3.36803206016382e-18,"GLM","NYC","DTF_Sask_2017_b",20.8560946337936,17.4726237831207,"Significant",-3.20385880455298
"Lcu.1GRN.Chr3p225093536",3,225093536,1.40181554202087e-21,0.493788819875776,NA,3.36803206016382e-18,"GLM","NYC","DTF_Sask_2017_b",20.8533091292744,17.4726237831207,"Significant",-2.9025065993424
"Lcu.1GRN.Chr4p392270347",4,392270347,1.43032418710855e-21,0.282608695652174,NA,3.4121550059939e-18,"GLM","NYC","DTF_Sask_2017_b",20.8445655172793,17.4669712481028,"Significant",-3.02250996724709
"Lcu.1GRN.Chr1p366873883",1,366873883,1.44412585173048e-21,0.409677419354839,NA,1.47198872839099e-17,"MLM","NYC","Cotyledon_Color_RvsY",20.8403949575071,16.8320955155531,"Significant",-0.31581113421557
"Lcu.1GRN.Chr1p366875708",1,366875708,1.44412585173048e-21,0.409677419354839,NA,1.47198872839099e-17,"MLM","NYC","Cotyledon_Color_RvsY",20.8403949575071,16.8320955155531,"Significant",-0.31581113421557
"Lcu.1GRN.Chr1p366876079",1,366876079,1.44412585173048e-21,0.409677419354839,NA,1.47198872839099e-17,"MLM","NYC","Cotyledon_Color_RvsY",20.8403949575071,16.8320955155531,"Significant",-0.31581113421557
"Lcu.1GRN.Chr1p366876200",1,366876200,1.44412585173048e-21,0.409677419354839,NA,1.47198872839099e-17,"MLM","NYC","Cotyledon_Color_RvsY",20.8403949575071,16.8320955155531,"Significant",-0.31581113421557
"Lcu.1GRN.Chr2p54578793",2,54578793,1.52697577591355e-21,0.22360248447205,NA,3.61707225927262e-18,"GLM","NYC","DTF_Sask_2017_b",20.8161678525772,17.4416428151284,"Significant",-3.24946675859482
"Lcu.1GRN.Chr1p368965128",1,368965128,1.53202128822057e-21,0.367741935483871,NA,3.43547603103259e-18,"GLM","NYC","Cotyledon_Color_RvsY",20.8147351999172,17.464013077141,"Significant",-0.379586323930736
"Lcu.1GRN.Chr6p1767463",6,1767463,1.56550253728584e-21,0.388198757763975,NA,3.68240134237221e-18,"GLM","NYC","DTF_Sask_2017_b",20.8053462241644,17.4338688797976,"Significant",-2.83658033302842
"Lcu.1GRN.Chr2p411816027",2,411816027,1.59315062765469e-21,0.285714285714286,NA,3.69455884587424e-18,"GLM","NYC","DTF_Sask_2017_b",20.7977431610057,17.4324374117321,"Significant",-2.97031551392065
"Lcu.1GRN.Chr1p364579838",1,364579838,1.59662627308097e-21,0.487096774193548,NA,3.55573865361329e-18,"GLM","NYC","Cotyledon_Color_RvsY",20.7967967285284,17.4490701671238,"Significant",0.355105306527759
"Lcu.1GRN.Chr4p440092189",4,440092189,1.60388414587722e-21,0.338509316770186,NA,3.69455884587424e-18,"GLM","NYC","DTF_Sask_2017_b",20.7948270055178,17.4324374117321,"Significant",-2.81859478525701
"Lcu.1GRN.Chr1p367666848",1,367666848,1.60679339932044e-21,0.364516129032258,NA,3.55573865361329e-18,"GLM","NYC","Cotyledon_Color_RvsY",20.7940399610109,17.4490701671238,"Significant",-0.381707956783704
"Lcu.1GRN.Chr2p411910322",2,411910322,1.61159690114027e-21,0.291925465838509,NA,3.69455884587424e-18,"GLM","NYC","DTF_Sask_2017_b",20.7927435763662,17.4324374117321,"Significant",-2.96599805255079
"Lcu.1GRN.Chr3p241028522",3,241028522,1.6146059225296e-21,0.476708074534162,NA,3.69455884587424e-18,"GLM","NYC","DTF_Sask_2017_b",20.7919334588158,17.4324374117321,"Significant",2.72943443092589
"Lcu.1GRN.Chr1p367578006",1,367578006,1.65867079542114e-21,0.37741935483871,NA,1.64094741012771e-17,"MLM","NYC","Cotyledon_Color_RvsY",20.7802398019921,16.7849053372024,"Significant",-0.367550297160074
"Lcu.1GRN.Chr2p556312868",2,556312868,1.68578190238587e-21,0.259316770186335,NA,3.7806476406852e-18,"GLM","NYC","DTF_Sask_2017_b",20.7731986128175,17.4224337973365,"Significant",-3.15143841166392
"Lcu.1GRN.Chr1p367960388",1,367960388,1.68843058880716e-21,0.361290322580645,NA,3.71197602526338e-18,"GLM","NYC","Cotyledon_Color_RvsY",20.7725167884592,17.4303948374449,"Significant",-0.373430374814866
"Lcu.1GRN.Chr2p579805908",2,579805908,1.69655015305778e-21,0.271739130434783,NA,3.7806476406852e-18,"GLM","NYC","DTF_Sask_2017_b",20.7704332973072,17.4224337973365,"Significant",-3.03228757608559
"Lcu.1GRN.Chr1p367671252",1,367671252,1.7089903523004e-21,0.37741935483871,NA,1.64242273666351e-17,"MLM","NYC","Cotyledon_Color_RvsY",20.7672603889788,16.7845150514972,"Significant",-0.371238782759657
"Lcu.1GRN.Chr5p404118116",5,404118116,1.72126162255125e-21,0.319875776397516,NA,3.7806476406852e-18,"GLM","NYC","DTF_Sask_2017_b",20.7641531142192,17.4224337973365,"Significant",-2.97940522908119
"Lcu.1GRN.Chr2p411814159",2,411814159,1.72433859088436e-21,0.28416149068323,NA,3.7806476406852e-18,"GLM","NYC","DTF_Sask_2017_b",20.7633774521339,17.4224337973365,"Significant",-2.96753739627147
"Lcu.1GRN.Chr2p411834956",2,411834956,1.72433859088436e-21,0.28416149068323,NA,3.7806476406852e-18,"GLM","NYC","DTF_Sask_2017_b",20.7633774521339,17.4224337973365,"Significant",-2.96753739627147
"Lcu.1GRN.Chr2p411833202",2,411833202,1.73026907677634e-21,0.28416149068323,NA,3.7806476406852e-18,"GLM","NYC","DTF_Sask_2017_b",20.7618863538236,17.4224337973365,"Significant",-2.96250698712505
"Lcu.1GRN.Chr2p104446207",2,104446207,1.73090623237571e-21,0.419254658385093,NA,3.7806476406852e-18,"GLM","NYC","DTF_Sask_2017_b",20.7617264583319,17.4224337973365,"Significant",-2.82277419685485
"Lcu.1GRN.Chr1p367886700",1,367886700,1.74995271708245e-21,0.382258064516129,NA,3.82224899731735e-18,"GLM","NYC","Cotyledon_Color_RvsY",20.7569736855923,17.4176810245969,"Significant",-0.375723067954903
"Lcu.1GRN.Chr1p359993721",1,359993721,1.77105858550184e-21,0.224193548387097,NA,3.84339137567417e-18,"GLM","NYC","Cotyledon_Color_RvsY",20.7517670723845,17.415285388723,"Significant",-0.328221117904184
"Lcu.1GRN.Chr3p238702626",3,238702626,1.78286921836344e-21,0.492236024844721,NA,3.85727389771104e-18,"GLM","NYC","DTF_Sask_2017_b",20.7488805131489,17.4137195216107,"Significant",-2.74839874988481
"Lcu.1GRN.Chr5p404861929",5,404861929,1.78892319413891e-21,0.312111801242236,NA,3.85727389771104e-18,"GLM","NYC","DTF_Sask_2017_b",20.7474083050881,17.4137195216107,"Significant",-2.97272323700541
"Lcu.1GRN.Chr1p367969103",1,367969103,1.82182531914117e-21,0.369354838709677,NA,3.9282174174587e-18,"GLM","NYC","Cotyledon_Color_RvsY",20.7394932665342,17.4058044830568,"Significant",-0.374701570464316
"Lcu.1GRN.Chr4p439979734",4,439979734,1.86957734834209e-21,0.338509316770186,NA,4.00550397407505e-18,"GLM","NYC","DTF_Sask_2017_b",20.7282565624631,17.3973428330404,"Significant",-2.97209004402769
"Lcu.1GRN.Chr1p367484107",1,367484107,1.89016012190303e-21,0.356451612903226,NA,4.04960184537679e-18,"GLM","NYC","Cotyledon_Color_RvsY",20.7235014037033,17.3925876742807,"Significant",-0.375156155410867
"Lcu.1GRN.Chr4p439809248",4,439809248,1.92593287347045e-21,0.293478260869565,NA,4.07444995444567e-18,"GLM","NYC","DTF_Sask_2017_b",20.7153588538623,17.3899310121688,"Significant",-3.07662100060294
"Lcu.1GRN.Chr4p440503495",4,440503495,1.92598424565092e-21,0.31055900621118,NA,4.07444995444567e-18,"GLM","NYC","DTF_Sask_2017_b",20.7153472696803,17.3899310121688,"Significant",-2.90772786501836
"Lcu.1GRN.Chr2p54390220",2,54390220,2.00140144292118e-21,0.245341614906832,NA,4.20753374469417e-18,"GLM","NYC","DTF_Sask_2017_b",20.6986657914441,17.3759723922682,"Significant",-3.25180221334708
"Lcu.1GRN.Chr4p440406413",4,440406413,2.04621124839591e-21,0.312111801242236,NA,4.23576608083148e-18,"GLM","NYC","DTF_Sask_2017_b",20.6890495322677,17.3730680317112,"Significant",-2.90904299954015
"Lcu.1GRN.Chr4p440406429",4,440406429,2.04621124839591e-21,0.312111801242236,NA,4.23576608083148e-18,"GLM","NYC","DTF_Sask_2017_b",20.6890495322677,17.3730680317112,"Significant",-2.90904299954015
"Lcu.1GRN.Chr2p411835305",2,411835305,2.05932775537233e-21,0.285714285714286,NA,4.23576608083148e-18,"GLM","NYC","DTF_Sask_2017_b",20.6862745270966,17.3730680317112,"Significant",-2.96177215160834
"Lcu.1GRN.Chr3p241042168",3,241042168,2.06520151280108e-21,0.456521739130435,NA,4.23576608083148e-18,"GLM","NYC","DTF_Sask_2017_b",20.6850375654954,17.3730680317112,"Significant",2.8546124397142
"Lcu.1GRN.Chr1p360634752",1,360634752,2.09542425719023e-21,0.151612903225806,NA,4.46095931087536e-18,"GLM","NYC","Cotyledon_Color_RvsY",20.6787280328873,17.3505717380099,"Significant",-0.470556199861812
"Lcu.1GRN.Chr1p367886131",1,367886131,2.10717045561117e-21,0.382258064516129,NA,1.96884056845156e-17,"MLM","NYC","Cotyledon_Color_RvsY",20.6763003315314,16.7057894504668,"Significant",-0.368962245248341
"Lcu.1GRN.Chr2p579805989",2,579805989,2.1209922069885e-21,0.270186335403727,NA,4.29778184149459e-18,"GLM","NYC","DTF_Sask_2017_b",20.673460927178,17.3667556333862,"Significant",-3.03589185676992
"Lcu.1GRN.Chr2p580052410",2,580052410,2.1209922069885e-21,0.270186335403727,NA,4.29778184149459e-18,"GLM","NYC","DTF_Sask_2017_b",20.673460927178,17.3667556333862,"Significant",-3.03589185676992
"Lcu.1GRN.Chr1p368326641",1,368326641,2.14688999634923e-21,0.453225806451613,NA,4.54177954340881e-18,"GLM","NYC","Cotyledon_Color_RvsY",20.6681902076375,17.3427739501261,"Significant",-0.318072300762816
"Lcu.1GRN.Chr3p238703280",3,238703280,2.1507325182624e-21,0.492236024844721,NA,4.30262035008076e-18,"GLM","NYC","DTF_Sask_2017_b",20.6674135984763,17.3662669730295,"Significant",-2.748010821701
"Lcu.1GRN.Chr4p181401741",4,181401741,2.172400836599e-21,0.454968944099379,NA,4.30262035008076e-18,"GLM","NYC","DTF_Sask_2017_b",20.6630600386311,17.3662669730295,"Significant",2.71914501826155
"Lcu.1GRN.Chr2p316171160",2,316171160,2.17339080795145e-21,0.304347826086957,NA,4.30262035008076e-18,"GLM","NYC","DTF_Sask_2017_b",20.6628621740585,17.3662669730295,"Significant",-2.90951310886376
"Lcu.1GRN.Chr3p238695843",3,238695843,2.17873793344353e-21,0.496894409937888,NA,4.30262035008076e-18,"GLM","NYC","DTF_Sask_2017_b",20.6617950051388,17.3662669730295,"Significant",2.81350083273664
"Lcu.1GRN.Chr4p422823158",4,422823158,2.18733728297904e-21,0.329192546583851,NA,4.30262035008076e-18,"GLM","NYC","DTF_Sask_2017_b",20.6600842444692,17.3662669730295,"Significant",-3.01480306273952
"Lcu.1GRN.Chr1p367960316",1,367960316,2.19331580869312e-21,0.359677419354839,NA,4.61099411639174e-18,"GLM","NYC","Cotyledon_Color_RvsY",20.658898831114,17.3362054319381,"Significant",-0.372391685058016
"Lcu.1GRN.Chr2p411911432",2,411911432,2.20302430007973e-21,0.285714285714286,NA,4.30828299270301e-18,"GLM","NYC","DTF_Sask_2017_b",20.6569807124124,17.3656957774881,"Significant",-2.95182624412746
"Lcu.1GRN.Chr2p580052670",2,580052670,2.25733268520575e-21,0.273291925465838,NA,4.38897238915956e-18,"GLM","NYC","DTF_Sask_2017_b",20.6464044299778,17.3576371512747,"Significant",-3.06772878297429
"Lcu.1GRN.Chr5p401496919",5,401496919,2.27811236418949e-21,0.307453416149068,NA,4.40391851497314e-18,"GLM","NYC","DTF_Sask_2017_b",20.6424248588592,17.3561607253099,"Significant",-2.9771812872843
"Lcu.1GRN.Chr1p365384637",1,365384637,2.27815705193973e-21,0.379032258064516,NA,4.75960778316652e-18,"GLM","NYC","Cotyledon_Color_RvsY",20.6424163397654,17.3224288339654,"Significant",-0.345962136027585
"Lcu.1GRN.Chr1p369008519",1,369008519,2.33066984890614e-21,0.354838709677419,NA,4.83926188312971e-18,"GLM","NYC","Cotyledon_Color_RvsY",20.6325192421179,17.3152208748286,"Significant",-0.37412911686853
"Lcu.1GRN.Chr1p367431270",1,367431270,2.34653014506468e-21,0.364516129032258,NA,4.84230248653356e-18,"GLM","NYC","Cotyledon_Color_RvsY",20.629573862184,17.3149480847561,"Significant",-0.376572706831194
"Lcu.1GRN.Chr4p419672040",4,419672040,2.3716304931069e-21,0.333850931677019,NA,4.55850419471366e-18,"GLM","NYC","DTF_Sask_2017_b",20.6249529743741,17.3411776412285,"Significant",-2.88456870339432
"Lcu.1GRN.Chr1p367684024",1,367684024,2.38123528928411e-21,0.382258064516129,NA,2.16478100148818e-17,"MLM","NYC","Cotyledon_Color_RvsY",20.623197689942,16.6645860321771,"Significant",-0.362982063752616
"Lcu.1GRN.Chr2p54513159",2,54513159,2.41094317357133e-21,0.226708074534162,NA,4.60773705945833e-18,"GLM","NYC","DTF_Sask_2017_b",20.6178130259126,17.3365123118948,"Significant",-3.2339898457644
"Lcu.1GRN.Chr1p367886022",1,367886022,2.41651310193869e-21,0.362903225806452,NA,4.95631257658421e-18,"GLM","NYC","Cotyledon_Color_RvsY",20.6168108458451,17.3048413120609,"Significant",-0.365618393425155
"Lcu.1GRN.Chr1p367669140",1,367669140,2.44574728806318e-21,0.374193548387097,NA,4.98587077602392e-18,"GLM","NYC","Cotyledon_Color_RvsY",20.6115884193642,17.3022589817462,"Significant",-0.371637231762258
"Lcu.1GRN.Chr2p53015106",2,53015106,2.47064203720177e-21,0.232919254658385,NA,4.68133322326367e-18,"GLM","NYC","DTF_Sask_2017_b",20.6071901734687,17.3296304441377,"Significant",-3.1842704036541
"Lcu.1GRN.Chr2p53455084",2,53455084,2.47728615988171e-21,0.229813664596273,NA,4.68133322326367e-18,"GLM","NYC","DTF_Sask_2017_b",20.6060238236607,17.3296304441377,"Significant",-3.20388271499711
"Lcu.1GRN.Chr6p274444991",6,274444991,2.53686738803651e-21,0.237577639751553,NA,4.76714230565182e-18,"GLM","NYC","DTF_Sask_2017_b",20.5957022344532,17.3217418836012,"Significant",-3.14252832847266
"Lcu.1GRN.Chr3p343756399",3,343756399,2.57828921301675e-21,0.444099378881988,NA,4.81806337619337e-18,"GLM","NYC","DTF_Sask_2017_b",20.5886683683742,17.3171274916457,"Significant",-2.70845141316702
"Lcu.1GRN.Chr2p54304969",2,54304969,2.604137261221e-21,0.281055900621118,NA,4.82954409878502e-18,"GLM","NYC","DTF_Sask_2017_b",20.5843361283144,17.316093864016,"Significant",-3.11469062957788
"Lcu.1GRN.Chr2p568169092",2,568169092,2.62102405587383e-21,0.240683229813665,NA,4.82954409878502e-18,"GLM","NYC","DTF_Sask_2017_b",20.5815289930613,17.316093864016,"Significant",-3.18487554307535
"Lcu.1GRN.Chr5p404775472",5,404775472,2.63136335793132e-21,0.347826086956522,NA,4.82954409878502e-18,"GLM","NYC","DTF_Sask_2017_b",20.5798191772094,17.316093864016,"Significant",-3.02789994115425
"Lcu.1GRN.Chr3p238929437",3,238929437,2.65665151809967e-21,0.496894409937888,NA,4.82954409878502e-18,"GLM","NYC","DTF_Sask_2017_b",20.5756654097192,17.316093864016,"Significant",-2.73832837784241
"Lcu.1GRN.Chr5p404060893",5,404060893,2.67534504247553e-21,0.307453416149068,NA,4.82954409878502e-18,"GLM","NYC","DTF_Sask_2017_b",20.5726201985476,17.316093864016,"Significant",-3.01223054272647
"Lcu.1GRN.Chr1p355049808",1,355049808,2.67604638182844e-21,0.488709677419355,NA,5.42249212841256e-18,"GLM","NYC","Cotyledon_Color_RvsY",20.5725063635509,17.265801069759,"Significant",0.289231292638831
"Lcu.1GRN.Chr2p220888504",2,220888504,2.68316834687617e-21,0.309006211180124,NA,4.82954409878502e-18,"GLM","NYC","DTF_Sask_2017_b",20.5713520780453,17.316093864016,"Significant",-2.8633215653073
"Lcu.1GRN.Chr1p368780968",1,368780968,2.69675152859436e-21,0.364516129032258,NA,5.43172587675868e-18,"GLM","NYC","Cotyledon_Color_RvsY",20.5691590664249,17.2650621557406,"Significant",-0.375179220049178
"Lcu.1GRN.Chr1p365383351",1,365383351,2.71724439200764e-21,0.370967741935484,NA,5.44042466908592e-18,"GLM","NYC","Cotyledon_Color_RvsY",20.5658712988927,17.2643671987867,"Significant",-0.357522339632954
"Lcu.1GRN.Chr2p553454446",2,553454446,2.73068988756915e-21,0.251552795031056,NA,4.82954409878502e-18,"GLM","NYC","DTF_Sask_2017_b",20.5637276179726,17.316093864016,"Significant",-3.19454582020114
"Lcu.1GRN.Chr4p440092281",4,440092281,2.74876402825977e-21,0.327639751552795,NA,4.82954409878502e-18,"GLM","NYC","DTF_Sask_2017_b",20.5608625412127,17.316093864016,"Significant",-2.87577908443716
"Lcu.1GRN.Chr5p441076095",5,441076095,2.76198682666707e-21,0.312111801242236,NA,4.82954409878502e-18,"GLM","NYC","DTF_Sask_2017_b",20.5587783971258,17.316093864016,"Significant",-2.92225708982606
"Lcu.1GRN.Chr4p418812122",4,418812122,2.78797123079841e-21,0.347826086956522,NA,4.82954409878502e-18,"GLM","NYC","DTF_Sask_2017_b",20.5547117120554,17.316093864016,"Significant",-3.15176542250148
"Lcu.1GRN.Chr4p438502078",4,438502078,2.78986266440504e-21,0.309006211180124,NA,4.82954409878502e-18,"GLM","NYC","DTF_Sask_2017_b",20.554417175063,17.316093864016,"Significant",-2.88733615750481
"Lcu.1GRN.Chr2p411911122",2,411911122,2.81329517318838e-21,0.282608695652174,NA,4.82954409878502e-18,"GLM","NYC","DTF_Sask_2017_b",20.5507846989185,17.316093864016,"Significant",-2.94889387612331
"Lcu.1GRN.Chr5p397494394",5,397494394,2.8579306543953e-21,0.313664596273292,NA,4.82954409878502e-18,"GLM","NYC","DTF_Sask_2017_b",20.5439483132563,17.316093864016,"Significant",-2.95817055580098
"Lcu.1GRN.Chr1p367537687",1,367537687,2.88776638966931e-21,0.369354838709677,NA,2.55618241366815e-17,"MLM","NYC","Cotyledon_Color_RvsY",20.5394379426056,16.5924081573905,"Significant",-0.356053799948695
"Lcu.1GRN.Chr5p1650395",5,1650395,2.89956968570813e-21,0.468944099378882,NA,4.82954409878502e-18,"GLM","NYC","DTF_Sask_2017_b",20.5376664493387,17.316093864016,"Significant",2.67008051331547
"Lcu.1GRN.Chr6p1767473",6,1767473,2.90343353790737e-21,0.385093167701863,NA,4.82954409878502e-18,"GLM","NYC","DTF_Sask_2017_b",20.5370881108914,17.316093864016,"Significant",-2.81679898737478
"Lcu.1GRN.Chr5p389568855",5,389568855,2.91932480434274e-21,0.313664596273292,NA,4.82954409878502e-18,"GLM","NYC","DTF_Sask_2017_b",20.5347175826803,17.316093864016,"Significant",-2.95846745038438
"Lcu.1GRN.Chr5p399390864",5,399390864,2.91932480434274e-21,0.313664596273292,NA,4.82954409878502e-18,"GLM","NYC","DTF_Sask_2017_b",20.5347175826803,17.316093864016,"Significant",-2.95846745038438
"Lcu.1GRN.Chr4p440404133",4,440404133,2.93870775824887e-21,0.313664596273292,NA,4.82954409878502e-18,"GLM","NYC","DTF_Sask_2017_b",20.5318436004842,17.316093864016,"Significant",-2.88828746861861
"Lcu.1GRN.Chr4p440503714",4,440503714,2.93870775824887e-21,0.313664596273292,NA,4.82954409878502e-18,"GLM","NYC","DTF_Sask_2017_b",20.5318436004842,17.316093864016,"Significant",-2.88828746861861
"Lcu.1GRN.Chr5p441071399",5,441071399,2.94438715644332e-21,0.304347826086957,NA,4.82954409878502e-18,"GLM","NYC","DTF_Sask_2017_b",20.5310050853494,17.316093864016,"Significant",-2.95090323480373
"Lcu.1GRN.Chr5p404775324",5,404775324,2.95334998211864e-21,0.368012422360248,NA,4.82954409878502e-18,"GLM","NYC","DTF_Sask_2017_b",20.5296850845972,17.316093864016,"Significant",-3.04930523664171
"Lcu.1GRN.Chr4p488866356",4,488866356,2.96318051990063e-21,0.268633540372671,NA,4.82954409878502e-18,"GLM","NYC","DTF_Sask_2017_b",20.5282418900628,17.316093864016,"Significant",-3.09485941131503
"Lcu.1GRN.Chr4p439779829",4,439779829,2.97508746347473e-21,0.287267080745342,NA,4.82954409878502e-18,"GLM","NYC","DTF_Sask_2017_b",20.526500262088,17.316093864016,"Significant",-3.07338881375841
"Lcu.1GRN.Chr4p436977449",4,436977449,2.98435063391301e-21,0.293478260869565,NA,4.82954409878502e-18,"GLM","NYC","DTF_Sask_2017_b",20.5251501525708,17.316093864016,"Significant",-2.98885209578279
"Lcu.1GRN.Chr2p411914252",2,411914252,2.98681167227346e-21,0.287267080745342,NA,4.82954409878502e-18,"GLM","NYC","DTF_Sask_2017_b",20.5247921601448,17.316093864016,"Significant",-2.96239948571669
"Lcu.1GRN.Chr3p239677720",3,239677720,2.99367641845903e-21,0.459627329192547,NA,4.82954409878502e-18,"GLM","NYC","DTF_Sask_2017_b",20.5237951436296,17.316093864016,"Significant",2.68884340324329
"Lcu.1GRN.Chr3p239686768",3,239686768,2.99367641845903e-21,0.459627329192547,NA,4.82954409878502e-18,"GLM","NYC","DTF_Sask_2017_b",20.5237951436296,17.316093864016,"Significant",2.68884340324329
"Lcu.1GRN.Chr3p239915361",3,239915361,2.99367641845903e-21,0.459627329192547,NA,4.82954409878502e-18,"GLM","NYC","DTF_Sask_2017_b",20.5237951436296,17.316093864016,"Significant",2.68884340324329
"Lcu.1GRN.Chr4p180959218",4,180959218,3.00195866995586e-21,0.451863354037267,NA,4.82954409878502e-18,"GLM","NYC","DTF_Sask_2017_b",20.5225952912845,17.316093864016,"Significant",2.70392311041454
"Lcu.1GRN.Chr1p371779951",1,371779951,3.01046373046849e-21,0.353225806451613,NA,5.99183818713902e-18,"GLM","NYC","Cotyledon_Color_RvsY",20.521366600728,17.2224399235098,"Significant",0.306127935171645
"Lcu.1GRN.Chr6p278097942",6,278097942,3.01517170455144e-21,0.236024844720497,NA,4.82954409878502e-18,"GLM","NYC","DTF_Sask_2017_b",20.5206879511139,17.316093864016,"Significant",-3.13097388682172
"Lcu.1GRN.Chr5p441076607",5,441076607,3.04684026945274e-21,0.313664596273292,NA,4.83804696430633e-18,"GLM","NYC","DTF_Sask_2017_b",20.5161503130611,17.3153299201329,"Significant",-2.94805209290728
"Lcu.1GRN.Chr6p278579489",6,278579489,3.04924667530686e-21,0.236024844720497,NA,4.83804696430633e-18,"GLM","NYC","DTF_Sask_2017_b",20.515807441036,17.3153299201329,"Significant",-3.1463461641758
"Lcu.1GRN.Chr5p405109117",5,405109117,3.08106010261744e-21,0.313664596273292,NA,4.8561625843735e-18,"GLM","NYC","DTF_Sask_2017_b",20.5112998297647,17.3137067815056,"Significant",-2.96843735524205
"Lcu.1GRN.Chr5p37198812",5,37198812,3.08953848937598e-21,0.380434782608696,NA,4.8561625843735e-18,"GLM","NYC","DTF_Sask_2017_b",20.5101063899883,17.3137067815056,"Significant",2.8593189670945
"Lcu.1GRN.Chr2p44193395",2,44193395,3.21071013689421e-21,0.0756172839506173,NA,9.81797215106086e-17,"GLM","NYC","DTF_Nepal_2017",20.4933989007959,16.0079782041223,"Significant",12.9458806477786
"Lcu.1GRN.Chr2p44193751",2,44193751,3.21071013689421e-21,0.0756172839506173,NA,9.81797215106086e-17,"GLM","NYC","DTF_Nepal_2017",20.4933989007959,16.0079782041223,"Significant",12.9458806477786
"Lcu.1GRN.Chr5p401488020",5,401488020,3.22160577317956e-21,0.312111801242236,NA,4.97685457892329e-18,"GLM","NYC","DTF_Sask_2017_b",20.4919276051359,17.3030450489272,"Significant",-2.96385887932489
"Lcu.1GRN.Chr4p417889024",4,417889024,3.22668735970534e-21,0.315217391304348,NA,4.97685457892329e-18,"GLM","NYC","DTF_Sask_2017_b",20.4912431122324,17.3030450489272,"Significant",-3.12575188007006
"Lcu.1GRN.Chr3p238633362",3,238633362,3.24384934007121e-21,0.493788819875776,NA,4.97685457892329e-18,"GLM","NYC","DTF_Sask_2017_b",20.4889393247122,17.3030450489272,"Significant",2.71021115390531
"Lcu.1GRN.Chr2p126729106",2,126729106,3.24978276857371e-21,0.399068322981366,NA,4.97685457892329e-18,"GLM","NYC","DTF_Sask_2017_b",20.4881456684251,17.3030450489272,"Significant",3.08745237557996
"Lcu.1GRN.Chr4p440191073",4,440191073,3.2596321614722e-21,0.326086956521739,NA,4.97685457892329e-18,"GLM","NYC","DTF_Sask_2017_b",20.4868314058389,17.3030450489272,"Significant",-2.89985224893263
"Lcu.1GRN.Chr5p399772488",5,399772488,3.26793649086139e-21,0.309006211180124,NA,4.97685457892329e-18,"GLM","NYC","DTF_Sask_2017_b",20.4857263921447,17.3030450489272,"Significant",-2.95612599235376
"Lcu.1GRN.Chr4p438273611",4,438273611,3.26989526898312e-21,0.31055900621118,NA,4.97685457892329e-18,"GLM","NYC","DTF_Sask_2017_b",20.485466157074,17.3030450489272,"Significant",-2.8828735264359
"Lcu.1GRN.Chr5p388818301",5,388818301,3.30396765494564e-21,0.315217391304348,NA,4.98639780634422e-18,"GLM","NYC","DTF_Sask_2017_b",20.4809642129701,17.3022130771743,"Significant",-2.96430715031427
"Lcu.1GRN.Chr3p238745856",3,238745856,3.31721548082003e-21,0.493788819875776,NA,4.98639780634422e-18,"GLM","NYC","DTF_Sask_2017_b",20.4792263165144,17.3022130771743,"Significant",-2.72767257665673
"Lcu.1GRN.Chr1p367591371",1,367591371,3.32010434765059e-21,0.379032258064516,NA,2.86352189514407e-17,"MLM","NYC","Cotyledon_Color_RvsY",20.4788482666283,16.5430994918229,"Significant",-0.368733787558596
"Lcu.1GRN.Chr6p277838962",6,277838962,3.33540899213804e-21,0.239130434782609,NA,4.98639780634422e-18,"GLM","NYC","DTF_Sask_2017_b",20.4768509047345,17.3022130771743,"Significant",-3.12776923813668
"Lcu.1GRN.Chr2p54578341",2,54578341,3.33546247529469e-21,0.225155279503106,NA,4.98639780634422e-18,"GLM","NYC","DTF_Sask_2017_b",20.4768439408948,17.3022130771743,"Significant",-3.20887537526616
"Lcu.1GRN.Chr1p361330005",1,361330005,3.33809955220665e-21,0.193548387096774,NA,6.60486195339468e-18,"GLM","NYC","Cotyledon_Color_RvsY",20.476500715491,17.1801362550374,"Significant",-0.349157851769823
"Lcu.1GRN.Chr5p404862369",5,404862369,3.41333635391119e-21,0.31832298136646,NA,5.03790514104812e-18,"GLM","NYC","DTF_Sask_2017_b",20.4668209137577,17.2977500141121,"Significant",-2.95968770269633
"Lcu.1GRN.Chr2p566266665",2,566266665,3.42044126683657e-21,0.240683229813665,NA,5.03790514104812e-18,"GLM","NYC","DTF_Sask_2017_b",20.4659178625433,17.2977500141121,"Significant",-3.16816007319845
"Lcu.1GRN.Chr3p226308272",3,226308272,3.45167483742973e-21,0.468944099378882,NA,5.03790514104812e-18,"GLM","NYC","DTF_Sask_2017_b",20.4619701234323,17.2977500141121,"Significant",2.73283734938133
"Lcu.1GRN.Chr5p405116671",5,405116671,3.45831430365885e-21,0.313664596273292,NA,5.03790514104812e-18,"GLM","NYC","DTF_Sask_2017_b",20.461135539072,17.2977500141121,"Significant",-2.96116326386542
"Lcu.1GRN.Chr2p53454211",2,53454211,3.50169376859893e-21,0.231366459627329,NA,5.03790514104812e-18,"GLM","NYC","DTF_Sask_2017_b",20.4557218366714,17.2977500141121,"Significant",-3.19075096354312
"Lcu.1GRN.Chr6p278593570",6,278593570,3.55528500413048e-21,0.237577639751553,NA,5.03790514104812e-18,"GLM","NYC","DTF_Sask_2017_b",20.449125578968,17.2977500141121,"Significant",-3.1255173290039
"Lcu.1GRN.Chr5p441071887",5,441071887,3.55929382299758e-21,0.305900621118012,NA,5.03790514104812e-18,"GLM","NYC","DTF_Sask_2017_b",20.4486361591051,17.2977500141121,"Significant",-2.92808667401295
"Lcu.1GRN.Chr5p398808011",5,398808011,3.58386305056251e-21,0.31055900621118,NA,5.03790514104812e-18,"GLM","NYC","DTF_Sask_2017_b",20.4456485943005,17.2977500141121,"Significant",-2.95601513080094
"Lcu.1GRN.Chr5p401813822",5,401813822,3.58386305056251e-21,0.31055900621118,NA,5.03790514104812e-18,"GLM","NYC","DTF_Sask_2017_b",20.4456485943005,17.2977500141121,"Significant",-2.95601513080094
"Lcu.1GRN.Chr5p401889495",5,401889495,3.58386305056251e-21,0.31055900621118,NA,5.03790514104812e-18,"GLM","NYC","DTF_Sask_2017_b",20.4456485943005,17.2977500141121,"Significant",-2.95601513080094
"Lcu.1GRN.Chr5p403340209",5,403340209,3.58386305056251e-21,0.31055900621118,NA,5.03790514104812e-18,"GLM","NYC","DTF_Sask_2017_b",20.4456485943005,17.2977500141121,"Significant",-2.95601513080094
"Lcu.1GRN.Chr5p403709075",5,403709075,3.58386305056251e-21,0.31055900621118,NA,5.03790514104812e-18,"GLM","NYC","DTF_Sask_2017_b",20.4456485943005,17.2977500141121,"Significant",-2.95601513080094
"Lcu.1GRN.Chr5p403712902",5,403712902,3.58386305056251e-21,0.31055900621118,NA,5.03790514104812e-18,"GLM","NYC","DTF_Sask_2017_b",20.4456485943005,17.2977500141121,"Significant",-2.95601513080094
"Lcu.1GRN.Chr5p404117831",5,404117831,3.58386305056251e-21,0.31055900621118,NA,5.03790514104812e-18,"GLM","NYC","DTF_Sask_2017_b",20.4456485943005,17.2977500141121,"Significant",-2.95601513080094
"Lcu.1GRN.Chr3p345158469",3,345158469,3.60066479131715e-21,0.487577639751553,NA,5.03790514104812e-18,"GLM","NYC","DTF_Sask_2017_b",20.4436173079699,17.2977500141121,"Significant",2.75092222312455
"Lcu.1GRN.Chr5p391128705",5,391128705,3.64378513386989e-21,0.319875776397516,NA,5.03790514104812e-18,"GLM","NYC","DTF_Sask_2017_b",20.4384472403505,17.2977500141121,"Significant",-2.95657739898773
"Lcu.1GRN.Chr2p573746576",2,573746576,3.6794113736203e-21,0.270186335403727,NA,5.03790514104812e-18,"GLM","NYC","DTF_Sask_2017_b",20.4342216535101,17.2977500141121,"Significant",-3.12695901264937
"Lcu.1GRN.Chr5p403339763",5,403339763,3.68950800819599e-21,0.31055900621118,NA,5.03790514104812e-18,"GLM","NYC","DTF_Sask_2017_b",20.4330315426678,17.2977500141121,"Significant",-2.94701034455714
"Lcu.1GRN.Chr5p402893859",5,402893859,3.6907668866602e-21,0.322981366459627,NA,5.03790514104812e-18,"GLM","NYC","DTF_Sask_2017_b",20.4328833845075,17.2977500141121,"Significant",-2.95571590900822
"Lcu.1GRN.Chr2p549083477",2,549083477,3.71842437487631e-21,0.25,NA,5.03790514104812e-18,"GLM","NYC","DTF_Sask_2017_b",20.4296410467455,17.2977500141121,"Significant",-3.18627027242366
"Lcu.1GRN.Chr6p277101732",6,277101732,3.72937410661861e-21,0.234472049689441,NA,5.03790514104812e-18,"GLM","NYC","DTF_Sask_2017_b",20.4283640488482,17.2977500141121,"Significant",-3.1389204791726
"Lcu.1GRN.Chr6p278087368",6,278087368,3.72937410661861e-21,0.234472049689441,NA,5.03790514104812e-18,"GLM","NYC","DTF_Sask_2017_b",20.4283640488482,17.2977500141121,"Significant",-3.1389204791726
"Lcu.1GRN.Chr6p278854042",6,278854042,3.72937410661861e-21,0.234472049689441,NA,5.03790514104812e-18,"GLM","NYC","DTF_Sask_2017_b",20.4283640488482,17.2977500141121,"Significant",-3.1389204791726
"Lcu.1GRN.Chr6p278860209",6,278860209,3.72937410661861e-21,0.234472049689441,NA,5.03790514104812e-18,"GLM","NYC","DTF_Sask_2017_b",20.4283640488482,17.2977500141121,"Significant",-3.1389204791726
"Lcu.1GRN.Chr2p53354546",2,53354546,3.80259619237425e-21,0.228260869565217,NA,5.09588794199342e-18,"GLM","NYC","DTF_Sask_2017_b",20.4199197910057,17.2927801306548,"Significant",-3.18666207735289
"Lcu.1GRN.Chr2p54045530",2,54045530,3.80259619237425e-21,0.228260869565217,NA,5.09588794199342e-18,"GLM","NYC","DTF_Sask_2017_b",20.4199197910057,17.2927801306548,"Significant",-3.18666207735289
"Lcu.1GRN.Chr1p367422375",1,367422375,3.80613666403423e-21,0.382258064516129,NA,7.48689339924679e-18,"GLM","NYC","Cotyledon_Color_RvsY",20.4195156218897,17.12569835045,"Significant",-0.372564491887264
"Lcu.1GRN.Chr1p366892376",1,366892376,3.845956911075e-21,0.380645161290323,NA,3.16756079112842e-17,"MLM","NYC","Cotyledon_Color_RvsY",20.4149955857728,16.4992750414806,"Significant",-0.289301774021486
"Lcu.1GRN.Chr1p366870836",1,366870836,3.86096116552055e-21,0.338709677419355,NA,3.16756079112842e-17,"MLM","NYC","Cotyledon_Color_RvsY",20.4133045665927,16.4992750414806,"Significant",-0.367817537782583
"Lcu.1GRN.Chr6p275730843",6,275730843,3.87325301785036e-21,0.237577639751553,NA,5.14675497196114e-18,"GLM","NYC","DTF_Sask_2017_b",20.4119241320697,17.2884665072614,"Significant",-3.14219542711702
"Lcu.1GRN.Chr3p239744719",3,239744719,3.87971968475037e-21,0.456521739130435,NA,5.14675497196114e-18,"GLM","NYC","DTF_Sask_2017_b",20.4111996516645,17.2884665072614,"Significant",2.72908024656753
"Lcu.1GRN.Chr5p403340471",5,403340471,3.88645664669284e-21,0.319875776397516,NA,5.14675497196114e-18,"GLM","NYC","DTF_Sask_2017_b",20.4104461724734,17.2884665072614,"Significant",-2.96835033323573
"Lcu.1GRN.Chr3p448586972",3,448586972,3.91921444223687e-21,0.245341614906832,NA,2.63658880858378e-16,"FarmCPU","NYC","DTF_Sask_2017_b",20.4068009731812,15.5789575956853,"Significant",0.119143056568987
"Lcu.1GRN.Chr2p411914323",2,411914323,3.94201035573221e-21,0.290372670807453,NA,5.19985175422187e-18,"GLM","NYC","DTF_Sask_2017_b",20.4042822391557,17.2840090377577,"Significant",-2.93368157183505
"Lcu.1GRN.Chr3p238747004",3,238747004,4.01222007870293e-21,0.5,NA,5.2528088947821e-18,"GLM","NYC","DTF_Sask_2017_b",20.3966152530333,17.2796083992067,"Significant",-2.73937151832115
"Lcu.1GRN.Chr4p440091941",4,440091941,4.0379125217037e-21,0.322981366459627,NA,5.2528088947821e-18,"GLM","NYC","DTF_Sask_2017_b",20.3938430939493,17.2796083992067,"Significant",-2.87191495379525
"Lcu.1GRN.Chr5p415384237",5,415384237,4.06044100390393e-21,0.304347826086957,NA,5.2528088947821e-18,"GLM","NYC","DTF_Sask_2017_b",20.3914267952009,17.2796083992067,"Significant",-2.95318615286494
"Lcu.1GRN.Chr5p416287819",5,416287819,4.06044100390393e-21,0.304347826086957,NA,5.2528088947821e-18,"GLM","NYC","DTF_Sask_2017_b",20.3914267952009,17.2796083992067,"Significant",-2.95318615286494
"Lcu.1GRN.Chr5p416744251",5,416744251,4.06044100390393e-21,0.304347826086957,NA,5.2528088947821e-18,"GLM","NYC","DTF_Sask_2017_b",20.3914267952009,17.2796083992067,"Significant",-2.95318615286494
"Lcu.1GRN.Chr6p278090416",6,278090416,4.08583874918033e-21,0.237577639751553,NA,5.2528088947821e-18,"GLM","NYC","DTF_Sask_2017_b",20.3887187771365,17.2796083992067,"Significant",-3.14951852402395
"Lcu.1GRN.Chr6p278118708",6,278118708,4.09147131089824e-21,0.231366459627329,NA,5.2528088947821e-18,"GLM","NYC","DTF_Sask_2017_b",20.3881204897188,17.2796083992067,"Significant",-3.1758140017227
"Lcu.1GRN.Chr1p367612441",1,367612441,4.18261805959999e-21,0.37741935483871,NA,3.34974925917493e-17,"MLM","NYC","Cotyledon_Color_RvsY",20.3785517916903,16.4749877002564,"Significant",-0.366976449935845
"Lcu.1GRN.Chr6p278855445",6,278855445,4.21078977542096e-21,0.236024844720497,NA,5.38544001668829e-18,"GLM","NYC","DTF_Sask_2017_b",20.3756364402833,17.2687788069412,"Significant",-3.13601779514663
"Lcu.1GRN.Chr5p441841454",5,441841454,4.23528504747675e-21,0.332298136645963,NA,5.39625047562353e-18,"GLM","NYC","DTF_Sask_2017_b",20.3731173550192,17.2679079000571,"Significant",-3.01365307396514
"Lcu.1GRN.Chr2p549083744",2,549083744,4.25933453204812e-21,0.214285714285714,NA,5.40641350392992e-18,"GLM","NYC","DTF_Sask_2017_b",20.370658248699,17.2670907408039,"Significant",-3.45197488657305
"Lcu.1GRN.Chr5p418421181",5,418421181,4.28502340090373e-21,0.305900621118012,NA,5.41857318154806e-18,"GLM","NYC","DTF_Sask_2017_b",20.3680468020125,17.2661150568117,"Significant",-3.05096981496135
"Lcu.1GRN.Chr2p580038482",2,580038482,4.32594630945489e-21,0.279503105590062,NA,5.43684358850384e-18,"GLM","NYC","DTF_Sask_2017_b",20.3639188750153,17.2646531609521,"Significant",-2.9891622784379
"Lcu.1GRN.Chr2p411833330",2,411833330,4.33179854658462e-21,0.287267080745342,NA,5.43684358850384e-18,"GLM","NYC","DTF_Sask_2017_b",20.3633317487552,17.2646531609521,"Significant",-2.9198562109776
"Lcu.1GRN.Chr1p361407429",1,361407429,4.4219987369248e-21,0.209677419354839,NA,8.64775842525108e-18,"GLM","NYC","Cotyledon_Color_RvsY",20.3543813858068,17.0630964508824,"Significant",-0.346172883088683
"Lcu.1GRN.Chr4p417442189",4,417442189,4.45158258511213e-21,0.327639751552795,NA,5.56641442158518e-18,"GLM","NYC","DTF_Sask_2017_b",20.3514855652451,17.2544244634156,"Significant",-2.86188690773396
"Lcu.1GRN.Chr4p439980818",4,439980818,4.53679815714139e-21,0.321428571428571,NA,5.63354734889143e-18,"GLM","NYC","DTF_Sask_2017_b",20.3432505421335,17.2492180511692,"Significant",-2.85312585646113
"Lcu.1GRN.Chr5p391174892",5,391174892,4.53876667910222e-21,0.315217391304348,NA,5.63354734889143e-18,"GLM","NYC","DTF_Sask_2017_b",20.3430621421267,17.2492180511692,"Significant",-2.99257960991874
"Lcu.1GRN.Chr5p441074337",5,441074337,4.57140959569488e-21,0.307453416149068,NA,5.65320342454081e-18,"GLM","NYC","DTF_Sask_2017_b",20.3399498644292,17.2477053866315,"Significant",-2.94072423155833
"Lcu.1GRN.Chr3p238756910",3,238756910,4.62795428392591e-21,0.5,NA,5.66343344207962e-18,"GLM","NYC","DTF_Sask_2017_b",20.3346109397671,17.2469201990481,"Significant",-2.74861658091058
"Lcu.1GRN.Chr5p389136953",5,389136953,4.63552584685605e-21,0.313664596273292,NA,5.66343344207962e-18,"GLM","NYC","DTF_Sask_2017_b",20.3339009930331,17.2469201990481,"Significant",-2.96468834849698
"Lcu.1GRN.Chr6p278086334",6,278086334,4.65872848702893e-21,0.236024844720497,NA,5.66343344207962e-18,"GLM","NYC","DTF_Sask_2017_b",20.3317325997087,17.2469201990481,"Significant",-3.12964044661142
"Lcu.1GRN.Chr4p488684811",4,488684811,4.66656924637675e-21,0.274844720496894,NA,5.66343344207962e-18,"GLM","NYC","DTF_Sask_2017_b",20.3310022853706,17.2469201990481,"Significant",-3.18121736146317
"Lcu.1GRN.Chr4p439971065",4,439971065,4.67071940000334e-21,0.326086956521739,NA,5.66343344207962e-18,"GLM","NYC","DTF_Sask_2017_b",20.3306162227766,17.2469201990481,"Significant",-2.85900895367885
"Lcu.1GRN.Chr1p367886017",1,367886017,4.6720822496069e-21,0.359677419354839,NA,8.98892831429345e-18,"GLM","NYC","Cotyledon_Color_RvsY",20.3304895202972,17.046292083009,"Significant",-0.363516073300956
"Lcu.1GRN.Chr1p355044557",1,355044557,4.67420167194167e-21,0.4,NA,8.98892831429345e-18,"GLM","NYC","Cotyledon_Color_RvsY",20.330292553578,17.046292083009,"Significant",0.317781332826072
"Lcu.1GRN.Chr1p368572365",1,368572365,4.67662539726356e-21,0.370967741935484,NA,8.98892831429345e-18,"GLM","NYC","Cotyledon_Color_RvsY",20.3300674161545,17.046292083009,"Significant",-0.373523811331546
"Lcu.1GRN.Chr2p401971983",2,401971983,4.68070439995045e-21,0.281055900621118,NA,5.66343344207962e-18,"GLM","NYC","DTF_Sask_2017_b",20.3296887849619,17.2469201990481,"Significant",-2.92746959956405
"Lcu.1GRN.Chr2p54307554",2,54307554,4.78928514470971e-21,0.229813664596273,NA,5.77404113358627e-18,"GLM","NYC","DTF_Sask_2017_b",20.31972930514,17.2385201265817,"Significant",-3.17670417767069
"Lcu.1GRN.Chr3p241036245",3,241036245,4.84687401704401e-21,0.454968944099379,NA,5.82127542614851e-18,"GLM","NYC","DTF_Sask_2017_b",20.3145382685821,17.234981852145,"Significant",2.77341298828917
"Lcu.1GRN.Chr2p402145896",2,402145896,4.86307632659485e-21,0.282608695652174,NA,5.82127542614851e-18,"GLM","NYC","DTF_Sask_2017_b",20.3130889140718,17.234981852145,"Significant",-2.93554687851004
"Lcu.1GRN.Chr1p437562478",1,437562478,4.88207401044101e-21,0.270186335403727,NA,5.82329286762415e-18,"GLM","NYC","DTF_Sask_2017_b",20.3113956411248,17.2348313676123,"Significant",3.09928003322131
"Lcu.1GRN.Chr5p404330565",5,404330565,4.90120846985669e-21,0.313664596273292,NA,5.82545861971833e-18,"GLM","NYC","DTF_Sask_2017_b",20.3096968246486,17.234669878341,"Significant",-2.96632911643506
"Lcu.1GRN.Chr2p556019181",2,556019181,5.02379675062804e-21,0.245341614906832,NA,5.95013887893839e-18,"GLM","NYC","DTF_Sask_2017_b",20.2989679393079,17.2254728975231,"Significant",-3.12459575302906
"Lcu.1GRN.Chr1p354861007",1,354861007,5.13153718867373e-21,0.383870967741936,NA,9.80727141785577e-18,"GLM","NYC","Cotyledon_Color_RvsY",20.2897525193799,17.0084518053622,"Significant",0.316795276915057
"Lcu.1GRN.Chr3p236775828",3,236775828,5.27704789796346e-21,0.46583850931677,NA,6.22815708875185e-18,"GLM","NYC","DTF_Sask_2017_b",20.2776089638621,17.2056404420388,"Significant",-2.71585344173761
"Lcu.1GRN.Chr1p366900567",1,366900567,5.28944295175899e-21,0.409677419354839,NA,4.13766059849841e-17,"MLM","NYC","Cotyledon_Color_RvsY",20.2765900625046,16.3832451362523,"Significant",-0.307262851628496
"Lcu.1GRN.Chr4p181401724",4,181401724,5.31642184754853e-21,0.454968944099379,NA,6.25268834823202e-18,"GLM","NYC","DTF_Sask_2017_b",20.2743805659547,17.2039332172519,"Significant",2.69716466615991
"Lcu.1GRN.Chr2p572729078",2,572729078,5.38386972523611e-21,0.288819875776398,NA,6.30995159536061e-18,"GLM","NYC","DTF_Sask_2017_b",20.2689054573828,17.1999739722849,"Significant",3.1971752989115
"Lcu.1GRN.Chr2p411832832",2,411832832,5.48620862175074e-21,0.281055900621118,NA,6.4075678315015e-18,"GLM","NYC","DTF_Sask_2017_b",20.2607276816836,17.193306787611,"Significant",-2.93247940749455
"Lcu.1GRN.Chr2p411814071",2,411814071,5.52710097518958e-21,0.288819875776398,NA,6.43017468315708e-18,"GLM","NYC","DTF_Sask_2017_b",20.2575026011741,17.1917772288019,"Significant",-2.90419806018927
"Lcu.1GRN.Chr3p351560002",3,351560002,5.58203095869056e-21,0.349378881987578,NA,6.43017468315708e-18,"GLM","NYC","DTF_Sask_2017_b",20.2532077591854,17.1917772288019,"Significant",-2.84060365414699
"Lcu.1GRN.Chr3p351644399",3,351644399,5.58203095869056e-21,0.349378881987578,NA,6.43017468315708e-18,"GLM","NYC","DTF_Sask_2017_b",20.2532077591854,17.1917772288019,"Significant",-2.84060365414699
"Lcu.1GRN.Chr3p351714281",3,351714281,5.58203095869056e-21,0.349378881987578,NA,6.43017468315708e-18,"GLM","NYC","DTF_Sask_2017_b",20.2532077591854,17.1917772288019,"Significant",-2.84060365414699
"Lcu.1GRN.Chr5p402894975",5,402894975,5.64308245638471e-21,0.312111801242236,NA,6.45036720075308e-18,"GLM","NYC","DTF_Sask_2017_b",20.2484836037985,17.1904155615319,"Significant",-2.93984363292361
"Lcu.1GRN.Chr5p402893185",5,402893185,5.64635780640132e-21,0.316770186335404,NA,6.45036720075308e-18,"GLM","NYC","DTF_Sask_2017_b",20.248231604329,17.1904155615319,"Significant",-2.95466656252482
"Lcu.1GRN.Chr6p278148165",6,278148165,5.65708979841114e-21,0.239130434782609,NA,6.45036720075308e-18,"GLM","NYC","DTF_Sask_2017_b",20.2474069273856,17.1904155615319,"Significant",-3.13265760312994
"Lcu.1GRN.Chr5p406327200",5,406327200,5.85626871003723e-21,0.312111801242236,NA,6.6350652703218e-18,"GLM","NYC","DTF_Sask_2017_b",20.23237900425,17.1781548005462,"Significant",-2.94152468113471
"Lcu.1GRN.Chr1p368964398",1,368964398,5.92406336452971e-21,0.37258064516129,NA,1.1257962834671e-17,"GLM","NYC","Cotyledon_Color_RvsY",20.2273803048574,16.9485401893873,"Significant",-0.374765183861209
"Lcu.1GRN.Chr2p546091303",2,546091303,5.93077188565136e-21,0.246894409937888,NA,6.6350652703218e-18,"GLM","NYC","DTF_Sask_2017_b",20.226888779846,17.1781548005462,"Significant",-3.1079582366055
"Lcu.1GRN.Chr2p553907642",2,553907642,5.93077188565136e-21,0.246894409937888,NA,6.6350652703218e-18,"GLM","NYC","DTF_Sask_2017_b",20.226888779846,17.1781548005462,"Significant",-3.1079582366055
"Lcu.1GRN.Chr2p556270939",2,556270939,5.93077188565136e-21,0.246894409937888,NA,6.6350652703218e-18,"GLM","NYC","DTF_Sask_2017_b",20.226888779846,17.1781548005462,"Significant",-3.1079582366055
"Lcu.1GRN.Chr2p556327489",2,556327489,5.93077188565136e-21,0.246894409937888,NA,6.6350652703218e-18,"GLM","NYC","DTF_Sask_2017_b",20.226888779846,17.1781548005462,"Significant",-3.1079582366055
"Lcu.1GRN.Chr4p357446214",4,357446214,5.93742741222195e-21,0.343167701863354,NA,6.6350652703218e-18,"GLM","NYC","DTF_Sask_2017_b",20.2264016867842,17.1781548005462,"Significant",5.48723506380423
"Lcu.1GRN.Chr3p351643874",3,351643874,5.95882522695918e-21,0.350931677018634,NA,6.63692769906151e-18,"GLM","NYC","DTF_Sask_2017_b",20.2248393522964,17.1780329134216,"Significant",-2.84222660343552
"Lcu.1GRN.Chr1p367497600",1,367497600,6.11340109515299e-21,0.409677419354839,NA,4.67351451403029e-17,"MLM","NYC","Cotyledon_Color_RvsY",20.2137171095763,16.3303564042306,"Significant",-0.304762119666545
"Lcu.1GRN.Chr3p224848669",3,224848669,6.28591175644314e-21,0.462732919254658,NA,6.8586701182318e-18,"GLM","NYC","DTF_Sask_2017_b",20.2016317200348,17.1637600849206,"Significant",2.69563697388179
"Lcu.1GRN.Chr1p356473222",1,356473222,6.28809548731943e-21,0.47258064516129,NA,1.18826281729392e-17,"GLM","NYC","Cotyledon_Color_RvsY",20.201480871978,16.925087492455,"Significant",-0.290040906579916
"Lcu.1GRN.Chr4p418245589",4,418245589,6.30962415700636e-21,0.332298136645963,NA,6.8586701182318e-18,"GLM","NYC","DTF_Sask_2017_b",20.1999965094404,17.1637600849206,"Significant",-2.85094662973283
"Lcu.1GRN.Chr4p416806856",4,416806856,6.31386001123712e-21,0.330745341614907,NA,6.8586701182318e-18,"GLM","NYC","DTF_Sask_2017_b",20.199705051367,17.1637600849206,"Significant",-2.84585716712286
"Lcu.1GRN.Chr4p439063592",4,439063592,6.33862005270719e-21,0.322981366459627,NA,6.8586701182318e-18,"GLM","NYC","DTF_Sask_2017_b",20.1980052797721,17.1637600849206,"Significant",-2.85574116036634
"Lcu.1GRN.Chr4p439062790",4,439062790,6.37797640486845e-21,0.319875776397516,NA,6.8586701182318e-18,"GLM","NYC","DTF_Sask_2017_b",20.1953170917494,17.1637600849206,"Significant",-2.85271431022316
"Lcu.1GRN.Chr3p238111817",3,238111817,6.38123926631928e-21,0.478260869565217,NA,6.8586701182318e-18,"GLM","NYC","DTF_Sask_2017_b",20.1950949710814,17.1637600849206,"Significant",-2.70310543870136
"Lcu.1GRN.Chr2p54764579",2,54764579,6.39003519794898e-21,0.240683229813665,NA,6.8586701182318e-18,"GLM","NYC","DTF_Sask_2017_b",20.1944967496299,17.1637600849206,"Significant",-3.12271784228061
"Lcu.1GRN.Chr1p362370694",1,362370694,6.41889102249841e-21,0.183870967741935,NA,1.20620285841605e-17,"GLM","NYC","Cotyledon_Color_RvsY",20.1925399975404,16.9185796466884,"Significant",-0.35487689958556
"Lcu.1GRN.Chr3p344528169",3,344528169,6.44737689019211e-21,0.414596273291925,NA,6.8586701182318e-18,"GLM","NYC","DTF_Sask_2017_b",20.1906169417718,17.1637600849206,"Significant",-2.67493105025769
"Lcu.1GRN.Chr4p439061384",4,439061384,6.46697024801053e-21,0.316770186335404,NA,6.8586701182318e-18,"GLM","NYC","DTF_Sask_2017_b",20.1892991370666,17.1637600849206,"Significant",-2.84933909961282
"Lcu.1GRN.Chr4p439061385",4,439061385,6.46697024801053e-21,0.316770186335404,NA,6.8586701182318e-18,"GLM","NYC","DTF_Sask_2017_b",20.1892991370666,17.1637600849206,"Significant",-2.84933909961282
"Lcu.1GRN.Chr4p439061620",4,439061620,6.46697024801053e-21,0.316770186335404,NA,6.8586701182318e-18,"GLM","NYC","DTF_Sask_2017_b",20.1892991370666,17.1637600849206,"Significant",-2.84933909961282
"Lcu.1GRN.Chr4p439062363",4,439062363,6.46697024801053e-21,0.316770186335404,NA,6.8586701182318e-18,"GLM","NYC","DTF_Sask_2017_b",20.1892991370666,17.1637600849206,"Significant",-2.84933909961282
"Lcu.1GRN.Chr4p439062533",4,439062533,6.46697024801053e-21,0.316770186335404,NA,6.8586701182318e-18,"GLM","NYC","DTF_Sask_2017_b",20.1892991370666,17.1637600849206,"Significant",-2.84933909961282
"Lcu.1GRN.Chr4p439146473",4,439146473,6.46697024801053e-21,0.316770186335404,NA,6.8586701182318e-18,"GLM","NYC","DTF_Sask_2017_b",20.1892991370666,17.1637600849206,"Significant",-2.84933909961282
"Lcu.1GRN.Chr4p439206010",4,439206010,6.46697024801053e-21,0.316770186335404,NA,6.8586701182318e-18,"GLM","NYC","DTF_Sask_2017_b",20.1892991370666,17.1637600849206,"Significant",-2.84933909961282
"Lcu.1GRN.Chr6p1140009",6,1140009,6.48415896207926e-21,0.296583850931677,NA,6.8586701182318e-18,"GLM","NYC","DTF_Sask_2017_b",20.1881463467681,17.1637600849206,"Significant",-2.90905481016826
"Lcu.1GRN.Chr5p441116477",5,441116477,6.55359723303032e-21,0.309006211180124,NA,6.91038821467934e-18,"GLM","NYC","DTF_Sask_2017_b",20.1835202527381,17.1604975539634,"Significant",-2.92814901590606
"Lcu.1GRN.Chr3p236125285",3,236125285,6.59610337862764e-21,0.467391304347826,NA,6.92296381785939e-18,"GLM","NYC","DTF_Sask_2017_b",20.1807125464151,17.159707938177,"Significant",-2.70545647392326
"Lcu.1GRN.Chr2p314230516",2,314230516,6.6066867009334e-21,0.433229813664596,NA,6.92296381785939e-18,"GLM","NYC","DTF_Sask_2017_b",20.180016287604,17.159707938177,"Significant",-2.70955815731667
"Lcu.1GRN.Chr1p99875893",1,99875893,6.6295061858802e-21,0.375806451612903,NA,1.23885950401442e-17,"GLM","NYC","Cotyledon_Color_RvsY",20.1785188198206,16.9069779430921,"Significant",0.315216001435567
"Lcu.1GRN.Chr4p437386089",4,437386089,6.69474087052761e-21,0.304347826086957,NA,6.97456830728724e-18,"GLM","NYC","DTF_Sask_2017_b",20.1742662283126,17.156482667992,"Significant",-2.88089601740016
"Lcu.1GRN.Chr2p128147880",2,128147880,6.6976566907325e-21,0.425465838509317,NA,6.97456830728724e-18,"GLM","NYC","DTF_Sask_2017_b",20.1740771173428,17.156482667992,"Significant",-2.81694083156179
"Lcu.1GRN.Chr4p439803784",4,439803784,6.71813861514674e-21,0.324534161490683,NA,6.97456830728724e-18,"GLM","NYC","DTF_Sask_2017_b",20.1727510396173,17.156482667992,"Significant",-2.83577091046784
"Lcu.1GRN.Chr5p402894383",5,402894383,6.82072431933976e-21,0.338509316770186,NA,7.05928177576417e-18,"GLM","NYC","DTF_Sask_2017_b",20.1661695034683,17.1512394826153,"Significant",-2.97344793717437
"Lcu.1GRN.Chr1p254231226",1,254231226,6.86407919812554e-21,0.337096774193548,NA,1.27560758432922e-17,"GLM","NYC","Cotyledon_Color_RvsY",20.1634177142167,16.894282907254,"Significant",0.331708076324222
"Lcu.1GRN.Chr2p401971046",2,401971046,6.89089334545585e-21,0.290372670807453,NA,7.11002798138328e-18,"GLM","NYC","DTF_Sask_2017_b",20.1617244718729,17.148128690109,"Significant",-2.93072359356312
"Lcu.1GRN.Chr4p419671888",4,419671888,7.05897705178094e-21,0.332298136645963,NA,7.19850048136179e-18,"GLM","NYC","DTF_Sask_2017_b",20.1512582299617,17.1427579619707,"Significant",-2.82215177417359
"Lcu.1GRN.Chr4p419830674",4,419830674,7.05897705178094e-21,0.332298136645963,NA,7.19850048136179e-18,"GLM","NYC","DTF_Sask_2017_b",20.1512582299617,17.1427579619707,"Significant",-2.82215177417359
"Lcu.1GRN.Chr5p403741193",5,403741193,7.06498372122822e-21,0.304347826086957,NA,7.19850048136179e-18,"GLM","NYC","DTF_Sask_2017_b",20.1508888344933,17.1427579619707,"Significant",-2.95133987245286
"Lcu.1GRN.Chr4p418017839",4,418017839,7.07302486787325e-21,0.291925465838509,NA,7.19850048136179e-18,"GLM","NYC","DTF_Sask_2017_b",20.1503948149896,17.1427579619707,"Significant",-3.09124248983638
"Lcu.1GRN.Chr2p546092190",2,546092190,7.09779500204197e-21,0.248447204968944,NA,7.19850048136179e-18,"GLM","NYC","DTF_Sask_2017_b",20.1488765480664,17.1427579619707,"Significant",-3.09783726439342
"Lcu.1GRN.Chr2p553285343",2,553285343,7.10504347873636e-21,0.236024844720497,NA,7.19850048136179e-18,"GLM","NYC","DTF_Sask_2017_b",20.1484332600986,17.1427579619707,"Significant",-3.14029119879362
"Lcu.1GRN.Chr1p360268981",1,360268981,7.11869536648399e-21,0.229032258064516,NA,1.31565615622974e-17,"GLM","NYC","Cotyledon_Color_RvsY",20.1475995916234,16.8808575977766,"Significant",-0.326510944276831
"Lcu.1GRN.Chr2p132671949",2,132671949,7.21793694695408e-21,0.263975155279503,NA,7.29091830941773e-18,"GLM","NYC","DTF_Sask_2017_b",20.141586916085,17.1372177677594,"Significant",-2.97080971114804
"Lcu.1GRN.Chr1p437559322",1,437559322,7.34062913178982e-21,0.251552795031056,NA,7.38530506972738e-18,"GLM","NYC","DTF_Sask_2017_b",20.1342667170927,17.1316315602894,"Significant",3.20329065102069
"Lcu.1GRN.Chr2p566282801",2,566282801,7.42115936928371e-21,0.243788819875776,NA,7.38530506972738e-18,"GLM","NYC","DTF_Sask_2017_b",20.1295282418436,17.1316315602894,"Significant",-3.12517912639758
"Lcu.1GRN.Chr2p566283161",2,566283161,7.42115936928371e-21,0.243788819875776,NA,7.38530506972738e-18,"GLM","NYC","DTF_Sask_2017_b",20.1295282418436,17.1316315602894,"Significant",-3.12517912639758
"Lcu.1GRN.Chr2p566633917",2,566633917,7.42115936928371e-21,0.243788819875776,NA,7.38530506972738e-18,"GLM","NYC","DTF_Sask_2017_b",20.1295282418436,17.1316315602894,"Significant",-3.12517912639758
"Lcu.1GRN.Chr2p566965014",2,566965014,7.42115936928371e-21,0.243788819875776,NA,7.38530506972738e-18,"GLM","NYC","DTF_Sask_2017_b",20.1295282418436,17.1316315602894,"Significant",-3.12517912639758
"Lcu.1GRN.Chr1p360283960",1,360283960,7.45426226952269e-21,0.230645161290323,NA,1.37014635891396e-17,"GLM","NYC","Cotyledon_Color_RvsY",20.1275953311686,16.8632330390672,"Significant",-0.323977546790612
"Lcu.1GRN.Chr3p238947302",3,238947302,7.48579416172863e-21,0.490683229813665,NA,7.42765228554033e-18,"GLM","NYC","DTF_Sask_2017_b",20.1257621189334,17.1291484353046,"Significant",-2.75575630363806
"Lcu.1GRN.Chr1p361191061",1,361191061,7.50073375970199e-21,0.148387096774194,NA,1.37119527855961e-17,"GLM","NYC","Cotyledon_Color_RvsY",20.124896249648,16.8629006908257,"Significant",-0.432442135460842
"Lcu.1GRN.Chr2p54764682",2,54764682,7.55680603111744e-21,0.242236024844721,NA,7.45968884358154e-18,"GLM","NYC","DTF_Sask_2017_b",20.1216617251551,17.1272792873174,"Significant",-3.13852346932823
"Lcu.1GRN.Chr5p403719707",5,403719707,7.58623243788029e-21,0.309006211180124,NA,7.45968884358154e-18,"GLM","NYC","DTF_Sask_2017_b",20.1199738548916,17.1272792873174,"Significant",-2.95619147687022
"Lcu.1GRN.Chr5p403741202",5,403741202,7.64590942910975e-21,0.304347826086957,NA,7.45968884358154e-18,"GLM","NYC","DTF_Sask_2017_b",20.1165708507939,17.1272792873174,"Significant",-2.94071419108512
"Lcu.1GRN.Chr6p1139213",6,1139213,7.68927151319073e-21,0.296583850931677,NA,7.45968884358154e-18,"GLM","NYC","DTF_Sask_2017_b",20.114114803604,17.1272792873174,"Significant",-2.89305686289575
"Lcu.1GRN.Chr1p437359352",1,437359352,7.69549934661484e-21,0.281055900621118,NA,7.45968884358154e-18,"GLM","NYC","DTF_Sask_2017_b",20.1137631943584,17.1272792873174,"Significant",2.88481535090254
"Lcu.1GRN.Chr1p437368329",1,437368329,7.69549934661484e-21,0.281055900621118,NA,7.45968884358154e-18,"GLM","NYC","DTF_Sask_2017_b",20.1137631943584,17.1272792873174,"Significant",2.88481535090254
"Lcu.1GRN.Chr1p437368794",1,437368794,7.69549934661484e-21,0.281055900621118,NA,7.45968884358154e-18,"GLM","NYC","DTF_Sask_2017_b",20.1137631943584,17.1272792873174,"Significant",2.88481535090254
"Lcu.1GRN.Chr1p437369245",1,437369245,7.69549934661484e-21,0.281055900621118,NA,7.45968884358154e-18,"GLM","NYC","DTF_Sask_2017_b",20.1137631943584,17.1272792873174,"Significant",2.88481535090254
"Lcu.1GRN.Chr1p366870836",1,366870836,7.75145362541287e-21,0.338709677419355,NA,1.40348827036505e-17,"GLM","NYC","Cotyledon_Color_RvsY",20.1106168468746,16.8527912126249,"Significant",-0.387199360260228
"Lcu.1GRN.Chr1p367578183",1,367578183,7.80154525888327e-21,0.375806451612903,NA,1.40348827036505e-17,"GLM","NYC","Cotyledon_Color_RvsY",20.1078193677019,16.8527912126249,"Significant",-0.370712971386181
"Lcu.1GRN.Chr1p69356154",1,69356154,7.80255811534023e-21,0.325806451612903,NA,1.40348827036505e-17,"GLM","NYC","Cotyledon_Color_RvsY",20.1077629879202,16.8527912126249,"Significant",0.329577881596937
"Lcu.1GRN.Chr2p409547558",2,409547558,7.89045329748134e-21,0.288819875776398,NA,7.59602639150299e-18,"GLM","NYC","DTF_Sask_2017_b",20.1028980463546,17.1194135350271,"Significant",-2.90298953876103
"Lcu.1GRN.Chr1p283453538",1,283453538,7.91636552481311e-21,0.338709677419355,NA,1.41638517153447e-17,"GLM","NYC","Cotyledon_Color_RvsY",20.1014741611882,16.84881862862,"Significant",0.328643326025188
"Lcu.1GRN.Chr6p1857185",6,1857185,7.92872210548038e-21,0.484472049689441,NA,7.59602639150299e-18,"GLM","NYC","DTF_Sask_2017_b",20.1007968035096,17.1194135350271,"Significant",-3.10697625841135
"Lcu.1GRN.Chr2p411995411",2,411995411,7.93591838089583e-21,0.293478260869565,NA,7.59602639150299e-18,"GLM","NYC","DTF_Sask_2017_b",20.1004028074503,17.1194135350271,"Significant",-2.96179732230998
"Lcu.1GRN.Chr5p418420936",5,418420936,7.93785716167936e-21,0.391304347826087,NA,7.59602639150299e-18,"GLM","NYC","DTF_Sask_2017_b",20.1002967203007,17.1194135350271,"Significant",-3.03941414809516
"Lcu.1GRN.Chr5p404118662",5,404118662,7.94905947910779e-21,0.307453416149068,NA,7.59602639150299e-18,"GLM","NYC","DTF_Sask_2017_b",20.0996842533809,17.1194135350271,"Significant",-2.93587185323941
"Lcu.1GRN.Chr1p368325479",1,368325479,8.0028190582985e-21,0.375806451612903,NA,1.42427737469984e-17,"GLM","NYC","Cotyledon_Color_RvsY",20.0967570022827,16.8464054246241,"Significant",-0.374487166084326
"Lcu.1GRN.Chr3p226270645",3,226270645,8.16364974719859e-21,0.46583850931677,NA,7.71474309873156e-18,"GLM","NYC","DTF_Sask_2017_b",20.088115636504,17.1126785313845,"Significant",2.72631400686514
"Lcu.1GRN.Chr2p412148240",2,412148240,8.16503564008489e-21,0.270186335403727,NA,7.71474309873156e-18,"GLM","NYC","DTF_Sask_2017_b",20.0880419152435,17.1126785313845,"Significant",-2.96972278775135
"Lcu.1GRN.Chr2p412305371",2,412305371,8.16503564008489e-21,0.270186335403727,NA,7.71474309873156e-18,"GLM","NYC","DTF_Sask_2017_b",20.0880419152435,17.1126785313845,"Significant",-2.96972278775135
"Lcu.1GRN.Chr2p412306079",2,412306079,8.16503564008489e-21,0.270186335403727,NA,7.71474309873156e-18,"GLM","NYC","DTF_Sask_2017_b",20.0880419152435,17.1126785313845,"Significant",-2.96972278775135
"Lcu.1GRN.Chr5p418221150",5,418221150,8.20567253112652e-21,0.350931677018634,NA,7.73142143495079e-18,"GLM","NYC","DTF_Sask_2017_b",20.0858858186831,17.1117406529634,"Significant",-2.84867252532152
"Lcu.1GRN.Chr3p346350734",3,346350734,8.29887242004146e-21,0.427018633540373,NA,7.79535120506556e-18,"GLM","NYC","DTF_Sask_2017_b",20.0809809118433,17.1081643137034,"Significant",-2.74491462853314
"Lcu.1GRN.Chr4p440025664",4,440025664,8.3284827914896e-21,0.333850931677019,NA,7.79535120506556e-18,"GLM","NYC","DTF_Sask_2017_b",20.0794341072724,17.1081643137034,"Significant",-2.86009650917516
"Lcu.1GRN.Chr5p416244170",5,416244170,8.34304921060508e-21,0.302795031055901,NA,7.79535120506556e-18,"GLM","NYC","DTF_Sask_2017_b",20.0786751947679,17.1081643137034,"Significant",-2.92748620224548
"Lcu.1GRN.Chr4p436737315",4,436737315,8.51168871638944e-21,0.302795031055901,NA,7.9089812112314e-18,"GLM","NYC","DTF_Sask_2017_b",20.0699842674769,17.1018794561782,"Significant",-2.87104667735527
"Lcu.1GRN.Chr4p437106351",4,437106351,8.51168871638944e-21,0.302795031055901,NA,7.9089812112314e-18,"GLM","NYC","DTF_Sask_2017_b",20.0699842674769,17.1018794561782,"Significant",-2.87104667735527
"Lcu.1GRN.Chr3p344527283",3,344527283,8.63923322374851e-21,0.416149068322981,NA,7.96151496376059e-18,"GLM","NYC","DTF_Sask_2017_b",20.063524801673,17.0990042842976,"Significant",-2.65728811961245
"Lcu.1GRN.Chr3p344530558",3,344530558,8.63923322374851e-21,0.416149068322981,NA,7.96151496376059e-18,"GLM","NYC","DTF_Sask_2017_b",20.063524801673,17.0990042842976,"Significant",-2.65728811961245
"Lcu.1GRN.Chr3p344530595",3,344530595,8.63923322374851e-21,0.416149068322981,NA,7.96151496376059e-18,"GLM","NYC","DTF_Sask_2017_b",20.063524801673,17.0990042842976,"Significant",-2.65728811961245
"Lcu.1GRN.Chr2p411995432",2,411995432,8.71796188486782e-21,0.285714285714286,NA,8.01211662657741e-18,"GLM","NYC","DTF_Sask_2017_b",20.0595850340598,17.0962527376223,"Significant",-2.99248921818996
"Lcu.1GRN.Chr4p439063600",4,439063600,8.86919849865408e-21,0.319875776397516,NA,8.11368505348935e-18,"GLM","NYC","DTF_Sask_2017_b",20.0521156251896,17.0907818541848,"Significant",-2.84184741237566
"Lcu.1GRN.Chr2p551063870",2,551063870,8.87672125887522e-21,0.245341614906832,NA,8.11368505348935e-18,"GLM","NYC","DTF_Sask_2017_b",20.0517474173432,17.0907818541848,"Significant",-3.15817020128449
"Lcu.1GRN.Chr4p419831953",4,419831953,9.23386930563142e-21,0.33695652173913,NA,8.41725993693042e-18,"GLM","NYC","DTF_Sask_2017_b",20.03461627666,17.0748292609872,"Significant",-2.83153729756516
"Lcu.1GRN.Chr4p440503708",4,440503708,9.27033564383892e-21,0.22360248447205,NA,8.42766213381396e-18,"GLM","NYC","DTF_Sask_2017_b",20.032904541408,17.0742928836431,"Significant",-3.15465369873827
"Lcu.1GRN.Chr4p439484588",4,439484588,9.42780438802377e-21,0.321428571428571,NA,8.51585583290437e-18,"GLM","NYC","DTF_Sask_2017_b",20.0255894369754,17.0697716994535,"Significant",-2.8304884512151
"Lcu.1GRN.Chr4p440403887",4,440403887,9.49595039452538e-21,0.313664596273292,NA,8.51585583290437e-18,"GLM","NYC","DTF_Sask_2017_b",20.0224615627392,17.0697716994535,"Significant",-2.84822558381853
"Lcu.1GRN.Chr4p488593845",4,488593845,9.49727854085217e-21,0.298136645962733,NA,8.51585583290437e-18,"GLM","NYC","DTF_Sask_2017_b",20.0224008246074,17.0697716994535,"Significant",-3.19085766045957
"Lcu.1GRN.Chr3p332265230",3,332265230,9.51035659896335e-21,0.372670807453416,NA,8.51585583290437e-18,"GLM","NYC","DTF_Sask_2017_b",20.0218031985138,17.0697716994535,"Significant",-2.78231762914446
"Lcu.1GRN.Chr4p439483104",4,439483104,9.56988499120857e-21,0.31832298136646,NA,8.51585583290437e-18,"GLM","NYC","DTF_Sask_2017_b",20.0190932814482,17.0697716994535,"Significant",-2.82704591642461
"Lcu.1GRN.Chr4p439489994",4,439489994,9.56988499120857e-21,0.31832298136646,NA,8.51585583290437e-18,"GLM","NYC","DTF_Sask_2017_b",20.0190932814482,17.0697716994535,"Significant",-2.82704591642461
"Lcu.1GRN.Chr4p439618735",4,439618735,9.56988499120857e-21,0.31832298136646,NA,8.51585583290437e-18,"GLM","NYC","DTF_Sask_2017_b",20.0190932814482,17.0697716994535,"Significant",-2.82704591642461
"Lcu.1GRN.Chr4p439621651",4,439621651,9.56988499120857e-21,0.31832298136646,NA,8.51585583290437e-18,"GLM","NYC","DTF_Sask_2017_b",20.0190932814482,17.0697716994535,"Significant",-2.82704591642461
"Lcu.1GRN.Chr2p132007165",2,132007165,9.59711871249466e-21,0.267080745341615,NA,8.51755680729734e-18,"GLM","NYC","DTF_Sask_2017_b",20.0178591331151,17.0696849612513,"Significant",-2.94084967216962
"Lcu.1GRN.Chr4p439061307",4,439061307,9.70259935154679e-21,0.319875776397516,NA,8.56596912357412e-18,"GLM","NYC","DTF_Sask_2017_b",20.0131119015271,17.0672234953709,"Significant",-2.83093825357248
"Lcu.1GRN.Chr4p439062136",4,439062136,9.70259935154679e-21,0.319875776397516,NA,8.56596912357412e-18,"GLM","NYC","DTF_Sask_2017_b",20.0131119015271,17.0672234953709,"Significant",-2.83093825357248
"Lcu.1GRN.Chr4p436979071",4,436979071,9.76562272454123e-21,0.304347826086957,NA,8.59266998572759e-18,"GLM","NYC","DTF_Sask_2017_b",20.0103000578335,17.0658718676128,"Significant",-2.88074882794005
"Lcu.1GRN.Chr1p368962767",1,368962767,9.77401407937407e-21,0.432258064516129,NA,7.30590176408182e-17,"MLM","NYC","Cotyledon_Color_RvsY",20.0099270397103,16.1363261716538,"Significant",-0.315001557822848
"Lcu.1GRN.Chr2p133074492",2,133074492,9.81913524623887e-21,0.267080745341615,NA,8.59266998572759e-18,"GLM","NYC","DTF_Sask_2017_b",20.0079267580708,17.0658718676128,"Significant",-2.94112766257773
"Lcu.1GRN.Chr3p238633864",3,238633864,9.83526230186812e-21,0.490683229813665,NA,8.59266998572759e-18,"GLM","NYC","DTF_Sask_2017_b",20.0072140531585,17.0658718676128,"Significant",2.70647424592104
"Lcu.1GRN.Chr2p566964876",2,566964876,9.84789072252682e-21,0.243788819875776,NA,8.59266998572759e-18,"GLM","NYC","DTF_Sask_2017_b",20.0066567792143,17.0658718676128,"Significant",-3.10832553336026
"Lcu.1GRN.Chr4p439932481",4,439932481,9.86057078872436e-21,0.324534161490683,NA,8.59266998572759e-18,"GLM","NYC","DTF_Sask_2017_b",20.0060979447729,17.0658718676128,"Significant",-2.83680546745674
"Lcu.1GRN.Chr1p367622304",1,367622304,9.95146508317889e-21,0.346774193548387,NA,1.76176023980718e-17,"GLM","NYC","Cotyledon_Color_RvsY",20.0021129764703,16.7540531955913,"Significant",-0.370601321455648
"Lcu.1GRN.Chr5p403733268",5,403733268,1.00323563594676e-20,0.315217391304348,NA,8.71599399687135e-18,"GLM","NYC","DTF_Sask_2017_b",19.9985970496591,17.0596830775454,"Significant",-2.95014476807182
"Lcu.1GRN.Chr5p389874870",5,389874870,1.00539163199306e-20,0.309006211180124,NA,8.71599399687135e-18,"GLM","NYC","DTF_Sask_2017_b",19.9976647337831,17.0596830775454,"Significant",-2.9538747814295
"Lcu.1GRN.Chr1p357375621",1,357375621,1.00662441717313e-20,0.451612903225806,NA,1.7727499232004e-17,"GLM","NYC","Cotyledon_Color_RvsY",19.9971325393522,16.7513525247681,"Significant",-0.291667337704693
"Lcu.1GRN.Chr1p589234461",1,589234461,1.02826657766606e-20,0.217391304347826,NA,8.89138673341386e-18,"GLM","NYC","DTF_Sask_2017_b",19.9878942800869,17.0510304995807,"Significant",-3.52109387264031
"Lcu.1GRN.Chr3p224732839",3,224732839,1.03470045659965e-20,0.433229813664596,NA,8.92407919192451e-18,"GLM","NYC","DTF_Sask_2017_b",19.9851853592645,17.0494365844591,"Significant",2.70873389509873
"Lcu.1GRN.Chr3p225115037",3,225115037,1.04170176522057e-20,0.448757763975155,NA,8.96148587370713e-18,"GLM","NYC","DTF_Sask_2017_b",19.9822565999021,17.0476199754661,"Significant",2.69354972051588
"Lcu.1GRN.Chr2p546092184",2,546092184,1.05814557307261e-20,0.253105590062112,NA,9.07972581575802e-18,"GLM","NYC","DTF_Sask_2017_b",19.9754545806627,17.0419272658513,"Significant",-3.0931234614162
"Lcu.1GRN.Chr3p332268053",3,332268053,1.07107063982336e-20,0.372670807453416,NA,9.1672472749482e-18,"GLM","NYC","DTF_Sask_2017_b",19.9701818854018,17.0377610539453,"Significant",-2.78247671579088
"Lcu.1GRN.Chr1p367423374",1,367423374,1.08028985926019e-20,0.391935483870968,NA,1.89257218275923e-17,"GLM","NYC","Cotyledon_Color_RvsY",19.9664597006359,16.7229475475076,"Significant",-0.369575778456314
"Lcu.1GRN.Chr2p545941251",2,545941251,1.08124740233322e-20,0.246894409937888,NA,9.23086154773145e-18,"GLM","NYC","DTF_Sask_2017_b",19.9660749229063,17.0347577629,"Significant",-3.17529679137644
"Lcu.1GRN.Chr1p361411859",1,361411859,1.08769450501285e-20,0.187096774193548,NA,1.89567117910704e-17,"GLM","NYC","Cotyledon_Color_RvsY",19.9634930654993,16.7222369926752,"Significant",-0.360858949927733
"Lcu.1GRN.Chr6p278107865",6,278107865,1.0891239612889e-20,0.251552795031056,NA,9.24719031249881e-18,"GLM","NYC","DTF_Sask_2017_b",19.9629226871497,17.0339902042488,"Significant",-3.06066032148667
"Lcu.1GRN.Chr2p553089829",2,553089829,1.09341481660503e-20,0.239130434782609,NA,9.24719031249881e-18,"GLM","NYC","DTF_Sask_2017_b",19.961215045383,17.0339902042488,"Significant",-3.12076311894947
"Lcu.1GRN.Chr2p553459068",2,553459068,1.09341481660503e-20,0.239130434782609,NA,9.24719031249881e-18,"GLM","NYC","DTF_Sask_2017_b",19.961215045383,17.0339902042488,"Significant",-3.12076311894947
"Lcu.1GRN.Chr3p349262741",3,349262741,1.09415660405882e-20,0.31055900621118,NA,9.24719031249881e-18,"GLM","NYC","DTF_Sask_2017_b",19.960920514007,17.0339902042488,"Significant",-2.923957132631
"Lcu.1GRN.Chr2p135922682",2,135922682,1.10068281554595e-20,0.268633540372671,NA,9.27903199540712e-18,"GLM","NYC","DTF_Sask_2017_b",19.9583378139113,17.0324973277661,"Significant",-2.96995926734935
"Lcu.1GRN.Chr5p402904201",5,402904201,1.10723208226058e-20,0.312111801242236,NA,9.31090834534364e-18,"GLM","NYC","DTF_Sask_2017_b",19.9557613389396,17.0310079484357,"Significant",-2.92870381850352
"Lcu.1GRN.Chr4p439859354",4,439859354,1.11298803581985e-20,0.312111801242236,NA,9.32429568297856e-18,"GLM","NYC","DTF_Sask_2017_b",19.9535095041337,17.0303839630097,"Significant",-2.95806509320053
"Lcu.1GRN.Chr4p439621668",4,439621668,1.11639062288536e-20,0.322981366459627,NA,9.32429568297856e-18,"GLM","NYC","DTF_Sask_2017_b",19.9521838200213,17.0303839630097,"Significant",-2.81931112617376
"Lcu.1GRN.Chr3p344532566",3,344532566,1.11714025461486e-20,0.462732919254658,NA,9.32429568297856e-18,"GLM","NYC","DTF_Sask_2017_b",19.9518922987005,17.0303839630097,"Significant",2.80686243306398
"Lcu.1GRN.Chr2p132664265",2,132664265,1.13505520872508e-20,0.267080745341615,NA,9.45037414339675e-18,"GLM","NYC","DTF_Sask_2017_b",19.9449830140114,17.0245509972901,"Significant",-2.94576067137979
"Lcu.1GRN.Chr2p552966772",2,552966772,1.15017221781404e-20,0.239130434782609,NA,9.5290635071294e-18,"GLM","NYC","DTF_Sask_2017_b",19.9392371269102,17.0209497786556,"Significant",-3.1175827816537
"Lcu.1GRN.Chr2p553089991",2,553089991,1.15017221781404e-20,0.239130434782609,NA,9.5290635071294e-18,"GLM","NYC","DTF_Sask_2017_b",19.9392371269102,17.0209497786556,"Significant",-3.1175827816537
"Lcu.1GRN.Chr1p365084357",1,365084357,1.15918949614137e-20,0.37258064516129,NA,2.00986130540507e-17,"GLM","NYC","Cotyledon_Color_RvsY",19.9358455628272,16.6968339109255,"Significant",-0.377711366235034
"Lcu.1GRN.Chr1p367669224",1,367669224,1.17941540017131e-20,0.391935483870968,NA,2.03444317902268e-17,"GLM","NYC","Cotyledon_Color_RvsY",19.9283332057377,16.6915544352683,"Significant",-0.363188066863749
"Lcu.1GRN.Chr2p401783295",2,401783295,1.18298048361525e-20,0.287267080745342,NA,9.77679597867843e-18,"GLM","NYC","DTF_Sask_2017_b",19.9270224201465,17.0098034475398,"Significant",-2.89225302636665
"Lcu.1GRN.Chr2p130785798",2,130785798,1.18642314147452e-20,0.270186335403727,NA,9.78121551049901e-18,"GLM","NYC","DTF_Sask_2017_b",19.9257603908766,17.0096071721346,"Significant",-2.95255809026524
"Lcu.1GRN.Chr4p439067221",4,439067221,1.19218257760493e-20,0.316770186335404,NA,9.78132876427295e-18,"GLM","NYC","DTF_Sask_2017_b",19.923657229181,17.0096021435976,"Significant",-2.82702991854029
"Lcu.1GRN.Chr5p402894299",5,402894299,1.19225274576635e-20,0.31055900621118,NA,9.78132876427295e-18,"GLM","NYC","DTF_Sask_2017_b",19.9236316687097,17.0096021435976,"Significant",-2.92588335987855
"Lcu.1GRN.Chr3p240598132",3,240598132,1.20142913751051e-20,0.462732919254658,NA,9.8087762258785e-18,"GLM","NYC","DTF_Sask_2017_b",19.9203018395881,17.0083851732012,"Significant",2.89376520296605
"Lcu.1GRN.Chr5p416773746",5,416773746,1.20245626664069e-20,0.313664596273292,NA,9.8087762258785e-18,"GLM","NYC","DTF_Sask_2017_b",19.9199307099662,17.0083851732012,"Significant",-2.91600897871604
"Lcu.1GRN.Chr1p367671470",1,367671470,1.20348582765455e-20,0.351612903225806,NA,2.06537202750346e-17,"GLM","NYC","Cotyledon_Color_RvsY",19.9195590196454,16.68500170917,"Significant",-0.373567541152665
"Lcu.1GRN.Chr3p225589811",3,225589811,1.20823636013975e-20,0.428571428571429,NA,9.8087762258785e-18,"GLM","NYC","DTF_Sask_2017_b",19.9178480989406,17.0083851732012,"Significant",2.70605169185619
"Lcu.1GRN.Chr2p135921670",2,135921670,1.20915248276461e-20,0.267080745341615,NA,9.8087762258785e-18,"GLM","NYC","DTF_Sask_2017_b",19.9175189280495,17.0083851732012,"Significant",-2.96615587764573
"Lcu.1GRN.Chr3p225606970",3,225606970,1.21017880283725e-20,0.46583850931677,NA,9.8087762258785e-18,"GLM","NYC","DTF_Sask_2017_b",19.917150458321,17.0083851732012,"Significant",2.68013061411198
"Lcu.1GRN.Chr1p366659710",1,366659710,1.2111595338306e-20,0.416129032258065,NA,8.85639345469559e-17,"MLM","NYC","Cotyledon_Color_RvsY",19.9167986478569,16.0527430977066,"Significant",-0.308026742179587
"Lcu.1GRN.Chr3p225115170",3,225115170,1.21898992569812e-20,0.450310559006211,NA,9.8564419311851e-18,"GLM","NYC","DTF_Sask_2017_b",19.9139998835792,17.006279832374,"Significant",2.68266509065272
"Lcu.1GRN.Chr3p332303145",3,332303145,1.23395588000048e-20,0.392857142857143,NA,9.93997444496487e-18,"GLM","NYC","DTF_Sask_2017_b",19.9087003681917,17.0026147321444,"Significant",-2.86327565536699
"Lcu.1GRN.Chr4p439859453",4,439859453,1.23523095844578e-20,0.305900621118012,NA,9.93997444496487e-18,"GLM","NYC","DTF_Sask_2017_b",19.9082518322013,17.0026147321444,"Significant",-2.9550943267141
"Lcu.1GRN.Chr1p452396197",1,452396197,1.23978545176664e-20,0.402173913043478,NA,9.94910363444168e-18,"GLM","NYC","DTF_Sask_2017_b",19.906653464173,17.0022160452997,"Significant",2.6528673849367
"Lcu.1GRN.Chr3p225654300",3,225654300,1.24853922411993e-20,0.472049689440994,NA,9.94910363444168e-18,"GLM","NYC","DTF_Sask_2017_b",19.9035978092988,17.0022160452997,"Significant",2.70136943239067
"Lcu.1GRN.Chr4p435789300",4,435789300,1.26273110748204e-20,0.307453416149068,NA,9.94910363444168e-18,"GLM","NYC","DTF_Sask_2017_b",19.8986891205212,17.0022160452997,"Significant",-3.14219033900478
"Lcu.1GRN.Chr2p53454791",2,53454791,1.27140555098432e-20,0.234472049689441,NA,9.94910363444168e-18,"GLM","NYC","DTF_Sask_2017_b",19.8957158967623,17.0022160452997,"Significant",-3.12565559859247
"Lcu.1GRN.Chr2p548267344",2,548267344,1.27185917845981e-20,0.240683229813665,NA,9.94910363444168e-18,"GLM","NYC","DTF_Sask_2017_b",19.895560971552,17.0022160452997,"Significant",-3.11633187817748
"Lcu.1GRN.Chr2p548291207",2,548291207,1.27185917845981e-20,0.240683229813665,NA,9.94910363444168e-18,"GLM","NYC","DTF_Sask_2017_b",19.895560971552,17.0022160452997,"Significant",-3.11633187817748
"Lcu.1GRN.Chr2p551185773",2,551185773,1.27185917845981e-20,0.240683229813665,NA,9.94910363444168e-18,"GLM","NYC","DTF_Sask_2017_b",19.895560971552,17.0022160452997,"Significant",-3.11633187817748
"Lcu.1GRN.Chr2p551374412",2,551374412,1.27185917845981e-20,0.240683229813665,NA,9.94910363444168e-18,"GLM","NYC","DTF_Sask_2017_b",19.895560971552,17.0022160452997,"Significant",-3.11633187817748
"Lcu.1GRN.Chr2p551704991",2,551704991,1.27185917845981e-20,0.240683229813665,NA,9.94910363444168e-18,"GLM","NYC","DTF_Sask_2017_b",19.895560971552,17.0022160452997,"Significant",-3.11633187817748
"Lcu.1GRN.Chr2p553089422",2,553089422,1.27185917845981e-20,0.240683229813665,NA,9.94910363444168e-18,"GLM","NYC","DTF_Sask_2017_b",19.895560971552,17.0022160452997,"Significant",-3.11633187817748
"Lcu.1GRN.Chr2p553287225",2,553287225,1.27185917845981e-20,0.240683229813665,NA,9.94910363444168e-18,"GLM","NYC","DTF_Sask_2017_b",19.895560971552,17.0022160452997,"Significant",-3.11633187817748
"Lcu.1GRN.Chr2p553643462",2,553643462,1.27185917845981e-20,0.240683229813665,NA,9.94910363444168e-18,"GLM","NYC","DTF_Sask_2017_b",19.895560971552,17.0022160452997,"Significant",-3.11633187817748
"Lcu.1GRN.Chr3p225090798",3,225090798,1.28933774246954e-20,0.450310559006211,NA,9.99465332713378e-18,"GLM","NYC","DTF_Sask_2017_b",19.8896333041534,17.0002322651501,"Significant",2.67670159478852
"Lcu.1GRN.Chr4p417507606",4,417507606,1.29253886299881e-20,0.329192546583851,NA,9.99465332713378e-18,"GLM","NYC","DTF_Sask_2017_b",19.8885563900273,17.0002322651501,"Significant",-2.8127076533942
"Lcu.1GRN.Chr4p417507716",4,417507716,1.29253886299881e-20,0.329192546583851,NA,9.99465332713378e-18,"GLM","NYC","DTF_Sask_2017_b",19.8885563900273,17.0002322651501,"Significant",-2.8127076533942
"Lcu.1GRN.Chr4p417887625",4,417887625,1.29253886299881e-20,0.329192546583851,NA,9.99465332713378e-18,"GLM","NYC","DTF_Sask_2017_b",19.8885563900273,17.0002322651501,"Significant",-2.8127076533942
"Lcu.1GRN.Chr4p418062862",4,418062862,1.29253886299881e-20,0.329192546583851,NA,9.99465332713378e-18,"GLM","NYC","DTF_Sask_2017_b",19.8885563900273,17.0002322651501,"Significant",-2.8127076533942
"Lcu.1GRN.Chr1p365383435",1,365383435,1.29759073718829e-20,0.333870967741935,NA,2.21556702282138e-17,"GLM","NYC","Cotyledon_Color_RvsY",19.8868622633197,16.6545151076494,"Significant",-0.370773042778728
"Lcu.1GRN.Chr2p219694330",2,219694330,1.30340019118105e-20,0.315217391304348,NA,1.00555232134632e-17,"GLM","NYC","DTF_Sask_2017_b",19.8849222196387,16.9975953270754,"Significant",-2.84476976072224
"Lcu.1GRN.Chr6p22044874",6,22044874,1.31204883432814e-20,0.290372670807453,NA,1.00886759047852e-17,"GLM","NYC","DTF_Sask_2017_b",19.8820500002618,16.9961658293012,"Significant",-2.92291544093879
"Lcu.1GRN.Chr2p52953863",2,52953863,1.31369606599218e-20,0.220496894409938,NA,1.00886759047852e-17,"GLM","NYC","DTF_Sask_2017_b",19.881505100629,16.9961658293012,"Significant",-3.16378152292681
"Lcu.1GRN.Chr3p179010556",3,179010556,1.31915507511809e-20,0.341614906832298,NA,1.01075224408257e-17,"GLM","NYC","DTF_Sask_2017_b",19.8797041473579,16.9953552857681,"Significant",-2.7727477486017
"Lcu.1GRN.Chr4p180560947",4,180560947,1.33258452129925e-20,0.462732919254658,NA,1.01872149471787e-17,"GLM","NYC","DTF_Sask_2017_b",19.8753052356074,16.9919445302617,"Significant",-2.63819674869873
"Lcu.1GRN.Chr1p352050600",1,352050600,1.34484753838864e-20,0.256451612903226,NA,2.28465824214733e-17,"GLM","NYC","Cotyledon_Color_RvsY",19.8713269476241,16.6411787560537,"Significant",-0.326332395569807
"Lcu.1GRN.Chr2p131188044",2,131188044,1.34888305174272e-20,0.262422360248447,NA,1.02884296023933e-17,"GLM","NYC","DTF_Sask_2017_b",19.8700257020586,16.9876509096946,"Significant",-3.02073317715104
"Lcu.1GRN.Chr1p365324047",1,365324047,1.35972123141307e-20,0.385483870967742,NA,2.29831834897849e-17,"GLM","NYC","Cotyledon_Color_RvsY",19.8665501210921,16.6385898156699,"Significant",-0.345326810247147
"Lcu.1GRN.Chr4p439483198",4,439483198,1.3615169731456e-20,0.319875776397516,NA,1.03612981833951e-17,"GLM","NYC","DTF_Sask_2017_b",19.8659769402237,16.984585827741,"Significant",-2.81602267380896
"Lcu.1GRN.Chr3p346350792",3,346350792,1.36682761785551e-20,0.47360248447205,NA,1.03782326260768e-17,"GLM","NYC","DTF_Sask_2017_b",19.864286254514,16.9838765989052,"Significant",-2.62571012785494
"Lcu.1GRN.Chr1p364870820",1,364870820,1.37995620009335e-20,0.387096774193548,NA,9.87599419482553e-17,"MLM","NYC","Cotyledon_Color_RvsY",19.8601346979173,16.0054191740212,"Significant",-0.36648923176241
"Lcu.1GRN.Chr5p404327031",5,404327031,1.39029951061427e-20,0.332298136645963,NA,1.05326773758286e-17,"GLM","NYC","DTF_Sask_2017_b",19.8568916301092,16.977461218392,"Significant",-2.98483590790846
"Lcu.1GRN.Chr1p367140139",1,367140139,1.40391234055496e-20,0.346774193548387,NA,2.36114891127724e-17,"GLM","NYC","Cotyledon_Color_RvsY",19.8526600084468,16.6268766222789,"Significant",-0.377777485016915
"Lcu.1GRN.Chr2p565389039",2,565389039,1.40668572400682e-20,0.22360248447205,NA,1.05995007826649e-17,"GLM","NYC","DTF_Sask_2017_b",19.8518029200317,16.974714588739,"Significant",-3.16067396506187
"Lcu.1GRN.Chr2p52393742",2,52393742,1.40809801901661e-20,0.201863354037267,NA,1.05995007826649e-17,"GLM","NYC","DTF_Sask_2017_b",19.8513671124976,16.974714588739,"Significant",-3.30211691343911
"Lcu.1GRN.Chr3p225587671",3,225587671,1.41092248383805e-20,0.453416149068323,NA,1.05995007826649e-17,"GLM","NYC","DTF_Sask_2017_b",19.8504968457539,16.974714588739,"Significant",2.68644061822668
"Lcu.1GRN.Chr5p405678931",5,405678931,1.41172479780534e-20,0.313664596273292,NA,1.05995007826649e-17,"GLM","NYC","DTF_Sask_2017_b",19.8502499565727,16.974714588739,"Significant",-2.91696070682659
"Lcu.1GRN.Chr5p403498994",5,403498994,1.42321521251289e-20,0.316770186335404,NA,1.06619739729916e-17,"GLM","NYC","DTF_Sask_2017_b",19.8467294227972,16.9721623819686,"Significant",-2.90820868428355
"Lcu.1GRN.Chr4p439482815",4,439482815,1.42724813036422e-20,0.321428571428571,NA,1.06684260414716e-17,"GLM","NYC","DTF_Sask_2017_b",19.8455005172286,16.9718996491721,"Significant",-2.80902750612968
"Lcu.1GRN.Chr4p439620767",4,439620767,1.44049394064032e-20,0.319875776397516,NA,1.07264429554181e-17,"GLM","NYC","DTF_Sask_2017_b",19.8414885642159,16.9695442725304,"Significant",-2.81354101195562
"Lcu.1GRN.Chr5p228895564",5,228895564,1.44396260132126e-20,0.305900621118012,NA,1.07264429554181e-17,"GLM","NYC","DTF_Sask_2017_b",19.840444054862,16.9695442725304,"Significant",-2.8980562543241
"Lcu.1GRN.Chr2p52903278",2,52903278,1.44457650685245e-20,0.234472049689441,NA,1.07264429554181e-17,"GLM","NYC","DTF_Sask_2017_b",19.8402594523494,16.9695442725304,"Significant",-3.12878658293371
"Lcu.1GRN.Chr5p45799462",5,45799462,1.46121350211109e-20,0.388198757763975,NA,1.07318518087027e-17,"GLM","NYC","DTF_Sask_2017_b",19.8352863234125,16.9693253329352,"Significant",-2.70170854138726
"Lcu.1GRN.Chr5p422976788",5,422976788,1.4675976344529e-20,0.330745341614907,NA,1.07318518087027e-17,"GLM","NYC","DTF_Sask_2017_b",19.833392996933,16.9693253329352,"Significant",-2.86280708706043
"Lcu.1GRN.Chr3p225090875",3,225090875,1.47163975845932e-20,0.451863354037267,NA,1.07318518087027e-17,"GLM","NYC","DTF_Sask_2017_b",19.8321984875939,16.9693253329352,"Significant",2.67217839790549
"Lcu.1GRN.Chr3p225091012",3,225091012,1.47163975845932e-20,0.451863354037267,NA,1.07318518087027e-17,"GLM","NYC","DTF_Sask_2017_b",19.8321984875939,16.9693253329352,"Significant",2.67217839790549
"Lcu.1GRN.Chr3p225092758",3,225092758,1.47163975845932e-20,0.451863354037267,NA,1.07318518087027e-17,"GLM","NYC","DTF_Sask_2017_b",19.8321984875939,16.9693253329352,"Significant",2.67217839790549
"Lcu.1GRN.Chr3p225106830",3,225106830,1.47163975845932e-20,0.451863354037267,NA,1.07318518087027e-17,"GLM","NYC","DTF_Sask_2017_b",19.8321984875939,16.9693253329352,"Significant",2.67217839790549
"Lcu.1GRN.Chr3p225113523",3,225113523,1.47163975845932e-20,0.451863354037267,NA,1.07318518087027e-17,"GLM","NYC","DTF_Sask_2017_b",19.8321984875939,16.9693253329352,"Significant",2.67217839790549
"Lcu.1GRN.Chr3p225595342",3,225595342,1.47163975845932e-20,0.451863354037267,NA,1.07318518087027e-17,"GLM","NYC","DTF_Sask_2017_b",19.8321984875939,16.9693253329352,"Significant",2.67217839790549
"Lcu.1GRN.Chr4p436554006",4,436554006,1.47502424714041e-20,0.301242236024845,NA,1.07318518087027e-17,"GLM","NYC","DTF_Sask_2017_b",19.8312008404907,16.9693253329352,"Significant",-2.8474648434476
"Lcu.1GRN.Chr5p441068719",5,441068719,1.47721012686421e-20,0.31832298136646,NA,1.07318518087027e-17,"GLM","NYC","DTF_Sask_2017_b",19.8305577237491,16.9693253329352,"Significant",-2.92122659968618
"Lcu.1GRN.Chr4p421474856",4,421474856,1.48905069697449e-20,0.341614906832298,NA,1.07945585299401e-17,"GLM","NYC","DTF_Sask_2017_b",19.8270905157861,16.9667951145091,"Significant",-2.80702753354903
"Lcu.1GRN.Chr4p417502294",4,417502294,1.49472315416167e-20,0.330745341614907,NA,1.08123772730301e-17,"GLM","NYC","DTF_Sask_2017_b",19.825439237944,16.9660788090021,"Significant",-2.80910034078457
"Lcu.1GRN.Chr1p365326090",1,365326090,1.49850549037496e-20,0.343548387096774,NA,1.04651260914653e-16,"MLM","NYC","Cotyledon_Color_RvsY",19.8243416615037,15.9802555345974,"Significant",-0.343693555817119
"Lcu.1GRN.Chr2p393532404",2,393532404,1.50470216237366e-20,0.298136645962733,NA,1.08612049839301e-17,"GLM","NYC","DTF_Sask_2017_b",19.8225494549129,16.964121989771,"Significant",-2.88793132529581
"Lcu.1GRN.Chr3p342907138",3,342907138,1.51231898268879e-20,0.395962732919255,NA,1.08928094057833e-17,"GLM","NYC","DTF_Sask_2017_b",19.8203565965261,16.9628600952604,"Significant",-2.74198278668653
"Lcu.1GRN.Chr3p348606448",3,348606448,1.5192061434912e-20,0.305900621118012,NA,1.09190344629851e-17,"GLM","NYC","DTF_Sask_2017_b",19.8183832920316,16.9618157632739,"Significant",-2.93905421504132
"Lcu.1GRN.Chr1p366878173",1,366878173,1.52449906941465e-20,0.412903225806452,NA,1.04651260914653e-16,"MLM","NYC","Cotyledon_Color_RvsY",19.8168728364007,15.9802555345974,"Significant",-0.300180509123932
"Lcu.1GRN.Chr3p238633349",3,238633349,1.52721744586573e-20,0.486024844720497,NA,1.09375754673086e-17,"GLM","NYC","DTF_Sask_2017_b",19.8160991235091,16.9610789374053,"Significant",-2.68312094605393
"Lcu.1GRN.Chr5p421214269",5,421214269,1.52828918105374e-20,0.304347826086957,NA,1.09375754673086e-17,"GLM","NYC","DTF_Sask_2017_b",19.8157944613014,16.9610789374053,"Significant",-2.90865436987777
"Lcu.1GRN.Chr5p404772906",5,404772906,1.53812019857153e-20,0.319875776397516,NA,1.09845621408261e-17,"GLM","NYC","DTF_Sask_2017_b",19.8130097246538,16.9592172499508,"Significant",-2.85544801085818
"Lcu.1GRN.Chr3p224924387",3,224924387,1.55301079484253e-20,0.451863354037267,NA,1.10674063989152e-17,"GLM","NYC","DTF_Sask_2017_b",19.8088255255179,16.9559541423201,"Significant",2.67899376186638
"Lcu.1GRN.Chr5p45837629",5,45837629,1.5572486597411e-20,0.392857142857143,NA,1.10741450302565e-17,"GLM","NYC","DTF_Sask_2017_b",19.8076420342328,16.9556897931387,"Significant",-2.70633624439849
"Lcu.1GRN.Chr2p552974285",2,552974285,1.58156743784408e-20,0.242236024844721,NA,1.12233564212089e-17,"GLM","NYC","DTF_Sask_2017_b",19.8009122850893,16.9498772449315,"Significant",-3.10727451877214
"Lcu.1GRN.Chr1p367608589",1,367608589,1.58449558036996e-20,0.395161290322581,NA,2.6516021138423e-17,"GLM","NYC","Cotyledon_Color_RvsY",19.8001089678486,16.5764916434373,"Significant",-0.355840101115906
"Lcu.1GRN.Chr4p422904741",4,422904741,1.6015381234922e-20,0.327639751552795,NA,1.13411489259937e-17,"GLM","NYC","DTF_Sask_2017_b",19.7954627188015,16.9453429465944,"Significant",-3.05716012611173
"Lcu.1GRN.Chr3p240545145",3,240545145,1.61331251402123e-20,0.459627329192547,NA,1.13820792542159e-17,"GLM","NYC","DTF_Sask_2017_b",19.7922814974786,16.9437783946942,"Significant",2.64498034180006
"Lcu.1GRN.Chr3p348503638",3,348503638,1.6140857468958e-20,0.305900621118012,NA,1.13820792542159e-17,"GLM","NYC","DTF_Sask_2017_b",19.792073397486,16.9437783946942,"Significant",-2.93226618804751
"Lcu.1GRN.Chr5p415826629",5,415826629,1.62690243532324e-20,0.315217391304348,NA,1.14285662270141e-17,"GLM","NYC","DTF_Sask_2017_b",19.7886384907455,16.9420082506855,"Significant",-2.85086622848237
"Lcu.1GRN.Chr3p348538849",3,348538849,1.62747333202714e-20,0.305900621118012,NA,1.14285662270141e-17,"GLM","NYC","DTF_Sask_2017_b",19.7884861191028,16.9420082506855,"Significant",-2.92840993838907
"Lcu.1GRN.Chr5p428423763",5,428423763,1.63432099345937e-20,0.309006211180124,NA,1.14527427001448e-17,"GLM","NYC","DTF_Sask_2017_b",19.7866626405839,16.9410904961276,"Significant",-2.88455394373402
"Lcu.1GRN.Chr1p363414745",1,363414745,1.6347456200373e-20,0.188709677419355,NA,2.72215089096577e-17,"GLM","NYC","Cotyledon_Color_RvsY",19.7865498175659,16.5650878051806,"Significant",-0.380883668483323
"Lcu.1GRN.Chr3p342909696",3,342909696,1.63910961959763e-20,0.391304347826087,NA,1.14591515625386e-17,"GLM","NYC","DTF_Sask_2017_b",19.7853920009174,16.940847536413,"Significant",-2.74326087273126
"Lcu.1GRN.Chr3p238699230",3,238699230,1.64257495138408e-20,0.487577639751553,NA,1.14591515625386e-17,"GLM","NYC","DTF_Sask_2017_b",19.7844748042766,16.940847536413,"Significant",-2.72083292495515
"Lcu.1GRN.Chr3p224558847",3,224558847,1.64545576846307e-20,0.462732919254658,NA,1.14591515625386e-17,"GLM","NYC","DTF_Sask_2017_b",19.7837137874933,16.940847536413,"Significant",2.67154005897495
"Lcu.1GRN.Chr5p2547134",5,2547134,1.65408888865183e-20,0.309006211180124,NA,1.14954734960568e-17,"GLM","NYC","DTF_Sask_2017_b",19.7814411557183,16.9394731355309,"Significant",2.79288459937753
"Lcu.1GRN.Chr1p365773104",1,365773104,1.65455952078387e-20,0.435483870967742,NA,2.74157252378082e-17,"GLM","NYC","Cotyledon_Color_RvsY",19.7813176050027,16.5620002610841,"Significant",-0.341584293586975
"Lcu.1GRN.Chr1p103758902",1,103758902,1.66341315186496e-20,0.37741935483871,NA,2.74273182183021e-17,"GLM","NYC","Cotyledon_Color_RvsY",19.7789998690665,16.5618166546606,"Significant",0.319551052306713
"Lcu.1GRN.Chr2p53367633",2,53367633,1.6652225030256e-20,0.254658385093168,NA,1.15489875809322e-17,"GLM","NYC","DTF_Sask_2017_b",19.7785277288964,16.9374560856667,"Significant",-3.13925583241766
"Lcu.1GRN.Chr2p314231100",2,314231100,1.68379334686438e-20,0.419254658385093,NA,1.16537554877517e-17,"GLM","NYC","DTF_Sask_2017_b",19.7737112108314,16.9335340982618,"Significant",-2.63021299892094
"Lcu.1GRN.Chr4p439808609",4,439808609,1.69694288153141e-20,0.327639751552795,NA,1.17141040965739e-17,"GLM","NYC","DTF_Sask_2017_b",19.7703327756276,16.9312909209631,"Significant",-3.06654368718486
"Lcu.1GRN.Chr3p235924570",3,235924570,1.70250530077392e-20,0.496894409937888,NA,1.17141040965739e-17,"GLM","NYC","DTF_Sask_2017_b",19.7689115272312,16.9312909209631,"Significant",-2.64085770494749
"Lcu.1GRN.Chr2p415233945",2,415233945,1.70296042811115e-20,0.183229813664596,NA,1.17141040965739e-17,"GLM","NYC","DTF_Sask_2017_b",19.7687954436714,16.9312909209631,"Significant",-3.39260878011211
"Lcu.1GRN.Chr4p440095631",4,440095631,1.70959044509489e-20,0.335403726708075,NA,1.17357103927599e-17,"GLM","NYC","DTF_Sask_2017_b",19.7671079181101,16.9304906163067,"Significant",-2.8514112100986
"Lcu.1GRN.Chr1p367669159",1,367669159,1.73678211298754e-20,0.370967741935484,NA,2.84973750731357e-17,"GLM","NYC","Cotyledon_Color_RvsY",19.7602546623028,16.5451951415267,"Significant",-0.35961051146411
"Lcu.1GRN.Chr4p487011627",4,487011627,1.74376442089357e-20,0.242236024844721,NA,1.19325620559579e-17,"GLM","NYC","DTF_Sask_2017_b",19.7585121877616,16.923266298383,"Significant",-3.14041547204438
"Lcu.1GRN.Chr4p181478836",4,181478836,1.7453616233255e-20,0.403726708074534,NA,1.19325620559579e-17,"GLM","NYC","DTF_Sask_2017_b",19.7581145774476,16.923266298383,"Significant",2.83594329355117
"Lcu.1GRN.Chr1p498741745",1,498741745,1.74977215695356e-20,0.0967741935483871,NA,2.85711461707766e-17,"GLM","NYC","Cotyledon_Color_RvsY",19.7570184984108,16.5440723369481,"Significant",-0.659568326331289
"Lcu.1GRN.Chr6p278940113",6,278940113,1.74984259226776e-20,0.248447204968944,NA,1.19389311000675e-17,"GLM","NYC","DTF_Sask_2017_b",19.7570010166761,16.9230345541214,"Significant",-3.10199793770913
"Lcu.1GRN.Chr2p411912944",2,411912944,1.76931129319664e-20,0.298136645962733,NA,1.20473265538193e-17,"GLM","NYC","DTF_Sask_2017_b",19.7521957504572,16.919109317549,"Significant",-2.9040183721071
"Lcu.1GRN.Chr6p328654473",6,328654473,1.78058364554964e-20,0.285714285714286,NA,1.20803897036452e-17,"GLM","NYC","DTF_Sask_2017_b",19.7494376198851,16.9179190554986,"Significant",-3.05422261332568
"Lcu.1GRN.Chr7p30175115",7,30175115,1.78134992225992e-20,0.329192546583851,NA,1.20803897036452e-17,"GLM","NYC","DTF_Sask_2017_b",19.7492507608403,16.9179190554986,"Significant",3.68959290518902
"Lcu.1GRN.Chr4p491978240",4,491978240,1.7873974687514e-20,0.236024844720497,NA,1.20970125628069e-17,"GLM","NYC","DTF_Sask_2017_b",19.7477788614332,16.9173218683347,"Significant",-3.14707206624691
"Lcu.1GRN.Chr3p238875348",3,238875348,1.8221210485325e-20,0.493788819875776,NA,1.23072568420026e-17,"GLM","NYC","DTF_Sask_2017_b",19.739422775023,16.9098387359509,"Significant",2.75847589031072
"Lcu.1GRN.Chr5p402894045",5,402894045,1.83109402135834e-20,0.322981366459627,NA,1.2343078210065e-17,"GLM","NYC","DTF_Sask_2017_b",19.7372893553658,16.9085765191573,"Significant",-2.90383557512304
"Lcu.1GRN.Chr2p412303183",2,412303183,1.8462552171826e-20,0.265527950310559,NA,1.24203865727612e-17,"GLM","NYC","DTF_Sask_2017_b",19.7337082644408,16.9058648869449,"Significant",-2.94494553081793
"Lcu.1GRN.Chr3p240805730",3,240805730,1.86192010566843e-20,0.46583850931677,NA,1.25007680675324e-17,"GLM","NYC","DTF_Sask_2017_b",19.7300389583771,16.9030633024125,"Significant",2.64797394889362
"Lcu.1GRN.Chr1p369007464",1,369007464,1.87615015442015e-20,0.374193548387097,NA,1.26214999798369e-16,"MLM","NYC","Cotyledon_Color_RvsY",19.7267324065612,15.8988890290653,"Significant",-0.358640585975616
"Lcu.1GRN.Chr3p236219351",3,236219351,1.88516383359512e-20,0.495341614906832,NA,1.26316116178265e-17,"GLM","NYC","DTF_Sask_2017_b",19.7246509006654,16.8985412359785,"Significant",-2.63855547914481
"Lcu.1GRN.Chr2p573616353",2,573616353,1.89845421439709e-20,0.214285714285714,NA,1.26953747263242e-17,"GLM","NYC","DTF_Sask_2017_b",19.7215998724112,16.8963544756352,"Significant",-3.80192466987938
"Lcu.1GRN.Chr3p332307605",3,332307605,1.91270071559435e-20,0.372670807453416,NA,1.27652659048081e-17,"GLM","NYC","DTF_Sask_2017_b",19.7183529796509,16.8939701342645,"Significant",-2.76864541758195
"Lcu.1GRN.Chr2p416131764",2,416131764,1.96037518451905e-20,0.290372670807453,NA,1.30272051477851e-17,"GLM","NYC","DTF_Sask_2017_b",19.7076608036572,16.8851487476864,"Significant",-2.89004331966366
"Lcu.1GRN.Chr2p416134230",2,416134230,1.96037518451905e-20,0.290372670807453,NA,1.30272051477851e-17,"GLM","NYC","DTF_Sask_2017_b",19.7076608036572,16.8851487476864,"Significant",-2.89004331966366
"Lcu.1GRN.Chr2p132574526",2,132574526,1.97683767660516e-20,0.28416149068323,NA,1.30272051477851e-17,"GLM","NYC","DTF_Sask_2017_b",19.7040289902963,16.8851487476864,"Significant",-2.93336403863444
"Lcu.1GRN.Chr2p553914709",2,553914709,1.97740076859435e-20,0.271739130434783,NA,1.30272051477851e-17,"GLM","NYC","DTF_Sask_2017_b",19.7039053013743,16.8851487476864,"Significant",-3.05261685214592
"Lcu.1GRN.Chr3p225586353",3,225586353,1.97773271741231e-20,0.43167701863354,NA,1.30272051477851e-17,"GLM","NYC","DTF_Sask_2017_b",19.703832401918,16.8851487476864,"Significant",2.67810285009585
"Lcu.1GRN.Chr3p348854798",3,348854798,1.97838671930061e-20,0.309006211180124,NA,1.30272051477851e-17,"GLM","NYC","DTF_Sask_2017_b",19.7036888120096,16.8851487476864,"Significant",-2.92727874340768
"Lcu.1GRN.Chr3p349060928",3,349060928,1.98129783151656e-20,0.31055900621118,NA,1.30272051477851e-17,"GLM","NYC","DTF_Sask_2017_b",19.7030502357881,16.8851487476864,"Significant",-2.91113091367743
"Lcu.1GRN.Chr6p341922120",6,341922120,1.9829320461478e-20,0.495341614906832,NA,1.30272051477851e-17,"GLM","NYC","DTF_Sask_2017_b",19.7026921685424,16.8851487476864,"Significant",-2.93345241162798
"Lcu.1GRN.Chr2p553459982",2,553459982,2.01208706899862e-20,0.240683229813665,NA,1.31929764354358e-17,"GLM","NYC","DTF_Sask_2017_b",19.6963532299941,16.879657213274,"Significant",-3.093358617227
"Lcu.1GRN.Chr1p331833477",1,331833477,2.01534051270446e-20,0.341935483870968,NA,3.27485044558871e-17,"GLM","NYC","Cotyledon_Color_RvsY",19.6956515647612,16.4848085283863,"Significant",0.327246980697348
"Lcu.1GRN.Chr5p417965973",5,417965973,2.04428058123613e-20,0.312111801242236,NA,1.33779868923863e-17,"GLM","NYC","DTF_Sask_2017_b",19.689459496737,16.8736092339004,"Significant",-2.8634025930259
"Lcu.1GRN.Chr3p240642508",3,240642508,2.05575139784737e-20,0.472049689440994,NA,1.34128434177188e-17,"GLM","NYC","DTF_Sask_2017_b",19.6870294057619,16.8724791453607,"Significant",2.92971773302816
"Lcu.1GRN.Chr4p417443154",4,417443154,2.05758210631332e-20,0.335403726708075,NA,1.34128434177188e-17,"GLM","NYC","DTF_Sask_2017_b",19.6866428255653,16.8724791453607,"Significant",-2.8306608646083
"Lcu.1GRN.Chr1p367423053",1,367423053,2.06323591420503e-20,0.391935483870968,NA,3.33655997477597e-17,"GLM","NYC","Cotyledon_Color_RvsY",19.6854511111545,16.4767010642854,"Significant",-0.362508750361014
"Lcu.1GRN.Chr3p235923936",3,235923936,2.06485275033501e-20,0.498447204968944,NA,1.3434203579728e-17,"GLM","NYC","DTF_Sask_2017_b",19.6851109134977,16.8717880747598,"Significant",-2.63684824584909
"Lcu.1GRN.Chr5p441937299",5,441937299,2.10357260458674e-20,0.366459627329193,NA,1.365969896307e-17,"GLM","NYC","DTF_Sask_2017_b",19.67704249376,16.8645588716734,"Significant",-2.98374439120199
"Lcu.1GRN.Chr3p237880811",3,237880811,2.11967401399742e-20,0.475155279503106,NA,1.37241335069965e-17,"GLM","NYC","DTF_Sask_2017_b",19.673730924358,16.8625150658221,"Significant",-2.63066920037357
"Lcu.1GRN.Chr5p235883870",5,235883870,2.12165563911982e-20,0.309006211180124,NA,1.37241335069965e-17,"GLM","NYC","DTF_Sask_2017_b",19.6733251040192,16.8625150658221,"Significant",-2.89446974802836
"Lcu.1GRN.Chr2p135924177",2,135924177,2.1380355804959e-20,0.277950310559006,NA,1.38035434569033e-17,"GLM","NYC","DTF_Sask_2017_b",19.6699850716789,16.8600094131466,"Significant",-2.93923357446739
"Lcu.1GRN.Chr5p421172292",5,421172292,2.14382751922345e-20,0.298136645962733,NA,1.38144220528474e-17,"GLM","NYC","DTF_Sask_2017_b",19.6688101585608,16.8596672797312,"Significant",-2.95104178457882
"Lcu.1GRN.Chr2p52960094",2,52960094,2.16853377711828e-20,0.251552795031056,NA,1.39469063290238e-17,"GLM","NYC","DTF_Sask_2017_b",19.6638338088844,16.8555221159198,"Significant",-3.00406040436606
"Lcu.1GRN.Chr2p552628200",2,552628200,2.17411181026477e-20,0.242236024844721,NA,1.39470011727747e-17,"GLM","NYC","DTF_Sask_2017_b",19.6627181247703,16.8555191625783,"Significant",-3.07959002559987
"Lcu.1GRN.Chr4p180280915",4,180280915,2.17684125247326e-20,0.464285714285714,NA,1.39470011727747e-17,"GLM","NYC","DTF_Sask_2017_b",19.6621732410042,16.8555191625783,"Significant",-2.65212659823787
"Lcu.1GRN.Chr5p441942694",5,441942694,2.19304888381519e-20,0.302795031055901,NA,1.40241306825525e-17,"GLM","NYC","DTF_Sask_2017_b",19.658951687641,16.8531240499628,"Significant",-2.98151607325975
"Lcu.1GRN.Chr1p367608462",1,367608462,2.19357524855863e-20,0.388709677419355,NA,3.5303651944111e-17,"GLM","NYC","Cotyledon_Color_RvsY",19.6588474629352,16.4521803672144,"Significant",-0.357736073984865
"Lcu.1GRN.Chr2p415512436",2,415512436,2.21770408780621e-20,0.180124223602484,NA,1.41548855958845e-17,"GLM","NYC","DTF_Sask_2017_b",19.6540964030049,16.8490936363856,"Significant",-3.38489097934098
"Lcu.1GRN.Chr2p552107589",2,552107589,2.23120252851419e-20,0.239130434782609,NA,1.42140700929684e-17,"GLM","NYC","DTF_Sask_2017_b",19.6514610065767,16.8472815472787,"Significant",-3.09358869217868
"Lcu.1GRN.Chr3p225582316",3,225582316,2.24106002833039e-20,0.43167701863354,NA,1.42260407569783e-17,"GLM","NYC","DTF_Sask_2017_b",19.6495465104335,16.8469159514019,"Significant",2.67249745461083
"Lcu.1GRN.Chr5p45837027",5,45837027,2.24154022279191e-20,0.411490683229814,NA,1.42260407569783e-17,"GLM","NYC","DTF_Sask_2017_b",19.649453463633,16.8469159514019,"Significant",-2.72268165122431
"Lcu.1GRN.Chr2p53367602",2,53367602,2.26111468678376e-20,0.239130434782609,NA,1.43232460235291e-17,"GLM","NYC","DTF_Sask_2017_b",19.6456774090946,16.8439585483442,"Significant",-3.18021390057579
"Lcu.1GRN.Chr1p365206960",1,365206960,2.28677280254403e-20,0.362903225806452,NA,1.50822530837908e-16,"MLM","NYC","Cotyledon_Color_RvsY",19.640776981656,15.821533775922,"Significant",-0.352266569050541
"Lcu.1GRN.Chr4p440503875",4,440503875,2.34291325304083e-20,0.327639751552795,NA,1.47901642312458e-17,"GLM","NYC","DTF_Sask_2017_b",19.630243790969,16.8300270035333,"Significant",-2.83296520018646
"Lcu.1GRN.Chr2p553286458",2,553286458,2.34361799321992e-20,0.288819875776398,NA,1.47901642312458e-17,"GLM","NYC","DTF_Sask_2017_b",19.6301131763386,16.8300270035333,"Significant",-3.10110907820696
"Lcu.1GRN.Chr4p181401907",4,181401907,2.36659883046743e-20,0.490683229813665,NA,1.49072237604464e-17,"GLM","NYC","DTF_Sask_2017_b",19.6258753544411,16.8266032296378,"Significant",-2.81316757465233
"Lcu.1GRN.Chr3p224732683",3,224732683,2.37947300692902e-20,0.430124223602484,NA,1.49474689193373e-17,"GLM","NYC","DTF_Sask_2017_b",19.623519217534,16.8254323409467,"Significant",2.67739531022835
"Lcu.1GRN.Chr2p314231643",2,314231643,2.38187555282319e-20,0.420807453416149,NA,1.49474689193373e-17,"GLM","NYC","DTF_Sask_2017_b",19.6230809330858,16.8254323409467,"Significant",-2.63056187846881
"Lcu.1GRN.Chr2p44486352",2,44486352,2.40557494733633e-20,0.0802469135802469,NA,6.74296690258898e-16,"GLM","NYC","DTF_Nepal_2017",19.6187811078084,15.1711489720241,"Significant",12.164626266823
"Lcu.1GRN.Chr2p401786190",2,401786190,2.42446674090876e-20,0.28416149068323,NA,1.51864172111593e-17,"GLM","NYC","DTF_Sask_2017_b",19.6153837692052,16.8185446730729,"Significant",-2.86407578469856
"Lcu.1GRN.Chr3p225582234",3,225582234,2.44401812128396e-20,0.423913043478261,NA,1.52504046535407e-17,"GLM","NYC","DTF_Sask_2017_b",19.6118955783213,16.8167186326144,"Significant",2.7178106973568
"Lcu.1GRN.Chr3p224721615",3,224721615,2.44744266103921e-20,0.46583850931677,NA,1.52504046535407e-17,"GLM","NYC","DTF_Sask_2017_b",19.6112874741054,16.8167186326144,"Significant",2.66475241071839
"Lcu.1GRN.Chr3p225584908",3,225584908,2.45281758245176e-20,0.433229813664596,NA,1.52504046535407e-17,"GLM","NYC","DTF_Sask_2017_b",19.6103347493397,16.8167186326144,"Significant",2.66100072731759
"Lcu.1GRN.Chr3p225586751",3,225586751,2.45281758245176e-20,0.433229813664596,NA,1.52504046535407e-17,"GLM","NYC","DTF_Sask_2017_b",19.6103347493397,16.8167186326144,"Significant",2.66100072731759
"Lcu.1GRN.Chr1p361408216",1,361408216,2.46040924225279e-20,0.211290322580645,NA,3.94095464566116e-17,"GLM","NYC","Cotyledon_Color_RvsY",19.6089926502665,16.4043985631685,"Significant",-0.342098414076011
"Lcu.1GRN.Chr4p486926887",4,486926887,2.47452800110156e-20,0.245341614906832,NA,1.5357002954733e-17,"GLM","NYC","DTF_Sask_2017_b",19.606507627464,16.8136935321705,"Significant",-3.12259002045563
"Lcu.1GRN.Chr2p54275965",2,54275965,2.49858580474015e-20,0.263975155279503,NA,1.54777497492271e-17,"GLM","NYC","DTF_Sask_2017_b",19.6023057317186,16.8102921794755,"Significant",-3.10464871385116
"Lcu.1GRN.Chr3p239987127",3,239987127,2.51979097257816e-20,0.458074534161491,NA,1.55804141557573e-17,"GLM","NYC","DTF_Sask_2017_b",19.5986354843062,16.8074210021725,"Significant",2.73714122500718
"Lcu.1GRN.Chr6p21968500",6,21968500,2.54029549577197e-20,0.291925465838509,NA,1.56783775234189e-17,"GLM","NYC","DTF_Sask_2017_b",19.5951157618372,16.804698882282,"Significant",-2.86038257148776
"Lcu.1GRN.Chr4p439348306",4,439348306,2.54604281866502e-20,0.312111801242236,NA,1.5685069318423e-17,"GLM","NYC","DTF_Sask_2017_b",19.5941342967729,16.8045135576457,"Significant",-2.80670021281364
"Lcu.1GRN.Chr3p348886466",3,348886466,2.58662171256157e-20,0.307453416149068,NA,1.58783148073134e-17,"GLM","NYC","DTF_Sask_2017_b",19.5872670812022,16.7991955918787,"Significant",-2.90877516218609
"Lcu.1GRN.Chr5p441069648",5,441069648,2.58769754571256e-20,0.322981366459627,NA,1.58783148073134e-17,"GLM","NYC","DTF_Sask_2017_b",19.5870864860807,16.7991955918787,"Significant",-2.89454274335206
"Lcu.1GRN.Chr3p225606032",3,225606032,2.59562319306843e-20,0.450310559006211,NA,1.58783148073134e-17,"GLM","NYC","DTF_Sask_2017_b",19.5857583538781,16.7991955918787,"Significant",2.69628347551973
"Lcu.1GRN.Chr1p446631270",1,446631270,2.59629307988666e-20,0.290372670807453,NA,1.58783148073134e-17,"GLM","NYC","DTF_Sask_2017_b",19.5856462842164,16.7991955918787,"Significant",2.95179972349746
"Lcu.1GRN.Chr4p439490780",4,439490780,2.61031264836153e-20,0.316770186335404,NA,1.5935082297485e-17,"GLM","NYC","DTF_Sask_2017_b",19.5833074722302,16.7976456892501,"Significant",-2.79915657351522
"Lcu.1GRN.Chr3p225110850",3,225110850,2.62368276736779e-20,0.447204968944099,NA,1.59857192252006e-17,"GLM","NYC","DTF_Sask_2017_b",19.5810886771891,16.7962678192916,"Significant",2.65546925186835
"Lcu.1GRN.Chr6p22039846",6,22039846,2.63286483238878e-20,0.288819875776398,NA,1.59857192252006e-17,"GLM","NYC","DTF_Sask_2017_b",19.5795714363951,16.7962678192916,"Significant",-2.87290435628722
"Lcu.1GRN.Chr6p22042229",6,22042229,2.63286483238878e-20,0.288819875776398,NA,1.59857192252006e-17,"GLM","NYC","DTF_Sask_2017_b",19.5795714363951,16.7962678192916,"Significant",-2.87290435628722
"Lcu.1GRN.Chr1p368656438",1,368656438,2.66927336808449e-20,0.470967741935484,NA,4.25523921802121e-17,"GLM","NYC","Cotyledon_Color_RvsY",19.573606946568,16.3710760200339,"Significant",-0.340214340633256
"Lcu.1GRN.Chr3p239739162",3,239739162,2.73438767128951e-20,0.450310559006211,NA,1.65722122131286e-17,"GLM","NYC","DTF_Sask_2017_b",19.5631399127505,16.7806195140413,"Significant",2.98853034522359
"Lcu.1GRN.Chr1p367199339",1,367199339,2.74128426449123e-20,0.335483870967742,NA,4.33537611946218e-17,"GLM","NYC","Cotyledon_Color_RvsY",19.5620459268469,16.3629732189441,"Significant",-0.385122589975495
"Lcu.1GRN.Chr1p368963706",1,368963706,2.74532018136572e-20,0.37258064516129,NA,4.33537611946218e-17,"GLM","NYC","Cotyledon_Color_RvsY",19.5614069973373,16.3629732189441,"Significant",-0.357652835324724
"Lcu.1GRN.Chr1p231345523",1,231345523,2.79212962840286e-20,0.338709677419355,NA,4.36828031031156e-17,"GLM","NYC","Cotyledon_Color_RvsY",19.5540644228708,16.3596895009545,"Significant",0.324981015168591
"Lcu.1GRN.Chr1p297644510",1,297644510,2.79212962840286e-20,0.338709677419355,NA,4.36828031031156e-17,"GLM","NYC","Cotyledon_Color_RvsY",19.5540644228708,16.3596895009545,"Significant",0.324981015168591
"Lcu.1GRN.Chr3p344047500",3,344047500,2.81451333556402e-20,0.493788819875776,NA,1.69878717591242e-17,"GLM","NYC","DTF_Sask_2017_b",19.55059668925,16.7698610261435,"Significant",-2.55516609111734
"Lcu.1GRN.Chr2p415230540",2,415230540,2.81812200411791e-20,0.18167701863354,NA,1.69878717591242e-17,"GLM","NYC","DTF_Sask_2017_b",19.5500402090378,16.7698610261435,"Significant",-3.37289236789141
"Lcu.1GRN.Chr2p415565174",2,415565174,2.81812200411791e-20,0.18167701863354,NA,1.69878717591242e-17,"GLM","NYC","DTF_Sask_2017_b",19.5500402090378,16.7698610261435,"Significant",-3.37289236789141
"Lcu.1GRN.Chr5p309616829",5,309616829,2.86040011335182e-20,0.321428571428571,NA,1.72118820201755e-17,"GLM","NYC","DTF_Sask_2017_b",19.543573213421,16.7641716394755,"Significant",-2.97273117346415
"Lcu.1GRN.Chr1p367494512",1,367494512,2.8663804288831e-20,0.37741935483871,NA,1.81923344578391e-16,"MLM","NYC","Cotyledon_Color_RvsY",19.5426661701144,15.7401115682754,"Significant",-0.346954019002953
"Lcu.1GRN.Chr1p365687768",1,365687768,2.86649322396512e-20,0.398387096774194,NA,1.81923344578391e-16,"MLM","NYC","Cotyledon_Color_RvsY",19.5426490805064,15.7401115682754,"Significant",-0.321835102223161
"Lcu.1GRN.Chr5p422296827",5,422296827,2.89686071861289e-20,0.307453416149068,NA,1.73979157750637e-17,"GLM","NYC","DTF_Sask_2017_b",19.5380723852215,16.7595027759476,"Significant",-2.97130884121113
"Lcu.1GRN.Chr2p54389257",2,54389257,2.90166120630463e-20,0.237577639751553,NA,1.73979157750637e-17,"GLM","NYC","DTF_Sask_2017_b",19.5373532965233,16.7595027759476,"Significant",-3.1366208002222
"Lcu.1GRN.Chr5p37155244",5,37155244,2.95766348187108e-20,0.383540372670807,NA,1.77021422136393e-17,"GLM","NYC","DTF_Sask_2017_b",19.5290512408464,16.7519741745835,"Significant",-2.70308220171955
"Lcu.1GRN.Chr3p344886683",3,344886683,2.97296875715733e-20,0.436335403726708,NA,1.77420587875772e-17,"GLM","NYC","DTF_Sask_2017_b",19.5268096547592,16.7509959860711,"Significant",-2.72059858136666
"Lcu.1GRN.Chr3p332526880",3,332526880,2.97488194626511e-20,0.381987577639752,NA,1.77420587875772e-17,"GLM","NYC","DTF_Sask_2017_b",19.5265302639196,16.7509959860711,"Significant",-2.75196028762389
"Lcu.1GRN.Chr6p4717722",6,4717722,2.98754011085604e-20,0.34472049689441,NA,1.77860160082887e-17,"GLM","NYC","DTF_Sask_2017_b",19.5246862551462,16.7499213211338,"Significant",-2.88569008552145
"Lcu.1GRN.Chr1p367494358",1,367494358,2.99076870507528e-20,0.341935483870968,NA,4.64505389453107e-17,"GLM","NYC","Cotyledon_Color_RvsY",19.5242171723895,16.333009242712,"Significant",-0.360798208645111
"Lcu.1GRN.Chr1p367684169",1,367684169,2.99665750538323e-20,0.362903225806452,NA,4.64505389453107e-17,"GLM","NYC","Cotyledon_Color_RvsY",19.5233628906953,16.333009242712,"Significant",-0.355371626803076
"Lcu.1GRN.Chr2p113454809",2,113454809,3.00147296282725e-20,0.316770186335404,NA,1.78373932170903e-17,"GLM","NYC","DTF_Sask_2017_b",19.5226655644013,16.7486686137577,"Significant",2.75064870063242
"Lcu.1GRN.Chr1p368964331",1,368964331,3.02592396812408e-20,0.425806451612903,NA,4.66890352011924e-17,"GLM","NYC","Cotyledon_Color_RvsY",19.5191419886192,16.3307851003919,"Significant",-0.353289788826914
"Lcu.1GRN.Chr3p240641891",3,240641891,3.02901139819644e-20,0.492236024844721,NA,1.79693029449232e-17,"GLM","NYC","DTF_Sask_2017_b",19.5186990924101,16.7454687694712,"Significant",2.75983045000072
"Lcu.1GRN.Chr2p135308162",2,135308162,3.06731941547658e-20,0.270186335403727,NA,1.81371823141699e-17,"GLM","NYC","DTF_Sask_2017_b",19.5132409963827,16.7414301814687,"Significant",-2.91680522047756
"Lcu.1GRN.Chr4p416670283",4,416670283,3.06809429485136e-20,0.346273291925466,NA,1.81371823141699e-17,"GLM","NYC","DTF_Sask_2017_b",19.5131312969055,16.7414301814687,"Significant",-2.83193791688944
"Lcu.1GRN.Chr1p368986944",1,368986944,3.07409343270319e-20,0.35,NA,4.72156888437476e-17,"GLM","NYC","Cotyledon_Color_RvsY",19.5122829368718,16.3259136698801,"Significant",-0.370219155362621
"Lcu.1GRN.Chr1p365206960",1,365206960,3.0929180818889e-20,0.362903225806452,NA,4.72888898386693e-17,"GLM","NYC","Cotyledon_Color_RvsY",19.5096315824394,16.3252408814297,"Significant",-0.350172296074173
"Lcu.1GRN.Chr4p486696381",4,486696381,3.09829688928063e-20,0.240683229813665,NA,1.82835935045028e-17,"GLM","NYC","DTF_Sask_2017_b",19.5088769690176,16.7379384428582,"Significant",-3.14577195637227
"Lcu.1GRN.Chr2p412304185",2,412304185,3.11451894510456e-20,0.267080745341615,NA,1.83471347461994e-17,"GLM","NYC","DTF_Sask_2017_b",19.5066090230402,16.7364317494541,"Significant",-2.93522684201606
"Lcu.1GRN.Chr4p439345722",4,439345722,3.13094314162805e-20,0.302795031055901,NA,1.83795105012217e-17,"GLM","NYC","DTF_Sask_2017_b",19.5043248191609,16.7356660592964,"Significant",-2.82277372328092
"Lcu.1GRN.Chr4p439347877",4,439347877,3.13094314162805e-20,0.302795031055901,NA,1.83795105012217e-17,"GLM","NYC","DTF_Sask_2017_b",19.5043248191609,16.7356660592964,"Significant",-2.82277372328092
"Lcu.1GRN.Chr1p364877675",1,364877675,3.14927979982314e-20,0.375806451612903,NA,4.79327510600502e-17,"GLM","NYC","Cotyledon_Color_RvsY",19.5017887524721,16.3193676443253,"Significant",-0.373788787903106
"Lcu.1GRN.Chr6p436535353",6,436535353,3.15519962863857e-20,0.313664596273292,NA,1.84896347297259e-17,"GLM","NYC","DTF_Sask_2017_b",19.5009731578546,16.7330716684207,"Significant",2.93922583792167
"Lcu.1GRN.Chr4p417889058",4,417889058,3.16694824121803e-20,0.357142857142857,NA,1.85262065922398e-17,"GLM","NYC","DTF_Sask_2017_b",19.4993590344295,16.7322134972873,"Significant",-3.15593107323068
"Lcu.1GRN.Chr1p368421775",1,368421775,3.1695975135625e-20,0.279032258064516,NA,4.80246849929944e-17,"GLM","NYC","Cotyledon_Color_RvsY",19.4989958824941,16.3185354751129,"Significant",-0.429581982126825
"Lcu.1GRN.Chr2p553568653",2,553568653,3.19074246530351e-20,0.243788819875776,NA,1.85525315226038e-17,"GLM","NYC","DTF_Sask_2017_b",19.4961082476433,16.7315968218287,"Significant",-3.08676843037473
"Lcu.1GRN.Chr3p239677846",3,239677846,3.19232224906918e-20,0.451863354037267,NA,1.85525315226038e-17,"GLM","NYC","DTF_Sask_2017_b",19.4958932752384,16.7315968218287,"Significant",2.6806888271797
"Lcu.1GRN.Chr2p216722064",2,216722064,3.20475608028914e-20,0.28416149068323,NA,1.85525315226038e-17,"GLM","NYC","DTF_Sask_2017_b",19.4942050198162,16.7315968218287,"Significant",-2.83141413620847
"Lcu.1GRN.Chr1p354861253",1,354861253,3.2208959659073e-20,0.387096774193548,NA,4.85830992540064e-17,"GLM","NYC","Cotyledon_Color_RvsY",19.4920233025513,16.3135147837676,"Significant",0.316703855345824
"Lcu.1GRN.Chr2p133404578",2,133404578,3.24688836515068e-20,0.263975155279503,NA,1.85525315226038e-17,"GLM","NYC","DTF_Sask_2017_b",19.4885326430748,16.7315968218287,"Significant",-2.91208577097467
"Lcu.1GRN.Chr2p134725546",2,134725546,3.24688836515068e-20,0.263975155279503,NA,1.85525315226038e-17,"GLM","NYC","DTF_Sask_2017_b",19.4885326430748,16.7315968218287,"Significant",-2.91208577097467
"Lcu.1GRN.Chr2p135212679",2,135212679,3.24688836515068e-20,0.263975155279503,NA,1.85525315226038e-17,"GLM","NYC","DTF_Sask_2017_b",19.4885326430748,16.7315968218287,"Significant",-2.91208577097467
"Lcu.1GRN.Chr2p135434217",2,135434217,3.24688836515068e-20,0.263975155279503,NA,1.85525315226038e-17,"GLM","NYC","DTF_Sask_2017_b",19.4885326430748,16.7315968218287,"Significant",-2.91208577097467
"Lcu.1GRN.Chr2p314231512",2,314231512,3.24777951749961e-20,0.420807453416149,NA,1.85525315226038e-17,"GLM","NYC","DTF_Sask_2017_b",19.4884134614455,16.7315968218287,"Significant",-2.62193410372712
"Lcu.1GRN.Chr3p332524100",3,332524100,3.25881999919849e-20,0.375776397515528,NA,1.85525315226038e-17,"GLM","NYC","DTF_Sask_2017_b",19.4869396271119,16.7315968218287,"Significant",-2.72827407277434
"Lcu.1GRN.Chr3p332525450",3,332525450,3.25881999919849e-20,0.375776397515528,NA,1.85525315226038e-17,"GLM","NYC","DTF_Sask_2017_b",19.4869396271119,16.7315968218287,"Significant",-2.72827407277434
"Lcu.1GRN.Chr3p332525454",3,332525454,3.25881999919849e-20,0.375776397515528,NA,1.85525315226038e-17,"GLM","NYC","DTF_Sask_2017_b",19.4869396271119,16.7315968218287,"Significant",-2.72827407277434
"Lcu.1GRN.Chr3p332525980",3,332525980,3.25881999919849e-20,0.375776397515528,NA,1.85525315226038e-17,"GLM","NYC","DTF_Sask_2017_b",19.4869396271119,16.7315968218287,"Significant",-2.72827407277434
"Lcu.1GRN.Chr3p332526700",3,332526700,3.25881999919849e-20,0.375776397515528,NA,1.85525315226038e-17,"GLM","NYC","DTF_Sask_2017_b",19.4869396271119,16.7315968218287,"Significant",-2.72827407277434
"Lcu.1GRN.Chr3p332546365",3,332546365,3.25881999919849e-20,0.375776397515528,NA,1.85525315226038e-17,"GLM","NYC","DTF_Sask_2017_b",19.4869396271119,16.7315968218287,"Significant",-2.72827407277434
"Lcu.1GRN.Chr3p348543724",3,348543724,3.27072845817337e-20,0.304347826086957,NA,1.85525315226038e-17,"GLM","NYC","DTF_Sask_2017_b",19.4853555102963,16.7315968218287,"Significant",-2.91095779127376
"Lcu.1GRN.Chr3p348588881",3,348588881,3.27072845817337e-20,0.304347826086957,NA,1.85525315226038e-17,"GLM","NYC","DTF_Sask_2017_b",19.4853555102963,16.7315968218287,"Significant",-2.91095779127376
"Lcu.1GRN.Chr3p348853408",3,348853408,3.27072845817337e-20,0.304347826086957,NA,1.85525315226038e-17,"GLM","NYC","DTF_Sask_2017_b",19.4853555102963,16.7315968218287,"Significant",-2.91095779127376
"Lcu.1GRN.Chr3p349041600",3,349041600,3.27072845817337e-20,0.304347826086957,NA,1.85525315226038e-17,"GLM","NYC","DTF_Sask_2017_b",19.4853555102963,16.7315968218287,"Significant",-2.91095779127376
"Lcu.1GRN.Chr4p437375414",4,437375414,3.28687664993101e-20,0.346273291925466,NA,1.86127413822785e-17,"GLM","NYC","DTF_Sask_2017_b",19.4832165938373,16.7301896569866,"Significant",-2.86358976129179
"Lcu.1GRN.Chr2p54307482",2,54307482,3.30760173026429e-20,0.232919254658385,NA,1.86986230454422e-17,"GLM","NYC","DTF_Sask_2017_b",19.4804867895553,16.728190373452,"Significant",-3.08198926302026
"Lcu.1GRN.Chr2p402142475",2,402142475,3.32109100083094e-20,0.291925465838509,NA,1.87433794744379e-17,"GLM","NYC","DTF_Sask_2017_b",19.4787192241856,16.727152102094,"Significant",-2.86054608807109
"Lcu.1GRN.Chr1p365311297",1,365311297,3.34049324069628e-20,0.311290322580645,NA,4.99285417656124e-17,"GLM","NYC","Cotyledon_Color_RvsY",19.4761894026803,16.3016511179504,"Significant",-0.36279322757038
"Lcu.1GRN.Chr5p45837105",5,45837105,3.34601578672763e-20,0.394409937888199,NA,1.88524169536719e-17,"GLM","NYC","DTF_Sask_2017_b",19.4754720143382,16.7246329636357,"Significant",-2.68001957402672
"Lcu.1GRN.Chr1p352115312",1,352115312,3.35090774165325e-20,0.22258064516129,NA,4.99285417656124e-17,"GLM","NYC","Cotyledon_Color_RvsY",19.4748375291455,16.3016511179504,"Significant",-0.326250551231114
"Lcu.1GRN.Chr1p368421751",1,368421751,3.35462469238314e-20,0.317741935483871,NA,4.99285417656124e-17,"GLM","NYC","Cotyledon_Color_RvsY",19.4743560606349,16.3016511179504,"Significant",-0.396283745436075
"Lcu.1GRN.Chr6p278593936",6,278593936,3.3639525844843e-20,0.234472049689441,NA,1.89217832606226e-17,"GLM","NYC","DTF_Sask_2017_b",19.4731501342897,16.7230379364462,"Significant",-3.10929365587877
"Lcu.1GRN.Chr2p552304153",2,552304153,3.3751903367297e-20,0.242236024844721,NA,1.89532996326337e-17,"GLM","NYC","DTF_Sask_2017_b",19.4717017310224,16.7223151715798,"Significant",-3.07503411419914
"Lcu.1GRN.Chr1p240454407",1,240454407,3.38919412747727e-20,0.337096774193548,NA,5.00005728542608e-17,"GLM","NYC","Cotyledon_Color_RvsY",19.469903554775,16.3010250199436,"Significant",0.324875132737481
"Lcu.1GRN.Chr1p309150460",1,309150460,3.38919412747727e-20,0.337096774193548,NA,5.00005728542608e-17,"GLM","NYC","Cotyledon_Color_RvsY",19.469903554775,16.3010250199436,"Significant",0.324875132737481
"Lcu.1GRN.Chr5p403498996",5,403498996,3.38974616245159e-20,0.31832298136646,NA,1.90033124570892e-17,"GLM","NYC","DTF_Sask_2017_b",19.4698328222612,16.721170690813,"Significant",-2.87548336275057
"Lcu.1GRN.Chr2p553371844",2,553371844,3.40772741561093e-20,0.242236024844721,NA,1.90723302430416e-17,"GLM","NYC","DTF_Sask_2017_b",19.4675351517664,16.7195962419373,"Significant",-3.092774022943
"Lcu.1GRN.Chr4p439061181",4,439061181,3.45170845228544e-20,0.343167701863354,NA,1.928639230847e-17,"GLM","NYC","DTF_Sask_2017_b",19.4619658939855,16.7147490034114,"Significant",-2.80819873009206
"Lcu.1GRN.Chr3p234412350",3,234412350,3.45978389465831e-20,0.492236024844721,NA,1.92994548805063e-17,"GLM","NYC","DTF_Sask_2017_b",19.4609510273022,16.7144549576104,"Significant",-2.56816229407895
"Lcu.1GRN.Chr1p368965128",1,368965128,3.49713653979961e-20,0.367741935483871,NA,2.17837282681996e-16,"MLM","NYC","Cotyledon_Color_RvsY",19.456287411064,15.6618677890551,"Significant",-0.357676577951685
"Lcu.1GRN.Chr4p439620944",4,439620944,3.50008997215455e-20,0.324534161490683,NA,1.9491966285823e-17,"GLM","NYC","DTF_Sask_2017_b",19.455920791676,16.7101443484653,"Significant",-2.77814340144143
"Lcu.1GRN.Chr2p411835590",2,411835590,3.51481769354514e-20,0.309006211180124,NA,1.95416311260281e-17,"GLM","NYC","DTF_Sask_2017_b",19.4540971960327,16.7090391888533,"Significant",-2.97776533541784
"Lcu.1GRN.Chr2p126487481",2,126487481,3.56673409220738e-20,0.363354037267081,NA,1.97975519206852e-17,"GLM","NYC","DTF_Sask_2017_b",19.447729267054,16.7033885093884,"Significant",2.9469060732872
"Lcu.1GRN.Chr4p416805051",4,416805051,3.59865007581758e-20,0.335403726708075,NA,1.9941797859185e-17,"GLM","NYC","DTF_Sask_2017_b",19.4438603810575,16.7002356903009,"Significant",-2.82702423555568
"Lcu.1GRN.Chr2p551395758",2,551395758,3.60598902188147e-20,0.274844720496894,NA,1.99496004822895e-17,"GLM","NYC","DTF_Sask_2017_b",19.4429755997832,16.7000657972241,"Significant",-3.0531348210839
"Lcu.1GRN.Chr1p368965430",1,368965430,3.61130696983102e-20,0.374193548387097,NA,2.20858998458391e-16,"MLM","NYC","Cotyledon_Color_RvsY",19.4423355939222,15.6558849015846,"Significant",-0.348276816160873
"Lcu.1GRN.Chr4p417503097",4,417503097,3.64984204808082e-20,0.33695652173913,NA,2.01576963880568e-17,"GLM","NYC","DTF_Sask_2017_b",19.4377259298261,16.6955591003574,"Significant",-2.78890532658329
"Lcu.1GRN.Chr5p404775382",5,404775382,3.65558892421511e-20,0.354037267080745,NA,2.01576963880568e-17,"GLM","NYC","DTF_Sask_2017_b",19.4370426471785,16.6955591003574,"Significant",-2.96171390197472
"Lcu.1GRN.Chr3p332542728",3,332542728,3.66521506598105e-20,0.377329192546584,NA,2.01776987904885e-17,"GLM","NYC","DTF_Sask_2017_b",19.4359005369223,16.695128365333,"Significant",-2.72655901321313
"Lcu.1GRN.Chr3p240993775",3,240993775,3.70310782741726e-20,0.478260869565217,NA,2.03513382859441e-17,"GLM","NYC","DTF_Sask_2017_b",19.4314336419418,16.69140702668,"Significant",2.7391517039603
"Lcu.1GRN.Chr1p99872019",1,99872019,3.70581067824122e-20,0.382258064516129,NA,5.42089843328695e-17,"GLM","NYC","Cotyledon_Color_RvsY",19.4311167716052,16.2659287296455,"Significant",0.320825976015686
"Lcu.1GRN.Chr1p357633165",1,357633165,3.70668537536679e-20,0.491935483870968,NA,5.42089843328695e-17,"GLM","NYC","Cotyledon_Color_RvsY",19.4310142754598,16.2659287296455,"Significant",-0.29794717243599
"Lcu.1GRN.Chr3p238331796",3,238331796,3.7088568050028e-20,0.486024844720497,NA,2.03513382859441e-17,"GLM","NYC","DTF_Sask_2017_b",19.4307599339935,16.69140702668,"Significant",-2.63324928492678
"Lcu.1GRN.Chr6p21968352",6,21968352,3.73378119702311e-20,0.295031055900621,NA,2.04096492499184e-17,"GLM","NYC","DTF_Sask_2017_b",19.4278511356932,16.6901644587888,"Significant",-2.83673838776855
"Lcu.1GRN.Chr6p21968372",6,21968372,3.73378119702311e-20,0.295031055900621,NA,2.04096492499184e-17,"GLM","NYC","DTF_Sask_2017_b",19.4278511356932,16.6901644587888,"Significant",-2.83673838776855
"Lcu.1GRN.Chr5p231762397",5,231762397,3.7413539636128e-20,0.31055900621118,NA,2.04096492499184e-17,"GLM","NYC","DTF_Sask_2017_b",19.4269712019403,16.6901644587888,"Significant",-2.87922825489999
"Lcu.1GRN.Chr5p404862253",5,404862253,3.74586624321723e-20,0.321428571428571,NA,2.04096492499184e-17,"GLM","NYC","DTF_Sask_2017_b",19.4264477344007,16.6901644587888,"Significant",-2.90532780508235
"Lcu.1GRN.Chr1p367587823",1,367587823,3.74732753431149e-20,0.398387096774194,NA,5.4566117780682e-17,"GLM","NYC","Cotyledon_Color_RvsY",19.4262783458367,16.263076943897,"Significant",-0.344757825611765
"Lcu.1GRN.Chr2p54304915",2,54304915,3.74982184234767e-20,0.313664596273292,NA,2.04096492499184e-17,"GLM","NYC","DTF_Sask_2017_b",19.4259893655318,16.6901644587888,"Significant",-3.02953917773658
"Lcu.1GRN.Chr1p446647193",1,446647193,3.76621254682102e-20,0.254658385093168,NA,2.04435421730639e-17,"GLM","NYC","DTF_Sask_2017_b",19.4240951741476,16.6894438535013,"Significant",2.95721595458306
"Lcu.1GRN.Chr2p201861319",2,201861319,3.76820441580167e-20,0.262422360248447,NA,2.04435421730639e-17,"GLM","NYC","DTF_Sask_2017_b",19.4238655458349,16.6894438535013,"Significant",-2.91522302332169
"Lcu.1GRN.Chr1p437610163",1,437610163,3.81660194703301e-20,0.383540372670807,NA,2.06395329118594e-17,"GLM","NYC","DTF_Sask_2017_b",19.4183231324852,16.6853001353441,"Significant",2.62812449878126
"Lcu.1GRN.Chr1p437610216",1,437610216,3.81660194703301e-20,0.383540372670807,NA,2.06395329118594e-17,"GLM","NYC","DTF_Sask_2017_b",19.4183231324852,16.6853001353441,"Significant",2.62812449878126
"Lcu.1GRN.Chr5p420458002",5,420458002,3.88581079381465e-20,0.332298136645963,NA,2.0980072540659e-17,"GLM","NYC","DTF_Sask_2017_b",19.4105183496968,16.6781930145241,"Significant",-2.87406661481275
"Lcu.1GRN.Chr1p436049603",1,436049603,3.913350492952e-20,0.468944099378882,NA,2.1065167114139e-17,"GLM","NYC","DTF_Sask_2017_b",19.4074512534696,16.6764350911794,"Significant",2.63728845416144
"Lcu.1GRN.Chr2p135413841",2,135413841,3.91409664037699e-20,0.262422360248447,NA,2.1065167114139e-17,"GLM","NYC","DTF_Sask_2017_b",19.4073684556672,16.6764350911794,"Significant",-2.90490194348719
"Lcu.1GRN.Chr2p128513503",2,128513503,3.96483125563435e-20,0.458074534161491,NA,2.13041277150792e-17,"GLM","NYC","DTF_Sask_2017_b",19.4017752916519,16.6715362430304,"Significant",-2.87323547349122
"Lcu.1GRN.Chr1p367431270",1,367431270,3.99631454206043e-20,0.364516129032258,NA,2.38248339247786e-16,"MLM","NYC","Cotyledon_Color_RvsY",19.398340336636,15.6229701180056,"Significant",-0.353776676207918
"Lcu.1GRN.Chr4p440559049",4,440559049,4.00062815659829e-20,0.299689440993789,NA,2.14621896515231e-17,"GLM","NYC","DTF_Sask_2017_b",19.3978718127905,16.6683259717893,"Significant",-2.8246265458174
"Lcu.1GRN.Chr1p369133533",1,369133533,4.03730310557332e-20,0.393548387096774,NA,2.38248339247786e-16,"MLM","NYC","Cotyledon_Color_RvsY",19.393908644165,15.6229701180056,"Significant",-0.311102741645341
"Lcu.1GRN.Chr3p332450504",3,332450504,4.05689521633118e-20,0.386645962732919,NA,2.17293897011413e-17,"GLM","NYC","DTF_Sask_2017_b",19.391806209342,16.6629524712473,"Significant",-2.71457867232581
"Lcu.1GRN.Chr1p367682602",1,367682602,4.10271709382276e-20,0.333870967741935,NA,5.94835620990465e-17,"GLM","NYC","Cotyledon_Color_RvsY",19.3869284291281,16.2256030321871,"Significant",-0.370707832823478
"Lcu.1GRN.Chr4p486513216",4,486513216,4.15346397455887e-20,0.242236024844721,NA,2.21893251398772e-17,"GLM","NYC","DTF_Sask_2017_b",19.3815895520744,16.6538559060818,"Significant",-3.13670625918959
"Lcu.1GRN.Chr2p314231578",2,314231578,4.15595906795929e-20,0.419254658385093,NA,2.21893251398772e-17,"GLM","NYC","DTF_Sask_2017_b",19.3813287384601,16.6538559060818,"Significant",-2.61128390936553
"Lcu.1GRN.Chr6p278085089",6,278085089,4.17799907078633e-20,0.237577639751553,NA,2.22716483905418e-17,"GLM","NYC","DTF_Sask_2017_b",19.3790316609456,16.6522476383578,"Significant",-3.07724886849351
"Lcu.1GRN.Chr4p440561453",4,440561453,4.21067326812128e-20,0.299689440993789,NA,2.24103091009201e-17,"GLM","NYC","DTF_Sask_2017_b",19.375648456836,16.6495521532865,"Significant",-2.821461753875
"Lcu.1GRN.Chr1p248361933",1,248361933,4.26191646242051e-20,0.335483870967742,NA,6.15265259534335e-17,"GLM","NYC","Cotyledon_Color_RvsY",19.3703950671196,16.2109376063137,"Significant",0.324517074077169
"Lcu.1GRN.Chr3p344049630",3,344049630,4.27400541911229e-20,0.468944099378882,NA,2.27114436147005e-17,"GLM","NYC","DTF_Sask_2017_b",19.3691649315194,16.6437552597049,"Significant",-2.54452772192854
"Lcu.1GRN.Chr2p400740191",2,400740191,4.28808734495939e-20,0.363354037267081,NA,2.27222970403457e-17,"GLM","NYC","DTF_Sask_2017_b",19.3677363769889,16.6435477670842,"Significant",-2.8653777358867
"Lcu.1GRN.Chr2p314222505",2,314222505,4.28955831595238e-20,0.422360248447205,NA,2.27222970403457e-17,"GLM","NYC","DTF_Sask_2017_b",19.3675874236241,16.6435477670842,"Significant",-2.59302231865844
"Lcu.1GRN.Chr1p367612579",1,367612579,4.29790035320951e-20,0.359677419354839,NA,2.49253766915177e-16,"MLM","NYC","Cotyledon_Color_RvsY",19.3667436578425,15.6033582695735,"Significant",-0.329259938508121
"Lcu.1GRN.Chr3p220399363",3,220399363,4.29907911534232e-20,0.332298136645963,NA,2.27369236602256e-17,"GLM","NYC","DTF_Sask_2017_b",19.3666245625498,16.6432682963663,"Significant",2.72006284791684
"Lcu.1GRN.Chr2p54305397",2,54305397,4.31847845160324e-20,0.236024844720497,NA,2.28036678387822e-17,"GLM","NYC","DTF_Sask_2017_b",19.3646692431088,16.6419952936122,"Significant",-3.01945979172531
"Lcu.1GRN.Chr3p348855019",3,348855019,4.34229974526978e-20,0.302795031055901,NA,2.2893516276131e-17,"GLM","NYC","DTF_Sask_2017_b",19.362280200867,16.6402874977563,"Significant",-2.90747721702589
"Lcu.1GRN.Chr4p417443160",4,417443160,4.37624920037969e-20,0.335403726708075,NA,2.30363977274509e-17,"GLM","NYC","DTF_Sask_2017_b",19.3588979555804,16.6375854319069,"Significant",-2.80891834319502
"Lcu.1GRN.Chr3p346350820",3,346350820,4.42503116612069e-20,0.478260869565217,NA,2.32244993444221e-17,"GLM","NYC","DTF_Sask_2017_b",19.3540836661579,16.6340536394139,"Significant",-2.58872882581099
"Lcu.1GRN.Chr2p103156260",2,103156260,4.42906579784723e-20,0.364906832298137,NA,2.32244993444221e-17,"GLM","NYC","DTF_Sask_2017_b",19.3536878678232,16.6340536394139,"Significant",-2.93352097042415
"Lcu.1GRN.Chr3p332305208",3,332305208,4.43269660196125e-20,0.381987577639752,NA,2.32244993444221e-17,"GLM","NYC","DTF_Sask_2017_b",19.3533319931769,16.6340536394139,"Significant",-2.80192029850065
"Lcu.1GRN.Chr6p219683583",6,219683583,4.44084334395465e-20,0.220496894409938,NA,2.32309977150232e-17,"GLM","NYC","DTF_Sask_2017_b",19.3525345468119,16.6339321379043,"Significant",-3.15889308178319
"Lcu.1GRN.Chr3p158675883",3,158675883,4.46021954973858e-20,0.476708074534162,NA,2.32961284050764e-17,"GLM","NYC","DTF_Sask_2017_b",19.3506437630607,16.6327162485886,"Significant",3.34989988329532
"Lcu.1GRN.Chr1p263734719",1,263734719,4.46344869513022e-20,0.335483870967742,NA,6.4160549027131e-17,"GLM","NYC","Cotyledon_Color_RvsY",19.3503294528359,16.1927319284141,"Significant",0.324897337510303
"Lcu.1GRN.Chr3p332525778",3,332525778,4.55468796105991e-20,0.37888198757764,NA,2.37526624092688e-17,"GLM","NYC","DTF_Sask_2017_b",19.3415413709263,16.6242877037297,"Significant",-2.71554841704729
"Lcu.1GRN.Chr3p224223254",3,224223254,4.56534069465549e-20,0.475155279503106,NA,2.37713615083465e-17,"GLM","NYC","DTF_Sask_2017_b",19.3405268071137,16.6239459432769,"Significant",2.63299403056887
"Lcu.1GRN.Chr3p240449106",3,240449106,4.57636755277217e-20,0.481366459627329,NA,2.37919478303449e-17,"GLM","NYC","DTF_Sask_2017_b",19.3394791022809,16.6235700011178,"Significant",-2.82398656549525
"Lcu.1GRN.Chr2p314222430",2,314222430,4.58939209796537e-20,0.425465838509317,NA,2.38228403058074e-17,"GLM","NYC","DTF_Sask_2017_b",19.3382448364635,16.6230064605022,"Significant",-2.59891923474088
"Lcu.1GRN.Chr6p21969253",6,21969253,4.61163081797426e-20,0.293478260869565,NA,2.38432178663034e-17,"GLM","NYC","DTF_Sask_2017_b",19.3361454672347,16.622635132855,"Significant",-2.84897096311131
"Lcu.1GRN.Chr6p21969265",6,21969265,4.61163081797426e-20,0.293478260869565,NA,2.38432178663034e-17,"GLM","NYC","DTF_Sask_2017_b",19.3361454672347,16.622635132855,"Significant",-2.84897096311131
"Lcu.1GRN.Chr2p415394295",2,415394295,4.61458312823896e-20,0.187888198757764,NA,2.38432178663034e-17,"GLM","NYC","DTF_Sask_2017_b",19.3358675261186,16.622635132855,"Significant",-3.28592854740188
"Lcu.1GRN.Chr4p486926633",4,486926633,4.6455246449196e-20,0.245341614906832,NA,2.38995548809633e-17,"GLM","NYC","DTF_Sask_2017_b",19.3329652316107,16.6216101875264,"Significant",-3.12456683963035
"Lcu.1GRN.Chr3p240395253",3,240395253,4.64680212153688e-20,0.450310559006211,NA,2.38995548809633e-17,"GLM","NYC","DTF_Sask_2017_b",19.332845821034,16.6216101875264,"Significant",2.61276340889626
"Lcu.1GRN.Chr3p240395597",3,240395597,4.64680212153688e-20,0.450310559006211,NA,2.38995548809633e-17,"GLM","NYC","DTF_Sask_2017_b",19.332845821034,16.6216101875264,"Significant",2.61276340889626
"Lcu.1GRN.Chr2p109565078",2,109565078,4.69844673907745e-20,0.312111801242236,NA,2.40915005226107e-17,"GLM","NYC","DTF_Sask_2017_b",19.3280456918811,16.6181361494249,"Significant",2.74590766388454
"Lcu.1GRN.Chr2p113462352",2,113462352,4.69844673907745e-20,0.312111801242236,NA,2.40915005226107e-17,"GLM","NYC","DTF_Sask_2017_b",19.3280456918811,16.6181361494249,"Significant",2.74590766388454
"Lcu.1GRN.Chr6p278095489",6,278095489,4.71211474098973e-20,0.246894409937888,NA,2.4124808205213e-17,"GLM","NYC","DTF_Sask_2017_b",19.3267841429298,16.6175361306577,"Significant",-3.05309662257025
"Lcu.1GRN.Chr5p6639227",5,6639227,4.73234569140503e-20,0.237577639751553,NA,2.41915641820796e-17,"GLM","NYC","DTF_Sask_2017_b",19.3249235382651,16.6163360500472,"Significant",-3.06280902719838
"Lcu.1GRN.Chr4p439338144",4,439338144,4.77081404596754e-20,0.305900621118012,NA,2.43482713663398e-17,"GLM","NYC","DTF_Sask_2017_b",19.3214075107905,16.6135318665935,"Significant",-2.80281537777402
"Lcu.1GRN.Chr6p237365204",6,237365204,4.7774779041298e-20,0.329192546583851,NA,2.43482713663398e-17,"GLM","NYC","DTF_Sask_2017_b",19.3208013128835,16.6135318665935,"Significant",-3.11969688294386
"Lcu.1GRN.Chr1p367500108",1,367500108,4.79822157180012e-20,0.35,NA,6.86792934230506e-17,"GLM","NYC","Cotyledon_Color_RvsY",19.3189197010976,16.1631741815375,"Significant",-0.355103338092418
"Lcu.1GRN.Chr1p367622297",1,367622297,4.84914677774933e-20,0.348387096774194,NA,6.91141082284411e-17,"GLM","NYC","Cotyledon_Color_RvsY",19.3143346701221,16.1604332912603,"Significant",-0.367231993689267
"Lcu.1GRN.Chr3p225602235",3,225602235,4.90246147092504e-20,0.380434782608696,NA,2.49474471647601e-17,"GLM","NYC","DTF_Sask_2017_b",19.3095858108229,16.6029738884767,"Significant",2.78546008405539
"Lcu.1GRN.Chr1p361295000",1,361295000,4.92540608050726e-20,0.158064516129032,NA,6.99048129570458e-17,"GLM","NYC","Cotyledon_Color_RvsY",19.3075579578053,16.1554929219835,"Significant",-0.37327786779615
"Lcu.1GRN.Chr4p420566249",4,420566249,4.92778817174205e-20,0.375776397515528,NA,2.50384490024828e-17,"GLM","NYC","DTF_Sask_2017_b",19.3073479692326,16.6013925768404,"Significant",-3.00964381475018
"Lcu.1GRN.Chr6p342297255",6,342297255,4.95876502870576e-20,0.350931677018634,NA,2.51230756181487e-17,"GLM","NYC","DTF_Sask_2017_b",19.304626470284,16.5999271944641,"Significant",2.65108993229263
"Lcu.1GRN.Chr3p346519843",3,346519843,4.95938133361796e-20,0.313664596273292,NA,2.51230756181487e-17,"GLM","NYC","DTF_Sask_2017_b",19.3045724969279,16.5999271944641,"Significant",-3.03006553587429
"Lcu.1GRN.Chr2p54577849",2,54577849,5.0610196042288e-20,0.240683229813665,NA,2.55588347345232e-17,"GLM","NYC","DTF_Sask_2017_b",19.2957619804166,16.5924589501968,"Significant",-3.13543063554134
"Lcu.1GRN.Chr4p439345815",4,439345815,5.06730632782766e-20,0.309006211180124,NA,2.55588347345232e-17,"GLM","NYC","DTF_Sask_2017_b",19.2952228410292,16.5924589501968,"Significant",-2.80311708021777
"Lcu.1GRN.Chr3p332526896",3,332526896,5.06819716795255e-20,0.380434782608696,NA,2.55588347345232e-17,"GLM","NYC","DTF_Sask_2017_b",19.2951464981122,16.5924589501968,"Significant",-2.73915371850705
"Lcu.1GRN.Chr2p551395744",2,551395744,5.0874679447327e-20,0.27639751552795,NA,2.56049009644893e-17,"GLM","NYC","DTF_Sask_2017_b",19.2934983141735,16.5916768996054,"Significant",-3.03789555431538
"Lcu.1GRN.Chr5p420457981",5,420457981,5.09255626896911e-20,0.330745341614907,NA,2.56049009644893e-17,"GLM","NYC","DTF_Sask_2017_b",19.2930641636694,16.5916768996054,"Significant",-2.85728028751564
"Lcu.1GRN.Chr2p425612987",2,425612987,5.11162180567677e-20,0.169254658385093,NA,2.56624013717922e-17,"GLM","NYC","DTF_Sask_2017_b",19.2914412858715,16.5907027067404,"Significant",-4.19679421666402
"Lcu.1GRN.Chr2p117059436",2,117059436,5.12375562943099e-20,0.31832298136646,NA,2.56849822623668e-17,"GLM","NYC","DTF_Sask_2017_b",19.2904115915192,16.5903207298563,"Significant",2.89548127762035
"Lcu.1GRN.Chr2p398654989",2,398654989,5.16687332888593e-20,0.313664596273292,NA,2.56999118009121e-17,"GLM","NYC","DTF_Sask_2017_b",19.2867721854913,16.590068367114,"Significant",-2.76819953369578
"Lcu.1GRN.Chr2p133088780",2,133088780,5.18180846568607e-20,0.256211180124224,NA,2.56999118009121e-17,"GLM","NYC","DTF_Sask_2017_b",19.2855186438073,16.590068367114,"Significant",-2.93956513918766
"Lcu.1GRN.Chr2p125617868",2,125617868,5.18857259978501e-20,0.374223602484472,NA,2.56999118009121e-17,"GLM","NYC","DTF_Sask_2017_b",19.2849521021321,16.590068367114,"Significant",2.63574815377764
"Lcu.1GRN.Chr5p395213806",5,395213806,5.19369379627661e-20,0.377329192546584,NA,2.56999118009121e-17,"GLM","NYC","DTF_Sask_2017_b",19.284523658578,16.590068367114,"Significant",-2.68257972483845
"Lcu.1GRN.Chr5p408826506",5,408826506,5.19369379627661e-20,0.377329192546584,NA,2.56999118009121e-17,"GLM","NYC","DTF_Sask_2017_b",19.284523658578,16.590068367114,"Significant",-2.68257972483845
"Lcu.1GRN.Chr5p408826510",5,408826510,5.19369379627661e-20,0.377329192546584,NA,2.56999118009121e-17,"GLM","NYC","DTF_Sask_2017_b",19.284523658578,16.590068367114,"Significant",-2.68257972483845
"Lcu.1GRN.Chr1p445788717",1,445788717,5.21077865790105e-20,0.279503105590062,NA,2.56999118009121e-17,"GLM","NYC","DTF_Sask_2017_b",19.2830973742894,16.590068367114,"Significant",2.8101182525572
"Lcu.1GRN.Chr1p445791283",1,445791283,5.21077865790105e-20,0.279503105590062,NA,2.56999118009121e-17,"GLM","NYC","DTF_Sask_2017_b",19.2830973742894,16.590068367114,"Significant",2.8101182525572
"Lcu.1GRN.Chr1p445792800",1,445792800,5.21077865790105e-20,0.279503105590062,NA,2.56999118009121e-17,"GLM","NYC","DTF_Sask_2017_b",19.2830973742894,16.590068367114,"Significant",2.8101182525572
"Lcu.1GRN.Chr1p446411579",1,446411579,5.21077865790105e-20,0.279503105590062,NA,2.56999118009121e-17,"GLM","NYC","DTF_Sask_2017_b",19.2830973742894,16.590068367114,"Significant",2.8101182525572
"Lcu.1GRN.Chr1p446608224",1,446608224,5.21077865790105e-20,0.279503105590062,NA,2.56999118009121e-17,"GLM","NYC","DTF_Sask_2017_b",19.2830973742894,16.590068367114,"Significant",2.8101182525572
"Lcu.1GRN.Chr2p401972253",2,401972253,5.23255323748792e-20,0.319875776397516,NA,2.57695202757555e-17,"GLM","NYC","DTF_Sask_2017_b",19.281286344331,16.5888936661806,"Significant",-2.87157153937545
"Lcu.1GRN.Chr2p415404102",2,415404102,5.25559005326042e-20,0.186335403726708,NA,2.5845132448027e-17,"GLM","NYC","DTF_Sask_2017_b",19.2793785179822,16.5876212378704,"Significant",-3.29828880573092
"Lcu.1GRN.Chr2p135400076",2,135400076,5.29738904309014e-20,0.268633540372671,NA,2.60126548942643e-17,"GLM","NYC","DTF_Sask_2017_b",19.2759381310737,16.5848153207342,"Significant",-2.892140003094
"Lcu.1GRN.Chr4p440120091",4,440120091,5.31325903214896e-20,0.335403726708075,NA,2.60525510330444e-17,"GLM","NYC","DTF_Sask_2017_b",19.2746390108377,16.5841497447126,"Significant",-2.812564740734
"Lcu.1GRN.Chr1p287083912",1,287083912,5.32402502631777e-20,0.338709677419355,NA,7.52448036145979e-17,"GLM","NYC","Cotyledon_Color_RvsY",19.2737599117311,16.1235234869558,"Significant",0.323875071008538
"Lcu.1GRN.Chr1p385772554",1,385772554,5.40355830102824e-20,0.146774193548387,NA,7.60493177841827e-17,"GLM","NYC","Cotyledon_Color_RvsY",19.2673201584039,16.1189046775202,"Significant",-0.458419029569574
"Lcu.1GRN.Chr4p180957935",4,180957935,5.40856776621274e-20,0.453416149068323,NA,2.64760417574968e-17,"GLM","NYC","DTF_Sask_2017_b",19.2669177244646,16.5771469426225,"Significant",2.69337514887833
"Lcu.1GRN.Chr5p45010185",5,45010185,5.41586613794713e-20,0.377329192546584,NA,2.64760417574968e-17,"GLM","NYC","DTF_Sask_2017_b",19.2663320784938,16.5771469426225,"Significant",3.82399148355282
"Lcu.1GRN.Chr5p417929937",5,417929937,5.4232409157008e-20,0.313664596273292,NA,2.64760417574968e-17,"GLM","NYC","DTF_Sask_2017_b",19.2657411025468,16.5771469426225,"Significant",-2.82653674711251
"Lcu.1GRN.Chr1p367658998",1,367658998,5.42959076950085e-20,0.338709677419355,NA,7.60972982651955e-17,"GLM","NYC","Cotyledon_Color_RvsY",19.2652329021322,16.1186307620119,"Significant",-0.425145835836343
"Lcu.1GRN.Chr6p2134405",6,2134405,5.45892825531661e-20,0.361801242236025,NA,2.66116423254505e-17,"GLM","NYC","DTF_Sask_2017_b",19.2628926134289,16.5749283223343,"Significant",-2.85333239673874
"Lcu.1GRN.Chr2p131960034",2,131960034,5.47359739990153e-20,0.288819875776398,NA,2.66445374328897e-17,"GLM","NYC","DTF_Sask_2017_b",19.2617271494599,16.5743918150023,"Significant",-2.86356679436619
"Lcu.1GRN.Chr2p135309003",2,135309003,5.48400768172172e-20,0.265527950310559,NA,2.66566360097932e-17,"GLM","NYC","DTF_Sask_2017_b",19.2609019455443,16.5741946581691,"Significant",-2.89264074451822
"Lcu.1GRN.Chr5p3937524",5,3937524,5.53526475587488e-20,0.234472049689441,NA,2.68669610409721e-17,"GLM","NYC","DTF_Sask_2017_b",19.2568616016569,16.5707814544368,"Significant",-3.02328210883186
"Lcu.1GRN.Chr2p314230388",2,314230388,5.56238611619039e-20,0.422360248447205,NA,2.69596992902682e-17,"GLM","NYC","DTF_Sask_2017_b",19.2547388676274,16.5692849562504,"Significant",-2.66036485064021
"Lcu.1GRN.Chr6p1447370",6,1447370,5.58328920699298e-20,0.430124223602484,NA,2.70220754055915e-17,"GLM","NYC","DTF_Sask_2017_b",19.2531098756874,16.5682812984457,"Significant",-2.89386259963624
"Lcu.1GRN.Chr4p440368207",4,440368207,5.63858589977233e-20,0.225155279503106,NA,2.72437237199642e-17,"GLM","NYC","DTF_Sask_2017_b",19.2488297990182,16.5647335325703,"Significant",-3.0827168245692
"Lcu.1GRN.Chr5p372439044",5,372439044,5.64528489204204e-20,0.305900621118012,NA,2.72437237199642e-17,"GLM","NYC","DTF_Sask_2017_b",19.2483141363042,16.5647335325703,"Significant",-2.84899124035967
"Lcu.1GRN.Chr1p359991374",1,359991374,5.67401724289706e-20,0.193548387096774,NA,7.91930355992346e-17,"GLM","NYC","Cotyledon_Color_RvsY",19.246109348751,16.101313009494,"Significant",-0.337252552083374
"Lcu.1GRN.Chr3p235923656",3,235923656,5.72502400206864e-20,0.496894409937888,NA,2.753758173624e-17,"GLM","NYC","DTF_Sask_2017_b",19.2422226882118,16.5600742007792,"Significant",-2.6187880535732
"Lcu.1GRN.Chr4p420244260",4,420244260,5.72790629616462e-20,0.316770186335404,NA,2.753758173624e-17,"GLM","NYC","DTF_Sask_2017_b",19.2420040953426,16.5600742007792,"Significant",-2.99383487376586
"Lcu.1GRN.Chr3p332449238",3,332449238,5.74711026314724e-20,0.385093167701863,NA,2.753758173624e-17,"GLM","NYC","DTF_Sask_2017_b",19.2405504704812,16.5600742007792,"Significant",-2.70043027995472
"Lcu.1GRN.Chr3p332450335",3,332450335,5.74711026314724e-20,0.385093167701863,NA,2.753758173624e-17,"GLM","NYC","DTF_Sask_2017_b",19.2405504704812,16.5600742007792,"Significant",-2.70043027995472
"Lcu.1GRN.Chr3p332451211",3,332451211,5.74711026314724e-20,0.385093167701863,NA,2.753758173624e-17,"GLM","NYC","DTF_Sask_2017_b",19.2405504704812,16.5600742007792,"Significant",-2.70043027995472
"Lcu.1GRN.Chr2p314230784",2,314230784,5.82746787955935e-20,0.420807453416149,NA,2.78499412531627e-17,"GLM","NYC","DTF_Sask_2017_b",19.2345201115901,16.5551757165927,"Significant",-2.60440423397081
"Lcu.1GRN.Chr4p181401701",4,181401701,5.82885914558399e-20,0.461180124223602,NA,2.78499412531627e-17,"GLM","NYC","DTF_Sask_2017_b",19.2344164392825,16.5551757165927,"Significant",-2.60707489743893
"Lcu.1GRN.Chr5p3943837",5,3943837,5.88035067654759e-20,0.234472049689441,NA,2.80561122839473e-17,"GLM","NYC","DTF_Sask_2017_b",19.2305967738646,16.5519725090241,"Significant",-3.03406773710543
"Lcu.1GRN.Chr3p224169929",3,224169929,5.89953579218978e-20,0.468944099378882,NA,2.81077784109278e-17,"GLM","NYC","DTF_Sask_2017_b",19.2291821596836,16.5511734789035,"Significant",2.63871653576492
"Lcu.1GRN.Chr1p283448720",1,283448720,5.9325931114313e-20,0.351612903225806,NA,8.21856930441128e-17,"GLM","NYC","Cotyledon_Color_RvsY",19.2267554368504,16.0852037782359,"Significant",0.322382646693267
"Lcu.1GRN.Chr1p364568672",1,364568672,5.93730164068396e-20,0.487096774193548,NA,8.21856930441128e-17,"GLM","NYC","Cotyledon_Color_RvsY",19.2264108864695,16.0852037782359,"Significant",-0.330009615515807
"Lcu.1GRN.Chr2p553914868",2,553914868,5.99098818032443e-20,0.254658385093168,NA,2.85031219413181e-17,"GLM","NYC","DTF_Sask_2017_b",19.2225015372324,16.5451075691974,"Significant",-3.00892776493546
"Lcu.1GRN.Chr1p434703257",1,434703257,6.00187180549218e-20,0.493788819875776,NA,2.85145708135309e-17,"GLM","NYC","DTF_Sask_2017_b",19.2217132849461,16.544933160804,"Significant",-2.54641631488242
"Lcu.1GRN.Chr2p580390351",2,580390351,6.02170144126335e-20,0.257763975155279,NA,2.85684294597098e-17,"GLM","NYC","DTF_Sask_2017_b",19.2202807808103,16.5441136341615,"Significant",-2.95291040016923
"Lcu.1GRN.Chr4p417442406",4,417442406,6.03204914639482e-20,0.361801242236025,NA,2.85772151440195e-17,"GLM","NYC","DTF_Sask_2017_b",19.2195351286898,16.543980095577,"Significant",-2.80682918724882
"Lcu.1GRN.Chr3p332263803",3,332263803,6.1000924822819e-20,0.391304347826087,NA,2.8858928382387e-17,"GLM","NYC","DTF_Sask_2017_b",19.2146635806876,16.5397197995854,"Significant",-2.73762742949064
"Lcu.1GRN.Chr5p260462090",5,260462090,6.11028983832315e-20,0.324534161490683,NA,2.88665710961692e-17,"GLM","NYC","DTF_Sask_2017_b",19.2139381887429,16.5396048005479,"Significant",-2.8575430247806
"Lcu.1GRN.Chr2p133088910",2,133088910,6.14054093745517e-20,0.256211180124224,NA,2.89598768614863e-17,"GLM","NYC","DTF_Sask_2017_b",19.2117933689559,16.5382032891079,"Significant",-2.92048383365453
"Lcu.1GRN.Chr5p394115181",5,394115181,6.16209111857554e-20,0.380434782608696,NA,2.89598768614863e-17,"GLM","NYC","DTF_Sask_2017_b",19.2102718840778,16.5382032891079,"Significant",-2.68285375263159
"Lcu.1GRN.Chr1p367687922",1,367687922,6.18427187615869e-20,0.375806451612903,NA,3.52573725113198e-16,"MLM","NYC","Cotyledon_Color_RvsY",19.2087114259914,15.4527500558017,"Significant",-0.339664244566684
"Lcu.1GRN.Chr5p408825347",5,408825347,6.1962691555279e-20,0.383540372670807,NA,2.89598768614863e-17,"GLM","NYC","DTF_Sask_2017_b",19.20786972548,16.5382032891079,"Significant",-2.68394555635457
"Lcu.1GRN.Chr2p134727901",2,134727901,6.21613627198659e-20,0.262422360248447,NA,2.89598768614863e-17,"GLM","NYC","DTF_Sask_2017_b",19.2064794733701,16.5382032891079,"Significant",-2.89822945849524
"Lcu.1GRN.Chr2p135303433",2,135303433,6.21613627198659e-20,0.262422360248447,NA,2.89598768614863e-17,"GLM","NYC","DTF_Sask_2017_b",19.2064794733701,16.5382032891079,"Significant",-2.89822945849524
"Lcu.1GRN.Chr2p135307708",2,135307708,6.21613627198659e-20,0.262422360248447,NA,2.89598768614863e-17,"GLM","NYC","DTF_Sask_2017_b",19.2064794733701,16.5382032891079,"Significant",-2.89822945849524
"Lcu.1GRN.Chr2p135307827",2,135307827,6.21613627198659e-20,0.262422360248447,NA,2.89598768614863e-17,"GLM","NYC","DTF_Sask_2017_b",19.2064794733701,16.5382032891079,"Significant",-2.89822945849524
"Lcu.1GRN.Chr2p135308726",2,135308726,6.21613627198659e-20,0.262422360248447,NA,2.89598768614863e-17,"GLM","NYC","DTF_Sask_2017_b",19.2064794733701,16.5382032891079,"Significant",-2.89822945849524
"Lcu.1GRN.Chr2p135308803",2,135308803,6.21613627198659e-20,0.262422360248447,NA,2.89598768614863e-17,"GLM","NYC","DTF_Sask_2017_b",19.2064794733701,16.5382032891079,"Significant",-2.89822945849524
"Lcu.1GRN.Chr2p135475717",2,135475717,6.21613627198659e-20,0.262422360248447,NA,2.89598768614863e-17,"GLM","NYC","DTF_Sask_2017_b",19.2064794733701,16.5382032891079,"Significant",-2.89822945849524
"Lcu.1GRN.Chr3p444479403",3,444479403,6.24223857382991e-20,0.358695652173913,NA,2.90217901982091e-17,"GLM","NYC","DTF_Sask_2017_b",19.2046596369334,16.5372758017803,"Significant",2.74136660070111
"Lcu.1GRN.Chr3p343756360",3,343756360,6.2466817801697e-20,0.462732919254658,NA,2.90217901982091e-17,"GLM","NYC","DTF_Sask_2017_b",19.204350617415,16.5372758017803,"Significant",-2.54238383033415
"Lcu.1GRN.Chr4p423073885",4,423073885,6.2602879921114e-20,0.459627329192547,NA,2.90448867730005e-17,"GLM","NYC","DTF_Sask_2017_b",19.2034056874752,16.5369303122143,"Significant",-2.67556474993192
"Lcu.1GRN.Chr5p404677875",5,404677875,6.27146449231341e-20,0.33695652173913,NA,2.90566624915425e-17,"GLM","NYC","DTF_Sask_2017_b",19.2026310322691,16.5367542711374,"Significant",-2.81795192073561
"Lcu.1GRN.Chr6p329046031",6,329046031,6.28425481433668e-20,0.304347826086957,NA,2.9075872615323e-17,"GLM","NYC","DTF_Sask_2017_b",19.2017462134766,16.5364672425038,"Significant",-2.83591714149854
"Lcu.1GRN.Chr3p238570209",3,238570209,6.32872185664652e-20,0.493788819875776,NA,2.92413899004756e-17,"GLM","NYC","DTF_Sask_2017_b",19.1986839908759,16.5340019883571,"Significant",2.6409136346014
"Lcu.1GRN.Chr1p446418552",1,446418552,6.35210922012404e-20,0.273291925465838,NA,2.93091896028184e-17,"GLM","NYC","DTF_Sask_2017_b",19.1970820431236,16.5329961896097,"Significant",2.83508896036689
"Lcu.1GRN.Chr6p21969339",6,21969339,6.36449029884383e-20,0.31832298136646,NA,2.93260891554959e-17,"GLM","NYC","DTF_Sask_2017_b",19.1962363711561,16.5327458494447,"Significant",-2.85285272935261
"Lcu.1GRN.Chr3p332449975",3,332449975,6.43097348487735e-20,0.386645962732919,NA,2.95918913568774e-17,"GLM","NYC","DTF_Sask_2017_b",19.1917232810245,16.5288272761505,"Significant",-2.6990383152186
"Lcu.1GRN.Chr1p367989648",1,367989648,6.46302790078473e-20,0.367741935483871,NA,8.9096283028822e-17,"GLM","NYC","Cotyledon_Color_RvsY",19.1895639692312,16.050140413738,"Significant",-0.372091180342989
"Lcu.1GRN.Chr4p181478788",4,181478788,6.52314385665543e-20,0.397515527950311,NA,2.99750045031642e-17,"GLM","NYC","DTF_Sask_2017_b",19.1855430437583,16.5232407429848,"Significant",2.82717160938176
"Lcu.1GRN.Chr2p135434034",2,135434034,6.56574093691126e-20,0.267080745341615,NA,3.01295850167262e-17,"GLM","NYC","DTF_Sask_2017_b",19.1827162571366,16.5210068499459,"Significant",-2.88772916778936
"Lcu.1GRN.Chr1p367885988",1,367885988,6.6007577538207e-20,0.348387096774194,NA,9.06235544236493e-17,"GLM","NYC","Cotyledon_Color_RvsY",19.1804062054562,16.0427589079888,"Significant",-0.361607907891548
"Lcu.1GRN.Chr4p418175608",4,418175608,6.60987259127827e-20,0.343167701863354,NA,3.02568289184204e-17,"GLM","NYC","DTF_Sask_2017_b",19.179806911685,16.5191765903709,"Significant",-2.8167528630878
"Lcu.1GRN.Chr4p440027109",4,440027109,6.61145988014251e-20,0.346273291925466,NA,3.02568289184204e-17,"GLM","NYC","DTF_Sask_2017_b",19.1797026331186,16.5191765903709,"Significant",-2.83882857720224
"Lcu.1GRN.Chr3p240805568",3,240805568,6.6616055975444e-20,0.46583850931677,NA,3.04448952449622e-17,"GLM","NYC","DTF_Sask_2017_b",19.1764210834252,16.5164855159308,"Significant",2.61072590007334
"Lcu.1GRN.Chr1p356304338",1,356304338,6.66214072220987e-20,0.458064516129032,NA,9.08745842356486e-17,"GLM","NYC","Cotyledon_Color_RvsY",19.1763861980883,16.0415575630884,"Significant",-0.289061264845918
"Lcu.1GRN.Chr1p368421673",1,368421673,6.6730750359593e-20,0.358064516129032,NA,9.08745842356486e-17,"GLM","NYC","Cotyledon_Color_RvsY",19.1756739916606,16.0415575630884,"Significant",-0.380746928659603
"Lcu.1GRN.Chr6p21967877",6,21967877,6.69062511312351e-20,0.296583850931677,NA,3.05360311726732e-17,"GLM","NYC","DTF_Sask_2017_b",19.1745333036825,16.5151874097097,"Significant",-2.8078265109573
"Lcu.1GRN.Chr4p486717142",4,486717142,6.73291518418981e-20,0.256211180124224,NA,3.06874049019021e-17,"GLM","NYC","DTF_Sask_2017_b",19.1717968563876,16.5130398363788,"Significant",-3.1586038009933
"Lcu.1GRN.Chr4p385251380",4,385251380,6.76810859766915e-20,0.327639751552795,NA,3.07885870725271e-17,"GLM","NYC","DTF_Sask_2017_b",19.1695326814421,16.5116102409664,"Significant",-2.71442253454693
"Lcu.1GRN.Chr2p113455513",2,113455513,6.77342142174175e-20,0.335403726708075,NA,3.07885870725271e-17,"GLM","NYC","DTF_Sask_2017_b",19.1691919030673,16.5116102409664,"Significant",2.74596703004511
"Lcu.1GRN.Chr1p444454650",1,444454650,6.80681845930631e-20,0.271739130434783,NA,3.08569960202356e-17,"GLM","NYC","DTF_Sask_2017_b",19.1670558320563,16.5106463555035,"Significant",2.82998353091713
"Lcu.1GRN.Chr1p444457691",1,444457691,6.80681845930631e-20,0.271739130434783,NA,3.08569960202356e-17,"GLM","NYC","DTF_Sask_2017_b",19.1670558320563,16.5106463555035,"Significant",2.82998353091713
"Lcu.1GRN.Chr5p408824212",5,408824212,6.88033805700309e-20,0.380434782608696,NA,3.11482997472404e-17,"GLM","NYC","DTF_Sask_2017_b",19.1623902227116,16.5065656546403,"Significant",-2.67773596503562
"Lcu.1GRN.Chr3p351918425",3,351918425,6.93583705972964e-20,0.352484472049689,NA,3.13573481756731e-17,"GLM","NYC","DTF_Sask_2017_b",19.1589011180825,16.5036606717965,"Significant",-2.82824373227857
"Lcu.1GRN.Chr1p363891780",1,363891780,7.03429475851633e-20,0.119354838709677,NA,9.54074445579783e-17,"GLM","NYC","Cotyledon_Color_RvsY",19.1527794373675,16.0204177363619,"Significant",-0.426008339666959
"Lcu.1GRN.Chr2p132573558",2,132573558,7.04438873474307e-20,0.277950310559006,NA,3.18053678595882e-17,"GLM","NYC","DTF_Sask_2017_b",19.1521566861097,16.4974995770261,"Significant",-2.87947293253858
"Lcu.1GRN.Chr2p134728151",2,134728151,7.13570540716657e-20,0.273291925465838,NA,3.21744748082091e-17,"GLM","NYC","DTF_Sask_2017_b",19.1465630878196,16.4924885334604,"Significant",-2.8845713230165
"Lcu.1GRN.Chr1p367559138",1,367559138,7.17418618605261e-20,0.387096774193548,NA,4.01974673434022e-16,"MLM","NYC","Cotyledon_Color_RvsY",19.1442273566082,15.3958013089413,"Significant",-0.304744222821865
"Lcu.1GRN.Chr1p498741727",1,498741727,7.17823521925847e-20,0.0951612903225807,NA,9.69687327709363e-17,"GLM","NYC","Cotyledon_Color_RvsY",19.1439823146358,16.0133682798997,"Significant",-0.651275994584152
"Lcu.1GRN.Chr1p434743687",1,434743687,7.19181889848453e-20,0.493788819875776,NA,3.23840769401144e-17,"GLM","NYC","DTF_Sask_2017_b",19.1431612573676,16.4896684773511,"Significant",-2.54779177093689
"Lcu.1GRN.Chr1p368780332",1,368780332,7.24323147888253e-20,0.32741935483871,NA,9.74553617142911e-17,"GLM","NYC","Cotyledon_Color_RvsY",19.140067635413,16.0111942622531,"Significant",-0.372269997373369
"Lcu.1GRN.Chr1p369005240",1,369005240,7.28979212570654e-20,0.366129032258064,NA,4.01974673434022e-16,"MLM","NYC","Cotyledon_Color_RvsY",19.1372848557624,15.3958013089413,"Significant",-0.328132427551511
"Lcu.1GRN.Chr4p105852774",4,105852774,7.34107957830713e-20,0.487577639751553,NA,3.30119908357812e-17,"GLM","NYC","DTF_Sask_2017_b",19.1342400680914,16.481328284124,"Significant",2.54706270892673
"Lcu.1GRN.Chr1p368656472",1,368656472,7.34130792804956e-20,0.466129032258065,NA,9.83814232603286e-17,"GLM","NYC","Cotyledon_Color_RvsY",19.1342265592485,16.0070868988977,"Significant",-0.342924162086928
"Lcu.1GRN.Chr3p226124307",3,226124307,7.42525486787431e-20,0.423913043478261,NA,3.33459373049703e-17,"GLM","NYC","DTF_Sask_2017_b",19.1292886348307,16.4769570706983,"Significant",2.60215639417888
"Lcu.1GRN.Chr2p411914437",2,411914437,7.47798557668293e-20,0.333850931677019,NA,3.34984572717874e-17,"GLM","NYC","DTF_Sask_2017_b",19.1262153768353,16.4749751933744,"Significant",-2.89368399802026
"Lcu.1GRN.Chr6p21969239",6,21969239,7.47913481736089e-20,0.295031055900621,NA,3.34984572717874e-17,"GLM","NYC","DTF_Sask_2017_b",19.1261486382021,16.4749751933744,"Significant",-2.83251080276717
"Lcu.1GRN.Chr2p231381515",2,231381515,7.49404308750409e-20,0.285714285714286,NA,3.35205956278523e-17,"GLM","NYC","DTF_Sask_2017_b",19.1252838142297,16.4746882729895,"Significant",-2.7997143793577
"Lcu.1GRN.Chr1p363517540",1,363517540,7.53170821164559e-20,0.12258064516129,NA,1.00532464128039e-16,"GLM","NYC","Cotyledon_Color_RvsY",19.1231065134731,15.9976936724227,"Significant",-0.454167450337816
"Lcu.1GRN.Chr1p446625469",1,446625469,7.65767807299761e-20,0.248447204968944,NA,3.4207041173705e-17,"GLM","NYC","DTF_Sask_2017_b",19.1159028952434,16.4658844896122,"Significant",2.90664669431669
"Lcu.1GRN.Chr3p40561521",3,40561521,7.68741942561999e-20,0.440993788819876,NA,3.42943529169432e-17,"GLM","NYC","DTF_Sask_2017_b",19.1142194231765,16.4647773872144,"Significant",-2.57981765571424
"Lcu.1GRN.Chr1p356473128",1,356473128,7.7080479130374e-20,0.480645161290323,NA,1.02479563334571e-16,"GLM","NYC","Cotyledon_Color_RvsY",19.1130555944443,15.9893627337883,"Significant",-0.285078952530176
"Lcu.1GRN.Chr6p379438941",6,379438941,7.73875359179066e-20,0.218944099378882,NA,3.44776335021172e-17,"GLM","NYC","DTF_Sask_2017_b",19.1113289814097,16.462462551207,"Significant",-3.147249568551
"Lcu.1GRN.Chr2p415393067",2,415393067,7.83921644180587e-20,0.183229813664596,NA,3.48790174190597e-17,"GLM","NYC","DTF_Sask_2017_b",19.1057273444592,16.4574357581286,"Significant",-3.30122192221503
"Lcu.1GRN.Chr5p404775625",5,404775625,7.91159902901318e-20,0.349378881987578,NA,3.51545684358266e-17,"GLM","NYC","DTF_Sask_2017_b",19.1017357315094,16.4540182291776,"Significant",-2.8323146393126
"Lcu.1GRN.Chr1p368732532",1,368732532,7.96775178638879e-20,0.385483870967742,NA,1.05515305713868e-16,"GLM","NYC","Cotyledon_Color_RvsY",19.0986642036357,15.9766845384237,"Significant",-0.365099018627513
"Lcu.1GRN.Chr3p240449085",3,240449085,8.1405676463803e-20,0.490683229813665,NA,3.61242522098945e-17,"GLM","NYC","DTF_Sask_2017_b",19.0893453104554,16.4422011342555,"Significant",-2.78726626542343
"Lcu.1GRN.Chr1p365214707",1,365214707,8.20230223213794e-20,0.345161290322581,NA,4.44997386277023e-16,"MLM","NYC","Cotyledon_Color_RvsY",19.0860642322039,15.3516425398703,"Significant",-0.351562520847881
"Lcu.1GRN.Chr2p580289013",2,580289013,8.26500398633556e-20,0.256211180124224,NA,3.65799288930491e-17,"GLM","NYC","DTF_Sask_2017_b",19.0827569326257,16.4367571430746,"Significant",-2.94101217704097
"Lcu.1GRN.Chr2p580289014",2,580289014,8.26500398633556e-20,0.256211180124224,NA,3.65799288930491e-17,"GLM","NYC","DTF_Sask_2017_b",19.0827569326257,16.4367571430746,"Significant",-2.94101217704097
"Lcu.1GRN.Chr5p2543117",5,2543117,8.34153799621692e-20,0.293478260869565,NA,3.68701460075361e-17,"GLM","NYC","DTF_Sask_2017_b",19.0787538676249,16.4333251425636,"Significant",2.74707474767412
"Lcu.1GRN.Chr2p135475314",2,135475314,8.35732399053722e-20,0.263975155279503,NA,3.68914435528219e-17,"GLM","NYC","DTF_Sask_2017_b",19.0779327611001,16.4330743506079,"Significant",-2.87779852956493
"Lcu.1GRN.Chr2p400420697",2,400420697,8.40657678370363e-20,0.301242236024845,NA,3.70602229751512e-17,"GLM","NYC","DTF_Sask_2017_b",19.0753808159263,16.4310919720493,"Significant",-2.7645012439821
"Lcu.1GRN.Chr4p419285993",4,419285993,8.44326065771519e-20,0.31832298136646,NA,3.71589760123319e-17,"GLM","NYC","DTF_Sask_2017_b",19.0734898031157,16.4299362623404,"Significant",-2.90716045881754
"Lcu.1GRN.Chr4p439621597",4,439621597,8.4529582622972e-20,0.346273291925466,NA,3.71589760123319e-17,"GLM","NYC","DTF_Sask_2017_b",19.0729912754108,16.4299362623404,"Significant",-2.7912194882892
"Lcu.1GRN.Chr2p135306628",2,135306628,8.46211894313242e-20,0.268633540372671,NA,3.71589760123319e-17,"GLM","NYC","DTF_Sask_2017_b",19.0725208745397,16.4299362623404,"Significant",-2.89900524264857
"Lcu.1GRN.Chr3p224721082",3,224721082,8.48115670446948e-20,0.447204968944099,NA,3.71940187381002e-17,"GLM","NYC","DTF_Sask_2017_b",19.0715449123529,16.42952689447,"Significant",2.61456410047791
"Lcu.1GRN.Chr2p553289221",2,553289221,8.50671197897773e-20,0.243788819875776,NA,3.72455466514663e-17,"GLM","NYC","DTF_Sask_2017_b",19.070238271328,16.4289256472194,"Significant",-3.09050922420472
"Lcu.1GRN.Chr4p181435211",4,181435211,8.51505212312077e-20,0.436335403726708,NA,3.72455466514663e-17,"GLM","NYC","DTF_Sask_2017_b",19.0698126892499,16.4289256472194,"Significant",2.63522179585689
"Lcu.1GRN.Chr1p367484107",1,367484107,8.579316572881e-20,0.356451612903226,NA,4.55052705558741e-16,"MLM","NYC","Cotyledon_Color_RvsY",19.0665473066091,15.3419382991501,"Significant",-0.324879736963375
"Lcu.1GRN.Chr3p344051005",3,344051005,8.58181111996323e-20,0.467391304347826,NA,3.74401823733939e-17,"GLM","NYC","DTF_Sask_2017_b",19.066421048235,16.4266620444541,"Significant",-2.52507994702154
"Lcu.1GRN.Chr3p344137927",3,344137927,8.58181111996323e-20,0.467391304347826,NA,3.74401823733939e-17,"GLM","NYC","DTF_Sask_2017_b",19.066421048235,16.4266620444541,"Significant",-2.52507994702154
"Lcu.1GRN.Chr2p416352828",2,416352828,8.63106854369132e-20,0.291925465838509,NA,3.76063035341427e-17,"GLM","NYC","DTF_Sask_2017_b",19.0639354344236,16.4247393529275,"Significant",-2.86460414344619
"Lcu.1GRN.Chr4p440265819",4,440265819,8.65040189249812e-20,0.349378881987578,NA,3.76417818030261e-17,"GLM","NYC","DTF_Sask_2017_b",19.0629637150046,16.424329827091,"Significant",-2.88939141021631
"Lcu.1GRN.Chr1p368780968",1,368780968,8.65821354525249e-20,0.364516129032258,NA,4.55052705558741e-16,"MLM","NYC","Cotyledon_Color_RvsY",19.0625717069981,15.3419382991501,"Significant",-0.350685183757626
"Lcu.1GRN.Chr4p488467974",4,488467974,8.76491173797993e-20,0.299689440993789,NA,3.80907889737609e-17,"GLM","NYC","DTF_Sask_2017_b",19.0572524528618,16.4191800317129,"Significant",-3.13053665551823
"Lcu.1GRN.Chr2p135303797",2,135303797,9.01454181121188e-20,0.265527950310559,NA,3.91027272925389e-17,"GLM","NYC","DTF_Sask_2017_b",19.0450563425877,16.4077929508703,"Significant",-2.87374787508448
"Lcu.1GRN.Chr1p434757288",1,434757288,9.02101465928887e-20,0.495341614906832,NA,3.91027272925389e-17,"GLM","NYC","DTF_Sask_2017_b",19.044744611444,16.4077929508703,"Significant",-2.53704565825273
"Lcu.1GRN.Chr2p133090978",2,133090978,9.08247746519639e-20,0.288819875776398,NA,3.93184774457621e-17,"GLM","NYC","DTF_Sask_2017_b",19.0417956710048,16.4054033079738,"Significant",-2.87816423973236
"Lcu.1GRN.Chr2p15034271",2,15034271,9.21468831207491e-20,0.437888198757764,NA,3.98395509443149e-17,"GLM","NYC","DTF_Sask_2017_b",19.0355193502588,16.3996855654166,"Significant",-2.6118478608915
"Lcu.1GRN.Chr2p118053963",2,118053963,9.22976857021182e-20,0.15527950310559,NA,3.98535245783882e-17,"GLM","NYC","DTF_Sask_2017_b",19.0348091884584,16.3995332642991,"Significant",-3.5307853755817
"Lcu.1GRN.Chr4p384133460",4,384133460,9.32088106170669e-20,0.363354037267081,NA,4.01953435908089e-17,"GLM","NYC","DTF_Sask_2017_b",19.030543033767,16.3958242546256,"Significant",-2.64970519866054
"Lcu.1GRN.Chr3p224720129",3,224720129,9.33285924269278e-20,0.444099378881988,NA,4.01954656195498e-17,"GLM","NYC","DTF_Sask_2017_b",19.0299852841109,16.3958229361563,"Significant",2.61481296329671
"Lcu.1GRN.Chr1p446496337",1,446496337,9.4073900771911e-20,0.263975155279503,NA,4.04646493362473e-17,"GLM","NYC","DTF_Sask_2017_b",19.026530847592,16.39292421882,"Significant",3.01710240994609
"Lcu.1GRN.Chr2p119362364",2,119362364,9.55842390911096e-20,0.37888198757764,NA,4.10617927846223e-17,"GLM","NYC","DTF_Sask_2017_b",19.0196137127454,16.3865620929715,"Significant",-2.64420285830965
"Lcu.1GRN.Chr1p361792419",1,361792419,9.60868650802009e-20,0.209677419354839,NA,1.26746864887968e-16,"GLM","NYC","Cotyledon_Color_RvsY",19.0173359756308,15.8970627742329,"Significant",-0.334264384836328
"Lcu.1GRN.Chr1p508808563",1,508808563,9.65719747549303e-20,0.37111801242236,NA,4.14331957045812e-17,"GLM","NYC","DTF_Sask_2017_b",19.0151488878201,16.3826515686727,"Significant",-2.68299048623439
"Lcu.1GRN.Chr5p296132640",5,296132640,9.71618187354162e-20,0.31055900621118,NA,4.16331585765296e-17,"GLM","NYC","DTF_Sask_2017_b",19.0125043643963,16.3805606393097,"Significant",-2.97671010613011
"Lcu.1GRN.Chr4p488678505",4,488678505,9.73220024786448e-20,0.287267080745342,NA,4.16487404678553e-17,"GLM","NYC","DTF_Sask_2017_b",19.0117889636903,16.3803981278978,"Significant",-3.14343976380987
"Lcu.1GRN.Chr3p239676281",3,239676281,9.79077421924723e-20,0.425465838509317,NA,4.1846167113158e-17,"GLM","NYC","DTF_Sask_2017_b",19.0091829643917,16.3783443149189,"Significant",2.677302729516
"Lcu.1GRN.Chr2p133395781",2,133395781,9.83791788445641e-20,0.270186335403727,NA,4.19943010791999e-17,"GLM","NYC","DTF_Sask_2017_b",19.0070968067489,16.3768096424065,"Significant",-2.8942431925167
"Lcu.1GRN.Chr4p440493727",4,440493727,9.92522042444526e-20,0.338509316770186,NA,4.23132651268616e-17,"GLM","NYC","DTF_Sask_2017_b",19.0032598394205,16.3735234607981,"Significant",-2.83991578441449
"Lcu.1GRN.Chr4p1646133",4,1646133,9.94716880548534e-20,0.326086956521739,NA,4.23531560708188e-17,"GLM","NYC","DTF_Sask_2017_b",19.0023005119297,16.3731142213883,"Significant",-2.71866261891937
"Lcu.1GRN.Chr5p432206765",5,432206765,9.96627216909252e-20,0.305900621118012,NA,4.23808479228969e-17,"GLM","NYC","DTF_Sask_2017_b",19.0014672568478,16.3728303585136,"Significant",-2.86233074591568
"Lcu.1GRN.Chr2p565787949",2,565787949,1.00137612449148e-19,0.243788819875776,NA,4.25290256144984e-17,"GLM","NYC","DTF_Sask_2017_b",18.9994027675658,16.3713145673235,"Significant",-3.3014580510754
"Lcu.1GRN.Chr2p416086614",2,416086614,1.0064644077138e-19,0.287267080745342,NA,4.26632720583832e-17,"GLM","NYC","DTF_Sask_2017_b",18.9972015787553,16.3699458394068,"Significant",-2.85860983405426
"Lcu.1GRN.Chr3p329302022",3,329302022,1.00807577497266e-19,0.380434782608696,NA,4.26632720583832e-17,"GLM","NYC","DTF_Sask_2017_b",18.9965068216448,16.3699458394068,"Significant",-2.6458161076511
"Lcu.1GRN.Chr5p403497703",5,403497703,1.00834211698575e-19,0.301242236024845,NA,4.26632720583832e-17,"GLM","NYC","DTF_Sask_2017_b",18.9963920925823,16.3699458394068,"Significant",-2.90166624327273
"Lcu.1GRN.Chr3p344053100",3,344053100,1.01233414909361e-19,0.462732919254658,NA,4.27783669256497e-17,"GLM","NYC","DTF_Sask_2017_b",18.9946761128376,16.3687757987434,"Significant",-2.53365312265058
"Lcu.1GRN.Chr1p363891356",1,363891356,1.01402331014583e-19,0.12258064516129,NA,1.33235929204618e-16,"GLM","NYC","Cotyledon_Color_RvsY",18.9939520614215,15.8753786449014,"Significant",-0.417159574583206
"Lcu.1GRN.Chr3p351642553",3,351642553,1.01432439974316e-19,0.364906832298137,NA,4.2808689506701e-17,"GLM","NYC","DTF_Sask_2017_b",18.9938231273625,16.3684680669267,"Significant",-2.79261361654959
"Lcu.1GRN.Chr3p329227998",3,329227998,1.02256874788826e-19,0.381987577639752,NA,4.31025541379611e-17,"GLM","NYC","DTF_Sask_2017_b",18.9903074844699,16.3654969939888,"Significant",-2.64256628782134
"Lcu.1GRN.Chr4p439349490",4,439349490,1.03295572533419e-19,0.377329192546584,NA,4.34858846637653e-17,"GLM","NYC","DTF_Sask_2017_b",18.9859182928609,16.3616516903431,"Significant",-2.84385417334455
"Lcu.1GRN.Chr4p417477739",4,417477739,1.03822482823811e-19,0.346273291925466,NA,4.36387113243706e-17,"GLM","NYC","DTF_Sask_2017_b",18.9837085895605,16.3601280828541,"Significant",-2.86652112352378
"Lcu.1GRN.Chr5p394116665",5,394116665,1.03918065002871e-19,0.375776397515528,NA,4.36387113243706e-17,"GLM","NYC","DTF_Sask_2017_b",18.9833089486017,16.3601280828541,"Significant",-2.66390434574228
"Lcu.1GRN.Chr2p52995944",2,52995944,1.04823110477679e-19,0.28416149068323,NA,4.39638842918273e-17,"GLM","NYC","DTF_Sask_2017_b",18.9795429573672,16.3569039438195,"Significant",-2.96911605961049
"Lcu.1GRN.Chr1p367671439",1,367671439,1.05375854418146e-19,0.42741935483871,NA,5.45307077277976e-16,"MLM","NYC","Cotyledon_Color_RvsY",18.9772588909667,15.2633588657776,"Significant",-0.293068233239752
"Lcu.1GRN.Chr1p365384755",1,365384755,1.06181379945698e-19,0.330645161290323,NA,1.3897242112138e-16,"GLM","NYC","Cotyledon_Color_RvsY",18.973951634816,15.8570713763155,"Significant",-0.353085536831575
"Lcu.1GRN.Chr3p389298069",3,389298069,1.06520168069119e-19,0.0833333333333334,NA,2.38865795819369e-15,"GLM","NYC","DTF_Nepal_2017",18.9725681569962,14.62184603422,"Significant",11.4031686729667
"Lcu.1GRN.Chr3p389318049",3,389318049,1.06520168069119e-19,0.0833333333333334,NA,2.38865795819369e-15,"GLM","NYC","DTF_Nepal_2017",18.9725681569962,14.62184603422,"Significant",11.4031686729667
"Lcu.1GRN.Chr3p389319560",3,389319560,1.06520168069119e-19,0.0833333333333334,NA,2.38865795819369e-15,"GLM","NYC","DTF_Nepal_2017",18.9725681569962,14.62184603422,"Significant",11.4031686729667
"Lcu.1GRN.Chr1p219324082",1,219324082,1.06686053819445e-19,0.337096774193548,NA,1.39091735911183e-16,"GLM","NYC","Cotyledon_Color_RvsY",18.971892348571,15.8566986727023,"Significant",0.320459567658074
"Lcu.1GRN.Chr5p38556576",5,38556576,1.06788463959578e-19,0.296583850931677,NA,4.46997630876744e-17,"GLM","NYC","DTF_Sask_2017_b",18.9714756603159,16.3496947786575,"Significant",-2.9099775215538
"Lcu.1GRN.Chr3p225414728",3,225414728,1.06976336220788e-19,0.454968944099379,NA,4.46997630876744e-17,"GLM","NYC","DTF_Sask_2017_b",18.9707122801215,16.3496947786575,"Significant",2.61808017434239
"Lcu.1GRN.Chr3p225414729",3,225414729,1.06976336220788e-19,0.454968944099379,NA,4.46997630876744e-17,"GLM","NYC","DTF_Sask_2017_b",18.9707122801215,16.3496947786575,"Significant",2.61808017434239
"Lcu.1GRN.Chr2p578333339",2,578333339,1.08351491329918e-19,0.422360248447205,NA,4.52181961342068e-17,"GLM","NYC","DTF_Sask_2017_b",18.965165106754,16.3446867667272,"Significant",-2.56214756217211
"Lcu.1GRN.Chr5p389132967",5,389132967,1.09545289042458e-19,0.316770186335404,NA,4.56597524651108e-17,"GLM","NYC","DTF_Sask_2017_b",18.9604062943868,16.340466447277,"Significant",-2.85404354551417
"Lcu.1GRN.Chr2p109954589",2,109954589,1.10788229034143e-19,0.27639751552795,NA,4.61206735588213e-17,"GLM","NYC","DTF_Sask_2017_b",18.9555063798339,16.3361043587767,"Significant",2.90954717683564
"Lcu.1GRN.Chr5p180524394",5,180524394,1.11701506244354e-19,0.296583850931677,NA,4.64433875783617e-17,"GLM","NYC","DTF_Sask_2017_b",18.95194097058,16.3330761103604,"Significant",-2.83849909660658
"Lcu.1GRN.Chr3p329166446",3,329166446,1.12651982168484e-19,0.383540372670807,NA,4.67807522050203e-17,"GLM","NYC","DTF_Sask_2017_b",18.9482611622423,16.3299327992891,"Significant",-2.63783710860127
"Lcu.1GRN.Chr5p389826325",5,389826325,1.14068427103953e-19,0.298136645962733,NA,4.72553682195817e-17,"GLM","NYC","DTF_Sask_2017_b",18.9428345469228,16.3255488484095,"Significant",-2.88813181350788
"Lcu.1GRN.Chr4p487014585",4,487014585,1.14075872467574e-19,0.248447204968944,NA,4.72553682195817e-17,"GLM","NYC","DTF_Sask_2017_b",18.9428062010001,16.3255488484095,"Significant",-3.08522422789545
"Lcu.1GRN.Chr6p276826232",6,276826232,1.14444355106077e-19,0.248447204968944,NA,4.73496979015569e-17,"GLM","NYC","DTF_Sask_2017_b",18.9414056237561,16.3246827875183,"Significant",-3.09594500672591
"Lcu.1GRN.Chr2p135306639",2,135306639,1.14871381071121e-19,0.268633540372671,NA,4.74679875144346e-17,"GLM","NYC","DTF_Sask_2017_b",18.9397881574827,16.32359918054,"Significant",-2.86776184453716
"Lcu.1GRN.Chr1p446847783",1,446847783,1.15595629692761e-19,0.253105590062112,NA,4.77086566538219e-17,"GLM","NYC","DTF_Sask_2017_b",18.9370585849137,16.3214028118218,"Significant",2.86499917352526
"Lcu.1GRN.Chr2p412147888",2,412147888,1.16130333698103e-19,0.279503105590062,NA,4.78706028860661e-17,"GLM","NYC","DTF_Sask_2017_b",18.9350543260234,16.3199311029454,"Significant",-2.91796156078834
"Lcu.1GRN.Chr3p238331772",3,238331772,1.1767469397055e-19,0.496894409937888,NA,4.84478381723282e-17,"GLM","NYC","DTF_Sask_2017_b",18.9293169224633,16.3147255971638,"Significant",-2.60737592229483
"Lcu.1GRN.Chr2p98544801",2,98544801,1.19351713860461e-19,0.434782608695652,NA,4.90547119693112e-17,"GLM","NYC","DTF_Sask_2017_b",18.9231713402534,16.3093192699561,"Significant",-2.59008946125545
"Lcu.1GRN.Chr6p278149898",6,278149898,1.19576655649218e-19,0.21583850931677,NA,4.90547119693112e-17,"GLM","NYC","DTF_Sask_2017_b",18.9223535972062,16.3093192699561,"Significant",-3.74411184777708
"Lcu.1GRN.Chr4p419286001",4,419286001,1.19586237100652e-19,0.316770186335404,NA,4.90547119693112e-17,"GLM","NYC","DTF_Sask_2017_b",18.9223187994043,16.3093192699561,"Significant",-2.89091945663689
"Lcu.1GRN.Chr5p422298084",5,422298084,1.19788184180609e-19,0.343167701863354,NA,4.90603893534095e-17,"GLM","NYC","DTF_Sask_2017_b",18.921586018326,16.309269009465,"Significant",-2.77578251051051
"Lcu.1GRN.Chr2p133404771",2,133404771,1.19891785010131e-19,0.265527950310559,NA,4.90603893534095e-17,"GLM","NYC","DTF_Sask_2017_b",18.9212105737568,16.309269009465,"Significant",-2.87380427031268
"Lcu.1GRN.Chr3p238331623",3,238331623,1.20513217437444e-19,0.492236024844721,NA,4.91988797663084e-17,"GLM","NYC","DTF_Sask_2017_b",18.9189653186879,16.3080447857865,"Significant",-2.59140199014728
"Lcu.1GRN.Chr4p105706221",4,105706221,1.20522753205392e-19,0.489130434782609,NA,4.91988797663084e-17,"GLM","NYC","DTF_Sask_2017_b",18.9189309559213,16.3080447857865,"Significant",2.53340716803065
"Lcu.1GRN.Chr1p445788126",1,445788126,1.20735563674989e-19,0.25,NA,4.9226011329291e-17,"GLM","NYC","DTF_Sask_2017_b",18.9181647859686,16.3078053526867,"Significant",2.88747713317309
"Lcu.1GRN.Chr3p348544055",3,348544055,1.2222760862092e-19,0.319875776397516,NA,4.97403642388813e-17,"GLM","NYC","DTF_Sask_2017_b",18.9128306851128,16.3032910388016,"Significant",-2.92753803443226
"Lcu.1GRN.Chr2p415397910",2,415397910,1.22292856390653e-19,0.186335403726708,NA,4.97403642388813e-17,"GLM","NYC","DTF_Sask_2017_b",18.9125989110809,16.3032910388016,"Significant",-3.28144715159752
"Lcu.1GRN.Chr1p361179553",1,361179553,1.22636775262276e-19,0.198387096774194,NA,1.59270131987051e-16,"GLM","NYC","Cotyledon_Color_RvsY",18.9113792777901,15.7978656600395,"Significant",-0.338944949044533
"Lcu.1GRN.Chr6p273190897",6,273190897,1.23313181070029e-19,0.228260869565217,NA,5.00947883779983e-17,"GLM","NYC","DTF_Sask_2017_b",18.9089904987488,16.3002074537018,"Significant",-3.07572402984817
"Lcu.1GRN.Chr2p415400207",2,415400207,1.23685404538253e-19,0.200310559006211,NA,5.01853901909755e-17,"GLM","NYC","DTF_Sask_2017_b",18.9076815461468,16.2994226948652,"Significant",-3.40092483470883
"Lcu.1GRN.Chr5p422326483",5,422326483,1.24087278886362e-19,0.322981366459627,NA,5.02290957974492e-17,"GLM","NYC","DTF_Sask_2017_b",18.9062727389899,16.2990446397523,"Significant",-2.85746290442523
"Lcu.1GRN.Chr4p488683293",4,488683293,1.24091776564527e-19,0.293478260869565,NA,5.02290957974492e-17,"GLM","NYC","DTF_Sask_2017_b",18.9062569978001,16.2990446397523,"Significant",-3.08157351806983
"Lcu.1GRN.Chr1p437357187",1,437357187,1.25267324276461e-19,0.285714285714286,NA,5.06439832510822e-17,"GLM","NYC","DTF_Sask_2017_b",18.9021621990545,16.2954721435134,"Significant",2.81269868295433
"Lcu.1GRN.Chr1p362772741",1,362772741,1.26560464487056e-19,0.148387096774194,NA,1.63733706761991e-16,"GLM","NYC","Cotyledon_Color_RvsY",18.8977019399479,15.7858619060868,"Significant",-0.408247144019558
"Lcu.1GRN.Chr1p437609086",1,437609086,1.27292272599745e-19,0.347826086956522,NA,5.14008641747402e-17,"GLM","NYC","DTF_Sask_2017_b",18.8951979598118,16.2890295793867,"Significant",2.72746610801103
"Lcu.1GRN.Chr1p367578126",1,367578126,1.28208105679304e-19,0.364516129032258,NA,6.53408725500461e-16,"MLM","NYC","Cotyledon_Color_RvsY",18.8920845166229,15.1848150703329,"Significant",-0.338713570268772
"Lcu.1GRN.Chr2p133091006",2,133091006,1.28714239040372e-19,0.28416149068323,NA,5.19127367425574e-17,"GLM","NYC","DTF_Sask_2017_b",18.8903734065175,16.2847260753234,"Significant",-2.86900248463357
"Lcu.1GRN.Chr2p580441409",2,580441409,1.2974040014528e-19,0.253105590062112,NA,5.22639391325356e-17,"GLM","NYC","DTF_Sask_2017_b",18.8869247669529,16.2817978606046,"Significant",-2.95037672135801
"Lcu.1GRN.Chr4p429808510",4,429808510,1.29907271132263e-19,0.184782608695652,NA,5.22685634796003e-17,"GLM","NYC","DTF_Sask_2017_b",18.8863665400413,16.2817594356485,"Significant",-3.25579296839354
"Lcu.1GRN.Chr1p365387366",1,365387366,1.30232743790114e-19,0.345161290322581,NA,1.67839070231606e-16,"GLM","NYC","Cotyledon_Color_RvsY",18.8852798094735,15.7751069349799,"Significant",-0.373151578412419
"Lcu.1GRN.Chr1p367811130",1,367811130,1.31531380553619e-19,0.345161290322581,NA,1.68865709475875e-16,"GLM","NYC","Cotyledon_Color_RvsY",18.8809706215056,15.7724585309935,"Significant",-0.361717509529349
"Lcu.1GRN.Chr4p105852747",4,105852747,1.31690359246495e-19,0.486024844720497,NA,5.28218412080261e-17,"GLM","NYC","DTF_Sask_2017_b",18.8804460175918,16.2771864646863,"Significant",2.52180897486758
"Lcu.1GRN.Chr3p346520875",3,346520875,1.31841399819873e-19,0.399068322981366,NA,5.28218412080261e-17,"GLM","NYC","DTF_Sask_2017_b",18.8799481945212,16.2771864646863,"Significant",-2.76047463417271
"Lcu.1GRN.Chr5p404118821",5,404118821,1.31843781884534e-19,0.340062111801242,NA,5.28218412080261e-17,"GLM","NYC","DTF_Sask_2017_b",18.8799403479101,16.2771864646863,"Significant",-2.87257186368329
"Lcu.1GRN.Chr1p589318132",1,589318132,1.32055063596387e-19,0.322981366459627,NA,5.28218412080261e-17,"GLM","NYC","DTF_Sask_2017_b",18.8792449412968,16.2771864646863,"Significant",-3.22995676012927
"Lcu.1GRN.Chr2p98402204",2,98402204,1.32067558517779e-19,0.408385093167702,NA,5.28218412080261e-17,"GLM","NYC","DTF_Sask_2017_b",18.8792038507202,16.2771864646863,"Significant",-2.66947534741344
"Lcu.1GRN.Chr1p367422375",1,367422375,1.32198033587558e-19,0.382258064516129,NA,6.63687402443974e-16,"MLM","NYC","Cotyledon_Color_RvsY",18.8787750048233,15.1780364256923,"Significant",-0.348445135646762
"Lcu.1GRN.Chr5p410176619",5,410176619,1.32350343923667e-19,0.363354037267081,NA,5.28720761693254e-17,"GLM","NYC","DTF_Sask_2017_b",18.8782749258099,16.2767736354777,"Significant",-2.68906286771875
"Lcu.1GRN.Chr2p553296556",2,553296556,1.34638699179617e-19,0.254658385093168,NA,5.37224381102613e-17,"GLM","NYC","DTF_Sask_2017_b",18.8708300929758,16.2698442857687,"Significant",-3.00921767551115
"Lcu.1GRN.Chr2p402144662",2,402144662,1.36250379220304e-19,0.304347826086957,NA,5.4301103444545e-17,"GLM","NYC","DTF_Sask_2017_b",18.8656622802949,16.2651913450887,"Significant",-2.86372327967641
"Lcu.1GRN.Chr4p422335338",4,422335338,1.36733714511825e-19,0.340062111801242,NA,5.44292418333715e-17,"GLM","NYC","DTF_Sask_2017_b",18.8641243879841,16.2641677151019,"Significant",-2.78182538018594
"Lcu.1GRN.Chr2p133089065",2,133089065,1.36925791694338e-19,0.262422360248447,NA,5.44335443987512e-17,"GLM","NYC","DTF_Sask_2017_b",18.8635147393348,16.2641333860081,"Significant",-2.86683300805498
"Lcu.1GRN.Chr2p133090422",2,133090422,1.3706817882177e-19,0.274844720496894,NA,5.44335443987512e-17,"GLM","NYC","DTF_Sask_2017_b",18.8630633575092,16.2641333860081,"Significant",-2.86391167486859
"Lcu.1GRN.Chr3p347415976",3,347415976,1.38901600411007e-19,0.360248447204969,NA,5.50317015611889e-17,"GLM","NYC","DTF_Sask_2017_b",18.8572927503339,16.259387058746,"Significant",-2.68149719297021
"Lcu.1GRN.Chr3p347416680",3,347416680,1.38901600411007e-19,0.360248447204969,NA,5.50317015611889e-17,"GLM","NYC","DTF_Sask_2017_b",18.8572927503339,16.259387058746,"Significant",-2.68149719297021
"Lcu.1GRN.Chr4p437088884",4,437088884,1.39178819043018e-19,0.374223602484472,NA,5.50766609706386e-17,"GLM","NYC","DTF_Sask_2017_b",18.8564268528911,16.2590323967735,"Significant",-2.90332551874351
"Lcu.1GRN.Chr2p553090334",2,553090334,1.39559547892351e-19,0.251552795031056,NA,5.51359960130018e-17,"GLM","NYC","DTF_Sask_2017_b",18.8552404461326,16.2585647756368,"Significant",-3.00437298606137
"Lcu.1GRN.Chr2p314230596",2,314230596,1.39656591172967e-19,0.444099378881988,NA,5.51359960130018e-17,"GLM","NYC","DTF_Sask_2017_b",18.854938562702,16.2585647756368,"Significant",-2.65490264685916
"Lcu.1GRN.Chr3p224169994",3,224169994,1.40024517215478e-19,0.462732919254658,NA,5.51599037550928e-17,"GLM","NYC","DTF_Sask_2017_b",18.8537959160419,16.2583765002676,"Significant",2.63828552408241
"Lcu.1GRN.Chr3p346519721",3,346519721,1.40045122758324e-19,0.31832298136646,NA,5.51599037550928e-17,"GLM","NYC","DTF_Sask_2017_b",18.8537320114104,16.2583765002676,"Significant",-2.98987230516795
"Lcu.1GRN.Chr1p363891728",1,363891728,1.40312333721054e-19,0.116129032258064,NA,1.79454139759505e-16,"GLM","NYC","Cotyledon_Color_RvsY",18.8529041519826,15.7460465186405,"Significant",-0.429965308277422
"Lcu.1GRN.Chr4p440493773",4,440493773,1.40588801585357e-19,0.229813664596273,NA,5.53092788571482e-17,"GLM","NYC","DTF_Sask_2017_b",18.8520492710898,16.2572020039861,"Significant",-3.09869640979076
"Lcu.1GRN.Chr5p22936408",5,22936408,1.41089082722628e-19,0.304347826086957,NA,5.54412517385074e-17,"GLM","NYC","DTF_Sask_2017_b",18.8505065900497,16.256166972895,"Significant",-2.72113795770167
"Lcu.1GRN.Chr3p354893802",3,354893802,1.41858803873567e-19,0.293478260869565,NA,5.56786701079813e-17,"GLM","NYC","DTF_Sask_2017_b",18.8481437063605,16.2543111464518,"Significant",-2.87003117036792
"Lcu.1GRN.Chr2p44640365",2,44640365,1.43197067253896e-19,0.101851851851852,NA,3.01042299506195e-15,"GLM","NYC","DTF_Nepal_2017",18.8440658765009,14.5213724773249,"Significant",11.7277012040022
"Lcu.1GRN.Chr2p400165519",2,400165519,1.44083987794212e-19,0.301242236024845,NA,5.63547659562509e-17,"GLM","NYC","DTF_Sask_2017_b",18.841384280109,16.2490693495207,"Significant",-2.74570722426624
"Lcu.1GRN.Chr2p400170750",2,400170750,1.44083987794212e-19,0.301242236024845,NA,5.63547659562509e-17,"GLM","NYC","DTF_Sask_2017_b",18.841384280109,16.2490693495207,"Significant",-2.74570722426624
"Lcu.1GRN.Chr2p400172525",2,400172525,1.44083987794212e-19,0.301242236024845,NA,5.63547659562509e-17,"GLM","NYC","DTF_Sask_2017_b",18.841384280109,16.2490693495207,"Significant",-2.74570722426624
"Lcu.1GRN.Chr2p399586236",2,399586236,1.4478278303065e-19,0.316770186335404,NA,5.65623117069345e-17,"GLM","NYC","DTF_Sask_2017_b",18.8392830795708,16.2474728491926,"Significant",-2.70397713396596
"Lcu.1GRN.Chr2p553563541",2,553563541,1.46372311618768e-19,0.267080745341615,NA,5.71169551534456e-17,"GLM","NYC","DTF_Sask_2017_b",18.8345410684173,16.2432349524102,"Significant",-3.00604460854956
"Lcu.1GRN.Chr2p104951726",2,104951726,1.4662163956143e-19,0.347826086956522,NA,5.71479502136262e-17,"GLM","NYC","DTF_Sask_2017_b",18.8338019284086,16.2429993422919,"Significant",5.52849089840873
"Lcu.1GRN.Chr1p446647170",1,446647170,1.48272336824687e-19,0.274844720496894,NA,5.77244457415621e-17,"GLM","NYC","DTF_Sask_2017_b",18.8289398677514,16.2386402283984,"Significant",2.94383890755212
"Lcu.1GRN.Chr1p368085545",1,368085545,1.48323430857248e-19,0.341935483870968,NA,1.88981467678636e-16,"GLM","NYC","Cotyledon_Color_RvsY",18.828790237453,15.7235807824909,"Significant",-0.370424981866092
"Lcu.1GRN.Chr7p648970828",7,648970828,1.49364379561767e-19,0.281055900621118,NA,5.80823679306969e-17,"GLM","NYC","DTF_Sask_2017_b",18.8257529607819,16.2359556864148,"Significant",-3.03699895734836
"Lcu.1GRN.Chr4p437385805",4,437385805,1.49902520740282e-19,0.402173913043478,NA,5.8224320085273e-17,"GLM","NYC","DTF_Sask_2017_b",18.8241910640537,16.2348955742392,"Significant",-2.97956630144279
"Lcu.1GRN.Chr2p134257921",2,134257921,1.50521897914179e-19,0.263975155279503,NA,5.8306965958033e-17,"GLM","NYC","DTF_Sask_2017_b",18.8224003143459,16.2342795567948,"Significant",-2.86353937642846
"Lcu.1GRN.Chr4p437203311",4,437203311,1.50611022892904e-19,0.347826086956522,NA,5.8306965958033e-17,"GLM","NYC","DTF_Sask_2017_b",18.8221432419044,16.2342795567948,"Significant",-2.80106129136198
"Lcu.1GRN.Chr5p395877744",5,395877744,1.50719830608807e-19,0.375776397515528,NA,5.8306965958033e-17,"GLM","NYC","DTF_Sask_2017_b",18.8218296026464,16.2342795567948,"Significant",-2.65082578560023
"Lcu.1GRN.Chr1p367969454",1,367969454,1.50892778383535e-19,0.375806451612903,NA,1.91529627118999e-16,"GLM","NYC","Cotyledon_Color_RvsY",18.8213315447389,15.7177640368438,"Significant",-0.352829595256184
"Lcu.1GRN.Chr2p644223580",2,644223580,1.50982014732262e-19,0.277950310559006,NA,5.8306965958033e-17,"GLM","NYC","DTF_Sask_2017_b",18.821074783619,16.2342795567948,"Significant",-2.93286151512461
"Lcu.1GRN.Chr2p644223581",2,644223581,1.50982014732262e-19,0.277950310559006,NA,5.8306965958033e-17,"GLM","NYC","DTF_Sask_2017_b",18.821074783619,16.2342795567948,"Significant",-2.93286151512461
"Lcu.1GRN.Chr3p224431127",3,224431127,1.51535352157572e-19,0.458074534161491,NA,5.84535456412685e-17,"GLM","NYC","DTF_Sask_2017_b",18.8194860374197,16.2331891405204,"Significant",2.58560555778184
"Lcu.1GRN.Chr3p265468643",3,265468643,1.54447415114418e-19,0.175465838509317,NA,5.95086067351561e-17,"GLM","NYC","DTF_Sask_2017_b",18.811219355805,16.2254202176787,"Significant",-3.32601600115137
"Lcu.1GRN.Chr1p445790221",1,445790221,1.54849278852013e-19,0.28416149068323,NA,5.95951800682093e-17,"GLM","NYC","DTF_Sask_2017_b",18.8100908128537,16.2247888636562,"Significant",2.78212165369231
"Lcu.1GRN.Chr1p367989646",1,367989646,1.55992995799692e-19,0.369354838709677,NA,1.96368328144414e-16,"GLM","NYC","Cotyledon_Color_RvsY",18.8068949013496,15.7069285573907,"Significant",-0.365710812920308
"Lcu.1GRN.Chr1p360343556",1,360343556,1.56063565599928e-19,0.179032258064516,NA,1.96368328144414e-16,"GLM","NYC","Cotyledon_Color_RvsY",18.8066984749376,15.7069285573907,"Significant",-0.36110526506491
"Lcu.1GRN.Chr2p140402066",2,140402066,1.56229250749786e-19,0.296583850931677,NA,5.99970088453084e-17,"GLM","NYC","DTF_Sask_2017_b",18.8062376500367,16.2218704008557,"Significant",-2.86773561421131
"Lcu.1GRN.Chr2p553914895",2,553914895,1.56250107021468e-19,0.256211180124224,NA,5.99970088453084e-17,"GLM","NYC","DTF_Sask_2017_b",18.8061796765195,16.2218704008557,"Significant",-2.96864751529488
"Lcu.1GRN.Chr1p74267869",1,74267869,1.56456227699813e-19,0.408064516129032,NA,1.96368328144414e-16,"GLM","NYC","Cotyledon_Color_RvsY",18.8056071451938,15.7069285573907,"Significant",0.350027508963308
"Lcu.1GRN.Chr5p403589362",5,403589362,1.56657373073489e-19,0.349378881987578,NA,6.00848011500689e-17,"GLM","NYC","DTF_Sask_2017_b",18.8050491602475,16.2212353717816,"Significant",-3.01127884504959
"Lcu.1GRN.Chr7p648994479",7,648994479,1.58018354206952e-19,0.440993788819876,NA,6.0537767368485e-17,"GLM","NYC","DTF_Sask_2017_b",18.8012924657807,16.2179735998549,"Significant",2.85759260031747
"Lcu.1GRN.Chr4p440025497",4,440025497,1.58556910615138e-19,0.330745341614907,NA,6.0674985611925e-17,"GLM","NYC","DTF_Sask_2017_b",18.7998148247399,16.2169903179818,"Significant",-2.81952509711007
"Lcu.1GRN.Chr1p328601768",1,328601768,1.59193272206644e-19,0.348387096774194,NA,1.99060830454767e-16,"GLM","NYC","Cotyledon_Color_RvsY",18.7980752902747,15.7010141884452,"Significant",0.319142431948061
"Lcu.1GRN.Chr2p580441449",2,580441449,1.60290765540659e-19,0.254658385093168,NA,6.12687771961532e-17,"GLM","NYC","DTF_Sask_2017_b",18.7950914969238,16.2127607872421,"Significant",-2.92631607254143
"Lcu.1GRN.Chr2p98392727",2,98392727,1.63391898357483e-19,0.433229813664596,NA,6.22419509341012e-17,"GLM","NYC","DTF_Sask_2017_b",18.7867694813769,16.2059168031225,"Significant",-2.57271811076926
"Lcu.1GRN.Chr2p98544058",2,98544058,1.63391898357483e-19,0.433229813664596,NA,6.22419509341012e-17,"GLM","NYC","DTF_Sask_2017_b",18.7867694813769,16.2059168031225,"Significant",-2.57271811076926
"Lcu.1GRN.Chr2p98545043",2,98545043,1.63391898357483e-19,0.433229813664596,NA,6.22419509341012e-17,"GLM","NYC","DTF_Sask_2017_b",18.7867694813769,16.2059168031225,"Significant",-2.57271811076926
"Lcu.1GRN.Chr1p437280693",1,437280693,1.64508842372939e-19,0.270186335403727,NA,6.25965450027809e-17,"GLM","NYC","DTF_Sask_2017_b",18.7838107536984,16.2034496368796,"Significant",2.92919958328235
"Lcu.1GRN.Chr3p329139556",3,329139556,1.67085010801251e-19,0.380434782608696,NA,6.34121330696317e-17,"GLM","NYC","DTF_Sask_2017_b",18.7770625089234,16.1978276376853,"Significant",-2.6229867738823
"Lcu.1GRN.Chr2p135647788",2,135647788,1.67087960287158e-19,0.274844720496894,NA,6.34121330696317e-17,"GLM","NYC","DTF_Sask_2017_b",18.7770548425616,16.1978276376853,"Significant",-2.86236585997671
"Lcu.1GRN.Chr5p257361090",5,257361090,1.67217836567687e-19,0.368012422360248,NA,6.34121330696317e-17,"GLM","NYC","DTF_Sask_2017_b",18.7767173996855,16.1978276376853,"Significant",-2.87360757626215
"Lcu.1GRN.Chr1p363516742",1,363516742,1.67851422598542e-19,0.111290322580645,NA,2.09109923945199e-16,"GLM","NYC","Cotyledon_Color_RvsY",18.7750749736053,15.6796253559324,"Significant",-0.456201183267926
"Lcu.1GRN.Chr5p405946276",5,405946276,1.68703773838666e-19,0.357142857142857,NA,6.37540165125602e-17,"GLM","NYC","DTF_Sask_2017_b",18.7728752023013,16.1954924494149,"Significant",-2.87742683967329
"Lcu.1GRN.Chr1p369008211",1,369008211,1.6918233298156e-19,0.316129032258065,NA,2.09990235417005e-16,"GLM","NYC","Cotyledon_Color_RvsY",18.7716449905241,15.6778008995666,"Significant",-0.395740440907663
"Lcu.1GRN.Chr3p343620153",3,343620153,1.69562617947376e-19,0.445652173913043,NA,6.37540165125602e-17,"GLM","NYC","DTF_Sask_2017_b",18.7706698868,16.1954924494149,"Significant",-2.7196968946917
"Lcu.1GRN.Chr4p439349435",4,439349435,1.69602127348297e-19,0.386645962732919,NA,6.37540165125602e-17,"GLM","NYC","DTF_Sask_2017_b",18.7705687046157,16.1954924494149,"Significant",-2.83556282131342
"Lcu.1GRN.Chr5p409834552",5,409834552,1.6982521708507e-19,0.360248447204969,NA,6.37540165125602e-17,"GLM","NYC","DTF_Sask_2017_b",18.7699978215846,16.1954924494149,"Significant",-2.68252983306412
"Lcu.1GRN.Chr5p410176757",5,410176757,1.6982521708507e-19,0.360248447204969,NA,6.37540165125602e-17,"GLM","NYC","DTF_Sask_2017_b",18.7699978215846,16.1954924494149,"Significant",-2.68252983306412
"Lcu.1GRN.Chr5p410177330",5,410177330,1.6982521708507e-19,0.360248447204969,NA,6.37540165125602e-17,"GLM","NYC","DTF_Sask_2017_b",18.7699978215846,16.1954924494149,"Significant",-2.68252983306412
"Lcu.1GRN.Chr5p410177579",5,410177579,1.6982521708507e-19,0.360248447204969,NA,6.37540165125602e-17,"GLM","NYC","DTF_Sask_2017_b",18.7699978215846,16.1954924494149,"Significant",-2.68252983306412
"Lcu.1GRN.Chr5p410186877",5,410186877,1.6982521708507e-19,0.360248447204969,NA,6.37540165125602e-17,"GLM","NYC","DTF_Sask_2017_b",18.7699978215846,16.1954924494149,"Significant",-2.68252983306412
"Lcu.1GRN.Chr5p410411234",5,410411234,1.6982521708507e-19,0.360248447204969,NA,6.37540165125602e-17,"GLM","NYC","DTF_Sask_2017_b",18.7699978215846,16.1954924494149,"Significant",-2.68252983306412
"Lcu.1GRN.Chr2p99348033",2,99348033,1.70515334879954e-19,0.479813664596273,NA,6.39417298189136e-17,"GLM","NYC","DTF_Sask_2017_b",18.7682365577022,16.1942156189144,"Significant",2.49316930143321
"Lcu.1GRN.Chr5p1634493",5,1634493,1.70769336869335e-19,0.442546583850932,NA,6.39656676333269e-17,"GLM","NYC","DTF_Sask_2017_b",18.7675901080261,16.1940530628615,"Significant",2.54519788920563
"Lcu.1GRN.Chr1p363513655",1,363513655,1.7243940659527e-19,0.132258064516129,NA,2.13246051022909e-16,"GLM","NYC","Cotyledon_Color_RvsY",18.7633634803255,15.6711190025278,"Significant",-0.414885737534379
"Lcu.1GRN.Chr5p415836715",5,415836715,1.72509853542017e-19,0.312111801242236,NA,6.45149496136968e-17,"GLM","NYC","DTF_Sask_2017_b",18.7631860935373,16.1903396375749,"Significant",-2.79979296433655
"Lcu.1GRN.Chr4p105635943",4,105635943,1.72808143122521e-19,0.489130434782609,NA,6.45149496136968e-17,"GLM","NYC","DTF_Sask_2017_b",18.7624357964066,16.1903396375749,"Significant",2.52028045918672
"Lcu.1GRN.Chr2p416288277",2,416288277,1.7281115448882e-19,0.296583850931677,NA,6.45149496136968e-17,"GLM","NYC","DTF_Sask_2017_b",18.7624282284278,16.1903396375749,"Significant",-2.83559148812658
"Lcu.1GRN.Chr1p356759576",1,356759576,1.73649090264618e-19,0.458064516129032,NA,2.13429647628913e-16,"GLM","NYC","Cotyledon_Color_RvsY",18.7603274875855,15.6707452526374,"Significant",-0.284316944509447
"Lcu.1GRN.Chr1p353678352",1,353678352,1.73856898715754e-19,0.22258064516129,NA,2.13429647628913e-16,"GLM","NYC","Cotyledon_Color_RvsY",18.7598080716489,15.6707452526374,"Significant",-0.315691138206353
"Lcu.1GRN.Chr5p311149819",5,311149819,1.74301162669933e-19,0.386645962732919,NA,6.49990678312607e-17,"GLM","NYC","DTF_Sask_2017_b",18.7586997159339,16.187092871644,"Significant",-3.30166068660645
"Lcu.1GRN.Chr1p367886700",1,367886700,1.76243717800918e-19,0.382258064516129,NA,8.71802509199137e-16,"MLM","NYC","Cotyledon_Color_RvsY",18.7538863544672,15.0595818853415,"Significant",-0.339712014014544
"Lcu.1GRN.Chr3p258127045",3,258127045,1.76320682282687e-19,0.270186335403727,NA,6.5606702364359e-17,"GLM","NYC","DTF_Sask_2017_b",18.7536967422984,16.1830517909419,"Significant",-2.83898063590003
"Lcu.1GRN.Chr3p258127060",3,258127060,1.76320682282687e-19,0.270186335403727,NA,6.5606702364359e-17,"GLM","NYC","DTF_Sask_2017_b",18.7536967422984,16.1830517909419,"Significant",-2.83898063590003
"Lcu.1GRN.Chr4p106130274",4,106130274,1.7658182958619e-19,0.481366459627329,NA,6.56266545775289e-17,"GLM","NYC","DTF_Sask_2017_b",18.7530539877146,16.1829197340266,"Significant",2.56379676024245
"Lcu.1GRN.Chr4p106192344",4,106192344,1.76764513306125e-19,0.489130434782609,NA,6.56266545775289e-17,"GLM","NYC","DTF_Sask_2017_b",18.7526049181817,16.1829197340266,"Significant",2.51410944071317
"Lcu.1GRN.Chr4p417477719",4,417477719,1.77461777463891e-19,0.338509316770186,NA,6.58128839031938e-17,"GLM","NYC","DTF_Sask_2017_b",18.7508951728853,16.1816890781135,"Significant",-2.84191680248976
"Lcu.1GRN.Chr4p106004396",4,106004396,1.79119040735176e-19,0.498447204968944,NA,6.63543330120802e-17,"GLM","NYC","DTF_Sask_2017_b",18.7468582452694,16.1781307119587,"Significant",-2.52498399674967
"Lcu.1GRN.Chr5p405775318",5,405775318,1.79860324851141e-19,0.361801242236025,NA,6.64286919522401e-17,"GLM","NYC","DTF_Sask_2017_b",18.7450646265295,16.1776442991694,"Significant",-2.79549276042982
"Lcu.1GRN.Chr2p416197781",2,416197781,1.80075157890267e-19,0.287267080745342,NA,6.64286919522401e-17,"GLM","NYC","DTF_Sask_2017_b",18.7445461957608,16.1776442991694,"Significant",-2.80421916075795
"Lcu.1GRN.Chr1p367140139",1,367140139,1.80170790026409e-19,0.346774193548387,NA,8.78311712011785e-16,"MLM","NYC","Cotyledon_Color_RvsY",18.7443156171229,15.0563513260283,"Significant",-0.339103453419375
"Lcu.1GRN.Chr5p417964639",5,417964639,1.80486295433151e-19,0.332298136645963,NA,6.64286919522401e-17,"GLM","NYC","DTF_Sask_2017_b",18.7435557690698,16.1776442991694,"Significant",-2.81186665449061
"Lcu.1GRN.Chr2p135213110",2,135213110,1.80659224135283e-19,0.240683229813665,NA,6.64286919522401e-17,"GLM","NYC","DTF_Sask_2017_b",18.7431398592342,16.1776442991694,"Significant",-3.05414406100044
"Lcu.1GRN.Chr3p235924160",3,235924160,1.80695871908783e-19,0.479813664596273,NA,6.64286919522401e-17,"GLM","NYC","DTF_Sask_2017_b",18.7430517690092,16.1776442991694,"Significant",2.63617240739502
"Lcu.1GRN.Chr3p346712124",3,346712124,1.80795849008989e-19,0.368012422360248,NA,6.64286919522401e-17,"GLM","NYC","DTF_Sask_2017_b",18.7428115449513,16.1776442991694,"Significant",-2.66070287063067
"Lcu.1GRN.Chr1p434775151",1,434775151,1.80872421512638e-19,0.5,NA,6.64286919522401e-17,"GLM","NYC","DTF_Sask_2017_b",18.7426276470592,16.1776442991694,"Significant",2.5063227619628
"Lcu.1GRN.Chr5p470774520",5,470774520,1.80899677519649e-19,0.18944099378882,NA,6.64286919522401e-17,"GLM","NYC","DTF_Sask_2017_b",18.7425622073335,16.1776442991694,"Significant",-3.36821016941857
"Lcu.1GRN.Chr6p21969147",6,21969147,1.81451468578919e-19,0.324534161490683,NA,6.6558654450911e-17,"GLM","NYC","DTF_Sask_2017_b",18.7412395124833,16.1767954663215,"Significant",-2.79064832008376
"Lcu.1GRN.Chr1p368732520",1,368732520,1.82460211970153e-19,0.390322580645161,NA,2.23176705890053e-16,"GLM","NYC","Cotyledon_Color_RvsY",18.7388318249375,15.6513511369358,"Significant",-0.357259716454675
"Lcu.1GRN.Chr2p113455874",2,113455874,1.82953736599879e-19,0.316770186335404,NA,6.69753718973069e-17,"GLM","NYC","DTF_Sask_2017_b",18.7376587161684,16.1740848661856,"Significant",2.7842580348378
"Lcu.1GRN.Chr3p224229735",3,224229735,1.82985747037091e-19,0.496894409937888,NA,6.69753718973069e-17,"GLM","NYC","DTF_Sask_2017_b",18.7375827366314,16.1740848661856,"Significant",2.78819226673322
"Lcu.1GRN.Chr5p472576598",5,472576598,1.83949936299766e-19,0.350931677018634,NA,6.70905215087931e-17,"GLM","NYC","DTF_Sask_2017_b",18.7353003582252,16.1733388322483,"Significant",5.43920545176036
"Lcu.1GRN.Chr2p551171479",2,551171479,1.84142554945327e-19,0.295031055900621,NA,6.70905215087931e-17,"GLM","NYC","DTF_Sask_2017_b",18.7348458353837,16.1733388322483,"Significant",-3.00237995683824
"Lcu.1GRN.Chr2p133089040",2,133089040,1.8425495991364e-19,0.267080745341615,NA,6.70905215087931e-17,"GLM","NYC","DTF_Sask_2017_b",18.7345808126459,16.1733388322483,"Significant",-2.8580867037778
"Lcu.1GRN.Chr5p415894735",5,415894735,1.84469451238925e-19,0.31832298136646,NA,6.70905215087931e-17,"GLM","NYC","DTF_Sask_2017_b",18.7340755441762,16.1733388322483,"Significant",-2.7894768023298
"Lcu.1GRN.Chr2p561527709",2,561527709,1.84497089178289e-19,0.184782608695652,NA,6.70905215087931e-17,"GLM","NYC","DTF_Sask_2017_b",18.7340104813411,16.1733388322483,"Significant",3.20333496520971
"Lcu.1GRN.Chr2p561719111",2,561719111,1.84497089178289e-19,0.184782608695652,NA,6.70905215087931e-17,"GLM","NYC","DTF_Sask_2017_b",18.7340104813411,16.1733388322483,"Significant",3.20333496520971
"Lcu.1GRN.Chr6p438180291",6,438180291,1.85337328916145e-19,0.434782608695652,NA,6.72506594558112e-17,"GLM","NYC","DTF_Sask_2017_b",18.7320371003272,16.1723034526398,"Significant",-2.56066116122125
"Lcu.1GRN.Chr6p438193191",6,438193191,1.85337328916145e-19,0.434782608695652,NA,6.72506594558112e-17,"GLM","NYC","DTF_Sask_2017_b",18.7320371003272,16.1723034526398,"Significant",-2.56066116122125
"Lcu.1GRN.Chr2p580544574",2,580544574,1.8557891268294e-19,0.256211180124224,NA,6.72657565974381e-17,"GLM","NYC","DTF_Sask_2017_b",18.731471374161,16.172205968548,"Significant",-2.91779239381823
"Lcu.1GRN.Chr1p360343177",1,360343177,1.86724263586327e-19,0.137096774193548,NA,2.27564783948341e-16,"GLM","NYC","Cotyledon_Color_RvsY",18.7287992446809,15.6428949449143,"Significant",-0.477281760351177
"Lcu.1GRN.Chr4p440226351",4,440226351,1.86923397871763e-19,0.368012422360248,NA,6.76801534681714e-17,"GLM","NYC","DTF_Sask_2017_b",18.7283363330214,16.1695386651832,"Significant",-2.62511344035222
"Lcu.1GRN.Chr2p399114127",2,399114127,1.87640435061747e-19,0.309006211180124,NA,6.78667206671125e-17,"GLM","NYC","DTF_Sask_2017_b",18.7266735687717,16.1683431354937,"Significant",-2.82310840828721
"Lcu.1GRN.Chr5p2551744",5,2551744,1.87940752404244e-19,0.290372670807453,NA,6.79023276734245e-17,"GLM","NYC","DTF_Sask_2017_b",18.7259790388175,16.168115337967,"Significant",2.7323428165592
"Lcu.1GRN.Chr3p332523713",3,332523713,1.888477086305e-19,0.388198757763975,NA,6.81203996280168e-17,"GLM","NYC","DTF_Sask_2017_b",18.723888280284,16.1667228129153,"Significant",-2.64846147158093
"Lcu.1GRN.Chr6p22044805",6,22044805,1.8894937033936e-19,0.307453416149068,NA,6.81203996280168e-17,"GLM","NYC","DTF_Sask_2017_b",18.7236545510007,16.1667228129153,"Significant",-2.72706471235981
"Lcu.1GRN.Chr1p365326090",1,365326090,1.89061304618713e-19,0.343548387096774,NA,2.29581169136038e-16,"GLM","NYC","Cotyledon_Color_RvsY",18.7233973495802,15.6390637368128,"Significant",-0.365511656289667
"Lcu.1GRN.Chr1p366659366",1,366659366,1.89816562489759e-19,0.346774193548387,NA,9.12114681071326e-16,"MLM","NYC","Cotyledon_Color_RvsY",18.721665895786,15.0399505539684,"Significant",-0.347212869681805
"Lcu.1GRN.Chr4p418056996",4,418056996,1.90338001724101e-19,0.352484472049689,NA,6.85475616979985e-17,"GLM","NYC","DTF_Sask_2017_b",18.7204744944695,16.1640079888677,"Significant",-2.75000605635553
"Lcu.1GRN.Chr2p135303827",2,135303827,1.90764849075953e-19,0.259316770186335,NA,6.8572118629338e-17,"GLM","NYC","DTF_Sask_2017_b",18.7195016467112,16.1638524322057,"Significant",-2.86681916029259
"Lcu.1GRN.Chr5p402155884",5,402155884,1.90813911700792e-19,0.313664596273292,NA,6.8572118629338e-17,"GLM","NYC","DTF_Sask_2017_b",18.7193899652994,16.1638524322057,"Significant",-2.83949585809654
"Lcu.1GRN.Chr4p106080090",4,106080090,1.91602934636581e-19,0.492236024844721,NA,6.87821817661718e-17,"GLM","NYC","DTF_Sask_2017_b",18.7175978434479,16.1625240525038,"Significant",2.53071673952273
"Lcu.1GRN.Chr1p367885965",1,367885965,1.91918831292023e-19,0.333870967741935,NA,2.32212811241741e-16,"GLM","NYC","Cotyledon_Color_RvsY",18.7168824097097,15.6341138237959,"Significant",-0.361181330545709
"Lcu.1GRN.Chr1p364495366",1,364495366,1.93211729332379e-19,0.129032258064516,NA,2.32939246452847e-16,"GLM","NYC","Cotyledon_Color_RvsY",18.7139665123423,15.6327573337841,"Significant",-0.409450833063964
"Lcu.1GRN.Chr5p37392889",5,37392889,1.9350302069114e-19,0.397515527950311,NA,6.93902244784825e-17,"GLM","NYC","DTF_Sask_2017_b",18.7133122510107,16.1587017075579,"Significant",-2.70960040820113
"Lcu.1GRN.Chr3p263080036",3,263080036,1.9410100599854e-19,0.274844720496894,NA,6.95036250375577e-17,"GLM","NYC","DTF_Sask_2017_b",18.7119722137179,16.1579925437156,"Significant",-2.81895464613018
"Lcu.1GRN.Chr2p400166284",2,400166284,1.94232512509563e-19,0.301242236024845,NA,6.95036250375577e-17,"GLM","NYC","DTF_Sask_2017_b",18.7116780719478,16.1579925437156,"Significant",-2.74474169796852
"Lcu.1GRN.Chr4p105702968",4,105702968,1.95980177344042e-19,0.490683229813665,NA,6.97282189919673e-17,"GLM","NYC","DTF_Sask_2017_b",18.7077878536714,16.1565914274645,"Significant",2.50353112487446
"Lcu.1GRN.Chr4p105635525",4,105635525,1.97140433697006e-19,0.492236024844721,NA,6.97282189919673e-17,"GLM","NYC","DTF_Sask_2017_b",18.705224292359,16.1565914274645,"Significant",2.49983893001017
"Lcu.1GRN.Chr4p105638865",4,105638865,1.97140433697006e-19,0.492236024844721,NA,6.97282189919673e-17,"GLM","NYC","DTF_Sask_2017_b",18.705224292359,16.1565914274645,"Significant",2.49983893001017
"Lcu.1GRN.Chr4p105638868",4,105638868,1.97140433697006e-19,0.492236024844721,NA,6.97282189919673e-17,"GLM","NYC","DTF_Sask_2017_b",18.705224292359,16.1565914274645,"Significant",2.49983893001017
"Lcu.1GRN.Chr4p105641072",4,105641072,1.97140433697006e-19,0.492236024844721,NA,6.97282189919673e-17,"GLM","NYC","DTF_Sask_2017_b",18.705224292359,16.1565914274645,"Significant",2.49983893001017
"Lcu.1GRN.Chr4p105703875",4,105703875,1.97140433697006e-19,0.492236024844721,NA,6.97282189919673e-17,"GLM","NYC","DTF_Sask_2017_b",18.705224292359,16.1565914274645,"Significant",2.49983893001017
"Lcu.1GRN.Chr4p105706087",4,105706087,1.97140433697006e-19,0.492236024844721,NA,6.97282189919673e-17,"GLM","NYC","DTF_Sask_2017_b",18.705224292359,16.1565914274645,"Significant",2.49983893001017
"Lcu.1GRN.Chr4p105711981",4,105711981,1.97140433697006e-19,0.492236024844721,NA,6.97282189919673e-17,"GLM","NYC","DTF_Sask_2017_b",18.705224292359,16.1565914274645,"Significant",2.49983893001017
"Lcu.1GRN.Chr4p105712122",4,105712122,1.97140433697006e-19,0.492236024844721,NA,6.97282189919673e-17,"GLM","NYC","DTF_Sask_2017_b",18.705224292359,16.1565914274645,"Significant",2.49983893001017
"Lcu.1GRN.Chr4p106132689",4,106132689,1.97140433697006e-19,0.492236024844721,NA,6.97282189919673e-17,"GLM","NYC","DTF_Sask_2017_b",18.705224292359,16.1565914274645,"Significant",2.49983893001017
"Lcu.1GRN.Chr4p106192261",4,106192261,1.97140433697006e-19,0.492236024844721,NA,6.97282189919673e-17,"GLM","NYC","DTF_Sask_2017_b",18.705224292359,16.1565914274645,"Significant",2.49983893001017
"Lcu.1GRN.Chr1p365084357",1,365084357,1.98605445181631e-19,0.37258064516129,NA,9.40905884217038e-16,"MLM","NYC","Cotyledon_Color_RvsY",18.7020088485903,15.0264538154775,"Significant",-0.363773581829922
"Lcu.1GRN.Chr6p22038237",6,22038237,1.98626612213483e-19,0.296583850931677,NA,7.00353786034233e-17,"GLM","NYC","DTF_Sask_2017_b",18.7019625646866,16.1546825192598,"Significant",-2.85173458326469
"Lcu.1GRN.Chr2p135649693",2,135649693,1.98807950679458e-19,0.257763975155279,NA,7.00353786034233e-17,"GLM","NYC","DTF_Sask_2017_b",18.7015662513916,16.1546825192598,"Significant",-2.8625593948006
"Lcu.1GRN.Chr2p140455464",2,140455464,1.98807950679458e-19,0.257763975155279,NA,7.00353786034233e-17,"GLM","NYC","DTF_Sask_2017_b",18.7015662513916,16.1546825192598,"Significant",-2.8625593948006
"Lcu.1GRN.Chr2p119237491",2,119237491,1.98841701374598e-19,0.408385093167702,NA,7.00353786034233e-17,"GLM","NYC","DTF_Sask_2017_b",18.7014925295079,16.1546825192598,"Significant",2.74789998084978
"Lcu.1GRN.Chr2p411995255",2,411995255,1.99954935186696e-19,0.287267080745342,NA,7.03538092928278e-17,"GLM","NYC","DTF_Sask_2017_b",18.6990678723612,16.1527123828054,"Significant",-2.90756530397653
"Lcu.1GRN.Chr4p437088909",4,437088909,2.00618941897628e-19,0.354037267080745,NA,7.0513679863406e-17,"GLM","NYC","DTF_Sask_2017_b",18.6976280644699,16.1517266204149,"Significant",-2.8912886882829
"Lcu.1GRN.Chr5p34767565",5,34767565,2.01694165786428e-19,0.245341614906832,NA,7.08176006921538e-17,"GLM","NYC","DTF_Sask_2017_b",18.6953066640252,16.1498587912719,"Significant",-3.01693008262937
"Lcu.1GRN.Chr6p214773870",6,214773870,2.03335077247861e-19,0.214285714285714,NA,7.13193012811589e-17,"GLM","NYC","DTF_Sask_2017_b",18.6917876949423,16.1467929202811,"Significant",-3.10964356938373
"Lcu.1GRN.Chr4p105710279",4,105710279,2.03943055212692e-19,0.481366459627329,NA,7.14580350549246e-17,"GLM","NYC","DTF_Sask_2017_b",18.6904910789429,16.1459489301506,"Significant",2.53158333132281
"Lcu.1GRN.Chr1p171224647",1,171224647,2.03955148425165e-19,0.346774193548387,NA,2.44141570855257e-16,"GLM","NYC","Cotyledon_Color_RvsY",18.6904653273441,15.6123582654173,"Significant",0.32011554431169
"Lcu.1GRN.Chr1p176393146",1,176393146,2.03955148425165e-19,0.346774193548387,NA,2.44141570855257e-16,"GLM","NYC","Cotyledon_Color_RvsY",18.6904653273441,15.6123582654173,"Significant",0.32011554431169
"Lcu.1GRN.Chr3p437386398",3,437386398,2.04203441578774e-19,0.333850931677019,NA,1.14478831722546e-14,"FarmCPU","NYC","DTF_Sask_2017_b",18.6899369427287,13.9412748112804,"Significant",0.206903226944121
"Lcu.1GRN.Chr4p429809210",4,429809210,2.04527467442994e-19,0.183229813664596,NA,7.15882316767925e-17,"GLM","NYC","DTF_Sask_2017_b",18.6892483592563,16.1451583650929,"Significant",-3.25733668217856
"Lcu.1GRN.Chr3p351642885",3,351642885,2.06511902759966e-19,0.369565217391304,NA,7.22076810765712e-17,"GLM","NYC","DTF_Sask_2017_b",18.6850549117848,16.1414166019908,"Significant",-2.72461606907252
"Lcu.1GRN.Chr2p399647007",2,399647007,2.07440564806746e-19,0.302795031055901,NA,7.23608637543708e-17,"GLM","NYC","DTF_Sask_2017_b",18.6831063137661,16.1404962577116,"Significant",-2.73332374116583
"Lcu.1GRN.Chr2p151862894",2,151862894,2.07474476961993e-19,0.364906832298137,NA,7.23608637543708e-17,"GLM","NYC","DTF_Sask_2017_b",18.6830353215848,16.1404962577116,"Significant",-2.65649520750056
"Lcu.1GRN.Chr1p444457332",1,444457332,2.07656829095324e-19,0.245341614906832,NA,7.23608637543708e-17,"GLM","NYC","DTF_Sask_2017_b",18.6826537819167,16.1404962577116,"Significant",3.1992403578826
"Lcu.1GRN.Chr4p105710757",4,105710757,2.07988239985683e-19,0.490683229813665,NA,7.23608637543708e-17,"GLM","NYC","DTF_Sask_2017_b",18.6819612201032,16.1404962577116,"Significant",2.50214844127202
"Lcu.1GRN.Chr5p394294592",5,394294592,2.0838174406419e-19,0.377329192546584,NA,7.23608637543708e-17,"GLM","NYC","DTF_Sask_2017_b",18.6811403314352,16.1404962577116,"Significant",-2.65111146750274
"Lcu.1GRN.Chr5p421022155",5,421022155,2.08558699219279e-19,0.43944099378882,NA,7.23608637543708e-17,"GLM","NYC","DTF_Sask_2017_b",18.6807716905262,16.1404962577116,"Significant",-2.94178748854343
"Lcu.1GRN.Chr3p346580502",3,346580502,2.0860064303579e-19,0.377329192546584,NA,7.23608637543708e-17,"GLM","NYC","DTF_Sask_2017_b",18.6806843571441,16.1404962577116,"Significant",-2.65562265558388
"Lcu.1GRN.Chr6p329042952",6,329042952,2.08739870994421e-19,0.274844720496894,NA,7.23608637543708e-17,"GLM","NYC","DTF_Sask_2017_b",18.6803945892717,16.1404962577116,"Significant",-2.93296493785509
"Lcu.1GRN.Chr2p135400494",2,135400494,2.0888612350645e-19,0.263975155279503,NA,7.23608637543708e-17,"GLM","NYC","DTF_Sask_2017_b",18.6800904096355,16.1404962577116,"Significant",-2.86464976951196
"Lcu.1GRN.Chr5p1650591",5,1650591,2.09535528854697e-19,0.123456790123457,NA,2.34936124114227e-14,"FarmCPU","NYC","DTF_Nepal_2017",18.6787423274599,13.6290502003477,"Significant",-2.76142543389142
"Lcu.1GRN.Chr1p455377406",1,455377406,2.10767589373624e-19,0.456521739130435,NA,7.29375120728785e-17,"GLM","NYC","DTF_Sask_2017_b",18.6761961716302,16.1370490547246,"Significant",2.75805166094842
"Lcu.1GRN.Chr3p220400024",3,220400024,2.11442649637576e-19,0.330745341614907,NA,7.3095919558728e-17,"GLM","NYC","DTF_Sask_2017_b",18.6748074075959,16.1361068660324,"Significant",2.70382529368602
"Lcu.1GRN.Chr1p367563036",1,367563036,2.11640037830967e-19,0.320967741935484,NA,9.88732286181789e-16,"MLM","NYC","Cotyledon_Color_RvsY",18.6744021695092,15.0049212841086,"Significant",-0.309176781092346
"Lcu.1GRN.Chr5p395878846",5,395878846,2.11706963044356e-19,0.374223602484472,NA,7.31121519900831e-17,"GLM","NYC","DTF_Sask_2017_b",18.6742648577954,16.1360104328421,"Significant",-2.63761338543517
"Lcu.1GRN.Chr2p152073929",2,152073929,2.12340006391896e-19,0.366459627329193,NA,7.32555599282286e-17,"GLM","NYC","DTF_Sask_2017_b",18.6729681739056,16.1351594077723,"Significant",-2.66022049241164
"Lcu.1GRN.Chr3p258126984",3,258126984,2.14083344064757e-19,0.271739130434783,NA,7.3705805724698e-17,"GLM","NYC","DTF_Sask_2017_b",18.6694171200113,16.1324983018982,"Significant",-2.83230443711308
"Lcu.1GRN.Chr3p258127017",3,258127017,2.14083344064757e-19,0.271739130434783,NA,7.3705805724698e-17,"GLM","NYC","DTF_Sask_2017_b",18.6694171200113,16.1324983018982,"Significant",-2.83230443711308
"Lcu.1GRN.Chr1p217264468",1,217264468,2.14910535102951e-19,0.338709677419355,NA,2.55122194094846e-16,"GLM","NYC","Cotyledon_Color_RvsY",18.6677422944903,15.5932517587416,"Significant",0.316225884741722
"Lcu.1GRN.Chr2p552107933",2,552107933,2.14993163105518e-19,0.243788819875776,NA,7.39433591966397e-17,"GLM","NYC","DTF_Sask_2017_b",18.6675753506554,16.1311008236111,"Significant",-3.07732320695925
"Lcu.1GRN.Chr1p377699900",1,377699900,2.15167867858621e-19,0.143548387096774,NA,2.55122194094846e-16,"GLM","NYC","Cotyledon_Color_RvsY",18.6672225836265,15.5932517587416,"Significant",-0.416060704389333
"Lcu.1GRN.Chr1p363528851",1,363528851,2.15403720112069e-19,0.111290322580645,NA,2.55122194094846e-16,"GLM","NYC","Cotyledon_Color_RvsY",18.6667468005265,15.5932517587416,"Significant",-0.450476058544279
"Lcu.1GRN.Chr4p105710292",4,105710292,2.16817263904972e-19,0.486024844720497,NA,7.44945583329148e-17,"GLM","NYC","DTF_Sask_2017_b",18.6639061403986,16.1278754503699,"Significant",2.51482904236103
"Lcu.1GRN.Chr4p440277335",4,440277335,2.17887620872871e-19,0.355590062111801,NA,7.47859238470866e-17,"GLM","NYC","DTF_Sask_2017_b",18.6617674431788,16.1261801370394,"Significant",-2.6124562238126
"Lcu.1GRN.Chr5p37198756",5,37198756,2.19806436512151e-19,0.498447204968944,NA,7.53676163407572e-17,"GLM","NYC","DTF_Sask_2017_b",18.6579595944385,16.1228152199866,"Significant",2.90906060072571
"Lcu.1GRN.Chr2p399760881",2,399760881,2.20632887390959e-19,0.299689440993789,NA,7.5573953597795e-17,"GLM","NYC","DTF_Sask_2017_b",18.656329751425,16.12162785738,"Significant",-2.73726142369364
"Lcu.1GRN.Chr5p391944923",5,391944923,2.21532947468406e-19,0.377329192546584,NA,7.58050589431386e-17,"GLM","NYC","DTF_Sask_2017_b",18.6545616742282,16.1203018102284,"Significant",-2.64065579734962
"Lcu.1GRN.Chr5p408963847",5,408963847,2.22901568512309e-19,0.375776397515528,NA,7.61958657477438e-17,"GLM","NYC","DTF_Sask_2017_b",18.6518868754684,16.1180685920679,"Significant",-2.88320998951134
"Lcu.1GRN.Chr1p363891534",1,363891534,2.2346596269409e-19,0.119354838709677,NA,2.63732475525043e-16,"GLM","NYC","Cotyledon_Color_RvsY",18.6507886172294,15.5788363887014,"Significant",-0.420376833339075
"Lcu.1GRN.Chr1p363891548",1,363891548,2.24241640827317e-19,0.119354838709677,NA,2.63732475525043e-16,"GLM","NYC","Cotyledon_Color_RvsY",18.6492837374042,15.5788363887014,"Significant",-0.42248053085972
"Lcu.1GRN.Chr1p367669117",1,367669117,2.24674663981676e-19,0.370967741935484,NA,1.03524853013047e-15,"MLM","NYC","Cotyledon_Color_RvsY",18.6484458991578,14.9849553774464,"Significant",-0.329470099891126
"Lcu.1GRN.Chr4p106206085",4,106206085,2.26785566426708e-19,0.490683229813665,NA,7.74448534236067e-17,"GLM","NYC","DTF_Sask_2017_b",18.6443845892002,16.111007437866,"Significant",2.49861433452624
"Lcu.1GRN.Chr3p237522204",3,237522204,2.28603821515579e-19,0.486024844720497,NA,7.79865939469887e-17,"GLM","NYC","DTF_Sask_2017_b",18.6409165138827,16.1079800469921,"Significant",-2.58041340118289
"Lcu.1GRN.Chr2p353157880",2,353157880,2.28982004627701e-19,0.440993788819876,NA,7.80364639823768e-17,"GLM","NYC","DTF_Sask_2017_b",18.6401986469089,16.1077024177467,"Significant",-2.64975381811185
"Lcu.1GRN.Chr3p351492192",3,351492192,2.29685064444527e-19,0.304347826086957,NA,7.81266386947637e-17,"GLM","NYC","DTF_Sask_2017_b",18.6388672444228,16.1072008602894,"Significant",-2.93230243184503
"Lcu.1GRN.Chr5p392206652",5,392206652,2.29711135959001e-19,0.385093167701863,NA,7.81266386947637e-17,"GLM","NYC","DTF_Sask_2017_b",18.6388179505241,16.1072008602894,"Significant",-2.66635479267021
"Lcu.1GRN.Chr3p346350677",3,346350677,2.29962832510125e-19,0.493788819875776,NA,7.81332404878115e-17,"GLM","NYC","DTF_Sask_2017_b",18.6383423506786,16.1071641634443,"Significant",2.60119451660744
"Lcu.1GRN.Chr2p364423003",2,364423003,2.30216257603114e-19,0.298136645962733,NA,7.81404156621458e-17,"GLM","NYC","DTF_Sask_2017_b",18.6378640102544,16.1071242829078,"Significant",2.69984028379406
"Lcu.1GRN.Chr1p367801395",1,367801395,2.32580382743397e-19,0.361290322580645,NA,2.72586639729088e-16,"GLM","NYC","Cotyledon_Color_RvsY",18.6334269191243,15.5644954340264,"Significant",-0.353502360143573
"Lcu.1GRN.Chr4p105852656",4,105852656,2.32888050458612e-19,0.484472049689441,NA,7.88284418928624e-17,"GLM","NYC","DTF_Sask_2017_b",18.632852794647,16.1033170575297,"Significant",2.50569181965331
"Lcu.1GRN.Chr2p136633833",2,136633833,2.33180721305592e-19,0.259316770186335,NA,7.88284418928624e-17,"GLM","NYC","DTF_Sask_2017_b",18.6323073586159,16.1033170575297,"Significant",-2.85709369583279
"Lcu.1GRN.Chr2p143575468",2,143575468,2.33180721305592e-19,0.259316770186335,NA,7.88284418928624e-17,"GLM","NYC","DTF_Sask_2017_b",18.6323073586159,16.1033170575297,"Significant",-2.85709369583279
"Lcu.1GRN.Chr2p150085668",2,150085668,2.33180721305592e-19,0.259316770186335,NA,7.88284418928624e-17,"GLM","NYC","DTF_Sask_2017_b",18.6323073586159,16.1033170575297,"Significant",-2.85709369583279
"Lcu.1GRN.Chr1p365081644",1,365081644,2.36416614111976e-19,0.367741935483871,NA,2.76120650135427e-16,"GLM","NYC","Cotyledon_Color_RvsY",18.6263220067941,15.5589011127215,"Significant",-0.362717747394945
"Lcu.1GRN.Chr2p551378779",2,551378779,2.36663800591384e-19,0.309006211180124,NA,7.99140985514708e-17,"GLM","NYC","DTF_Sask_2017_b",18.6258681654156,16.097376595117,"Significant",-3.17417314305074
"Lcu.1GRN.Chr4p440226354",4,440226354,2.36967938776514e-19,0.366459627329193,NA,7.99140985514708e-17,"GLM","NYC","DTF_Sask_2017_b",18.6253104090715,16.097376595117,"Significant",-2.61282999717891
"Lcu.1GRN.Chr5p29607744",5,29607744,2.37104919193523e-19,0.347826086956522,NA,7.99140985514708e-17,"GLM","NYC","DTF_Sask_2017_b",18.6250594356615,16.097376595117,"Significant",2.77198579218911
"Lcu.1GRN.Chr5p409527730",5,409527730,2.38099930437562e-19,0.380434782608696,NA,8.01691284299215e-17,"GLM","NYC","DTF_Sask_2017_b",18.6232407314771,16.0959928378712,"Significant",-2.64075750950575
"Lcu.1GRN.Chr6p304978019",6,304978019,2.3896139859174e-19,0.203416149068323,NA,8.03787287601077e-17,"GLM","NYC","DTF_Sask_2017_b",18.6216722485605,16.0948588667287,"Significant",-3.12882975675545
"Lcu.1GRN.Chr4p359784721",4,359784721,2.39893643398667e-19,0.0596774193548387,NA,2.79212128543528e-16,"GLM","NYC","Cotyledon_Color_RvsY",18.6199812596331,15.5540657205577,"Significant",-0.818592460976332
"Lcu.1GRN.Chr1p133324600",1,133324600,2.47917719009056e-19,0.367741935483871,NA,2.87556342723859e-16,"GLM","NYC","Cotyledon_Color_RvsY",18.6056924325188,15.5412770485858,"Significant",0.314655464484007
"Lcu.1GRN.Chr1p366600928",1,366600928,2.71391816248178e-19,0.356451612903226,NA,3.13701893663061e-16,"GLM","NYC","Cotyledon_Color_RvsY",18.5664032525195,15.5034828596735,"Significant",-0.35619628527199
"Lcu.1GRN.Chr1p365387366",1,365387366,2.87449999205703e-19,0.345161290322581,NA,1.30660397138952e-15,"MLM","NYC","Cotyledon_Color_RvsY",18.5414376882181,14.8838560261172,"Significant",-0.348907215111715
"Lcu.1GRN.Chr1p367667317",1,367667317,2.95203669515037e-19,0.306451612903226,NA,3.40057440766317e-16,"GLM","NYC","Cotyledon_Color_RvsY",18.5298782483387,15.4684477179553,"Significant",-0.368033652336756
"Lcu.1GRN.Chr1p359845465",1,359845465,3.03740752417153e-19,0.240322580645161,NA,3.48697493748466e-16,"GLM","NYC","Cotyledon_Color_RvsY",18.5174969355676,15.4575511740898,"Significant",-0.300925583967914
"Lcu.1GRN.Chr1p361420610",1,361420610,3.16419613264516e-19,0.167741935483871,NA,3.62017401547433e-16,"GLM","NYC","Cotyledon_Color_RvsY",18.4997366046037,15.441270553184,"Significant",-0.369214964786069
"Lcu.1GRN.Chr1p365687685",1,365687685,3.22526930346311e-19,0.408064516129032,NA,1.44649887973064e-15,"MLM","NYC","Cotyledon_Color_RvsY",18.4914340168039,14.8396818983637,"Significant",-0.309373275520382
"Lcu.1GRN.Chr1p365214707",1,365214707,3.23497994443339e-19,0.345161290322581,NA,3.67725749262224e-16,"GLM","NYC","Cotyledon_Color_RvsY",18.490128407437,15.4344759584614,"Significant",-0.364178107437601
"Lcu.1GRN.Chr1p342359925",1,342359925,3.23595423396523e-19,0.435483870967742,NA,3.67725749262224e-16,"GLM","NYC","Cotyledon_Color_RvsY",18.4899976292343,15.4344759584614,"Significant",-0.273405040037887
"Lcu.1GRN.Chr3p389318666",3,389318666,3.28306675751034e-19,0.0848765432098766,NA,6.49597244719695e-15,"GLM","NYC","DTF_Nepal_2017",18.4837202862857,14.1873558258321,"Significant",11.175422533433
"Lcu.1GRN.Chr1p153033557",1,153033557,3.49313334643217e-19,0.351612903225806,NA,3.95614405501464e-16,"GLM","NYC","Cotyledon_Color_RvsY",18.4567848353431,15.4027279028284,"Significant",0.319265519472957
"Lcu.1GRN.Chr1p365784742",1,365784742,3.54621870648363e-19,0.4,NA,1.56951440479445e-15,"MLM","NYC","Cotyledon_Color_RvsY",18.4502344835997,14.8042346940487,"Significant",-0.304501943118481
"Lcu.1GRN.Chr1p166303247",1,166303247,3.76022428128136e-19,0.348387096774194,NA,4.2443468483952e-16,"GLM","NYC","Cotyledon_Color_RvsY",18.4247862504931,15.3721891327375,"Significant",0.318826830666508
"Lcu.1GRN.Chr1p368572365",1,368572365,3.7908729542919e-19,0.370967741935484,NA,1.6560059259952e-15,"MLM","NYC","Cotyledon_Color_RvsY",18.4212607700907,14.7809381134313,"Significant",-0.343613493053367
"Lcu.1GRN.Chr1p365786736",1,365786736,3.86905926590776e-19,0.37258064516129,NA,4.35258815416587e-16,"GLM","NYC","Cotyledon_Color_RvsY",18.4123946177433,15.3612524242359,"Significant",-0.34505093564307
"Lcu.1GRN.Chr1p367484558",1,367484558,3.96328094525381e-19,0.338709677419355,NA,4.44372307237397e-16,"GLM","NYC","Cotyledon_Color_RvsY",18.4019451407244,15.3522530136122,"Significant",-0.353200550873511
"Lcu.1GRN.Chr1p368962782",1,368962782,4.18479223817922e-19,0.348387096774194,NA,4.67649837468316e-16,"GLM","NYC","Cotyledon_Color_RvsY",18.3783260984956,15.3300792122576,"Significant",-0.357217629221656
"Lcu.1GRN.Chr1p362573151",1,362573151,4.39437536027261e-19,0.151612903225806,NA,4.88749089004528e-16,"GLM","NYC","Cotyledon_Color_RvsY",18.357102849115,15.3109140390911,"Significant",-0.396706192558507
"Lcu.1GRN.Chr1p367960422",1,367960422,4.40266060488609e-19,0.364516129032258,NA,4.88749089004528e-16,"GLM","NYC","Cotyledon_Color_RvsY",18.3562847924206,15.3109140390911,"Significant",-0.346319648800471
"Lcu.1GRN.Chr1p366659045",1,366659045,4.51052452798683e-19,0.348387096774194,NA,1.94511744090429e-15,"MLM","NYC","Cotyledon_Color_RvsY",18.3457729511676,14.7110541720262,"Significant",-0.33990663524272
"Lcu.1GRN.Chr1p365318065",1,365318065,4.65618238296551e-19,0.374193548387097,NA,5.15192795924658e-16,"GLM","NYC","Cotyledon_Color_RvsY",18.331970016682,15.2880302184589,"Significant",-0.334867262348149
"Lcu.1GRN.Chr1p367684187",1,367684187,4.72759370205648e-19,0.348387096774194,NA,5.21379183862174e-16,"GLM","NYC","Cotyledon_Color_RvsY",18.3253598545754,15.2828463120903,"Significant",-0.348624008288842
"Lcu.1GRN.Chr4p359784737",4,359784737,5.09757748755419e-19,0.082258064516129,NA,5.60345374756908e-16,"GLM","NYC","Cotyledon_Color_RvsY",18.2926361638507,15.2515442085004,"Significant",-0.698542462207771
"Lcu.1GRN.Chr1p356893943",1,356893943,5.24976465549615e-19,0.479032258064516,NA,5.75194654031034e-16,"GLM","NYC","Cotyledon_Color_RvsY",18.279860165377,15.2401851590223,"Significant",-0.279690514700116
"Lcu.1GRN.Chr1p366659366",1,366659366,5.78611073045341e-19,0.346774193548387,NA,6.31901528594292e-16,"GLM","NYC","Cotyledon_Color_RvsY",18.237613259391,15.1993505940596,"Significant",-0.3622124612705
"Lcu.1GRN.Chr1p297557284",1,297557284,5.85194275923613e-19,0.341935483870968,NA,6.3702279291132e-16,"GLM","NYC","Cotyledon_Color_RvsY",18.2326999305764,15.1958450281693,"Significant",0.312384476387666
"Lcu.1GRN.Chr1p365783601",1,365783601,5.89948980498451e-19,0.346774193548387,NA,6.40126995881685e-16,"GLM","NYC","Cotyledon_Color_RvsY",18.2291855450461,15.1937338570485,"Significant",-0.357210133026861
"Lcu.1GRN.Chr1p367886022",1,367886022,6.28742432535873e-19,0.362903225806452,NA,2.67706589626322e-15,"MLM","NYC","Cotyledon_Color_RvsY",18.2015272290178,14.5723409384764,"Significant",-0.309371261812749
"Lcu.1GRN.Chr1p359991345",1,359991345,6.52270524353163e-19,0.243548387096774,NA,7.05473567411898e-16,"GLM","NYC","Cotyledon_Color_RvsY",18.1855722464967,15.1515192536916,"Significant",-0.304716156164776
"Lcu.1GRN.Chr1p87528539",1,87528539,6.56935587097511e-19,0.417741935483871,NA,7.08241835337271e-16,"GLM","NYC","Cotyledon_Color_RvsY",18.1824772111701,15.1498184233566,"Significant",0.343517816557759
"Lcu.1GRN.Chr1p354744070",1,354744070,6.63736831642839e-19,0.245161290322581,NA,7.13288073000661e-16,"GLM","NYC","Cotyledon_Color_RvsY",18.1780040821087,15.1467350378233,"Significant",-0.314860113119031
"Lcu.1GRN.Chr1p360343634",1,360343634,6.84494860683803e-19,0.175806451612903,NA,7.33253129947862e-16,"GLM","NYC","Cotyledon_Color_RvsY",18.1646298082824,15.1347460745238,"Significant",-0.357698780533924
"Lcu.1GRN.Chr1p363514990",1,363514990,7.01842261438648e-19,0.12258064516129,NA,7.49449447470901e-16,"GLM","NYC","Cotyledon_Color_RvsY",18.1537604842868,15.1252576562445,"Significant",-0.431006980470683
"Lcu.1GRN.Chr1p368966052",1,368966052,7.27166366862136e-19,0.388709677419355,NA,7.74034080133912e-16,"GLM","NYC","Cotyledon_Color_RvsY",18.1383662164527,15.1112399172393,"Significant",-0.35312545114817
"Lcu.1GRN.Chr1p365303155",1,365303155,7.66338777878008e-19,0.391935483870968,NA,3.22213844623115e-15,"MLM","NYC","Cotyledon_Color_RvsY",18.1155791979428,14.4918558031029,"Significant",-0.298825803876661
"Lcu.1GRN.Chr1p368964398",1,368964398,7.82394955360956e-19,0.37258064516129,NA,3.24903511049258e-15,"MLM","NYC","Cotyledon_Color_RvsY",18.106573958407,14.4882455954538,"Significant",-0.338608414042462
"Lcu.1GRN.Chr1p374612061",1,374612061,8.18233678554101e-19,0.182258064516129,NA,8.68223368309803e-16,"GLM","NYC","Cotyledon_Color_RvsY",18.0871226488792,15.0613685292651,"Significant",-0.332380724416099
"Lcu.1GRN.Chr1p369144581",1,369144581,8.49706883521967e-19,0.37258064516129,NA,8.98784136130923e-16,"GLM","NYC","Cotyledon_Color_RvsY",18.0707308634893,15.0463446016419,"Significant",-0.35903237352906
"Lcu.1GRN.Chr1p230353281",1,230353281,8.58644047272065e-19,0.346774193548387,NA,9.05390351876999e-16,"GLM","NYC","Cotyledon_Color_RvsY",18.0661868365687,15.0431641377941,"Significant",0.317366720696867
"Lcu.1GRN.Chr1p368085376",1,368085376,8.58937869500241e-19,0.416129032258065,NA,3.52339456524619e-15,"MLM","NYC","Cotyledon_Color_RvsY",18.0660382493342,14.453038719886,"Significant",-0.313287766379409
"Lcu.1GRN.Chr1p72514216",1,72514216,9.03055653028506e-19,0.424193548387097,NA,9.49244127631998e-16,"GLM","NYC","Cotyledon_Color_RvsY",18.0442854843948,15.0226220808828,"Significant",0.340008629573336
"Lcu.1GRN.Chr1p367199339",1,367199339,9.25647026408173e-19,0.335483870967742,NA,3.75129052207034e-15,"MLM","NYC","Cotyledon_Color_RvsY",18.0335545896756,14.4258193002198,"Significant",-0.329317024795563
"Lcu.1GRN.Chr3p389318737",3,389318737,9.26917613759627e-19,0.0879629629629629,NA,1.73213609437491e-14,"GLM","NYC","DTF_Nepal_2017",18.0329588650784,13.7614179883498,"Significant",10.9475143763574
"Lcu.1GRN.Chr1p364634048",1,364634048,9.44624374684855e-19,0.490322580645161,NA,9.89845691712213e-16,"GLM","NYC","Cotyledon_Color_RvsY",18.024740852265,15.004432502838,"Significant",0.34407188637341
"Lcu.1GRN.Chr3p389318847",3,389318847,9.82043126434722e-19,0.0879629629629629,NA,1.73856263320773e-14,"GLM","NYC","DTF_Nepal_2017",18.0078694397473,13.7598096588683,"Significant",10.8996825949873
"Lcu.1GRN.Chr1p367994170",1,367994170,1.01164904627178e-18,0.395161290322581,NA,1.0539116650386e-15,"GLM","NYC","Cotyledon_Color_RvsY",17.9949701235656,14.9771957885485,"Significant",-0.357195369161273
"Lcu.1GRN.Chr1p367580706",1,367580706,1.01202991912842e-18,0.37741935483871,NA,1.0539116650386e-15,"GLM","NYC","Cotyledon_Color_RvsY",17.9948066480493,14.9771957885485,"Significant",-0.348595960496683
"Lcu.1GRN.Chr1p366601096",1,366601096,1.02093313351886e-18,0.367741935483871,NA,1.05990189914302e-15,"GLM","NYC","Cotyledon_Color_RvsY",17.9910027012968,14.9747343296715,"Significant",-0.343245361145108
"Lcu.1GRN.Chr1p237426480",1,237426480,1.05309448485709e-18,0.343548387096774,NA,1.0899268695013e-15,"GLM","NYC","Cotyledon_Color_RvsY",17.9775326616624,14.9626026408094,"Significant",0.31196187549739
"Lcu.1GRN.Chr2p44213826",2,44213826,1.08862605326721e-18,0.0833333333333334,NA,1.83088939829666e-14,"GLM","NYC","DTF_Nepal_2017",17.9631212762519,13.737337890084,"Significant",11.9689327270801
"Lcu.1GRN.Chr1p365324936",1,365324936,1.11806337551633e-18,0.390322580645161,NA,4.47713837419406e-15,"MLM","NYC","Cotyledon_Color_RvsY",17.9515335785096,14.3489994827396,"Significant",-0.297845377657268
"Lcu.1GRN.Chr1p367608559",1,367608559,1.13196617254794e-18,0.45,NA,4.47948312425215e-15,"MLM","NYC","Cotyledon_Color_RvsY",17.9461665513238,14.3487720952062,"Significant",-0.28256877922137
"Lcu.1GRN.Chr1p367669140",1,367669140,1.14910249419483e-18,0.374193548387097,NA,4.49442044959106e-15,"MLM","NYC","Cotyledon_Color_RvsY",17.9396412326885,14.3473263021002,"Significant",-0.330120863929158
"Lcu.1GRN.Chr1p368421786",1,368421786,1.15996399778819e-18,0.274193548387097,NA,1.19685156455221e-15,"GLM","NYC","Cotyledon_Color_RvsY",17.935555489915,14.921959708151,"Significant",-0.41731826802669
"Lcu.1GRN.Chr1p367684157",1,367684157,1.17310354179659e-18,0.370967741935484,NA,4.53555539130451e-15,"MLM","NYC","Cotyledon_Color_RvsY",17.9306636540001,14.3433695247869,"Significant",-0.31403724954953
"Lcu.1GRN.Chr1p366659045",1,366659045,1.19880565240022e-18,0.348387096774194,NA,1.23314575192938e-15,"GLM","NYC","Cotyledon_Color_RvsY",17.9212512180116,14.9089855888401,"Significant",-0.357313007784614
"Lcu.1GRN.Chr1p366600919",1,366600919,1.25091448707884e-18,0.341935483870968,NA,1.28282424779039e-15,"GLM","NYC","Cotyledon_Color_RvsY",17.9027723778039,14.8918328396837,"Significant",-0.358046724930651
"Lcu.1GRN.Chr1p365081848",1,365081848,1.26244720842157e-18,0.369354838709677,NA,1.29071604910377e-15,"GLM","NYC","Cotyledon_Color_RvsY",17.8987867736612,14.8891692897793,"Significant",-0.357068939576074
"Lcu.1GRN.Chr1p364877675",1,364877675,1.30347046116701e-18,0.375806451612903,NA,4.98232327967457e-15,"MLM","NYC","Cotyledon_Color_RvsY",17.8848988062275,14.3025680965458,"Significant",-0.352314440337235
"Lcu.1GRN.Chr1p356480916",1,356480916,1.35869148837321e-18,0.5,NA,1.38490599960494e-15,"GLM","NYC","Cotyledon_Color_RvsY",17.8668791452599,14.8585797033059,"Significant",0.291164039380988
"Lcu.1GRN.Chr1p371692763",1,371692763,1.40457078943519e-18,0.382258064516129,NA,1.42734520462219e-15,"GLM","NYC","Cotyledon_Color_RvsY",17.8524563677573,14.8454709797011,"Significant",0.294868995494428
"Lcu.1GRN.Chr1p368422512",1,368422512,1.43110416278956e-18,0.37741935483871,NA,5.4087215047757e-15,"MLM","NYC","Cotyledon_Color_RvsY",17.8443287550045,14.2669053798175,"Significant",-0.294631766954165
"Lcu.1GRN.Chr1p360343472",1,360343472,1.45729897074339e-18,0.187096774193548,NA,1.47646771955434e-15,"GLM","NYC","Cotyledon_Color_RvsY",17.8364513418302,14.8307760437024,"Significant",-0.340146580632429
"Lcu.1GRN.Chr1p221123356",1,221123356,1.61990957115378e-18,0.348387096774194,NA,1.63628865681767e-15,"GLM","NYC","Cotyledon_Color_RvsY",17.7905092285716,14.7861400802461,"Significant",0.30597780841688
"Lcu.1GRN.Chr1p242323041",1,242323041,1.63183473189974e-18,0.338709677419355,NA,1.64339926127221e-15,"GLM","NYC","Cotyledon_Color_RvsY",17.7873238276033,14.784256912583,"Significant",0.313620200688011
"Lcu.1GRN.Chr1p367669241",1,367669241,1.63929672155538e-18,0.417741935483871,NA,1.64598603086393e-15,"GLM","NYC","Cotyledon_Color_RvsY",17.7853424296687,14.7835738548737,"Significant",-0.346768482177261
"Lcu.1GRN.Chr6p431657465",6,431657465,1.6451788687823e-18,0.313664596273292,NA,7.90548400793849e-14,"FarmCPU","NYC","DTF_Sask_2017_b",17.783786877348,13.1020715355304,"Significant",0.0303920886925368
"Lcu.1GRN.Chr1p368240797",1,368240797,1.72969796026486e-18,0.37741935483871,NA,1.7315872434536e-15,"GLM","NYC","Cotyledon_Color_RvsY",17.7620297267223,14.7615556222803,"Significant",-0.357362500642654
"Lcu.1GRN.Chr1p367886017",1,367886017,1.7546435058764e-18,0.359677419354839,NA,6.55782413490142e-15,"MLM","NYC","Cotyledon_Color_RvsY",17.7558111066383,14.1832402342458,"Significant",-0.30511422124851
"Lcu.1GRN.Chr1p320163120",1,320163120,1.75572548894128e-18,0.358064516129032,NA,1.75242764254811e-15,"GLM","NYC","Cotyledon_Color_RvsY",17.7555433859001,14.7563599049395,"Significant",0.308910522804992
"Lcu.1GRN.Chr1p364495473",1,364495473,1.85203020005683e-18,0.132258064516129,NA,1.84308237367608e-15,"GLM","NYC","Cotyledon_Color_RvsY",17.7323519357906,14.7344552542364,"Significant",-0.397888206193013
"Lcu.1GRN.Chr1p166307647",1,166307647,1.86844193662912e-18,0.379032258064516,NA,1.85392981975849e-15,"GLM","NYC","Cotyledon_Color_RvsY",17.7285203936631,14.7319067100343,"Significant",0.314824635538683
"Lcu.1GRN.Chr1p364568878",1,364568878,1.90956365182911e-18,0.474193548387097,NA,1.88915940257295e-15,"GLM","NYC","Cotyledon_Color_RvsY",17.7190658606332,14.7237313958436,"Significant",-0.314781128139248
"Lcu.1GRN.Chr1p359131844",1,359131844,1.92651317630632e-18,0.246774193548387,NA,1.90033858526284e-15,"GLM","NYC","Cotyledon_Color_RvsY",17.7152280163019,14.7211690134625,"Significant",-0.291544101841578
"Lcu.1GRN.Chr1p363532614",1,363532614,1.94330159891204e-18,0.133870967741936,NA,1.91129394421417e-15,"GLM","NYC","Cotyledon_Color_RvsY",17.7114597920001,14.7186725162243,"Significant",-0.404319888899173
"Lcu.1GRN.Chr1p90092725",1,90092725,1.98909266545872e-18,0.383870967741936,NA,1.95062720875322e-15,"GLM","NYC","Cotyledon_Color_RvsY",17.7013449840149,14.7098257222258,"Significant",0.301339116882685
"Lcu.1GRN.Chr1p82958658",1,82958658,2.04495067080796e-18,0.370967741935484,NA,1.99957535548739e-15,"GLM","NYC","Cotyledon_Color_RvsY",17.6893171637712,14.6990622245109,"Significant",0.292845185217889
"Lcu.1GRN.Chr1p364825899",1,364825899,2.09306094292894e-18,0.387096774193548,NA,2.04000440069501e-15,"GLM","NYC","Cotyledon_Color_RvsY",17.6792181262755,14.6903688957136,"Significant",-0.350254478879096
"Lcu.1GRN.Chr1p105972448",1,105972448,2.09842678574436e-18,0.375806451612903,NA,2.04000440069501e-15,"GLM","NYC","Cotyledon_Color_RvsY",17.6781061787527,14.6903688957136,"Significant",0.310413142730624
"Lcu.1GRN.Chr1p365313072",1,365313072,2.15481838892002e-18,0.409677419354839,NA,7.89499945617873e-15,"MLM","NYC","Cotyledon_Color_RvsY",17.6665893269016,14.1026478955706,"Significant",-0.289874955514404
"Lcu.1GRN.Chr1p365783623",1,365783623,2.15936744677225e-18,0.387096774193548,NA,7.89499945617873e-15,"MLM","NYC","Cotyledon_Color_RvsY",17.665673450057,14.1026478955706,"Significant",-0.292158851228811
"Lcu.1GRN.Chr1p367666916",1,367666916,2.34987304190729e-18,0.266129032258065,NA,2.2778667016923e-15,"GLM","NYC","Cotyledon_Color_RvsY",17.628955601,14.642471693959,"Significant",-0.419536130592126
"Lcu.1GRN.Chr1p367659089",1,367659089,2.39243939186161e-18,0.303225806451613,NA,2.31246454288022e-15,"GLM","NYC","Cotyledon_Color_RvsY",17.6211590554794,14.6359249175941,"Significant",-0.435377282998415
"Lcu.1GRN.Chr1p382267128",1,382267128,2.4149399548731e-18,0.311290322580645,NA,2.32752466418567e-15,"GLM","NYC","Cotyledon_Color_RvsY",17.617093663087,14.6331057082143,"Significant",-0.360943130892686
"Lcu.1GRN.Chr1p127890847",1,127890847,2.44022959269966e-18,0.340322580645161,NA,2.34517916402173e-15,"GLM","NYC","Cotyledon_Color_RvsY",17.6125693104844,14.6298239730028,"Significant",0.308288416564573
"Lcu.1GRN.Chr3p389104888",3,389104888,2.47588562514191e-18,0.0802469135802469,NA,3.96574390510527e-14,"GLM","NYC","DTF_Nepal_2017",17.606269421654,13.401675334556,"Significant",11.5198754558065
"Lcu.1GRN.Chr1p363516764",1,363516764,2.49836899575097e-18,0.104838709677419,NA,2.39421334471159e-15,"GLM","NYC","Cotyledon_Color_RvsY",17.6023434182502,14.6208371528842,"Significant",-0.459699759838467
"Lcu.1GRN.Chr1p71370565",1,71370565,2.52918013805693e-18,0.420967741935484,NA,2.41685436220964e-15,"GLM","NYC","Cotyledon_Color_RvsY",17.59702023741,14.6167495190563,"Significant",0.335126919490065
"Lcu.1GRN.Chr1p367432846",1,367432846,2.57729900163618e-18,0.295161290322581,NA,2.45585930108599e-15,"GLM","NYC","Cotyledon_Color_RvsY",17.5888351944767,14.6097965180326,"Significant",-0.380987303087527
"Lcu.1GRN.Chr1p367423053",1,367423053,2.59939489600893e-18,0.391935483870968,NA,9.40162003210576e-15,"MLM","NYC","Cotyledon_Color_RvsY",17.5851277381481,14.0267973048702,"Significant",-0.318306887923441
"Lcu.1GRN.Chr1p384160081",1,384160081,2.71627565462183e-18,0.425806451612903,NA,2.5809759692604e-15,"GLM","NYC","Cotyledon_Color_RvsY",17.5660261588369,14.5882160390308,"Significant",0.307645928814442
"Lcu.1GRN.Chr1p356427516",1,356427516,2.79232550449367e-18,0.483870967741935,NA,2.64576381118316e-15,"GLM","NYC","Cotyledon_Color_RvsY",17.5540339569065,14.5774489281297,"Significant",-0.276735201859773
"Lcu.1GRN.Chr1p367612945",1,367612945,2.88028988203669e-18,0.329032258064516,NA,2.71962253681124e-15,"GLM","NYC","Cotyledon_Color_RvsY",17.5405638011875,14.5654913685965,"Significant",-0.353536002914207
"Lcu.1GRN.Chr1p353675504",1,353675504,2.8864461901483e-18,0.216129032258065,NA,2.71962253681124e-15,"GLM","NYC","Cotyledon_Color_RvsY",17.5396365343162,14.5654913685965,"Significant",-0.311154305411238
"Lcu.1GRN.Chr1p356073219",1,356073219,2.91188541332456e-18,0.425806451612903,NA,2.73592782353e-15,"GLM","NYC","Cotyledon_Color_RvsY",17.5358257191049,14.5628953639169,"Significant",-0.278163658341281
"Lcu.1GRN.Chr2p44214041",2,44214041,2.97993450833232e-18,0.0864197530864198,NA,4.55614377620099e-14,"GLM","NYC","DTF_Nepal_2017",17.5257932805487,13.3414025795391,"Significant",11.6775479237818
"Lcu.1GRN.Chr1p365302765",1,365302765,3.0495281615785e-18,0.387096774193548,NA,1.09123472247412e-14,"MLM","NYC","Cotyledon_Color_RvsY",17.5157673516942,13.962081823462,"Significant",-0.295497144308825
"Lcu.1GRN.Chr1p363513837",1,363513837,3.09162384826047e-18,0.0870967741935483,NA,2.89671375757055e-15,"GLM","NYC","Cotyledon_Color_RvsY",17.5098133512874,14.5380944180339,"Significant",-0.530785071517829
"Lcu.1GRN.Chr1p365319091",1,365319091,3.11763093985399e-18,0.395161290322581,NA,1.10386122773249e-14,"MLM","NYC","Cotyledon_Color_RvsY",17.506175297188,13.957085520645,"Significant",-0.291033744478606
"Lcu.1GRN.Chr2p44640760",2,44640760,3.19679066827133e-18,0.108024691358025,NA,4.67519515962793e-14,"GLM","NYC","DTF_Nepal_2017",17.4952858011982,13.3302002553839,"Significant",11.0526869380078
"Lcu.1GRN.Chr1p362573228",1,362573228,3.2649834517338e-18,0.119354838709677,NA,3.05064635752595e-15,"GLM","NYC","Cotyledon_Color_RvsY",17.4861190155647,14.5156081345001,"Significant",-0.428509202581203
"Lcu.1GRN.Chr2p44640614",2,44640614,3.40790224899185e-18,0.0941358024691358,NA,4.776274399111e-14,"GLM","NYC","DTF_Nepal_2017",17.467512870869,13.3209107307488,"Significant",11.1601556141479
"Lcu.1GRN.Chr1p366877086",1,366877086,3.41133044519563e-18,0.364516129032258,NA,3.17855675307235e-15,"GLM","NYC","Cotyledon_Color_RvsY",17.4670762097705,14.4977700298443,"Significant",-0.338217804625373
"Lcu.1GRN.Chr1p366878590",1,366878590,3.43495335731057e-18,0.364516129032258,NA,3.19172639762012e-15,"GLM","NYC","Cotyledon_Color_RvsY",17.4640791557806,14.4959743444819,"Significant",-0.358427050185415
"Lcu.1GRN.Chr1p367658998",1,367658998,3.47542946475157e-18,0.338709677419355,NA,1.21772894038551e-14,"MLM","NYC","Cotyledon_Color_RvsY",17.4589915212473,13.914449372455,"Significant",-0.374471058250245
"Lcu.1GRN.Chr1p367671503",1,367671503,3.51308473935394e-18,0.325806451612903,NA,3.25533271218255e-15,"GLM","NYC","Cotyledon_Color_RvsY",17.4543113744351,14.4874046176394,"Significant",-0.354368625025148
"Lcu.1GRN.Chr1p363891019",1,363891019,3.61093352737349e-18,0.12741935483871,NA,3.33681010385175e-15,"GLM","NYC","Cotyledon_Color_RvsY",17.4423805063006,14.4766685081177,"Significant",-0.397344757003072
"Lcu.1GRN.Chr1p365313175",1,365313175,3.76742887281145e-18,0.393548387096774,NA,1.2546918293673e-14,"MLM","NYC","Cotyledon_Color_RvsY",17.4239549382003,13.9014629301511,"Significant",-0.291683025287458
"Lcu.1GRN.Chr1p365324533",1,365324533,3.76742887281145e-18,0.393548387096774,NA,1.2546918293673e-14,"MLM","NYC","Cotyledon_Color_RvsY",17.4239549382003,13.9014629301511,"Significant",-0.291683025287458
"Lcu.1GRN.Chr1p365325118",1,365325118,3.76742887281145e-18,0.393548387096774,NA,1.2546918293673e-14,"MLM","NYC","Cotyledon_Color_RvsY",17.4239549382003,13.9014629301511,"Significant",-0.291683025287458
"Lcu.1GRN.Chr1p365386981",1,365386981,3.76742887281145e-18,0.393548387096774,NA,1.2546918293673e-14,"MLM","NYC","Cotyledon_Color_RvsY",17.4239549382003,13.9014629301511,"Significant",-0.291683025287458
"Lcu.1GRN.Chr1p365782304",1,365782304,3.76742887281145e-18,0.393548387096774,NA,1.2546918293673e-14,"MLM","NYC","Cotyledon_Color_RvsY",17.4239549382003,13.9014629301511,"Significant",-0.291683025287458
"Lcu.1GRN.Chr1p366600877",1,366600877,3.84301362110113e-18,0.354838709677419,NA,3.5415423635313e-15,"GLM","NYC","Cotyledon_Color_RvsY",17.4153280762282,14.4508075588528,"Significant",-0.3463934866126
"Lcu.1GRN.Chr1p368326641",1,368326641,3.9112809544382e-18,0.453225806451613,NA,1.28982925568776e-14,"MLM","NYC","Cotyledon_Color_RvsY",17.4076809867634,13.8894677766934,"Significant",-0.295852596557372
"Lcu.1GRN.Chr3p389084910",3,389084910,4.23410111823113e-18,0.0910493827160493,NA,5.47773804167712e-14,"GLM","NYC","DTF_Nepal_2017",17.3732387744306,13.2613987405695,"Significant",10.4099208034075
"Lcu.1GRN.Chr3p389093449",3,389093449,4.23410111823113e-18,0.0910493827160493,NA,5.47773804167712e-14,"GLM","NYC","DTF_Nepal_2017",17.3732387744306,13.2613987405695,"Significant",10.4099208034075
"Lcu.1GRN.Chr1p367960316",1,367960316,4.25416426968479e-18,0.359677419354839,NA,1.3892820125253e-14,"MLM","NYC","Cotyledon_Color_RvsY",17.3711857443251,13.8572095871984,"Significant",-0.311808186554923
"Lcu.1GRN.Chr1p345508087",1,345508087,4.38320511431176e-18,0.388709677419355,NA,4.02832118766586e-15,"GLM","NYC","Cotyledon_Color_RvsY",17.3582082058394,14.394875909402,"Significant",0.309721656295418
"Lcu.1GRN.Chr1p366366758",1,366366758,4.53458816985446e-18,0.374193548387097,NA,4.15609214967148e-15,"GLM","NYC","Cotyledon_Color_RvsY",17.3434621493274,14.3813148317476,"Significant",-0.338960420565253
"Lcu.1GRN.Chr1p367658966",1,367658966,4.61088975237192e-18,0.316129032258065,NA,4.21454117754371e-15,"GLM","NYC","Cotyledon_Color_RvsY",17.3362152617556,14.3752496985973,"Significant",-0.428826835493582
"Lcu.1GRN.Chr1p367886997",1,367886997,4.81604468385592e-18,0.417741935483871,NA,4.39013144220749e-15,"GLM","NYC","Cotyledon_Color_RvsY",17.3173094922938,14.357522476621,"Significant",-0.348158424610345
"Lcu.1GRN.Chr1p363528957",1,363528957,4.86146030611262e-18,0.120967741935484,NA,4.40669886632433e-15,"GLM","NYC","Cotyledon_Color_RvsY",17.3132332559178,14.3558866261776,"Significant",-0.434993065279043
"Lcu.1GRN.Chr1p368966032",1,368966032,4.86480915100052e-18,0.390322580645161,NA,4.40669886632433e-15,"GLM","NYC","Cotyledon_Color_RvsY",17.3129341926604,14.3558866261776,"Significant",-0.34035745151491
"Lcu.1GRN.Chr1p129132492",1,129132492,4.87352201099588e-18,0.346774193548387,NA,4.40669886632433e-15,"GLM","NYC","Cotyledon_Color_RvsY",17.3121570681276,14.3558866261776,"Significant",0.305544418398453
"Lcu.1GRN.Chr1p379851059",1,379851059,4.99114616884634e-18,0.406451612903226,NA,4.50095673827437e-15,"GLM","NYC","Cotyledon_Color_RvsY",17.3017997113613,14.3466951613381,"Significant",-0.326933871661023
"Lcu.1GRN.Chr1p366878508",1,366878508,5.00935219219893e-18,0.367741935483871,NA,4.50529617335127e-15,"GLM","NYC","Cotyledon_Color_RvsY",17.3002184333232,14.3462766536918,"Significant",-0.343788668183531
"Lcu.1GRN.Chr1p365080585",1,365080585,5.23183482921275e-18,0.354838709677419,NA,4.69284422932748e-15,"GLM","NYC","Cotyledon_Color_RvsY",17.2813459752904,14.3285638611862,"Significant",-0.339153721223842
"Lcu.1GRN.Chr1p353680606",1,353680606,5.38697712862449e-18,0.212903225806452,NA,4.80789493854551e-15,"GLM","NYC","Cotyledon_Color_RvsY",17.2686548683251,14.3180450310445,"Significant",-0.299515162820122
"Lcu.1GRN.Chr1p367497269",1,367497269,5.38868673749701e-18,0.290322580645161,NA,4.80789493854551e-15,"GLM","NYC","Cotyledon_Color_RvsY",17.2685170626706,14.3180450310445,"Significant",-0.369015092561341
"Lcu.1GRN.Chr3p389084966",3,389084966,5.42572422951633e-18,0.095679012345679,NA,6.59580558635388e-14,"GLM","NYC","DTF_Nepal_2017",17.2655422836748,13.1807321538186,"Significant",10.2603841747465
"Lcu.1GRN.Chr3p389085143",3,389085143,5.49050758302415e-18,0.0925925925925926,NA,6.59580558635388e-14,"GLM","NYC","DTF_Nepal_2017",17.2603875043083,13.1807321538186,"Significant",10.3164703032427
"Lcu.1GRN.Chr1p365687251",1,365687251,5.54239070659473e-18,0.414516129032258,NA,1.79257436038957e-14,"MLM","NYC","Cotyledon_Color_RvsY",17.2563028622172,13.7465228196841,"Significant",-0.293569106877106
"Lcu.1GRN.Chr1p366600928",1,366600928,5.65131965694416e-18,0.356451612903226,NA,1.81039756099746e-14,"MLM","NYC","Cotyledon_Color_RvsY",17.2478501269048,13.7422260441428,"Significant",-0.305544822879429
"Lcu.1GRN.Chr1p367960388",1,367960388,5.80044601941402e-18,0.361290322580645,NA,1.84064021340777e-14,"MLM","NYC","Cotyledon_Color_RvsY",17.2365386105193,13.7350310939522,"Significant",-0.305929581724512
"Lcu.1GRN.Chr1p366601108",1,366601108,5.8204215650297e-18,0.359677419354839,NA,5.17935910202208e-15,"GLM","NYC","Cotyledon_Color_RvsY",17.2350455588663,14.2857239768717,"Significant",-0.339052017197716
"Lcu.1GRN.Chr1p359850497",1,359850497,5.88542023496963e-18,0.206451612903226,NA,5.21084016778855e-15,"GLM","NYC","Cotyledon_Color_RvsY",17.2302225219093,14.2830922477528,"Significant",-0.303117602780856
"Lcu.1GRN.Chr1p367683624",1,367683624,5.88678218659872e-18,0.398387096774194,NA,5.21084016778855e-15,"GLM","NYC","Cotyledon_Color_RvsY",17.2301220329679,14.2830922477528,"Significant",-0.335469593368388
"Lcu.1GRN.Chr1p241013140",1,241013140,6.01714996912573e-18,0.47741935483871,NA,5.31225901224387e-15,"GLM","NYC","Cotyledon_Color_RvsY",17.2206091641852,14.274720758029,"Significant",0.284452146862775
"Lcu.1GRN.Chr1p343652972",1,343652972,6.05491004868893e-18,0.362903225806452,NA,5.33160190666846e-15,"GLM","NYC","Cotyledon_Color_RvsY",17.2178923043208,14.2731422854006,"Significant",0.307455035354297
"Lcu.1GRN.Chr1p356198121",1,356198121,6.50668795344305e-18,0.462903225806452,NA,5.71445197607253e-15,"GLM","NYC","Cotyledon_Color_RvsY",17.1866400205825,14.2430254127192,"Significant",-0.270358591898355
"Lcu.1GRN.Chr1p364489604",1,364489604,6.65143378866297e-18,0.138709677419355,NA,5.82636153435207e-15,"GLM","NYC","Cotyledon_Color_RvsY",17.1770847277215,14.2346025702572,"Significant",-0.389476513971908
"Lcu.1GRN.Chr1p367498128",1,367498128,6.73891351716365e-18,0.246774193548387,NA,5.88765746240983e-15,"GLM","NYC","Cotyledon_Color_RvsY",17.1714101170457,14.2300574647223,"Significant",-0.413846602708808
"Lcu.1GRN.Chr1p355271669",1,355271669,6.88380709524083e-18,0.498387096774194,NA,5.99866720519397e-15,"GLM","NYC","Cotyledon_Color_RvsY",17.1621713083977,14.2219452312376,"Significant",0.306289148030167
"Lcu.1GRN.Chr1p362779158",1,362779158,7.00465162129257e-18,0.138709677419355,NA,6.07250941211164e-15,"GLM","NYC","Cotyledon_Color_RvsY",17.1546134596234,14.2166318033857,"Significant",-0.381294389418662
"Lcu.1GRN.Chr1p362779161",1,362779161,7.00465162129257e-18,0.138709677419355,NA,6.07250941211164e-15,"GLM","NYC","Cotyledon_Color_RvsY",17.1546134596234,14.2166318033857,"Significant",-0.381294389418662
"Lcu.1GRN.Chr1p366601044",1,366601044,7.16736765724155e-18,0.351612903225806,NA,6.19759886057421e-15,"GLM","NYC","Cotyledon_Color_RvsY",17.1446403173923,14.2077765368862,"Significant",-0.339263380099558
"Lcu.1GRN.Chr1p356073143",1,356073143,7.32228880720063e-18,0.433870967741935,NA,6.3153238954145e-15,"GLM","NYC","Cotyledon_Color_RvsY",17.1353531455856,14.1996043707802,"Significant",-0.289010349348135
"Lcu.1GRN.Chr1p367608441",1,367608441,7.42274787538867e-18,0.403225806451613,NA,6.38559446189478e-15,"GLM","NYC","Cotyledon_Color_RvsY",17.1294352906513,14.1947986662153,"Significant",-0.333732718993528
"Lcu.1GRN.Chr1p365311989",1,365311989,8.79815930707624e-18,0.390322580645161,NA,2.76580416041431e-14,"MLM","NYC","Cotyledon_Color_RvsY",17.0556081785767,13.5581785744301,"Significant",-0.286650923910113
"Lcu.1GRN.Chr3p389084292",3,389084292,8.86211058860289e-18,0.0925925925925926,NA,1.02790398357124e-13,"GLM","NYC","DTF_Nepal_2017",17.0524628347918,12.9880474508589,"Significant",10.2577495367057
"Lcu.1GRN.Chr1p374603866",1,374603866,8.92412383186159e-18,0.432258064516129,NA,7.65760398201987e-15,"GLM","NYC","Cotyledon_Color_RvsY",17.0494344120412,14.1159070972297,"Significant",-0.321895952053309
"Lcu.1GRN.Chr1p356198470",1,356198470,8.9611376107367e-18,0.448387096774194,NA,7.66979891783886e-15,"GLM","NYC","Cotyledon_Color_RvsY",17.0476368534289,14.1152160219725,"Significant",-0.266342948180116
"Lcu.1GRN.Chr1p367969103",1,367969103,9.13174429157738e-18,0.369354838709677,NA,2.84409021493056e-14,"MLM","NYC","Cotyledon_Color_RvsY",17.0394462581883,13.5460566318434,"Significant",-0.301098330301789
"Lcu.1GRN.Chr1p365303305",1,365303305,9.6145310591682e-18,0.385483870967742,NA,2.94449807994512e-14,"MLM","NYC","Cotyledon_Color_RvsY",17.0170718932645,13.5309887245399,"Significant",-0.284672778772321
"Lcu.1GRN.Chr1p366600919",1,366600919,9.62920823963003e-18,0.341935483870968,NA,2.94449807994512e-14,"MLM","NYC","Cotyledon_Color_RvsY",17.0164094212136,13.5309887245399,"Significant",-0.311385489920509
"Lcu.1GRN.Chr1p113802146",1,113802146,1.00174863494558e-17,0.346774193548387,NA,8.54486676573724e-15,"GLM","NYC","Cotyledon_Color_RvsY",16.9992412406956,14.0682947045472,"Significant",0.304300506422345
"Lcu.1GRN.Chr1p79938927",1,79938927,1.00343445476703e-17,0.345161290322581,NA,8.54486676573724e-15,"GLM","NYC","Cotyledon_Color_RvsY",16.9985109907527,14.0682947045472,"Significant",0.297969039527541
"Lcu.1GRN.Chr1p365987502",1,365987502,1.01795728898848e-17,0.391935483870968,NA,3.08474990473143e-14,"MLM","NYC","Cotyledon_Color_RvsY",16.992270443557,13.5107800405118,"Significant",-0.285883876852495
"Lcu.1GRN.Chr1p356410119",1,356410119,1.11473878355873e-17,0.456451612903226,NA,9.46872071740657e-15,"GLM","NYC","Cotyledon_Color_RvsY",16.9528268888039,14.0237086928976,"Significant",-0.271774222316686
"Lcu.1GRN.Chr1p367561543",1,367561543,1.12745570966108e-17,0.306451612903226,NA,9.55261699474987e-15,"GLM","NYC","Cotyledon_Color_RvsY",16.9479005096962,14.0198776346274,"Significant",-0.351358663217867
"Lcu.1GRN.Chr1p363534082",1,363534082,1.15371213318382e-17,0.0983870967741935,NA,9.67757329433025e-15,"GLM","NYC","Cotyledon_Color_RvsY",16.9379025400238,14.0142335308121,"Significant",-0.445583406929253
"Lcu.1GRN.Chr1p363534099",1,363534099,1.15371213318382e-17,0.0983870967741935,NA,9.67757329433025e-15,"GLM","NYC","Cotyledon_Color_RvsY",16.9379025400238,14.0142335308121,"Significant",-0.445583406929253
"Lcu.1GRN.Chr1p363534168",1,363534168,1.15371213318382e-17,0.0983870967741935,NA,9.67757329433025e-15,"GLM","NYC","Cotyledon_Color_RvsY",16.9379025400238,14.0142335308121,"Significant",-0.445583406929253
"Lcu.1GRN.Chr1p363534177",1,363534177,1.15371213318382e-17,0.0983870967741935,NA,9.67757329433025e-15,"GLM","NYC","Cotyledon_Color_RvsY",16.9379025400238,14.0142335308121,"Significant",-0.445583406929253
"Lcu.1GRN.Chr1p367989646",1,367989646,1.16563560523832e-17,0.369354838709677,NA,3.50072635381425e-14,"MLM","NYC","Cotyledon_Color_RvsY",16.9334371951756,13.455841836014,"Significant",-0.325108127795447
"Lcu.1GRN.Chr1p387800692",1,387800692,1.16647175689766e-17,0.109677419354839,NA,9.76026381722375e-15,"GLM","NYC","Cotyledon_Color_RvsY",16.9331257720627,14.0105384433153,"Significant",-0.426947317206468
"Lcu.1GRN.Chr1p368780466",1,368780466,1.21437822866549e-17,0.383870967741936,NA,1.01358997925937e-14,"GLM","NYC","Cotyledon_Color_RvsY",16.9156460273966,13.9941376917058,"Significant",-0.331517048365928
"Lcu.1GRN.Chr1p367989648",1,367989648,1.30446058134715e-17,0.367741935483871,NA,3.88298665810616e-14,"MLM","NYC","Cotyledon_Color_RvsY",16.8845690400303,13.4108341016818,"Significant",-0.326083621083278
"Lcu.1GRN.Chr1p366878495",1,366878495,1.30836984164148e-17,0.379032258064516,NA,1.08933771911737e-14,"GLM","NYC","Cotyledon_Color_RvsY",16.8832694750634,13.9628374583422,"Significant",-0.345172169305266
"Lcu.1GRN.Chr3p212553749",3,212553749,1.34111461645861e-17,0.187096774193548,NA,1.11384370418354e-14,"GLM","NYC","Cotyledon_Color_RvsY",16.8725341042003,13.9531757455831,"Significant",-0.660478307130707
"Lcu.1GRN.Chr1p365198828",1,365198828,1.34781787380013e-17,0.348387096774194,NA,1.11665382944958e-14,"GLM","NYC","Cotyledon_Color_RvsY",16.8703687886222,13.9520814403675,"Significant",-0.337381896368653
"Lcu.1GRN.Chr1p268111360",1,268111360,1.39736117028155e-17,0.35,NA,1.15485549082087e-14,"GLM","NYC","Cotyledon_Color_RvsY",16.8546913290413,13.9374723564346,"Significant",0.299442438242951
"Lcu.1GRN.Chr1p362779326",1,362779326,1.44333579051204e-17,0.262903225806452,NA,1.18992776923324e-14,"GLM","NYC","Cotyledon_Color_RvsY",16.8406326190095,13.9244794002676,"Significant",-0.313379147692012
"Lcu.1GRN.Chr3p389315999",3,389315999,1.45829239181028e-17,0.095679012345679,NA,1.62645311082598e-13,"GLM","NYC","DTF_Nepal_2017",16.8361553899971,12.7887584525193,"Significant",10.4318727448978
"Lcu.1GRN.Chr3p389085071",3,389085071,1.49895936389733e-17,0.0987654320987654,NA,1.62645311082598e-13,"GLM","NYC","DTF_Nepal_2017",16.8242101405169,12.7887584525193,"Significant",10.0149605412612
"Lcu.1GRN.Chr1p160876835",1,160876835,1.55428594018321e-17,0.364516129032258,NA,1.27826527834133e-14,"GLM","NYC","Cotyledon_Color_RvsY",16.8084690815324,13.8933790077079,"Significant",0.298883450841091
"Lcu.1GRN.Chr1p367483630",1,367483630,1.60505371123966e-17,0.212903225806452,NA,1.31679780899647e-14,"GLM","NYC","Cotyledon_Color_RvsY",16.7945104298605,13.8804809047484,"Significant",-0.527145934015037
"Lcu.1GRN.Chr1p365311739",1,365311739,1.61106354381399e-17,0.374193548387097,NA,4.75358430738668e-14,"MLM","NYC","Cotyledon_Color_RvsY",16.7928873297338,13.3229787992384,"Significant",-0.269625001092711
"Lcu.1GRN.Chr1p86345009",1,86345009,1.63473899213678e-17,0.437096774193548,NA,1.33788868751355e-14,"GLM","NYC","Cotyledon_Color_RvsY",16.7865515783698,13.873580018414,"Significant",0.283510731304822
"Lcu.1GRN.Chr1p369133465",1,369133465,1.70156918338523e-17,0.406451612903226,NA,4.97697149137165e-14,"MLM","NYC","Cotyledon_Color_RvsY",16.7691503884126,13.3030348469344,"Significant",-0.290313067241344
"Lcu.1GRN.Chr1p359850701",1,359850701,1.70360192529265e-17,0.204838709677419,NA,1.39086278836144e-14,"GLM","NYC","Cotyledon_Color_RvsY",16.7686318777885,13.8567157119898,"Significant",-0.310971759596336
"Lcu.1GRN.Chr1p367669176",1,367669176,1.72667556368428e-17,0.37258064516129,NA,5.00686792525682e-14,"MLM","NYC","Cotyledon_Color_RvsY",16.7627892571854,13.3004338645805,"Significant",-0.311935556640965
"Lcu.1GRN.Chr1p382055192",1,382055192,1.79722023756873e-17,0.241935483870968,NA,1.46374232360843e-14,"GLM","NYC","Cotyledon_Color_RvsY",16.7453986996857,13.8345353695102,"Significant",-0.407480141549705
"Lcu.1GRN.Chr1p367422894",1,367422894,1.82575616526423e-17,0.409677419354839,NA,1.48339160396482e-14,"GLM","NYC","Cotyledon_Color_RvsY",16.7385572241463,13.8287441834354,"Significant",-0.326618092715284
"Lcu.1GRN.Chr1p365326117",1,365326117,1.99509004886029e-17,0.395161290322581,NA,5.71399651649658e-14,"MLM","NYC","Cotyledon_Color_RvsY",16.7000374975509,13.2430600287182,"Significant",-0.270380042665085
"Lcu.1GRN.Chr1p367587823",1,367587823,2.00451170580526e-17,0.398387096774194,NA,5.71399651649658e-14,"MLM","NYC","Cotyledon_Color_RvsY",16.6979914032439,13.2430600287182,"Significant",-0.281082410429433
"Lcu.1GRN.Chr1p367801365",1,367801365,2.03191840119816e-17,0.319354838709677,NA,1.64691637796584e-14,"GLM","NYC","Cotyledon_Color_RvsY",16.6920937366543,13.7833284515345,"Significant",-0.354787596269569
"Lcu.1GRN.Chr1p332761262",1,332761262,2.11929649064402e-17,0.356451612903226,NA,1.71360914102995e-14,"GLM","NYC","Cotyledon_Color_RvsY",16.6738082810225,13.7660882298174,"Significant",0.30353494577979
"Lcu.1GRN.Chr1p367885988",1,367885988,2.1284794630835e-17,0.348387096774194,NA,6.01638866856308e-14,"MLM","NYC","Cotyledon_Color_RvsY",16.6719305358146,13.2206641153752,"Significant",-0.293330290651346
"Lcu.1GRN.Chr1p365316514",1,365316514,2.20318675932781e-17,0.388709677419355,NA,6.17566100562349e-14,"MLM","NYC","Cotyledon_Color_RvsY",16.6569486870945,13.2093165513102,"Significant",-0.283552274052024
"Lcu.1GRN.Chr1p367484007",1,367484007,2.20540937583747e-17,0.270967741935484,NA,1.77896147607271e-14,"GLM","NYC","Cotyledon_Color_RvsY",16.6565107834455,13.7498334565873,"Significant",-0.379603160523117
"Lcu.1GRN.Chr2p44640525",2,44640525,2.24925297030775e-17,0.100308641975309,NA,2.36429523082346e-13,"GLM","NYC","DTF_Nepal_2017",16.6479616973299,12.6262982938179,"Significant",10.3195134312372
"Lcu.1GRN.Chr5p1658484",5,1658484,2.26403245093378e-17,0.123456790123457,NA,7.61545803423241e-12,"MLMM","NYC","DTF_Nepal_2017",16.6451173525896,11.1183039707577,"Significant",12.2760018062393
"Lcu.1GRN.Chr1p368421758",1,368421758,2.31368406473037e-17,0.287096774193548,NA,1.861187349721e-14,"GLM","NYC","Cotyledon_Color_RvsY",16.6356959445683,13.730209907979,"Significant",-0.376850911123828
"Lcu.1GRN.Chr1p355871275",1,355871275,2.31841262529648e-17,0.209677419354839,NA,1.861187349721e-14,"GLM","NYC","Cotyledon_Color_RvsY",16.6348092668446,13.730209907979,"Significant",-0.299050450250815
"Lcu.1GRN.Chr1p367669159",1,367669159,2.32306635958026e-17,0.370967741935484,NA,6.45787489399119e-14,"MLM","NYC","Cotyledon_Color_RvsY",16.6339383841783,13.1899103726629,"Significant",-0.306528260643999
"Lcu.1GRN.Chr1p355048743",1,355048743,2.34212264081451e-17,0.495161290322581,NA,1.87574468172108e-14,"GLM","NYC","Cotyledon_Color_RvsY",16.6303903676605,13.7268262762266,"Significant",-0.30024000753727
"Lcu.1GRN.Chr1p363356987",1,363356987,2.37441271613034e-17,0.132258064516129,NA,1.89708808096583e-14,"GLM","NYC","Cotyledon_Color_RvsY",16.6244437905375,13.7219125045413,"Significant",-0.40788099027257
"Lcu.1GRN.Chr1p367659089",1,367659089,2.46684751320501e-17,0.303225806451613,NA,6.80136145470681e-14,"MLM","NYC","Cotyledon_Color_RvsY",16.6078576953503,13.1674041441932,"Significant",-0.382034168139766
"Lcu.1GRN.Chr1p365324212",1,365324212,2.58920073233308e-17,0.395161290322581,NA,7.08066408725757e-14,"MLM","NYC","Cotyledon_Color_RvsY",16.5868342788176,13.1499260084252,"Significant",-0.277641616460053
"Lcu.1GRN.Chr1p345182976",1,345182976,2.64440370939012e-17,0.361290322580645,NA,2.10779654624746e-14,"GLM","NYC","Cotyledon_Color_RvsY",16.5776722423118,13.6761713114416,"Significant",0.308215042129107
"Lcu.1GRN.Chr1p365198828",1,365198828,2.65430998532647e-17,0.348387096774194,NA,7.20017973253475e-14,"MLM","NYC","Cotyledon_Color_RvsY",16.5760483591448,13.1426566624751,"Significant",-0.319090735658839
"Lcu.1GRN.Chr1p308653414",1,308653414,2.66345470829963e-17,0.356451612903226,NA,2.11796281292346e-14,"GLM","NYC","Cotyledon_Color_RvsY",16.5745546839375,13.6740816694806,"Significant",0.29398914495305
"Lcu.1GRN.Chr2p44640784",2,44640784,2.70788332139366e-17,0.115740740740741,NA,2.74462579345313e-13,"GLM","NYC","DTF_Nepal_2017",16.5673700526777,12.5615168595624,"Significant",10.6599843514076
"Lcu.1GRN.Chr1p365783601",1,365783601,2.76408715398625e-17,0.346774193548387,NA,7.43798162979914e-14,"MLM","NYC","Cotyledon_Color_RvsY",16.5584482674127,13.1285448985889,"Significant",-0.309415640137093
"Lcu.1GRN.Chr2p43484481",2,43484481,2.77426968095582e-17,0.0848765432098766,NA,2.74462579345313e-13,"GLM","NYC","DTF_Nepal_2017",16.556851324352,12.5615168595624,"Significant",11.2143926816993
"Lcu.1GRN.Chr1p68029383",1,68029383,2.81324749132198e-17,0.414516129032258,NA,2.23180098800354e-14,"GLM","NYC","Cotyledon_Color_RvsY",16.550792059734,13.6513445344949,"Significant",0.323305737526904
"Lcu.1GRN.Chr1p103420311",1,103420311,2.95080812956445e-17,0.451612903225806,NA,2.33154461932699e-14,"GLM","NYC","Cotyledon_Color_RvsY",16.5300590287178,13.6323562689326,"Significant",0.322508701092025
"Lcu.1GRN.Chr1p367659099",1,367659099,2.95284022461566e-17,0.338709677419355,NA,2.33154461932699e-14,"GLM","NYC","Cotyledon_Color_RvsY",16.5297600516618,13.6323562689326,"Significant",-0.376760708141651
"Lcu.1GRN.Chr1p367493725",1,367493725,2.99603993482205e-17,0.293548387096774,NA,2.36011467156039e-14,"GLM","NYC","Cotyledon_Color_RvsY",16.523452402135,13.6270668953282,"Significant",-0.352919360321493
"Lcu.1GRN.Chr1p365084519",1,365084519,3.05978594362093e-17,0.361290322580645,NA,2.40469864135033e-14,"GLM","NYC","Cotyledon_Color_RvsY",16.5143089548112,13.6189393419925,"Significant",-0.336046954395642
"Lcu.1GRN.Chr1p367960224",1,367960224,3.07630258820393e-17,0.288709677419355,NA,2.40776636858905e-14,"GLM","NYC","Cotyledon_Color_RvsY",16.5119709491293,13.6183856560168,"Significant",-0.365147540343187
"Lcu.1GRN.Chr1p109737273",1,109737273,3.07800568573401e-17,0.345161290322581,NA,2.40776636858905e-14,"GLM","NYC","Cotyledon_Color_RvsY",16.5117305822691,13.6183856560168,"Significant",0.298164232953591
"Lcu.1GRN.Chr1p367562739",1,367562739,3.13882786828259e-17,0.291935483870968,NA,2.44964759529144e-14,"GLM","NYC","Cotyledon_Color_RvsY",16.5032325001345,13.6108963884634,"Significant",-0.340788174857189
"Lcu.1GRN.Chr1p364547480",1,364547480,3.24490301608667e-17,0.483870967741935,NA,2.52657012225006e-14,"GLM","NYC","Cotyledon_Color_RvsY",16.4887982788968,13.5974686438799,"Significant",0.325127693503279
"Lcu.1GRN.Chr1p368048554",1,368048554,3.28438011376383e-17,0.374193548387097,NA,2.5514020455575e-14,"GLM","NYC","Cotyledon_Color_RvsY",16.4835465860967,13.5932211006182,"Significant",-0.332751401581025
"Lcu.1GRN.Chr1p369008519",1,369008519,3.3784213061771e-17,0.354838709677419,NA,9.01896380551487e-14,"MLM","NYC","Cotyledon_Color_RvsY",16.4712861926754,13.0448433559611,"Significant",-0.299764769460908
"Lcu.1GRN.Chr1p134018019",1,134018019,3.46361301045969e-17,0.417741935483871,NA,2.68443575458363e-14,"GLM","NYC","Cotyledon_Color_RvsY",16.4604706376739,13.5711469853546,"Significant",0.295659707904008
"Lcu.1GRN.Chr1p373776368",1,373776368,3.50288173188935e-17,0.4,NA,2.70862947013891e-14,"GLM","NYC","Cotyledon_Color_RvsY",16.4555745255584,13.5672504006812,"Significant",-0.30211235248656
"Lcu.1GRN.Chr1p367435553",1,367435553,3.51836024947254e-17,0.387096774193548,NA,2.71435844503287e-14,"GLM","NYC","Cotyledon_Color_RvsY",16.4536596946261,13.5663328020629,"Significant",-0.327097982138854
"Lcu.1GRN.Chr1p103470891",1,103470891,3.68382190522141e-17,0.411290322580645,NA,2.83550600181604e-14,"GLM","NYC","Cotyledon_Color_RvsY",16.4337013739826,13.5473694291211,"Significant",0.297958645749391
"Lcu.1GRN.Chr1p367887629",1,367887629,3.72459665087596e-17,0.159677419354839,NA,2.86034566590227e-14,"GLM","NYC","Cotyledon_Color_RvsY",16.4289207515824,13.5435814802546,"Significant",-0.518353532974138
"Lcu.1GRN.Chr1p350493512",1,350493512,3.8233513532107e-17,0.424193548387097,NA,2.92949709481874e-14,"GLM","NYC","Cotyledon_Color_RvsY",16.4175557899357,13.5332069283459,"Significant",0.294182437695518
"Lcu.1GRN.Chr3p389084450",3,389084450,3.83736623051876e-17,0.0972222222222222,NA,3.68789533388829e-13,"GLM","NYC","DTF_Nepal_2017",16.4159667506314,12.4332214131498,"Significant",9.89232283931574
"Lcu.1GRN.Chr1p364467380",1,364467380,3.97723461775079e-17,0.0919354838709677,NA,3.04047835606587e-14,"GLM","NYC","Cotyledon_Color_RvsY",16.4004187891525,13.5170580838068,"Significant",-0.489411440953864
"Lcu.1GRN.Chr1p364568767",1,364568767,4.10537277682604e-17,0.475806451612903,NA,3.1277384671832e-14,"GLM","NYC","Cotyledon_Color_RvsY",16.3866474018653,13.5047695685942,"Significant",-0.331608987728007
"Lcu.1GRN.Chr1p143099349",1,143099349,4.10997631305977e-17,0.358064516129032,NA,3.1277384671832e-14,"GLM","NYC","Cotyledon_Color_RvsY",16.386160681077,13.5047695685942,"Significant",0.295797751313858
"Lcu.1GRN.Chr1p365201778",1,365201778,4.19563455734603e-17,0.351612903225806,NA,3.18571785361357e-14,"GLM","NYC","Cotyledon_Color_RvsY",16.3772023461791,13.4967926905703,"Significant",-0.331674046964164
"Lcu.1GRN.Chr1p374030020",1,374030020,4.23774543558458e-17,0.385483870967742,NA,3.21044531290828e-14,"GLM","NYC","Cotyledon_Color_RvsY",16.3728651352235,13.4934347235062,"Significant",-0.304965689252529
"Lcu.1GRN.Chr2p43851620",2,43851620,4.24051818785687e-17,0.0925925925925926,NA,3.96213994804126e-13,"GLM","NYC","DTF_Nepal_2017",16.3725810697337,12.4020701886691,"Significant",11.1232473685407
"Lcu.1GRN.Chr1p437359352",1,437359352,4.39184768254073e-17,0.281055900621118,1.3292943493538,1.47727262943318e-11,"BLINK","Kansas","DTF_Sask_2017_b",16.3573527304385,10.8305393486066,"Significant",NA
"Lcu.1GRN.Chr1p367537667",1,367537667,4.42683984722422e-17,0.320967741935484,NA,3.34616368290172e-14,"GLM","NYC","Cotyledon_Color_RvsY",16.3539061895018,13.4754528186509,"Significant",-0.290605200339099
"Lcu.1GRN.Chr1p361045695",1,361045695,4.59799417416194e-17,0.166129032258065,NA,3.46774328784827e-14,"GLM","NYC","Cotyledon_Color_RvsY",16.3374315833344,13.4599530602147,"Significant",-0.329590319727428
"Lcu.1GRN.Chr1p368965900",1,368965900,4.96591909041274e-17,0.403225806451613,NA,3.73684856081624e-14,"GLM","NYC","Cotyledon_Color_RvsY",16.3040003606722,13.4274945019723,"Significant",-0.324633415320311
"Lcu.1GRN.Chr1p385796248",1,385796248,5.00596450238285e-17,0.114516129032258,NA,3.75857424502904e-14,"GLM","NYC","Cotyledon_Color_RvsY",16.3005122343271,13.4249768664933,"Significant",-0.414846178345539
"Lcu.1GRN.Chr1p66251882",1,66251882,5.07018436188668e-17,0.408064516129032,NA,3.79831337027781e-14,"GLM","NYC","Cotyledon_Color_RvsY",16.2949762485771,13.4204092077485,"Significant",0.312842735840433
"Lcu.1GRN.Chr1p369133539",1,369133539,5.10755519711441e-17,0.364516129032258,NA,1.35276615668329e-13,"MLM","NYC","Cotyledon_Color_RvsY",16.2917869312696,12.8687772703937,"Significant",-0.290956810456381
"Lcu.1GRN.Chr1p357371916",1,357371916,5.14696493719828e-17,0.416129032258065,NA,3.84726478895683e-14,"GLM","NYC","Cotyledon_Color_RvsY",16.2884487902952,13.4148479222387,"Significant",-0.262672711679887
"Lcu.1GRN.Chr1p364634077",1,364634077,5.24262303446291e-17,0.5,NA,3.9100784528452e-14,"GLM","NYC","Cotyledon_Color_RvsY",16.2804513686716,13.4078145287177,"Significant",-0.333799826066472
"Lcu.1GRN.Chr1p246911091",1,246911091,5.6014148110935e-17,0.406451612903226,NA,4.16843162779444e-14,"GLM","NYC","Cotyledon_Color_RvsY",16.2517022645928,13.3800273175723,"Significant",0.296756813291768
"Lcu.1GRN.Chr1p367666926",1,367666926,5.94089539610144e-17,0.262903225806452,NA,4.41130499271623e-14,"GLM","NYC","Cotyledon_Color_RvsY",16.2261480943656,13.3554329145465,"Significant",-0.40866805762603
"Lcu.1GRN.Chr2p43835097",2,43835097,6.00750065698875e-17,0.0879629629629629,NA,5.46141884726847e-13,"GLM","NYC","DTF_Nepal_2017",16.221306173029,12.2626945152641,"Significant",10.8632772198727
"Lcu.1GRN.Chr1p349417024",1,349417024,6.15614145284074e-17,0.419354838709677,NA,4.55103919135754e-14,"GLM","NYC","Cotyledon_Color_RvsY",16.2106914097174,13.3418894245426,"Significant",0.287643100241644
"Lcu.1GRN.Chr1p350083487",1,350083487,6.15614145284074e-17,0.419354838709677,NA,4.55103919135754e-14,"GLM","NYC","Cotyledon_Color_RvsY",16.2106914097174,13.3418894245426,"Significant",0.287643100241644
"Lcu.1GRN.Chr1p367435755",1,367435755,6.22591651721514e-17,0.324193548387097,NA,1.63608817277039e-13,"MLM","NYC","Cotyledon_Color_RvsY",16.2057967070322,12.7861932948482,"Significant",-0.28917844977308
"Lcu.1GRN.Chr1p358910834",1,358910834,6.23159373701718e-17,0.232258064516129,NA,4.59671598802469e-14,"GLM","NYC","Cotyledon_Color_RvsY",16.2054008678392,13.3375523286717,"Significant",-0.287257501769364
"Lcu.1GRN.Chr1p387512205",1,387512205,6.45364037109406e-17,0.111290322580645,NA,4.75009113939561e-14,"GLM","NYC","Cotyledon_Color_RvsY",16.1901952393041,13.3232980575421,"Significant",-0.420368509302516
"Lcu.1GRN.Chr1p247268985",1,247268985,6.52691583266079e-17,0.364516129032258,NA,4.79353514821967e-14,"GLM","NYC","Cotyledon_Color_RvsY",16.1852919876789,13.3193440838509,"Significant",0.300843407429672
"Lcu.1GRN.Chr1p365206934",1,365206934,6.57185700910397e-17,0.346774193548387,NA,4.81602576597228e-14,"GLM","NYC","Cotyledon_Color_RvsY",16.182311894542,13.3173111982474,"Significant",-0.329717711848698
"Lcu.1GRN.Chr1p367999263",1,367999263,6.85484216534167e-17,0.391935483870968,NA,5.01248411875975e-14,"GLM","NYC","Cotyledon_Color_RvsY",16.1640025405113,13.299946990361,"Significant",-0.332240805900625
"Lcu.1GRN.Chr1p367885918",1,367885918,6.9411117525044e-17,0.274193548387097,NA,5.06455734675628e-14,"GLM","NYC","Cotyledon_Color_RvsY",16.1585709633623,13.2954585069201,"Significant",-0.371813675429176
"Lcu.1GRN.Chr1p374610453",1,374610453,7.03987975601652e-17,0.198387096774194,NA,5.12550483526409e-14,"GLM","NYC","Cotyledon_Color_RvsY",16.1524347587193,13.2902633524436,"Significant",-0.303622897816967
"Lcu.1GRN.Chr1p367667364",1,367667364,7.58272156508363e-17,0.266129032258065,NA,5.50880627361228e-14,"GLM","NYC","Cotyledon_Color_RvsY",16.120174890864,13.2589425000501,"Significant",-0.367514732139083
"Lcu.1GRN.Chr2p43068546",2,43068546,7.58554873356398e-17,0.0848765432098766,NA,6.54238018169927e-13,"GLM","NYC","DTF_Nepal_2017",16.1200129971661,12.1842642223607,"Significant",11.1498130903512
"Lcu.1GRN.Chr2p43068628",2,43068628,7.58554873356398e-17,0.0848765432098766,NA,6.54238018169927e-13,"GLM","NYC","DTF_Nepal_2017",16.1200129971661,12.1842642223607,"Significant",11.1498130903512
"Lcu.1GRN.Chr1p387248352",1,387248352,8.20821272587641e-17,0.483870967741935,NA,5.9503704525105e-14,"GLM","NYC","Cotyledon_Color_RvsY",16.0857513968135,13.2254559955365,"Significant",0.272347745146485
"Lcu.1GRN.Chr1p266893568",1,266893568,8.28106161614206e-17,0.356451612903226,NA,5.99027065083195e-14,"GLM","NYC","Cotyledon_Color_RvsY",16.0819139839303,13.2225535549884,"Significant",0.293949914222798
"Lcu.1GRN.Chr1p350257978",1,350257978,8.34444648644649e-17,0.438709677419355,NA,6.02316830752478e-14,"GLM","NYC","Cotyledon_Color_RvsY",16.0786024661572,13.2201750010154,"Significant",0.286995789451804
"Lcu.1GRN.Chr1p378233744",1,378233744,8.48704998590323e-17,0.201612903225806,NA,6.11298403128118e-14,"GLM","NYC","Cotyledon_Color_RvsY",16.0712432399657,13.2137467386999,"Significant",-0.335970680976896
"Lcu.1GRN.Chr1p375030595",1,375030595,8.76975150524279e-17,0.12258064516129,NA,6.30310898411111e-14,"GLM","NYC","Cotyledon_Color_RvsY",16.0570127123843,13.2004451836266,"Significant",-0.401456401553548
"Lcu.1GRN.Chr1p365386345",1,365386345,8.81378695056871e-17,0.361290322580645,NA,2.2981915311643e-13,"MLM","NYC","Cotyledon_Color_RvsY",16.0548374515922,12.6386137800596,"Significant",-0.291248420504563
"Lcu.1GRN.Chr1p342821568",1,342821568,9.12390155364381e-17,0.337096774193548,NA,6.54366608506291e-14,"GLM","NYC","Cotyledon_Color_RvsY",16.0398194093818,13.184178870265,"Significant",0.303421193421304
"Lcu.1GRN.Chr1p365687572",1,365687572,9.40800768419407e-17,0.440322580645161,NA,2.43426409285331e-13,"MLM","NYC","Cotyledon_Color_RvsY",16.0265023365484,12.6136323070233,"Significant",-0.275127013807876
"Lcu.1GRN.Chr1p374289979",1,374289979,9.81977850003894e-17,0.388709677419355,NA,7.02776475472893e-14,"GLM","NYC","Cotyledon_Color_RvsY",16.0078983082717,13.1531827843755,"Significant",-0.300612142099567
"Lcu.1GRN.Chr1p361180162",1,361180162,1.02983139178137e-16,0.17741935483871,NA,7.35459226665234e-14,"GLM","NYC","Cotyledon_Color_RvsY",15.9872338739483,13.1334413992453,"Significant",-0.306774052126501
"Lcu.1GRN.Chr1p355048744",1,355048744,1.04542704440576e-16,0.5,NA,7.45015166622104e-14,"GLM","NYC","Cotyledon_Color_RvsY",15.9807062692237,13.1278348860259,"Significant",0.292692244271366
"Lcu.1GRN.Chr1p367684169",1,367684169,1.07727868108521e-16,0.362903225806452,NA,2.76611448947014e-13,"MLM","NYC","Cotyledon_Color_RvsY",15.9676719345835,12.5581298484074,"Significant",-0.275016302165401
"Lcu.1GRN.Chr1p365081644",1,365081644,1.15335960168116e-16,0.367741935483871,NA,2.93903112983855e-13,"MLM","NYC","Cotyledon_Color_RvsY",15.9380352645379,12.5317958139119,"Significant",-0.325479705871633
"Lcu.1GRN.Chr1p348997884",1,348997884,1.15493988124072e-16,0.420967741935484,NA,8.2131852649746e-14,"GLM","NYC","Cotyledon_Color_RvsY",15.9374406217675,13.0854883806734,"Significant",0.284505986519046
"Lcu.1GRN.Chr1p356198092",1,356198092,1.1769745234128e-16,0.496774193548387,NA,8.3522234075273e-14,"GLM","NYC","Cotyledon_Color_RvsY",15.9292329377182,13.0781978975604,"Significant",0.272803268324365
"Lcu.1GRN.Chr1p368965903",1,368965903,1.20112166887095e-16,0.391935483870968,NA,8.50563562932876e-14,"GLM","NYC","Cotyledon_Color_RvsY",15.9204129980568,13.0702932258498,"Significant",-0.323082451952677
"Lcu.1GRN.Chr1p382208787",1,382208787,1.2219953088051e-16,0.201612903225806,NA,8.61801396710279e-14,"GLM","NYC","Cotyledon_Color_RvsY",15.9129304613308,13.0645928063917,"Significant",-0.412172496192884
"Lcu.1GRN.Chr1p367891938",1,367891938,1.22211532710047e-16,0.406451612903226,NA,8.61801396710279e-14,"GLM","NYC","Cotyledon_Color_RvsY",15.9128878091834,13.0645928063917,"Significant",-0.318639770303643
"Lcu.1GRN.Chr1p349226708",1,349226708,1.24613203387933e-16,0.42258064516129,NA,8.76898941087634e-14,"GLM","NYC","Cotyledon_Color_RvsY",15.9044359395811,13.0570504543613,"Significant",0.283551874427126
"Lcu.1GRN.Chr1p173586338",1,173586338,1.26374634705876e-16,0.325806451612903,NA,8.87437510482494e-14,"GLM","NYC","Cotyledon_Color_RvsY",15.8983400867557,13.0518622183383,"Significant",-0.420228764286827
"Lcu.1GRN.Chr3p345157947",3,345157947,1.26444344984484e-16,0.225308641975309,NA,1.0632926247349e-11,"FarmCPU","NYC","DTF_Nepal_2017",15.8981005889922,10.9733471984883,"Significant",0.422656221114721
"Lcu.1GRN.Chr1p368963734",1,368963734,1.28264391625512e-16,0.370967741935484,NA,8.98579978911037e-14,"GLM","NYC","Cotyledon_Color_RvsY",15.8918938944198,13.0464432620676,"Significant",-0.34047332249678
"Lcu.1GRN.Chr1p161814136",1,161814136,1.28495652027758e-16,0.374193548387097,NA,8.98579978911037e-14,"GLM","NYC","Cotyledon_Color_RvsY",15.8911115675257,13.0464432620676,"Significant",0.295782177810273
"Lcu.1GRN.Chr1p368422443",1,368422443,1.29892279237546e-16,0.338709677419355,NA,3.25491620332787e-13,"MLM","NYC","Cotyledon_Color_RvsY",15.886416662508,12.4874601877105,"Significant",-0.260758154182887
"Lcu.1GRN.Chr1p367608468",1,367608468,1.30161931361463e-16,0.391935483870968,NA,3.25491620332787e-13,"MLM","NYC","Cotyledon_Color_RvsY",15.8855160158994,12.4874601877105,"Significant",-0.26993692398599
"Lcu.1GRN.Chr1p365687602",1,365687602,1.30635195322152e-16,0.412903225806452,NA,3.25491620332787e-13,"MLM","NYC","Cotyledon_Color_RvsY",15.8839398010473,12.4874601877105,"Significant",-0.277074931540421
"Lcu.1GRN.Chr2p43230795",2,43230795,1.32889962628623e-16,0.0864197530864198,NA,1.11749495148755e-12,"GLM","NYC","DTF_Nepal_2017",15.8765078207098,11.9517544302059,"Significant",11.0201224607689
"Lcu.1GRN.Chr2p43121810",2,43121810,1.42983086839127e-16,0.0864197530864198,NA,1.1623068900409e-12,"GLM","NYC","DTF_Nepal_2017",15.8447153312542,11.9346791877337,"Significant",11.0752869396308
"Lcu.1GRN.Chr1p287239773",1,287239773,1.44798014473543e-16,0.487096774193548,NA,1.01048285756063e-13,"GLM","NYC","Cotyledon_Color_RvsY",15.8392373933122,12.9954710497192,"Significant",-0.324814197003518
"Lcu.1GRN.Chr1p374959418",1,374959418,1.48766404418122e-16,0.114516129032258,NA,1.03602710465653e-13,"GLM","NYC","Cotyledon_Color_RvsY",15.8274951334619,12.9846288823815,"Significant",-0.43619001776529
"Lcu.1GRN.Chr1p374431054",1,374431054,1.53029391832326e-16,0.383870967741936,NA,1.06351317029884e-13,"GLM","NYC","Cotyledon_Color_RvsY",15.8152251477139,12.9732571275265,"Significant",-0.294511581475327
"Lcu.1GRN.Chr1p348997944",1,348997944,1.54612020562049e-16,0.420967741935484,NA,1.0722965261937e-13,"GLM","NYC","Cotyledon_Color_RvsY",15.8107567441769,12.9696851009473,"Significant",0.283113400584735
"Lcu.1GRN.Chr1p366877095",1,366877095,1.54928387871454e-16,0.42741935483871,NA,3.83182331199686e-13,"MLM","NYC","Cotyledon_Color_RvsY",15.8098689982101,12.4165945247485,"Significant",-0.247861951831152
"Lcu.1GRN.Chr1p407953637",1,407953637,1.55427269988482e-16,0.332258064516129,NA,1.07573260337892e-13,"GLM","NYC","Cotyledon_Color_RvsY",15.8084727811175,12.9682956685479,"Significant",0.282729546262906
"Lcu.1GRN.Chr2p42999059",2,42999059,1.55496258705047e-16,0.0879629629629629,NA,1.1623068900409e-12,"GLM","NYC","DTF_Nepal_2017",15.8082800557902,11.9346791877337,"Significant",10.951646346124
"Lcu.1GRN.Chr2p43001604",2,43001604,1.55496258705047e-16,0.0879629629629629,NA,1.1623068900409e-12,"GLM","NYC","DTF_Nepal_2017",15.8082800557902,11.9346791877337,"Significant",10.951646346124
"Lcu.1GRN.Chr2p43072512",2,43072512,1.55496258705047e-16,0.0879629629629629,NA,1.1623068900409e-12,"GLM","NYC","DTF_Nepal_2017",15.8082800557902,11.9346791877337,"Significant",10.951646346124
"Lcu.1GRN.Chr2p43072525",2,43072525,1.55496258705047e-16,0.0879629629629629,NA,1.1623068900409e-12,"GLM","NYC","DTF_Nepal_2017",15.8082800557902,11.9346791877337,"Significant",10.951646346124
"Lcu.1GRN.Chr1p365083731",1,365083731,1.57947114835342e-16,0.314516129032258,NA,1.09092807342545e-13,"GLM","NYC","Cotyledon_Color_RvsY",15.8014883027917,12.9622038821744,"Significant",-0.353061651327117
"Lcu.1GRN.Chr1p360343122",1,360343122,1.58972419593093e-16,0.170967741935484,NA,1.09575975125553e-13,"GLM","NYC","Cotyledon_Color_RvsY",15.7986782156639,12.9602846558347,"Significant",-0.351696068882564
"Lcu.1GRN.Chr1p353677571",1,353677571,1.69663893578713e-16,0.238709677419355,NA,1.16706206321863e-13,"GLM","NYC","Cotyledon_Color_RvsY",15.7704105706931,12.9329060479849,"Significant",-0.290215852491486
"Lcu.1GRN.Chr2p43311860",2,43311860,1.71209303688883e-16,0.0879629629629629,NA,1.25193825769388e-12,"GLM","NYC","DTF_Nepal_2017",15.7664726390107,11.9024170888604,"Significant",10.7803086340861
"Lcu.1GRN.Chr1p91812621",1,91812621,1.74771583097813e-16,0.409677419354839,NA,1.19974271616045e-13,"GLM","NYC","Cotyledon_Color_RvsY",15.7575291798656,12.9209118780623,"Significant",0.322652887338965
"Lcu.1GRN.Chr1p366876317",1,366876317,1.76476480247666e-16,0.351612903225806,NA,1.20897890491786e-13,"GLM","NYC","Cotyledon_Color_RvsY",15.7533131666461,12.9175812769372,"Significant",-0.33542784755188
"Lcu.1GRN.Chr1p363893299",1,363893299,1.81925321271092e-16,0.158064516129032,NA,1.2437738727641e-13,"GLM","NYC","Cotyledon_Color_RvsY",15.7401068494633,12.9052585703988,"Significant",-0.363956579366073
"Lcu.1GRN.Chr2p43066493",2,43066493,1.85740161160064e-16,0.0833333333333334,NA,1.32929491040271e-12,"GLM","NYC","DTF_Nepal_2017",15.7310941819661,11.8763786580699,"Significant",11.0012907796853
"Lcu.1GRN.Chr1p367423374",1,367423374,1.87636342644117e-16,0.391935483870968,NA,4.60691048658202e-13,"MLM","NYC","Cotyledon_Color_RvsY",15.7266830407907,12.3365902261153,"Significant",-0.284392587153823
"Lcu.1GRN.Chr1p362772961",1,362772961,1.89227483135044e-16,0.146774193548387,NA,1.29107263325934e-13,"GLM","NYC","Cotyledon_Color_RvsY",15.72301578703,12.8890493244753,"Significant",-0.371372645240217
"Lcu.1GRN.Chr1p367622304",1,367622304,1.92692869117979e-16,0.346774193548387,NA,4.69677697873965e-13,"MLM","NYC","Cotyledon_Color_RvsY",15.715134356751,12.3282000613203,"Significant",-0.280842250125912
"Lcu.1GRN.Chr2p44142612",2,44142612,1.97628722099084e-16,0.0895061728395061,NA,1.38491209096464e-12,"GLM","NYC","DTF_Nepal_2017",15.7041499375689,11.8585777931126,"Significant",10.7677878857321
"Lcu.1GRN.Chr1p366600877",1,366600877,1.9863558184651e-16,0.354838709677419,NA,4.80237107854078e-13,"MLM","NYC","Cotyledon_Color_RvsY",15.7019429531445,12.3185442851086,"Significant",-0.283260000759532
"Lcu.1GRN.Chr1p365198886",1,365198886,1.98973445792263e-16,0.183870967741935,NA,1.35481985912563e-13,"GLM","NYC","Cotyledon_Color_RvsY",15.701204878944,12.8681184460358,"Significant",-0.586035801893881
"Lcu.1GRN.Chr1p367682602",1,367682602,1.99880473112912e-16,0.333870967741935,NA,4.80237107854078e-13,"MLM","NYC","Cotyledon_Color_RvsY",15.6992296312623,12.3185442851086,"Significant",-0.293832833168174
"Lcu.1GRN.Chr1p364877724",1,364877724,2.04048726363418e-16,0.348387096774194,NA,1.38657086748856e-13,"GLM","NYC","Cotyledon_Color_RvsY",15.6902661116727,12.8580579287744,"Significant",-0.323764574940503
"Lcu.1GRN.Chr2p43071915",2,43071915,2.12134366755847e-16,0.0910493827160493,NA,1.45622450086865e-12,"GLM","NYC","DTF_Nepal_2017",15.673388968054,11.8367716662507,"Significant",10.7677777688734
"Lcu.1GRN.Chr1p364825784",1,364825784,2.17275266542994e-16,0.416129032258065,NA,1.47347237059007e-13,"GLM","NYC","Cotyledon_Color_RvsY",15.6629897086323,12.8316580032907,"Significant",-0.336753530634824
"Lcu.1GRN.Chr1p176304435",1,176304435,2.20537909650275e-16,0.469354838709677,NA,1.49258903531859e-13,"GLM","NYC","Cotyledon_Color_RvsY",15.6565167461653,12.8260597530668,"Significant",0.345881490961223
"Lcu.1GRN.Chr1p407975511",1,407975511,2.44764223629398e-16,0.330645161290323,NA,1.64991197614328e-13,"GLM","NYC","Cotyledon_Color_RvsY",15.6112520612643,12.7825392250558,"Significant",0.280102106031491
"Lcu.1GRN.Chr1p408054242",1,408054242,2.44764223629398e-16,0.330645161290323,NA,1.64991197614328e-13,"GLM","NYC","Cotyledon_Color_RvsY",15.6112520612643,12.7825392250558,"Significant",0.280102106031491
"Lcu.1GRN.Chr1p386504634",1,386504634,2.49492907925314e-16,0.480645161290323,NA,1.67173667251223e-13,"GLM","NYC","Cotyledon_Color_RvsY",15.6029417951014,12.7768321304146,"Significant",0.255433097876645
"Lcu.1GRN.Chr1p386747139",1,386747139,2.49492907925314e-16,0.480645161290323,NA,1.67173667251223e-13,"GLM","NYC","Cotyledon_Color_RvsY",15.6029417951014,12.7768321304146,"Significant",0.255433097876645
"Lcu.1GRN.Chr1p387247633",1,387247633,2.49492907925314e-16,0.480645161290323,NA,1.67173667251223e-13,"GLM","NYC","Cotyledon_Color_RvsY",15.6029417951014,12.7768321304146,"Significant",0.255433097876645
"Lcu.1GRN.Chr2p43613651",2,43613651,2.51217448430312e-16,0.0895061728395061,NA,1.69002518952318e-12,"GLM","NYC","DTF_Nepal_2017",15.5999501997524,11.7721068222565,"Significant",10.7805483707417
"Lcu.1GRN.Chr1p386747551",1,386747551,2.53757962782373e-16,0.0951612903225807,NA,1.69693448642581e-13,"GLM","NYC","Cotyledon_Color_RvsY",15.5955803209479,12.770334924172,"Significant",-0.467575019358541
"Lcu.1GRN.Chr2p43072005",2,43072005,2.63551780191274e-16,0.0802469135802469,NA,1.73823767936467e-12,"GLM","NYC","DTF_Nepal_2017",15.5791340459463,11.7598908402124,"Significant",11.102580492471
"Lcu.1GRN.Chr1p367433126",1,367433126,2.65154138537909e-16,0.311290322580645,NA,1.76962504201549e-13,"GLM","NYC","Cotyledon_Color_RvsY",15.5765015900044,12.7521187446181,"Significant",-0.328058370854212
"Lcu.1GRN.Chr1p250123767",1,250123767,2.68848553273333e-16,0.335483870967742,NA,1.79072834294834e-13,"GLM","NYC","Cotyledon_Color_RvsY",15.5704922962042,12.7469702924909,"Significant",0.312108920685299
"Lcu.1GRN.Chr1p115681291",1,115681291,2.70666266877777e-16,0.345161290322581,NA,1.799272731045e-13,"GLM","NYC","Cotyledon_Color_RvsY",15.5675658669547,12.7449030019627,"Significant",0.291764684402038
"Lcu.1GRN.Chr1p342815146",1,342815146,2.77800554964175e-16,0.370967741935484,NA,1.84305600141292e-13,"GLM","NYC","Cotyledon_Color_RvsY",15.5562668910043,12.7344614685058,"Significant",0.293622741182864
"Lcu.1GRN.Chr1p371167075",1,371167075,2.8878623963641e-16,0.217741935483871,NA,1.91216852495631e-13,"GLM","NYC","Cotyledon_Color_RvsY",15.5394235042892,12.7184738347412,"Significant",-0.300684459387695
"Lcu.1GRN.Chr2p42999677",2,42999677,2.94188177197994e-16,0.0895061728395061,NA,1.90298451152995e-12,"GLM","NYC","DTF_Nepal_2017",15.5313747846365,11.7205647464394,"Significant",10.7807734631226
"Lcu.1GRN.Chr1p374975740",1,374975740,2.99647365053144e-16,0.111290322580645,NA,1.98018635050748e-13,"GLM","NYC","Cotyledon_Color_RvsY",15.523389536916,12.7032939374209,"Significant",-0.442576261382937
"Lcu.1GRN.Chr1p367500108",1,367500108,3.0397099759223e-16,0.35,NA,7.2341186681499e-13,"MLM","NYC","Cotyledon_Color_RvsY",15.5171678512153,12.1406143713693,"Significant",-0.293134580021921
"Lcu.1GRN.Chr1p368085545",1,368085545,3.05394063887743e-16,0.341935483870968,NA,7.2341186681499e-13,"MLM","NYC","Cotyledon_Color_RvsY",15.5151394088181,12.1406143713693,"Significant",-0.306448040176968
"Lcu.1GRN.Chr2p43072419",2,43072419,3.1505862567198e-16,0.0848765432098766,NA,1.96514316789969e-12,"GLM","NYC","DTF_Nepal_2017",15.501608625776,11.7066058041874,"Significant",10.9926822241258
"Lcu.1GRN.Chr2p43002306",2,43002306,3.17337014535257e-16,0.0910493827160493,NA,1.96514316789969e-12,"GLM","NYC","DTF_Nepal_2017",15.4984792683633,11.7066058041874,"Significant",10.5807523731017
"Lcu.1GRN.Chr1p364578500",1,364578500,3.19919585337284e-16,0.414516129032258,NA,2.1100076698264e-13,"GLM","NYC","Cotyledon_Color_RvsY",15.4949591717835,12.6757159660496,"Significant",-0.321795803401364
"Lcu.1GRN.Chr2p43068586",2,43068586,3.24160113794878e-16,0.0848765432098766,NA,1.96514316789969e-12,"GLM","NYC","DTF_Nepal_2017",15.4892404238628,11.7066058041874,"Significant",10.8712155401661
"Lcu.1GRN.Chr1p367659275",1,367659275,3.25088163159774e-16,0.298387096774194,NA,2.1399007862537e-13,"GLM","NYC","Cotyledon_Color_RvsY",15.487998843386,12.6696063616888,"Significant",-0.41537735032436
"Lcu.1GRN.Chr2p43069879",2,43069879,3.27166509801445e-16,0.111111111111111,NA,1.96514316789969e-12,"GLM","NYC","DTF_Nepal_2017",15.485231159013,11.7066058041874,"Significant",10.4120837300239
"Lcu.1GRN.Chr1p362779003",1,362779003,3.30955849313636e-16,0.169354838709677,NA,2.17427004230624e-13,"GLM","NYC","Cotyledon_Color_RvsY",15.4802299387873,12.6626865179313,"Significant",-0.338490621281338
"Lcu.1GRN.Chr1p359675688",1,359675688,3.33886017105738e-16,0.22258064516129,NA,2.18924440381688e-13,"GLM","NYC","Cotyledon_Color_RvsY",15.4764017684897,12.6597057517697,"Significant",-0.275192908641043
"Lcu.1GRN.Chr1p367555594",1,367555594,3.35191374279889e-16,0.266129032258065,NA,2.19352756794559e-13,"GLM","NYC","Cotyledon_Color_RvsY",15.4747071659094,12.6588569030728,"Significant",-0.342212685450392
"Lcu.1GRN.Chr1p367688012",1,367688012,3.57074301214058e-16,0.295161290322581,NA,2.33219439760134e-13,"GLM","NYC","Cotyledon_Color_RvsY",15.447241405037,12.6322352522463,"Significant",-0.352486099520559
"Lcu.1GRN.Chr1p359677991",1,359677991,3.6065305647689e-16,0.158064516129032,NA,2.35100361720857e-13,"GLM","NYC","Cotyledon_Color_RvsY",15.4429103828821,12.6287467026775,"Significant",-0.359480746292339
"Lcu.1GRN.Chr1p382314120",1,382314120,3.67844629574462e-16,0.0951612903225807,NA,2.39324554189696e-13,"GLM","NYC","Cotyledon_Color_RvsY",15.4343355801494,12.6210127414115,"Significant",-0.46698495110731
"Lcu.1GRN.Chr1p368085276",1,368085276,3.76979431371905e-16,0.412903225806452,NA,2.44794286471571e-13,"GLM","NYC","Cotyledon_Color_RvsY",15.4236823449809,12.6111987228942,"Significant",-0.326233310700448
"Lcu.1GRN.Chr1p363534795",1,363534795,4.07843392026742e-16,0.133870967741936,NA,2.64325738431327e-13,"GLM","NYC","Cotyledon_Color_RvsY",15.3895065698398,12.5778605458564,"Significant",-0.3960567805167
"Lcu.1GRN.Chr1p367658966",1,367658966,4.09582517562455e-16,0.316129032258065,NA,9.6342687192259e-13,"MLM","NYC","Cotyledon_Color_RvsY",15.3876585888686,12.0161812445018,"Significant",-0.363361780211465
"Lcu.1GRN.Chr1p414905604",1,414905604,4.24914511283587e-16,0.22258064516129,NA,2.74860037340243e-13,"GLM","NYC","Cotyledon_Color_RvsY",15.3716984370376,12.5608883988406,"Significant",0.285693514608349
"Lcu.1GRN.Chr1p367484558",1,367484558,4.2791093335663e-16,0.338709677419355,NA,9.99549423058121e-13,"MLM","NYC","Cotyledon_Color_RvsY",15.3686466169145,12.0001957271779,"Significant",-0.282417684454123
"Lcu.1GRN.Chr1p359676175",1,359676175,4.46823705064399e-16,0.224193548387097,NA,2.88477445684063e-13,"GLM","NYC","Cotyledon_Color_RvsY",15.349863794586,12.5398881360537,"Significant",-0.274032577140932
"Lcu.1GRN.Chr1p365301723",1,365301723,4.4894474813673e-16,0.435483870967742,NA,2.89291567234688e-13,"GLM","NYC","Cotyledon_Color_RvsY",15.3478071045554,12.5386642257257,"Significant",-0.299591920991654
"Lcu.1GRN.Chr2p44545877",2,44545877,4.49504728951548e-16,0.066358024691358,8.59032664120764,7.55992785816227e-11,"FarmCPU","Kansas","DTF_Nepal_2017",15.3472657349724,10.1214823488046,"Significant",NA
"Lcu.1GRN.Chr2p44558246",2,44558246,4.53949732524514e-16,0.104938271604938,NA,2.67883701193111e-12,"GLM","NYC","DTF_Nepal_2017",15.3429922354598,11.5720537093004,"Significant",10.6410558587618
"Lcu.1GRN.Chr1p367887183",1,367887183,4.80126647509004e-16,0.370967741935484,NA,3.08793040234534e-13,"GLM","NYC","Cotyledon_Color_RvsY",15.3186441895839,12.5103324966193,"Significant",-0.326677629859054
"Lcu.1GRN.Chr1p362785780",1,362785780,5.14338749409363e-16,0.108064516129032,NA,3.30165233058357e-13,"GLM","NYC","Cotyledon_Color_RvsY",15.2887507554364,12.4812686605882,"Significant",-0.398146971765007
"Lcu.1GRN.Chr2p44213534",2,44213534,5.14386000558225e-16,0.103395061728395,NA,2.98314613534084e-12,"GLM","NYC","DTF_Nepal_2017",15.2887108596076,11.5253254713387,"Significant",10.3331355697921
"Lcu.1GRN.Chr1p408220960",1,408220960,5.16154139041294e-16,0.340322580645161,NA,3.30699465308387e-13,"GLM","NYC","Cotyledon_Color_RvsY",15.2872205857009,12.480566507275,"Significant",0.274613762210401
"Lcu.1GRN.Chr1p378708030",1,378708030,5.32355784312141e-16,0.319354838709677,NA,3.38015768342068e-13,"GLM","NYC","Cotyledon_Color_RvsY",15.2737980227441,12.4710630395324,"Significant",-0.321396940994323
"Lcu.1GRN.Chr1p384225116",1,384225116,5.33602799887141e-16,0.0935483870967742,NA,3.38015768342068e-13,"GLM","NYC","Cotyledon_Color_RvsY",15.2727819002828,12.4710630395324,"Significant",-0.466736740535277
"Lcu.1GRN.Chr1p384959521",1,384959521,5.33602799887141e-16,0.0935483870967742,NA,3.38015768342068e-13,"GLM","NYC","Cotyledon_Color_RvsY",15.2727819002828,12.4710630395324,"Significant",-0.466736740535277
"Lcu.1GRN.Chr1p385796060",1,385796060,5.33602799887141e-16,0.0935483870967742,NA,3.38015768342068e-13,"GLM","NYC","Cotyledon_Color_RvsY",15.2727819002828,12.4710630395324,"Significant",-0.466736740535277
"Lcu.1GRN.Chr1p386598025",1,386598025,5.33602799887141e-16,0.0935483870967742,NA,3.38015768342068e-13,"GLM","NYC","Cotyledon_Color_RvsY",15.2727819002828,12.4710630395324,"Significant",-0.466736740535277
"Lcu.1GRN.Chr1p387301174",1,387301174,5.33602799887141e-16,0.0935483870967742,NA,3.38015768342068e-13,"GLM","NYC","Cotyledon_Color_RvsY",15.2727819002828,12.4710630395324,"Significant",-0.466736740535277
"Lcu.1GRN.Chr1p363534794",1,363534794,5.80199609767329e-16,0.130645161290323,NA,3.66842109283096e-13,"GLM","NYC","Cotyledon_Color_RvsY",15.2364225676325,12.4355208180957,"Significant",-0.393174365207825
"Lcu.1GRN.Chr1p355271661",1,355271661,5.94804313761425e-16,0.490322580645161,NA,3.75370624028123e-13,"GLM","NYC","Cotyledon_Color_RvsY",15.2256258904594,12.4255397176541,"Significant",-0.297016900175846
"Lcu.1GRN.Chr1p366893261",1,366893261,6.14523999491509e-16,0.390322580645161,NA,3.87089127597304e-13,"GLM","NYC","Cotyledon_Color_RvsY",15.2114611516006,12.4121890267973,"Significant",-0.314670649209446
"Lcu.1GRN.Chr1p66608759",1,66608759,6.20166707025768e-16,0.362903225806452,NA,3.89913298583433e-13,"GLM","NYC","Cotyledon_Color_RvsY",15.2074915520992,12.4090319522885,"Significant",0.281517513244579
"Lcu.1GRN.Chr1p382208760",1,382208760,6.58539070855775e-16,0.148387096774194,NA,4.13266439639076e-13,"GLM","NYC","Cotyledon_Color_RvsY",15.1814184534225,12.3837698612834,"Significant",-0.409726708887548
"Lcu.1GRN.Chr1p364568853",1,364568853,6.80290177299975e-16,0.451612903225806,NA,4.26121352081677e-13,"GLM","NYC","Cotyledon_Color_RvsY",15.1673057997659,12.3704667036336,"Significant",-0.329017633658169
"Lcu.1GRN.Chr1p115681285",1,115681285,7.12663671152811e-16,0.343548387096774,NA,4.45569778949178e-13,"GLM","NYC","Cotyledon_Color_RvsY",15.1471153792976,12.3510842731321,"Significant",0.282862950124588
"Lcu.1GRN.Chr1p384614362",1,384614362,7.18134543341632e-16,0.1,NA,4.47608667564623e-13,"GLM","NYC","Cotyledon_Color_RvsY",15.1437941825587,12.3491015123156,"Significant",-0.461264013988122
"Lcu.1GRN.Chr1p160605794",1,160605794,7.18586188552672e-16,0.385483870967742,NA,4.47608667564623e-13,"GLM","NYC","Cotyledon_Color_RvsY",15.1435211343245,12.3491015123156,"Significant",0.285847065871276
"Lcu.1GRN.Chr1p386747073",1,386747073,7.65663679423627e-16,0.459677419354839,NA,4.76051746500346e-13,"GLM","NYC","Cotyledon_Color_RvsY",15.1159619539248,12.3223458371995,"Significant",0.256137152183256
"Lcu.1GRN.Chr1p365319399",1,365319399,7.73150557817866e-16,0.388709677419355,NA,1.79353333573463e-12,"MLM","NYC","Cotyledon_Color_RvsY",15.1117359264405,11.7462905468436,"Significant",-0.265269896103276
"Lcu.1GRN.Chr1p354743936",1,354743936,7.81962066009568e-16,0.27741935483871,NA,4.85288255087529e-13,"GLM","NYC","Cotyledon_Color_RvsY",15.1068143146157,12.3140002193223,"Significant",-0.283309425047144
"Lcu.1GRN.Chr1p354854560",1,354854560,7.86725159603687e-16,0.135483870967742,NA,4.87345086114942e-13,"GLM","NYC","Cotyledon_Color_RvsY",15.1041769607978,12.3121634085548,"Significant",-0.365244216361911
"Lcu.1GRN.Chr1p358496694",1,358496694,7.93506474734909e-16,0.2,NA,4.90642265417568e-13,"GLM","NYC","Cotyledon_Color_RvsY",15.1004495252038,12.3092350430701,"Significant",-0.330724272264774
"Lcu.1GRN.Chr1p363528644",1,363528644,8.01832933121668e-16,0.111290322580645,NA,4.94880987551076e-13,"GLM","NYC","Cotyledon_Color_RvsY",15.0959161102465,12.3054992306913,"Significant",-0.430632691288154
"Lcu.1GRN.Chr1p367801039",1,367801039,8.15313393550276e-16,0.288709677419355,NA,5.02279341114149e-13,"GLM","NYC","Cotyledon_Color_RvsY",15.0886754232504,12.2990546841232,"Significant",-0.346431335649827
"Lcu.1GRN.Chr1p365201778",1,365201778,8.25460830861966e-16,0.351612903225806,NA,1.90176563900375e-12,"MLM","NYC","Cotyledon_Color_RvsY",15.0833035297229,11.7208430036755,"Significant",-0.303875654686626
"Lcu.1GRN.Chr1p354236749",1,354236749,8.58826247079367e-16,0.280645161290323,NA,5.28118479435732e-13,"GLM","NYC","Cotyledon_Color_RvsY",15.0660946913113,12.2772686358129,"Significant",-0.291507612421352
"Lcu.1GRN.Chr1p387708384",1,387708384,8.64794317785922e-16,0.0967741935483871,NA,5.30818011479374e-13,"GLM","NYC","Cotyledon_Color_RvsY",15.063087172619,12.2750543492714,"Significant",-0.462444565256062
"Lcu.1GRN.Chr1p386598144",1,386598144,8.72069952730113e-16,0.0967741935483871,NA,5.34308841147486e-13,"GLM","NYC","Cotyledon_Color_RvsY",15.0594486769181,12.2722076395364,"Significant",-0.45668112696627
"Lcu.1GRN.Chr3p387941231",3,387941231,8.77066786777874e-16,0.0895061728395061,NA,5.00027667573073e-12,"GLM","NYC","DTF_Nepal_2017",15.05696733477,11.3010059645802,"Significant",10.1120598691526
"Lcu.1GRN.Chr1p382208739",1,382208739,8.83637619995546e-16,0.145161290322581,NA,5.40411882409167e-13,"GLM","NYC","Cotyledon_Color_RvsY",15.05372580275,12.2672751104124,"Significant",-0.406342671273252
"Lcu.1GRN.Chr1p408218046",1,408218046,9.18600662888745e-16,0.345161290322581,NA,5.60774862384571e-13,"GLM","NYC","Cotyledon_Color_RvsY",15.0368732455186,12.2512114625385,"Significant",0.272791767830054
"Lcu.1GRN.Chr1p159794199",1,159794199,9.34221504454753e-16,0.325806451612903,NA,5.69277689835022e-13,"GLM","NYC","Cotyledon_Color_RvsY",15.0295501400898,12.2446758359872,"Significant",0.298180545381169
"Lcu.1GRN.Chr1p386604336",1,386604336,9.75198823293184e-16,0.495161290322581,NA,5.93173060749834e-13,"GLM","NYC","Cotyledon_Color_RvsY",15.0109068314233,12.2268185808961,"Significant",0.258254424569566
"Lcu.1GRN.Chr2p43121420",2,43121420,9.81775437790682e-16,0.0895061728395061,NA,5.50394764472231e-12,"GLM","NYC","DTF_Nepal_2017",15.0079878373466,11.2593257058983,"Significant",10.6646424262503
"Lcu.1GRN.Chr1p365081848",1,365081848,1.00211057910601e-15,0.369354838709677,NA,2.29304033443641e-12,"MLM","NYC","Cotyledon_Color_RvsY",14.9990843530737,11.63958830599,"Significant",-0.302897971785885
"Lcu.1GRN.Chr1p387507252",1,387507252,1.00806238184375e-15,0.0919354838709677,NA,6.12055810818837e-13,"GLM","NYC","Cotyledon_Color_RvsY",14.9965125916482,12.2132089745448,"Significant",-0.464984400964543
"Lcu.1GRN.Chr1p367885965",1,367885965,1.01116782893371e-15,0.333870967741935,NA,2.2981316832091e-12,"MLM","NYC","Cotyledon_Color_RvsY",14.995176756248,11.6386250898111,"Significant",-0.276225752989313
"Lcu.1GRN.Chr3p389105142",3,389105142,1.0179211512802e-15,0.0925925925925926,NA,5.61303416217489e-12,"GLM","NYC","DTF_Nepal_2017",14.9922858613805,11.2508023145594,"Significant",9.63756057311502
"Lcu.1GRN.Chr1p386389983",1,386389983,1.0244755919952e-15,0.387096774193548,NA,6.20900507121888e-13,"GLM","NYC","Cotyledon_Color_RvsY",14.9894983841521,12.2069779854429,"Significant",-0.233606973433904
"Lcu.1GRN.Chr1p166851286",1,166851286,1.02641232647857e-15,0.317741935483871,0.109364392668234,1.15083745006872e-10,"FarmCPU","Kansas","Cotyledon_Color_RvsY",14.9886781410354,9.93898601392322,"Significant",NA
"Lcu.1GRN.Chr1p357740500",1,357740500,1.02951552391699e-15,0.111290322580645,NA,6.22832820563643e-13,"GLM","NYC","Cotyledon_Color_RvsY",14.9873671003323,12.2056285100825,"Significant",-0.370610227303688
"Lcu.1GRN.Chr1p364578767",1,364578767,1.04932314269853e-15,0.47258064516129,NA,6.33676261292774e-13,"GLM","NYC","Cotyledon_Color_RvsY",14.9790907487181,12.19813256206,"Significant",-0.335106977060538
"Lcu.1GRN.Chr1p374289645",1,374289645,1.0571086787085e-15,0.403225806451613,NA,6.36107424613312e-13,"GLM","NYC","Cotyledon_Color_RvsY",14.9758803616641,12.1964695353309,"Significant",-0.29897456407497
"Lcu.1GRN.Chr1p347216789",1,347216789,1.0571312000251e-15,0.383870967741936,NA,6.36107424613312e-13,"GLM","NYC","Cotyledon_Color_RvsY",14.9758711092764,12.1964695353309,"Significant",0.284539636328111
"Lcu.1GRN.Chr1p173511627",1,173511627,1.0621339875348e-15,0.443548387096774,NA,6.37976469616284e-13,"GLM","NYC","Cotyledon_Color_RvsY",14.9738206938228,12.1951953389971,"Significant",0.343087223435129
"Lcu.1GRN.Chr1p386265899",1,386265899,1.066556852537e-15,0.388709677419355,NA,6.39491138711791e-13,"GLM","NYC","Cotyledon_Color_RvsY",14.9720159896426,12.1941654690669,"Significant",-0.233306810968329
"Lcu.1GRN.Chr1p371694971",1,371694971,1.07460895071292e-15,0.133870967741936,NA,6.4317257815739e-13,"GLM","NYC","Cotyledon_Color_RvsY",14.9687495463943,12.1916724801315,"Significant",-0.378510666569476
"Lcu.1GRN.Chr1p367561751",1,367561751,1.07964724171123e-15,0.248387096774194,NA,6.45040326381314e-13,"GLM","NYC","Cotyledon_Color_RvsY",14.9667181204423,12.1904131334618,"Significant",-0.389601314197124
"Lcu.1GRN.Chr1p367622297",1,367622297,1.12956425513731e-15,0.348387096774194,NA,2.54833636210773e-12,"MLM","NYC","Cotyledon_Color_RvsY",14.9470890592475,11.593743248799,"Significant",-0.284637277095427
"Lcu.1GRN.Chr1p367494358",1,367494358,1.13640890549953e-15,0.341935483870968,NA,2.54833636210773e-12,"MLM","NYC","Cotyledon_Color_RvsY",14.9444653715752,11.593743248799,"Significant",-0.25228771514835
"Lcu.1GRN.Chr1p359125672",1,359125672,1.15514870873598e-15,0.119354838709677,NA,6.88925364736518e-13,"GLM","NYC","Cotyledon_Color_RvsY",14.9373621030219,12.1618278251734,"Significant",-0.374190197481734
"Lcu.1GRN.Chr1p203005137",1,203005137,1.18995606596393e-15,0.395161290322581,NA,7.08428233699274e-13,"GLM","NYC","Cotyledon_Color_RvsY",14.9244690727769,12.1497041387645,"Significant",0.288922974737029
"Lcu.1GRN.Chr1p367659099",1,367659099,1.21645223490617e-15,0.338709677419355,NA,2.70976416489193e-12,"MLM","NYC","Cotyledon_Color_RvsY",14.9149049393628,11.5670685048241,"Significant",-0.319265020279415
"Lcu.1GRN.Chr1p374129247",1,374129247,1.26437493375116e-15,0.388709677419355,NA,7.51402832758083e-13,"GLM","NYC","Cotyledon_Color_RvsY",14.8981241226406,12.124127171997,"Significant",-0.292910444754158
"Lcu.1GRN.Chr1p385796478",1,385796478,1.2874018907844e-15,0.370967741935484,NA,7.62534445196433e-13,"GLM","NYC","Cotyledon_Color_RvsY",14.890285857366,12.1177405335932,"Significant",-0.237896553590212
"Lcu.1GRN.Chr1p365205554",1,365205554,1.28763988403016e-15,0.282258064516129,NA,7.62534445196433e-13,"GLM","NYC","Cotyledon_Color_RvsY",14.890205579714,12.1177405335932,"Significant",-0.31538154321439
"Lcu.1GRN.Chr1p386967889",1,386967889,1.29027213803701e-15,0.483870967741935,NA,7.62750383576616e-13,"GLM","NYC","Cotyledon_Color_RvsY",14.8893186807216,12.1176175652848,"Significant",-0.255756555832769
"Lcu.1GRN.Chr1p367435947",1,367435947,1.3287008041144e-15,0.391935483870968,NA,2.94033620643123e-12,"MLM","NYC","Cotyledon_Color_RvsY",14.8765728021655,11.5316030082784,"Significant",-0.272005668089337
"Lcu.1GRN.Chr2p43391129",2,43391129,1.33459312810617e-15,0.103395061728395,NA,7.12560455113791e-12,"GLM","NYC","DTF_Nepal_2017",14.8746511156858,11.1471782833075,"Significant",9.41951938874911
"Lcu.1GRN.Chr2p43391170",2,43391170,1.33459312810617e-15,0.103395061728395,NA,7.12560455113791e-12,"GLM","NYC","DTF_Nepal_2017",14.8746511156858,11.1471782833075,"Significant",9.41951938874911
"Lcu.1GRN.Chr1p385802757",1,385802757,1.40000077172938e-15,0.1,NA,8.26165016814553e-13,"GLM","NYC","Cotyledon_Color_RvsY",14.8538717249234,12.082933198764,"Significant",-0.449912253082761
"Lcu.1GRN.Chr1p371692430",1,371692430,1.41696798579367e-15,0.0951612903225807,NA,8.34713258279262e-13,"GLM","NYC","Cotyledon_Color_RvsY",14.8486399618557,12.0784626882697,"Significant",-0.406393781387195
"Lcu.1GRN.Chr1p408220907",1,408220907,1.47629971463872e-15,0.343548387096774,NA,8.68144241457836e-13,"GLM","NYC","Cotyledon_Color_RvsY",14.8308254641932,12.0614081111543,"Significant",0.270397561824839
"Lcu.1GRN.Chr1p367667317",1,367667317,1.47855458154082e-15,0.306451612903226,NA,3.25056842437346e-12,"MLM","NYC","Cotyledon_Color_RvsY",14.830162638656,11.4880406876417,"Significant",-0.259813188929065
"Lcu.1GRN.Chr1p386962289",1,386962289,1.52903003573959e-15,0.479032258064516,NA,8.97583326407713e-13,"GLM","NYC","Cotyledon_Color_RvsY",14.8155839833726,12.0469252235081,"Significant",0.247746866565316
"Lcu.1GRN.Chr5p2101990",5,2101990,1.65727743025182e-15,0.123456790123457,NA,9.29089062302521e-11,"FarmCPU","NYC","DTF_Nepal_2017",14.7806047840718,10.0319426526236,"Significant",1.58781335623371
"Lcu.1GRN.Chr1p374173173",1,374173173,1.67838352448036e-15,0.42741935483871,NA,9.83541517384816e-13,"GLM","NYC","Cotyledon_Color_RvsY",14.7751087922954,12.0072073028615,"Significant",-0.286138479033463
"Lcu.1GRN.Chr1p365384637",1,365384637,1.71482567511605e-15,0.379032258064516,NA,3.74552446663481e-12,"MLM","NYC","Cotyledon_Color_RvsY",14.7657800226668,11.4264873616714,"Significant",-0.247664594525071
"Lcu.1GRN.Chr1p386263936",1,386263936,1.7354941979222e-15,0.388709677419355,NA,1.01523995977825e-12,"GLM","NYC","Cotyledon_Color_RvsY",14.7605768339168,11.9934312967746,"Significant",-0.2318770336327
"Lcu.1GRN.Chr1p367435455",1,367435455,1.79383191124948e-15,0.388709677419355,NA,1.04754489321398e-12,"GLM","NYC","Cotyledon_Color_RvsY",14.7462182544006,11.9798273559919,"Significant",-0.311898017544934
"Lcu.1GRN.Chr1p367435302",1,367435302,1.8259402991722e-15,0.383870967741936,NA,3.96249071362357e-12,"MLM","NYC","Cotyledon_Color_RvsY",14.7385134262343,11.4020317425727,"Significant",-0.234388274696602
"Lcu.1GRN.Chr1p360172452",1,360172452,1.84385590282137e-15,0.285483870967742,NA,1.07489129716519e-12,"GLM","NYC","Cotyledon_Color_RvsY",14.7342730220323,11.9686354533561,"Significant",-0.276729576040676
"Lcu.1GRN.Chr1p347447942",1,347447942,1.88770180742269e-15,0.414516129032258,NA,1.09854774023762e-12,"GLM","NYC","Cotyledon_Color_RvsY",14.724066608353,11.9591810649417,"Significant",0.3071227742302
"Lcu.1GRN.Chr1p382777313",1,382777313,1.89239420161409e-15,0.103225806451613,NA,1.09937644285721e-12,"GLM","NYC","Cotyledon_Color_RvsY",14.7229883913204,11.958853573216,"Significant",-0.433197111360902
"Lcu.1GRN.Chr1p374290646",1,374290646,1.93551722943067e-15,0.382258064516129,NA,1.12248986881363e-12,"GLM","NYC","Cotyledon_Color_RvsY",14.7132029583603,11.9498175700914,"Significant",-0.295508463463156
"Lcu.1GRN.Chr1p28458125",1,28458125,1.95381691362861e-15,0.459677419354839,NA,1.13115238173238e-12,"GLM","NYC","Cotyledon_Color_RvsY",14.7091161351547,11.9464788857131,"Significant",-0.310995907459755
"Lcu.1GRN.Chr1p363414756",1,363414756,1.96782986691767e-15,0.151612903225806,NA,1.13730760970017e-12,"GLM","NYC","Cotyledon_Color_RvsY",14.7060124521714,11.9441220549894,"Significant",-0.354878018099966
"Lcu.1GRN.Chr1p371167075",1,371167075,2.0137890302125e-15,0.217741935483871,NA,4.34212932516338e-12,"MLM","NYC","Cotyledon_Color_RvsY",14.6959860292212,11.3622972457438,"Significant",-0.304984486437505
"Lcu.1GRN.Chr1p408223466",1,408223466,2.03401373980249e-15,0.333870967741935,NA,1.17354219488189e-12,"GLM","NYC","Cotyledon_Color_RvsY",14.6916461177357,11.9305012906628,"Significant",0.266650637990051
"Lcu.1GRN.Chr1p385802784",1,385802784,2.04539820594199e-15,0.393548387096774,NA,1.17808982592138e-12,"GLM","NYC","Cotyledon_Color_RvsY",14.6892221293153,11.9288215945958,"Significant",-0.230941507634274
"Lcu.1GRN.Chr1p371795426",1,371795426,2.1014171423883e-15,0.0935483870967742,NA,1.20828611954483e-12,"GLM","NYC","Cotyledon_Color_RvsY",14.6774877292907,11.917830213541,"Significant",-0.407873493454864
"Lcu.1GRN.Chr1p369006843",1,369006843,2.110570113636e-15,0.280645161290323,NA,4.52182253129554e-12,"MLM","NYC","Cotyledon_Color_RvsY",14.675600215905,11.3446864864824,"Significant",-0.290000380472547
"Lcu.1GRN.Chr1p366901526",1,366901526,2.13427086731312e-15,0.416129032258065,NA,4.54366005585768e-12,"MLM","NYC","Cotyledon_Color_RvsY",14.6707504636771,11.3425941687997,"Significant",-0.232722025495701
"Lcu.1GRN.Chr1p360321735",1,360321735,2.13515019200408e-15,0.196774193548387,NA,1.22558714101337e-12,"GLM","NYC","Cotyledon_Color_RvsY",14.6705715701638,11.91165580435,"Significant",-0.354691698704896
"Lcu.1GRN.Chr1p386504992",1,386504992,2.15983176178023e-15,0.498387096774194,NA,1.2376424705532e-12,"GLM","NYC","Cotyledon_Color_RvsY",14.6655800765232,11.9074047959389,"Significant",0.251165909654845
"Lcu.1GRN.Chr1p359676332",1,359676332,2.19975987962126e-15,0.287096774193548,NA,1.25837862487851e-12,"GLM","NYC","Cotyledon_Color_RvsY",14.6576247231082,11.9001886673525,"Significant",-0.268006342767905
"Lcu.1GRN.Chr1p389572169",1,389572169,2.21622235774498e-15,0.416129032258065,NA,1.26564357522514e-12,"GLM","NYC","Cotyledon_Color_RvsY",14.6543866681778,11.897688581133,"Significant",-0.310782133424665
"Lcu.1GRN.Chr1p357613596",1,357613596,2.22311355451375e-15,0.117741935483871,NA,1.2674271813409e-12,"GLM","NYC","Cotyledon_Color_RvsY",14.6530383533877,11.897076983198,"Significant",-0.355850424477215
"Lcu.1GRN.Chr1p358161453",1,358161453,2.22966396985071e-15,0.117741935483871,NA,1.26901079618743e-12,"GLM","NYC","Cotyledon_Color_RvsY",14.6517605840532,11.8965346831026,"Significant",-0.355999710521789
"Lcu.1GRN.Chr1p366601044",1,366601044,2.24718773203516e-15,0.351612903225806,NA,4.75396098026083e-12,"MLM","NYC","Cotyledon_Color_RvsY",14.6483606447232,11.3229443872117,"Significant",-0.275795250503532
"Lcu.1GRN.Chr1p367493167",1,367493167,2.25957383843114e-15,0.262903225806452,NA,1.28386161032359e-12,"GLM","NYC","Cotyledon_Color_RvsY",14.645973462211,11.891481787102,"Significant",-0.328991852474108
"Lcu.1GRN.Chr1p366877086",1,366877086,2.29576225511664e-15,0.364516129032258,NA,4.82636664041761e-12,"MLM","NYC","Cotyledon_Color_RvsY",14.6390730886769,11.316379689501,"Significant",-0.261211554640037
"Lcu.1GRN.Chr1p387755905",1,387755905,2.39384870045088e-15,0.0935483870967742,NA,1.35786122398745e-12,"GLM","NYC","Cotyledon_Color_RvsY",14.6209033019813,11.8671446135137,"Significant",-0.454934818032745
"Lcu.1GRN.Chr1p373681768",1,373681768,2.44985905220514e-15,0.398387096774194,NA,1.38729249126782e-12,"GLM","NYC","Cotyledon_Color_RvsY",14.6108589011907,11.85783196434,"Significant",-0.255674577796981
"Lcu.1GRN.Chr1p361280350",1,361280350,2.48511179034581e-15,0.229032258064516,NA,1.40489007997184e-12,"GLM","NYC","Cotyledon_Color_RvsY",14.6046540701748,11.8523576540715,"Significant",-0.303563807856761
"Lcu.1GRN.Chr1p370984835",1,370984835,2.49305264712441e-15,0.0870967741935483,NA,1.40701449623372e-12,"GLM","NYC","Cotyledon_Color_RvsY",14.6032685501708,11.8517014280792,"Significant",-0.447302459537334
"Lcu.1GRN.Chr1p367801061",1,367801061,2.51089630959273e-15,0.27741935483871,NA,1.41471132155574e-12,"GLM","NYC","Cotyledon_Color_RvsY",14.6001712216166,11.8493321709141,"Significant",-0.349621198048496
"Lcu.1GRN.Chr1p364825940",1,364825940,2.55557466257308e-15,0.35,NA,1.43747655940756e-12,"GLM","NYC","Cotyledon_Color_RvsY",14.5925114263621,11.8423992285186,"Significant",-0.314715781227413
"Lcu.1GRN.Chr1p28229781",1,28229781,2.56203399268745e-15,0.448387096774194,NA,1.43870398667496e-12,"GLM","NYC","Cotyledon_Color_RvsY",14.5914151123983,11.8420285529557,"Significant",-0.321040166329634
"Lcu.1GRN.Chr1p365198886",1,365198886,2.5806488132494e-15,0.183870967741935,NA,5.39158446811342e-12,"MLM","NYC","Cotyledon_Color_RvsY",14.5882710922578,11.2682835864578,"Significant",-0.456114228544117
"Lcu.1GRN.Chr1p28458448",1,28458448,2.59862771189763e-15,0.458064516129032,NA,1.45682101261312e-12,"GLM","NYC","Cotyledon_Color_RvsY",14.5852559345235,11.8365938030752,"Significant",-0.312353463018256
"Lcu.1GRN.Chr1p371705992",1,371705992,2.63413504388673e-15,0.0967741935483871,NA,1.47426972097678e-12,"GLM","NYC","Cotyledon_Color_RvsY",14.5793619638801,11.831423054051,"Significant",-0.400652735997962
"Lcu.1GRN.Chr1p371784277",1,371784277,2.67679503759227e-15,0.103225806451613,NA,1.49565700400299e-12,"GLM","NYC","Cotyledon_Color_RvsY",14.5723848815028,11.8251679909288,"Significant",-0.426465647573824
"Lcu.1GRN.Chr1p361541626",1,361541626,2.68178153899141e-15,0.0629032258064516,0.134579398070345,3.00687603641975e-10,"BLINK","Kansas","Cotyledon_Color_RvsY",14.5715766031715,9.52188447605931,"Significant",NA
"Lcu.1GRN.Chr1p319692021",1,319692021,2.76785793083669e-15,0.353225806451613,NA,1.54397357980389e-12,"GLM","NYC","Cotyledon_Color_RvsY",14.5578562051969,11.8113601355052,"Significant",0.283872141090377
"Lcu.1GRN.Chr5p1658484",5,1658484,2.82763820843381e-15,0.123456790123457,NA,1.46530839508651e-11,"GLM","NYC","DTF_Nepal_2017",14.5485761585711,10.8340709622115,"Significant",15.4298576283074
"Lcu.1GRN.Chr2p43613678",2,43613678,2.83158115036918e-15,0.0709876543209876,NA,1.46530839508651e-11,"GLM","NYC","DTF_Nepal_2017",14.5479709874005,10.8340709622115,"Significant",11.3900077007354
"Lcu.1GRN.Chr1p408219139",1,408219139,2.87411845566645e-15,0.353225806451613,NA,1.60059371287609e-12,"GLM","NYC","Cotyledon_Color_RvsY",14.541495336556,11.7957188933452,"Significant",0.267207887295559
"Lcu.1GRN.Chr1p361179820",1,361179820,2.89691321787184e-15,0.188709677419355,NA,1.6106215014147e-12,"GLM","NYC","Cotyledon_Color_RvsY",14.5380645146561,11.7930065074767,"Significant",-0.299623402841095
"Lcu.1GRN.Chr1p109738871",1,109738871,2.91891663128711e-15,0.445161290322581,NA,1.62017694804645e-12,"GLM","NYC","Cotyledon_Color_RvsY",14.5347783089479,11.7904375512823,"Significant",0.30610384385274
"Lcu.1GRN.Chr2p43851602",2,43851602,2.94927344379097e-15,0.100308641975309,NA,1.50308827343581e-11,"GLM","NYC","DTF_Nepal_2017",14.5302849596882,10.8230155133982,"Significant",10.3278257603083
"Lcu.1GRN.Chr1p366878508",1,366878508,2.98209999616006e-15,0.367741935483871,NA,6.19185203338501e-12,"MLM","NYC","Cotyledon_Color_RvsY",14.5254777978205,11.2081794305313,"Significant",-0.2644247707947
"Lcu.1GRN.Chr1p237164516",1,237164516,3.0200576262465e-15,0.309677419354839,NA,1.6712769755954e-12,"GLM","NYC","Cotyledon_Color_RvsY",14.519984770115,11.7769515698525,"Significant",0.278261477868059
"Lcu.1GRN.Chr1p180842761",1,180842761,3.02091584835017e-15,0.403225806451613,NA,1.6712769755954e-12,"GLM","NYC","Cotyledon_Color_RvsY",14.5198613724117,11.7769515698525,"Significant",0.286248625172105
"Lcu.1GRN.Chr1p361416379",1,361416379,3.07522346699445e-15,0.154838709677419,NA,1.69852822975784e-12,"GLM","NYC","Cotyledon_Color_RvsY",14.5121233199028,11.7699272307038,"Significant",-0.355666394905494
"Lcu.1GRN.Chr2p7898651",2,7898651,3.0991337289505e-15,0.403225806451613,NA,1.70892838525556e-12,"GLM","NYC","Cotyledon_Color_RvsY",14.5087596833631,11.767276136542,"Significant",-0.275623229044499
"Lcu.1GRN.Chr1p345506823",1,345506823,3.13735312616756e-15,0.290322580645161,NA,1.72717194597317e-12,"GLM","NYC","Cotyledon_Color_RvsY",14.5034365963437,11.7626644247544,"Significant",0.314373537057147
"Lcu.1GRN.Chr1p387755233",1,387755233,3.18324893656261e-15,0.0935483870967742,NA,1.74957499190319e-12,"GLM","NYC","Cotyledon_Color_RvsY",14.4971293973362,11.7570674376499,"Significant",-0.455331908230467
"Lcu.1GRN.Chr1p356408843",1,356408843,3.21746770504403e-15,0.387096774193548,NA,1.76549748701883e-12,"GLM","NYC","Cotyledon_Color_RvsY",14.4924858035818,11.7531328962683,"Significant",-0.268796357368191
"Lcu.1GRN.Chr2p7752378",2,7752378,3.29622046927014e-15,0.12741935483871,NA,1.80576513124917e-12,"GLM","NYC","Cotyledon_Color_RvsY",14.4819837480109,11.7433387373202,"Significant",-0.329165324136507
"Lcu.1GRN.Chr1p361241833",1,361241833,3.38418983791606e-15,0.182258064516129,NA,1.85094273692734e-12,"GLM","NYC","Cotyledon_Color_RvsY",14.4705452829714,11.7326070169149,"Significant",-0.292018446207009
"Lcu.1GRN.Chr1p368193276",1,368193276,3.39265960053803e-15,0.364516129032258,NA,1.85256287638665e-12,"GLM","NYC","Cotyledon_Color_RvsY",14.4694597127168,11.7322270430494,"Significant",-0.333646835151253
"Lcu.1GRN.Chr1p365311297",1,365311297,3.39855117574133e-15,0.311290322580645,NA,6.98820437539104e-12,"MLM","NYC","Cotyledon_Color_RvsY",14.4687061860405,11.1556344022285,"Significant",-0.258298975641624
"Lcu.1GRN.Chr1p365687404",1,365687404,3.40718773709707e-15,0.419354838709677,NA,6.98820437539104e-12,"MLM","NYC","Cotyledon_Color_RvsY",14.4676039360127,11.1556344022285,"Significant",-0.254874187207627
"Lcu.1GRN.Chr1p92259326",1,92259326,3.44351663932367e-15,0.437096774193548,NA,1.87728583698441e-12,"GLM","NYC","Cotyledon_Color_RvsY",14.462997814131,11.7264695963323,"Significant",0.327030008051746
"Lcu.1GRN.Chr1p365205572",1,365205572,3.45069877249323e-15,0.295161290322581,NA,1.87815727185636e-12,"GLM","NYC","Cotyledon_Color_RvsY",14.4620929506343,11.7262680438912,"Significant",-0.312754277845609
"Lcu.1GRN.Chr1p209166107",1,209166107,3.47190659773823e-15,0.3,NA,1.88664750656125e-12,"GLM","NYC","Cotyledon_Color_RvsY",14.4594319668574,11.7243092340457,"Significant",0.275018049537716
"Lcu.1GRN.Chr2p7836680",2,7836680,3.50494114530408e-15,0.464516129032258,NA,1.90152667455241e-12,"GLM","NYC","Cotyledon_Color_RvsY",14.4553192702749,11.7208975779412,"Significant",-0.241839894768001
"Lcu.1GRN.Chr1p368048642",1,368048642,3.55073420799168e-15,0.445161290322581,NA,7.23848371720932e-12,"MLM","NYC","Cotyledon_Color_RvsY",14.4496818358152,11.1403523981972,"Significant",-0.244845262048177
"Lcu.1GRN.Chr1p386234628",1,386234628,3.58228211528047e-15,0.390322580645161,NA,1.94035666388172e-12,"GLM","NYC","Cotyledon_Color_RvsY",14.445840215169,11.7121184335137,"Significant",-0.231619729268822
"Lcu.1GRN.Chr1p367115859",1,367115859,3.6457292787704e-15,0.364516129032258,NA,1.97040933852261e-12,"GLM","NYC","Cotyledon_Color_RvsY",14.4382155839261,11.7054435428766,"Significant",-0.315965936874638
"Lcu.1GRN.Chr1p380594531",1,380594531,3.67291278649118e-15,0.312903225806452,NA,1.97040933852261e-12,"GLM","NYC","Cotyledon_Color_RvsY",14.4349893838778,11.7054435428766,"Significant",-0.314646913984536
"Lcu.1GRN.Chr1p380594852",1,380594852,3.67291278649118e-15,0.312903225806452,NA,1.97040933852261e-12,"GLM","NYC","Cotyledon_Color_RvsY",14.4349893838778,11.7054435428766,"Significant",-0.314646913984536
"Lcu.1GRN.Chr1p380595238",1,380595238,3.67291278649118e-15,0.312903225806452,NA,1.97040933852261e-12,"GLM","NYC","Cotyledon_Color_RvsY",14.4349893838778,11.7054435428766,"Significant",-0.314646913984536
"Lcu.1GRN.Chr1p380596141",1,380596141,3.67291278649118e-15,0.312903225806452,NA,1.97040933852261e-12,"GLM","NYC","Cotyledon_Color_RvsY",14.4349893838778,11.7054435428766,"Significant",-0.314646913984536
"Lcu.1GRN.Chr1p381208108",1,381208108,3.67291278649118e-15,0.312903225806452,NA,1.97040933852261e-12,"GLM","NYC","Cotyledon_Color_RvsY",14.4349893838778,11.7054435428766,"Significant",-0.314646913984536
"Lcu.1GRN.Chr1p407828501",1,407828501,3.79366649656175e-15,0.235483870967742,NA,2.03194939243469e-12,"GLM","NYC","Cotyledon_Color_RvsY",14.4209408508509,11.6920871127563,"Significant",0.283275611795869
"Lcu.1GRN.Chr1p367684187",1,367684187,3.81895653197154e-15,0.348387096774194,NA,7.73837922764863e-12,"MLM","NYC","Cotyledon_Color_RvsY",14.418055284814,11.1113499910222,"Significant",-0.264474465566059
"Lcu.1GRN.Chr1p353439403",1,353439403,4.11889676715416e-15,0.195161290322581,NA,2.20264061824697e-12,"GLM","NYC","Cotyledon_Color_RvsY",14.3852190927285,11.6570563563419,"Significant",-0.311253071032526
"Lcu.1GRN.Chr1p72866564",1,72866564,4.14094446640744e-15,0.332258064516129,NA,2.21091597989218e-12,"GLM","NYC","Cotyledon_Color_RvsY",14.3829005937175,11.6554277613392,"Significant",0.286859600725321
"Lcu.1GRN.Chr1p364467498",1,364467498,4.15575757694711e-15,0.103225806451613,NA,2.21530857192547e-12,"GLM","NYC","Cotyledon_Color_RvsY",14.3813497946242,11.6545657720365,"Significant",-0.364276028442978
"Lcu.1GRN.Chr1p407192014",1,407192014,4.20247632274113e-15,0.219354838709677,NA,2.22961254456067e-12,"GLM","NYC","Cotyledon_Color_RvsY",14.3764947247491,11.651770600799,"Significant",0.27941904948289
"Lcu.1GRN.Chr1p407504939",1,407504939,4.20247632274113e-15,0.219354838709677,NA,2.22961254456067e-12,"GLM","NYC","Cotyledon_Color_RvsY",14.3764947247491,11.651770600799,"Significant",0.27941904948289
"Lcu.1GRN.Chr1p407506515",1,407506515,4.20247632274113e-15,0.219354838709677,NA,2.22961254456067e-12,"GLM","NYC","Cotyledon_Color_RvsY",14.3764947247491,11.651770600799,"Significant",0.27941904948289
"Lcu.1GRN.Chr1p368962782",1,368962782,4.26849480913841e-15,0.348387096774194,NA,8.5974897812303e-12,"MLM","NYC","Cotyledon_Color_RvsY",14.3697252423819,11.0656283316976,"Significant",-0.282802181771758
"Lcu.1GRN.Chr2p43952294",2,43952294,4.34034849409749e-15,0.111111111111111,NA,2.17902985360312e-11,"GLM","NYC","DTF_Nepal_2017",14.3624753988314,10.6617368197004,"Significant",9.61742209186116
"Lcu.1GRN.Chr1p365084519",1,365084519,4.35303431507221e-15,0.361290322580645,NA,8.68297082402686e-12,"MLM","NYC","Cotyledon_Color_RvsY",14.3612079092755,11.0613316582639,"Significant",-0.292521721548007
"Lcu.1GRN.Chr1p368963706",1,368963706,4.36256252623039e-15,0.37258064516129,NA,8.68297082402686e-12,"MLM","NYC","Cotyledon_Color_RvsY",14.3602583354821,11.0613316582639,"Significant",-0.271875489146765
"Lcu.1GRN.Chr1p347379552",1,347379552,4.68717994773395e-15,0.398387096774194,NA,2.48285457870776e-12,"GLM","NYC","Cotyledon_Color_RvsY",14.3290883729556,11.6050487164157,"Significant",0.282098674514532
"Lcu.1GRN.Chr2p7895124",2,7895124,4.71566108300962e-15,0.42741935483871,NA,2.49401379168034e-12,"GLM","NYC","Cotyledon_Color_RvsY",14.3264574154234,11.60310114924,"Significant",-0.244047471664555
"Lcu.1GRN.Chr2p43391956",2,43391956,4.79204634318607e-15,0.109567901234568,NA,2.37042095929186e-11,"GLM","NYC","DTF_Nepal_2017",14.3194789905994,10.6251745214738,"Significant",9.17581982972501
"Lcu.1GRN.Chr1p364998923",1,364998923,4.83302745661078e-15,0.391935483870968,NA,2.55105255763113e-12,"GLM","NYC","Cotyledon_Color_RvsY",14.3157807376108,11.593280593819,"Significant",-0.312277751007387
"Lcu.1GRN.Chr1p386967933",1,386967933,4.83867778875057e-15,0.456451612903226,NA,2.55105255763113e-12,"GLM","NYC","Cotyledon_Color_RvsY",14.3152732969298,11.593280593819,"Significant",-0.255558539205612
"Lcu.1GRN.Chr1p109773674",1,109773674,4.96474796003751e-15,0.358064516129032,NA,2.61342312531133e-12,"GLM","NYC","Cotyledon_Color_RvsY",14.3041027939648,11.5827902702914,"Significant",0.278545281070221
"Lcu.1GRN.Chr1p362604771",1,362604771,4.97722344643588e-15,0.196774193548387,NA,2.6158964359489e-12,"GLM","NYC","Cotyledon_Color_RvsY",14.303012861692,11.582379453844,"Significant",-0.333646548926479
"Lcu.1GRN.Chr2p43392200",2,43392200,5.19966550805006e-15,0.108024691358025,NA,2.49856555420896e-11,"GLM","NYC","DTF_Nepal_2017",14.2840245934191,10.6023092516015,"Significant",9.10006550275864
"Lcu.1GRN.Chr2p43392206",2,43392206,5.19966550805006e-15,0.108024691358025,NA,2.49856555420896e-11,"GLM","NYC","DTF_Nepal_2017",14.2840245934191,10.6023092516015,"Significant",9.10006550275864
"Lcu.1GRN.Chr1p368421786",1,368421786,5.3079836180363e-15,0.274193548387097,NA,1.05025325038119e-11,"MLM","NYC","Cotyledon_Color_RvsY",14.2750704261632,10.9787059657096,"Significant",-0.279534198034551
"Lcu.1GRN.Chr1p343330143",1,343330143,5.31796862541965e-15,0.356451612903226,NA,2.79062270300551e-12,"GLM","NYC","Cotyledon_Color_RvsY",14.2742542292172,11.5542988769041,"Significant",-0.280433948857959
"Lcu.1GRN.Chr1p360343102",1,360343102,5.37348834339572e-15,0.180645161290323,NA,2.8153647252383e-12,"GLM","NYC","Cotyledon_Color_RvsY",14.2697436888926,11.5504653351296,"Significant",-0.330753741131699
"Lcu.1GRN.Chr1p360343074",1,360343074,5.72974094313276e-15,0.170967741935484,NA,2.99734956736973e-12,"GLM","NYC","Cotyledon_Color_RvsY",14.2418650132004,11.5232626042927,"Significant",-0.367785779684131
"Lcu.1GRN.Chr1p347505156",1,347505156,5.74316153288102e-15,0.395161290322581,NA,2.99970499274936e-12,"GLM","NYC","Cotyledon_Color_RvsY",14.240848968526,11.522921454054,"Significant",0.27920330243908
"Lcu.1GRN.Chr3p389317901",3,389317901,5.79480085021749e-15,0.12037037037037,NA,2.74532363040156e-11,"GLM","NYC","DTF_Nepal_2017",14.236961484832,10.5614064517192,"Significant",8.95689404120014
"Lcu.1GRN.Chr2p7751705",2,7751705,5.79728256737588e-15,0.114516129032258,NA,3.02327836486903e-12,"GLM","NYC","Cotyledon_Color_RvsY",14.2367755310142,11.5195218638176,"Significant",-0.349133026483258
"Lcu.1GRN.Chr1p98864932",1,98864932,5.90154134940149e-15,0.488709677419355,NA,3.07288507596615e-12,"GLM","NYC","Cotyledon_Color_RvsY",14.2290345456263,11.5124536817895,"Significant",0.29842516407981
"Lcu.1GRN.Chr1p371784253",1,371784253,5.97222774021187e-15,0.0951612903225807,NA,3.1048845877772e-12,"GLM","NYC","Cotyledon_Color_RvsY",14.2238636395888,11.5079545384256,"Significant",-0.433137191274818
"Lcu.1GRN.Chr1p386604440",1,386604440,6.37407754439038e-15,0.491935483870968,NA,3.30868725520673e-12,"GLM","NYC","Cotyledon_Color_RvsY",14.1955826573832,11.4803442814219,"Significant",0.246365523413179
"Lcu.1GRN.Chr1p367578183",1,367578183,6.42900957171995e-15,0.375806451612903,NA,1.26462377930452e-11,"MLM","NYC","Cotyledon_Color_RvsY",14.1918559276462,10.8980386562065,"Significant",-0.275510543819342
"Lcu.1GRN.Chr1p229426453",1,229426453,6.43159896048082e-15,0.346774193548387,NA,3.33340161408328e-12,"GLM","NYC","Cotyledon_Color_RvsY",14.1916810436564,11.4771123586249,"Significant",0.277357944922874
"Lcu.1GRN.Chr1p365206934",1,365206934,6.57140613042776e-15,0.346774193548387,NA,1.2851187010893e-11,"MLM","NYC","Cotyledon_Color_RvsY",14.1823416914226,10.8910567564983,"Significant",-0.287816341468453
"Lcu.1GRN.Chr1p349269292",1,349269292,6.57779922525733e-15,0.432258064516129,NA,3.40393014154174e-12,"GLM","NYC","Cotyledon_Color_RvsY",14.1819193866596,11.4680193614706,"Significant",0.268697931684721
"Lcu.1GRN.Chr2p7752462",2,7752462,6.68544618441181e-15,0.464516129032258,NA,3.45432177682342e-12,"GLM","NYC","Cotyledon_Color_RvsY",14.1748696027683,11.4616372095046,"Significant",-0.239592304854315
"Lcu.1GRN.Chr1p408225830",1,408225830,6.7481649798599e-15,0.337096774193548,NA,3.48138038309898e-12,"GLM","NYC","Cotyledon_Color_RvsY",14.1708143082751,11.4582485221752,"Significant",0.26116737917434
"Lcu.1GRN.Chr1p363890991",1,363890991,6.77114039478401e-15,0.146774193548387,NA,3.48788389153494e-12,"GLM","NYC","Cotyledon_Color_RvsY",14.1693381813218,11.457437980765,"Significant",-0.362732344390538
"Lcu.1GRN.Chr1p407749276",1,407749276,7.0817853163054e-15,0.233870967741935,NA,3.64232244876101e-12,"GLM","NYC","Cotyledon_Color_RvsY",14.1498572429771,11.4386216094695,"Significant",0.280252977705381
"Lcu.1GRN.Chr1p358909736",1,358909736,7.17850922528565e-15,0.275806451612903,NA,3.68643299630787e-12,"GLM","NYC","Cotyledon_Color_RvsY",14.1439657371581,11.433393655318,"Significant",-0.265527172629789
"Lcu.1GRN.Chr1p359451763",1,359451763,7.23398745177999e-15,0.0951612903225807,NA,3.70926014815988e-12,"GLM","NYC","Cotyledon_Color_RvsY",14.1406222489097,11.4307127064535,"Significant",-0.412320961810673
"Lcu.1GRN.Chr1p348664608",1,348664608,7.26016690474704e-15,0.443548387096774,NA,3.71136863411709e-12,"GLM","NYC","Cotyledon_Color_RvsY",14.1390533951432,11.4304659069253,"Significant",0.270542741833509
"Lcu.1GRN.Chr1p348665380",1,348665380,7.26016690474704e-15,0.443548387096774,NA,3.71136863411709e-12,"GLM","NYC","Cotyledon_Color_RvsY",14.1390533951432,11.4304659069253,"Significant",0.270542741833509
"Lcu.1GRN.Chr5p1650591",5,1650591,7.26167183554295e-15,0.123456790123457,NA,3.2567823604081e-11,"GLM","NYC","DTF_Nepal_2017",14.1389633813159,10.4872112628757,"Significant",15.472172891122
"Lcu.1GRN.Chr5p1651791",5,1651791,7.26167183554295e-15,0.123456790123457,NA,3.2567823604081e-11,"GLM","NYC","DTF_Nepal_2017",14.1389633813159,10.4872112628757,"Significant",15.472172891122
"Lcu.1GRN.Chr5p1674804",5,1674804,7.26167183554295e-15,0.123456790123457,NA,3.2567823604081e-11,"GLM","NYC","DTF_Nepal_2017",14.1389633813159,10.4872112628757,"Significant",15.472172891122
"Lcu.1GRN.Chr5p1690381",5,1690381,7.26167183554295e-15,0.123456790123457,NA,3.2567823604081e-11,"GLM","NYC","DTF_Nepal_2017",14.1389633813159,10.4872112628757,"Significant",15.472172891122
"Lcu.1GRN.Chr1p381955728",1,381955728,7.33289229769325e-15,0.0967741935483871,NA,3.74279764766842e-12,"GLM","NYC","Cotyledon_Color_RvsY",14.1347246936845,11.4268036521473,"Significant",-0.446159273009802
"Lcu.1GRN.Chr1p342358629",1,342358629,7.34390248585966e-15,0.406451612903226,NA,3.74279764766842e-12,"GLM","NYC","Cotyledon_Color_RvsY",14.1340730984373,11.4268036521473,"Significant",-0.239833051727475
"Lcu.1GRN.Chr1p386969124",1,386969124,7.47602918042568e-15,0.474193548387097,NA,3.80437141805181e-12,"GLM","NYC","Cotyledon_Color_RvsY",14.1263290121523,11.4197170898061,"Significant",-0.268927616861004
"Lcu.1GRN.Chr1p367554581",1,367554581,7.53727388213006e-15,0.346774193548387,NA,1.46548566700026e-11,"MLM","NYC","Cotyledon_Color_RvsY",14.1227857034709,10.8340184247678,"Significant",-0.260151084264952
"Lcu.1GRN.Chr2p43392296",2,43392296,7.65891740201002e-15,0.0972222222222222,NA,3.31000723395489e-11,"GLM","NYC","DTF_Nepal_2017",14.1158326141221,10.4801710570813,"Significant",9.61665931540006
"Lcu.1GRN.Chr1p367435719",1,367435719,7.78068161201542e-15,0.333870967741935,NA,1.50411754700505e-11,"MLM","NYC","Cotyledon_Color_RvsY",14.1089823557904,10.8227182222412,"Significant",-0.242244467214987
"Lcu.1GRN.Chr3p387941077",3,387941077,7.80728672456438e-15,0.0864197530864198,NA,3.31000723395489e-11,"GLM","NYC","DTF_Nepal_2017",14.1074998707686,10.4801710570813,"Significant",9.41071850063213
"Lcu.1GRN.Chr3p387941114",3,387941114,7.80728672456438e-15,0.0864197530864198,NA,3.31000723395489e-11,"GLM","NYC","DTF_Nepal_2017",14.1074998707686,10.4801710570813,"Significant",9.41071850063213
"Lcu.1GRN.Chr3p387941634",3,387941634,7.80728672456438e-15,0.0864197530864198,NA,3.31000723395489e-11,"GLM","NYC","DTF_Nepal_2017",14.1074998707686,10.4801710570813,"Significant",9.41071850063213
"Lcu.1GRN.Chr2p43929047",2,43929047,7.8723709138052e-15,0.106481481481482,NA,3.31000723395489e-11,"GLM","NYC","DTF_Nepal_2017",14.1038944519212,10.4801710570813,"Significant",9.79363838426275
"Lcu.1GRN.Chr1p386377664",1,386377664,7.99481664589648e-15,0.419354838709677,NA,4.06222430623907e-12,"GLM","NYC","Cotyledon_Color_RvsY",14.0971914919663,11.3912360995742,"Significant",-0.227296885342653
"Lcu.1GRN.Chr1p374024738",1,374024738,8.18061912503272e-15,0.390322580645161,NA,4.15036246339348e-12,"GLM","NYC","Cotyledon_Color_RvsY",14.0872138268409,11.3819139734138,"Significant",-0.284636212077556
"Lcu.1GRN.Chr1p410887105",1,410887105,8.26156796968826e-15,0.253225806451613,NA,4.18511872478935e-12,"GLM","NYC","Cotyledon_Color_RvsY",14.0829375197548,11.3782922172909,"Significant",0.284052634502371
"Lcu.1GRN.Chr1p371434688",1,371434688,8.57130157117209e-15,0.117741935483871,NA,4.33549322645179e-12,"GLM","NYC","Cotyledon_Color_RvsY",14.0669532244879,11.3629614879591,"Significant",-0.415141662019052
"Lcu.1GRN.Chr1p408220607",1,408220607,8.65983007786596e-15,0.335483870967742,NA,4.3736952909933e-12,"GLM","NYC","Cotyledon_Color_RvsY",14.0624906295726,11.3591514769111,"Significant",0.260814289345272
"Lcu.1GRN.Chr1p384216583",1,384216583,8.72917837220831e-15,0.106451612903226,NA,4.40211025715831e-12,"GLM","NYC","Cotyledon_Color_RvsY",14.0590266320343,11.3563390841189,"Significant",-0.423059692142602
"Lcu.1GRN.Chr1p351348070",1,351348070,9.03400244246221e-15,0.198387096774194,NA,4.54901242449654e-12,"GLM","NYC","Cotyledon_Color_RvsY",14.0441197963573,11.342082877001,"Significant",-0.278335856386834
"Lcu.1GRN.Chr1p365323936",1,365323936,9.16414337792559e-15,0.388709677419355,NA,1.7614373803444e-11,"MLM","NYC","Cotyledon_Color_RvsY",14.03790812466,10.7541327915144,"Significant",-0.235800414309575
"Lcu.1GRN.Chr1p356198206",1,356198206,9.2271531964776e-15,0.185483870967742,NA,4.63932711396051e-12,"GLM","NYC","Cotyledon_Color_RvsY",14.0349322688293,11.3335450047652,"Significant",-0.281235270881306
"Lcu.1GRN.Chr1p364634094",1,364634094,9.55395530107044e-15,0.491935483870968,NA,4.79647057127636e-12,"GLM","NYC","Cotyledon_Color_RvsY",14.0198167949287,11.3190782157977,"Significant",-0.306386863061146
"Lcu.1GRN.Chr1p365079040",1,365079040,1.00241904590027e-14,0.37258064516129,NA,5.02504749943871e-12,"GLM","NYC","Cotyledon_Color_RvsY",13.998950690367,11.2988598287042,"Significant",-0.309960204236807
"Lcu.1GRN.Chr2p45088100",2,45088100,1.01640611694089e-14,0.135802469135803,2.20026657645466,3.41885476337057e-09,"FarmCPU","Kansas","DTF_Sask_2017",13.9929327299404,8.46611934810849,"Significant",NA
"Lcu.1GRN.Chr6p3269280",6,3269280,1.03322791064148e-14,0.281055900621118,-1.58890560684689,1.73771886309371e-09,"BLINK","Kansas","DTF_Sask_2017_b",13.9858038707199,8.76002048455202,"Significant",NA
"Lcu.1GRN.Chr1p365387232",1,365387232,1.04890865871522e-14,0.416129032258065,NA,2.00464919776171e-11,"MLM","NYC","Cotyledon_Color_RvsY",13.9792623294834,10.6979616154657,"Significant",-0.229333692986268
"Lcu.1GRN.Chr1p360324633",1,360324633,1.05628548085079e-14,0.225806451612903,NA,2.00734225049343e-11,"MLM","NYC","Cotyledon_Color_RvsY",13.9762186897545,10.6973785742845,"Significant",-0.294690044931624
"Lcu.1GRN.Chr1p390309944",1,390309944,1.07007038532878e-14,0.340322580645161,NA,5.35619591223045e-12,"GLM","NYC","Cotyledon_Color_RvsY",13.9705876550675,11.2711435462895,"Significant",0.24042336854617
"Lcu.1GRN.Chr1p359677914",1,359677914,1.15347373675861e-14,0.2,NA,5.76508915917211e-12,"GLM","NYC","Cotyledon_Color_RvsY",13.9379922894053,11.2391939717974,"Significant",-0.27741674713648
"Lcu.1GRN.Chr2p43072191",2,43072191,1.19682724366952e-14,0.0787037037037037,NA,4.97003937618994e-11,"GLM","NYC","DTF_Nepal_2017",13.9219685334162,10.303640170463,"Significant",10.5945883473526
"Lcu.1GRN.Chr1p361190950",1,361190950,1.19764942489909e-14,0.179032258064516,NA,5.97699917069778e-12,"GLM","NYC","Cotyledon_Color_RvsY",13.9216702897208,11.2235168044242,"Significant",-0.303390407229466
"Lcu.1GRN.Chr1p357906947",1,357906947,1.20114243242872e-14,0.0983870967741935,NA,5.9855507639815e-12,"GLM","NYC","Cotyledon_Color_RvsY",13.920405490557,11.2228958815562,"Significant",-0.392680471098726
"Lcu.1GRN.Chr1p349202169",1,349202169,1.21918745163882e-14,0.458064516129032,NA,6.06648558499103e-12,"GLM","NYC","Cotyledon_Color_RvsY",13.9139295159127,11.2170628300224,"Significant",0.278461629111423
"Lcu.1GRN.Chr1p368780831",1,368780831,1.22686568546423e-14,0.367741935483871,NA,2.3184108428233e-11,"MLM","NYC","Cotyledon_Color_RvsY",13.9112029802678,10.6348096007448,"Significant",-0.240648757226596
"Lcu.1GRN.Chr1p386234741",1,386234741,1.22733469618726e-14,0.295161290322581,NA,6.09800427994711e-12,"GLM","NYC","Cotyledon_Color_RvsY",13.9110369883032,11.2148122751565,"Significant",-0.267554143429022
"Lcu.1GRN.Chr2p43845061",2,43845061,1.23301212361586e-14,0.16820987654321,NA,5.05734094479565e-11,"GLM","NYC","DTF_Nepal_2017",13.9090326531743,10.2960777670611,"Significant",8.13845560609559
"Lcu.1GRN.Chr3p389317881",3,389317881,1.24792057014523e-14,0.132716049382716,NA,5.05734094479565e-11,"GLM","NYC","DTF_Nepal_2017",13.9038130565169,10.2960777670611,"Significant",8.74835122113893
"Lcu.1GRN.Chr1p89446196",1,89446196,1.25518567106128e-14,0.467741935483871,NA,6.22718346044055e-12,"GLM","NYC","Cotyledon_Color_RvsY",13.9012920272084,11.2057083392435,"Significant",-0.285833947873942
"Lcu.1GRN.Chr2p7836723",2,7836723,1.27383465741085e-14,0.469354838709677,NA,6.31039679247886e-12,"GLM","NYC","Cotyledon_Color_RvsY",13.8948869393744,11.199943331823,"Significant",-0.237551826159164
"Lcu.1GRN.Chr1p367497269",1,367497269,1.27790898822432e-14,0.290322580645161,NA,2.40137660693882e-11,"MLM","NYC","Cotyledon_Color_RvsY",13.8935000752226,10.6195397243706,"Significant",-0.277488700046535
"Lcu.1GRN.Chr1p367608462",1,367608462,1.30024379319165e-14,0.388709677419355,NA,2.42977279991386e-11,"MLM","NYC","Cotyledon_Color_RvsY",13.8859752106845,10.6144343339559,"Significant",-0.247881317574443
"Lcu.1GRN.Chr1p369005259",1,369005259,1.31630584452e-14,0.32258064516129,NA,2.44619805526883e-11,"MLM","NYC","Cotyledon_Color_RvsY",13.8806431903915,10.6115083834288,"Significant",-0.256192452337552
"Lcu.1GRN.Chr1p74596478",1,74596478,1.38470883205371e-14,0.388709677419355,NA,6.84956405457955e-12,"GLM","NYC","Cotyledon_Color_RvsY",13.8586415377376,11.164337068612,"Significant",-0.272824645625809
"Lcu.1GRN.Chr1p407751234",1,407751234,1.4140490982167e-14,0.233870967741935,NA,6.98442662290538e-12,"GLM","NYC","Cotyledon_Color_RvsY",13.849535510826,11.1558692409069,"Significant",0.278057389887441
"Lcu.1GRN.Chr1p363539164",1,363539164,1.4547242252144e-14,0.12741935483871,NA,7.17479799798667e-12,"GLM","NYC","Cotyledon_Color_RvsY",13.8372193288906,11.1441903217152,"Significant",-0.378045917218121
"Lcu.1GRN.Chr1p374473210",1,374473210,1.50802228387584e-14,0.0790322580645161,NA,7.4267779145017e-12,"GLM","NYC","Cotyledon_Color_RvsY",13.8215922408981,11.1291995627477,"Significant",-0.454234007860892
"Lcu.1GRN.Chr2p7852546",2,7852546,1.61014536697598e-14,0.466129032258065,NA,7.9181252434738e-12,"GLM","NYC","Cotyledon_Color_RvsY",13.793134913269,11.1013776331573,"Significant",-0.237678624784875
"Lcu.1GRN.Chr2p7958806",2,7958806,1.62574386809299e-14,0.479032258064516,NA,7.98316186392458e-12,"GLM","NYC","Cotyledon_Color_RvsY",13.7889478753692,11.0978250650298,"Significant",-0.233904004436108
"Lcu.1GRN.Chr1p362772627",1,362772627,1.65408519800426e-14,0.188709677419355,NA,8.11049090083235e-12,"GLM","NYC","Cotyledon_Color_RvsY",13.7814421247289,11.0909528586038,"Significant",-0.326256292656414
"Lcu.1GRN.Chr1p113228681",1,113228681,1.69445642249264e-14,0.303225806451613,NA,8.29634968652957e-12,"GLM","NYC","Cotyledon_Color_RvsY",13.7709695957344,11.0811129509621,"Significant",0.267463190299414
"Lcu.1GRN.Chr1p363987377",1,363987377,1.71285860171159e-14,0.0935483870967742,NA,8.37426030933028e-12,"GLM","NYC","Cotyledon_Color_RvsY",13.7662784870234,11.077053543427,"Significant",-0.359438966593914
"Lcu.1GRN.Chr2p7836864",2,7836864,1.73855592097395e-14,0.469354838709677,NA,8.48755935370457e-12,"GLM","NYC","Cotyledon_Color_RvsY",13.7598113355934,11.0712171756692,"Significant",-0.235317524339026
"Lcu.1GRN.Chr1p348998764",1,348998764,1.77510329464852e-14,0.446774193548387,NA,8.6534227523339e-12,"GLM","NYC","Cotyledon_Color_RvsY",13.7507763699381,11.0628120788435,"Significant",0.271673304230084
"Lcu.1GRN.Chr2p43002777",2,43002777,1.89824381409481e-14,0.0725308641975309,NA,7.6012687739956e-11,"GLM","NYC","DTF_Nepal_2017",13.7216480067056,10.1191139109356,"Significant",11.2749733816906
"Lcu.1GRN.Chr1p35529982",1,35529982,1.92492131669543e-14,0.491935483870968,NA,1.29496001706578e-09,"MLMM","NYC","Cotyledon_Color_RvsY",13.7155870180637,8.88774364056788,"Significant",-0.0871313221953178
"Lcu.1GRN.Chr1p351845237",1,351845237,1.92610671139578e-14,0.346774193548387,NA,3.55977327578057e-11,"MLM","NYC","Cotyledon_Color_RvsY",13.7153196554843,10.4485776616375,"Significant",0.305905053652919
"Lcu.1GRN.Chr1p353437784",1,353437784,1.9348668979936e-14,0.162903225806452,NA,9.41860164800888e-12,"GLM","NYC","Cotyledon_Color_RvsY",13.7133489052989,11.0260135708412,"Significant",-0.334494541747253
"Lcu.1GRN.Chr1p368743868",1,368743868,1.98993660422356e-14,0.385483870967742,NA,9.67267349353851e-12,"GLM","NYC","Cotyledon_Color_RvsY",13.7011607592056,11.0144534718305,"Significant",-0.306416421715562
"Lcu.1GRN.Chr1p95489047",1,95489047,2.02089679450329e-14,0.438709677419355,NA,9.80898978465638e-12,"GLM","NYC","Cotyledon_Color_RvsY",13.6944558649717,11.0083757177516,"Significant",0.29128273128883
"Lcu.1GRN.Chr1p116610765",1,116610765,2.05263292559931e-14,0.417741935483871,NA,9.94867405309889e-12,"GLM","NYC","Cotyledon_Color_RvsY",13.6876887090027,11.0022347976256,"Significant",0.275923722234082
"Lcu.1GRN.Chr1p364579748",1,364579748,2.09656111473421e-14,0.464516129032258,NA,1.01469636328029e-11,"GLM","NYC","Cotyledon_Color_RvsY",13.6784924733964,10.9936638961546,"Significant",-0.285467485561827
"Lcu.1GRN.Chr1p347380360",1,347380360,2.11549037473643e-14,0.406451612903226,NA,1.02091987213625e-11,"GLM","NYC","Cotyledon_Color_RvsY",13.6745889463234,10.9910083425895,"Significant",0.280781352275033
"Lcu.1GRN.Chr1p347380391",1,347380391,2.11549037473643e-14,0.406451612903226,NA,1.02091987213625e-11,"GLM","NYC","Cotyledon_Color_RvsY",13.6745889463234,10.9910083425895,"Significant",0.280781352275033
"Lcu.1GRN.Chr1p356521481",1,356521481,2.13679984608036e-14,0.417741935483871,NA,1.02972629488039e-11,"GLM","NYC","Cotyledon_Color_RvsY",13.6702361562701,10.9872781970614,"Significant",-0.257318517168807
"Lcu.1GRN.Chr1p346809816",1,346809816,2.14021545245323e-14,0.395161290322581,NA,1.02989678268289e-11,"GLM","NYC","Cotyledon_Color_RvsY",13.6695425046407,10.9872062985545,"Significant",0.270985032012976
"Lcu.1GRN.Chr1p386604407",1,386604407,2.22995124739639e-14,0.106451612903226,NA,1.07154573033283e-11,"GLM","NYC","Cotyledon_Color_RvsY",13.6517046316685,10.9699892898509,"Significant",-0.419295666405016
"Lcu.1GRN.Chr1p365082021",1,365082021,2.26115083839196e-14,0.37741935483871,NA,1.08498790878372e-11,"GLM","NYC","Cotyledon_Color_RvsY",13.6456704654758,10.9645751016106,"Significant",-0.30594209279866
"Lcu.1GRN.Chr1p369144581",1,369144581,2.28438092942741e-14,0.37258064516129,NA,4.19885442671426e-11,"MLM","NYC","Cotyledon_Color_RvsY",13.641231474089,10.3768691819876,"Significant",-0.265525547136307
"Lcu.1GRN.Chr1p131493892",1,131493892,2.28696018192325e-14,0.316129032258065,NA,1.09580902494726e-11,"GLM","NYC","Cotyledon_Color_RvsY",13.6407413967931,10.9602651270911,"Significant",0.269216276101413
"Lcu.1GRN.Chr1p343652688",1,343652688,2.29583569998632e-14,0.387096774193548,NA,1.09849696571451e-11,"GLM","NYC","Cotyledon_Color_RvsY",13.6390591951689,10.9592011383568,"Significant",0.270088425665077
"Lcu.1GRN.Chr3p18978155",3,18978155,2.33481205492747e-14,0.190322580645161,NA,1.11397691699261e-11,"GLM","NYC","Cotyledon_Color_RvsY",13.6317480730392,10.9531238081987,"Significant",-0.286724309579852
"Lcu.1GRN.Chr3p18986846",3,18986846,2.33481205492747e-14,0.190322580645161,NA,1.11397691699261e-11,"GLM","NYC","Cotyledon_Color_RvsY",13.6317480730392,10.9531238081987,"Significant",-0.286724309579852
"Lcu.1GRN.Chr1p382452705",1,382452705,2.46219392801206e-14,0.280645161290323,NA,1.17308893057172e-11,"GLM","NYC","Cotyledon_Color_RvsY",13.6086777440332,10.9306690632531,"Significant",-0.309124840372691
"Lcu.1GRN.Chr1p310571146",1,310571146,2.50018584407864e-14,0.369354838709677,NA,1.18950496720679e-11,"GLM","NYC","Cotyledon_Color_RvsY",13.6020277081047,10.9246337400698,"Significant",0.267055093686144
"Lcu.1GRN.Chr1p383589692",1,383589692,2.51687522792126e-14,0.483870967741935,NA,1.19575391213304e-11,"GLM","NYC","Cotyledon_Color_RvsY",13.59913831372,10.9223581895779,"Significant",-0.258211622894252
"Lcu.1GRN.Chr1p363356616",1,363356616,2.58138715782126e-14,0.0725806451612904,NA,1.22467341906187e-11,"GLM","NYC","Cotyledon_Color_RvsY",13.5881468548533,10.9119797082045,"Significant",-0.45464953819797
"Lcu.1GRN.Chr1p367960422",1,367960422,2.65862532266528e-14,0.364516129032258,NA,4.86018382559214e-11,"MLM","NYC","Cotyledon_Color_RvsY",13.5753428630311,10.3133473042088,"Significant",-0.24660764929151
"Lcu.1GRN.Chr1p173348181",1,173348181,2.70750476112842e-14,0.0967741935483871,NA,1.28269754082603e-11,"GLM","NYC","Cotyledon_Color_RvsY",13.5674307709981,10.8918757378853,"Significant",-0.435358719438273
"Lcu.1GRN.Chr2p43613682",2,43613682,2.74951754495262e-14,0.104938271604938,NA,1.08805525652127e-10,"GLM","NYC","DTF_Nepal_2017",13.5607435046958,9.96334904857818,"Significant",8.90525486623244
"Lcu.1GRN.Chr2p7873499",2,7873499,2.81063568933872e-14,0.479032258064516,NA,1.3296836778e-11,"GLM","NYC","Cotyledon_Color_RvsY",13.551195443387,10.8762516622849,"Significant",-0.233291644017462
"Lcu.1GRN.Chr1p380594407",1,380594407,2.84493961088505e-14,0.285483870967742,NA,1.34402219395305e-11,"GLM","NYC","Cotyledon_Color_RvsY",13.5459269478762,10.8715935596812,"Significant",-0.305565324179001
"Lcu.1GRN.Chr2p7879250",2,7879250,2.88745747224133e-14,0.47258064516129,NA,1.36219552253212e-11,"GLM","NYC","Cotyledon_Color_RvsY",13.5394844035351,10.8657605515551,"Significant",-0.2316314062794
"Lcu.1GRN.Chr1p265950639",1,265950639,2.93623593854917e-14,0.417741935483871,NA,1.38326733045094e-11,"GLM","NYC","Cotyledon_Color_RvsY",13.5322090500186,10.8590938799629,"Significant",0.265701489805301
"Lcu.1GRN.Chr1p389145702",1,389145702,2.96346303616342e-14,0.193548387096774,NA,1.39414149802123e-11,"GLM","NYC","Cotyledon_Color_RvsY",13.5282004854286,10.8556931453978,"Significant",0.27488311670369
"Lcu.1GRN.Chr1p367608589",1,367608589,2.99375249820375e-14,0.395161290322581,NA,5.4233910252335e-11,"MLM","NYC","Cotyledon_Color_RvsY",13.5237841068345,10.2657290819044,"Significant",-0.247787532302914
"Lcu.1GRN.Chr1p367666858",1,367666858,2.99895866923162e-14,0.353225806451613,NA,5.4233910252335e-11,"MLM","NYC","Cotyledon_Color_RvsY",13.5230295195183,10.2657290819044,"Significant",-0.254587872544462
"Lcu.1GRN.Chr1p368087177",1,368087177,3.01566211374618e-14,0.374193548387097,NA,1.41671678521573e-11,"GLM","NYC","Cotyledon_Color_RvsY",13.5206173200821,10.8487169605581,"Significant",-0.310456211198471
"Lcu.1GRN.Chr1p375472360",1,375472360,3.03162261185964e-14,0.104838709677419,NA,1.42222845618325e-11,"GLM","NYC","Cotyledon_Color_RvsY",13.5183248623367,10.8470306361727,"Significant",-0.419097099090849
"Lcu.1GRN.Chr1p30769626",1,30769626,3.06517548615289e-14,0.425806451612903,NA,1.43596641051642e-11,"GLM","NYC","Cotyledon_Color_RvsY",13.5135446563866,10.842855718797,"Significant",0.297305994685386
"Lcu.1GRN.Chr1p385803483",1,385803483,3.13774207815681e-14,0.42258064516129,NA,1.46791778804363e-11,"GLM","NYC","Cotyledon_Color_RvsY",13.5033827582114,10.8332982667625,"Significant",-0.23092352849189
"Lcu.1GRN.Chr1p48511247",1,48511247,3.15937167258131e-14,0.314516129032258,NA,1.47598384915439e-11,"GLM","NYC","Cotyledon_Color_RvsY",13.5003992801233,10.8309183947227,"Significant",0.250163083739773
"Lcu.1GRN.Chr1p384216463",1,384216463,3.20806736291958e-14,0.0967741935483871,NA,1.49665463892257e-11,"GLM","NYC","Cotyledon_Color_RvsY",13.4937565209873,10.8248784038748,"Significant",-0.427460769798287
"Lcu.1GRN.Chr1p363211898",1,363211898,3.21813922047692e-14,0.182258064516129,NA,1.49927400993651e-11,"GLM","NYC","Cotyledon_Color_RvsY",13.492395171742,10.8241189874797,"Significant",-0.33201419707477
"Lcu.1GRN.Chr1p384216481",1,384216481,3.28276358576627e-14,0.496774193548387,NA,1.52726602911956e-11,"GLM","NYC","Cotyledon_Color_RvsY",13.4837603926572,10.8160853081199,"Significant",0.23437785694994
"Lcu.1GRN.Chr1p386968904",1,386968904,3.33408107360359e-14,0.103225806451613,NA,1.54899840950942e-11,"GLM","NYC","Cotyledon_Color_RvsY",13.477023843803,10.8099490281683,"Significant",-0.425663922142933
"Lcu.1GRN.Chr1p350910805",1,350910805,3.3749692784093e-14,0.429032258064516,NA,1.56583212589062e-11,"GLM","NYC","Cotyledon_Color_RvsY",13.4717301761005,10.8052548008396,"Significant",-0.320545725143719
"Lcu.1GRN.Chr2p43063246",2,43063246,3.44001516599928e-14,0.148148148148148,NA,1.34547393179265e-10,"GLM","NYC","DTF_Nepal_2017",13.4634396427496,9.8711247121613,"Significant",8.80075898040707
"Lcu.1GRN.Chr7p645659887",7,645659887,3.51119665057862e-14,0.0725806451612904,0.0820748325563991,2.95262670941294e-09,"BLINK","Kansas","Cotyledon_Color_RvsY",13.4545448464476,8.52979145594372,"Significant",NA
"Lcu.1GRN.Chr1p376892736",1,376892736,3.72367258458226e-14,0.146774193548387,NA,1.72523495352367e-11,"GLM","NYC","Cotyledon_Color_RvsY",13.4290285126962,10.7631517515644,"Significant",-0.378598897057438
"Lcu.1GRN.Chr1p367581845",1,367581845,3.81931924315978e-14,0.380645161290323,NA,6.87001580675895e-11,"MLM","NYC","Cotyledon_Color_RvsY",13.4180140389956,10.1630422637002,"Significant",-0.254194928433023
"Lcu.1GRN.Chr1p346816377",1,346816377,3.82898225216432e-14,0.396774193548387,NA,1.77158634554849e-11,"GLM","NYC","Cotyledon_Color_RvsY",13.4169166466596,10.7516376756868,"Significant",0.268668548079895
"Lcu.1GRN.Chr1p413711647",1,413711647,3.85239075618738e-14,0.195161290322581,NA,1.77996857347044e-11,"GLM","NYC","Cotyledon_Color_RvsY",13.4142696679003,10.7495876653815,"Significant",0.273569681762112
"Lcu.1GRN.Chr1p361279443",1,361279443,4.02223763687342e-14,0.143548387096774,NA,1.85589575747902e-11,"GLM","NYC","Cotyledon_Color_RvsY",13.3955322745314,10.7314464210175,"Significant",-0.296997778912235
"Lcu.1GRN.Chr1p343495155",1,343495155,4.06297758397947e-14,0.390322580645161,NA,1.86887897560018e-11,"GLM","NYC","Cotyledon_Color_RvsY",13.3911555737309,10.7284188216446,"Significant",-0.236386523008006
"Lcu.1GRN.Chr1p343497749",1,343497749,4.06297758397947e-14,0.390322580645161,NA,1.86887897560018e-11,"GLM","NYC","Cotyledon_Color_RvsY",13.3911555737309,10.7284188216446,"Significant",-0.236386523008006
"Lcu.1GRN.Chr2p7852398",2,7852398,4.06704406240604e-14,0.419354838709677,NA,1.86887897560018e-11,"GLM","NYC","Cotyledon_Color_RvsY",13.3907211224181,10.7284188216446,"Significant",-0.237199417924416
"Lcu.1GRN.Chr1p365318065",1,365318065,4.1140125743122e-14,0.374193548387097,NA,7.36073440204081e-11,"MLM","NYC","Cotyledon_Color_RvsY",13.3857343852358,10.1330788526676,"Significant",-0.225801893462782
"Lcu.1GRN.Chr1p373216396",1,373216396,4.11911305256332e-14,0.382258064516129,NA,1.89022332899259e-11,"GLM","NYC","Cotyledon_Color_RvsY",13.3851962882983,10.7234868811076,"Significant",-0.246597200623931
"Lcu.1GRN.Chr6p297914010",6,297914010,4.19995350738328e-14,0.295161290322581,NA,1.92469449784468e-11,"GLM","NYC","Cotyledon_Color_RvsY",13.3767555171256,10.7156381952098,"Significant",-0.447415206949691
"Lcu.1GRN.Chr1p370906964",1,370906964,4.24366411277853e-14,0.237096774193548,NA,1.94089619352999e-11,"GLM","NYC","Cotyledon_Color_RvsY",13.3722589979422,10.7119976917021,"Significant",-0.264724753777259
"Lcu.1GRN.Chr1p362779232",1,362779232,4.24684822957684e-14,0.174193548387097,NA,1.94089619352999e-11,"GLM","NYC","Cotyledon_Color_RvsY",13.3719332591965,10.7119976917021,"Significant",-0.317840817779709
"Lcu.1GRN.Chr1p390261940",1,390261940,4.27938725879184e-14,0.337096774193548,NA,1.95311350621171e-11,"GLM","NYC","Cotyledon_Color_RvsY",13.3686184107009,10.709272516728,"Significant",0.243643881237376
"Lcu.1GRN.Chr2p7884065",2,7884065,4.33396772975697e-14,0.359677419354839,NA,1.97534379858423e-11,"GLM","NYC","Cotyledon_Color_RvsY",13.3631143267127,10.7043573067039,"Significant",-0.215598758283275
"Lcu.1GRN.Chr1p355811638",1,355811638,4.41848760287041e-14,0.367741935483871,NA,7.86366888632123e-11,"MLM","NYC","Cotyledon_Color_RvsY",13.3547263591864,10.1043747815278,"Significant",0.315202199607895
"Lcu.1GRN.Chr1p348663956",1,348663956,4.44212824835427e-14,0.45,NA,2.02190169487711e-11,"GLM","NYC","Cotyledon_Color_RvsY",13.3524089071229,10.6942399636858,"Significant",0.265599953956776
"Lcu.1GRN.Chr1p348092485",1,348092485,4.48393574922445e-14,0.409677419354839,NA,2.03817299480997e-11,"GLM","NYC","Cotyledon_Color_RvsY",13.3483406190827,10.6907589569818,"Significant",0.266242830283815
"Lcu.1GRN.Chr2p7874074",2,7874074,4.51122130482205e-14,0.425806451612903,NA,2.04780833554532e-11,"GLM","NYC","Cotyledon_Color_RvsY",13.3457058674034,10.6887106935508,"Significant",-0.242978992046722
"Lcu.1GRN.Chr1p367499124",1,367499124,4.55358323953987e-14,0.388709677419355,NA,2.06425220152872e-11,"GLM","NYC","Cotyledon_Color_RvsY",13.3416467201088,10.6852372435559,"Significant",-0.285020315322537
"Lcu.1GRN.Chr1p365205572",1,365205572,4.61915954366075e-14,0.295161290322581,NA,8.17754125380282e-11,"MLM","NYC","Cotyledon_Color_RvsY",13.3354370371614,10.0873772562823,"Significant",-0.245166330735842
"Lcu.1GRN.Chr1p343565040",1,343565040,4.70211752156307e-14,0.388709677419355,NA,2.12871758327807e-11,"GLM","NYC","Cotyledon_Color_RvsY",13.3277065206112,10.6718819525399,"Significant",-0.241766116063501
"Lcu.1GRN.Chr1p364668388",1,364668388,4.79122284937467e-14,0.454838709677419,NA,2.16614147335431e-11,"GLM","NYC","Cotyledon_Color_RvsY",13.3195536287655,10.6643131824795,"Significant",-0.301649600437756
"Lcu.1GRN.Chr1p388824405",1,388824405,4.8077848663159e-14,0.493548387096774,NA,2.17071164044038e-11,"GLM","NYC","Cotyledon_Color_RvsY",13.3180549739218,10.6633978648382,"Significant",0.218773988143139
"Lcu.1GRN.Chr1p376765543",1,376765543,4.9389946888099e-14,0.283870967741935,NA,2.22696357438461e-11,"GLM","NYC","Cotyledon_Color_RvsY",13.3063614408605,10.6522868865013,"Significant",0.269099360513826
"Lcu.1GRN.Chr1p367671470",1,367671470,4.96543569570973e-14,0.351612903225806,NA,8.74454821287327e-11,"MLM","NYC","Cotyledon_Color_RvsY",13.3040426380164,10.0582626234323,"Significant",-0.256626444602631
"Lcu.1GRN.Chr1p347265422",1,347265422,5.00615423724497e-14,0.393548387096774,NA,2.25422367111028e-11,"GLM","NYC","Cotyledon_Color_RvsY",13.300495774114,10.6470029940976,"Significant",0.264663994928505
"Lcu.1GRN.Chr1p373534706",1,373534706,5.03587635966085e-14,0.0758064516129032,NA,2.26457569982626e-11,"GLM","NYC","Cotyledon_Color_RvsY",13.2979249411885,10.6450131572211,"Significant",-0.454618274960707
"Lcu.1GRN.Chr1p386604550",1,386604550,5.04832893887947e-14,0.467741935483871,NA,2.2671445396316e-11,"GLM","NYC","Cotyledon_Color_RvsY",13.296852355094,10.6445207909615,"Significant",-0.248100501201632
"Lcu.1GRN.Chr1p384116211",1,384116211,5.12239157796348e-14,0.487096774193548,NA,2.29733798387312e-11,"GLM","NYC","Cotyledon_Color_RvsY",13.2905272252334,10.6387751067932,"Significant",0.229278340928078
"Lcu.1GRN.Chr1p422766022",1,422766022,5.20237666553513e-14,0.179032258064516,NA,2.33010363762457e-11,"GLM","NYC","Cotyledon_Color_RvsY",13.2837982069573,10.6326247621296,"Significant",-0.283256143636186
"Lcu.1GRN.Chr2p45092147",2,45092147,5.24783708153443e-14,0.291666666666667,NA,8.82599607802245e-09,"FarmCPU","NYC","DTF_Sask_2017",13.2800196560426,8.05423626987473,"Significant",-0.163288959015745
"Lcu.1GRN.Chr1p390340795",1,390340795,5.26736143754192e-14,0.333870967741935,NA,2.35607255939051e-11,"GLM","NYC","Cotyledon_Color_RvsY",13.2784068800582,10.627811338818,"Significant",0.238909365696443
"Lcu.1GRN.Chr1p364877724",1,364877724,5.27794155911751e-14,0.348387096774194,NA,9.24648629383167e-11,"MLM","NYC","Cotyledon_Color_RvsY",13.277535422887,10.0340232697586,"Significant",-0.274652357574096
"Lcu.1GRN.Chr3p437318468",3,437318468,5.33606644607397e-14,0.113354037267081,NA,2.2435958278332e-09,"FarmCPU","NYC","DTF_Sask_2017_b",13.2727787711111,8.64905537627114,"Significant",0.0809136687742011
"Lcu.1GRN.Chr1p357509147",1,357509147,5.34676774161263e-14,0.361290322580645,NA,9.30154386067494e-11,"MLM","NYC","Cotyledon_Color_RvsY",13.2719086808196,10.0314449617122,"Significant",0.305694995015548
"Lcu.1GRN.Chr1p365384755",1,365384755,5.36467462316737e-14,0.330645161290323,NA,9.30154386067494e-11,"MLM","NYC","Cotyledon_Color_RvsY",13.2704566136138,10.0314449617122,"Significant",-0.23249818061462
"Lcu.1GRN.Chr1p356892983",1,356892983,5.36627013321578e-14,0.1,NA,2.39712640889693e-11,"GLM","NYC","Cotyledon_Color_RvsY",13.2703274691199,10.6203090634887,"Significant",-0.373451334113018
"Lcu.1GRN.Chr1p358064411",1,358064411,5.39341653211682e-14,0.241935483870968,NA,2.40605747832697e-11,"GLM","NYC","Cotyledon_Color_RvsY",13.2681360379699,10.6186940020078,"Significant",-0.256334675391988
"Lcu.1GRN.Chr1p365083731",1,365083731,5.42119736301275e-14,0.314516129032258,NA,9.35134304310004e-11,"MLM","NYC","Cotyledon_Color_RvsY",13.2659047815947,10.0291260111253,"Significant",-0.2877371671097
"Lcu.1GRN.Chr1p363538835",1,363538835,5.51694777676348e-14,0.148387096774194,NA,2.45790618917431e-11,"GLM","NYC","Cotyledon_Color_RvsY",13.2583011270393,10.6094346968366,"Significant",-0.373884816209906
"Lcu.1GRN.Chr1p366878031",1,366878031,5.52502822941415e-14,0.414516129032258,NA,9.48182229818036e-11,"MLM","NYC","Cotyledon_Color_RvsY",13.2576654986659,10.0231081881905,"Significant",-0.225698290174147
"Lcu.1GRN.Chr5p1690994",5,1690994,5.5691305114728e-14,0.128086419753086,NA,2.15318588822135e-10,"GLM","NYC","DTF_Nepal_2017",13.2542126043856,9.66691847517238,"Significant",14.3503066372725
"Lcu.1GRN.Chr1p348662741",1,348662741,5.6281541362094e-14,0.456451612903226,NA,2.50413402425178e-11,"GLM","NYC","Cotyledon_Color_RvsY",13.2496340172095,10.6013424308788,"Significant",0.261132954927437
"Lcu.1GRN.Chr1p349179837",1,349179837,5.7841564019355e-14,0.433870967741935,NA,2.57014443388354e-11,"GLM","NYC","Cotyledon_Color_RvsY",13.2377599723561,10.5900424700243,"Significant",0.255820959722978
"Lcu.1GRN.Chr1p365080585",1,365080585,5.83132189486806e-14,0.354838709677419,NA,9.95667132899027e-11,"MLM","NYC","Cotyledon_Color_RvsY",13.2342329844225,10.0018858287522,"Significant",-0.257047727589212
"Lcu.1GRN.Chr1p362785754",1,362785754,5.90321187061956e-14,0.119354838709677,NA,2.61958531304049e-11,"GLM","NYC","Cotyledon_Color_RvsY",13.2289116293504,10.5817674531506,"Significant",-0.368386263377974
"Lcu.1GRN.Chr1p387756846",1,387756846,5.95226844455131e-14,0.393548387096774,NA,2.63787441355519e-11,"GLM","NYC","Cotyledon_Color_RvsY",13.2253174905404,10.578745884604,"Significant",0.229637829699374
"Lcu.1GRN.Chr1p24237694",1,24237694,5.97983837573722e-14,0.358064516129032,NA,2.64660565122579e-11,"GLM","NYC","Cotyledon_Color_RvsY",13.2233105540507,10.5773107644996,"Significant",-0.282877509313845
"Lcu.1GRN.Chr2p7684467",2,7684467,5.99852535806585e-14,0.309677419354839,NA,2.65138762038967e-11,"GLM","NYC","Cotyledon_Color_RvsY",13.2219555008777,10.5765267758164,"Significant",-0.226349006129409
"Lcu.1GRN.Chr1p373425424",1,373425424,6.05625324051938e-14,0.380645161290323,NA,2.673390726711e-11,"GLM","NYC","Cotyledon_Color_RvsY",13.2177959732272,10.5729375627349,"Significant",-0.245871007941366
"Lcu.1GRN.Chr1p369008211",1,369008211,6.06934720453437e-14,0.316129032258065,NA,1.0310748036099e-10,"MLM","NYC","Cotyledon_Color_RvsY",13.2168580174444,9.98670982587407,"Significant",-0.263588384528574
"Lcu.1GRN.Chr2p7894952",2,7894952,6.09731524655738e-14,0.361290322580645,NA,2.68798904002459e-11,"GLM","NYC","Cotyledon_Color_RvsY",13.2148613502789,10.5705725064019,"Significant",-0.251655965666962
"Lcu.1GRN.Chr2p7896841",2,7896841,6.18098160957334e-14,0.470967741935484,NA,2.7213065982557e-11,"GLM","NYC","Cotyledon_Color_RvsY",13.2089425485733,10.5652225253171,"Significant",-0.229361127986146
"Lcu.1GRN.Chr1p347975124",1,347975124,6.25510537556862e-14,0.430645161290323,NA,2.75034121550835e-11,"GLM","NYC","Cotyledon_Color_RvsY",13.2037653696408,10.5606134229626,"Significant",0.268611409694336
"Lcu.1GRN.Chr1p385703556",1,385703556,6.33022594273908e-14,0.420967741935484,NA,2.77973774109833e-11,"GLM","NYC","Cotyledon_Color_RvsY",13.1985807885713,10.5559961763721,"Significant",0.226610742111639
"Lcu.1GRN.Chr1p389143265",1,389143265,6.52751497333136e-14,0.396774193548387,NA,2.86263445767216e-11,"GLM","NYC","Cotyledon_Color_RvsY",13.1852521232848,10.5432341054019,"Significant",-0.315268098010187
"Lcu.1GRN.Chr2p43311892",2,43311892,6.5704261015584e-14,0.111111111111111,NA,2.51144831420783e-10,"GLM","NYC","DTF_Nepal_2017",13.1824064649067,9.60007575522504,"Significant",8.57213402686057
"Lcu.1GRN.Chr1p363538926",1,363538926,6.64664940858459e-14,0.166129032258065,NA,2.91108531460596e-11,"GLM","NYC","Cotyledon_Color_RvsY",13.1773972283919,10.5359450665915,"Significant",-0.341278310803641
"Lcu.1GRN.Chr2p7852559",2,7852559,6.78516703415938e-14,0.467741935483871,NA,2.9678885302719e-11,"GLM","NYC","Cotyledon_Color_RvsY",13.1684394566084,10.527552414578,"Significant",-0.233973028270904
"Lcu.1GRN.Chr1p365687187",1,365687187,6.82924498589764e-14,0.42741935483871,NA,1.1543380141565e-10,"MLM","NYC","Cotyledon_Color_RvsY",13.1656273075313,9.93766700210908,"Significant",-0.228062786497219
"Lcu.1GRN.Chr1p79896909",1,79896909,7.04769960116429e-14,0.179032258064516,NA,3.07871892434393e-11,"GLM","NYC","Cotyledon_Color_RvsY",13.151952615427,10.5116299587676,"Significant",-0.30241309998932
"Lcu.1GRN.Chr2p44559261",2,44559261,7.06526948827605e-14,0.148148148148148,NA,2.67025112580107e-10,"GLM","NYC","DTF_Nepal_2017",13.1508712683463,9.57344789315937,"Significant",9.38235307966397
"Lcu.1GRN.Chr1p379850848",1,379850848,7.12069173875825e-14,0.335483870967742,NA,3.10657032177807e-11,"GLM","NYC","Cotyledon_Color_RvsY",13.1474778148276,10.5077188110467,"Significant",-0.292226732868156
"Lcu.1GRN.Chr1p367493859",1,367493859,7.23666486536392e-14,0.225806451612903,NA,3.15307674969931e-11,"GLM","NYC","Cotyledon_Color_RvsY",13.1404615393669,10.5012654578708,"Significant",-0.364132595809758
"Lcu.1GRN.Chr1p367435553",1,367435553,7.27942157645265e-14,0.387096774193548,NA,1.22427859870332e-10,"MLM","NYC","Cotyledon_Color_RvsY",13.1379031283978,9.91211974222992,"Significant",-0.260038910651548
"Lcu.1GRN.Chr1p47984328",1,47984328,7.45565297386479e-14,0.311290322580645,NA,3.24428929347992e-11,"GLM","NYC","Cotyledon_Color_RvsY",13.1275143145815,10.488880426668,"Significant",0.245269398005596
"Lcu.1GRN.Chr1p348630850",1,348630850,7.4799455241875e-14,0.424193548387097,NA,3.250654827047e-11,"GLM","NYC","Cotyledon_Color_RvsY",13.1261015650541,10.4880291439051,"Significant",0.254958742200296
"Lcu.1GRN.Chr2p43311657",2,43311657,7.51450299589837e-14,0.118827160493827,NA,2.80847869913483e-10,"GLM","NYC","DTF_Nepal_2017",13.124099738068,9.55152886567542,"Significant",9.70012645459894
"Lcu.1GRN.Chr1p381504230",1,381504230,7.73162028775398e-14,0.319354838709677,NA,3.35569280171735e-11,"GLM","NYC","Cotyledon_Color_RvsY",13.1117294830168,10.4742178036912,"Significant",-0.30047154374778
"Lcu.1GRN.Chr1p382777082",1,382777082,7.82011395804703e-14,0.114516129032258,NA,3.3897271542866e-11,"GLM","NYC","Cotyledon_Color_RvsY",13.106786918169,10.4698352575953,"Significant",-0.394322927150847
"Lcu.1GRN.Chr1p44324471",1,44324471,7.8859508694876e-14,0.27741935483871,NA,3.41386568354818e-11,"GLM","NYC","Cotyledon_Color_RvsY",13.1031459329662,10.4667535699352,"Significant",-0.223082744050999
"Lcu.1GRN.Chr1p199844129",1,199844129,7.91737948184608e-14,0.409677419354839,NA,3.42306578942175e-11,"GLM","NYC","Cotyledon_Color_RvsY",13.1014185387256,10.4655847538834,"Significant",0.256872067462076
"Lcu.1GRN.Chr1p348664040",1,348664040,8.07285294377616e-14,0.446774193548387,NA,3.4858040130156e-11,"GLM","NYC","Cotyledon_Color_RvsY",13.0929729586138,10.4576970344545,"Significant",0.264274816108298
"Lcu.1GRN.Chr1p300339182",1,300339182,8.56868345452415e-14,0.0903225806451613,NA,3.69515685583067e-11,"GLM","NYC","Cotyledon_Color_RvsY",13.067085900639,10.4323671214976,"Significant",-0.420641175494531
"Lcu.1GRN.Chr1p27066693",1,27066693,9.23691509942272e-14,0.390322580645161,NA,5.17832236874587e-09,"FarmCPU","NYC","Cotyledon_Color_RvsY",13.0344730481517,8.28581091670348,"Significant",-0.0174816792610182
"Lcu.1GRN.Chr1p371694995",1,371694995,9.47007523978682e-14,0.195161290322581,NA,4.07864378768421e-11,"GLM","NYC","Cotyledon_Color_RvsY",13.0236465705116,10.389484222557,"Significant",-0.299931889340509
"Lcu.1GRN.Chr1p348662797",1,348662797,9.94533883094619e-14,0.467741935483871,NA,4.2778565045382e-11,"GLM","NYC","Cotyledon_Color_RvsY",13.0023804161692,10.3687737873971,"Significant",0.254305458453388
"Lcu.1GRN.Chr1p386968485",1,386968485,9.99569233890383e-14,0.12741935483871,NA,4.29402432306522e-11,"GLM","NYC","Cotyledon_Color_RvsY",13.0001871196497,10.3671354998758,"Significant",-0.380886067475469
"Lcu.1GRN.Chr1p423012583",1,423012583,1.00832883699062e-13,0.295161290322581,NA,4.32612941214317e-11,"GLM","NYC","Cotyledon_Color_RvsY",12.996397812334,10.3639004931866,"Significant",-0.288717849559583
"Lcu.1GRN.Chr1p343376117",1,343376117,1.0110785711294e-13,0.433870967741935,NA,4.33240083738959e-11,"GLM","NYC","Cotyledon_Color_RvsY",12.9952150939817,10.363271368895,"Significant",0.269534005462846
"Lcu.1GRN.Chr1p156604061",1,156604061,1.02748396886234e-13,0.411290322580645,NA,4.39709542181068e-11,"GLM","NYC","Cotyledon_Color_RvsY",12.9882249454022,10.3568341096097,"Significant",0.271373112437438
"Lcu.1GRN.Chr1p342357638",1,342357638,1.0292287596261e-13,0.391935483870968,NA,4.39896556784182e-11,"GLM","NYC","Cotyledon_Color_RvsY",12.9874880868492,10.3566494373764,"Significant",-0.236809146970444
"Lcu.1GRN.Chr1p370888997",1,370888997,1.03902725199289e-13,0.0790322580645161,NA,4.41838785930585e-11,"GLM","NYC","Cotyledon_Color_RvsY",12.9833730614564,10.3547361631222,"Significant",-0.437705649280863
"Lcu.1GRN.Chr1p370907009",1,370907009,1.03902725199289e-13,0.0790322580645161,NA,4.41838785930585e-11,"GLM","NYC","Cotyledon_Color_RvsY",12.9833730614564,10.3547361631222,"Significant",-0.437705649280863
"Lcu.1GRN.Chr1p371174340",1,371174340,1.03902725199289e-13,0.0790322580645161,NA,4.41838785930585e-11,"GLM","NYC","Cotyledon_Color_RvsY",12.9833730614564,10.3547361631222,"Significant",-0.437705649280863
"Lcu.1GRN.Chr1p373068171",1,373068171,1.03902725199289e-13,0.0790322580645161,NA,4.41838785930585e-11,"GLM","NYC","Cotyledon_Color_RvsY",12.9833730614564,10.3547361631222,"Significant",-0.437705649280863
"Lcu.1GRN.Chr1p408108602",1,408108602,1.04095530039511e-13,0.374193548387097,NA,4.42099762030307e-11,"GLM","NYC","Cotyledon_Color_RvsY",12.9825679191048,10.3544797188624,"Significant",0.262423677932248
"Lcu.1GRN.Chr1p349404343",1,349404343,1.06003926389168e-13,0.441935483870968,NA,4.49637108546599e-11,"GLM","NYC","Cotyledon_Color_RvsY",12.9746780481544,10.3471378536401,"Significant",0.265747812698925
"Lcu.1GRN.Chr1p28229933",1,28229933,1.08568529171435e-13,0.429032258064516,NA,4.59935396118491e-11,"GLM","NYC","Cotyledon_Color_RvsY",12.9642960457224,10.3373031663177,"Significant",-0.294197653808154
"Lcu.1GRN.Chr2p7683702",2,7683702,1.09359525569994e-13,0.475806451612903,NA,4.62703591665438e-11,"GLM","NYC","Cotyledon_Color_RvsY",12.9611433825183,10.3346971293429,"Significant",-0.231169882077749
"Lcu.1GRN.Chr1p211639541",1,211639541,1.11606097732934e-13,0.140322580645161,NA,4.71615681860976e-11,"GLM","NYC","Cotyledon_Color_RvsY",12.9523120765506,10.3264117624564,"Significant",-0.404176803236211
"Lcu.1GRN.Chr1p363891356",1,363891356,1.11607745846606e-13,0.12258064516129,NA,1.86771953468584e-10,"MLM","NYC","Cotyledon_Color_RvsY",12.9523056632685,9.72868833885711,"Significant",-0.358452485114471
"Lcu.1GRN.Chr2p44191740",2,44191740,1.14760531672849e-13,0.0972222222222222,NA,4.24194019309902e-10,"GLM","NYC","DTF_Nepal_2017",12.9402074483831,9.3724354588723,"Significant",8.60618822347271
"Lcu.1GRN.Chr1p367432846",1,367432846,1.1558420220907e-13,0.295161290322581,NA,1.92468868041873e-10,"MLM","NYC","Cotyledon_Color_RvsY",12.9371015202604,9.71563950787515,"Significant",-0.269027997610463
"Lcu.1GRN.Chr1p191731013",1,191731013,1.16103853275759e-13,0.285483870967742,NA,4.90006333937353e-11,"GLM","NYC","Cotyledon_Color_RvsY",12.9351533665781,10.3097983061424,"Significant",-0.533995645048915
"Lcu.1GRN.Chr1p351669898",1,351669898,1.17252573412988e-13,0.195161290322581,NA,4.94234290240682e-11,"GLM","NYC","Cotyledon_Color_RvsY",12.9308776167852,10.3060671263041,"Significant",-0.265165914383989
"Lcu.1GRN.Chr1p423071816",1,423071816,1.24022517662387e-13,0.3,NA,5.22116172697675e-11,"GLM","NYC","Cotyledon_Color_RvsY",12.9064994567031,10.2822328541852,"Significant",-0.284440136954395
"Lcu.1GRN.Chr1p368325461",1,368325461,1.27764338162512e-13,0.37741935483871,NA,2.11702990811378e-10,"MLM","NYC","Cotyledon_Color_RvsY",12.893590350407,9.67427300648837,"Significant",-0.234914378969136
"Lcu.1GRN.Chr1p371795386",1,371795386,1.28790866642731e-13,0.0790322580645161,NA,5.41512468000193e-11,"GLM","NYC","Cotyledon_Color_RvsY",12.8901149343932,10.2663915395533,"Significant",-0.437780164554228
"Lcu.1GRN.Chr2p44146039",2,44146039,1.30288285493367e-13,0.0987654320987654,NA,4.76355214418993e-10,"GLM","NYC","DTF_Nepal_2017",12.8850946309052,9.32206907641889,"Significant",8.55368294099344
"Lcu.1GRN.Chr1p355865592",1,355865592,1.30818197293825e-13,0.488709677419355,NA,5.49349869776928e-11,"GLM","NYC","Cotyledon_Color_RvsY",12.8833318398451,10.2601509740974,"Significant",-0.336421805295262
"Lcu.1GRN.Chr1p366141043",1,366141043,1.31598057371066e-13,0.382258064516129,NA,2.16986489037908e-10,"MLM","NYC","Cotyledon_Color_RvsY",12.8807505216586,9.66356730725266,"Significant",-0.221564561183629
"Lcu.1GRN.Chr1p379340937",1,379340937,1.32152902100642e-13,0.303225806451613,NA,5.54262783302826e-11,"GLM","NYC","Cotyledon_Color_RvsY",12.8789232952454,10.2562842816977,"Significant",-0.314093791471927
"Lcu.1GRN.Chr2p7883584",2,7883584,1.33072916671728e-13,0.475806451612903,NA,5.57426373127263e-11,"GLM","NYC","Cotyledon_Color_RvsY",12.8759103242163,10.2538124876631,"Significant",-0.234552440578521
"Lcu.1GRN.Chr1p384432887",1,384432887,1.33830801985367e-13,0.488709677419355,NA,5.5990379815189e-11,"GLM","NYC","Cotyledon_Color_RvsY",12.8734439195073,10.2518865864239,"Significant",0.229240630041181
"Lcu.1GRN.Chr2p8359540",2,8359540,1.34049862629567e-13,0.369354838709677,NA,5.60123604262356e-11,"GLM","NYC","Cotyledon_Color_RvsY",12.8727336267333,10.2517161252693,"Significant",-0.212640168574745
"Lcu.1GRN.Chr1p357246725",1,357246725,1.39296872764302e-13,0.132258064516129,NA,5.81325945423202e-11,"GLM","NYC","Cotyledon_Color_RvsY",12.8560586334429,10.2355802934161,"Significant",-0.322480833506734
"Lcu.1GRN.Chr1p123266157",1,123266157,1.42165990260736e-13,0.382258064516129,NA,5.92564407014041e-11,"GLM","NYC","Cotyledon_Color_RvsY",12.8472042855237,10.2272644384139,"Significant",0.256761237629237
"Lcu.1GRN.Chr1p366601096",1,366601096,1.43733816923902e-13,0.367741935483871,NA,2.35840550230449e-10,"MLM","NYC","Cotyledon_Color_RvsY",12.8424410413604,9.62738152058423,"Significant",-0.232268594565154
"Lcu.1GRN.Chr1p349272711",1,349272711,1.44966677602206e-13,0.443548387096774,NA,6.03490178775014e-11,"GLM","NYC","Cotyledon_Color_RvsY",12.8387318142934,10.2193297932361,"Significant",0.256387537168376
"Lcu.1GRN.Chr1p371794411",1,371794411,1.5073964142402e-13,0.0774193548387097,NA,6.26747107130697e-11,"GLM","NYC","Cotyledon_Color_RvsY",12.8217725221527,10.2029076619331,"Significant",-0.447004074296151
"Lcu.1GRN.Chr1p367580706",1,367580706,1.5247246922793e-13,0.37741935483871,NA,2.48964597363063e-10,"MLM","NYC","Cotyledon_Color_RvsY",12.8168085664272,9.60386240496445,"Significant",-0.254019660614978
"Lcu.1GRN.Chr1p316671279",1,316671279,1.53578730722812e-13,0.406451612903226,NA,6.37763171815311e-11,"GLM","NYC","Cotyledon_Color_RvsY",12.8136689260318,10.1953405630786,"Significant",0.268607787653585
"Lcu.1GRN.Chr1p175832925",1,175832925,1.55662068490191e-13,0.474193548387097,NA,6.45617546138593e-11,"GLM","NYC","Cotyledon_Color_RvsY",12.807817202797,10.1900246751763,"Significant",0.313599426874037
"Lcu.1GRN.Chr1p367801395",1,367801395,1.56324437499134e-13,0.361290322580645,NA,2.54021169411938e-10,"MLM","NYC","Cotyledon_Color_RvsY",12.8059731253625,9.59513008898759,"Significant",-0.234449732418945
"Lcu.1GRN.Chr1p133319134",1,133319134,1.56408109655129e-13,0.0983870967741935,NA,6.47912889413384e-11,"GLM","NYC","Cotyledon_Color_RvsY",12.805740732816,10.1884833802253,"Significant",-0.428994024083363
"Lcu.1GRN.Chr1p362372518",1,362372518,1.5848136280415e-13,0.129032258064516,NA,6.55693733854166e-11,"GLM","NYC","Cotyledon_Color_RvsY",12.8000218028924,10.1832989666546,"Significant",-0.336261051831204
"Lcu.1GRN.Chr1p348662729",1,348662729,1.63216685261426e-13,0.462903225806452,NA,6.74455857141646e-11,"GLM","NYC","Cotyledon_Color_RvsY",12.7872354463998,10.1710464694571,"Significant",0.260676961071042
"Lcu.1GRN.Chr5p1634440",5,1634440,1.63567622004633e-13,0.16820987654321,NA,5.84920611807504e-10,"GLM","NYC","DTF_Nepal_2017",12.7863026601779,9.23290307441965,"Significant",9.94192304545902
"Lcu.1GRN.Chr5p1634528",5,1634528,1.63567622004633e-13,0.16820987654321,NA,5.84920611807504e-10,"GLM","NYC","DTF_Nepal_2017",12.7863026601779,9.23290307441965,"Significant",9.94192304545902
"Lcu.1GRN.Chr2p43232504",2,43232504,1.65198899183668e-13,0.101851851851852,NA,5.84920611807504e-10,"GLM","NYC","DTF_Nepal_2017",12.7819928509627,9.23290307441965,"Significant",8.96319360011535
"Lcu.1GRN.Chr1p372536472",1,372536472,1.6537295751595e-13,0.0774193548387097,NA,6.82527676083039e-11,"GLM","NYC","Cotyledon_Color_RvsY",12.7815355066444,10.1658797335525,"Significant",-0.438181868088852
"Lcu.1GRN.Chr1p378708821",1,378708821,1.66079138538761e-13,0.301612903225806,NA,6.84602225402788e-11,"GLM","NYC","Cotyledon_Color_RvsY",12.7796849165341,10.1645616934561,"Significant",-0.311502541511445
"Lcu.1GRN.Chr1p361407757",1,361407757,1.66574941973488e-13,0.15,NA,2.68794771756412e-10,"MLM","NYC","Cotyledon_Color_RvsY",12.7783903293466,9.57057918286309,"Significant",-0.321756998404126
"Lcu.1GRN.Chr1p368421775",1,368421775,1.67014324523779e-13,0.279032258064516,NA,2.68794771756412e-10,"MLM","NYC","Cotyledon_Color_RvsY",12.7772462785839,9.57057918286309,"Significant",-0.261500380753545
"Lcu.1GRN.Chr6p303174618",6,303174618,1.68574833214592e-13,0.159677419354839,NA,6.94039301394036e-11,"GLM","NYC","Cotyledon_Color_RvsY",12.7732072613355,10.1586159360361,"Significant",-0.291092803338799
"Lcu.1GRN.Chr2p7683537",2,7683537,1.72374540324368e-13,0.443548387096774,NA,7.08815489062183e-11,"GLM","NYC","Cotyledon_Color_RvsY",12.7635268789588,10.1494668007983,"Significant",-0.224446028630725
"Lcu.1GRN.Chr1p349157808",1,349157808,1.7911608728022e-13,0.461290322580645,NA,7.35637862395429e-11,"GLM","NYC","Cotyledon_Color_RvsY",12.7468654063159,10.1333359262444,"Significant",0.255778837418156
"Lcu.1GRN.Chr1p381026632",1,381026632,1.83211848766732e-13,0.32741935483871,NA,7.51541706513652e-11,"GLM","NYC","Cotyledon_Color_RvsY",12.7370464428537,10.1240469134056,"Significant",-0.291038534858485
"Lcu.1GRN.Chr1p29417890",1,29417890,1.86635139891134e-13,0.475806451612903,NA,7.64202313325329e-11,"GLM","NYC","Cotyledon_Color_RvsY",12.7290065833975,10.116791651988,"Significant",0.296797107048141
"Lcu.1GRN.Chr1p349006653",1,349006653,1.86752654556904e-13,0.453225806451613,NA,7.64202313325329e-11,"GLM","NYC","Cotyledon_Color_RvsY",12.7287332162798,10.116791651988,"Significant",0.251918815540678
"Lcu.1GRN.Chr1p372874897",1,372874897,1.88506062600643e-13,0.101612903225806,NA,7.70440082123819e-11,"GLM","NYC","Cotyledon_Color_RvsY",12.724674677757,10.1132611311374,"Significant",-0.534334072746172
"Lcu.1GRN.Chr1p361295559",1,361295559,1.89473760134606e-13,0.15,NA,7.73455343145594e-11,"GLM","NYC","Cotyledon_Color_RvsY",12.7224509261593,10.1115647560245,"Significant",-0.315347032745107
"Lcu.1GRN.Chr1p349712129",1,349712129,1.90698975714398e-13,0.443548387096774,NA,7.77513240777272e-11,"GLM","NYC","Cotyledon_Color_RvsY",12.7196516396377,10.1092922063557,"Significant",0.25433630477632
"Lcu.1GRN.Chr1p388348142",1,388348142,1.91445711636909e-13,0.375806451612903,NA,7.79612829130413e-11,"GLM","NYC","Cotyledon_Color_RvsY",12.7179543573564,10.1081210228449,"Significant",0.238000258358248
"Lcu.1GRN.Chr5p1658331",5,1658331,2.04376572459781e-13,0.126543209876543,NA,7.16099318214366e-10,"GLM","NYC","DTF_Nepal_2017",12.6895688885499,9.14502673975757,"Significant",14.1678653812221
"Lcu.1GRN.Chr1p363538785",1,363538785,2.09921183588325e-13,0.141935483870968,NA,8.53815704474658e-11,"GLM","NYC","Cotyledon_Color_RvsY",12.6779437336362,10.0686358613569,"Significant",-0.38525187066437
"Lcu.1GRN.Chr3p212553749",3,212553749,2.10462014077893e-13,0.187096774193548,NA,3.37107029949232e-10,"MLM","NYC","Cotyledon_Color_RvsY",12.6768262778095,9.47223219071152,"Significant",-0.474787067366859
"Lcu.1GRN.Chr1p384160760",1,384160760,2.10928186813577e-13,0.487096774193548,NA,8.56023163235708e-11,"GLM","NYC","Cotyledon_Color_RvsY",12.6758653806226,10.0675144835362,"Significant",0.227246470228717
"Lcu.1GRN.Chr1p386454980",1,386454980,2.10972896366886e-13,0.456451612903226,NA,8.56023163235708e-11,"GLM","NYC","Cotyledon_Color_RvsY",12.6757733348178,10.0675144835362,"Significant",0.244724770614804
"Lcu.1GRN.Chr4p501060698",4,501060698,2.12870423013819e-13,0.283950617283951,NA,7.38170985339064e-10,"GLM","NYC","DTF_Nepal_2017",12.6718846768154,9.13184302924979,"Significant",-6.50140441308974
"Lcu.1GRN.Chr1p363891780",1,363891780,2.17990451380093e-13,0.119354838709677,NA,3.47510872793212e-10,"MLM","NYC","Cotyledon_Color_RvsY",12.6615625293484,9.45903160281423,"Significant",-0.37427109143297
"Lcu.1GRN.Chr1p365201690",1,365201690,2.19328855681103e-13,0.293548387096774,NA,8.88855291552838e-11,"GLM","NYC","Cotyledon_Color_RvsY",12.6589042272433,10.0511689377875,"Significant",-0.316212696215116
"Lcu.1GRN.Chr3p345193745",3,345193745,2.21161808595567e-13,0.175925925925926,NA,7.59097286447602e-10,"GLM","NYC","DTF_Nepal_2017",12.6552898671875,9.11970256104815,"Significant",7.66567635369461
"Lcu.1GRN.Chr1p349891797",1,349891797,2.21719120338504e-13,0.441935483870968,NA,8.97460834547553e-11,"GLM","NYC","Cotyledon_Color_RvsY",12.6541968531217,10.0469844950739,"Significant",0.254649592630855
"Lcu.1GRN.Chr1p29078356",1,29078356,2.30383686073239e-13,0.475806451612903,NA,9.3141189102641e-11,"GLM","NYC","Cotyledon_Color_RvsY",12.6375482774156,10.0308582218744,"Significant",0.29369869212581
"Lcu.1GRN.Chr4p47623892",4,47623892,2.33353728275954e-13,0.0935483870967742,NA,9.42286836962758e-11,"GLM","NYC","Cotyledon_Color_RvsY",12.6319852560313,10.0258168756062,"Significant",0.50023868537125
"Lcu.1GRN.Chr1p359993721",1,359993721,2.33456903983301e-13,0.224193548387097,NA,3.70411313312033e-10,"MLM","NYC","Cotyledon_Color_RvsY",12.6317932782227,9.4313157573196,"Significant",-0.284666059142319
"Lcu.1GRN.Chr2p8359624",2,8359624,2.35798085275942e-13,0.375806451612903,NA,9.51015522182407e-11,"GLM","NYC","Cotyledon_Color_RvsY",12.6274597257781,10.021812394584,"Significant",-0.208526713363778
"Lcu.1GRN.Chr1p360327311",1,360327311,2.40189510802744e-13,0.125806451612903,NA,9.67566768624987e-11,"GLM","NYC","Cotyledon_Color_RvsY",12.6194459623784,10.0143190560301,"Significant",-0.301640661520879
"Lcu.1GRN.Chr1p374471671",1,374471671,2.41061629890788e-13,0.0903225806451613,NA,9.69918388295151e-11,"GLM","NYC","Cotyledon_Color_RvsY",12.617871911368,10.0132648069752,"Significant",-0.412452453490752
"Lcu.1GRN.Chr1p419440105",1,419440105,2.42192141796135e-13,0.229032258064516,NA,9.73302797605024e-11,"GLM","NYC","Cotyledon_Color_RvsY",12.6158399521506,10.011752028312,"Significant",0.258431763433203
"Lcu.1GRN.Chr1p367666848",1,367666848,2.42518424802114e-13,0.364516129032258,NA,3.82982136128697e-10,"MLM","NYC","Cotyledon_Color_RvsY",12.6152552612435,9.41682148285035,"Significant",-0.241650087779543
"Lcu.1GRN.Chr1p367498128",1,367498128,2.47130393003164e-13,0.246774193548387,NA,3.8844163038923e-10,"MLM","NYC","Cotyledon_Color_RvsY",12.6070738401832,9.41067423170056,"Significant",-0.295251216591312
"Lcu.1GRN.Chr1p387754977",1,387754977,2.48574405111671e-13,0.42258064516129,NA,9.97379149856259e-11,"GLM","NYC","Cotyledon_Color_RvsY",12.6045435912657,10.0011397149196,"Significant",0.208679300007956
"Lcu.1GRN.Chr1p360325528",1,360325528,2.48776219643842e-13,0.125806451612903,NA,9.97379149856259e-11,"GLM","NYC","Cotyledon_Color_RvsY",12.6041911359227,10.0011397149196,"Significant",-0.302804999367994
"Lcu.1GRN.Chr1p382452018",1,382452018,2.52200352369513e-13,0.0806451612903226,NA,1.00870244857879e-10,"GLM","NYC","Cotyledon_Color_RvsY",12.5982543109746,9.9962369249406,"Significant",-0.433421811537725
"Lcu.1GRN.Chr1p382452349",1,382452349,2.52200352369513e-13,0.0806451612903226,NA,1.00870244857879e-10,"GLM","NYC","Cotyledon_Color_RvsY",12.5982543109746,9.9962369249406,"Significant",-0.433421811537725
"Lcu.1GRN.Chr1p371784144",1,371784144,2.54282493435044e-13,0.0870967741935483,NA,1.01415143138339e-10,"GLM","NYC","Cotyledon_Color_RvsY",12.5946835386299,9.99389719204023,"Significant",-0.41496015147638
"Lcu.1GRN.Chr1p361056204",1,361056204,2.54393375634705e-13,0.141935483870968,NA,1.01415143138339e-10,"GLM","NYC","Cotyledon_Color_RvsY",12.5944942018395,9.99389719204023,"Significant",-0.297516254140825
"Lcu.1GRN.Chr1p364674911",1,364674911,2.54467236110433e-13,0.453225806451613,NA,1.01415143138339e-10,"GLM","NYC","Cotyledon_Color_RvsY",12.5943681272464,9.99389719204023,"Significant",-0.307659000834868
"Lcu.1GRN.Chr1p364634103",1,364634103,2.55011178703837e-13,0.485483870967742,NA,1.01511651061625e-10,"GLM","NYC","Cotyledon_Color_RvsY",12.5934407813583,9.9934841084761,"Significant",0.285939497499253
"Lcu.1GRN.Chr2p186120223",2,186120223,2.58651419442652e-13,0.20679012345679,NA,8.78806080845115e-10,"GLM","NYC","DTF_Nepal_2017",12.5872851339013,9.05610694666693,"Significant",7.42561680197957
"Lcu.1GRN.Chr1p373214064",1,373214064,2.64538181069342e-13,0.409677419354839,NA,1.05179567791668e-10,"GLM","NYC","Cotyledon_Color_RvsY",12.577511636933,9.97806861814016,"Significant",-0.254226317634313
"Lcu.1GRN.Chr3p273421348",3,273421348,2.65206588583817e-13,0.0564516129032258,-0.346457818453728,1.78413489164345e-08,"BLINK","Kansas","Cotyledon_Color_RvsY",12.5764156908628,7.74857231336699,"Significant",NA
"Lcu.1GRN.Chr4p7091339",4,7091339,2.67152409076682e-13,0.0740740740740741,NA,8.98612543838963e-10,"GLM","NYC","DTF_Nepal_2017",12.5732409051644,9.04642752333255,"Significant",10.0478568883319
"Lcu.1GRN.Chr2p8362720",2,8362720,2.68191621567781e-13,0.364516129032258,NA,1.06506270568937e-10,"GLM","NYC","Cotyledon_Color_RvsY",12.5715547938361,9.97262482233492,"Significant",-0.208393904970048
"Lcu.1GRN.Chr2p8359477",2,8359477,2.69442127116274e-13,0.375806451612903,NA,1.06876698079858e-10,"GLM","NYC","Cotyledon_Color_RvsY",12.5695345016204,9.97111697204526,"Significant",-0.206328902711879
"Lcu.1GRN.Chr1p378707564",1,378707564,2.71660554705671e-13,0.304838709677419,NA,1.07629735930132e-10,"GLM","NYC","Cotyledon_Color_RvsY",12.5659734168538,9.96806772526585,"Significant",-0.3097070556726
"Lcu.1GRN.Chr1p371706713",1,371706713,2.77473155508422e-13,0.0806451612903226,NA,1.09803309292825e-10,"GLM","NYC","Cotyledon_Color_RvsY",12.5567790268782,9.95938457076065,"Significant",-0.427563555917544
"Lcu.1GRN.Chr2p44609166",2,44609166,2.79049632641902e-13,0.182098765432099,NA,9.29337502800579e-10,"GLM","NYC","DTF_Nepal_2017",12.5543185448789,9.03182653682968,"Significant",7.35017685753564
"Lcu.1GRN.Chr3p345027071",3,345027071,2.89782356334074e-13,0.177469135802469,NA,9.55619822088466e-10,"GLM","NYC","DTF_Nepal_2017",12.5379280604798,9.01971485040986,"Significant",7.66110978528343
"Lcu.1GRN.Chr1p367612945",1,367612945,3.00392005406665e-13,0.329032258064516,NA,4.69962593872668e-10,"MLM","NYC","Cotyledon_Color_RvsY",12.5223116297703,9.32793670785404,"Significant",-0.250403387852479
"Lcu.1GRN.Chr1p343322799",1,343322799,3.00984599770281e-13,0.388709677419355,NA,1.1896743463094e-10,"GLM","NYC","Cotyledon_Color_RvsY",12.5214557250237,9.92457190327644,"Significant",-0.230112341558581
"Lcu.1GRN.Chr1p363532517",1,363532517,3.08074040302796e-13,0.188709677419355,NA,1.21626690979496e-10,"GLM","NYC","Cotyledon_Color_RvsY",12.5113448957377,9.91497110867254,"Significant",-0.320204145468114
"Lcu.1GRN.Chr1p373534249",1,373534249,3.11062483817971e-13,0.0806451612903226,NA,1.22662549231418e-10,"GLM","NYC","Cotyledon_Color_RvsY",12.5071523645047,9.91128801384033,"Significant",-0.425284091568317
"Lcu.1GRN.Chr1p368963734",1,368963734,3.12457153499751e-13,0.370967741935484,NA,4.86450803507095e-10,"MLM","NYC","Cotyledon_Color_RvsY",12.505209527998,9.31296107491415,"Significant",-0.25726206459059
"Lcu.1GRN.Chr2p44208136",2,44208136,3.12600700849424e-13,0.0910493827160493,NA,1.00784626470574e-09,"GLM","NYC","DTF_Nepal_2017",12.5050100526294,8.99660570944003,"Significant",8.68838420047837
"Lcu.1GRN.Chr1p364568835",1,364568835,3.13823366623479e-13,0.495161290322581,NA,4.86450803507095e-10,"MLM","NYC","Cotyledon_Color_RvsY",12.5033147228975,9.31296107491415,"Significant",-0.262353382453467
"Lcu.1GRN.Chr3p180195426",3,180195426,3.14608323034373e-13,0.0524691358024691,NA,1.00784626470574e-09,"GLM","NYC","DTF_Nepal_2017",12.502229792202,8.99660570944003,"Significant",11.9551895410364
"Lcu.1GRN.Chr3p180197358",3,180197358,3.14608323034373e-13,0.0524691358024691,NA,1.00784626470574e-09,"GLM","NYC","DTF_Nepal_2017",12.502229792202,8.99660570944003,"Significant",11.9551895410364
"Lcu.1GRN.Chr1p366601108",1,366601108,3.16711353531179e-13,0.359677419354839,NA,4.88675448867991e-10,"MLM","NYC","Cotyledon_Color_RvsY",12.4993363676746,9.31097947944736,"Significant",-0.226275639772641
"Lcu.1GRN.Chr1p343494607",1,343494607,3.27847139122621e-13,0.393548387096774,NA,1.29129928156041e-10,"GLM","NYC","Cotyledon_Color_RvsY",12.4843286017449,9.88897309060198,"Significant",-0.234408464167631
"Lcu.1GRN.Chr1p343494312",1,343494312,3.32954516522649e-13,0.401612903225806,NA,1.30988201004882e-10,"GLM","NYC","Cotyledon_Color_RvsY",12.4776150895338,9.88276782243013,"Significant",-0.22705774105648
"Lcu.1GRN.Chr1p367669224",1,367669224,3.35062224679304e-13,0.391935483870968,NA,5.14629567710974e-10,"MLM","NYC","Cotyledon_Color_RvsY",12.4748745322903,9.28850526529858,"Significant",-0.239355579635893
"Lcu.1GRN.Chr1p325322362",1,325322362,3.37991298595105e-13,0.320967741935484,NA,1.32814391512313e-10,"GLM","NYC","Cotyledon_Color_RvsY",12.4710944802572,9.87675486310246,"Significant",0.294609396545005
"Lcu.1GRN.Chr1p43856714",1,43856714,3.51337668331746e-13,0.296774193548387,NA,1.37897780027707e-10,"GLM","NYC","Cotyledon_Color_RvsY",12.4542752852446,9.86044272533595,"Significant",-0.213186964954403
"Lcu.1GRN.Chr1p342350136",1,342350136,3.53478277757335e-13,0.495161290322581,NA,1.38576256240561e-10,"GLM","NYC","Cotyledon_Color_RvsY",12.4516372696747,9.85831117569151,"Significant",-0.240720488799394
"Lcu.1GRN.Chr2p45088100",2,45088100,3.54732359078691e-13,0.135802469135803,NA,5.09231234539645e-08,"GLM","NYC","DTF_Sask_2017",12.4500991928973,7.29308496603137,"Significant",3.63419999670384
"Lcu.1GRN.Chr1p381599331",1,381599331,3.57152246297564e-13,0.320967741935484,NA,1.39853585134311e-10,"GLM","NYC","Cotyledon_Color_RvsY",12.4471466140497,9.85432639604904,"Significant",-0.293122156712161
"Lcu.1GRN.Chr3p344549346",3,344549346,3.59417173345445e-13,0.248456790123457,NA,1.13127043880471e-09,"GLM","NYC","DTF_Nepal_2017",12.4444011756662,8.94643356126306,"Significant",6.84210974473501
"Lcu.1GRN.Chr2p44073620",2,44073620,3.5986270041979e-13,0.166666666666667,NA,1.13127043880471e-09,"GLM","NYC","DTF_Nepal_2017",12.4438631654097,8.94643356126306,"Significant",8.62939377830924
"Lcu.1GRN.Chr1p371794581",1,371794581,3.6067001295673e-13,0.0806451612903226,NA,1.4090300841837e-10,"GLM","NYC","Cotyledon_Color_RvsY",12.4428899645538,9.8510797341756,"Significant",-0.424712271992507
"Lcu.1GRN.Chr1p371795264",1,371795264,3.6067001295673e-13,0.0806451612903226,NA,1.4090300841837e-10,"GLM","NYC","Cotyledon_Color_RvsY",12.4428899645538,9.8510797341756,"Significant",-0.424712271992507
"Lcu.1GRN.Chr1p374492295",1,374492295,3.63575032375149e-13,0.0870967741935483,NA,1.41873135632172e-10,"GLM","NYC","Cotyledon_Color_RvsY",12.4394059485359,9.84809983252874,"Significant",-0.417678857450123
"Lcu.1GRN.Chr1p351462039",1,351462039,3.65592730123353e-13,0.190322580645161,NA,1.4249516784867e-10,"GLM","NYC","Cotyledon_Color_RvsY",12.4370024488756,9.84619986275891,"Significant",-0.284034975778491
"Lcu.1GRN.Chr1p367422894",1,367422894,3.67095634854856e-13,0.409677419354839,NA,5.61267533678287e-10,"MLM","NYC","Cotyledon_Color_RvsY",12.4352207796739,9.25083007866428,"Significant",-0.230120019937751
"Lcu.1GRN.Chr1p350217255",1,350217255,3.68336667593384e-13,0.483870967741935,NA,1.43398495218037e-10,"GLM","NYC","Cotyledon_Color_RvsY",12.4337550453568,9.84345540600387,"Significant",-0.286213858999736
"Lcu.1GRN.Chr1p368281241",1,368281241,3.69483217796734e-13,0.233870967741935,NA,1.43678568231947e-10,"GLM","NYC","Cotyledon_Color_RvsY",12.4324052828004,9.84260800843333,"Significant",-0.372339767753623
"Lcu.1GRN.Chr3p345157947",3,345157947,3.79535545098894e-13,0.225308641975309,NA,1.18206696942852e-09,"GLM","NYC","DTF_Nepal_2017",12.4207475443603,8.92735791801537,"Significant",8.06642539438553
"Lcu.1GRN.Chr1p423012569",1,423012569,3.81223373228082e-13,0.296774193548387,NA,1.47952299821171e-10,"GLM","NYC","Cotyledon_Color_RvsY",12.4188204801408,9.82987827962886,"Significant",-0.28248304351363
"Lcu.1GRN.Chr1p389143392",1,389143392,3.82232943613963e-13,0.4,NA,1.47952299821171e-10,"GLM","NYC","Cotyledon_Color_RvsY",12.4176718850121,9.82987827962886,"Significant",-0.306490061460496
"Lcu.1GRN.Chr1p389143951",1,389143951,3.82232943613963e-13,0.4,NA,1.47952299821171e-10,"GLM","NYC","Cotyledon_Color_RvsY",12.4176718850121,9.82987827962886,"Significant",-0.306490061460496
"Lcu.1GRN.Chr1p389143968",1,389143968,3.82232943613963e-13,0.4,NA,1.47952299821171e-10,"GLM","NYC","Cotyledon_Color_RvsY",12.4176718850121,9.82987827962886,"Significant",-0.306490061460496
"Lcu.1GRN.Chr1p367658856",1,367658856,3.83000192665469e-13,0.345161290322581,NA,1.48052836325403e-10,"GLM","NYC","Cotyledon_Color_RvsY",12.4168010075626,9.82958326818909,"Significant",-0.334429199034984
"Lcu.1GRN.Chr1p433882264",1,433882264,3.8337298379278e-13,0.454838709677419,NA,1.48052836325403e-10,"GLM","NYC","Cotyledon_Color_RvsY",12.4163784950133,9.82958326818909,"Significant",-0.366298342061112
"Lcu.1GRN.Chr1p364676080",1,364676080,3.84594155576352e-13,0.453225806451613,NA,1.48354108175173e-10,"GLM","NYC","Cotyledon_Color_RvsY",12.4149973197341,9.8287004228348,"Significant",-0.301951617411453
"Lcu.1GRN.Chr1p368421751",1,368421751,3.90911067662271e-13,0.317741935483871,NA,5.94975489123779e-10,"MLM","NYC","Cotyledon_Color_RvsY",12.4079220334393,9.22550092529255,"Significant",-0.237642615544417
"Lcu.1GRN.Chr1p378709497",1,378709497,3.9149853855188e-13,0.301612903225806,NA,1.50844431749233e-10,"GLM","NYC","Cotyledon_Color_RvsY",12.4072698548066,9.82147071668034,"Significant",-0.309602323987913
"Lcu.1GRN.Chr1p388822124",1,388822124,3.95158873314562e-13,0.5,NA,1.52080554622654e-10,"GLM","NYC","Cotyledon_Color_RvsY",12.4032282615084,9.81792631231095,"Significant",0.211960625469745
"Lcu.1GRN.Chr3p345195898",3,345195898,3.96329089273635e-13,0.174382716049383,NA,1.2230461171716e-09,"GLM","NYC","DTF_Nepal_2017",12.4019440506853,8.91255716679402,"Significant",7.58426810410776
"Lcu.1GRN.Chr1p419353514",1,419353514,4.03356192956859e-13,0.214516129032258,NA,1.55057957207223e-10,"GLM","NYC","Cotyledon_Color_RvsY",12.3943112706998,9.80950594189027,"Significant",0.255278232899186
"Lcu.1GRN.Chr1p119557781",1,119557781,4.05472439535986e-13,0.42741935483871,NA,1.5569354802443e-10,"GLM","NYC","Cotyledon_Color_RvsY",12.3920386599836,9.80772938431978,"Significant",0.257538694978661
"Lcu.1GRN.Chr1p357906668",1,357906668,4.06422413641246e-13,0.27741935483871,NA,1.55880374012845e-10,"GLM","NYC","Cotyledon_Color_RvsY",12.3910223493159,9.80720856085009,"Significant",-0.287072100543823
"Lcu.1GRN.Chr1p362687151",1,362687151,4.23689755259654e-13,0.156451612903226,NA,1.62318054564264e-10,"GLM","NYC","Cotyledon_Color_RvsY",12.3729520370327,9.78963317110697,"Significant",-0.338241369561843
"Lcu.1GRN.Chr7p601729598",7,601729598,4.26542225236824e-13,0.0983870967741935,NA,1.63224947299471e-10,"GLM","NYC","Cotyledon_Color_RvsY",12.3700379697025,9.78721346294438,"Significant",-0.395442059686415
"Lcu.1GRN.Chr1p364568767",1,364568767,4.46612149447837e-13,0.475806451612903,NA,6.76691841771714e-10,"MLM","NYC","Cotyledon_Color_RvsY",12.3500694667407,9.16960905935942,"Significant",-0.302329478995247
"Lcu.1GRN.Chr1p381285060",1,381285060,4.58766030774776e-13,0.291935483870968,NA,1.7534774400355e-10,"GLM","NYC","Cotyledon_Color_RvsY",12.3384087468153,9.75609981731092,"Significant",-0.302291978523302
"Lcu.1GRN.Chr2p7898664",2,7898664,4.59264322799583e-13,0.424193548387097,NA,1.7534774400355e-10,"GLM","NYC","Cotyledon_Color_RvsY",12.3379372907307,9.75609981731092,"Significant",-0.24526384651851
"Lcu.1GRN.Chr1p386504927",1,386504927,4.60433349772408e-13,0.496774193548387,NA,1.75395905507243e-10,"GLM","NYC","Cotyledon_Color_RvsY",12.336833227402,9.75598054914766,"Significant",0.221984922532615
"Lcu.1GRN.Chr1p386972561",1,386972561,4.60433349772408e-13,0.496774193548387,NA,1.75395905507243e-10,"GLM","NYC","Cotyledon_Color_RvsY",12.336833227402,9.75598054914766,"Significant",0.221984922532615
"Lcu.1GRN.Chr1p419050868",1,419050868,4.69095437110334e-13,0.209677419354839,NA,1.78493467075217e-10,"GLM","NYC","Cotyledon_Color_RvsY",12.3287387914132,9.74837767459439,"Significant",0.256291746871777
"Lcu.1GRN.Chr1p360345715",1,360345715,4.80413404334726e-13,0.119354838709677,NA,1.82593463927524e-10,"GLM","NYC","Cotyledon_Color_RvsY",12.3183848835602,9.73851477242611,"Significant",-0.30382874044258
"Lcu.1GRN.Chr1p361295364",1,361295364,4.85769087775013e-13,0.170967741935484,NA,7.32720586312188e-10,"MLM","NYC","Cotyledon_Color_RvsY",12.3135701252573,9.13506160647357,"Significant",-0.319031953271571
"Lcu.1GRN.Chr3p344742656",3,344742656,4.87265764541209e-13,0.265432098765432,NA,1.49000112201303e-09,"GLM","NYC","DTF_Nepal_2017",12.3122341012252,8.82681340455156,"Significant",6.6902861332826
"Lcu.1GRN.Chr1p176260368",1,176260368,4.89909448807707e-13,0.106451612903226,NA,1.85992518698761e-10,"GLM","NYC","Cotyledon_Color_RvsY",12.3098841842924,9.73050452434762,"Significant",-0.393636812035154
"Lcu.1GRN.Chr1p365383435",1,365383435,4.90706221984107e-13,0.333870967741935,NA,7.36863302545216e-10,"MLM","NYC","Cotyledon_Color_RvsY",12.3091784352813,9.13261307178358,"Significant",-0.247655451878825
"Lcu.1GRN.Chr1p385803318",1,385803318,5.0066440149613e-13,0.419354838709677,NA,1.89861310865895e-10,"GLM","NYC","Cotyledon_Color_RvsY",12.3004532869382,9.7215635249381,"Significant",-0.232582533472981
"Lcu.1GRN.Chr1p375952411",1,375952411,5.09623446295154e-13,0.082258064516129,NA,1.93041114594552e-10,"GLM","NYC","Cotyledon_Color_RvsY",12.2927505995849,9.71435018353158,"Significant",-0.42649581829393
"Lcu.1GRN.Chr1p368962659",1,368962659,5.18424499083982e-13,0.325806451612903,NA,7.75026193259474e-10,"MLM","NYC","Cotyledon_Color_RvsY",12.2853144832841,9.1106836195636,"Significant",-0.244731657731736
"Lcu.1GRN.Chr1p419440474",1,419440474,5.21253935325108e-13,0.232258064516129,NA,1.97224547203038e-10,"GLM","NYC","Cotyledon_Color_RvsY",12.2829506532009,9.70503903233921,"Significant",0.256799620693412
"Lcu.1GRN.Chr5p1684480",5,1684480,5.31883223050135e-13,0.175925925925926,NA,1.61178346024959e-09,"GLM","NYC","DTF_Nepal_2017",12.2741837082161,8.79269330517088,"Significant",9.23258207411595
"Lcu.1GRN.Chr1p348662772",1,348662772,5.32823046334968e-13,0.466129032258065,NA,2.0137538160287e-10,"GLM","NYC","Cotyledon_Color_RvsY",12.2734169987784,9.6959936235914,"Significant",0.25081793693334
"Lcu.1GRN.Chr1p385796416",1,385796416,5.45081121944747e-13,0.37258064516129,NA,2.05776994102344e-10,"GLM","NYC","Cotyledon_Color_RvsY",12.2635388588404,9.6866031810454,"Significant",-0.209550705557904
"Lcu.1GRN.Chr1p356894322",1,356894322,5.49103113100425e-13,0.167741935483871,NA,2.07062967314182e-10,"GLM","NYC","Cotyledon_Color_RvsY",12.2603460940825,9.68389756662671,"Significant",-0.324717354034784
"Lcu.1GRN.Chr1p309506095",1,309506095,5.57544424095906e-13,0.366129032258064,NA,2.10010689025608e-10,"GLM","NYC","Cotyledon_Color_RvsY",12.2537205231299,9.67775860018656,"Significant",0.254324065988706
"Lcu.1GRN.Chr1p368780332",1,368780332,5.62654151546919e-13,0.32741935483871,NA,8.37426057492844e-10,"MLM","NYC","Cotyledon_Color_RvsY",12.2497584723374,9.07705352965295,"Significant",-0.24193301612874
"Lcu.1GRN.Chr1p28227847",1,28227847,5.66824923241065e-13,0.335483870967742,NA,2.13267560353275e-10,"GLM","NYC","Cotyledon_Color_RvsY",12.2465510621153,9.67107519907935,"Significant",-0.261961147693412
"Lcu.1GRN.Chr1p387300361",1,387300361,5.69046700734288e-13,0.445161290322581,NA,2.13666755248968e-10,"GLM","NYC","Cotyledon_Color_RvsY",12.2448520903028,9.67026304515031,"Significant",0.222999859715044
"Lcu.1GRN.Chr1p364431828",1,364431828,5.69156346202439e-13,0.193548387096774,NA,2.13666755248968e-10,"GLM","NYC","Cotyledon_Color_RvsY",12.2447684173201,9.67026304515031,"Significant",-0.321524508054186
"Lcu.1GRN.Chr1p367969454",1,367969454,5.71191146778058e-13,0.375806451612903,NA,8.46387015278833e-10,"MLM","NYC","Cotyledon_Color_RvsY",12.2432185325611,9.07243100792232,"Significant",-0.240755277755731
"Lcu.1GRN.Chr3p25227218",3,25227218,5.71575926859308e-13,0.111111111111111,NA,1.71660071240969e-09,"GLM","NYC","DTF_Nepal_2017",12.2429260707354,8.76533071157369,"Significant",8.00751430704349
"Lcu.1GRN.Chr2p342148775",2,342148775,5.72452244237932e-13,0.104838709677419,NA,2.14664486106556e-10,"GLM","NYC","Cotyledon_Color_RvsY",12.2422607376851,9.66823979889727,"Significant",-0.389851742455775
"Lcu.1GRN.Chr6p330293563",6,330293563,5.78404354786731e-13,0.164516129032258,NA,2.16654941655399e-10,"GLM","NYC","Cotyledon_Color_RvsY",12.2377684459128,9.66423140074825,"Significant",-0.282724195187743
"Lcu.1GRN.Chr1p43040365",1,43040365,5.8031630026294e-13,0.303225806451613,NA,2.17129313649104e-10,"GLM","NYC","Cotyledon_Color_RvsY",12.2363352305473,9.66328154044862,"Significant",0.242100015010334
"Lcu.1GRN.Chr1p363985977",1,363985977,5.82645464078764e-13,0.117741935483871,NA,2.17758563128646e-10,"GLM","NYC","Cotyledon_Color_RvsY",12.234595630199,9.66202475780642,"Significant",-0.332833083475426
"Lcu.1GRN.Chr1p363891728",1,363891728,5.83224385415742e-13,0.116129032258064,NA,8.60427354601477e-10,"MLM","NYC","Cotyledon_Color_RvsY",12.2341643258593,9.06528579102791,"Significant",-0.364930196339586
"Lcu.1GRN.Chr1p348074278",1,348074278,5.83476229005801e-13,0.474193548387097,NA,2.17827024108762e-10,"GLM","NYC","Cotyledon_Color_RvsY",12.2339768325439,9.66188824169108,"Significant",0.259815708336879
"Lcu.1GRN.Chr1p350355331",1,350355331,5.84205006184047e-13,0.438709677419355,NA,2.17857300792804e-10,"GLM","NYC","Cotyledon_Color_RvsY",12.2334347257795,9.66182788148953,"Significant",0.252966073243058
"Lcu.1GRN.Chr2p43311816",2,43311816,5.93489706197089e-13,0.12962962962963,NA,1.76664028322474e-09,"GLM","NYC","DTF_Nepal_2017",12.2265868092799,8.7528518709314,"Significant",8.04594547857812
"Lcu.1GRN.Chr1p422926106",1,422926106,6.02047171360689e-13,0.154838709677419,NA,2.24136925500564e-10,"GLM","NYC","Cotyledon_Color_RvsY",12.2203694797404,9.64948658960465,"Significant",-0.299539302174495
"Lcu.1GRN.Chr1p371166947",1,371166947,6.02377107898544e-13,0.0725806451612904,NA,2.24136925500564e-10,"GLM","NYC","Cotyledon_Color_RvsY",12.2201315409612,9.64948658960465,"Significant",-0.443816852322701
"Lcu.1GRN.Chr1p371166869",1,371166869,6.06367398481046e-13,0.0790322580645161,NA,2.25372356602071e-10,"GLM","NYC","Cotyledon_Color_RvsY",12.217264156717,9.64709935409036,"Significant",-0.427702020389307
"Lcu.1GRN.Chr1p360634752",1,360634752,6.0874755402197e-13,0.151612903225806,NA,8.94159775125362e-10,"MLM","NYC","Cotyledon_Color_RvsY",12.2155627707907,9.0485848712987,"Significant",-0.323165515395446
"Lcu.1GRN.Chr1p367659275",1,367659275,6.24863230943619e-13,0.298387096774194,NA,9.13840740881792e-10,"MLM","NYC","Cotyledon_Color_RvsY",12.2042150299303,9.03912948411601,"Significant",-0.28744228485319
"Lcu.1GRN.Chr1p385803407",1,385803407,6.34460859960626e-13,0.164516129032258,NA,2.35553748435293e-10,"GLM","NYC","Cotyledon_Color_RvsY",12.1975951644714,9.62790998031638,"Significant",-0.345728165934097
"Lcu.1GRN.Chr1p386504756",1,386504756,6.44812379025224e-13,0.498387096774194,NA,2.3913297188046e-10,"GLM","NYC","Cotyledon_Color_RvsY",12.1905666335933,9.62136053882148,"Significant",0.221211031519594
"Lcu.1GRN.Chr1p366878590",1,366878590,6.4948085692443e-13,0.364516129032258,NA,9.45731287450648e-10,"MLM","NYC","Cotyledon_Color_RvsY",12.187433644983,9.02423224304323,"Significant",-0.244757961751552
"Lcu.1GRN.Chr6p420942828",6,420942828,6.58789473940842e-13,0.399068322981366,NA,2.46216709978954e-08,"FarmCPU","NYC","DTF_Sask_2017_b",12.181253348552,7.60868247615941,"Significant",0.0212035038917406
"Lcu.1GRN.Chr2p43312226",2,43312226,6.6014053352225e-13,0.115740740740741,NA,1.94780255122174e-09,"GLM","NYC","DTF_Nepal_2017",12.1803636001607,8.71045506966531,"Significant",8.25064510317532
"Lcu.1GRN.Chr1p359657148",1,359657148,6.72518858121852e-13,0.0983870967741935,NA,2.49133425935983e-10,"GLM","NYC","Cotyledon_Color_RvsY",12.17229553309,9.60356799977918,"Significant",-0.376291069732075
"Lcu.1GRN.Chr2p44216345",2,44216345,6.74885092702786e-13,0.0987654320987654,NA,1.97399194762746e-09,"GLM","NYC","DTF_Nepal_2017",12.1707701647293,8.70465462325103,"Significant",8.35490826450859
"Lcu.1GRN.Chr1p343564995",1,343564995,6.75116677896916e-13,0.382258064516129,NA,2.49820650818649e-10,"GLM","NYC","Cotyledon_Color_RvsY",12.1706211631871,9.6023716645772,"Significant",-0.245776988512829
"Lcu.1GRN.Chr1p371780816",1,371780816,6.80474067989227e-13,0.082258064516129,NA,2.51526396513552e-10,"GLM","NYC","Cotyledon_Color_RvsY",12.1671884205617,9.59941643105093,"Significant",-0.418118579931076
"Lcu.1GRN.Chr1p364394369",1,364394369,6.87731841889804e-13,0.0903225806451613,NA,2.53930072953839e-10,"GLM","NYC","Cotyledon_Color_RvsY",12.1625808674176,9.59528586255874,"Significant",-0.355698797137343
"Lcu.1GRN.Chr4p359784721",4,359784721,6.94588679873144e-13,0.0596774193548387,NA,1.00705478656418e-09,"MLM","NYC","Cotyledon_Color_RvsY",12.1582722989243,8.99694690198335,"Significant",-0.642557749277681
"Lcu.1GRN.Chr1p349188109",1,349188109,7.03512080284194e-13,0.47258064516129,NA,2.59471763058063e-10,"GLM","NYC","Cotyledon_Color_RvsY",12.1527284407229,9.58590989721942,"Significant",0.25194782552559
"Lcu.1GRN.Chr1p367498523",1,367498523,7.06872691223869e-13,0.330645161290323,NA,2.60425680754545e-10,"GLM","NYC","Cotyledon_Color_RvsY",12.1506587962138,9.58431619191618,"Significant",-0.283820080571773
"Lcu.1GRN.Chr1p419352744",1,419352744,7.20184533032382e-13,0.211290322580645,NA,2.65039727376918e-10,"GLM","NYC","Cotyledon_Color_RvsY",12.1425562099445,9.57668902384644,"Significant",0.253764492207793
"Lcu.1GRN.Chr1p422742467",1,422742467,7.2449510861604e-13,0.156451612903226,NA,2.66334695300384e-10,"GLM","NYC","Cotyledon_Color_RvsY",12.1399645422953,9.57457225452984,"Significant",-0.288153449294471
"Lcu.1GRN.Chr1p182229001",1,182229001,7.28187456514252e-13,0.0935483870967742,NA,2.67399814612805e-10,"GLM","NYC","Cotyledon_Color_RvsY",12.1377568063325,9.57283889816851,"Significant",-0.417846820177913
"Lcu.1GRN.Chr1p364844469",1,364844469,7.29019896163994e-13,0.353225806451613,NA,2.67413560973821e-10,"GLM","NYC","Cotyledon_Color_RvsY",12.1372606189024,9.57281657274058,"Significant",-0.295507351184002
"Lcu.1GRN.Chr1p387812202",1,387812202,7.30300108861435e-13,0.403225806451613,NA,2.67591347186704e-10,"GLM","NYC","Cotyledon_Color_RvsY",12.1364986346209,9.57252793399025,"Significant",-0.209167730179669
"Lcu.1GRN.Chr1p287237572",1,287237572,7.3386077005583e-13,0.0854838709677419,NA,2.68603422895941e-10,"GLM","NYC","Cotyledon_Color_RvsY",12.1343863277298,9.57088845728403,"Significant",-0.411652275719957
"Lcu.1GRN.Chr1p367667364",1,367667364,7.35359274870088e-13,0.266129032258065,NA,1.06159052879926e-09,"MLM","NYC","Cotyledon_Color_RvsY",12.1335004255808,8.9740429647749,"Significant",-0.253585974993746
"Lcu.1GRN.Chr1p367495221",1,367495221,7.46087266515054e-13,0.246774193548387,NA,2.72781669104206e-10,"GLM","NYC","Cotyledon_Color_RvsY",12.127210372059,9.56418481757265,"Significant",-0.353820608546044
"Lcu.1GRN.Chr1p437359352",1,437359352,7.56957779062223e-13,0.279320987654321,NA,5.09231234539645e-08,"GLM","NYC","DTF_Sask_2017",12.1209283435272,7.29308496603137,"Significant",2.22776283908769
"Lcu.1GRN.Chr1p437368329",1,437368329,7.56957779062223e-13,0.279320987654321,NA,5.09231234539645e-08,"GLM","NYC","DTF_Sask_2017",12.1209283435272,7.29308496603137,"Significant",2.22776283908769
"Lcu.1GRN.Chr1p437368794",1,437368794,7.56957779062223e-13,0.279320987654321,NA,5.09231234539645e-08,"GLM","NYC","DTF_Sask_2017",12.1209283435272,7.29308496603137,"Significant",2.22776283908769
"Lcu.1GRN.Chr1p437369245",1,437369245,7.56957779062223e-13,0.279320987654321,NA,5.09231234539645e-08,"GLM","NYC","DTF_Sask_2017",12.1209283435272,7.29308496603137,"Significant",2.22776283908769
"Lcu.1GRN.Chr1p367666916",1,367666916,7.72394730218763e-13,0.266129032258065,NA,1.11029101803203e-09,"MLM","NYC","Cotyledon_Color_RvsY",12.1121606979231,8.95456317350136,"Significant",-0.26693662968452
"Lcu.1GRN.Chr1p363538795",1,363538795,7.7665968715597e-13,0.17741935483871,NA,2.83651128110307e-10,"GLM","NYC","Cotyledon_Color_RvsY",12.1097692364961,9.54721548486111,"Significant",-0.345692263184887
"Lcu.1GRN.Chr1p79130491",1,79130491,7.85532438474696e-13,0.109677419354839,NA,2.86580466087221e-10,"GLM","NYC","Cotyledon_Color_RvsY",12.1048358761114,9.54275341533312,"Significant",-0.405499752196723
"Lcu.1GRN.Chr5p1582614",5,1582614,7.88307322615278e-13,0.131172839506173,NA,2.26632965116353e-09,"GLM","NYC","DTF_Nepal_2017",12.1033044392412,8.64467691915549,"Significant",16.1059731375622
"Lcu.1GRN.Chr5p1584911",5,1584911,7.88307322615278e-13,0.131172839506173,NA,2.26632965116353e-09,"GLM","NYC","DTF_Nepal_2017",12.1033044392412,8.64467691915549,"Significant",16.1059731375622
"Lcu.1GRN.Chr1p371177859",1,371177859,7.96543469547846e-13,0.103225806451613,NA,2.90282705548646e-10,"GLM","NYC","Cotyledon_Color_RvsY",12.0987905185827,9.53717883777676,"Significant",-0.514136249938233
"Lcu.1GRN.Chr1p406236659",1,406236659,8.045652084608e-13,0.2,NA,2.92572092404685e-10,"GLM","NYC","Cotyledon_Color_RvsY",12.094438751407,9.5337671023142,"Significant",0.256467717386532
"Lcu.1GRN.Chr1p406533030",1,406533030,8.045652084608e-13,0.2,NA,2.92572092404685e-10,"GLM","NYC","Cotyledon_Color_RvsY",12.094438751407,9.5337671023142,"Significant",0.256467717386532
"Lcu.1GRN.Chr1p348662765",1,348662765,8.05925216510293e-13,0.467741935483871,NA,2.92750159073345e-10,"GLM","NYC","Cotyledon_Color_RvsY",12.0937052554204,9.53350286027043,"Significant",0.249254296638723
"Lcu.1GRN.Chr2p7752543",2,7752543,8.08569217195663e-13,0.275806451612903,NA,2.93393745286358e-10,"GLM","NYC","Cotyledon_Color_RvsY",12.092282796587,9.5325491488996,"Significant",-0.223755038539658
"Lcu.1GRN.Chr1p387297710",1,387297710,8.11466744868376e-13,0.446774193548387,NA,2.94127838977523e-10,"GLM","NYC","Cotyledon_Color_RvsY",12.0907292735162,9.53146386790323,"Significant",0.220821208255773
"Lcu.1GRN.Chr1p419352484",1,419352484,8.17454697462604e-13,0.212903225806452,NA,2.9597931563122e-10,"GLM","NYC","Cotyledon_Color_RvsY",12.0875363061749,9.52873863833669,"Significant",0.252268633993124
"Lcu.1GRN.Chr1p381266109",1,381266109,8.32703601561519e-13,0.238709677419355,NA,3.01176357361767e-10,"GLM","NYC","Cotyledon_Color_RvsY",12.0795095569522,9.52117912367429,"Significant",-0.339957000272746
"Lcu.1GRN.Chr6p388859533",6,388859533,8.4083438837963e-13,0.245161290322581,NA,3.03790484120399e-10,"GLM","NYC","Cotyledon_Color_RvsY",12.0752895348745,9.51742583402401,"Significant",-0.28270500519107
"Lcu.1GRN.Chr1p422746309",1,422746309,8.43847681706197e-13,0.154838709677419,NA,3.04091319135792e-10,"GLM","NYC","Cotyledon_Color_RvsY",12.0737359384033,9.51699597743967,"Significant",-0.28990560997662
"Lcu.1GRN.Chr1p363986972",1,363986972,8.44379181289572e-13,0.082258064516129,NA,3.04091319135792e-10,"GLM","NYC","Cotyledon_Color_RvsY",12.0734624830415,9.51699597743967,"Significant",-0.358219924602051
"Lcu.1GRN.Chr1p364455309",1,364455309,8.44379181289572e-13,0.082258064516129,NA,3.04091319135792e-10,"GLM","NYC","Cotyledon_Color_RvsY",12.0734624830415,9.51699597743967,"Significant",-0.358219924602051
"Lcu.1GRN.Chr1p359130188",1,359130188,8.56894655392828e-13,0.141935483870968,NA,3.08168114441239e-10,"GLM","NYC","Cotyledon_Color_RvsY",12.0670725659341,9.51121229890312,"Significant",-0.338387535819075
"Lcu.1GRN.Chr1p367658831",1,367658831,8.57531669625736e-13,0.330645161290323,NA,3.08168114441239e-10,"GLM","NYC","Cotyledon_Color_RvsY",12.0667498319969,9.51121229890312,"Significant",-0.34227314638227
"Lcu.1GRN.Chr1p367886997",1,367886997,8.60436011823765e-13,0.417741935483871,NA,1.23158417016649e-09,"MLM","NYC","Cotyledon_Color_RvsY",12.0652814213796,8.90953590181944,"Significant",-0.239651022778454
"Lcu.1GRN.Chr1p378709524",1,378709524,8.61081601578528e-13,0.301612903225806,NA,3.09113591332086e-10,"GLM","NYC","Cotyledon_Color_RvsY",12.0649556900841,9.50988189914,"Significant",-0.30897120309582
"Lcu.1GRN.Chr1p367578238",1,367578238,8.68183890153892e-13,0.414516129032258,NA,3.11330928123022e-10,"GLM","NYC","Cotyledon_Color_RvsY",12.0613882771038,9.50677773365103,"Significant",-0.28026456518195
"Lcu.1GRN.Chr1p371794386",1,371794386,8.70373771403444e-13,0.0854838709677419,NA,3.11783827865455e-10,"GLM","NYC","Cotyledon_Color_RvsY",12.0602942048545,9.50614641528875,"Significant",-0.405720055410976
"Lcu.1GRN.Chr1p370889234",1,370889234,8.7144494693751e-13,0.082258064516129,NA,3.11835449432478e-10,"GLM","NYC","Cotyledon_Color_RvsY",12.059760044006,9.50607451577386,"Significant",-0.416783999485709
"Lcu.1GRN.Chr1p368421673",1,368421673,8.71608508962817e-13,0.358064516129032,NA,1.24228957345041e-09,"MLM","NYC","Cotyledon_Color_RvsY",12.0596785386626,8.90577715980086,"Significant",-0.223837129412146
"Lcu.1GRN.Chr1p377406108",1,377406108,8.82501854325042e-13,0.474193548387097,NA,3.15456430641606e-10,"GLM","NYC","Cotyledon_Color_RvsY",12.0542843733936,9.50106061498902,"Significant",-0.254888357857225
"Lcu.1GRN.Chr1p355763860",1,355763860,9.05268923608371e-13,0.454838709677419,NA,3.23251159264731e-10,"GLM","NYC","Cotyledon_Color_RvsY",12.0432223879881,9.49045990894912,"Significant",0.259973160813222
"Lcu.1GRN.Chr4p67193036",4,67193036,9.13132023498107e-13,0.104838709677419,NA,3.25713127622469e-10,"GLM","NYC","Cotyledon_Color_RvsY",12.0394664262647,9.48716473717014,"Significant",0.484269946794146
"Lcu.1GRN.Chr1p407506747",1,407506747,9.14584487535113e-13,0.198387096774194,NA,3.25885635930851e-10,"GLM","NYC","Cotyledon_Color_RvsY",12.0387761690553,9.4869347815215,"Significant",0.256935512043198
"Lcu.1GRN.Chr1p353593140",1,353593140,9.24915588691241e-13,0.27741935483871,NA,3.29218076001383e-10,"GLM","NYC","Cotyledon_Color_RvsY",12.033897900816,9.48251632749337,"Significant",-0.250683988607038
"Lcu.1GRN.Chr2p7731937",2,7731937,9.46579044463478e-13,0.47258064516129,NA,3.36572889481022e-10,"GLM","NYC","Cotyledon_Color_RvsY",12.0238431142507,9.47292086882059,"Significant",-0.224995397907675
"Lcu.1GRN.Chr4p501059812",4,501059812,9.51901134255824e-13,0.282407407407407,NA,2.71345871886634e-09,"GLM","NYC","DTF_Nepal_2017",12.0214081556878,8.56647678116205,"Significant",-6.36564078863154
"Lcu.1GRN.Chr1p367566992",1,367566992,9.55687320303458e-13,0.406451612903226,NA,1.35637838341145e-09,"MLM","NYC","Cotyledon_Color_RvsY",12.0196841760073,8.86761914018556,"Significant",-0.193939440810628
"Lcu.1GRN.Chr1p318272135",1,318272135,9.73604990544584e-13,0.241935483870968,NA,3.45816884746051e-10,"GLM","NYC","Cotyledon_Color_RvsY",12.0116172086477,9.46115380581913,"Significant",-0.288079572963448
"Lcu.1GRN.Chr6p436912810",6,436912810,9.77503948580631e-13,0.137345679012346,NA,2.76302580396825e-09,"GLM","NYC","DTF_Nepal_2017",12.0098814796167,8.55861505917734,"Significant",13.38258514174
"Lcu.1GRN.Chr1p348997906",1,348997906,9.79534596413331e-13,0.441935483870968,NA,3.47556026995531e-10,"GLM","NYC","Cotyledon_Color_RvsY",12.0089802204492,9.45897517595536,"Significant",0.246362250870402
"Lcu.1GRN.Chr1p371912530",1,371912530,9.95749758377226e-13,0.0967741935483871,NA,3.5293715382094e-10,"GLM","NYC","Cotyledon_Color_RvsY",12.001849790302,9.45230262089738,"Significant",-0.38883343502589
"Lcu.1GRN.Chr5p1635413",5,1635413,1.00838807410113e-12,0.172839506172839,NA,2.82657059434313e-09,"GLM","NYC","DTF_Nepal_2017",11.9963722992339,8.54874016344964,"Significant",9.46144095227658
"Lcu.1GRN.Chr1p363532953",1,363532953,1.01277371733154e-12,0.182258064516129,NA,1.43135990326747e-09,"MLM","NYC","Cotyledon_Color_RvsY",11.9944875776328,8.84425115285743,"Significant",-0.274324488203763
"Lcu.1GRN.Chr7p601435240",7,601435240,1.01297072678353e-12,0.298387096774194,NA,3.58285935284958e-10,"GLM","NYC","Cotyledon_Color_RvsY",11.9944031048668,9.44577023997238,"Significant",-0.219723749613453
"Lcu.1GRN.Chr7p601436180",7,601436180,1.01297072678353e-12,0.298387096774194,NA,3.58285935284958e-10,"GLM","NYC","Cotyledon_Color_RvsY",11.9944031048668,9.44577023997238,"Significant",-0.219723749613453
"Lcu.1GRN.Chr1p364568853",1,364568853,1.01881235822442e-12,0.451612903225806,NA,1.4338696924639e-09,"MLM","NYC","Cotyledon_Color_RvsY",11.9919057956714,8.84349031478766,"Significant",-0.298759989160215
"Lcu.1GRN.Chr2p342196440",2,342196440,1.03637087969508e-12,0.0870967741935483,NA,3.66177482868064e-10,"GLM","NYC","Cotyledon_Color_RvsY",11.9844847984703,9.43630836502288,"Significant",-0.419892984793721
"Lcu.1GRN.Chr1p364825899",1,364825899,1.04105655574059e-12,0.387096774193548,NA,1.45907112701998e-09,"MLM","NYC","Cotyledon_Color_RvsY",11.9825256766577,8.83592353653742,"Significant",-0.252719016690672
"Lcu.1GRN.Chr1p349187305",1,349187305,1.04872017307911e-12,0.493548387096774,NA,3.7015200257933e-10,"GLM","NYC","Cotyledon_Color_RvsY",11.979340377869,9.4316198966754,"Significant",0.242361291011699
"Lcu.1GRN.Chr1p34392907",1,34392907,1.04907927397885e-12,0.143548387096774,0.0642564207757421,5.88126080250738e-08,"BLINK","Kansas","Cotyledon_Color_RvsY",11.9791916929783,7.23052956153004,"Significant",NA
"Lcu.1GRN.Chr1p407191891",1,407191891,1.05540125040216e-12,0.275806451612903,NA,3.71916599639672e-10,"GLM","NYC","Cotyledon_Color_RvsY",11.9765823956218,9.42955443747586,"Significant",0.260246592602861
"Lcu.1GRN.Chr1p422711215",1,422711215,1.05593102966666e-12,0.324193548387097,NA,3.71916599639672e-10,"GLM","NYC","Cotyledon_Color_RvsY",11.976364447724,9.42955443747586,"Significant",-0.274495604918919
"Lcu.1GRN.Chr3p344509419",3,344509419,1.06748603516946e-12,0.174382716049383,NA,2.9674964891888e-09,"GLM","NYC","DTF_Nepal_2017",11.9716377976973,8.52760978618191,"Significant",7.48729718234267
"Lcu.1GRN.Chr2p7899157",2,7899157,1.07252326653839e-12,0.456451612903226,NA,3.77365516313515e-10,"GLM","NYC","Cotyledon_Color_RvsY",11.9695932777729,9.42323778821717,"Significant",-0.22529958966602
"Lcu.1GRN.Chr1p363167445",1,363167445,1.08380108904518e-12,0.182258064516129,NA,3.80935131576658e-10,"GLM","NYC","Cotyledon_Color_RvsY",11.9650504169275,9.41914897287251,"Significant",-0.328886334383484
"Lcu.1GRN.Chr1p373777286",1,373777286,1.09596251300781e-12,0.335483870967742,NA,1.52436764608995e-09,"MLM","NYC","Cotyledon_Color_RvsY",11.9602043004796,8.81691027747643,"Significant",0.259347537713342
"Lcu.1GRN.Chr1p364661667",1,364661667,1.09616311362551e-12,0.443548387096774,NA,3.8487797290279e-10,"GLM","NYC","Cotyledon_Color_RvsY",11.9601248162197,9.41467694346636,"Significant",-0.288532557010436
"Lcu.1GRN.Chr1p366878495",1,366878495,1.09670975557581e-12,0.379032258064516,NA,1.52436764608995e-09,"MLM","NYC","Cotyledon_Color_RvsY",11.9599082933279,8.81691027747643,"Significant",-0.235927986208375
"Lcu.1GRN.Chr1p361279446",1,361279446,1.09958941071167e-12,0.0725806451612904,NA,3.85678405957092e-10,"GLM","NYC","Cotyledon_Color_RvsY",11.95876945116,9.41377467649878,"Significant",-0.376983668604381
"Lcu.1GRN.Chr1p74597155",1,74597155,1.10864215135944e-12,0.104838709677419,NA,3.88448577631584e-10,"GLM","NYC","Cotyledon_Color_RvsY",11.955208613246,9.41066646445369,"Significant",-0.4139863599179
"Lcu.1GRN.Chr1p368240797",1,368240797,1.11053765127204e-12,0.37741935483871,NA,1.53723546561902e-09,"MLM","NYC","Cotyledon_Color_RvsY",11.9544667127008,8.81325960446728,"Significant",-0.223965585620546
"Lcu.1GRN.Chr1p56008960",1,56008960,1.14181651493996e-12,0.396774193548387,NA,3.99655978856201e-10,"GLM","NYC","Cotyledon_Color_RvsY",11.9424036797604,9.39831368559706,"Significant",0.235470241017154
"Lcu.1GRN.Chr1p367484007",1,367484007,1.15386116602995e-12,0.270967741935484,NA,1.59065909358196e-09,"MLM","NYC","Cotyledon_Color_RvsY",11.9378464428738,8.79842288738066,"Significant",-0.271082350705686
"Lcu.1GRN.Chr7p601445644",7,601445644,1.15740665518639e-12,0.298387096774194,NA,4.04691688549979e-10,"GLM","NYC","Cotyledon_Color_RvsY",11.9365140247352,9.39287571494114,"Significant",-0.218168495982943
"Lcu.1GRN.Chr5p2101990",5,2101990,1.16045707155425e-12,0.123456790123457,NA,3.19950380153679e-09,"GLM","NYC","DTF_Nepal_2017",11.9353709206384,8.4949173694813,"Significant",12.5321295934191
"Lcu.1GRN.Chr1p351122862",1,351122862,1.19073060282814e-12,0.179032258064516,NA,4.15911194892515e-10,"GLM","NYC","Cotyledon_Color_RvsY",11.924186484478,9.38099938977065,"Significant",-0.267297634593573
"Lcu.1GRN.Chr1p357160100",1,357160100,1.19558040206295e-12,0.0887096774193549,NA,4.17171984544303e-10,"GLM","NYC","Cotyledon_Color_RvsY",11.9224212125234,9.37968486459438,"Significant",-0.370368961349751
"Lcu.1GRN.Chr1p362785780",1,362785780,1.20327667785357e-12,0.108064516129032,NA,1.65201047469213e-09,"MLM","NYC","Cotyledon_Color_RvsY",11.9196345007986,8.78198720333127,"Significant",-0.318334282414193
"Lcu.1GRN.Chr1p374030779",1,374030779,1.20888581094203e-12,0.343548387096774,NA,4.21377506289263e-10,"GLM","NYC","Cotyledon_Color_RvsY",11.9176147198339,9.37532865134582,"Significant",-0.251895833712956
"Lcu.1GRN.Chr3p180094968",3,180094968,1.21022411147081e-12,0.0555555555555556,NA,3.30958905449676e-09,"GLM","NYC","DTF_Nepal_2017",11.9171341988053,8.48022592841286,"Significant",11.456278376844
"Lcu.1GRN.Chr1p406962892",1,406962892,1.21166773849133e-12,0.243548387096774,NA,4.2190998156637e-10,"GLM","NYC","Cotyledon_Color_RvsY",11.9166164553535,9.37478019993711,"Significant",0.265088294779907
"Lcu.1GRN.Chr1p364679376",1,364679376,1.21746785858296e-12,0.451612903225806,NA,4.23491221497389e-10,"GLM","NYC","Cotyledon_Color_RvsY",11.914542495431,9.37315558768217,"Significant",-0.289238531939709
"Lcu.1GRN.Chr1p100285437",1,100285437,1.22889066185932e-12,0.337096774193548,NA,4.26888237034549e-10,"GLM","NYC","Cotyledon_Color_RvsY",11.9104867558959,9.36968581207675,"Significant",0.257213498610578
"Lcu.1GRN.Chr1p373644302",1,373644302,1.22977195053759e-12,0.1,NA,4.26888237034549e-10,"GLM","NYC","Cotyledon_Color_RvsY",11.9101754168579,9.36968581207675,"Significant",-0.384799369510183
"Lcu.1GRN.Chr2p43484972",2,43484972,1.23919023136541e-12,0.095679012345679,NA,3.36147339156201e-09,"GLM","NYC","DTF_Nepal_2017",11.9068620188131,8.47347032214346,"Significant",9.27297237553603
"Lcu.1GRN.Chr2p352777793",2,352777793,1.2472451421853e-12,0.358064516129032,NA,4.32507326537568e-10,"GLM","NYC","Cotyledon_Color_RvsY",11.9040481788911,9.36400653132544,"Significant",-0.395827610779066
"Lcu.1GRN.Chr1p238227737",1,238227737,1.25408719981555e-12,0.0935483870967742,NA,4.34432079444239e-10,"GLM","NYC","Cotyledon_Color_RvsY",11.9016722648753,9.36207811295139,"Significant",-0.398485828134351
"Lcu.1GRN.Chr1p355077751",1,355077751,1.27811473199106e-12,0.367741935483871,NA,1.7476244636408e-09,"MLM","NYC","Cotyledon_Color_RvsY",11.8934301592965,8.75755188456796,"Significant",0.292344913356611
"Lcu.1GRN.Chr1p358395149",1,358395149,1.28658263050145e-12,0.2,NA,4.45230390610989e-10,"GLM","NYC","Cotyledon_Color_RvsY",11.8905623160853,9.35141519917967,"Significant",-0.286188841014821
"Lcu.1GRN.Chr1p359991374",1,359991374,1.29410136191553e-12,0.193548387096774,NA,1.75650539758579e-09,"MLM","NYC","Cotyledon_Color_RvsY",11.8880317057411,8.75535051132136,"Significant",-0.27605316786984
"Lcu.1GRN.Chr1p367493725",1,367493725,1.2950537317908e-12,0.293548387096774,NA,1.75650539758579e-09,"MLM","NYC","Cotyledon_Color_RvsY",11.887712212327,8.75535051132136,"Significant",-0.248764436851085
"Lcu.1GRN.Chr1p368964331",1,368964331,1.30203871901803e-12,0.425806451612903,NA,1.75741053179083e-09,"MLM","NYC","Cotyledon_Color_RvsY",11.8853761008632,8.75512677529168,"Significant",-0.211342887592109
"Lcu.1GRN.Chr1p363935389",1,363935389,1.30617044165363e-12,0.185483870967742,NA,1.75741053179083e-09,"MLM","NYC","Cotyledon_Color_RvsY",11.8840001484515,8.75512677529168,"Significant",-0.287434198387707
"Lcu.1GRN.Chr1p371707672",1,371707672,1.32107931716937e-12,0.108064516129032,NA,4.56698341909877e-10,"GLM","NYC","Cotyledon_Color_RvsY",11.8790711067043,9.34037056514075,"Significant",-0.348582269960271
"Lcu.1GRN.Chr2p43312234",2,43312234,1.33492274524898e-12,0.118827160493827,NA,3.59219167240932e-09,"GLM","NYC","DTF_Nepal_2017",11.8745438670956,8.44464049827176,"Significant",8.11733059055848
"Lcu.1GRN.Chr1p348997962",1,348997962,1.35282873625853e-12,0.440322580645161,NA,4.66714813875973e-10,"GLM","NYC","Cotyledon_Color_RvsY",11.8687571801989,9.33094841406559,"Significant",0.245225597363337
"Lcu.1GRN.Chr1p349417120",1,349417120,1.35282873625853e-12,0.440322580645161,NA,4.66714813875973e-10,"GLM","NYC","Cotyledon_Color_RvsY",11.8687571801989,9.33094841406559,"Significant",0.245225597363337
"Lcu.1GRN.Chr1p418953664",1,418953664,1.35819441845544e-12,0.191935483870968,NA,4.68085842164551e-10,"GLM","NYC","Cotyledon_Color_RvsY",11.867038058613,9.32967449444786,"Significant",0.261974761470538
"Lcu.1GRN.Chr1p28227808",1,28227808,1.36662908121645e-12,0.429032258064516,NA,4.70510669561447e-10,"GLM","NYC","Cotyledon_Color_RvsY",11.8643493419351,9.32743052382201,"Significant",-0.283894072446858
"Lcu.1GRN.Chr1p365786736",1,365786736,1.3803341905535e-12,0.37258064516129,NA,1.84979629750561e-09,"MLM","NYC","Cotyledon_Color_RvsY",11.8600157545101,8.73287609415922,"Significant",-0.222000939910275
"Lcu.1GRN.Chr1p361166752",1,361166752,1.3961998095356e-12,0.129032258064516,NA,4.80199940014377e-10,"GLM","NYC","Cotyledon_Color_RvsY",11.8550524255745,9.31857789853019,"Significant",-0.324824520057853
"Lcu.1GRN.Chr1p368656472",1,368656472,1.41674862031677e-12,0.466129032258065,NA,1.89106144115116e-09,"MLM","NYC","Cotyledon_Color_RvsY",11.8487072016186,8.72329436056827,"Significant",-0.20785389008078
"Lcu.1GRN.Chr1p407184514",1,407184514,1.42612395768305e-12,0.262903225806452,NA,4.89990845019382e-10,"GLM","NYC","Cotyledon_Color_RvsY",11.8458427242751,9.3098120342464,"Significant",0.258624302003707
"Lcu.1GRN.Chr2p43311725",2,43311725,1.44556246863562e-12,0.145061728395062,NA,3.85904373720284e-09,"GLM","NYC","DTF_Nepal_2017",11.8399631359563,8.41352029924197,"Significant",7.91206528497298
"Lcu.1GRN.Chr1p362370694",1,362370694,1.44585404647206e-12,0.183870967741935,NA,1.92228295671805e-09,"MLM","NYC","Cotyledon_Color_RvsY",11.8398755452234,8.71618268456733,"Significant",-0.276754558565641
"Lcu.1GRN.Chr1p368411597",1,368411597,1.4576017822265e-12,0.353225806451613,NA,1.93027219953614e-09,"MLM","NYC","Cotyledon_Color_RvsY",11.8363611093539,8.71438144414195,"Significant",-0.221917666074852
"Lcu.1GRN.Chr1p372693704",1,372693704,1.47548143978432e-12,0.461290322580645,NA,5.06155657106351e-10,"GLM","NYC","Cotyledon_Color_RvsY",11.8310662491596,9.2957159048466,"Significant",-0.28335258534764
"Lcu.1GRN.Chr1p389144130",1,389144130,1.47618137219564e-12,0.393548387096774,NA,5.06155657106351e-10,"GLM","NYC","Cotyledon_Color_RvsY",11.8308602792985,9.2957159048466,"Significant",-0.301257384406123
"Lcu.1GRN.Chr1p391468355",1,391468355,1.49187938184514e-12,0.380645161290323,NA,5.11017303496032e-10,"GLM","NYC","Cotyledon_Color_RvsY",11.8262662880675,9.2915643940226,"Significant",-0.367796200067524
"Lcu.1GRN.Chr1p367898760",1,367898760,1.52820860069559e-12,0.309677419354839,NA,5.22928730814011e-10,"GLM","NYC","Cotyledon_Color_RvsY",11.8158173604543,9.28155749645452,"Significant",-0.300825816198549
"Lcu.1GRN.Chr2p342772093",2,342772093,1.53531670921938e-12,0.0935483870967742,NA,5.2482710927845e-10,"GLM","NYC","Cotyledon_Color_RvsY",11.8138020235231,9.27998374012256,"Significant",-0.407098743657505
"Lcu.1GRN.Chr1p374022434",1,374022434,1.58102958384005e-12,0.330645161290323,NA,5.39904749266524e-10,"GLM","NYC","Cotyledon_Color_RvsY",11.8010600035793,9.26768285224505,"Significant",-0.251225303425356
"Lcu.1GRN.Chr1p350086582",1,350086582,1.58478096155424e-12,0.438709677419355,NA,5.40636934782065e-10,"GLM","NYC","Cotyledon_Color_RvsY",11.8000307547471,9.26709428785648,"Significant",0.245462058113819
"Lcu.1GRN.Chr1p378712482",1,378712482,1.61708486068118e-12,0.319354838709677,NA,5.51098260722134e-10,"GLM","NYC","Cotyledon_Color_RvsY",11.7912671887773,9.25877095961502,"Significant",-0.294057054784501
"Lcu.1GRN.Chr1p406545525",1,406545525,1.66687691917804e-12,0.206451612903226,NA,5.67492296227894e-10,"GLM","NYC","Cotyledon_Color_RvsY",11.7780964669358,9.24604002969154,"Significant",0.25356896243088
"Lcu.1GRN.Chr5p186112272",5,186112272,1.67758542038534e-12,0.082258064516129,NA,5.70560541050308e-10,"GLM","NYC","Cotyledon_Color_RvsY",11.7753153569071,9.24369826667241,"Significant",-0.452585250182271
"Lcu.1GRN.Chr1p408097291",1,408097291,1.6956045332632e-12,0.388709677419355,NA,5.75286623793463e-10,"GLM","NYC","Cotyledon_Color_RvsY",11.7706754309995,9.24011572380211,"Significant",0.270296140668111
"Lcu.1GRN.Chr1p408097676",1,408097676,1.6956045332632e-12,0.388709677419355,NA,5.75286623793463e-10,"GLM","NYC","Cotyledon_Color_RvsY",11.7706754309995,9.24011572380211,"Significant",0.270296140668111
"Lcu.1GRN.Chr2p342061648",2,342061648,1.69832241993688e-12,0.0854838709677419,NA,5.75286623793463e-10,"GLM","NYC","Cotyledon_Color_RvsY",11.7699798571386,9.24011572380211,"Significant",-0.41840330067681
"Lcu.1GRN.Chr2p342808448",2,342808448,1.69832241993688e-12,0.0854838709677419,NA,5.75286623793463e-10,"GLM","NYC","Cotyledon_Color_RvsY",11.7699798571386,9.24011572380211,"Significant",-0.41840330067681
"Lcu.1GRN.Chr1p29863826",1,29863826,1.70599180040403e-12,0.338709677419355,NA,5.77303162903928e-10,"GLM","NYC","Cotyledon_Color_RvsY",11.7680230605353,9.23859606310078,"Significant",-0.231390834078829
"Lcu.1GRN.Chr7p600896431",7,600896431,1.71140906776279e-12,0.101612903225806,NA,5.78508023910016e-10,"GLM","NYC","Cotyledon_Color_RvsY",11.7666461712664,9.2376906130032,"Significant",-0.403978707151238
"Lcu.1GRN.Chr1p29026365",1,29026365,1.713795726207e-12,0.488709677419355,NA,5.78508023910016e-10,"GLM","NYC","Cotyledon_Color_RvsY",11.7660409445295,9.2376906130032,"Significant",-0.261122068463276
"Lcu.1GRN.Chr6p391550865",6,391550865,1.71624827570871e-12,0.17741935483871,NA,5.78508023910016e-10,"GLM","NYC","Cotyledon_Color_RvsY",11.7654198860847,9.2376906130032,"Significant",-0.256234168365164
"Lcu.1GRN.Chr1p28228937",1,28228937,1.71643177797523e-12,0.490322580645161,NA,5.78508023910016e-10,"GLM","NYC","Cotyledon_Color_RvsY",11.7653734535477,9.2376906130032,"Significant",0.288897950066863
"Lcu.1GRN.Chr1p349226647",1,349226647,1.73275942117724e-12,0.445161290322581,NA,5.83426514737861e-10,"GLM","NYC","Cotyledon_Color_RvsY",11.7612617311742,9.23401383756829,"Significant",0.242881334083972
"Lcu.1GRN.Chr1p367885918",1,367885918,1.73358609574632e-12,0.274193548387097,NA,2.28674962458e-09,"MLM","NYC","Cotyledon_Color_RvsY",11.7610545849398,8.64078138354186,"Significant",-0.259005170444942
"Lcu.1GRN.Chr1p361279103",1,361279103,1.76894427068018e-12,0.164516129032258,NA,5.94106282957439e-10,"GLM","NYC","Cotyledon_Color_RvsY",11.7522858490108,9.22613585472764,"Significant",-0.268824595957716
"Lcu.1GRN.Chr1p101996451",1,101996451,1.87564488732344e-12,0.37258064516129,NA,1.05150840635721e-07,"MLMM","NYC","Cotyledon_Color_RvsY",11.7268493824145,6.97818725096629,"Significant",0.131523126158275
"Lcu.1GRN.Chr1p367682669",1,367682669,2.09313857533673e-12,0.333870967741935,NA,2.75024509050895e-09,"MLM","NYC","Cotyledon_Color_RvsY",11.6792020184306,8.56062860191059,"Significant",-0.217214618757882
"Lcu.1GRN.Chr3p387948881",3,387948881,2.09607163682792e-12,0.0617283950617284,NA,5.55156951389683e-09,"GLM","NYC","DTF_Nepal_2017",11.678593878679,8.25558421780313,"Significant",9.74272715646339
"Lcu.1GRN.Chr1p509134127",1,509134127,2.13244335396946e-12,0.095679012345679,NA,5.6037779190988e-09,"GLM","NYC","DTF_Nepal_2017",11.6711224965662,8.25151908438217,"Significant",10.5980055622315
"Lcu.1GRN.Chr2p44640853",2,44640853,2.22901323497643e-12,0.140432098765432,NA,5.81214337061485e-09,"GLM","NYC","DTF_Nepal_2017",11.6518873528476,8.23566368131501,"Significant",8.2986894387908
"Lcu.1GRN.Chr1p365205554",1,365205554,2.23885348847257e-12,0.282258064516129,NA,2.93025848777063e-09,"MLM","NYC","Cotyledon_Color_RvsY",11.6499743259073,8.53309406740668,"Significant",-0.231511075469313
"Lcu.1GRN.Chr1p367561543",1,367561543,2.34155161812603e-12,0.306451612903226,NA,3.05279338424108e-09,"MLM","NYC","Cotyledon_Color_RvsY",11.6304962640104,8.51530258814172,"Significant",-0.245905423520587
"Lcu.1GRN.Chr3p179963561",3,179963561,2.39541530236637e-12,0.058641975308642,NA,6.14888447135124e-09,"GLM","NYC","DTF_Nepal_2017",11.6206191804164,8.21120366664408,"Significant",11.1680650537869
"Lcu.1GRN.Chr3p347835275",3,347835275,2.43259223520034e-12,0.385802469135803,NA,6.14888447135124e-09,"GLM","NYC","DTF_Nepal_2017",11.6139306838534,8.21120366664408,"Significant",6.95188999178532
"Lcu.1GRN.Chr2p44145944",2,44145944,2.46783841349602e-12,0.114197530864197,NA,6.14888447135124e-09,"GLM","NYC","DTF_Nepal_2017",11.607683279981,8.21120366664408,"Significant",7.46613852310384
"Lcu.1GRN.Chr2p44146224",2,44146224,2.46783841349602e-12,0.114197530864197,NA,6.14888447135124e-09,"GLM","NYC","DTF_Nepal_2017",11.607683279981,8.21120366664408,"Significant",7.46613852310384
"Lcu.1GRN.Chr2p44190053",2,44190053,2.46783841349602e-12,0.114197530864197,NA,6.14888447135124e-09,"GLM","NYC","DTF_Nepal_2017",11.607683279981,8.21120366664408,"Significant",7.46613852310384
"Lcu.1GRN.Chr2p44193193",2,44193193,2.46783841349602e-12,0.114197530864197,NA,6.14888447135124e-09,"GLM","NYC","DTF_Nepal_2017",11.607683279981,8.21120366664408,"Significant",7.46613852310384
"Lcu.1GRN.Chr2p44545877",2,44545877,2.58403966818892e-12,0.066358024691358,NA,4.34592835534852e-07,"MLMM","NYC","DTF_Nepal_2017",11.587700823671,6.36191743750313,"Significant",10.1151047994482
"Lcu.1GRN.Chr1p367671503",1,367671503,2.73568203299278e-12,0.325806451612903,NA,3.55286933741962e-09,"MLM","NYC","Cotyledon_Color_RvsY",11.5629343818574,8.44942076410682,"Significant",-0.226470416577735
"Lcu.1GRN.Chr2p45092147",2,45092147,2.83899353781702e-12,0.291666666666667,NA,1.44335563974684e-07,"GLM","NYC","DTF_Sask_2017",11.5468355960242,6.84062664648816,"Significant",1.80244154258813
"Lcu.1GRN.Chr1p365383351",1,365383351,2.84302634193624e-12,0.370967741935484,NA,3.67807785214641e-09,"MLM","NYC","Cotyledon_Color_RvsY",11.5462191163544,8.43437908249333,"Significant",-0.220630504933788
"Lcu.1GRN.Chr2p48982831",2,48982831,3.00371007804805e-12,0.256172839506173,NA,1.44335563974684e-07,"GLM","NYC","DTF_Sask_2017",11.5223419883058,6.84062664648816,"Significant",2.02486367435822
"Lcu.1GRN.Chr2p42999349",2,42999349,3.06714207046686e-12,0.137345679012346,NA,7.58592188835827e-09,"GLM","NYC","DTF_Nepal_2017",11.513266106968,8.11999163350637,"Significant",7.98412602025098
"Lcu.1GRN.Chr1p364495366",1,364495366,3.22553731938804e-12,0.129032258064516,NA,4.15695138509807e-09,"MLM","NYC","Cotyledon_Color_RvsY",11.4913979289643,8.38122505447072,"Significant",-0.33260306928882
"Lcu.1GRN.Chr5p1682459",5,1682459,3.25320375056746e-12,0.16820987654321,NA,7.987375080052e-09,"GLM","NYC","DTF_Nepal_2017",11.4876887356803,8.09759592100485,"Significant",9.28788112251004
"Lcu.1GRN.Chr1p365324047",1,365324047,3.28055088014296e-12,0.385483870967742,NA,4.21171396145438e-09,"MLM","NYC","Cotyledon_Color_RvsY",11.4840532221061,8.37554113159392,"Significant",-0.213390770929651
"Lcu.1GRN.Chr1p363891548",1,363891548,3.758349713237e-12,0.119354838709677,NA,4.8067863801992e-09,"MLM","NYC","Cotyledon_Color_RvsY",11.4250028113928,8.31814517805071,"Significant",-0.347254630736517
"Lcu.1GRN.Chr1p360283960",1,360283960,3.79934463911635e-12,0.230645161290323,NA,4.84081120540019e-09,"MLM","NYC","Cotyledon_Color_RvsY",11.4202913097415,8.31508185477943,"Significant",-0.258373259846823
"Lcu.1GRN.Chr1p355065029",1,355065029,3.85346697647372e-12,0.416129032258065,NA,4.88427652130868e-09,"MLM","NYC","Cotyledon_Color_RvsY",11.4141483584885,8.31119975662745,"Significant",0.229632083132208
"Lcu.1GRN.Chr1p361330005",1,361330005,3.86250005103981e-12,0.193548387096774,NA,4.88427652130868e-09,"MLM","NYC","Cotyledon_Color_RvsY",11.4131315018283,8.31119975662745,"Significant",-0.267909689233269
"Lcu.1GRN.Chr3p38514786",3,38514786,3.86279861212713e-12,0.101851851851852,NA,9.41534768670554e-09,"GLM","NYC","DTF_Nepal_2017",11.4130979333053,8.02616363787465,"Significant",10.5359758636214
"Lcu.1GRN.Chr1p364825940",1,364825940,3.92592315608478e-12,0.35,NA,4.94588387356843e-09,"MLM","NYC","Cotyledon_Color_RvsY",11.4060582053002,8.30575608483289,"Significant",-0.231190583058085
"Lcu.1GRN.Chr7p52436067",7,52436067,4.01433141472288e-12,0.0895061728395061,NA,9.7143065825618e-09,"GLM","NYC","DTF_Nepal_2017",11.3963867759333,8.01258819435549,"Significant",8.5109367275752
"Lcu.1GRN.Chr2p45095167",2,45095167,4.12407911666534e-12,0.256172839506173,NA,1.73400515029421e-07,"GLM","NYC","DTF_Sask_2017",11.3846730117683,6.76094961692842,"Significant",1.81084179350854
"Lcu.1GRN.Chr3p387945140",3,387945140,4.15930819167179e-12,0.0632716049382716,NA,9.85249308808496e-09,"GLM","NYC","DTF_Nepal_2017",11.3809788985859,8.00645386113707,"Significant",9.55952922227812
"Lcu.1GRN.Chr3p387947853",3,387947853,4.15930819167179e-12,0.0632716049382716,NA,9.85249308808496e-09,"GLM","NYC","DTF_Nepal_2017",11.3809788985859,8.00645386113707,"Significant",9.55952922227812
"Lcu.1GRN.Chr3p387949304",3,387949304,4.15930819167179e-12,0.0632716049382716,NA,9.85249308808496e-09,"GLM","NYC","DTF_Nepal_2017",11.3809788985859,8.00645386113707,"Significant",9.55952922227812
"Lcu.1GRN.Chr1p371692181",1,371692181,4.1912432515231e-12,0.338709677419355,NA,5.26043253278012e-09,"MLM","NYC","Cotyledon_Color_RvsY",11.3776571328363,8.2789785450332,"Significant",0.25640201966233
"Lcu.1GRN.Chr1p368325479",1,368325479,4.32498069873836e-12,0.375806451612903,NA,5.40810699885698e-09,"MLM","NYC","Cotyledon_Color_RvsY",11.3640158263379,8.26695472450846,"Significant",-0.208585015129657
"Lcu.1GRN.Chr3p344531407",3,344531407,4.84533520854957e-12,0.188271604938272,NA,1.13972787978615e-08,"GLM","NYC","DTF_Nepal_2017",11.3146761723413,7.94319882797446,"Significant",7.12360689120555
"Lcu.1GRN.Chr3p387944715",3,387944715,5.00380708238737e-12,0.0648148148148148,NA,1.16883026172319e-08,"GLM","NYC","DTF_Nepal_2017",11.3006994425177,7.9322485527811,"Significant",9.48494915815672
"Lcu.1GRN.Chr1p367493167",1,367493167,5.21438439590486e-12,0.262903225806452,NA,6.49609939295307e-09,"MLM","NYC","Cotyledon_Color_RvsY",11.2827969565074,8.18734733883449,"Significant",-0.221622701381244
"Lcu.1GRN.Chr1p364467603",1,364467603,5.47650407715083e-12,0.187096774193548,NA,6.79747323586344e-09,"MLM","NYC","Cotyledon_Color_RvsY",11.2614965846707,8.1676524937132,"Significant",-0.275903476652091
"Lcu.1GRN.Chr3p388025973",3,388025973,5.58470932748317e-12,0.0848765432098766,NA,1.29552546369485e-08,"GLM","NYC","DTF_Nepal_2017",11.2529994260856,7.88755404648867,"Significant",8.98104026851081
"Lcu.1GRN.Chr4p460178840",4,460178840,5.59714844398124e-12,0.474193548387097,0.0401534355677486,2.68956575808091e-07,"BLINK","Kansas","Cotyledon_Color_RvsY",11.2520331748608,6.5703178330432,"Significant",NA
"Lcu.1GRN.Chr1p363891534",1,363891534,6.08049973659731e-12,0.119354838709677,NA,7.51940976066187e-09,"MLM","NYC","Cotyledon_Color_RvsY",11.2160607260023,8.12381624820463,"Significant",-0.334582860742189
"Lcu.1GRN.Chr1p363515087",1,363515087,6.10831577965043e-12,0.206451612903226,NA,7.52613865880468e-09,"MLM","NYC","Cotyledon_Color_RvsY",11.2140785194521,8.12342778466098,"Significant",-0.243225158174505
"Lcu.1GRN.Chr2p44150713",2,44150713,6.33989895146115e-12,0.117283950617284,NA,1.46063889767543e-08,"GLM","NYC","DTF_Nepal_2017",11.1979176640698,7.83545713802234,"Significant",7.37781948924737
"Lcu.1GRN.Chr3p347835287",3,347835287,6.64321333709369e-12,0.384259259259259,NA,1.52010730650217e-08,"GLM","NYC","DTF_Nepal_2017",11.1776218006015,7.81812575351782,"Significant",6.75939254014054
"Lcu.1GRN.Chr1p42251827",1,42251827,6.70246466642421e-12,0.320987654320988,NA,1.52100566815293e-08,"GLM","NYC","DTF_Nepal_2017",11.1737654668218,7.81786916750982,"Significant",5.99987924121143
"Lcu.1GRN.Chr5p28018749",5,28018749,6.73757665153797e-12,0.0617283950617284,NA,1.52100566815293e-08,"GLM","NYC","DTF_Nepal_2017",11.1714962809294,7.81786916750982,"Significant",9.92206935536524
"Lcu.1GRN.Chr1p437280693",1,437280693,7.76842835396909e-12,0.268518518518518,NA,2.72600963747694e-07,"GLM","NYC","DTF_Sask_2017",11.1096668352839,6.56447261310309,"Significant",2.12198164464601
"Lcu.1GRN.Chr1p437357187",1,437357187,8.10427193356346e-12,0.283950617283951,NA,2.72600963747694e-07,"GLM","NYC","DTF_Sask_2017",11.091285994935,6.56447261310309,"Significant",2.09673122490031
"Lcu.1GRN.Chr1p367537667",1,367537667,8.32884937849656e-12,0.320967741935484,NA,1.02246353244407e-08,"MLM","NYC","Cotyledon_Color_RvsY",11.0794149917607,7.99035217274922,"Significant",-0.196964559120016
"Lcu.1GRN.Chr1p367811130",1,367811130,8.39983268577288e-12,0.345161290322581,NA,1.02742782582377e-08,"MLM","NYC","Cotyledon_Color_RvsY",11.0757293644583,7.98824867645666,"Significant",-0.218779961637462
"Lcu.1GRN.Chr2p43311619",2,43311619,8.8014970499885e-12,0.162037037037037,NA,1.97368877214232e-08,"GLM","NYC","DTF_Nepal_2017",11.0554434522529,7.70472132947671,"Significant",7.62510449869376
"Lcu.1GRN.Chr1p360268981",1,360268981,8.95050726640106e-12,0.229032258064516,NA,1.09081712959331e-08,"MLM","NYC","Cotyledon_Color_RvsY",11.0481523505214,7.96224805075476,"Significant",-0.245113865773802
"Lcu.1GRN.Chr2p49582067",2,49582067,9.02069836876548e-12,0.259259259259259,NA,2.75842295291504e-07,"GLM","NYC","DTF_Sask_2017",11.0447598387374,6.55933914206374,"Significant",1.90003272291364
"Lcu.1GRN.Chr2p43484982",2,43484982,9.09919321639849e-12,0.109567901234568,NA,2.02693266531146e-08,"GLM","NYC","DTF_Nepal_2017",11.0409971128656,7.69316067832692,"Significant",8.62916518042118
"Lcu.1GRN.Chr1p361191061",1,361191061,9.4672702141777e-12,0.148387096774194,NA,1.14963078705138e-08,"MLM","NYC","Cotyledon_Color_RvsY",11.0237752271024,7.93944161433495,"Significant",-0.317962872353985
"Lcu.1GRN.Chr1p360269046",1,360269046,9.49426805721098e-12,0.119354838709677,0.0720275510340233,3.99194807949985e-07,"BLINK","Kansas","Cotyledon_Color_RvsY",11.022538510755,6.39881511591507,"Significant",NA
"Lcu.1GRN.Chr2p10401713",2,10401713,9.54726667426581e-12,0.0679012345679012,NA,2.10960936734885e-08,"GLM","NYC","DTF_Nepal_2017",11.0201209465516,7.67579795480218,"Significant",9.85640878907361
"Lcu.1GRN.Chr4p426017843",4,426017843,9.59577584020947e-12,0.132716049382716,NA,2.10960936734885e-08,"GLM","NYC","DTF_Nepal_2017",11.0179199058165,7.67579795480218,"Significant",9.02840243579328
"Lcu.1GRN.Chr1p368732532",1,368732532,9.62661102208245e-12,0.385483870967742,NA,1.16477491714561e-08,"MLM","NYC","Cotyledon_Color_RvsY",11.016526576162,7.93375799024819,"Significant",-0.222573368896004
"Lcu.1GRN.Chr3p422983248",3,422983248,9.721107708718e-12,0.128086419753086,NA,2.1232856082197e-08,"GLM","NYC","DTF_Nepal_2017",11.0122842449118,7.67299158391639,"Significant",7.4872572485009
"Lcu.1GRN.Chr1p363513655",1,363513655,9.90287237492293e-12,0.132258064516129,NA,1.19390662083717e-08,"MLM","NYC","Cotyledon_Color_RvsY",11.0042388179634,7.92302963940517,"Significant",-0.306988111827925
"Lcu.1GRN.Chr7p643745163",7,643745163,9.93030904570843e-12,0.138888888888889,NA,2.15001151882905e-08,"GLM","NYC","DTF_Nepal_2017",11.0030372354163,7.66755921331672,"Significant",10.7573814074167
"Lcu.1GRN.Chr2p610339065",2,610339065,9.97130506076196e-12,0.226851851851852,NA,2.15001151882905e-08,"GLM","NYC","DTF_Nepal_2017",11.0012479967941,7.66755921331672,"Significant",-6.54366800159681
"Lcu.1GRN.Chr1p366893261",1,366893261,1.02309201297015e-11,0.390322580645161,NA,1.22905139688118e-08,"MLM","NYC","Cotyledon_Color_RvsY",10.990085305752,7.91042995526232,"Significant",-0.20074364124024
"Lcu.1GRN.Chr1p367554944",1,367554944,1.04469288289862e-11,0.324193548387097,NA,1.25053455851231e-08,"MLM","NYC","Cotyledon_Color_RvsY",10.98101136397,7.90290430204318,"Significant",-0.20845131360049
"Lcu.1GRN.Chr6p396777163",6,396777163,1.04843802801481e-11,0.0879629629629629,NA,2.246241746301e-08,"GLM","NYC","DTF_Nepal_2017",10.9794572350953,7.64854350567263,"Significant",11.468478843231
"Lcu.1GRN.Chr7p52453597",7,52453597,1.05618238152021e-11,0.0725308641975309,NA,2.24851201977727e-08,"GLM","NYC","DTF_Nepal_2017",10.9762610813773,7.64810478649987,"Significant",9.14168585058314
"Lcu.1GRN.Chr5p2415356",5,2415356,1.14760105792271e-11,0.208333333333333,NA,2.42776808207728e-08,"GLM","NYC","DTF_Nepal_2017",10.940209060069,7.61479280255754,"Significant",7.54510435275699
"Lcu.1GRN.Chr1p363534082",1,363534082,1.19570232217151e-11,0.0983870967741935,NA,1.41120983509426e-08,"MLM","NYC","Cotyledon_Color_RvsY",10.9223769273121,7.8504084054887,"Significant",-0.344024375926928
"Lcu.1GRN.Chr1p363534099",1,363534099,1.19570232217151e-11,0.0983870967741935,NA,1.41120983509426e-08,"MLM","NYC","Cotyledon_Color_RvsY",10.9223769273121,7.8504084054887,"Significant",-0.344024375926928
"Lcu.1GRN.Chr1p363534168",1,363534168,1.19570232217151e-11,0.0983870967741935,NA,1.41120983509426e-08,"MLM","NYC","Cotyledon_Color_RvsY",10.9223769273121,7.8504084054887,"Significant",-0.344024375926928
"Lcu.1GRN.Chr1p363534177",1,363534177,1.19570232217151e-11,0.0983870967741935,NA,1.41120983509426e-08,"MLM","NYC","Cotyledon_Color_RvsY",10.9223769273121,7.8504084054887,"Significant",-0.344024375926928
"Lcu.1GRN.Chr5p2538180",5,2538180,1.20052747059229e-11,0.229938271604938,NA,2.52386139812947e-08,"GLM","NYC","DTF_Nepal_2017",10.9206278979225,7.59793449874658,"Significant",7.39365679166224
"Lcu.1GRN.Chr1p367994170",1,367994170,1.23248308505594e-11,0.395161290322581,NA,1.44953369884969e-08,"MLM","NYC","Cotyledon_Color_RvsY",10.9092190323893,7.83877168368646,"Significant",-0.225962453125637
"Lcu.1GRN.Chr1p365773104",1,365773104,1.25176156574103e-11,0.435483870967742,NA,1.46707763966416e-08,"MLM","NYC","Cotyledon_Color_RvsY",10.9024783872154,7.83354690211753,"Significant",-0.204639143661255
"Lcu.1GRN.Chr2p52953807",2,52953807,1.26941773656752e-11,0.245341614906832,-1.26751749112358,1.42330078598669e-06,"BLINK","Kansas","DTF_Sask_2017_b",10.8963954379272,5.84670331081501,"Significant",NA
"Lcu.1GRN.Chr1p363528851",1,363528851,1.33403916456166e-11,0.111290322580645,NA,1.55807899884067e-08,"MLM","NYC","Cotyledon_Color_RvsY",10.874831420267,7.8074105261944,"Significant",-0.362154997527579
"Lcu.1GRN.Chr1p368048554",1,368048554,1.35866647027515e-11,0.374193548387097,NA,1.58135143462644e-08,"MLM","NYC","Cotyledon_Color_RvsY",10.8668871421613,7.80097160308602,"Significant",-0.202021991312554
"Lcu.1GRN.Chr7p52451827",7,52451827,1.36676616487958e-11,0.0771604938271605,NA,2.85549710920528e-08,"GLM","NYC","DTF_Nepal_2017",10.8643057809619,7.54431827516191,"Significant",8.51242606543963
"Lcu.1GRN.Chr2p186058693",2,186058693,1.47349089423591e-11,0.222222222222222,NA,3.05946735568796e-08,"GLM","NYC","DTF_Nepal_2017",10.8316525436249,7.51435417633568,"Significant",6.54137872477997
"Lcu.1GRN.Chr1p353680606",1,353680606,1.4846215519629e-11,0.212903225806452,NA,1.72199206058312e-08,"MLM","NYC","Cotyledon_Color_RvsY",10.8283842391689,7.76396885523596,"Significant",-0.269681519618483
"Lcu.1GRN.Chr1p508807256",1,508807256,1.60912373995798e-11,0.0509259259259259,NA,3.18385955904969e-08,"GLM","NYC","DTF_Nepal_2017",10.7934105578185,7.49704609736494,"Significant",11.158446676782
"Lcu.1GRN.Chr1p508807318",1,508807318,1.60912373995798e-11,0.0509259259259259,NA,3.18385955904969e-08,"GLM","NYC","DTF_Nepal_2017",10.7934105578185,7.49704609736494,"Significant",11.158446676782
"Lcu.1GRN.Chr1p508807331",1,508807331,1.60912373995798e-11,0.0509259259259259,NA,3.18385955904969e-08,"GLM","NYC","DTF_Nepal_2017",10.7934105578185,7.49704609736494,"Significant",11.158446676782
"Lcu.1GRN.Chr1p508839588",1,508839588,1.60912373995798e-11,0.0509259259259259,NA,3.18385955904969e-08,"GLM","NYC","DTF_Nepal_2017",10.7934105578185,7.49704609736494,"Significant",11.158446676782
"Lcu.1GRN.Chr1p509513497",1,509513497,1.60912373995798e-11,0.0509259259259259,NA,3.18385955904969e-08,"GLM","NYC","DTF_Nepal_2017",10.7934105578185,7.49704609736494,"Significant",11.158446676782
"Lcu.1GRN.Chr1p509513522",1,509513522,1.60912373995798e-11,0.0509259259259259,NA,3.18385955904969e-08,"GLM","NYC","DTF_Nepal_2017",10.7934105578185,7.49704609736494,"Significant",11.158446676782
"Lcu.1GRN.Chr1p509513568",1,509513568,1.60912373995798e-11,0.0509259259259259,NA,3.18385955904969e-08,"GLM","NYC","DTF_Nepal_2017",10.7934105578185,7.49704609736494,"Significant",11.158446676782
"Lcu.1GRN.Chr1p509824560",1,509824560,1.60912373995798e-11,0.0509259259259259,NA,3.18385955904969e-08,"GLM","NYC","DTF_Nepal_2017",10.7934105578185,7.49704609736494,"Significant",11.158446676782
"Lcu.1GRN.Chr1p363532953",1,363532953,1.88150361895077e-11,0.182258064516129,-0.0693896580410505,7.03195253106237e-07,"BLINK","Kansas","Cotyledon_Color_RvsY",10.7254949420059,6.15292406961336,"Significant",NA
"Lcu.1GRN.Chr7p643450163",7,643450163,1.90923186204818e-11,0.203703703703704,NA,3.75557072363486e-08,"GLM","NYC","DTF_Nepal_2017",10.71914132656,7.42532405512029,"Significant",7.24015280395963
"Lcu.1GRN.Chr4p501033252",4,501033252,1.93836703203814e-11,0.171296296296296,NA,3.79071339224171e-08,"GLM","NYC","DTF_Nepal_2017",10.7125639853365,7.42127905041221,"Significant",-9.87756573166189
"Lcu.1GRN.Chr2p564729500",2,564729500,2.13668360685827e-11,0.242283950617284,NA,4.15439222420864e-08,"GLM","NYC","DTF_Nepal_2017",10.6702597819859,7.38149250328283,"Significant",-8.06215097773656
"Lcu.1GRN.Chr1p360343556",1,360343556,2.22499071116557e-11,0.179032258064516,NA,2.5718675276379e-08,"MLM","NYC","Cotyledon_Color_RvsY",10.6526717977608,7.58975140491482,"Significant",-0.251702448389868
"Lcu.1GRN.Chr3p328593833",3,328593833,2.22801803915978e-11,0.0524691358024691,NA,4.30707898723022e-08,"GLM","NYC","DTF_Nepal_2017",10.6520812972165,7.36581716366724,"Significant",10.5693662536567
"Lcu.1GRN.Chr3p23170501",3,23170501,2.25904386152861e-11,0.111111111111111,NA,4.34210175183311e-08,"GLM","NYC","DTF_Nepal_2017",10.646075336749,7.36230000360342,"Significant",7.39347509040613
"Lcu.1GRN.Chr1p359991345",1,359991345,2.32317993857209e-11,0.243548387096774,NA,2.67616803560849e-08,"MLM","NYC","Cotyledon_Color_RvsY",10.6339171512404,7.57248662085699,"Significant",-0.237449226892735
"Lcu.1GRN.Chr5p2202514",5,2202514,2.32706181290147e-11,0.138888888888889,NA,4.4474250046604e-08,"GLM","NYC","DTF_Nepal_2017",10.6331920805528,7.35189136653505,"Significant",11.5695258542883
"Lcu.1GRN.Chr3p347835111",3,347835111,2.36602445389316e-11,0.427469135802469,NA,4.49634207617333e-08,"GLM","NYC","DTF_Nepal_2017",10.6259807710623,7.34714065559221,"Significant",6.25271661591671
"Lcu.1GRN.Chr1p493147992",1,493147992,2.41761330772077e-11,0.0540123456790124,NA,4.54304656691683e-08,"GLM","NYC","DTF_Nepal_2017",10.6166131624302,7.3426528115782,"Significant",10.6835668216224
"Lcu.1GRN.Chr1p493148203",1,493148203,2.41761330772077e-11,0.0540123456790124,NA,4.54304656691683e-08,"GLM","NYC","DTF_Nepal_2017",10.6166131624302,7.3426528115782,"Significant",10.6835668216224
"Lcu.1GRN.Chr1p361546354",1,361546354,2.46176655941446e-11,0.22741935483871,NA,2.82613321600875e-08,"MLM","NYC","Cotyledon_Color_RvsY",10.6087531320565,7.54880737057878,"Significant",-0.22890529200983
"Lcu.1GRN.Chr1p508843061",1,508843061,2.47730943090892e-11,0.0524691358024691,NA,4.62936189636966e-08,"GLM","NYC","DTF_Nepal_2017",10.6060197440225,7.3344788672939,"Significant",10.9714535448979
"Lcu.1GRN.Chr1p353678352",1,353678352,2.60958138976775e-11,0.22258064516129,NA,2.98563626983676e-08,"MLM","NYC","Cotyledon_Color_RvsY",10.5834291534643,7.52496310204456,"Significant",-0.308303034162251
"Lcu.1GRN.Chr2p49581731",2,49581731,2.80008975037328e-11,0.287037037037037,NA,7.27948000008151e-07,"GLM","NYC","DTF_Sask_2017",10.5528280481338,6.13789964282447,"Significant",1.91150485699276
"Lcu.1GRN.Chr2p48482862",2,48482862,2.813392514755e-11,0.21141975308642,NA,7.27948000008151e-07,"GLM","NYC","DTF_Sask_2017",10.5507696723495,6.13789964282447,"Significant",1.88878767807338
"Lcu.1GRN.Chr7p134640865",7,134640865,2.9397886655453e-11,0.0787037037037037,NA,5.46324803349986e-08,"GLM","NYC","DTF_Nepal_2017",10.5316838888689,7.26254908190624,"Significant",14.0784786694107
"Lcu.1GRN.Chr1p363514990",1,363514990,3.05210854918857e-11,0.12258064516129,NA,3.48009693683021e-08,"MLM","NYC","Cotyledon_Color_RvsY",10.5154000246243,7.45840865877063,"Significant",-0.323074062222734
"Lcu.1GRN.Chr2p610338751",2,610338751,3.10494100980753e-11,0.246913580246914,NA,5.73845984970291e-08,"GLM","NYC","DTF_Nepal_2017",10.5079466464885,7.24120465264171,"Significant",-6.29132382745894
"Lcu.1GRN.Chr7p52450358",7,52450358,3.14693772105005e-11,0.0771604938271605,NA,5.78429508424286e-08,"GLM","NYC","DTF_Nepal_2017",10.5021118518348,7.23774955973333,"Significant",8.49337078159976
"Lcu.1GRN.Chr1p367608441",1,367608441,3.14906139357492e-11,0.403225806451613,NA,3.5785146411237e-08,"MLM","NYC","Cotyledon_Color_RvsY",10.5018188723482,7.44629720157531,"Significant",-0.195314430630778
"Lcu.1GRN.Chr1p364495473",1,364495473,3.1747548601575e-11,0.132258064516129,NA,3.59556487557777e-08,"MLM","NYC","Cotyledon_Color_RvsY",10.4982898032826,7.44423287076792,"Significant",-0.317861851633087
"Lcu.1GRN.Chr6p396744138",6,396744138,3.19209012575307e-11,0.0895061728395061,NA,5.83540097461513e-08,"GLM","NYC","DTF_Nepal_2017",10.4959248552396,7.2339292964173,"Significant",10.917698118162
"Lcu.1GRN.Chr2p44148578",2,44148578,3.30351041171979e-11,0.149691358024691,NA,6.00644263058892e-08,"GLM","NYC","DTF_Nepal_2017",10.4810243200815,7.22138266665268,"Significant",6.75340073133998
"Lcu.1GRN.Chr3p422982654",3,422982654,3.34583370961387e-11,0.134259259259259,NA,6.05068842689079e-08,"GLM","NYC","DTF_Nepal_2017",10.4754956475911,7.21819520997716,"Significant",6.9316005894417
"Lcu.1GRN.Chr2p43391650",2,43391650,3.38133132482929e-11,0.175925925925926,NA,6.08218328202596e-08,"GLM","NYC","DTF_Nepal_2017",10.470912272152,7.21594049685661,"Significant",7.17958119515845
"Lcu.1GRN.Chr1p367562739",1,367562739,3.41815222993024e-11,0.291935483870968,NA,3.85823359437901e-08,"MLM","NYC","Cotyledon_Color_RvsY",10.4662085995596,7.41361148180394,"Significant",-0.213247535604082
"Lcu.1GRN.Chr1p361407429",1,361407429,3.46267812349109e-11,0.209677419354839,NA,3.89542024202116e-08,"MLM","NYC","Cotyledon_Color_RvsY",10.4605878768273,7.40944568331982,"Significant",-0.237897825134852
"Lcu.1GRN.Chr3p389172472",3,389172472,3.46592647694612e-11,0.174382716049383,NA,6.20118771952625e-08,"GLM","NYC","DTF_Nepal_2017",10.4601806542578,7.20752512168959,"Significant",8.50333871938312
"Lcu.1GRN.Chr1p368656438",1,368656438,3.4850298218398e-11,0.470967741935484,NA,3.90016403924466e-08,"MLM","NYC","Cotyledon_Color_RvsY",10.4577935012374,7.40891712634772,"Significant",-0.190218608186455
"Lcu.1GRN.Chr1p498741745",1,498741745,3.49008486508083e-11,0.0967741935483871,NA,3.90016403924466e-08,"MLM","NYC","Cotyledon_Color_RvsY",10.4571640125857,7.40891712634772,"Significant",-0.471893404111387
"Lcu.1GRN.Chr2p44997888",2,44997888,3.55837227899209e-11,0.314814814814815,NA,8.54942148834094e-07,"GLM","NYC","DTF_Sask_2017",10.4487486177321,6.06806327157844,"Significant",1.92647171250118
"Lcu.1GRN.Chr4p500594902",4,500594902,3.62432776981634e-11,0.455246913580247,NA,6.45028708439054e-08,"GLM","NYC","DTF_Nepal_2017",10.4407725333502,7.19042095569155,"Significant",5.43750592360897
"Lcu.1GRN.Chr1p509094154",1,509094154,3.68701790452764e-11,0.0540123456790124,NA,6.52732184995921e-08,"GLM","NYC","DTF_Nepal_2017",10.4333247534113,7.18526497253228,"Significant",10.8134044259318
"Lcu.1GRN.Chr1p364825784",1,364825784,3.70408138995324e-11,0.416129032258065,NA,4.12559849302782e-08,"MLM","NYC","Cotyledon_Color_RvsY",10.4313194791123,7.38451304023762,"Significant",-0.214913219124532
"Lcu.1GRN.Chr3p344773227",3,344773227,3.79466618174925e-11,0.182098765432099,NA,6.68272502385576e-08,"GLM","NYC","DTF_Nepal_2017",10.4208264231416,7.17504640855744,"Significant",7.21489199351367
"Lcu.1GRN.Chr3p273421379",3,273421379,3.8342826076687e-11,0.0564516129032258,0.107760612336581,3.22431534473425e-06,"FarmCPU","Kansas","Cotyledon_Color_RvsY",10.4163158803918,5.49156248988784,"Significant",NA
"Lcu.1GRN.Chr1p363891019",1,363891019,3.84717948997202e-11,0.12741935483871,NA,4.27083902146343e-08,"MLM","NYC","Cotyledon_Color_RvsY",10.4148575512326,7.36948679790301,"Significant",-0.300513828879184
"Lcu.1GRN.Chr2p47411964",2,47411964,4.07613258114857e-11,0.25462962962963,NA,8.61289304550498e-07,"GLM","NYC","DTF_Sask_2017",10.3897516984819,6.06485094579851,"Significant",1.74437036931708
"Lcu.1GRN.Chr4p426087127",4,426087127,4.08338215306404e-11,0.140432098765432,NA,7.15372398270673e-08,"GLM","NYC","DTF_Nepal_2017",10.3889799736894,7.14546782056109,"Significant",8.24678949489305
"Lcu.1GRN.Chr6p417801481",6,417801481,4.37278002603516e-11,0.174382716049383,NA,8.61289304550498e-07,"GLM","NYC","DTF_Sask_2017",10.3592423694153,6.06485094579851,"Significant",1.95935280753656
"Lcu.1GRN.Chr1p352115312",1,352115312,4.37953822138943e-11,0.22258064516129,NA,4.84582938458585e-08,"MLM","NYC","Cotyledon_Color_RvsY",10.3585716791021,7.31463188087893,"Significant",-0.297751207769134
"Lcu.1GRN.Chr6p396678138",6,396678138,4.46111921982854e-11,0.192901234567901,NA,7.77499113272573e-08,"GLM","NYC","DTF_Nepal_2017",10.350556170432,7.10930009760794,"Significant",7.03215032572143
"Lcu.1GRN.Chr1p527016266",1,527016266,4.56553011508462e-11,0.453703703703704,NA,8.61289304550498e-07,"GLM","NYC","DTF_Sask_2017",10.3405087881868,6.06485094579851,"Significant",1.73080153763155
"Lcu.1GRN.Chr5p1561816",5,1561816,4.57735758707777e-11,0.134259259259259,NA,7.93645381181747e-08,"GLM","NYC","DTF_Nepal_2017",10.3393851587922,7.10037350689052,"Significant",15.7761638716643
"Lcu.1GRN.Chr2p49581730",2,49581730,4.60901559365484e-11,0.285493827160494,NA,8.61289304550498e-07,"GLM","NYC","DTF_Sask_2017",10.3363918225271,6.06485094579851,"Significant",1.90377632830456
"Lcu.1GRN.Chr1p368965903",1,368965903,4.64041507049464e-11,0.391935483870968,NA,5.11764752792482e-08,"MLM","NYC","Cotyledon_Color_RvsY",10.3334431714358,7.29092962895072,"Significant",-0.201178937938218
"Lcu.1GRN.Chr1p364668388",1,364668388,4.81388560068391e-11,0.454838709677419,NA,5.29160868576877e-08,"MLM","NYC","Cotyledon_Color_RvsY",10.3175042347054,7.27641227935508,"Significant",-0.263942834871588
"Lcu.1GRN.Chr2p16758399",2,16758399,4.81588488613744e-11,0.0540123456790124,NA,7.98191267424925e-08,"GLM","NYC","DTF_Nepal_2017",10.3173239025461,7.09789302790493,"Significant",10.4309982108696
"Lcu.1GRN.Chr2p16848476",2,16848476,4.81588488613744e-11,0.0540123456790124,NA,7.98191267424925e-08,"GLM","NYC","DTF_Nepal_2017",10.3173239025461,7.09789302790493,"Significant",10.4309982108696
"Lcu.1GRN.Chr2p16941992",2,16941992,4.81588488613744e-11,0.0540123456790124,NA,7.98191267424925e-08,"GLM","NYC","DTF_Nepal_2017",10.3173239025461,7.09789302790493,"Significant",10.4309982108696
"Lcu.1GRN.Chr2p16944888",2,16944888,4.81588488613744e-11,0.0540123456790124,NA,7.98191267424925e-08,"GLM","NYC","DTF_Nepal_2017",10.3173239025461,7.09789302790493,"Significant",10.4309982108696
"Lcu.1GRN.Chr2p16945069",2,16945069,4.81588488613744e-11,0.0540123456790124,NA,7.98191267424925e-08,"GLM","NYC","DTF_Nepal_2017",10.3173239025461,7.09789302790493,"Significant",10.4309982108696
"Lcu.1GRN.Chr2p16978564",2,16978564,4.81588488613744e-11,0.0540123456790124,NA,7.98191267424925e-08,"GLM","NYC","DTF_Nepal_2017",10.3173239025461,7.09789302790493,"Significant",10.4309982108696
"Lcu.1GRN.Chr2p16980885",2,16980885,4.81588488613744e-11,0.0540123456790124,NA,7.98191267424925e-08,"GLM","NYC","DTF_Nepal_2017",10.3173239025461,7.09789302790493,"Significant",10.4309982108696
"Lcu.1GRN.Chr2p17097986",2,17097986,4.81588488613744e-11,0.0540123456790124,NA,7.98191267424925e-08,"GLM","NYC","DTF_Nepal_2017",10.3173239025461,7.09789302790493,"Significant",10.4309982108696
"Lcu.1GRN.Chr1p447312201",1,447312201,4.8171439911543e-11,0.341049382716049,NA,7.98191267424925e-08,"GLM","NYC","DTF_Nepal_2017",10.3172103718236,7.09789302790493,"Significant",6.40695272454798
"Lcu.1GRN.Chr4p426391993",4,426391993,4.91187505321868e-11,0.138888888888889,NA,8.02035279624275e-08,"GLM","NYC","DTF_Nepal_2017",10.3087526891771,7.09580652771439,"Significant",8.23056620951218
"Lcu.1GRN.Chr4p426395888",4,426395888,4.91187505321868e-11,0.138888888888889,NA,8.02035279624275e-08,"GLM","NYC","DTF_Nepal_2017",10.3087526891771,7.09580652771439,"Significant",8.23056620951218
"Lcu.1GRN.Chr4p426406494",4,426406494,4.91187505321868e-11,0.138888888888889,NA,8.02035279624275e-08,"GLM","NYC","DTF_Nepal_2017",10.3087526891771,7.09580652771439,"Significant",8.23056620951218
"Lcu.1GRN.Chr6p439877755",6,439877755,5.08784492306266e-11,0.12962962962963,NA,8.22780352517221e-08,"GLM","NYC","DTF_Nepal_2017",10.2934661344046,7.08471608753545,"Significant",10.206467542326
"Lcu.1GRN.Chr6p439877836",6,439877836,5.08784492306266e-11,0.12962962962963,NA,8.22780352517221e-08,"GLM","NYC","DTF_Nepal_2017",10.2934661344046,7.08471608753545,"Significant",10.206467542326
"Lcu.1GRN.Chr5p2597584",5,2597584,5.35324321798695e-11,0.151234567901235,NA,8.57454457859342e-08,"GLM","NYC","DTF_Nepal_2017",10.2713830245355,7.06678893743753,"Significant",12.4190618315354
"Lcu.1GRN.Chr5p2597585",5,2597585,5.35324321798695e-11,0.151234567901235,NA,8.57454457859342e-08,"GLM","NYC","DTF_Nepal_2017",10.2713830245355,7.06678893743753,"Significant",12.4190618315354
"Lcu.1GRN.Chr6p436912932",6,436912932,5.53114565514933e-11,0.137345679012346,NA,8.81751123500291e-08,"GLM","NYC","DTF_Nepal_2017",10.2571849048296,7.05465397829539,"Significant",12.036653230628
"Lcu.1GRN.Chr1p367801365",1,367801365,5.58481085074765e-11,0.319354838709677,NA,6.11904257795907e-08,"MLM","NYC","Cotyledon_Color_RvsY",10.2529915312086,7.21331652485396,"Significant",-0.210956164216745
"Lcu.1GRN.Chr3p180199297",3,180199297,5.60708107090048e-11,0.175925925925926,NA,8.89640112535651e-08,"GLM","NYC","DTF_Nepal_2017",10.2512631645382,7.05078564363505,"Significant",7.10080047807708
"Lcu.1GRN.Chr2p49087918",2,49087918,5.76880032279173e-11,0.21141975308642,NA,1.02128108325078e-06,"GLM","NYC","DTF_Sask_2017",10.2389144931463,5.99085471226725,"Significant",1.88711946025938
"Lcu.1GRN.Chr1p559749511",1,559749511,5.91512300031638e-11,0.182098765432099,NA,9.33437066821017e-08,"GLM","NYC","DTF_Nepal_2017",10.228036220131,7.02991495725823,"Significant",6.32072519203138
"Lcu.1GRN.Chr1p364633717",1,364633717,5.92757071944659e-11,0.480645161290323,NA,6.47350383177952e-08,"MLM","NYC","Cotyledon_Color_RvsY",10.2271232559272,7.18886059059579,"Significant",0.234345926140026
"Lcu.1GRN.Chr3p25230676",3,25230676,5.9386186011023e-11,0.0879629629629629,NA,9.33437066821017e-08,"GLM","NYC","DTF_Nepal_2017",10.2263145657409,7.02991495725823,"Significant",8.61045285935825
"Lcu.1GRN.Chr5p1658484",5,1658484,6.04179977908152e-11,0.123456790123457,NA,2.03226206629031e-05,"MLM","NYC","DTF_Nepal_2017",10.2188336710324,4.69202028920055,"Significant",11.72705869257
"Lcu.1GRN.Chr3p345919091",3,345919091,6.05786193473624e-11,0.398148148148148,NA,9.47751090884384e-08,"GLM","NYC","DTF_Nepal_2017",10.2176806289341,7.02330570701781,"Significant",5.70499020381891
"Lcu.1GRN.Chr7p52436002",7,52436002,6.15348073177504e-11,0.0833333333333334,NA,9.5825363578934e-08,"GLM","NYC","DTF_Nepal_2017",10.2108791549588,7.01851952427789,"Significant",8.23131427618773
"Lcu.1GRN.Chr4p426002376",4,426002376,6.32252005746038e-11,0.140432098765432,NA,9.75544543196228e-08,"GLM","NYC","DTF_Nepal_2017",10.1991097842326,7.01075289600531,"Significant",8.13879882420338
"Lcu.1GRN.Chr4p426086916",4,426086916,6.32252005746038e-11,0.140432098765432,NA,9.75544543196228e-08,"GLM","NYC","DTF_Nepal_2017",10.1991097842326,7.01075289600531,"Significant",8.13879882420338
"Lcu.1GRN.Chr1p367960224",1,367960224,6.33686863529692e-11,0.288709677419355,NA,6.89810191666317e-08,"MLM","NYC","Cotyledon_Color_RvsY",10.1981252958031,7.16127039339608,"Significant",-0.218788107194745
"Lcu.1GRN.Chr2p50175386",2,50175386,6.9740795999114e-11,0.282407407407407,NA,1.12652249718731e-06,"GLM","NYC","DTF_Sask_2017",10.1565131000336,5.94826013078725,"Significant",1.87742999299354
"Lcu.1GRN.Chr2p45386213",2,45386213,7.21753415837053e-11,0.209876543209877,NA,1.12652249718731e-06,"GLM","NYC","DTF_Sask_2017",10.1416111520601,5.94826013078725,"Significant",1.84607052621124
"Lcu.1GRN.Chr2p49582172",2,49582172,7.36799238276072e-11,0.283950617283951,NA,1.12652249718731e-06,"GLM","NYC","DTF_Sask_2017",10.1326508317969,5.94826013078725,"Significant",1.85953911934104
"Lcu.1GRN.Chr1p366601445",1,366601445,7.44878326041085e-11,0.470967741935484,NA,8.08233831920844e-08,"MLM","NYC","Cotyledon_Color_RvsY",10.1279146623451,7.09246297434745,"Significant",-0.184307279524431
"Lcu.1GRN.Chr3p387945008",3,387945008,7.46080732369181e-11,0.0694444444444444,NA,1.14560260548878e-07,"GLM","NYC","DTF_Nepal_2017",10.1272141755764,6.94096600730218,"Significant",8.75420912453058
"Lcu.1GRN.Chr1p366878393",1,366878393,7.47476150147826e-11,0.482258064516129,NA,8.08444727320816e-08,"MLM","NYC","Cotyledon_Color_RvsY",10.1264026598924,7.09234966708737,"Significant",-0.189520323193055
"Lcu.1GRN.Chr5p1816847",5,1816847,7.49278535669467e-11,0.138888888888889,NA,1.14560260548878e-07,"GLM","NYC","DTF_Nepal_2017",10.1253567083119,6.94096600730218,"Significant",12.6389325443008
"Lcu.1GRN.Chr1p363414745",1,363414745,7.7520768565705e-11,0.188709677419355,NA,8.35750908978862e-08,"MLM","NYC","Cotyledon_Color_RvsY",10.1105819302015,7.07792314238805,"Significant",-0.231496185246539
"Lcu.1GRN.Chr2p51265442",2,51265442,7.91060148854288e-11,0.265432098765432,NA,1.15689795256378e-06,"GLM","NYC","DTF_Sask_2017",10.1017904933388,5.93670494752449,"Significant",1.78730100645944
"Lcu.1GRN.Chr1p367666926",1,367666926,8.13258097823791e-11,0.262903225806452,NA,8.73971842142796e-08,"MLM","NYC","Cotyledon_Color_RvsY",10.0897716036407,7.0585025593553,"Significant",-0.2470776341399
"Lcu.1GRN.Chr3p343653359",3,343653359,8.14975984304364e-11,0.179012345679012,NA,1.24041188648193e-07,"GLM","NYC","DTF_Nepal_2017",10.0888551888524,6.90643408070561,"Significant",6.91050521816942
"Lcu.1GRN.Chr4p501052678",4,501052678,8.36397272337435e-11,0.262345679012346,NA,1.2672812671366e-07,"GLM","NYC","DTF_Nepal_2017",10.0775873921752,6.89712698479395,"Significant",-5.60709063278307
"Lcu.1GRN.Chr2p521819856",2,521819856,8.48939723288262e-11,0.0509259259259259,NA,1.27480048171117e-07,"GLM","NYC","DTF_Nepal_2017",10.0711231445883,6.89455778109063,"Significant",10.643837340401
"Lcu.1GRN.Chr2p522373325",2,522373325,8.48939723288262e-11,0.0509259259259259,NA,1.27480048171117e-07,"GLM","NYC","DTF_Nepal_2017",10.0711231445883,6.89455778109063,"Significant",10.643837340401
"Lcu.1GRN.Chr4p497141127",4,497141127,8.54742286832284e-11,0.0817901234567902,NA,1.2778093279774e-07,"GLM","NYC","DTF_Nepal_2017",10.0681648095735,6.89353394585302,"Significant",7.91661786557563
"Lcu.1GRN.Chr1p362772741",1,362772741,8.64709960102283e-11,0.148387096774194,NA,9.26305398566002e-08,"MLM","NYC","Cotyledon_Color_RvsY",10.0631295386044,7.03324580484575,"Significant",-0.282034639218652
"Lcu.1GRN.Chr4p501053006",4,501053006,8.6837467351455e-11,0.260802469135803,NA,1.2924450610888e-07,"GLM","NYC","DTF_Nepal_2017",10.0612928514006,6.88858790871609,"Significant",-5.59094468239164
"Lcu.1GRN.Chr2p48822438",2,48822438,9.11476673994118e-11,0.305555555555556,NA,1.27746114333908e-06,"GLM","NYC","DTF_Sask_2017",10.0402544410905,5.89365230097021,"Significant",1.74749764331175
"Lcu.1GRN.Chr7p52436405",7,52436405,9.20529092281325e-11,0.111111111111111,NA,1.36403352063169e-07,"GLM","NYC","DTF_Nepal_2017",10.0359624815569,6.86517495691818,"Significant",7.63642249970042
"Lcu.1GRN.Chr2p33687376",2,33687376,9.34557662785631e-11,0.0524691358024691,NA,1.3667580754705e-07,"GLM","NYC","DTF_Nepal_2017",10.0293938972204,6.8643083514061,"Significant",10.4864045716986
"Lcu.1GRN.Chr2p33687503",2,33687503,9.34557662785631e-11,0.0524691358024691,NA,1.3667580754705e-07,"GLM","NYC","DTF_Nepal_2017",10.0293938972204,6.8643083514061,"Significant",10.4864045716986
"Lcu.1GRN.Chr2p33917286",2,33917286,9.34557662785631e-11,0.0524691358024691,NA,1.3667580754705e-07,"GLM","NYC","DTF_Nepal_2017",10.0293938972204,6.8643083514061,"Significant",10.4864045716986
"Lcu.1GRN.Chr1p368085276",1,368085276,9.57221046376485e-11,0.412903225806452,NA,1.02215102129054e-07,"MLM","NYC","Cotyledon_Color_RvsY",10.0189877611402,6.99048493309793,"Significant",-0.217410185646571
"Lcu.1GRN.Chr1p509484731",1,509484731,9.73952600866325e-11,0.145061728395062,NA,1.41820569045716e-07,"GLM","NYC","DTF_Nepal_2017",10.0114621783196,6.84826077637991,"Significant",7.51524718319479
"Lcu.1GRN.Chr4p501049966",4,501049966,9.84323844071379e-11,0.263888888888889,NA,1.42260555464003e-07,"GLM","NYC","DTF_Nepal_2017",10.0068619945009,6.84691549990866,"Significant",-5.55233539670672
"Lcu.1GRN.Chr4p501051555",4,501051555,9.85432858250445e-11,0.265432098765432,NA,1.42260555464003e-07,"GLM","NYC","DTF_Nepal_2017",10.0063729607145,6.84691549990866,"Significant",-5.57161579132509
"Lcu.1GRN.Chr2p50175516",2,50175516,9.9466335740902e-11,0.296296296296296,NA,1.29354732186818e-06,"GLM","NYC","DTF_Sask_2017",10.0023238808199,5.88821767885289,"Significant",1.83134492312249
"Lcu.1GRN.Chr2p50068722",2,50068722,9.99867120394471e-11,0.299382716049383,NA,1.29354732186818e-06,"GLM","NYC","DTF_Sask_2017",10.0000577127139,5.88821767885289,"Significant",1.80953056249379
"Lcu.1GRN.Chr2p43069702",2,43069702,1.03434571555325e-10,0.162037037037037,NA,1.48683660386111e-07,"GLM","NYC","DTF_Nepal_2017",9.98533428013685,6.82773675571512,"Significant",7.59044831424728
"Lcu.1GRN.Chr4p426392054",4,426392054,1.06790359993269e-10,0.143518518518518,NA,1.52854268169599e-07,"GLM","NYC","DTF_Nepal_2017",9.97146794946745,6.81572242990731,"Significant",8.19575431739224
"Lcu.1GRN.Chr1p364633986",1,364633986,1.0824329074264e-10,0.482258064516129,NA,1.15219844864651e-07,"MLM","NYC","Cotyledon_Color_RvsY",9.96559901306929,6.93847271385582,"Significant",0.227895158504147
"Lcu.1GRN.Chr3p422983431",3,422983431,1.1039762844469e-10,0.12962962962963,NA,1.57347962233284e-07,"GLM","NYC","DTF_Nepal_2017",9.95704025599493,6.80313887713316,"Significant",6.83044598871925
"Lcu.1GRN.Chr2p43390910",2,43390910,1.11126726417166e-10,0.132716049382716,NA,1.57718833690982e-07,"GLM","NYC","DTF_Nepal_2017",9.95418147895649,6.80211644313472,"Significant",7.28417654295936
"Lcu.1GRN.Chr3p344507672",3,344507672,1.18110952360424e-10,0.182098765432099,NA,1.65635549712929e-07,"GLM","NYC","DTF_Nepal_2017",9.9277098286426,6.78084644661377,"Significant",6.47821105383122
"Lcu.1GRN.Chr3p344507676",3,344507676,1.18110952360424e-10,0.182098765432099,NA,1.65635549712929e-07,"GLM","NYC","DTF_Nepal_2017",9.9277098286426,6.78084644661377,"Significant",6.47821105383122
"Lcu.1GRN.Chr4p426420270",4,426420270,1.19036336783281e-10,0.12962962962963,NA,1.65635549712929e-07,"GLM","NYC","DTF_Nepal_2017",9.92432044654355,6.78084644661377,"Significant",8.56282628131453
"Lcu.1GRN.Chr2p44146225",2,44146225,1.19042988233002e-10,0.104938271604938,NA,1.65635549712929e-07,"GLM","NYC","DTF_Nepal_2017",9.92429617994323,6.78084644661377,"Significant",7.26847206636523
"Lcu.1GRN.Chr2p44213516",2,44213516,1.19166871395021e-10,0.12962962962963,NA,1.65635549712929e-07,"GLM","NYC","DTF_Nepal_2017",9.92384446246521,6.78084644661377,"Significant",7.97603228278501
"Lcu.1GRN.Chr2p48689718",2,48689718,1.19541332331496e-10,0.12962962962963,NA,1.34679594798165e-06,"GLM","NYC","DTF_Sask_2017",9.92248190810588,5.87069819891586,"Significant",2.85212735124486
"Lcu.1GRN.Chr2p85174208",2,85174208,1.2058344350334e-10,0.464506172839506,NA,1.34679594798165e-06,"GLM","NYC","DTF_Sask_2017",9.91871231813906,5.87069819891586,"Significant",-1.57137695184255
"Lcu.1GRN.Chr2p45379258",2,45379258,1.22471150450884e-10,0.270061728395062,NA,1.34679594798165e-06,"GLM","NYC","DTF_Sask_2017",9.91196620252861,5.87069819891586,"Significant",1.68936092964373
"Lcu.1GRN.Chr4p501049648",4,501049648,1.22513463261288e-10,0.263888888888889,NA,1.69586362538311e-07,"GLM","NYC","DTF_Nepal_2017",9.91181618314595,6.77060907491239,"Significant",-5.53396353918447
"Lcu.1GRN.Chr2p47410520",2,47410520,1.23043509861188e-10,0.219135802469136,NA,1.34679594798165e-06,"GLM","NYC","DTF_Sask_2017",9.90994128895678,5.87069819891586,"Significant",1.72623352667367
"Lcu.1GRN.Chr2p572729078",2,572729078,1.2405086215522e-10,0.288819875776398,1.11141096963292,1.04316540876413e-05,"BLINK","Kansas","DTF_Sask_2017_b",9.90640021302858,4.98164682252467,"Significant",NA
"Lcu.1GRN.Chr2p50743880",2,50743880,1.24122385333374e-10,0.282407407407407,NA,1.34679594798165e-06,"GLM","NYC","DTF_Sask_2017",9.90614988691346,5.87069819891586,"Significant",1.84406219291816
"Lcu.1GRN.Chr1p359850701",1,359850701,1.24182552244008e-10,0.204838709677419,NA,1.31769440222903e-07,"MLM","NYC","Cotyledon_Color_RvsY",9.90593941862356,6.88018529900944,"Significant",-0.237483631354418
"Lcu.1GRN.Chr2p10278916",2,10278916,1.26136715238627e-10,0.0601851851851852,NA,1.72472473555575e-07,"GLM","NYC","DTF_Nepal_2017",9.89915848277914,6.76328020805065,"Significant",9.53091573430174
"Lcu.1GRN.Chr2p10408286",2,10408286,1.26136715238627e-10,0.0601851851851852,NA,1.72472473555575e-07,"GLM","NYC","DTF_Nepal_2017",9.89915848277914,6.76328020805065,"Significant",9.53091573430174
"Lcu.1GRN.Chr2p10422948",2,10422948,1.26136715238627e-10,0.0601851851851852,NA,1.72472473555575e-07,"GLM","NYC","DTF_Nepal_2017",9.89915848277914,6.76328020805065,"Significant",9.53091573430174
"Lcu.1GRN.Chr3p344508975",3,344508975,1.26904266758744e-10,0.180555555555556,NA,1.72819463549954e-07,"GLM","NYC","DTF_Nepal_2017",9.89652377586726,6.76240734729505,"Significant",6.50383972357116
"Lcu.1GRN.Chr5p142915008",5,142915008,1.27759889770351e-10,0.282407407407407,NA,1.73283108235417e-07,"GLM","NYC","DTF_Nepal_2017",9.89360547157331,6.76124377056765,"Significant",5.74047358773493
"Lcu.1GRN.Chr6p111399799",6,111399799,1.28685484281558e-10,0.240740740740741,3.78688351673401,1.1759794175145e-05,"BLINK","Kansas","DTF_Nepal_2017",9.89047043873631,4.92960027939772,"Significant",NA
"Lcu.1GRN.Chr1p361295000",1,361295000,1.34794640537687e-10,0.158064516129032,NA,1.42580090735032e-07,"MLM","NYC","Cotyledon_Color_RvsY",9.87032737509432,6.84594111324688,"Significant",-0.238215631464324
"Lcu.1GRN.Chr5p10369816",5,10369816,1.39659997340516e-10,0.185185185185185,NA,1.88662708134287e-07,"GLM","NYC","DTF_Nepal_2017",9.85492797056508,6.72431393582894,"Significant",-7.34004617284984
"Lcu.1GRN.Chr1p367115859",1,367115859,1.39688608109843e-10,0.364516129032258,NA,1.47188103912057e-07,"MLM","NYC","Cotyledon_Color_RvsY",9.85483901004018,6.83212728927926,"Significant",-0.20915373179319
"Lcu.1GRN.Chr3p389104888",3,389104888,1.39844802553698e-10,0.0802469135802469,4.7792326112685,1.1759794175145e-05,"BLINK","Kansas","DTF_Nepal_2017",9.85435366990164,4.92960027939772,"Significant",NA
"Lcu.1GRN.Chr1p362785754",1,362785754,1.40026201297566e-10,0.119354838709677,NA,1.47188103912057e-07,"MLM","NYC","Cotyledon_Color_RvsY",9.85379069279123,6.83212728927926,"Significant",-0.279418988822097
"Lcu.1GRN.Chr2p49022390",2,49022390,1.4149276791919e-10,0.185185185185185,NA,1.48729680833357e-06,"GLM","NYC","DTF_Sask_2017",9.84926575754645,5.82760235403448,"Significant",2.28932724800703
"Lcu.1GRN.Chr4p501032112",4,501032112,1.45842891392921e-10,0.271604938271605,NA,1.96226943396651e-07,"GLM","NYC","DTF_Nepal_2017",9.83611473420811,6.70724136104827,"Significant",-5.54020295957326
"Lcu.1GRN.Chr3p404682948",3,404682948,1.48019635581667e-10,0.066358024691358,NA,1.98362234110352e-07,"GLM","NYC","DTF_Nepal_2017",9.82968066934069,6.70254100898985,"Significant",8.60703361576827
"Lcu.1GRN.Chr1p367807520",1,367807520,1.52746626798041e-10,0.491935483870968,NA,1.59935492633168e-07,"MLM","NYC","Cotyledon_Color_RvsY",9.81602837178376,6.79605514760928,"Significant",-0.286414239967222
"Lcu.1GRN.Chr1p362779158",1,362779158,1.53579762939032e-10,0.138709677419355,NA,1.59935492633168e-07,"MLM","NYC","Cotyledon_Color_RvsY",9.81366600711005,6.79605514760928,"Significant",-0.283033104737779
"Lcu.1GRN.Chr1p362779161",1,362779161,1.53579762939032e-10,0.138709677419355,NA,1.59935492633168e-07,"MLM","NYC","Cotyledon_Color_RvsY",9.81366600711005,6.79605514760928,"Significant",-0.283033104737779
"Lcu.1GRN.Chr1p509485446",1,509485446,1.55202508710114e-10,0.146604938271605,NA,2.07162707330535e-07,"GLM","NYC","DTF_Nepal_2017",9.80910126303818,6.68368842198785,"Significant",7.45219083189477
"Lcu.1GRN.Chr2p45678256",2,45678256,1.55404874933901e-10,0.212962962962963,NA,1.54025628934269e-06,"GLM","NYC","DTF_Sask_2017",9.80853536183056,5.81240700917227,"Significant",1.73318595974982
"Lcu.1GRN.Chr2p49962732",2,49962732,1.58310909878481e-10,0.296296296296296,NA,1.54025628934269e-06,"GLM","NYC","DTF_Sask_2017",9.80048915502547,5.81240700917227,"Significant",1.73728322349974
"Lcu.1GRN.Chr2p49083344",2,49083344,1.60268308505276e-10,0.223765432098765,NA,1.54025628934269e-06,"GLM","NYC","DTF_Sask_2017",9.79515234665387,5.81240700917227,"Significant",1.83916494271577
"Lcu.1GRN.Chr1p2944533",1,2944533,1.60941605006968e-10,0.0987654320987654,NA,2.13974090321655e-07,"GLM","NYC","DTF_Nepal_2017",9.79333167194038,6.66963881128433,"Significant",7.22542378060916
"Lcu.1GRN.Chr3p437395323",3,437395323,1.63408743747589e-10,0.195652173913043,-0.958412798627453,2.47789567656731e-05,"FarmCPU","Kansas","DTF_Sask_2017_b",9.78672470875996,4.60591698207815,"Significant",NA
"Lcu.1GRN.Chr1p562272939",1,562272939,1.6705101405365e-10,0.214506172839506,NA,2.21167351452295e-07,"GLM","NYC","DTF_Nepal_2017",9.77715088370997,6.65527898284027,"Significant",5.98631978574076
"Lcu.1GRN.Chr4p7084038",4,7084038,1.68020244705133e-10,0.101851851851852,NA,2.21167351452295e-07,"GLM","NYC","DTF_Nepal_2017",9.77463838711924,6.65527898284027,"Significant",8.17637781840506
"Lcu.1GRN.Chr7p645201242",7,645201242,1.68324603697115e-10,0.100308641975309,NA,2.21167351452295e-07,"GLM","NYC","DTF_Nepal_2017",9.77385239936029,6.65527898284027,"Significant",7.25103760985542
"Lcu.1GRN.Chr2p16760296",2,16760296,1.69123613865945e-10,0.058641975308642,NA,2.21352539397845e-07,"GLM","NYC","DTF_Nepal_2017",9.77179574984939,6.65491549134881,"Significant",9.94274044996951
"Lcu.1GRN.Chr2p49094345",2,49094345,1.7029392506843e-10,0.304012345679012,NA,1.59114601926368e-06,"GLM","NYC","DTF_Sask_2017",9.7688008444409,5.79828996337632,"Significant",1.74275541105312
"Lcu.1GRN.Chr4p496260635",4,496260635,1.72377568303432e-10,0.41820987654321,NA,2.24700994870123e-07,"GLM","NYC","DTF_Nepal_2017",9.76351925008833,6.64839500472529,"Significant",-5.38605048140761
"Lcu.1GRN.Chr1p367493859",1,367493859,1.72405531182041e-10,0.225806451612903,NA,1.78986207737992e-07,"MLM","NYC","Cotyledon_Color_RvsY",9.76344880508146,6.7471804334562,"Significant",-0.219760604447553
"Lcu.1GRN.Chr7p52435240",7,52435240,1.73325148410926e-10,0.103395061728395,NA,2.24700994870123e-07,"GLM","NYC","DTF_Nepal_2017",9.7611384192612,6.64839500472529,"Significant",7.56554245934899
"Lcu.1GRN.Chr2p248742152",2,248742152,1.73686059174152e-10,0.285493827160494,NA,2.24700994870123e-07,"GLM","NYC","DTF_Nepal_2017",9.76023503858635,6.64839500472529,"Significant",6.54061042398865
"Lcu.1GRN.Chr6p439783371",6,439783371,1.75081020784349e-10,0.095679012345679,NA,2.25637845663483e-07,"GLM","NYC","DTF_Nepal_2017",9.75676092996092,6.64658805546733,"Significant",10.3599723727866
"Lcu.1GRN.Chr1p363516764",1,363516764,1.77400922215091e-10,0.104838709677419,NA,1.83605587700687e-07,"MLM","NYC","Cotyledon_Color_RvsY",9.75104412682738,6.73611410597438,"Significant",-0.336149612038721
"Lcu.1GRN.Chr2p49552659",2,49552659,1.78692279201246e-10,0.299382716049383,NA,1.62449151021853e-06,"GLM","NYC","DTF_Sask_2017",9.74789421175139,5.78928255398651,"Significant",1.74763449578083
"Lcu.1GRN.Chr6p396743846",6,396743846,1.79877242112477e-10,0.0910493827160493,NA,2.30934230143693e-07,"GLM","NYC","DTF_Nepal_2017",9.74502377967934,6.63651168916721,"Significant",10.4195944060505
"Lcu.1GRN.Chr2p561527709",2,561527709,1.83961518718926e-10,0.183641975308642,NA,2.34388576389882e-07,"GLM","NYC","DTF_Nepal_2017",9.73527301370701,6.63006355874497,"Significant",7.15620649735718
"Lcu.1GRN.Chr2p561719111",2,561719111,1.83961518718926e-10,0.183641975308642,NA,2.34388576389882e-07,"GLM","NYC","DTF_Nepal_2017",9.73527301370701,6.63006355874497,"Significant",7.15620649735718
"Lcu.1GRN.Chr6p396677953",6,396677953,1.84974053103459e-10,0.0895061728395061,NA,2.34789310642458e-07,"GLM","NYC","DTF_Nepal_2017",9.73288918718776,6.6293216792927,"Significant",10.4782070341466
"Lcu.1GRN.Chr2p610338867",2,610338867,1.85961660431937e-10,0.243827160493827,NA,2.35155510656051e-07,"GLM","NYC","DTF_Nepal_2017",9.73057658470228,6.62864483950148,"Significant",-5.9327977686541
"Lcu.1GRN.Chr1p447345807",1,447345807,1.87259352934068e-10,0.330246913580247,NA,2.35909613364695e-07,"GLM","NYC","DTF_Nepal_2017",9.72755648163269,6.62725436116539,"Significant",6.23215499916927
"Lcu.1GRN.Chr1p367483630",1,367483630,1.88288828336232e-10,0.212903225806452,NA,1.94276528591943e-07,"MLM","NYC","Cotyledon_Color_RvsY",9.72517544703517,6.71157966527123,"Significant",-0.317111753574281
"Lcu.1GRN.Chr2p50229472",2,50229472,1.89671165768136e-10,0.287037037037037,NA,1.67892423726134e-06,"GLM","NYC","DTF_Sask_2017",9.72199868650508,5.77496890129001,"Significant",1.81421370728114
"Lcu.1GRN.Chr3p344507722",3,344507722,1.90644558599126e-10,0.179012345679012,NA,2.39278127769822e-07,"GLM","NYC","DTF_Nepal_2017",9.71977558590092,6.62109699809784,"Significant",6.52728374984326
"Lcu.1GRN.Chr5p1559537",5,1559537,1.98746634400399e-10,0.135802469135803,NA,2.48519736703937e-07,"GLM","NYC","DTF_Nepal_2017",9.70170021700463,6.60463911517516,"Significant",15.5280022397696
"Lcu.1GRN.Chr7p52435312",7,52435312,2.02382857940752e-10,0.100308641975309,NA,2.5212931398873e-07,"GLM","NYC","DTF_Nepal_2017",9.69382627551316,6.59837665784027,"Significant",7.61722534272349
"Lcu.1GRN.Chr5p46953461",5,46953461,2.0364368125617e-10,0.114197530864197,NA,2.52763889790015e-07,"GLM","NYC","DTF_Nepal_2017",9.69112906084512,6.59728496988765,"Significant",8.67398317281538
"Lcu.1GRN.Chr5p145514621",5,145514621,2.09976769128649e-10,0.24537037037037,NA,2.58734451742308e-07,"GLM","NYC","DTF_Nepal_2017",9.6778287509676,6.58714573902452,"Significant",6.2880457390068
"Lcu.1GRN.Chr4p501049378",4,501049378,2.0999237536872e-10,0.297839506172839,NA,2.58734451742308e-07,"GLM","NYC","DTF_Nepal_2017",9.67779647381564,6.58714573902452,"Significant",-5.47319436394309
"Lcu.1GRN.Chr2p50174689",2,50174689,2.10553733277433e-10,0.280864197530864,NA,1.78477149057216e-06,"GLM","NYC","DTF_Sask_2017",9.6766370538048,5.74841737996429,"Significant",1.82303879945889
"Lcu.1GRN.Chr1p368965900",1,368965900,2.12808026661236e-10,0.403225806451613,NA,2.18903967902018e-07,"MLM","NYC","Cotyledon_Color_RvsY",9.67201199541392,6.65974636624233,"Significant",-0.189498459064932
"Lcu.1GRN.Chr2p16848942",2,16848942,2.20403086989233e-10,0.0570987654320988,NA,2.70570529785793e-07,"GLM","NYC","DTF_Nepal_2017",9.65678232700265,6.56771950799116,"Significant",9.69390674840338
"Lcu.1GRN.Chr4p322405542",4,322405542,2.20999296295473e-10,0.149068322981366,-1.22901196753739,2.47789567656731e-05,"FarmCPU","Kansas","DTF_Sask_2017_b",9.65560910919036,4.60591698207815,"Significant",NA
"Lcu.1GRN.Chr2p50734066",2,50734066,2.2220808291536e-10,0.271604938271605,NA,1.78477149057216e-06,"GLM","NYC","DTF_Sask_2017",9.65324014745774,5.74841737996429,"Significant",1.82864892446395
"Lcu.1GRN.Chr6p40079300",6,40079300,2.22853022454731e-10,0.246913580246914,NA,1.78477149057216e-06,"GLM","NYC","DTF_Sask_2017",9.65198147139827,5.74841737996429,"Significant",-2.14475702435197
"Lcu.1GRN.Chr6p40079329",6,40079329,2.22853022454731e-10,0.246913580246914,NA,1.78477149057216e-06,"GLM","NYC","DTF_Sask_2017",9.65198147139827,5.74841737996429,"Significant",-2.14475702435197
"Lcu.1GRN.Chr1p368780466",1,368780466,2.24819313564384e-10,0.383870967741936,NA,2.30554262334485e-07,"MLM","NYC","Cotyledon_Color_RvsY",9.64816638254184,6.63722684442165,"Significant",-0.194408596231086
"Lcu.1GRN.Chr3p417642575",3,417642575,2.26591843624118e-10,0.358024691358025,NA,2.77156431506595e-07,"GLM","NYC","DTF_Nepal_2017",9.64475572700921,6.5572750390076,"Significant",5.59878939118624
"Lcu.1GRN.Chr1p472355685",1,472355685,2.30711414574035e-10,0.152777777777778,NA,2.80157784787092e-07,"GLM","NYC","DTF_Nepal_2017",9.63693091798917,6.55259730522174,"Significant",10.2917211519225
"Lcu.1GRN.Chr1p472355695",1,472355695,2.30711414574035e-10,0.152777777777778,NA,2.80157784787092e-07,"GLM","NYC","DTF_Nepal_2017",9.63693091798917,6.55259730522174,"Significant",10.2917211519225
"Lcu.1GRN.Chr1p359850497",1,359850497,2.33940837100385e-10,0.206451612903226,NA,2.39179263078861e-07,"MLM","NYC","Cotyledon_Color_RvsY",9.63089396040842,6.62127647652652,"Significant",-0.243607328492458
"Lcu.1GRN.Chr4p496367186",4,496367186,2.33962888774163e-10,0.367283950617284,NA,2.83084154706111e-07,"GLM","NYC","DTF_Nepal_2017",9.63085302497783,6.54808443906404,"Significant",-4.86082424661646
"Lcu.1GRN.Chr4p501049349",4,501049349,2.39250897514462e-10,0.297839506172839,NA,2.88444826681889e-07,"GLM","NYC","DTF_Nepal_2017",9.62114642435636,6.53993724579808,"Significant",-5.47137593795946
"Lcu.1GRN.Chr2p50231181",2,50231181,2.4014582921334e-10,0.270061728395062,NA,1.87853795662799e-06,"GLM","NYC","DTF_Sask_2017",9.61952495166654,5.72618002541425,"Significant",1.85287590579529
"Lcu.1GRN.Chr1p549619874",1,549619874,2.44204039328854e-10,0.126543209876543,NA,2.92875055464595e-07,"GLM","NYC","DTF_Nepal_2017",9.61224715675591,6.53331761614841,"Significant",7.54118745217102
"Lcu.1GRN.Chr5p1797201",5,1797201,2.44666957773953e-10,0.135802469135803,NA,2.92875055464595e-07,"GLM","NYC","DTF_Nepal_2017",9.6114246780752,6.53331761614841,"Significant",11.9413677615321
"Lcu.1GRN.Chr4p496267122",4,496267122,2.469503500418e-10,0.351851851851852,NA,2.9456010068266e-07,"GLM","NYC","DTF_Nepal_2017",9.60739035390772,6.53082608039521,"Significant",-4.93328719382032
"Lcu.1GRN.Chr1p365082021",1,365082021,2.53276689435303e-10,0.37741935483871,NA,2.57384073947605e-07,"MLM","NYC","Cotyledon_Color_RvsY",9.59640477908223,6.58941832926791,"Significant",-0.225548058951999
"Lcu.1GRN.Chr4p359784737",4,359784737,2.53277308644002e-10,0.082258064516129,NA,2.57384073947605e-07,"MLM","NYC","Cotyledon_Color_RvsY",9.59640371732406,6.58941832926791,"Significant",-0.53435855552108
"Lcu.1GRN.Chr1p509482267",1,509482267,2.54526047663425e-10,0.152777777777778,NA,3.0252354443252e-07,"GLM","NYC","DTF_Nepal_2017",9.59426776626384,6.51924081995626,"Significant",7.28588671280875
"Lcu.1GRN.Chr2p49588614",2,49588614,2.57932237797215e-10,0.296296296296296,NA,1.96174227524139e-06,"GLM","NYC","DTF_Sask_2017",9.58849437394403,5.70735804883809,"Significant",1.7121909436438
"Lcu.1GRN.Chr2p47823539",2,47823539,2.62446679923602e-10,0.225308641975309,NA,1.96174227524139e-06,"GLM","NYC","DTF_Sask_2017",9.58095891689462,5.70735804883809,"Significant",1.79005530957753
"Lcu.1GRN.Chr2p2522322",2,2522322,2.6539328910332e-10,0.0632716049382716,NA,3.1322647184497e-07,"GLM","NYC","DTF_Nepal_2017",9.57611006316806,6.5041415413447,"Significant",9.02433914042945
"Lcu.1GRN.Chr2p2523566",2,2523566,2.6539328910332e-10,0.0632716049382716,NA,3.1322647184497e-07,"GLM","NYC","DTF_Nepal_2017",9.57611006316806,6.5041415413447,"Significant",9.02433914042945
"Lcu.1GRN.Chr1p361840399",1,361840399,2.66019984866345e-10,0.0419354838709678,NA,2.68912385824721e-07,"MLM","NYC","Cotyledon_Color_RvsY",9.57508573558266,6.57038919416402,"Significant",-0.399626398832464
"Lcu.1GRN.Chr1p370906964",1,370906964,2.66220599760477e-10,0.237096774193548,NA,2.68912385824721e-07,"MLM","NYC","Cotyledon_Color_RvsY",9.57475834248957,6.57038919416402,"Significant",-0.227367066667132
"Lcu.1GRN.Chr2p629671940",2,629671940,2.68605499626665e-10,0.0509259259259259,NA,3.14681492275367e-07,"GLM","NYC","DTF_Nepal_2017",9.57088509951145,6.50212879899668,"Significant",10.5668885265541
"Lcu.1GRN.Chr2p33022747",2,33022747,2.69432702302264e-10,0.0555555555555556,NA,3.14681492275367e-07,"GLM","NYC","DTF_Nepal_2017",9.56954969306932,6.50212879899668,"Significant",10.0601483051341
"Lcu.1GRN.Chr2p33022857",2,33022857,2.69432702302264e-10,0.0555555555555556,NA,3.14681492275367e-07,"GLM","NYC","DTF_Nepal_2017",9.56954969306932,6.50212879899668,"Significant",10.0601483051341
"Lcu.1GRN.Chr2p10195300",2,10195300,2.73659756849446e-10,0.058641975308642,NA,3.18512496305113e-07,"GLM","NYC","DTF_Nepal_2017",9.56278906325202,6.49687352417669,"Significant",9.37252545871206
"Lcu.1GRN.Chr2p42999368",2,42999368,2.75691272027616e-10,0.169753086419753,NA,3.19065280474969e-07,"GLM","NYC","DTF_Nepal_2017",9.55957698278884,6.49612045158367,"Significant",7.08666813173693
"Lcu.1GRN.Chr7p645795683",7,645795683,2.76031824222399e-10,0.104938271604938,NA,3.19065280474969e-07,"GLM","NYC","DTF_Nepal_2017",9.55904084442964,6.49612045158367,"Significant",7.63477442536362
"Lcu.1GRN.Chr6p300129235",6,300129235,2.85502161444579e-10,0.16358024691358,NA,3.28881868282975e-07,"GLM","NYC","DTF_Nepal_2017",9.54439059950255,6.48296006911909,"Significant",8.16160769292242
"Lcu.1GRN.Chr1p374612061",1,374612061,2.85976986055553e-10,0.182258064516129,NA,2.88003655295055e-07,"MLM","NYC","Cotyledon_Color_RvsY",9.54366891523192,6.54060200021161,"Significant",-0.255199143288828
"Lcu.1GRN.Chr4p460176520",4,460176520,2.94403420220772e-10,0.474193548387097,-0.370403971109596,9.00250865903641e-06,"BLINK","Kansas","Cotyledon_Color_RvsY",9.53105714890526,5.04563645223161,"Significant",NA
"Lcu.1GRN.Chr4p460178601",4,460178601,2.94403420220772e-10,0.474193548387097,-0.370403971109596,9.00250865903641e-06,"BLINK","Kansas","Cotyledon_Color_RvsY",9.53105714890526,5.04563645223161,"Significant",NA
"Lcu.1GRN.Chr2p43564881",2,43564881,2.9943518604424e-10,0.174382716049383,NA,3.43108990611768e-07,"GLM","NYC","DTF_Nepal_2017",9.52369716789747,6.46456790181581,"Significant",8.70860999875515
"Lcu.1GRN.Chr4p496352567",4,496352567,2.99892805298557e-10,0.395061728395062,NA,3.43108990611768e-07,"GLM","NYC","DTF_Nepal_2017",9.52303395323553,6.46456790181581,"Significant",-4.98815178624838
"Lcu.1GRN.Chr2p44148896",2,44148896,3.01715099461641e-10,0.12962962962963,NA,3.43931121521791e-07,"GLM","NYC","DTF_Nepal_2017",9.5204029548274,6.46352852410921,"Significant",6.51843311353377
"Lcu.1GRN.Chr2p610338709",2,610338709,3.02656360375572e-10,0.262345679012346,NA,3.43931121521791e-07,"GLM","NYC","DTF_Nepal_2017",9.51905019488215,6.46352852410921,"Significant",-5.92447236713429
"Lcu.1GRN.Chr4p501141481",4,501141481,3.04455288185268e-10,0.484567901234568,NA,3.44810477848532e-07,"GLM","NYC","DTF_Nepal_2017",9.51647647813849,6.46241954562383,"Significant",4.96963136571358
"Lcu.1GRN.Chr4p262477894",4,262477894,3.06513313253341e-10,0.33179012345679,NA,3.45976388050626e-07,"GLM","NYC","DTF_Nepal_2017",9.51355065737103,6.46095353961542,"Significant",5.35510635543181
"Lcu.1GRN.Chr6p302784586",6,302784586,3.10746552317922e-10,0.155864197530864,NA,3.49581557068637e-07,"GLM","NYC","DTF_Nepal_2017",9.5075936810857,6.45645148757825,"Significant",8.28906720289115
"Lcu.1GRN.Chr4p262472519",4,262472519,3.12229515598569e-10,0.334876543209877,NA,3.5007901824448e-07,"GLM","NYC","DTF_Nepal_2017",9.50552604472109,6.45583391760888,"Significant",5.23035631974733
"Lcu.1GRN.Chr2p86072752",2,86072752,3.16963752086137e-10,0.450617283950617,NA,2.27294804588318e-06,"GLM","NYC","DTF_Sask_2017",9.49899040077619,5.64341049108722,"Significant",-1.51331214901322
"Lcu.1GRN.Chr2p50068726",2,50068726,3.17595240188572e-10,0.308641975308642,NA,2.27294804588318e-06,"GLM","NYC","DTF_Sask_2017",9.49812601498338,5.64341049108722,"Significant",1.73612473687538
"Lcu.1GRN.Chr5p457640023",5,457640023,3.25656877791245e-10,0.353395061728395,NA,3.63921019973448e-07,"GLM","NYC","DTF_Nepal_2017",9.48723974520296,6.43899285896492,"Significant",6.0183406109079
"Lcu.1GRN.Chr2p246702980",2,246702980,3.29011402292331e-10,0.277777777777778,NA,3.6645224620816e-07,"GLM","NYC","DTF_Nepal_2017",9.48278905078306,6.43598261190834,"Significant",6.75864139562145
"Lcu.1GRN.Chr5p1685033",5,1685033,3.39938712060636e-10,0.192901234567901,NA,3.77373481055116e-07,"GLM","NYC","DTF_Nepal_2017",9.46859937534932,6.42322862201975,"Significant",7.72987010016323
"Lcu.1GRN.Chr7p53514403",7,53514403,3.41520801740701e-10,0.0509259259259259,NA,3.77882656312876e-07,"GLM","NYC","DTF_Nepal_2017",9.4665828386704,6.42264304044728,"Significant",9.39324786848442
"Lcu.1GRN.Chr2p610942337",2,610942337,3.43481244717503e-10,0.270061728395062,NA,3.78805756858663e-07,"GLM","NYC","DTF_Nepal_2017",9.46409697196126,6.42158342947618,"Significant",-5.42274737637456
"Lcu.1GRN.Chr2p44470666",2,44470666,3.48637944712005e-10,0.121913580246914,NA,3.82633872962399e-07,"GLM","NYC","DTF_Nepal_2017",9.45762534734009,6.41721658634873,"Significant",7.14666555929762
"Lcu.1GRN.Chr5p1561603",5,1561603,3.49227477723607e-10,0.137345679012346,NA,3.82633872962399e-07,"GLM","NYC","DTF_Nepal_2017",9.45689159270342,6.41721658634873,"Significant",14.5576105694922
"Lcu.1GRN.Chr1p367669241",1,367669241,3.5203847498677e-10,0.417741935483871,NA,3.5347500213694e-07,"MLM","NYC","Cotyledon_Color_RvsY",9.45340986901816,6.45164129422313,"Significant",-0.200883053811908
"Lcu.1GRN.Chr4p496271322",4,496271322,3.52513432202235e-10,0.365740740740741,NA,3.84980148212887e-07,"GLM","NYC","DTF_Nepal_2017",9.45282432996289,6.41456166463145,"Significant",-4.841084570064
"Lcu.1GRN.Chr2p43391675",2,43391675,3.58628292539297e-10,0.177469135802469,NA,3.90390688920924e-07,"GLM","NYC","DTF_Nepal_2017",9.44535545150277,6.40850054909573,"Significant",6.72249574884881
"Lcu.1GRN.Chr1p357738654",1,357738654,3.64026107855701e-10,0.47258064516129,NA,3.6442371970565e-07,"MLM","NYC","Cotyledon_Color_RvsY",9.43886746774914,6.4383933633071,"Significant",-0.227682118989299
"Lcu.1GRN.Chr2p50175798",2,50175798,3.7065835097689e-10,0.279320987654321,NA,2.59744244881341e-06,"GLM","NYC","DTF_Sask_2017",9.4310262107255,5.58545406626921,"Significant",1.81673065098866
"Lcu.1GRN.Chr2p610338343",2,610338343,3.73504143373474e-10,0.246913580246914,NA,4.05272478045501e-07,"GLM","NYC","DTF_Nepal_2017",9.42770457608619,6.39225288808858,"Significant",-5.94585634769567
"Lcu.1GRN.Chr2p44470635",2,44470635,3.78804793676935e-10,0.132716049382716,NA,4.0970235380942e-07,"GLM","NYC","DTF_Nepal_2017",9.42158453374937,6.38753154094433,"Significant",6.49854552905686
"Lcu.1GRN.Chr2p43828462",2,43828462,3.82482137164492e-10,0.37037037037037,NA,4.12353746896181e-07,"GLM","NYC","DTF_Nepal_2017",9.41738884263335,6.38473005481992,"Significant",5.13602453518831
"Lcu.1GRN.Chr4p496227359",4,496227359,3.85512487128786e-10,0.365740740740741,NA,4.13957468026877e-07,"GLM","NYC","DTF_Nepal_2017",9.4139615501596,6.38304427808229,"Significant",-4.83095132140943
"Lcu.1GRN.Chr1p577052064",1,577052064,3.87194786378378e-10,0.0555555555555556,NA,4.13957468026877e-07,"GLM","NYC","DTF_Nepal_2017",9.41207049914863,6.38304427808229,"Significant",9.97527257213392
"Lcu.1GRN.Chr1p488887977",1,488887977,3.8766169817035e-10,0.0725308641975309,NA,4.13957468026877e-07,"GLM","NYC","DTF_Nepal_2017",9.41154710612456,6.38304427808229,"Significant",9.19298066301758
"Lcu.1GRN.Chr1p364489604",1,364489604,3.88422541846814e-10,0.138709677419355,NA,3.87692952918063e-07,"MLM","NYC","Cotyledon_Color_RvsY",9.41069557403796,6.41151209307743,"Significant",-0.271413584261378
"Lcu.1GRN.Chr7p53514006",7,53514006,3.92360130455913e-10,0.0524691358024691,NA,4.17095486818696e-07,"GLM","NYC","DTF_Nepal_2017",9.40631512973933,6.37976450941176,"Significant",9.30745504571701
"Lcu.1GRN.Chr1p488896637",1,488896637,3.93080383395299e-10,0.0709876543209876,NA,4.17095486818696e-07,"GLM","NYC","DTF_Nepal_2017",9.40551862902588,6.37976450941176,"Significant",9.33319276573593
"Lcu.1GRN.Chr1p367433126",1,367433126,3.94272142525099e-10,0.311290322580645,NA,3.92367271493314e-07,"MLM","NYC","Cotyledon_Color_RvsY",9.40420390711401,6.40630722555979,"Significant",-0.199648795388558
"Lcu.1GRN.Chr2p48482837",2,48482837,4.05289890854653e-10,0.203703703703704,NA,2.78216621871647e-06,"GLM","NYC","DTF_Sask_2017",9.39223422873004,5.55561692692668,"Significant",1.7697415690518
"Lcu.1GRN.Chr2p33811607",2,33811607,4.08642100580534e-10,0.0555555555555556,NA,4.30889396382359e-07,"GLM","NYC","DTF_Nepal_2017",9.38865689196711,6.36563419319242,"Significant",9.93321447166613
"Lcu.1GRN.Chr2p33918744",2,33918744,4.08642100580534e-10,0.0555555555555556,NA,4.30889396382359e-07,"GLM","NYC","DTF_Nepal_2017",9.38865689196711,6.36563419319242,"Significant",9.93321447166613
"Lcu.1GRN.Chr4p496446256",4,496446256,4.20988222659602e-10,0.359567901234568,NA,4.42520454660445e-07,"GLM","NYC","DTF_Nepal_2017",9.37573005358355,6.35406665007158,"Significant",-4.81681708637564
"Lcu.1GRN.Chr2p47823567",2,47823567,4.21432303140664e-10,0.205246913580247,NA,2.78293790905465e-06,"GLM","NYC","DTF_Sask_2017",9.37527217841455,5.55549648322965,"Significant",1.76914197501543
"Lcu.1GRN.Chr2p85173040",2,85173040,4.2264431703939e-10,0.469135802469136,NA,2.78293790905465e-06,"GLM","NYC","DTF_Sask_2017",9.37402496626014,5.55549648322965,"Significant",-1.5237664679107
"Lcu.1GRN.Chr4p262477628",4,262477628,4.29417357737558e-10,0.334876543209877,NA,4.49974543209063e-07,"GLM","NYC","DTF_Nepal_2017",9.36712040466623,6.34681205523923,"Significant",5.21190956137536
"Lcu.1GRN.Chr5p455352676",5,455352676,4.30222855603676e-10,0.37037037037037,NA,2.78293790905465e-06,"GLM","NYC","DTF_Sask_2017",9.36630652142673,5.55549648322965,"Significant",1.46082265671959
"Lcu.1GRN.Chr4p496390528",4,496390528,4.33070856631853e-10,0.364197530864197,NA,4.5190828630999e-07,"GLM","NYC","DTF_Nepal_2017",9.36344104099846,6.34494969525718,"Significant",-4.79791204462913
"Lcu.1GRN.Chr2p43812657",2,43812657,4.33949752734742e-10,0.256172839506173,NA,4.5190828630999e-07,"GLM","NYC","DTF_Nepal_2017",9.36256055475795,6.34494969525718,"Significant",5.34950784495288
"Lcu.1GRN.Chr2p43390936",2,43390936,4.37871553106403e-10,0.128086419753086,NA,4.54585002172042e-07,"GLM","NYC","DTF_Nepal_2017",9.35865326839594,6.34238489677068,"Significant",7.13533346578129
"Lcu.1GRN.Chr4p496227376",4,496227376,4.60797472377711e-10,0.364197530864197,NA,4.75613994959105e-07,"GLM","NYC","DTF_Nepal_2017",9.33648991182318,6.3227453747344,"Significant",-4.80392505525489
"Lcu.1GRN.Chr5p149726482",5,149726482,4.6095533258812e-10,0.277777777777778,NA,4.75613994959105e-07,"GLM","NYC","DTF_Nepal_2017",9.33634115649834,6.3227453747344,"Significant",5.75580759431762
"Lcu.1GRN.Chr2p610338244",2,610338244,4.66322780346143e-10,0.308641975308642,NA,4.7968071760456e-07,"GLM","NYC","DTF_Nepal_2017",9.33131336829637,6.31904773912479,"Significant",-5.76334822838061
"Lcu.1GRN.Chr1p368986944",1,368986944,4.7392693470025e-10,0.35,NA,4.70245962372623e-07,"MLM","NYC","Cotyledon_Color_RvsY",9.32428860833103,6.32767492470224,"Significant",-0.192667148268815
"Lcu.1GRN.Chr2p610534882",2,610534882,4.76888153762622e-10,0.259259259259259,NA,4.89053163465463e-07,"GLM","NYC","DTF_Nepal_2017",9.32158346561273,6.31064392749254,"Significant",-5.38840148957263
"Lcu.1GRN.Chr1p361408216",1,361408216,4.82179146048477e-10,0.211290322580645,NA,4.77026920055553e-07,"MLM","NYC","Cotyledon_Color_RvsY",9.31679157652165,6.32145711173203,"Significant",-0.223960589375065
"Lcu.1GRN.Chr5p2417207",5,2417207,4.82571698441228e-10,0.282407407407407,NA,4.92568006899775e-07,"GLM","NYC","DTF_Nepal_2017",9.31643815190759,6.30753379972004,"Significant",5.79678318483667
"Lcu.1GRN.Chr2p43564880",2,43564880,4.83244320271982e-10,0.183641975308642,NA,4.92568006899775e-07,"GLM","NYC","DTF_Nepal_2017",9.31583324167402,6.30753379972004,"Significant",8.42370153802312
"Lcu.1GRN.Chr5p1671695",5,1671695,4.93734703967175e-10,0.148148148148148,NA,5.01740366070473e-07,"GLM","NYC","DTF_Nepal_2017",9.30650634571596,6.29952095765981,"Significant",9.9105652193814
"Lcu.1GRN.Chr3p180417516",3,180417516,4.99336803526743e-10,0.123456790123457,NA,5.05904887324939e-07,"GLM","NYC","DTF_Nepal_2017",9.30160642317074,6.29593112504291,"Significant",8.48847169190799
"Lcu.1GRN.Chr2p186867676",2,186867676,5.02181153155995e-10,0.123456790123457,NA,5.07258762593461e-07,"GLM","NYC","DTF_Nepal_2017",9.29913959037647,6.29477044205091,"Significant",7.18064049263489
"Lcu.1GRN.Chr1p366366758",1,366366758,5.0809633230332e-10,0.374193548387097,NA,5.01053481251504e-07,"MLM","NYC","Cotyledon_Color_RvsY",9.29405394003593,6.30011591610323,"Significant",-0.195829543788403
"Lcu.1GRN.Chr1p359845465",1,359845465,5.09444418114781e-10,0.240322580645161,NA,5.01053481251504e-07,"MLM","NYC","Cotyledon_Color_RvsY",9.29290319187897,6.30011591610323,"Significant",-0.249408289915039
"Lcu.1GRN.Chr5p145435244",5,145435244,5.11410842658325e-10,0.314814814814815,NA,5.15035122492374e-07,"GLM","NYC","DTF_Nepal_2017",9.29123006853346,6.28816315351315,"Significant",5.51879594089274
"Lcu.1GRN.Chr2p561525709",2,561525709,5.2293663075089e-10,0.188271604938272,NA,5.20982747907278e-07,"GLM","NYC","DTF_Nepal_2017",9.2815509355737,6.28317665791492,"Significant",6.87854405250619
"Lcu.1GRN.Chr4p496273736",4,496273736,5.23512023452539e-10,0.362654320987654,NA,5.20982747907278e-07,"GLM","NYC","DTF_Nepal_2017",9.28107333946914,6.28317665791492,"Significant",-4.76841685320809
"Lcu.1GRN.Chr4p496274050",4,496274050,5.23512023452539e-10,0.362654320987654,NA,5.20982747907278e-07,"GLM","NYC","DTF_Nepal_2017",9.28107333946914,6.28317665791492,"Significant",-4.76841685320809
"Lcu.1GRN.Chr4p496286778",4,496286778,5.23512023452539e-10,0.362654320987654,NA,5.20982747907278e-07,"GLM","NYC","DTF_Nepal_2017",9.28107333946914,6.28317665791492,"Significant",-4.76841685320809
"Lcu.1GRN.Chr2p43391684",2,43391684,5.33175104212489e-10,0.186728395061728,NA,5.29033953624314e-07,"GLM","NYC","DTF_Nepal_2017",9.27313013749442,6.27651645386562,"Significant",6.63593482355441
"Lcu.1GRN.Chr2p49717761",2,49717761,5.36263160601357e-10,0.314814814814815,NA,3.40341944418862e-06,"GLM","NYC","DTF_Sask_2017",9.2706220365202,5.46808452428912,"Significant",1.68842066502013
"Lcu.1GRN.Chr3p344504326",3,344504326,5.37214558512341e-10,0.194444444444444,NA,5.31474262950355e-07,"GLM","NYC","DTF_Nepal_2017",9.26985222646516,6.27451776167554,"Significant",6.49595524641813
"Lcu.1GRN.Chr6p236151499",6,236151499,5.63461439133701e-10,0.101851851851852,NA,3.50981173883492e-06,"GLM","NYC","DTF_Sask_2017",9.24913579983877,5.45471617782987,"Significant",2.27395170349382
"Lcu.1GRN.Chr2p49588505",2,49588505,5.74488547620139e-10,0.297839506172839,NA,3.51343616904261e-06,"GLM","NYC","DTF_Sask_2017",9.2407186245126,5.45426793217497,"Significant",1.68514037346131
"Lcu.1GRN.Chr1p360343472",1,360343472,5.7500500434909e-10,0.187096774193548,NA,5.63885446932625e-07,"MLM","NYC","Cotyledon_Color_RvsY",9.24032837556822,6.24880911377911,"Significant",-0.213568651218796
"Lcu.1GRN.Chr4p262477539",4,262477539,5.79446404302927e-10,0.356481481481482,NA,5.71573749783468e-07,"GLM","NYC","DTF_Nepal_2017",9.23698672776238,6.24292772492301,"Significant",5.24768499959976
"Lcu.1GRN.Chr2p33916584",2,33916584,5.82471777718479e-10,0.0570987654320988,NA,5.72878024724654e-07,"GLM","NYC","DTF_Nepal_2017",9.23472511249604,6.2419378367203,"Significant",9.77963761644469
"Lcu.1GRN.Chr1p27007485",1,27007485,5.89052914823786e-10,0.0774193548387097,0.0880633171157976,3.96275923601065e-05,"FarmCPU","Kansas","Cotyledon_Color_RvsY",9.22984569063943,4.40200231314358,"Significant",NA
"Lcu.1GRN.Chr1p446418552",1,446418552,5.89458783109332e-10,0.273291925465838,0.913796340500401,4.95686206245342e-05,"FarmCPU","Kansas","DTF_Sask_2017_b",9.22954655680127,4.30479316629736,"Significant",NA
"Lcu.1GRN.Chr2p45087956",2,45087956,5.93228421000633e-10,0.270061728395062,NA,3.56325829083429e-06,"GLM","NYC","DTF_Sask_2017",9.2267780505161,5.44815269569042,"Significant",1.64973035349352
"Lcu.1GRN.Chr7p53874632",7,53874632,5.93442501135463e-10,0.0540123456790124,NA,5.81966395858403e-07,"GLM","NYC","DTF_Nepal_2017",9.22662135362479,6.23510209183569,"Significant",9.00795933079621
"Lcu.1GRN.Chr2p49846969",2,49846969,6.15254495598236e-10,0.182098765432099,NA,6.01602642211895e-07,"GLM","NYC","DTF_Nepal_2017",9.21094520427063,6.22069026501029,"Significant",6.00878865052073
"Lcu.1GRN.Chr7p647926344",7,647926344,6.21867493691352e-10,0.0570987654320988,NA,6.06306386233272e-07,"GLM","NYC","DTF_Nepal_2017",9.20630214406996,6.21730785731136,"Significant",9.61837040641035
"Lcu.1GRN.Chr2p49705454",2,49705454,6.29589625937637e-10,0.307098765432099,NA,3.71531883697834e-06,"GLM","NYC","DTF_Sask_2017",9.20094243667688,5.4300039105175,"Significant",1.69331025972616
"Lcu.1GRN.Chr4p501060912",4,501060912,6.30747597458424e-10,0.248456790123457,NA,6.10583187564273e-07,"GLM","NYC","DTF_Nepal_2017",9.20014439505143,6.21425515819096,"Significant",-5.99096808893466
"Lcu.1GRN.Chr1p368281241",1,368281241,6.30898570054221e-10,0.233870967741935,NA,6.16899591027408e-07,"MLM","NYC","Cotyledon_Color_RvsY",9.2000404569311,6.20978551767075,"Significant",-0.224063587318689
"Lcu.1GRN.Chr5p459487194",5,459487194,6.38301500943676e-10,0.143518518518518,NA,6.10583187564273e-07,"GLM","NYC","DTF_Nepal_2017",9.1949741343407,6.21425515819096,"Significant",-6.03171674607103
"Lcu.1GRN.Chr5p459352916",5,459352916,6.4047234317393e-10,0.205246913580247,NA,6.10583187564273e-07,"GLM","NYC","DTF_Nepal_2017",9.19349961918437,6.21425515819096,"Significant",-6.1461931104281
"Lcu.1GRN.Chr2p43311823",2,43311823,6.41278800649938e-10,0.172839506172839,NA,6.10583187564273e-07,"GLM","NYC","DTF_Nepal_2017",9.19295311672229,6.21425515819096,"Significant",5.99229024537971
"Lcu.1GRN.Chr3p403652511",3,403652511,6.4377927841469e-10,0.0524691358024691,NA,6.10583187564273e-07,"GLM","NYC","DTF_Nepal_2017",9.19126300623845,6.21425515819096,"Significant",10.4880604158509
"Lcu.1GRN.Chr3p404056365",3,404056365,6.4377927841469e-10,0.0524691358024691,NA,6.10583187564273e-07,"GLM","NYC","DTF_Nepal_2017",9.19126300623845,6.21425515819096,"Significant",10.4880604158509
"Lcu.1GRN.Chr3p404059861",3,404059861,6.4377927841469e-10,0.0524691358024691,NA,6.10583187564273e-07,"GLM","NYC","DTF_Nepal_2017",9.19126300623845,6.21425515819096,"Significant",10.4880604158509
"Lcu.1GRN.Chr3p404062442",3,404062442,6.4377927841469e-10,0.0524691358024691,NA,6.10583187564273e-07,"GLM","NYC","DTF_Nepal_2017",9.19126300623845,6.21425515819096,"Significant",10.4880604158509
"Lcu.1GRN.Chr3p404063421",3,404063421,6.4377927841469e-10,0.0524691358024691,NA,6.10583187564273e-07,"GLM","NYC","DTF_Nepal_2017",9.19126300623845,6.21425515819096,"Significant",10.4880604158509
"Lcu.1GRN.Chr5p10485956",5,10485956,6.46221581703559e-10,0.185185185185185,NA,6.10583187564273e-07,"GLM","NYC","DTF_Nepal_2017",9.18961854204995,6.21425515819096,"Significant",-6.99032000681382
"Lcu.1GRN.Chr5p10486728",5,10486728,6.46221581703559e-10,0.185185185185185,NA,6.10583187564273e-07,"GLM","NYC","DTF_Nepal_2017",9.18961854204995,6.21425515819096,"Significant",-6.99032000681382
"Lcu.1GRN.Chr2p44893700",2,44893700,6.56895107934578e-10,0.0524691358024691,NA,6.1598244350056e-07,"GLM","NYC","DTF_Nepal_2017",9.18250397242198,6.21043166575682,"Significant",9.83610327584211
"Lcu.1GRN.Chr2p44893750",2,44893750,6.56895107934578e-10,0.0524691358024691,NA,6.1598244350056e-07,"GLM","NYC","DTF_Nepal_2017",9.18250397242198,6.21043166575682,"Significant",9.83610327584211
"Lcu.1GRN.Chr3p422982471",3,422982471,6.57429822832505e-10,0.123456790123457,NA,6.1598244350056e-07,"GLM","NYC","DTF_Nepal_2017",9.18215059901037,6.21043166575682,"Significant",6.74934975337897
"Lcu.1GRN.Chr1p2896348",1,2896348,6.63119518486346e-10,0.0555555555555556,NA,6.1958756409638e-07,"GLM","NYC","DTF_Nepal_2017",9.17840818872777,6.20789730766319,"Significant",9.56323538440256
"Lcu.1GRN.Chr2p50175769",2,50175769,6.7269085819254e-10,0.279320987654321,NA,3.81769926214136e-06,"GLM","NYC","DTF_Sask_2017",9.17218447429953,5.41819828598339,"Significant",1.78695114694824
"Lcu.1GRN.Chr2p561528233",2,561528233,6.74030156841817e-10,0.192901234567901,NA,6.2803740101499e-07,"GLM","NYC","DTF_Nepal_2017",9.17132067222284,6.20201449229662,"Significant",6.77102060641528
"Lcu.1GRN.Chr2p86594419",2,86594419,6.80988193635171e-10,0.405864197530864,NA,3.81769926214136e-06,"GLM","NYC","DTF_Sask_2017",9.16686041743163,5.41819828598339,"Significant",1.49375368270297
"Lcu.1GRN.Chr2p86838253",2,86838253,6.80988193635171e-10,0.405864197530864,NA,3.81769926214136e-06,"GLM","NYC","DTF_Sask_2017",9.16686041743163,5.41819828598339,"Significant",1.49375368270297
"Lcu.1GRN.Chr1p363987377",1,363987377,6.82780712165859e-10,0.0935483870967742,NA,6.65695361765488e-07,"MLM","NYC","Cotyledon_Color_RvsY",9.16571875574455,6.17672446898595,"Significant",-0.25508507897841
"Lcu.1GRN.Chr5p135785193",5,135785193,6.85163320511057e-10,0.337962962962963,NA,6.36647322183267e-07,"GLM","NYC","DTF_Nepal_2017",9.16420589457697,6.19610108327826,"Significant",5.03707977960244
"Lcu.1GRN.Chr2p610338430",2,610338430,6.92612709577144e-10,0.279320987654321,NA,6.41796306562907e-07,"GLM","NYC","DTF_Nepal_2017",9.15950954332572,6.19260278652996,"Significant",-5.6958060282692
"Lcu.1GRN.Chr1p364634048",1,364634048,7.03512018434411e-10,0.490322580645161,NA,6.83356991838245e-07,"MLM","NYC","Cotyledon_Color_RvsY",9.1527284789042,6.16535235769278,"Significant",0.231373019274322
"Lcu.1GRN.Chr1p366876317",1,366876317,7.04958798478659e-10,0.351612903225806,NA,6.83356991838245e-07,"MLM","NYC","Cotyledon_Color_RvsY",9.15183626473378,6.16535235769278,"Significant",-0.184890492748897
"Lcu.1GRN.Chr1p368732520",1,368732520,7.16869421594409e-10,0.390322580645161,NA,6.92905795211054e-07,"MLM","NYC","Cotyledon_Color_RvsY",9.14455994425623,6.15932580637094,"Significant",-0.191254500501202
"Lcu.1GRN.Chr2p561527709",2,561527709,7.17120030157026e-10,0.183641975308642,NA,3.89057279328755e-06,"GLM","NYC","DTF_Sask_2017",9.14440814688166,5.40998645454804,"Significant",2.20525127933422
"Lcu.1GRN.Chr2p561719111",2,561719111,7.17120030157026e-10,0.183641975308642,NA,3.89057279328755e-06,"GLM","NYC","DTF_Sask_2017",9.14440814688166,5.40998645454804,"Significant",2.20525127933422
"Lcu.1GRN.Chr1p361411859",1,361411859,7.21197097695938e-10,0.187096774193548,NA,6.95091415933208e-07,"MLM","NYC","Cotyledon_Color_RvsY",9.14194602967173,6.15795807479904,"Significant",-0.232038389817934
"Lcu.1GRN.Chr3p347894032",3,347894032,7.24373144560544e-10,0.334876543209877,NA,6.69382476693397e-07,"GLM","NYC","DTF_Nepal_2017",9.14003765911083,6.17432566092801,"Significant",6.11714054406337
"Lcu.1GRN.Chr2p249259118",2,249259118,7.31428929294979e-10,0.354938271604938,NA,6.74050834685382e-07,"GLM","NYC","DTF_Nepal_2017",9.13582786655101,6.17130734917561,"Significant",5.97442962809509
"Lcu.1GRN.Chr3p402627412",3,402627412,7.34373192740233e-10,0.146604938271605,NA,6.74915048422006e-07,"GLM","NYC","DTF_Nepal_2017",9.13408318482626,6.1707508883888,"Significant",6.3978194002076
"Lcu.1GRN.Chr1p509094844",1,509094844,7.37986293451102e-10,0.154320987654321,NA,6.76387562859038e-07,"GLM","NYC","DTF_Nepal_2017",9.13195170421196,6.16980438663218,"Significant",7.06845632323325
"Lcu.1GRN.Chr1p367999263",1,367999263,7.42653644293294e-10,0.391935483870968,NA,7.13726223914293e-07,"MLM","NYC","Cotyledon_Color_RvsY",9.12921368347086,6.14646834598926,"Significant",-0.188876582440086
"Lcu.1GRN.Chr4p496274310",4,496274310,7.51227357223364e-10,0.354938271604938,NA,6.86652425182476e-07,"GLM","NYC","DTF_Nepal_2017",9.12422860488091,6.16326304172255,"Significant",-4.76272027703436
"Lcu.1GRN.Chr1p364467498",1,364467498,7.53846411360357e-10,0.103225806451613,NA,7.22418962535752e-07,"MLM","NYC","Cotyledon_Color_RvsY",9.12271712825917,6.14121086289312,"Significant",-0.247901720147015
"Lcu.1GRN.Chr7p53515139",7,53515139,7.54106706022893e-10,0.0555555555555556,NA,6.87416288305697e-07,"GLM","NYC","DTF_Nepal_2017",9.12256719715663,6.16278018148382,"Significant",9.02370727233006
"Lcu.1GRN.Chr1p365201690",1,365201690,7.66578878389688e-10,0.293548387096774,NA,7.32533629509387e-07,"MLM","NYC","Cotyledon_Color_RvsY",9.11544315106807,6.13517243271433,"Significant",-0.204337600583429
"Lcu.1GRN.Chr3p387939150",3,387939150,7.72064836957723e-10,0.058641975308642,NA,7.01884143278266e-07,"GLM","NYC","DTF_Nepal_2017",9.11234622667128,6.1537345689064,"Significant",8.82080809909462
"Lcu.1GRN.Chr2p10506289",2,10506289,7.78536656620176e-10,0.0679012345679012,NA,7.05859944952449e-07,"GLM","NYC","DTF_Nepal_2017",9.10872093429293,6.15128146207611,"Significant",8.82122153972159
"Lcu.1GRN.Chr2p45090301",2,45090301,7.83033394559127e-10,0.344135802469136,NA,4.18073958456619e-06,"GLM","NYC","DTF_Sask_2017",9.10621971589418,5.37874688351588,"Significant",1.61293131003286
"Lcu.1GRN.Chr2p14060760",2,14060760,7.8929890421261e-10,0.058641975308642,NA,7.13693829336782e-07,"GLM","NYC","DTF_Nepal_2017",9.10275850012729,6.14648805817732,"Significant",9.08828526543198
"Lcu.1GRN.Chr1p364674911",1,364674911,7.95611395142306e-10,0.453225806451613,NA,7.58122997591592e-07,"MLM","NYC","Cotyledon_Color_RvsY",9.09929900532138,6.12026032887733,"Significant",-0.262328645944741
"Lcu.1GRN.Chr2p49588447",2,49588447,7.96147293882034e-10,0.299382716049383,NA,4.18433870001904e-06,"GLM","NYC","DTF_Sask_2017",9.09900657673164,5.37837316888365,"Significant",1.69995075541284
"Lcu.1GRN.Chr4p496369074",4,496369074,7.98970721292964e-10,0.365740740740741,NA,7.20190746670156e-07,"GLM","NYC","DTF_Nepal_2017",9.09746913534669,6.14255246293683,"Significant",-4.68909125633959
"Lcu.1GRN.Chr7p52435296",7,52435296,8.00766244175672e-10,0.104938271604938,NA,7.20190746670156e-07,"GLM","NYC","DTF_Nepal_2017",9.09649424256823,6.14255246293683,"Significant",7.27022870218104
"Lcu.1GRN.Chr1p560430673",1,560430673,8.06073622593565e-10,0.441358024691358,NA,7.22981631035956e-07,"GLM","NYC","DTF_Nepal_2017",9.09362529017268,6.14087273678716,"Significant",4.62977215413395
"Lcu.1GRN.Chr3p26210470",3,26210470,8.08168141552291e-10,0.118827160493827,NA,7.22981631035956e-07,"GLM","NYC","DTF_Nepal_2017",9.09249827369138,6.14087273678716,"Significant",7.26787749468031
"Lcu.1GRN.Chr1p363532614",1,363532614,8.0836531114538e-10,0.133870967741936,NA,7.68100041282593e-07,"MLM","NYC","Cotyledon_Color_RvsY",9.09239233135339,6.11458221154731,"Significant",-0.278686453342139
"Lcu.1GRN.Chr3p345193745",3,345193745,8.1172817832877e-10,0.175925925925926,2.69938938938432,7.6323453023414e-05,"FarmCPU","Kansas","DTF_Nepal_2017",9.09058937767429,4.11734198952132,"Significant",NA
"Lcu.1GRN.Chr4p501033219",4,501033219,8.21676350273992e-10,0.351851851851852,NA,7.33116204012233e-07,"GLM","NYC","DTF_Nepal_2017",9.08529921283569,6.13482718120961,"Significant",4.72717763629564
"Lcu.1GRN.Chr6p435707609",6,435707609,8.33461557534704e-10,0.149691358024691,NA,7.39707028293604e-07,"GLM","NYC","DTF_Nepal_2017",9.07911442671248,6.13094025484868,"Significant",9.10957921295358
"Lcu.1GRN.Chr6p435707741",6,435707741,8.33461557534704e-10,0.149691358024691,NA,7.39707028293604e-07,"GLM","NYC","DTF_Nepal_2017",9.07911442671248,6.13094025484868,"Significant",9.10957921295358
"Lcu.1GRN.Chr2p45082280",2,45082280,8.34082813072871e-10,0.151234567901235,NA,4.25445179705049e-06,"GLM","NYC","DTF_Sask_2017",9.07879082768949,5.37115639253689,"Significant",2.08268262780152
"Lcu.1GRN.Chr2p44558948",2,44558948,8.35726723523456e-10,0.0709876543209876,NA,4.25445179705049e-06,"GLM","NYC","DTF_Sask_2017",9.07793571044116,5.37115639253689,"Significant",2.71670255288086
"Lcu.1GRN.Chr5p10383325",5,10383325,8.39503598425121e-10,0.233024691358025,NA,7.43108702345954e-07,"GLM","NYC","DTF_Nepal_2017",9.07597743797403,6.12894765275896,"Significant",-6.64402569117624
"Lcu.1GRN.Chr2p50729563",2,50729563,8.47432329575681e-10,0.274691358024691,NA,4.25445179705049e-06,"GLM","NYC","DTF_Sask_2017",9.07189497166794,5.37115639253689,"Significant",1.78062741222064
"Lcu.1GRN.Chr1p27007485",1,27007485,8.47771699245801e-10,0.0774193548387097,0.0626709043783506,2.3763535263351e-05,"BLINK","Kansas","Cotyledon_Color_RvsY",9.07172108536927,4.62408894958502,"Significant",NA
"Lcu.1GRN.Chr2p10224879",2,10224879,8.61462408090231e-10,0.214506172839506,NA,7.51144746534451e-07,"GLM","NYC","DTF_Nepal_2017",9.06476366924925,6.12427636584011,"Significant",5.91654768421114
"Lcu.1GRN.Chr1p364676080",1,364676080,8.61979021765534e-10,0.453225806451613,NA,8.16736049617485e-07,"MLM","NYC","Cotyledon_Color_RvsY",9.06450330359795,6.08791827482117,"Significant",-0.267976578290977
"Lcu.1GRN.Chr4p500406326",4,500406326,8.64046325354666e-10,0.498456790123457,NA,7.51144746534451e-07,"GLM","NYC","DTF_Nepal_2017",9.06346297244407,6.12427636584011,"Significant",-4.81863841582418
"Lcu.1GRN.Chr7p52451254",7,52451254,8.66577356371027e-10,0.115740740740741,NA,7.51144746534451e-07,"GLM","NYC","DTF_Nepal_2017",9.06219266324948,6.12427636584011,"Significant",7.11224316337325
"Lcu.1GRN.Chr1p364579838",1,364579838,8.68018815141458e-10,0.487096774193548,NA,8.20148552788446e-07,"MLM","NYC","Cotyledon_Color_RvsY",9.06147086097149,6.08610747711249,"Significant",0.206304640851821
"Lcu.1GRN.Chr2p320068851",2,320068851,8.6868006196179e-10,0.0540123456790124,NA,7.51144746534451e-07,"GLM","NYC","DTF_Nepal_2017",9.06114014634628,6.12427636584011,"Significant",10.1409804743464
"Lcu.1GRN.Chr2p320390608",2,320390608,8.6868006196179e-10,0.0540123456790124,NA,7.51144746534451e-07,"GLM","NYC","DTF_Nepal_2017",9.06114014634628,6.12427636584011,"Significant",10.1409804743464
"Lcu.1GRN.Chr2p320874628",2,320874628,8.6868006196179e-10,0.0540123456790124,NA,7.51144746534451e-07,"GLM","NYC","DTF_Nepal_2017",9.06114014634628,6.12427636584011,"Significant",10.1409804743464
"Lcu.1GRN.Chr2p322705411",2,322705411,8.6868006196179e-10,0.0540123456790124,NA,7.51144746534451e-07,"GLM","NYC","DTF_Nepal_2017",9.06114014634628,6.12427636584011,"Significant",10.1409804743464
"Lcu.1GRN.Chr2p322706347",2,322706347,8.6868006196179e-10,0.0540123456790124,NA,7.51144746534451e-07,"GLM","NYC","DTF_Nepal_2017",9.06114014634628,6.12427636584011,"Significant",10.1409804743464
"Lcu.1GRN.Chr2p322712658",2,322712658,8.6868006196179e-10,0.0540123456790124,NA,7.51144746534451e-07,"GLM","NYC","DTF_Nepal_2017",9.06114014634628,6.12427636584011,"Significant",10.1409804743464
"Lcu.1GRN.Chr1p449461868",1,449461868,8.75423962973601e-10,0.371913580246914,NA,7.5354520445342e-07,"GLM","NYC","DTF_Nepal_2017",9.05778156962059,6.12289068965882,"Significant",5.48814974591329
"Lcu.1GRN.Chr3p179963109",3,179963109,8.75936625594327e-10,0.0771604938271605,NA,7.5354520445342e-07,"GLM","NYC","DTF_Nepal_2017",9.05752731409483,6.12289068965882,"Significant",8.57655697327277
"Lcu.1GRN.Chr2p48689718",2,48689718,8.80009188956645e-10,0.12962962962963,NA,7.55117476688214e-07,"GLM","NYC","DTF_Nepal_2017",9.05551279297218,6.12198547816077,"Significant",8.47204478457434
"Lcu.1GRN.Chr2p50743817",2,50743817,8.83911526981946e-10,0.282407407407407,NA,4.37233336171083e-06,"GLM","NYC","DTF_Sask_2017",9.05359120248288,5.35928673335724,"Significant",1.75490467241147
"Lcu.1GRN.Chr2p322071855",2,322071855,8.88845034364564e-10,0.0555555555555556,NA,7.60758620035891e-07,"GLM","NYC","DTF_Nepal_2017",9.05117394947611,6.11875311801966,"Significant",10.1373167325662
"Lcu.1GRN.Chr3p24382069",3,24382069,8.91193663961545e-10,0.095679012345679,NA,7.60832840522215e-07,"GLM","NYC","DTF_Nepal_2017",9.05002790982331,6.11871074981701,"Significant",8.46848792728088
"Lcu.1GRN.Chr7p33922006",7,33922006,9.07621175958569e-10,0.433641975308642,2.2636886294978,7.6323453023414e-05,"FarmCPU","Kansas","DTF_Nepal_2017",9.04209538002523,4.11734198952132,"Significant",NA
"Lcu.1GRN.Chr2p51056034",2,51056034,9.1327877686982e-10,0.280864197530864,NA,4.40305718372659e-06,"GLM","NYC","DTF_Sask_2017",9.03939663454022,5.35624567420079,"Significant",1.71703326728013
"Lcu.1GRN.Chr6p431595092",6,431595092,9.1368695071092e-10,0.0916149068322981,-1.35651857831872,6.1466827709956e-05,"FarmCPU","Kansas","DTF_Sask_2017_b",9.03920257764346,4.2113592001476,"Significant",NA
"Lcu.1GRN.Chr2p46308493",2,46308493,9.16302737369782e-10,0.432098765432099,NA,4.40305718372659e-06,"GLM","NYC","DTF_Sask_2017",9.0379610160184,5.35624567420079,"Significant",1.684292216747
"Lcu.1GRN.Chr1p364578767",1,364578767,9.26323806680392e-10,0.47258064516129,NA,8.72786442245556e-07,"MLM","NYC","Cotyledon_Color_RvsY",9.03323717436267,6.05909200864299,"Significant",-0.260352731616669
"Lcu.1GRN.Chr7p645843894",7,645843894,9.26759798817877e-10,0.0509259259259259,NA,7.89193451263222e-07,"GLM","NYC","DTF_Nepal_2017",9.03303281339116,6.10281652718574,"Significant",10.0312469022474
"Lcu.1GRN.Chr2p14111019",2,14111019,9.32270755933076e-10,0.0617283950617284,NA,7.91881609497326e-07,"GLM","NYC","DTF_Nepal_2017",9.0304579387933,6.10133974288694,"Significant",8.99397864742832
"Lcu.1GRN.Chr2p561723045",2,561723045,9.45844444950325e-10,0.189814814814815,NA,8.01387552681627e-07,"GLM","NYC","DTF_Nepal_2017",9.02418028247204,6.09615740740328,"Significant",6.818110572249
"Lcu.1GRN.Chr5p131521835",5,131521835,9.53998068288672e-10,0.492283950617284,NA,8.05671867859252e-07,"GLM","NYC","DTF_Nepal_2017",9.02045250467999,6.09384180061907,"Significant",-5.07585706711592
"Lcu.1GRN.Chr2p44214117",2,44214117,9.55691477689077e-10,0.179012345679012,NA,8.05671867859252e-07,"GLM","NYC","DTF_Nepal_2017",9.01968228676419,6.09384180061907,"Significant",6.99185738863071
"Lcu.1GRN.Chr1p371694995",1,371694995,9.57915157443727e-10,0.195161290322581,NA,9.00030859675626e-07,"MLM","NYC","Cotyledon_Color_RvsY",9.01867295468526,6.04574259949726,"Significant",-0.230241138565979
"Lcu.1GRN.Chr1p498741727",1,498741727,9.62208930367546e-10,0.0951612903225807,NA,9.0154688379092e-07,"MLM","NYC","Cotyledon_Color_RvsY",9.01673061667961,6.04501168342606,"Significant",-0.425490493483262
"Lcu.1GRN.Chr3p402621903",3,402621903,9.62694807796665e-10,0.112654320987654,NA,8.07528090808331e-07,"GLM","NYC","DTF_Nepal_2017",9.0165113705047,6.09284236129301,"Significant",6.48213785388407
"Lcu.1GRN.Chr3p402621908",3,402621908,9.62694807796665e-10,0.112654320987654,NA,8.07528090808331e-07,"GLM","NYC","DTF_Nepal_2017",9.0165113705047,6.09284236129301,"Significant",6.48213785388407
"Lcu.1GRN.Chr3p344504402",3,344504402,9.68619533601274e-10,0.195987654320988,NA,8.10476732982239e-07,"GLM","NYC","DTF_Nepal_2017",9.01384677703044,6.09125944828304,"Significant",6.50093937704889
"Lcu.1GRN.Chr1p447375583",1,447375583,9.89431139053696e-10,0.325617283950617,NA,8.25836188461724e-07,"GLM","NYC","DTF_Nepal_2017",9.00461442578265,6.08310609009188,"Significant",6.06462265713185
"Lcu.1GRN.Chr3p404058005",3,404058005,9.97796390106768e-10,0.0540123456790124,NA,8.30530717559895e-07,"GLM","NYC","DTF_Nepal_2017",9.00095807161306,6.08064430033474,"Significant",10.2552788962582
"Lcu.1GRN.Chr4p500399212",4,500399212,9.99993877555639e-10,0.483024691358025,NA,8.30530717559895e-07,"GLM","NYC","DTF_Nepal_2017",9.00000265895194,6.08064430033474,"Significant",-4.94491352431766
"Lcu.1GRN.Chr6p416393814",6,416393814,1.01403404425439e-09,0.114197530864197,NA,8.36772020851501e-07,"GLM","NYC","DTF_Nepal_2017",8.99394746415098,6.07739284973989,"Significant",8.59567760769232
"Lcu.1GRN.Chr1p367807789",1,367807789,1.01409242687158e-09,0.391935483870968,NA,9.47520075970867e-07,"MLM","NYC","Cotyledon_Color_RvsY",8.99392246053424,6.02341157946965,"Significant",-0.235236733230227
"Lcu.1GRN.Chr2p322517192",2,322517192,1.01440761568986e-09,0.0570987654320988,NA,8.36772020851501e-07,"GLM","NYC","DTF_Nepal_2017",8.99378749897371,6.07739284973989,"Significant",10.0017707104175
"Lcu.1GRN.Chr2p44894251",2,44894251,1.01497169611589e-09,0.0601851851851852,NA,8.36772020851501e-07,"GLM","NYC","DTF_Nepal_2017",8.99354606848188,6.07739284973989,"Significant",9.36993299333153
"Lcu.1GRN.Chr3p343756428",3,343756428,1.01968156802262e-09,0.205246913580247,NA,8.38599584330232e-07,"GLM","NYC","DTF_Nepal_2017",8.99153543102425,6.07644535719972,"Significant",7.19023872209357
"Lcu.1GRN.Chr2p43391667",2,43391667,1.02247623285645e-09,0.182098765432099,NA,8.38846982968845e-07,"GLM","NYC","DTF_Nepal_2017",8.9903467782441,6.07631725313196,"Significant",6.47317872847805
"Lcu.1GRN.Chr5p145348497",5,145348497,1.03263322662451e-09,0.297839506172839,NA,8.45118590121672e-07,"GLM","NYC","DTF_Nepal_2017",8.98605390494489,6.07308234498908,"Significant",5.37283373069357
"Lcu.1GRN.Chr2p47984501",2,47984501,1.04220020543463e-09,0.328703703703704,NA,4.90906772417078e-06,"GLM","NYC","DTF_Sask_2017",8.98204884556274,5.30900097644957,"Significant",1.86333721387712
"Lcu.1GRN.Chr2p86496161",2,86496161,1.05079534003126e-09,0.486111111111111,NA,4.90906772417078e-06,"GLM","NYC","DTF_Sask_2017",8.97848186185018,5.30900097644957,"Significant",-1.50341032463899
"Lcu.1GRN.Chr3p27430606",3,27430606,1.06696783303597e-09,0.103395061728395,NA,8.71098954113615e-07,"GLM","NYC","DTF_Nepal_2017",8.97184867349545,6.05993250769671,"Significant",7.40015990972745
"Lcu.1GRN.Chr3p417642561",3,417642561,1.09261712459616e-09,0.339506172839506,NA,8.89879768399603e-07,"GLM","NYC","DTF_Nepal_2017",8.96153199706751,6.05066866689204,"Significant",4.90210472112466
"Lcu.1GRN.Chr2p86594355",2,86594355,1.09734861063723e-09,0.407407407407407,NA,4.98799810965152e-06,"GLM","NYC","DTF_Sask_2017",8.95965538188302,5.30207371978212,"Significant",1.47654777895569
"Lcu.1GRN.Chr2p86836140",2,86836140,1.09734861063723e-09,0.407407407407407,NA,4.98799810965152e-06,"GLM","NYC","DTF_Sask_2017",8.95965538188302,5.30207371978212,"Significant",1.47654777895569
"Lcu.1GRN.Chr2p44894573",2,44894573,1.10279782524385e-09,0.0540123456790124,NA,8.96001922907723e-07,"GLM","NYC","DTF_Nepal_2017",8.95750409900943,6.04769105829846,"Significant",9.45499585281982
"Lcu.1GRN.Chr3p402533385",3,402533385,1.10654673528732e-09,0.112654320987654,NA,8.96881459538292e-07,"GLM","NYC","DTF_Nepal_2017",8.95603023880969,6.0472649536899,"Significant",6.46036371962714
"Lcu.1GRN.Chr1p367891938",1,367891938,1.11199997754451e-09,0.406451612903226,NA,1.03612215082192e-06,"MLM","NYC","Cotyledon_Color_RvsY",8.95389522152401,5.9845890415978,"Significant",-0.179043686210291
"Lcu.1GRN.Chr4p501049232",4,501049232,1.11263120052213e-09,0.300925925925926,NA,8.99645238043337e-07,"GLM","NYC","DTF_Nepal_2017",8.95364876569251,6.04592871448738,"Significant",-5.6406171726573
"Lcu.1GRN.Chr1p363516742",1,363516742,1.12037982090999e-09,0.111290322580645,NA,1.04104640668517e-06,"MLM","NYC","Cotyledon_Color_RvsY",8.95063472182844,5.98252991052973,"Significant",-0.337166007710361
"Lcu.1GRN.Chr3p433424796",3,433424796,1.12940646844085e-09,0.478395061728395,NA,0.000126631688523348,"FarmCPU","NYC","DTF_Sask_2017",8.94714972926062,3.89745760214841,"Significant",-0.439227551511124
"Lcu.1GRN.Chr2p45338401",2,45338401,1.1323965652461e-09,0.263888888888889,NA,5.0281726087857e-06,"GLM","NYC","DTF_Sask_2017",8.94600145659493,5.29858982212441,"Significant",1.6604021960477
"Lcu.1GRN.Chr2p50173631",2,50173631,1.13608385563302e-09,0.270061728395062,NA,5.0281726087857e-06,"GLM","NYC","DTF_Sask_2017",8.9445896116755,5.29858982212441,"Significant",1.74344468539243
"Lcu.1GRN.Chr5p131724286",5,131724286,1.13684350988251e-09,0.466049382716049,NA,9.16284042458197e-07,"GLM","NYC","DTF_Nepal_2017",8.94429931321194,6.03796987682328,"Significant",-5.00163629719361
"Lcu.1GRN.Chr3p387938510",3,387938510,1.13865726943346e-09,0.0555555555555556,NA,9.16284042458197e-07,"GLM","NYC","DTF_Nepal_2017",8.94360697688013,6.03796987682328,"Significant",8.81869789561847
"Lcu.1GRN.Chr6p394293308",6,394293308,1.15451608841047e-09,0.104938271604938,NA,9.26828432244307e-07,"GLM","NYC","DTF_Nepal_2017",8.93760001072497,6.03300065185939,"Significant",9.56843968263911
"Lcu.1GRN.Chr2p44148868",2,44148868,1.1606384304716e-09,0.141975308641975,NA,9.29524921291529e-07,"GLM","NYC","DTF_Nepal_2017",8.93530305339459,6.03173896196061,"Significant",6.23314193068313
"Lcu.1GRN.Chr2p248928606",2,248928606,1.16535617540886e-09,0.25462962962963,NA,9.31086367348578e-07,"GLM","NYC","DTF_Nepal_2017",8.93354131809414,6.03101003209793,"Significant",6.95187482132894
"Lcu.1GRN.Chr6p435432667",6,435432667,1.17003643958292e-09,0.145061728395062,NA,9.32610538088127e-07,"GLM","NYC","DTF_Nepal_2017",8.93180061238773,6.03029968151753,"Significant",8.77442615671453
"Lcu.1GRN.Chr2p51760724",2,51760724,1.18944690728352e-09,0.259259259259259,NA,5.19598295924981e-06,"GLM","NYC","DTF_Sask_2017",8.92465493856862,5.28433228190923,"Significant",1.74531215536933
"Lcu.1GRN.Chr2p630436544",2,630436544,1.19106681836583e-09,0.0941358024691358,NA,9.47129012986428e-07,"GLM","NYC","DTF_Nepal_2017",8.92406387408936,6.02359085963253,"Significant",7.78119012819616
"Lcu.1GRN.Chr3p344509496",3,344509496,1.19802765975896e-09,0.179012345679012,NA,9.48836697552407e-07,"GLM","NYC","DTF_Nepal_2017",8.92153315495003,6.02280852672401,"Significant",6.40710673033232
"Lcu.1GRN.Chr5p2233348",5,2233348,1.20686629658233e-09,0.208333333333333,NA,9.48836697552407e-07,"GLM","NYC","DTF_Nepal_2017",8.91834084081637,6.02280852672401,"Significant",7.7344442306262
"Lcu.1GRN.Chr5p2233525",5,2233525,1.20686629658233e-09,0.208333333333333,NA,9.48836697552407e-07,"GLM","NYC","DTF_Nepal_2017",8.91834084081637,6.02280852672401,"Significant",7.7344442306262
"Lcu.1GRN.Chr5p2235030",5,2235030,1.20686629658233e-09,0.208333333333333,NA,9.48836697552407e-07,"GLM","NYC","DTF_Nepal_2017",8.91834084081637,6.02280852672401,"Significant",7.7344442306262
"Lcu.1GRN.Chr5p432973415",5,432973415,1.21013935151184e-09,0.0509259259259259,NA,9.48836697552407e-07,"GLM","NYC","DTF_Nepal_2017",8.91716461637116,6.02280852672401,"Significant",9.67512688511442
"Lcu.1GRN.Chr5p432973837",5,432973837,1.21013935151184e-09,0.0509259259259259,NA,9.48836697552407e-07,"GLM","NYC","DTF_Nepal_2017",8.91716461637116,6.02280852672401,"Significant",9.67512688511442
"Lcu.1GRN.Chr3p26210720",3,26210720,1.21864285940847e-09,0.121913580246914,NA,9.53281959745695e-07,"GLM","NYC","DTF_Nepal_2017",8.914123551899,6.02077862564671,"Significant",7.0470789806858
"Lcu.1GRN.Chr2p50746725",2,50746725,1.22982809670521e-09,0.290123456790123,NA,5.21138387507691e-06,"GLM","NYC","DTF_Sask_2017",8.91015558926775,5.28304693514502,"Significant",1.67568727449208
"Lcu.1GRN.Chr7p633922459",7,633922459,1.23450869528663e-09,0.342592592592593,NA,9.63452404425706e-07,"GLM","NYC","DTF_Nepal_2017",8.90850584675943,6.01616973508828,"Significant",-7.42446783620085
"Lcu.1GRN.Chr2p86594632",2,86594632,1.24172074815054e-09,0.412037037037037,NA,5.21138387507691e-06,"GLM","NYC","DTF_Sask_2017",8.90597606210902,5.28304693514502,"Significant",1.47477038327804
"Lcu.1GRN.Chr4p496227314",4,496227314,1.24328803297146e-09,0.364197530864197,NA,9.68058022653964e-07,"GLM","NYC","DTF_Nepal_2017",8.90542824654819,6.01409861153122,"Significant",-4.812440088107
"Lcu.1GRN.Chr2p320598012",2,320598012,1.25229632950428e-09,0.0555555555555556,NA,9.72820229714473e-07,"GLM","NYC","DTF_Nepal_2017",8.9022928923389,6.01196740686039,"Significant",9.97316641448583
"Lcu.1GRN.Chr2p86592972",2,86592972,1.25381045353996e-09,0.408950617283951,NA,5.21138387507691e-06,"GLM","NYC","DTF_Sask_2017",8.90176811358799,5.28304693514502,"Significant",1.47197270010618
"Lcu.1GRN.Chr2p86074722",2,86074722,1.25494502695339e-09,0.345679012345679,NA,5.21138387507691e-06,"GLM","NYC","DTF_Sask_2017",8.90137529809824,5.28304693514502,"Significant",1.5971371451446
"Lcu.1GRN.Chr2p10522008",2,10522008,1.25853371464309e-09,0.0725308641975309,NA,9.74523303118213e-07,"GLM","NYC","DTF_Nepal_2017",8.90013514571965,6.01120777143128,"Significant",8.81492294250984
"Lcu.1GRN.Chr1p368743868",1,368743868,1.25873634965373e-09,0.385483870967742,NA,1.16333202791988e-06,"MLM","NYC","Cotyledon_Color_RvsY",8.90006522611237,5.93429631509645,"Significant",-0.186084945011034
"Lcu.1GRN.Chr1p368966032",1,368966032,1.25890131363314e-09,0.390322580645161,NA,1.16333202791988e-06,"MLM","NYC","Cotyledon_Color_RvsY",8.90000831327927,5.93429631509645,"Significant",-0.187681195512014
"Lcu.1GRN.Chr5p136001230",5,136001230,1.26028307430997e-09,0.339506172839506,NA,9.74523303118213e-07,"GLM","NYC","DTF_Nepal_2017",8.89953189630852,6.01120777143128,"Significant",4.87833306280967
"Lcu.1GRN.Chr6p394397622",6,394397622,1.28253821472399e-09,0.273148148148148,NA,9.89457641449688e-07,"GLM","NYC","DTF_Nepal_2017",8.89192968571205,6.00460279314877,"Significant",5.98122653089922
"Lcu.1GRN.Chr5p459568083",5,459568083,1.28637490607086e-09,0.111111111111111,NA,9.90146608765073e-07,"GLM","NYC","DTF_Nepal_2017",8.89063244050269,6.00430049564124,"Significant",-6.93429566766838
"Lcu.1GRN.Chr2p14539274",2,14539274,1.29097230289396e-09,0.0570987654320988,NA,9.91416622391629e-07,"GLM","NYC","DTF_Nepal_2017",8.88908307518467,6.00374380385689,"Significant",9.24573733168381
"Lcu.1GRN.Chr2p33029011",2,33029011,1.31709175109685e-09,0.0679012345679012,NA,1.00833022526106e-06,"GLM","NYC","DTF_Nepal_2017",8.88038397021124,5.99639721439635,"Significant",9.11362843479174
"Lcu.1GRN.Chr2p183250275",2,183250275,1.31899175339693e-09,0.214506172839506,NA,1.00833022526106e-06,"GLM","NYC","DTF_Nepal_2017",8.87975791974204,5.99639721439635,"Significant",7.00247888030447
"Lcu.1GRN.Chr3p389315999",3,389315999,1.32010843704958e-09,0.095679012345679,NA,5.41513310542752e-06,"GLM","NYC","DTF_Sask_2017",8.8793903932805,5.26639086383234,"Significant",2.30116669329738
"Lcu.1GRN.Chr2p49705499",2,49705499,1.33830668351347e-09,0.319444444444444,NA,5.42364101461898e-06,"GLM","NYC","DTF_Sask_2017",8.87344435316345,5.26570906370765,"Significant",1.70329110017039
"Lcu.1GRN.Chr2p572786242",2,572786242,1.34296685202684e-09,0.16358024691358,NA,1.0243304560447e-06,"GLM","NYC","DTF_Nepal_2017",8.87193470673523,5.98955991437119,"Significant",7.57481086255586
"Lcu.1GRN.Chr5p146521141",5,146521141,1.35555780450109e-09,0.300925925925926,NA,1.03159482358963e-06,"GLM","NYC","DTF_Nepal_2017",8.86788195824536,5.98649084576258,"Significant",5.33249568439419
"Lcu.1GRN.Chr1p572633339",1,572633339,1.36735782110672e-09,0.498456790123457,NA,1.03822584246547e-06,"GLM","NYC","DTF_Nepal_2017",8.86411782091333,5.98370816530453,"Significant",-4.39569134184296
"Lcu.1GRN.Chr3p344049630",3,344049630,1.37793774885213e-09,0.466049382716049,NA,1.04390267290123e-06,"GLM","NYC","DTF_Nepal_2017",8.86077040212411,5.98133999040685,"Significant",-6.2255510465655
"Lcu.1GRN.Chr6p300014960",6,300014960,1.38132157902533e-09,0.158950617283951,NA,1.04411459679104e-06,"GLM","NYC","DTF_Nepal_2017",8.85970520358057,5.98125183272963,"Significant",7.91661420831008
"Lcu.1GRN.Chr2p11153005",2,11153005,1.39566675516407e-09,0.0725308641975309,NA,1.05259246509927e-06,"GLM","NYC","DTF_Nepal_2017",8.85521826629039,5.97773974317065,"Significant",8.13526438298481
"Lcu.1GRN.Chr1p373216396",1,373216396,1.43858760373004e-09,0.382258064516129,NA,1.3257353328873e-06,"MLM","NYC","Cotyledon_Color_RvsY",8.84206368632276,5.87754316894736,"Significant",-0.213869273752303
"Lcu.1GRN.Chr2p33028974",2,33028974,1.44445721025056e-09,0.0679012345679012,NA,1.0869524349896e-06,"GLM","NYC","DTF_Nepal_2017",8.84029531891311,5.96378946021317,"Significant",8.99323661316998
"Lcu.1GRN.Chr1p363890991",1,363890991,1.46089250854931e-09,0.146774193548387,NA,1.34261210498144e-06,"MLM","NYC","Cotyledon_Color_RvsY",8.83538173797487,5.87204944153741,"Significant",-0.236886050256226
"Lcu.1GRN.Chr2p561723045",2,561723045,1.49163335485411e-09,0.189814814814815,NA,5.86917153888744e-06,"GLM","NYC","DTF_Sask_2017",8.82633791381494,5.23142319713091,"Significant",2.15042830316764
"Lcu.1GRN.Chr5p2543117",5,2543117,1.49966376764404e-09,0.291666666666667,NA,1.12597634493554e-06,"GLM","NYC","DTF_Nepal_2017",8.82400610109449,5.94847073326076,"Significant",5.67788322119657
"Lcu.1GRN.Chr2p47377002",2,47377002,1.50507184975195e-09,0.186728395061728,NA,5.86917153888744e-06,"GLM","NYC","DTF_Sask_2017",8.82244276704291,5.23142319713091,"Significant",1.78645625331717
"Lcu.1GRN.Chr4p496387229",4,496387229,1.50640814553409e-09,0.381172839506173,NA,1.12852113293734e-06,"GLM","NYC","DTF_Nepal_2017",8.82205734464371,5.94749030381516,"Significant",-4.77372301254334
"Lcu.1GRN.Chr5p146057017",5,146057017,1.51420107448085e-09,0.297839506172839,NA,1.13183838404422e-06,"GLM","NYC","DTF_Nepal_2017",8.81981644997522,5.94621558191869,"Significant",5.34364406320668
"Lcu.1GRN.Chr3p389298069",3,389298069,1.53548682071099e-09,0.0833333333333334,NA,5.86917153888744e-06,"GLM","NYC","DTF_Sask_2017",8.81375390681261,5.23142319713091,"Significant",2.3339435126237
"Lcu.1GRN.Chr3p389318049",3,389318049,1.53548682071099e-09,0.0833333333333334,NA,5.86917153888744e-06,"GLM","NYC","DTF_Sask_2017",8.81375390681261,5.23142319713091,"Significant",2.3339435126237
"Lcu.1GRN.Chr3p389319560",3,389319560,1.53548682071099e-09,0.0833333333333334,NA,5.86917153888744e-06,"GLM","NYC","DTF_Sask_2017",8.81375390681261,5.23142319713091,"Significant",2.3339435126237
"Lcu.1GRN.Chr2p43391673",2,43391673,1.54369562769132e-09,0.177469135802469,NA,1.15132653481074e-06,"GLM","NYC","DTF_Nepal_2017",8.81143832592062,5.93880148596671,"Significant",6.45917579739569
"Lcu.1GRN.Chr1p559405083",1,559405083,1.55304239594765e-09,0.271604938271605,NA,5.86957541121039e-06,"GLM","NYC","DTF_Sask_2017",8.80881668846024,5.23139331327327,"Significant",1.57800098248727
"Lcu.1GRN.Chr3p389318847",3,389318847,1.58316511832636e-09,0.0879629629629629,NA,5.91693890395648e-06,"GLM","NYC","DTF_Sask_2017",8.80047378745077,5.22790291505822,"Significant",2.29900717375642
"Lcu.1GRN.Chr2p45095411",2,45095411,1.60520411989177e-09,0.239197530864197,NA,5.92541140362546e-06,"GLM","NYC","DTF_Sask_2017",8.79446973428335,5.22728149103572,"Significant",1.68495595924716
"Lcu.1GRN.Chr4p262477866",4,262477866,1.61859097695734e-09,0.328703703703704,NA,1.20225553604616e-06,"GLM","NYC","DTF_Nepal_2017",8.79086288496692,5.92000321444649,"Significant",5.07817078778714
"Lcu.1GRN.Chr6p328167434",6,328167434,1.62060622136101e-09,0.138888888888889,NA,1.20225553604616e-06,"GLM","NYC","DTF_Nepal_2017",8.79032249820839,5.92000321444649,"Significant",6.75953056973037
"Lcu.1GRN.Chr2p86496075",2,86496075,1.62066388537978e-09,0.462962962962963,NA,5.92541140362546e-06,"GLM","NYC","DTF_Sask_2017",8.79030704552204,5.22728149103572,"Significant",-1.44688085990016
"Lcu.1GRN.Chr5p145755486",5,145755486,1.62270381269552e-09,0.300925925925926,NA,1.20225553604616e-06,"GLM","NYC","DTF_Nepal_2017",8.78976074342126,5.92000321444649,"Significant",5.27838205895358
"Lcu.1GRN.Chr3p389283787",3,389283787,1.65349527145774e-09,0.186728395061728,NA,1.22237636038335e-06,"GLM","NYC","DTF_Nepal_2017",8.78159704271142,5.91279505753666,"Significant",6.43444462019545
"Lcu.1GRN.Chr3p414937923",3,414937923,1.65877975233979e-09,0.149691358024691,NA,1.22254141863255e-06,"GLM","NYC","DTF_Nepal_2017",8.78021127442978,5.91273641843841,"Significant",6.74815162326934
"Lcu.1GRN.Chr2p14507443",2,14507443,1.66098763646575e-09,0.0555555555555556,NA,1.22254141863255e-06,"GLM","NYC","DTF_Nepal_2017",8.77963360020043,5.91273641843841,"Significant",9.26981607325183
"Lcu.1GRN.Chr5p2416770",5,2416770,1.6879004603309e-09,0.266975308641975,NA,1.23963758545878e-06,"GLM","NYC","DTF_Nepal_2017",8.77265316837605,5.90670526454804,"Significant",5.62385712398464
"Lcu.1GRN.Chr7p647947892",7,647947892,1.72362225617657e-09,0.058641975308642,NA,1.26311470031229e-06,"GLM","NYC","DTF_Nepal_2017",8.76355790674411,5.8985572104495,"Significant",9.28462630437434
"Lcu.1GRN.Chr1p353675504",1,353675504,1.7451113175456e-09,0.216129032258065,NA,1.5994492058552e-06,"MLM","NYC","Cotyledon_Color_RvsY",8.75817686494901,5.79602954736923,"Significant",-0.274348806625203
"Lcu.1GRN.Chr3p389318666",3,389318666,1.75009530988928e-09,0.0848765432098766,NA,6.32983128066157e-06,"GLM","NYC","DTF_Sask_2017",8.75693829906693,5.198607865789,"Significant",2.31444469253677
"Lcu.1GRN.Chr4p262355430",4,262355430,1.7548357206153e-09,0.0632716049382716,NA,1.28319310181784e-06,"GLM","NYC","DTF_Nepal_2017",8.75576353388174,5.89170798373144,"Significant",8.70327268971596
"Lcu.1GRN.Chr6p172232372",6,172232372,1.76357589787577e-09,0.28416149068323,-0.78391374669887,9.88681223401296e-05,"FarmCPU","Kansas","DTF_Sask_2017_b",8.75360584514345,4.00494371369522,"Significant",NA
"Lcu.1GRN.Chr3p26210523",3,26210523,1.76810435355819e-09,0.118827160493827,NA,1.28532014439319e-06,"GLM","NYC","DTF_Nepal_2017",8.75249210649655,5.89098868585296,"Significant",7.04043616701438
"Lcu.1GRN.Chr3p26211111",3,26211111,1.76810435355819e-09,0.118827160493827,NA,1.28532014439319e-06,"GLM","NYC","DTF_Nepal_2017",8.75249210649655,5.89098868585296,"Significant",7.04043616701438
"Lcu.1GRN.Chr2p579805920",2,579805920,1.77685048516304e-09,0.0509259259259259,NA,1.28532014439319e-06,"GLM","NYC","DTF_Nepal_2017",8.75034911479488,5.89098868585296,"Significant",9.94073171545756
"Lcu.1GRN.Chr2p579806040",2,579806040,1.77685048516304e-09,0.0509259259259259,NA,1.28532014439319e-06,"GLM","NYC","DTF_Nepal_2017",8.75034911479488,5.89098868585296,"Significant",9.94073171545756
"Lcu.1GRN.Chr2p579806628",2,579806628,1.77685048516304e-09,0.0509259259259259,NA,1.28532014439319e-06,"GLM","NYC","DTF_Nepal_2017",8.75034911479488,5.89098868585296,"Significant",9.94073171545756
"Lcu.1GRN.Chr1p355871275",1,355871275,1.78632229413893e-09,0.209677419354839,NA,1.63277138889301e-06,"MLM","NYC","Cotyledon_Color_RvsY",8.74804018154022,5.78707461838186,"Significant",-0.267072055933119
"Lcu.1GRN.Chr2p44193039",2,44193039,1.81876892294031e-09,0.12962962962963,NA,1.31281941266666e-06,"GLM","NYC","DTF_Nepal_2017",8.74022247513487,5.88179500999299,"Significant",7.4903454471679
"Lcu.1GRN.Chr7p53940937",7,53940937,1.84260097045778e-09,0.0555555555555556,NA,1.32568869765374e-06,"GLM","NYC","DTF_Nepal_2017",8.73456870443979,5.87755844634122,"Significant",8.66772664497898
"Lcu.1GRN.Chr2p249135386",2,249135386,1.84448031614858e-09,0.279320987654321,NA,1.32568869765374e-06,"GLM","NYC","DTF_Nepal_2017",8.73412597509897,5.87755844634122,"Significant",6.19500611561057
"Lcu.1GRN.Chr2p50173498",2,50173498,1.85297165606119e-09,0.256172839506173,NA,6.604303432762e-06,"GLM","NYC","DTF_Sask_2017",8.73213122380596,5.18017298141972,"Significant",1.76619367770405
"Lcu.1GRN.Chr2p45082293",2,45082293,1.86525083052853e-09,0.174382716049383,NA,6.604303432762e-06,"GLM","NYC","DTF_Sask_2017",8.72926275796274,5.18017298141972,"Significant",1.96037772386211
"Lcu.1GRN.Chr2p45079647",2,45079647,1.88779551571062e-09,0.155864197530864,NA,6.61450118992745e-06,"GLM","NYC","DTF_Sask_2017",8.72404504987272,5.17950290108042,"Significant",1.89468074572258
"Lcu.1GRN.Chr4p500401363",4,500401363,1.89313176299772e-09,0.49537037037037,NA,1.35648918736661e-06,"GLM","NYC","DTF_Nepal_2017",8.7228191578527,5.8675836636685,"Significant",-4.7058083547621
"Lcu.1GRN.Chr2p248631524",2,248631524,1.89539972132316e-09,0.304012345679012,NA,1.35648918736661e-06,"GLM","NYC","DTF_Nepal_2017",8.72229918756465,5.8675836636685,"Significant",6.07366497546195
"Lcu.1GRN.Chr5p459349175",5,459349175,1.90297657548602e-09,0.149691358024691,NA,1.35835034499176e-06,"GLM","NYC","DTF_Nepal_2017",8.7205665575878,5.86698820260824,"Significant",-6.10963503736923
"Lcu.1GRN.Chr3p344051005",3,344051005,1.91011518127849e-09,0.464506172839506,NA,1.35835034499176e-06,"GLM","NYC","DTF_Nepal_2017",8.71894044370231,5.86698820260824,"Significant",-6.14417274246654
"Lcu.1GRN.Chr3p344137927",3,344137927,1.91011518127849e-09,0.464506172839506,NA,1.35835034499176e-06,"GLM","NYC","DTF_Nepal_2017",8.71894044370231,5.86698820260824,"Significant",-6.14417274246654
"Lcu.1GRN.Chr1p361420610",1,361420610,1.9281015265221e-09,0.167741935483871,NA,1.75758733379854e-06,"MLM","NYC","Cotyledon_Color_RvsY",8.71487010152892,5.75508308585611,"Significant",-0.224498924647492
"Lcu.1GRN.Chr5p148012826",5,148012826,1.93622092281803e-09,0.302469135802469,NA,1.37401017541252e-06,"GLM","NYC","DTF_Nepal_2017",8.71304509119762,5.86201005103983,"Significant",5.24955988189555
"Lcu.1GRN.Chr3p402976102",3,402976102,1.94435575759287e-09,0.0570987654320988,NA,1.37687813287209e-06,"GLM","NYC","DTF_Nepal_2017",8.71122426954148,5.86110449733447,"Significant",9.91770094946082
"Lcu.1GRN.Chr3p273421348",3,273421348,1.94620404891305e-09,0.0564516129032258,-0.463893366312789,0.000109106469553456,"FarmCPU","Kansas","Cotyledon_Color_RvsY",8.71081162826536,3.96214949681713,"Significant",NA
"Lcu.1GRN.Chr2p247766379",2,247766379,1.95916747320533e-09,0.299382716049383,NA,1.38445228037743e-06,"GLM","NYC","DTF_Nepal_2017",8.70792843813482,5.85872200902344,"Significant",6.10987136351764
"Lcu.1GRN.Chr1p355044557",1,355044557,1.96589691993165e-09,0.4,NA,1.78719688990986e-06,"MLM","NYC","Cotyledon_Color_RvsY",8.7064392577544,5.74782759998952,"Significant",0.22945892019737
"Lcu.1GRN.Chr2p14058220",2,14058220,1.96633901072232e-09,0.0632716049382716,NA,1.3866070314877e-06,"GLM","NYC","DTF_Nepal_2017",8.70634160461503,5.85804660182327,"Significant",8.68037885684043
"Lcu.1GRN.Chr2p43312218",2,43312218,1.97220600054641e-09,0.171296296296296,NA,1.38783476105815e-06,"GLM","NYC","DTF_Nepal_2017",8.70504772416761,5.85766223894786,"Significant",5.89963468766416
"Lcu.1GRN.Chr2p85258138",2,85258138,1.99619654726218e-09,0.458333333333333,NA,6.87308789611582e-06,"GLM","NYC","DTF_Sask_2017",8.69979669992792,5.16284810210374,"Significant",-1.42211143514835
"Lcu.1GRN.Chr2p45339483",2,45339483,2.00246342185574e-09,0.231481481481482,NA,6.87308789611582e-06,"GLM","NYC","DTF_Sask_2017",8.69843540824312,5.16284810210374,"Significant",1.82258452039792
"Lcu.1GRN.Chr2p16982263",2,16982263,2.01204777173613e-09,0.0617283950617284,NA,1.41236740430285e-06,"GLM","NYC","DTF_Nepal_2017",8.69636171210762,5.8500523139741,"Significant",8.85414783580904
"Lcu.1GRN.Chr1p363539008",1,363539008,2.01729483160262e-09,0.0580645161290323,NA,1.82897954345466e-06,"MLM","NYC","Cotyledon_Color_RvsY",8.69523062415673,5.7377911519399,"Significant",-0.333461363190219
"Lcu.1GRN.Chr1p488887945",1,488887945,2.01911382640458e-09,0.0725308641975309,NA,1.41236740430285e-06,"GLM","NYC","DTF_Nepal_2017",8.69483919725945,5.8500523139741,"Significant",8.87806865025595
"Lcu.1GRN.Chr4p262472283",4,262472283,2.01966519150117e-09,0.356481481481482,NA,1.41236740430285e-06,"GLM","NYC","DTF_Nepal_2017",8.69472061943214,5.8500523139741,"Significant",4.95474245147051
"Lcu.1GRN.Chr4p496352655",4,496352655,2.02694949603329e-09,0.424382716049383,NA,1.41452058326189e-06,"GLM","NYC","DTF_Nepal_2017",8.69315707215914,5.84939072856611,"Significant",-4.8645370452
"Lcu.1GRN.Chr1p558449588",1,558449588,2.02966897321397e-09,0.234567901234568,NA,6.89609761124307e-06,"GLM","NYC","DTF_Sask_2017",8.69257478712587,5.16139659989155,"Significant",1.71617123166945
"Lcu.1GRN.Chr7p172623573",7,172623573,2.06926042645218e-09,0.0632716049382716,NA,1.44105780924315e-06,"GLM","NYC","DTF_Nepal_2017",8.68418484782937,5.84131859674901,"Significant",8.57318116900069
"Lcu.1GRN.Chr7p633798826",7,633798826,2.07535549893649e-09,0.341049382716049,NA,1.44231632874126e-06,"GLM","NYC","DTF_Nepal_2017",8.68290749991457,5.84093947972711,"Significant",-7.4983946291685
"Lcu.1GRN.Chr3p26210624",3,26210624,2.08635304697401e-09,0.125,NA,1.44696972237424e-06,"GLM","NYC","DTF_Nepal_2017",8.6806121995628,5.83954055633319,"Significant",6.85895059390032
"Lcu.1GRN.Chr2p561525709",2,561525709,2.09173883308993e-09,0.188271604938272,NA,7.03591916069962e-06,"GLM","NYC","DTF_Sask_2017",8.67949254085085,5.15267915901898,"Significant",2.11430656366656
"Lcu.1GRN.Chr1p361792419",1,361792419,2.09281239321852e-09,0.209677419354839,NA,1.89234684481111e-06,"MLM","NYC","Cotyledon_Color_RvsY",8.67926970154272,5.72299925959274,"Significant",-0.213182978976183
"Lcu.1GRN.Chr5p131766980",5,131766980,2.09412082334671e-09,0.172839506172839,NA,1.44741670521868e-06,"GLM","NYC","DTF_Nepal_2017",8.6789982646825,5.83940641931365,"Significant",-8.76569199741425
"Lcu.1GRN.Chr7p53113612",7,53113612,2.09560371689702e-09,0.0570987654320988,NA,1.44741670521868e-06,"GLM","NYC","DTF_Nepal_2017",8.67869083993089,5.83940641931365,"Significant",8.70375282729015
"Lcu.1GRN.Chr6p440118762",6,440118762,2.10790222952294e-09,0.135802469135803,NA,1.44995654240888e-06,"GLM","NYC","DTF_Nepal_2017",8.67614953680076,5.83864501409251,"Significant",11.4324591305185
"Lcu.1GRN.Chr6p440118763",6,440118763,2.10790222952294e-09,0.135802469135803,NA,1.44995654240888e-06,"GLM","NYC","DTF_Nepal_2017",8.67614953680076,5.83864501409251,"Significant",11.4324591305185
"Lcu.1GRN.Chr6p420069402",6,420069402,2.1420050458511e-09,0.205246913580247,NA,1.47040777807713e-06,"GLM","NYC","DTF_Nepal_2017",8.66917951044968,5.83256220864632,"Significant",6.53392991612657
"Lcu.1GRN.Chr1p367435967",1,367435967,2.16916740333332e-09,0.359677419354839,NA,1.95612957629228e-06,"MLM","NYC","Cotyledon_Color_RvsY",8.66370693044847,5.70860238042529,"Significant",-0.184055156248682
"Lcu.1GRN.Chr2p43564884",2,43564884,2.19626734634217e-09,0.158950617283951,NA,1.50458626983111e-06,"GLM","NYC","DTF_Nepal_2017",8.65831479538125,5.82258290567235,"Significant",8.4796557627576
"Lcu.1GRN.Chr7p1431173",7,1431173,2.20352516965199e-09,0.135802469135803,NA,1.50649014378116e-06,"GLM","NYC","DTF_Nepal_2017",8.65688198441953,5.82203370535502,"Significant",-5.82534862103626
"Lcu.1GRN.Chr1p367561751",1,367561751,2.22303626862458e-09,0.248387096774194,NA,1.99934770205467e-06,"MLM","NYC","Cotyledon_Color_RvsY",8.65305345177018,5.69911167213879,"Significant",-0.23350275242915
"Lcu.1GRN.Chr4p390213401",4,390213401,2.23708046097232e-09,0.279320987654321,NA,7.38379453588574e-06,"GLM","NYC","DTF_Sask_2017",8.65031839537236,5.13172039664798,"Significant",1.8403841056562
"Lcu.1GRN.Chr2p86839306",2,86839306,2.23906341186961e-09,0.353395061728395,NA,7.38379453588574e-06,"GLM","NYC","DTF_Sask_2017",8.64993360671794,5.13172039664798,"Significant",1.56535243775166
"Lcu.1GRN.Chr2p610527821",2,610527821,2.240844587297e-09,0.282407407407407,NA,1.52827074125679e-06,"GLM","NYC","DTF_Nepal_2017",8.64958826270627,5.81579970137673,"Significant",-5.26307094978449
"Lcu.1GRN.Chr4p7084243",4,7084243,2.24793630096034e-09,0.0972222222222222,NA,1.52827074125679e-06,"GLM","NYC","DTF_Nepal_2017",8.64821599939007,5.81579970137673,"Significant",8.09778860993242
"Lcu.1GRN.Chr2p43614088",2,43614088,2.24901377638743e-09,0.253086419753086,NA,1.52827074125679e-06,"GLM","NYC","DTF_Nepal_2017",8.64800788427503,5.81579970137673,"Significant",5.10931218293507
"Lcu.1GRN.Chr4p501024238",4,501024238,2.26143286848831e-09,0.157407407407407,NA,1.53361167273147e-06,"GLM","NYC","DTF_Nepal_2017",8.64561629992683,5.81428459458515,"Significant",-8.42171392450155
"Lcu.1GRN.Chr3p345164894",3,345164894,2.26636733099158e-09,0.208333333333333,NA,1.53386555336749e-06,"GLM","NYC","DTF_Nepal_2017",8.64466969866779,5.81421270556925,"Significant",6.24166955457758
"Lcu.1GRN.Chr2p247038555",2,247038555,2.32283174951217e-09,0.308641975308642,NA,1.56892358853044e-06,"GLM","NYC","DTF_Nepal_2017",8.63398224646526,5.8043982073931,"Significant",6.25254005735786
"Lcu.1GRN.Chr3p402979204",3,402979204,2.38113995294672e-09,0.0555555555555556,NA,1.58170617354179e-06,"GLM","NYC","DTF_Nepal_2017",8.62321507792303,5.80087419028285,"Significant",9.97862252863547
"Lcu.1GRN.Chr3p403248996",3,403248996,2.38113995294672e-09,0.0555555555555556,NA,1.58170617354179e-06,"GLM","NYC","DTF_Nepal_2017",8.62321507792303,5.80087419028285,"Significant",9.97862252863547
"Lcu.1GRN.Chr3p389318737",3,389318737,2.39264832217894e-09,0.0879629629629629,NA,7.81366930278022e-06,"GLM","NYC","DTF_Sask_2017",8.6211211304551,5.1071449733284,"Significant",2.28009807170787
"Lcu.1GRN.Chr2p246701536",2,246701536,2.39794136670181e-09,0.305555555555556,NA,1.58170617354179e-06,"GLM","NYC","DTF_Nepal_2017",8.62016144026518,5.80087419028285,"Significant",6.03302988092292
"Lcu.1GRN.Chr4p166674674",4,166674674,2.39818456776768e-09,0.0509259259259259,NA,1.58170617354179e-06,"GLM","NYC","DTF_Nepal_2017",8.62011739601679,5.80087419028285,"Significant",9.89918593745347
"Lcu.1GRN.Chr4p171013187",4,171013187,2.39818456776768e-09,0.0509259259259259,NA,1.58170617354179e-06,"GLM","NYC","DTF_Nepal_2017",8.62011739601679,5.80087419028285,"Significant",9.89918593745347
"Lcu.1GRN.Chr4p171016686",4,171016686,2.39818456776768e-09,0.0509259259259259,NA,1.58170617354179e-06,"GLM","NYC","DTF_Nepal_2017",8.62011739601679,5.80087419028285,"Significant",9.89918593745347
"Lcu.1GRN.Chr4p176594575",4,176594575,2.39818456776768e-09,0.0509259259259259,NA,1.58170617354179e-06,"GLM","NYC","DTF_Nepal_2017",8.62011739601679,5.80087419028285,"Significant",9.89918593745347
"Lcu.1GRN.Chr4p177335567",4,177335567,2.39818456776768e-09,0.0509259259259259,NA,1.58170617354179e-06,"GLM","NYC","DTF_Nepal_2017",8.62011739601679,5.80087419028285,"Significant",9.89918593745347
"Lcu.1GRN.Chr4p179198199",4,179198199,2.39818456776768e-09,0.0509259259259259,NA,1.58170617354179e-06,"GLM","NYC","DTF_Nepal_2017",8.62011739601679,5.80087419028285,"Significant",9.89918593745347
"Lcu.1GRN.Chr4p180297692",4,180297692,2.39818456776768e-09,0.0509259259259259,NA,1.58170617354179e-06,"GLM","NYC","DTF_Nepal_2017",8.62011739601679,5.80087419028285,"Significant",9.89918593745347
"Lcu.1GRN.Chr4p180306644",4,180306644,2.39818456776768e-09,0.0509259259259259,NA,1.58170617354179e-06,"GLM","NYC","DTF_Nepal_2017",8.62011739601679,5.80087419028285,"Significant",9.89918593745347
"Lcu.1GRN.Chr4p180959049",4,180959049,2.39818456776768e-09,0.0509259259259259,NA,1.58170617354179e-06,"GLM","NYC","DTF_Nepal_2017",8.62011739601679,5.80087419028285,"Significant",9.89918593745347
"Lcu.1GRN.Chr1p570311238",1,570311238,2.41584556204526e-09,0.266975308641975,NA,1.58436103507193e-06,"GLM","NYC","DTF_Nepal_2017",8.61693083234202,5.80014584694266,"Significant",5.84035000320017
"Lcu.1GRN.Chr6p302708933",6,302708933,2.41609208117601e-09,0.219135802469136,NA,1.58436103507193e-06,"GLM","NYC","DTF_Nepal_2017",8.61688651807054,5.80014584694266,"Significant",7.07303351731173
"Lcu.1GRN.Chr3p345869604",3,345869604,2.4163405179221e-09,0.205246913580247,NA,1.58436103507193e-06,"GLM","NYC","DTF_Nepal_2017",8.61684186366272,5.80014584694266,"Significant",6.33924810288977
"Lcu.1GRN.Chr2p322517268",2,322517268,2.42954686796927e-09,0.058641975308642,NA,1.58992099482144e-06,"GLM","NYC","DTF_Nepal_2017",8.61447471862028,5.79862445578368,"Significant",9.63418416106947
"Lcu.1GRN.Chr1p367805757",1,367805757,2.44587404261498e-09,0.125806451612903,NA,2.19389683757939e-06,"MLM","NYC","Cotyledon_Color_RvsY",8.61156591197912,5.65878379787496,"Significant",-0.255988781926856
"Lcu.1GRN.Chr2p183250104",2,183250104,2.48845124392979e-09,0.123456790123457,NA,1.62421888907901e-06,"GLM","NYC","DTF_Nepal_2017",8.60407086394133,5.78935544312852,"Significant",11.9283223691273
"Lcu.1GRN.Chr2p248785709",2,248785709,2.49161465531627e-09,0.305555555555556,NA,1.62421888907901e-06,"GLM","NYC","DTF_Nepal_2017",8.60351912333319,5.78935544312852,"Significant",6.02993483945261
"Lcu.1GRN.Chr1p558449671",1,558449671,2.51058559746806e-09,0.243827160493827,NA,8.11998216984173e-06,"GLM","NYC","DTF_Sask_2017",8.60022496693082,5.09044492439772,"Significant",1.6728550109413
"Lcu.1GRN.Chr2p246726604",2,246726604,2.54959270501554e-09,0.307098765432099,NA,1.62694698903963e-06,"GLM","NYC","DTF_Nepal_2017",8.59352919215122,5.78862659748885,"Significant",6.0253280474368
"Lcu.1GRN.Chr2p247282866",2,247282866,2.54959270501554e-09,0.307098765432099,NA,1.62694698903963e-06,"GLM","NYC","DTF_Nepal_2017",8.59352919215122,5.78862659748885,"Significant",6.0253280474368
"Lcu.1GRN.Chr2p247546154",2,247546154,2.54959270501554e-09,0.307098765432099,NA,1.62694698903963e-06,"GLM","NYC","DTF_Nepal_2017",8.59352919215122,5.78862659748885,"Significant",6.0253280474368
"Lcu.1GRN.Chr2p247549476",2,247549476,2.54959270501554e-09,0.307098765432099,NA,1.62694698903963e-06,"GLM","NYC","DTF_Nepal_2017",8.59352919215122,5.78862659748885,"Significant",6.0253280474368
"Lcu.1GRN.Chr2p247550792",2,247550792,2.54959270501554e-09,0.307098765432099,NA,1.62694698903963e-06,"GLM","NYC","DTF_Nepal_2017",8.59352919215122,5.78862659748885,"Significant",6.0253280474368
"Lcu.1GRN.Chr2p247765777",2,247765777,2.54959270501554e-09,0.307098765432099,NA,1.62694698903963e-06,"GLM","NYC","DTF_Nepal_2017",8.59352919215122,5.78862659748885,"Significant",6.0253280474368
"Lcu.1GRN.Chr2p248168923",2,248168923,2.54959270501554e-09,0.307098765432099,NA,1.62694698903963e-06,"GLM","NYC","DTF_Nepal_2017",8.59352919215122,5.78862659748885,"Significant",6.0253280474368
"Lcu.1GRN.Chr2p248169146",2,248169146,2.54959270501554e-09,0.307098765432099,NA,1.62694698903963e-06,"GLM","NYC","DTF_Nepal_2017",8.59352919215122,5.78862659748885,"Significant",6.0253280474368
"Lcu.1GRN.Chr2p248785832",2,248785832,2.54959270501554e-09,0.307098765432099,NA,1.62694698903963e-06,"GLM","NYC","DTF_Nepal_2017",8.59352919215122,5.78862659748885,"Significant",6.0253280474368
"Lcu.1GRN.Chr2p249133636",2,249133636,2.54959270501554e-09,0.307098765432099,NA,1.62694698903963e-06,"GLM","NYC","DTF_Nepal_2017",8.59352919215122,5.78862659748885,"Significant",6.0253280474368
"Lcu.1GRN.Chr2p10263883",2,10263883,2.56283326074928e-09,0.0740740740740741,NA,1.62694698903963e-06,"GLM","NYC","DTF_Nepal_2017",8.59127964831911,5.78862659748885,"Significant",8.28931405832554
"Lcu.1GRN.Chr2p561528064",2,561528064,2.56510338096085e-09,0.0709876543209876,NA,1.62694698903963e-06,"GLM","NYC","DTF_Nepal_2017",8.59089512689678,5.78862659748885,"Significant",8.34824044493621
"Lcu.1GRN.Chr2p561717594",2,561717594,2.56510338096085e-09,0.0709876543209876,NA,1.62694698903963e-06,"GLM","NYC","DTF_Nepal_2017",8.59089512689678,5.78862659748885,"Significant",8.34824044493621
"Lcu.1GRN.Chr2p561727775",2,561727775,2.56510338096085e-09,0.0709876543209876,NA,1.62694698903963e-06,"GLM","NYC","DTF_Nepal_2017",8.59089512689678,5.78862659748885,"Significant",8.34824044493621
"Lcu.1GRN.Chr2p321537149",2,321537149,2.56835198215058e-09,0.058641975308642,NA,1.62694698903963e-06,"GLM","NYC","DTF_Nepal_2017",8.59034545823926,5.78862659748885,"Significant",9.78169401170339
"Lcu.1GRN.Chr2p86600607",2,86600607,2.5952480639597e-09,0.405864197530864,NA,8.31386481457079e-06,"GLM","NYC","DTF_Sask_2017",8.58582112426642,5.08019704150448,"Significant",1.43613256833088
"Lcu.1GRN.Chr2p10546685",2,10546685,2.59674096865367e-09,0.322530864197531,NA,1.64183828835175e-06,"GLM","NYC","DTF_Nepal_2017",8.58557137016085,5.78466962062403,"Significant",4.74375664313408
"Lcu.1GRN.Chr1p355049808",1,355049808,2.60952422923247e-09,0.488709677419355,NA,2.33446233088894e-06,"MLM","NYC","Cotyledon_Color_RvsY",8.58343866639882,5.63181312949461,"Significant",0.175106587037294
"Lcu.1GRN.Chr2p43812707",2,43812707,2.61319686454807e-09,0.251543209876543,NA,1.64361469281263e-06,"GLM","NYC","DTF_Nepal_2017",8.58282787157142,5.78419998509152,"Significant",5.10266607222781
"Lcu.1GRN.Chr2p43812709",2,43812709,2.61319686454807e-09,0.251543209876543,NA,1.64361469281263e-06,"GLM","NYC","DTF_Nepal_2017",8.58282787157142,5.78419998509152,"Significant",5.10266607222781
"Lcu.1GRN.Chr3p26211357",3,26211357,2.61420965984997e-09,0.12037037037037,NA,1.64361469281263e-06,"GLM","NYC","DTF_Nepal_2017",8.58265958490217,5.78419998509152,"Significant",6.87722497006189
"Lcu.1GRN.Chr3p333952775",3,333952775,2.62486131943279e-09,0.174382716049383,NA,1.64723270043591e-06,"GLM","NYC","DTF_Nepal_2017",8.58089363694225,5.78324504480315,"Significant",-7.56213891559594
"Lcu.1GRN.Chr2p50159657",2,50159657,2.62573198356805e-09,0.361111111111111,NA,8.33216594449845e-06,"GLM","NYC","DTF_Sask_2017",8.58074960573999,5.07924208917289,"Significant",1.62429128562914
"Lcu.1GRN.Chr2p248166936",2,248166936,2.63488436007304e-09,0.313271604938272,NA,1.65044347773685e-06,"GLM","NYC","DTF_Nepal_2017",8.57923844036954,5.78239934423723,"Significant",6.07343573872646
"Lcu.1GRN.Chr3p444676637",3,444676637,2.64798978624331e-09,0.416666666666667,0.749522663686435,0.000445348190214652,"FarmCPU","Kansas","DTF_Sask_2017",8.57708369437838,3.35130030821049,"Significant",NA
"Lcu.1GRN.Chr2p249100768",2,249100768,2.65049555720493e-09,0.219135802469136,NA,1.6571361321382e-06,"GLM","NYC","DTF_Nepal_2017",8.576672919407,5.78064181324151,"Significant",7.08198933640824
"Lcu.1GRN.Chr4p39749401",4,39749401,2.65921280657802e-09,0.219135802469136,NA,1.6595017330431e-06,"GLM","NYC","DTF_Nepal_2017",8.57524690635989,5.78002228971476,"Significant",4.95528430226256
"Lcu.1GRN.Chr2p610454807",2,610454807,2.72471914980671e-09,0.308641975308642,NA,1.6951615241694e-06,"GLM","NYC","DTF_Nepal_2017",8.564678255947,5.77078891355927,"Significant",-5.32818599027792
"Lcu.1GRN.Chr2p249316204",2,249316204,2.72643387899421e-09,0.308641975308642,NA,1.6951615241694e-06,"GLM","NYC","DTF_Nepal_2017",8.56440503028457,5.77078891355927,"Significant",6.00774487376367
"Lcu.1GRN.Chr4p35643871",4,35643871,2.73998551048284e-09,0.0756172839506173,NA,1.70044410738852e-06,"GLM","NYC","DTF_Nepal_2017",8.56225173379786,5.76943763850437,"Significant",7.50449018411075
"Lcu.1GRN.Chr2p45380256",2,45380256,2.76380257038625e-09,0.222222222222222,NA,8.68833625414123e-06,"GLM","NYC","DTF_Sask_2017",8.55849298360399,5.06106337945733,"Significant",1.65603879044659
"Lcu.1GRN.Chr2p244645353",2,244645353,2.77624841080811e-09,0.396604938271605,NA,1.71977596537439e-06,"GLM","NYC","DTF_Nepal_2017",8.55654167704409,5.76452812480106,"Significant",5.15737250913946
"Lcu.1GRN.Chr6p172206784",6,172206784,2.79047227714301e-09,0.399068322981366,NA,6.25748525630508e-05,"FarmCPU","NYC","DTF_Sask_2017_b",8.55432228776607,4.20360016498988,"Significant",0.0666540332150021
"Lcu.1GRN.Chr2p247551131",2,247551131,2.79621068623108e-09,0.308641975308642,NA,1.72895772039612e-06,"GLM","NYC","DTF_Nepal_2017",8.55343010888474,5.76221562675104,"Significant",6.00401142339211
"Lcu.1GRN.Chr2p320596800",2,320596800,2.82139913575352e-09,0.0570987654320988,NA,1.74133130843304e-06,"GLM","NYC","DTF_Nepal_2017",8.54953547102522,5.75911859146999,"Significant",9.62842966595167
"Lcu.1GRN.Chr5p457681115",5,457681115,2.86976689493768e-09,0.350308641975309,NA,1.76793934276466e-06,"GLM","NYC","DTF_Nepal_2017",8.54215337865059,5.75253263952346,"Significant",6.04140259375009
"Lcu.1GRN.Chr3p387937113",3,387937113,2.90894651824079e-09,0.066358024691358,NA,1.78880002468208e-06,"GLM","NYC","DTF_Nepal_2017",8.53626426329967,5.74743820780122,"Significant",8.25187223880857
"Lcu.1GRN.Chr1p354861007",1,354861007,2.91071227953615e-09,0.383870967741936,NA,2.59699617329108e-06,"MLM","NYC","Cotyledon_Color_RvsY",8.53600072193509,5.58552869030901,"Significant",0.234002793876763
"Lcu.1GRN.Chr6p40076480",6,40076480,2.94334422456215e-09,0.378086419753086,NA,9.16707284058607e-06,"GLM","NYC","DTF_Sask_2017",8.53115894412335,5.03776931777843,"Significant",-1.44231879280549
"Lcu.1GRN.Chr2p10411272",2,10411272,2.99902401426465e-09,0.0632716049382716,NA,1.83896107668933e-06,"GLM","NYC","DTF_Nepal_2017",8.52302005667433,5.73542746290871,"Significant",8.55021456195027
"Lcu.1GRN.Chr7p440952524",7,440952524,3.00145267253458e-09,0.0771604938271605,NA,1.83896107668933e-06,"GLM","NYC","DTF_Nepal_2017",8.52266850029049,5.73542746290871,"Significant",7.98817280351841
"Lcu.1GRN.Chr2p247765637",2,247765637,3.02360033160257e-09,0.310185185185185,NA,1.8491624958912e-06,"GLM","NYC","DTF_Nepal_2017",8.51947561570087,5.73302492336324,"Significant",5.96941944217519
"Lcu.1GRN.Chr1p446647170",1,446647170,3.05405905516777e-09,0.273148148148148,NA,9.42070504030979e-06,"GLM","NYC","DTF_Sask_2017",8.51512256941269,5.02591659363408,"Significant",1.67280625344301
"Lcu.1GRN.Chr1p362336814",1,362336814,3.10008641058367e-09,0.104838709677419,0.104489793552219,7.53965319068008e-05,"BLINK","Kansas","Cotyledon_Color_RvsY",8.50862620064423,4.12264863036868,"Significant",NA
"Lcu.1GRN.Chr2p44546658",2,44546658,3.10606386141864e-09,0.0679012345679012,NA,9.42070504030979e-06,"GLM","NYC","DTF_Sask_2017",8.50778961931686,5.02591659363408,"Significant",2.63415947810535
"Lcu.1GRN.Chr2p85175233",2,85175233,3.10880157528648e-09,0.453703703703704,NA,9.42070504030979e-06,"GLM","NYC","DTF_Sask_2017",8.5074069966793,5.02591659363408,"Significant",-1.40868085948431
"Lcu.1GRN.Chr3p403063907",3,403063907,3.11169671150786e-09,0.0709876543209876,NA,1.89725921695912e-06,"GLM","NYC","DTF_Nepal_2017",8.50700273910438,5.72187332867691,"Significant",9.22691941266976
"Lcu.1GRN.Chr2p10547202",2,10547202,3.1135250716076e-09,0.322530864197531,NA,1.89725921695912e-06,"GLM","NYC","DTF_Nepal_2017",8.50674763277958,5.72187332867691,"Significant",4.71457352089598
"Lcu.1GRN.Chr5p4286790",5,4286790,3.12243962942677e-09,0.128086419753086,NA,1.89925072483073e-06,"GLM","NYC","DTF_Nepal_2017",8.50550594970652,5.72141769917934,"Significant",12.0208184382614
"Lcu.1GRN.Chr7p631587796",7,631587796,3.13809454166197e-09,0.379032258064516,-0.0329735625986846,7.53965319068008e-05,"BLINK","Kansas","Cotyledon_Color_RvsY",8.50333397652231,4.12264863036868,"Significant",NA
"Lcu.1GRN.Chr4p496386660",4,496386660,3.16203309744537e-09,0.475308641975309,NA,1.91986207019568e-06,"GLM","NYC","DTF_Nepal_2017",8.50003358855857,5.71672997145512,"Significant",-5.01361337120753
"Lcu.1GRN.Chr4p496386657",4,496386657,3.18478077745382e-09,0.458333333333333,NA,1.93018946985551e-06,"GLM","NYC","DTF_Nepal_2017",8.49692045670973,5.71440005800053,"Significant",-5.02508848050334
"Lcu.1GRN.Chr5p459570418",5,459570418,3.1916709911532e-09,0.108024691358025,NA,1.93088632424681e-06,"GLM","NYC","DTF_Nepal_2017",8.49598188364056,5.71424329339074,"Significant",-6.9488151436351
"Lcu.1GRN.Chr2p49239423",2,49239423,3.2159683283222e-09,0.270061728395062,NA,9.65305150566808e-06,"GLM","NYC","DTF_Sask_2017",8.49268823694555,5.01533537654399,"Significant",1.78547086254147
"Lcu.1GRN.Chr7p643152584",7,643152584,3.21694010123459e-09,0.166666666666667,NA,1.93823730030908e-06,"GLM","NYC","DTF_Nepal_2017",8.492557025497,5.71259305292727,"Significant",8.29719388055628
"Lcu.1GRN.Chr2p638802920",2,638802920,3.21952915309058e-09,0.325617283950617,NA,1.93823730030908e-06,"GLM","NYC","DTF_Nepal_2017",8.49220763798324,5.71259305292727,"Significant",-4.93597979647473
"Lcu.1GRN.Chr5p27837825",5,27837825,3.22110864285966e-09,0.253086419753086,NA,1.93823730030908e-06,"GLM","NYC","DTF_Nepal_2017",8.49199462687272,5.71259305292727,"Significant",6.18543609601704
"Lcu.1GRN.Chr2p50743755",2,50743755,3.24287109062569e-09,0.276234567901235,NA,9.65305150566808e-06,"GLM","NYC","DTF_Sask_2017",8.48907031489245,5.01533537654399,"Significant",1.71774475812327
"Lcu.1GRN.Chr2p610714333",2,610714333,3.24814541089118e-09,0.148148148148148,NA,1.95101594183077e-06,"GLM","NYC","DTF_Nepal_2017",8.48836453677875,5.70973918195307,"Significant",7.46619121349124
"Lcu.1GRN.Chr1p355102028",1,355102028,3.25370937471811e-09,0.354838709677419,NA,2.89534513557092e-06,"MLM","NYC","Cotyledon_Color_RvsY",8.48762124137857,5.53829965938392,"Significant",0.207324607398536
"Lcu.1GRN.Chr4p496371615",4,496371615,3.26489156461035e-09,0.388888888888889,NA,1.95757893210925e-06,"GLM","NYC","DTF_Nepal_2017",8.48613123817861,5.7082807176029,"Significant",-4.57191949154344
"Lcu.1GRN.Chr6p394487613",6,394487613,3.28825339163817e-09,0.106481481481482,NA,1.96655910724472e-06,"GLM","NYC","DTF_Nepal_2017",8.48303472326397,5.70629299582711,"Significant",8.59826267250924
"Lcu.1GRN.Chr3p399676864",3,399676864,3.30611622425402e-09,0.339506172839506,-2.05201176030144,0.00022241367920073,"BLINK","Kansas","DTF_Nepal_2017",8.48068188317082,3.65283850567496,"Significant",NA
"Lcu.1GRN.Chr2p14111309",2,14111309,3.31494770238388e-09,0.0617283950617284,NA,1.96655910724472e-06,"GLM","NYC","DTF_Nepal_2017",8.47952331876607,5.70629299582711,"Significant",8.54119470925934
"Lcu.1GRN.Chr2p14111852",2,14111852,3.31494770238388e-09,0.0617283950617284,NA,1.96655910724472e-06,"GLM","NYC","DTF_Nepal_2017",8.47952331876607,5.70629299582711,"Significant",8.54119470925934
"Lcu.1GRN.Chr2p14162561",2,14162561,3.31494770238388e-09,0.0617283950617284,NA,1.96655910724472e-06,"GLM","NYC","DTF_Nepal_2017",8.47952331876607,5.70629299582711,"Significant",8.54119470925934
"Lcu.1GRN.Chr2p14165859",2,14165859,3.31494770238388e-09,0.0617283950617284,NA,1.96655910724472e-06,"GLM","NYC","DTF_Nepal_2017",8.47952331876607,5.70629299582711,"Significant",8.54119470925934
"Lcu.1GRN.Chr2p14200760",2,14200760,3.31494770238388e-09,0.0617283950617284,NA,1.96655910724472e-06,"GLM","NYC","DTF_Nepal_2017",8.47952331876607,5.70629299582711,"Significant",8.54119470925934
"Lcu.1GRN.Chr1p352050600",1,352050600,3.32575842324806e-09,0.256451612903226,NA,2.9516500885295e-06,"MLM","NYC","Cotyledon_Color_RvsY",8.47810930029409,5.52993512843029,"Significant",-0.233418167714204
"Lcu.1GRN.Chr3p180388915",3,180388915,3.3266157317329e-09,0.12962962962963,NA,9.81547152487546e-06,"GLM","NYC","DTF_Sask_2017",8.47799736301045,5.00808883251505,"Significant",2.22383486900054
"Lcu.1GRN.Chr1p367801061",1,367801061,3.33749966128904e-09,0.27741935483871,NA,2.95423517333691e-06,"MLM","NYC","Cotyledon_Color_RvsY",8.47657876970237,5.52955493542313,"Significant",-0.202821175782317
"Lcu.1GRN.Chr2p11280279",2,11280279,3.33795819619802e-09,0.333333333333333,NA,1.97672356440236e-06,"GLM","NYC","DTF_Nepal_2017",8.47651910662448,5.70405406050362,"Significant",4.88429685917089
"Lcu.1GRN.Chr1p368421758",1,368421758,3.34623670289108e-09,0.287096774193548,NA,2.95423517333691e-06,"MLM","NYC","Cotyledon_Color_RvsY",8.47544334157939,5.52955493542313,"Significant",-0.190189897724359
"Lcu.1GRN.Chr2p322705876",2,322705876,3.34643115773805e-09,0.0570987654320988,NA,1.97825836420892e-06,"GLM","NYC","DTF_Nepal_2017",8.4754181048072,5.7037169893704,"Significant",9.67018923662704
"Lcu.1GRN.Chr4p500974445",4,500974445,3.3901714057679e-09,0.239197530864197,NA,2.00059962323497e-06,"GLM","NYC","DTF_Nepal_2017",8.46977834347913,5.69883981731975,"Significant",-5.45234911958141
"Lcu.1GRN.Chr5p148267652",5,148267652,3.42782655700363e-09,0.296296296296296,NA,2.01927799562109e-06,"GLM","NYC","DTF_Nepal_2017",8.46498116085674,5.69480388727071,"Significant",5.22048909435671
"Lcu.1GRN.Chr2p322517039",2,322517039,3.45356840571859e-09,0.0601851851851852,NA,2.03088539147962e-06,"GLM","NYC","DTF_Nepal_2017",8.46173193739002,5.69231458435117,"Significant",9.40561577425069
"Lcu.1GRN.Chr2p579775614",2,579775614,3.52908995750581e-09,0.228395061728395,NA,2.07167434858003e-06,"GLM","NYC","DTF_Nepal_2017",8.45233727120919,5.6836785113447,"Significant",7.49903442842469
"Lcu.1GRN.Chr7p1548264",7,1548264,3.5490519669013e-09,0.106481481481482,NA,2.07976300165625e-06,"GLM","NYC","DTF_Nepal_2017",8.44988764146017,5.68198615202627,"Significant",7.0410248483596
"Lcu.1GRN.Chr5p456051155",5,456051155,3.56665269654632e-09,0.317901234567901,NA,1.04151140128038e-05,"GLM","NYC","DTF_Sask_2017",8.44773917810681,4.98233597152895,"Significant",-1.64179337621799
"Lcu.1GRN.Chr2p49712998",2,49712998,3.59177096886806e-09,0.416666666666667,NA,1.04151140128038e-05,"GLM","NYC","DTF_Sask_2017",8.44469136413391,4.98233597152895,"Significant",1.83900546474567
"Lcu.1GRN.Chr1p355856946",1,355856946,3.59293886127521e-09,0.380645161290323,NA,3.16373315693864e-06,"MLM","NYC","Cotyledon_Color_RvsY",8.44455017284175,5.49980015392158,"Significant",0.205066987279198
"Lcu.1GRN.Chr2p44640548",2,44640548,3.65323321272846e-09,0.191358024691358,NA,2.13709060185362e-06,"GLM","NYC","DTF_Nepal_2017",8.43732260269413,5.67017706555189,"Significant",5.88820634869592
"Lcu.1GRN.Chr6p40077071",6,40077071,3.70753475302652e-09,0.371913580246914,NA,1.05079320813096e-05,"GLM","NYC","DTF_Sask_2017",8.43091476936852,4.97848274296703,"Significant",-1.43747463255771
"Lcu.1GRN.Chr2p86428148",2,86428148,3.70854450021204e-09,0.459876543209877,NA,1.05079320813096e-05,"GLM","NYC","DTF_Sask_2017",8.43079650535906,4.97848274296703,"Significant",-1.39860684990462
"Lcu.1GRN.Chr5p505203141",5,505203141,3.72052072816041e-09,0.0509259259259259,NA,2.1726742982103e-06,"GLM","NYC","DTF_Nepal_2017",8.42939627153212,5.66300537312346,"Significant",9.68977061786745
"Lcu.1GRN.Chr2p561724675",2,561724675,3.73096753887801e-09,0.0725308641975309,NA,2.17499888760794e-06,"GLM","NYC","DTF_Nepal_2017",8.42817852950312,5.66254096082698,"Significant",8.19171565932493
"Lcu.1GRN.Chr2p45095412",2,45095412,3.74549156283889e-09,0.236111111111111,NA,1.05079320813096e-05,"GLM","NYC","DTF_Sask_2017",8.42649117689137,4.97848274296703,"Significant",1.65556833495845
"Lcu.1GRN.Chr2p85175138",2,85175138,3.74873828216546e-09,0.45679012345679,NA,1.05079320813096e-05,"GLM","NYC","DTF_Sask_2017",8.42611487875128,4.97848274296703,"Significant",-1.3965981185586
"Lcu.1GRN.Chr2p14583534",2,14583534,3.76564980897231e-09,0.0570987654320988,NA,2.19141925483493e-06,"GLM","NYC","DTF_Nepal_2017",8.42416007016705,5.65927452675571,"Significant",8.98194384383964
"Lcu.1GRN.Chr5p136000031",5,136000031,3.80757018804533e-09,0.334876543209877,NA,2.21198784359628e-06,"GLM","NYC","DTF_Nepal_2017",8.4193520822139,5.65521726410946,"Significant",4.68112847421568
"Lcu.1GRN.Chr4p412171300",4,412171300,3.81492793072503e-09,0.0833333333333334,NA,1.05426024330727e-05,"GLM","NYC","DTF_Sask_2017",8.41851366205617,4.97705217064014,"Significant",2.351030254009
"Lcu.1GRN.Chr1p539580141",1,539580141,3.82379215807396e-09,0.307098765432099,NA,1.05426024330727e-05,"GLM","NYC","DTF_Sask_2017",8.41750572179727,4.97705217064014,"Significant",-1.82314597955073
"Lcu.1GRN.Chr1p359131844",1,359131844,3.83646469498225e-09,0.246774193548387,NA,3.36934757195064e-06,"MLM","NYC","Cotyledon_Color_RvsY",8.41606879403433,5.47245418617107,"Significant",-0.243485356001664
"Lcu.1GRN.Chr1p360343177",1,360343177,3.88072696386849e-09,0.137096774193548,NA,3.39934501733217e-06,"MLM","NYC","Cotyledon_Color_RvsY",8.41108691182236,5.46860475435802,"Significant",-0.292306407979464
"Lcu.1GRN.Chr2p246696248",2,246696248,3.94887907468795e-09,0.294753086419753,NA,2.29012518571648e-06,"GLM","NYC","DTF_Nepal_2017",8.40352616532647,5.64014077705753,"Significant",5.92327685788399
"Lcu.1GRN.Chr5p146055124",5,146055124,3.9636410330146e-09,0.310185185185185,NA,2.29472985086407e-06,"GLM","NYC","DTF_Nepal_2017",8.40190568426753,5.63926843482598,"Significant",5.14689808211239
"Lcu.1GRN.Chr6p300129274",6,300129274,4.02286565221069e-09,0.174382716049383,NA,2.3250158949092e-06,"GLM","NYC","DTF_Nepal_2017",8.39546447090321,5.63357407372123,"Significant",7.37020162981639
"Lcu.1GRN.Chr6p420963307",6,420963307,4.04216199455498e-09,0.203703703703704,NA,1.10540642570933e-05,"GLM","NYC","DTF_Sask_2017",8.39338628559272,4.95647801520024,"Significant",-1.79254643525695
"Lcu.1GRN.Chr4p451382688",4,451382688,4.0476092906231e-09,0.404320987654321,NA,2.33530393526419e-06,"GLM","NYC","DTF_Nepal_2017",8.3928014159103,5.63165658883743,"Significant",-5.30761885572605
"Lcu.1GRN.Chr7p52453505",7,52453505,4.05655439905523e-09,0.148148148148148,NA,2.33585100240021e-06,"GLM","NYC","DTF_Nepal_2017",8.39184269568734,5.63155486314318,"Significant",6.54879369013577
"Lcu.1GRN.Chr4p167202988",4,167202988,4.06244618646931e-09,0.0524691358024691,NA,2.33585100240021e-06,"GLM","NYC","DTF_Nepal_2017",8.39121237889288,5.63155486314318,"Significant",9.63239238879942
"Lcu.1GRN.Chr2p247283633",2,247283633,4.09364237551019e-09,0.310185185185185,NA,2.34977168075637e-06,"GLM","NYC","DTF_Nepal_2017",8.38789010039518,5.6289743345814,"Significant",5.91515146387468
"Lcu.1GRN.Chr1p362779326",1,362779326,4.12914948606895e-09,0.262903225806452,NA,3.60755746800144e-06,"MLM","NYC","Cotyledon_Color_RvsY",8.38413939423847,5.4427867419151,"Significant",-0.189388416042485
"Lcu.1GRN.Chr3p344546149",3,344546149,4.16633795630176e-09,0.361111111111111,NA,2.38742521183536e-06,"GLM","NYC","DTF_Nepal_2017",8.38024550476657,5.62207022418231,"Significant",5.19919114878047
"Lcu.1GRN.Chr5p459452302",5,459452302,4.17454511651077e-09,0.123456790123457,NA,2.38805989320642e-06,"GLM","NYC","DTF_Nepal_2017",8.37939084093539,5.62195478517966,"Significant",-6.93080664906859
"Lcu.1GRN.Chr2p247765633",2,247765633,4.19176668828721e-09,0.311728395061728,NA,2.39384038308846e-06,"GLM","NYC","DTF_Nepal_2017",8.3776028979731,5.62090481092833,"Significant",5.88074199758569
"Lcu.1GRN.Chr4p500864668",4,500864668,4.20745238244198e-09,0.237654320987654,NA,2.39872565343197e-06,"GLM","NYC","DTF_Nepal_2017",8.37598079042278,5.62001942023305,"Significant",-5.42433574448495
"Lcu.1GRN.Chr5p448143626",5,448143626,4.23967798374992e-09,0.0570987654320988,NA,2.41300806152286e-06,"GLM","NYC","DTF_Nepal_2017",8.37266712812221,5.61744122717159,"Significant",9.11750421405986
"Lcu.1GRN.Chr3p402707425",3,402707425,4.26243481779735e-09,0.115740740740741,NA,2.42186218303723e-06,"GLM","NYC","DTF_Nepal_2017",8.37034224928681,5.61585057417785,"Significant",6.27841095700433
"Lcu.1GRN.Chr2p49846969",2,49846969,4.26454452090235e-09,0.182098765432099,NA,1.15533161787894e-05,"GLM","NYC","DTF_Sask_2017",8.3701273472918,4.9372933411885,"Significant",1.81684584789619
"Lcu.1GRN.Chr1p361856257",1,361856257,4.27723262387012e-09,0.0451612903225806,NA,3.72725364246975e-06,"MLM","NYC","Cotyledon_Color_RvsY",8.36883712932798,5.42861105216786,"Significant",-0.347384877504654
"Lcu.1GRN.Chr1p360327311",1,360327311,4.29528076278017e-09,0.125806451612903,NA,3.73330931352475e-06,"MLM","NYC","Cotyledon_Color_RvsY",8.36700844306884,5.42790602625588,"Significant",-0.207629740532738
"Lcu.1GRN.Chr2p85192595",2,85192595,4.33146725704154e-09,0.458333333333333,NA,1.15533161787894e-05,"GLM","NYC","DTF_Sask_2017",8.36336496422467,4.9372933411885,"Significant",-1.4011392117431
"Lcu.1GRN.Chr5p456048706",5,456048706,4.33618073160259e-09,0.327160493827161,NA,1.15533161787894e-05,"GLM","NYC","DTF_Sask_2017",8.36289262473952,4.9372933411885,"Significant",-1.5605798153379
"Lcu.1GRN.Chr4p474466711",4,474466711,4.3415121898538e-09,0.410493827160494,NA,2.46263310415608e-06,"GLM","NYC","DTF_Nepal_2017",8.36235897525196,5.60860028678435,"Significant",4.20075282385028
"Lcu.1GRN.Chr2p14107999",2,14107999,4.36360668182255e-09,0.0632716049382716,NA,2.46684586343631e-06,"GLM","NYC","DTF_Nepal_2017",8.36015440189951,5.60785798579618,"Significant",8.41514695193905
"Lcu.1GRN.Chr2p14203941",2,14203941,4.36360668182255e-09,0.0632716049382716,NA,2.46684586343631e-06,"GLM","NYC","DTF_Nepal_2017",8.36015440189951,5.60785798579618,"Significant",8.41514695193905
"Lcu.1GRN.Chr2p50068898",2,50068898,4.36961796474026e-09,0.327160493827161,NA,1.15533161787894e-05,"GLM","NYC","DTF_Sask_2017",8.35955653169273,4.9372933411885,"Significant",1.6078785077638
"Lcu.1GRN.Chr4p39749551",4,39749551,4.37543272479426e-09,0.243827160493827,NA,2.46938117339072e-06,"GLM","NYC","DTF_Nepal_2017",8.3589789893395,5.60741186724786,"Significant",4.71865858355415
"Lcu.1GRN.Chr5p455355768",5,455355768,4.39646121910011e-09,0.311728395061728,NA,1.15533161787894e-05,"GLM","NYC","DTF_Sask_2017",8.35689675337251,4.9372933411885,"Significant",1.54115694636602
"Lcu.1GRN.Chr4p474403066",4,474403066,4.40313480139308e-09,0.407407407407407,NA,2.47823250689048e-06,"GLM","NYC","DTF_Nepal_2017",8.35623801846848,5.60585795069498,"Significant",4.18381155927611
"Lcu.1GRN.Chr4p500366616",4,500366616,4.40585146319498e-09,0.475308641975309,NA,2.47823250689048e-06,"GLM","NYC","DTF_Nepal_2017",8.35597014853845,5.60585795069498,"Significant",-4.49622313953307
"Lcu.1GRN.Chr4p39750019",4,39750019,4.41906557750312e-09,0.208333333333333,NA,2.47917418705754e-06,"GLM","NYC","DTF_Nepal_2017",8.35466955360032,5.60569295858098,"Significant",5.00129008012237
"Lcu.1GRN.Chr2p44212967",2,44212967,4.42818332702871e-09,0.166666666666667,NA,2.47917418705754e-06,"GLM","NYC","DTF_Nepal_2017",8.35377440760613,5.60569295858098,"Significant",6.22907782014681
"Lcu.1GRN.Chr4p175764539",4,175764539,4.42963693353266e-09,0.058641975308642,NA,2.47917418705754e-06,"GLM","NYC","DTF_Nepal_2017",8.35363186841012,5.60569295858098,"Significant",9.36549241195689
"Lcu.1GRN.Chr5p27837907",5,27837907,4.45761352143501e-09,0.25,NA,2.490687852765e-06,"GLM","NYC","DTF_Nepal_2017",8.35089758789349,5.60368069731944,"Significant",6.18104768471483
"Lcu.1GRN.Chr2p43932115",2,43932115,4.49176699054255e-09,0.368827160493827,NA,2.50508570561556e-06,"GLM","NYC","DTF_Nepal_2017",8.34758278076015,5.6011774111783,"Significant",-4.41108764516969
"Lcu.1GRN.Chr3p414960024",3,414960024,4.49827648429185e-09,0.407407407407407,NA,2.50508570561556e-06,"GLM","NYC","DTF_Nepal_2017",8.34695385438905,5.6011774111783,"Significant",-4.42688296625104
"Lcu.1GRN.Chr5p1650591",5,1650591,4.51081224676633e-09,0.123456790123457,NA,0.00030345767660161,"MLM","NYC","DTF_Nepal_2017",8.34574524913601,3.51790187164015,"Significant",11.0977673285455
"Lcu.1GRN.Chr5p1651791",5,1651791,4.51081224676633e-09,0.123456790123457,NA,0.00030345767660161,"MLM","NYC","DTF_Nepal_2017",8.34574524913601,3.51790187164015,"Significant",11.0977673285455
"Lcu.1GRN.Chr5p1674804",5,1674804,4.51081224676633e-09,0.123456790123457,NA,0.00030345767660161,"MLM","NYC","DTF_Nepal_2017",8.34574524913601,3.51790187164015,"Significant",11.0977673285455
"Lcu.1GRN.Chr5p1690381",5,1690381,4.51081224676633e-09,0.123456790123457,NA,0.00030345767660161,"MLM","NYC","DTF_Nepal_2017",8.34574524913601,3.51790187164015,"Significant",11.0977673285455
"Lcu.1GRN.Chr5p135650803",5,135650803,4.51893447727939e-09,0.33641975308642,NA,2.51243046829593e-06,"GLM","NYC","DTF_Nepal_2017",8.34496395571733,5.59990594853792,"Significant",4.68139877534705
"Lcu.1GRN.Chr2p10547060",2,10547060,4.53317020631717e-09,0.415123456790123,NA,2.5161862422249e-06,"GLM","NYC","DTF_Nepal_2017",8.3435979742401,5.59925721657451,"Significant",5.04768091822788
"Lcu.1GRN.Chr2p630477418",2,630477418,4.54809495001988e-09,0.214506172839506,NA,2.52031145643054e-06,"GLM","NYC","DTF_Nepal_2017",8.34217047717708,5.59854578642046,"Significant",5.20473231249156
"Lcu.1GRN.Chr2p248169291",2,248169291,4.56357270651027e-09,0.308641975308642,NA,2.52472904699135e-06,"GLM","NYC","DTF_Nepal_2017",8.34069502593045,5.59778522337131,"Significant",5.90654442092239
"Lcu.1GRN.Chr2p50160779",2,50160779,4.5860378472823e-09,0.339506172839506,NA,1.17632868040991e-05,"GLM","NYC","DTF_Sask_2017",8.33856236548091,4.92947131419163,"Significant",1.59479912030528
"Lcu.1GRN.Chr2p247765568",2,247765568,4.59092716741569e-09,0.328703703703704,NA,2.53569195159625e-06,"GLM","NYC","DTF_Nepal_2017",8.33809959702713,5.59590350782813,"Significant",5.8139060820647
"Lcu.1GRN.Chr2p2522322",2,2522322,4.62079898732107e-09,0.0632716049382716,NA,1.17632868040991e-05,"GLM","NYC","DTF_Sask_2017",8.335282923625,4.92947131419163,"Significant",2.66204122849655
"Lcu.1GRN.Chr2p2523566",2,2523566,4.62079898732107e-09,0.0632716049382716,NA,1.17632868040991e-05,"GLM","NYC","DTF_Sask_2017",8.335282923625,4.92947131419163,"Significant",2.66204122849655
"Lcu.1GRN.Chr2p49705488",2,49705488,4.67242569617209e-09,0.316358024691358,NA,1.17632868040991e-05,"GLM","NYC","DTF_Sask_2017",8.33045759631596,4.92947131419163,"Significant",1.62838080069388
"Lcu.1GRN.Chr1p540390387",1,540390387,4.71498894380252e-09,0.234567901234568,NA,1.17632868040991e-05,"GLM","NYC","DTF_Sask_2017",8.32651932130442,4.92947131419163,"Significant",-1.77920170229717
"Lcu.1GRN.Chr2p86425649",2,86425649,4.73459582772882e-09,0.455246913580247,NA,1.17632868040991e-05,"GLM","NYC","DTF_Sask_2017",8.32471708894772,4.92947131419163,"Significant",-1.39409772116878
"Lcu.1GRN.Chr1p562751608",1,562751608,4.74192187303407e-09,0.276234567901235,NA,2.61479677814238e-06,"GLM","NYC","DTF_Nepal_2017",8.32404560564878,5.58256205882768,"Significant",5.30079427707136
"Lcu.1GRN.Chr1p558275288",1,558275288,4.75011026258033e-09,0.28858024691358,NA,1.17632868040991e-05,"GLM","NYC","DTF_Sask_2017",8.32329630913842,4.92947131419163,"Significant",1.51955765773954
"Lcu.1GRN.Chr2p37309574",2,37309574,4.75613542754632e-09,0.223765432098765,NA,1.17632868040991e-05,"GLM","NYC","DTF_Sask_2017",8.32274578765328,4.92947131419163,"Significant",1.72827312649011
"Lcu.1GRN.Chr4p46158014",4,46158014,4.88595839005876e-09,0.195987654320988,-1.30788376253373,0.000547825055262965,"FarmCPU","Kansas","DTF_Sask_2017",8.31105023589816,3.26135810878595,"Significant",NA
"Lcu.1GRN.Chr7p633790216",7,633790216,4.88636742653637e-09,0.339506172839506,NA,2.6856417518983e-06,"GLM","NYC","DTF_Nepal_2017",8.31101387970444,5.57095192001813,"Significant",-7.29352911404931
"Lcu.1GRN.Chr7p633792449",7,633792449,4.88636742653637e-09,0.339506172839506,NA,2.6856417518983e-06,"GLM","NYC","DTF_Nepal_2017",8.31101387970444,5.57095192001813,"Significant",-7.29352911404931
"Lcu.1GRN.Chr2p248978302",2,248978302,4.90724203280798e-09,0.305555555555556,NA,2.69271497691602e-06,"GLM","NYC","DTF_Nepal_2017",8.30916252141164,5.56980961409818,"Significant",5.95927487155893
"Lcu.1GRN.Chr5p131734521",5,131734521,4.915667113479e-09,0.464506172839506,NA,2.69294495107425e-06,"GLM","NYC","DTF_Nepal_2017",8.30841753499514,5.56977252430444,"Significant",-4.75860038920752
"Lcu.1GRN.Chr5p135807135",5,135807135,4.96387778198309e-09,0.359567901234568,NA,2.71493443559725e-06,"GLM","NYC","DTF_Nepal_2017",8.30417892001452,5.56624065395806,"Significant",4.96604197139942
"Lcu.1GRN.Chr2p85996216",2,85996216,4.97414076219546e-09,0.447530864197531,NA,1.22126774142876e-05,"GLM","NYC","DTF_Sask_2017",8.30328192888117,4.9131891142057,"Significant",1.52961871724665
"Lcu.1GRN.Chr3p375936387",3,375936387,5.00383444271677e-09,0.183641975308642,NA,2.72696807555326e-06,"GLM","NYC","DTF_Nepal_2017",8.30069706784432,5.56431994628727,"Significant",5.3534423052962
"Lcu.1GRN.Chr4p39749927",4,39749927,5.01061832146509e-09,0.217592592592593,NA,2.72696807555326e-06,"GLM","NYC","DTF_Nepal_2017",8.30010867791902,5.56431994628727,"Significant",4.85499797659156
"Lcu.1GRN.Chr1p362573228",1,362573228,5.0288383191672e-09,0.119354838709677,NA,4.35962695593638e-06,"MLM","NYC","Cotyledon_Color_RvsY",8.29853232704009,5.36055067080243,"Significant",-0.268649948137642
"Lcu.1GRN.Chr5p37926892",5,37926892,5.03105157074372e-09,0.138888888888889,NA,2.72696807555326e-06,"GLM","NYC","DTF_Nepal_2017",8.2983412309202,5.56431994628727,"Significant",8.16794446077188
"Lcu.1GRN.Chr4p496233985",4,496233985,5.03182324402133e-09,0.308641975308642,NA,2.72696807555326e-06,"GLM","NYC","DTF_Nepal_2017",8.29827462302671,5.56431994628727,"Significant",-5.23850964047477
"Lcu.1GRN.Chr2p43812951",2,43812951,5.03210519118547e-09,0.260802469135803,NA,2.72696807555326e-06,"GLM","NYC","DTF_Nepal_2017",8.29825028897099,5.56431994628727,"Significant",4.97883638009591
"Lcu.1GRN.Chr2p14200756",2,14200756,5.03452233696698e-09,0.0601851851851852,NA,2.72696807555326e-06,"GLM","NYC","DTF_Nepal_2017",8.29804172794257,5.56431994628727,"Significant",8.56482236970419
"Lcu.1GRN.Chr7p633645868",7,633645868,5.05786394739632e-09,0.304012345679012,NA,2.73520662764286e-06,"GLM","NYC","DTF_Nepal_2017",8.29603285701805,5.56300985987699,"Significant",6.00634170412485
"Lcu.1GRN.Chr2p248977999",2,248977999,5.07416674492823e-09,0.302469135802469,NA,2.73699125069079e-06,"GLM","NYC","DTF_Nepal_2017",8.29463526529475,5.56272659089195,"Significant",5.96994563982133
"Lcu.1GRN.Chr1p560430675",1,560430675,5.07743785933535e-09,0.12962962962963,NA,2.73699125069079e-06,"GLM","NYC","DTF_Nepal_2017",8.2943553830414,5.56272659089195,"Significant",6.54218584666535
"Lcu.1GRN.Chr3p343756360",3,343756360,5.15346622442952e-09,0.459876543209877,NA,2.77352955762029e-06,"GLM","NYC","DTF_Nepal_2017",8.28790056595386,5.55696720146606,"Significant",-6.10041564354458
"Lcu.1GRN.Chr2p593957865",2,593957865,5.16831026215724e-09,0.217592592592593,NA,2.77707510854799e-06,"GLM","NYC","DTF_Nepal_2017",8.28665142281904,5.55641237419759,"Significant",-5.30330082566286
"Lcu.1GRN.Chr1p368966052",1,368966052,5.17696740909664e-09,0.388709677419355,NA,4.47650641772651e-06,"MLM","NYC","Cotyledon_Color_RvsY",8.28592456905215,5.34906078854598,"Significant",-0.180981305011656
"Lcu.1GRN.Chr2p51503159",2,51503159,5.21320588314388e-09,0.330246913580247,NA,1.27068871253294e-05,"GLM","NYC","DTF_Sask_2017",8.28289512330861,4.89596082787797,"Significant",1.59286037629805
"Lcu.1GRN.Chr2p561728322",2,561728322,5.26310317642435e-09,0.0802469135802469,NA,2.8234995632286e-06,"GLM","NYC","DTF_Nepal_2017",8.27875811610992,5.54921227510876,"Significant",7.92329783140167
"Lcu.1GRN.Chr2p248170687",2,248170687,5.2964203029787e-09,0.339506172839506,NA,2.83684873893636e-06,"GLM","NYC","DTF_Nepal_2017",8.27601755830749,5.54716382021281,"Significant",5.70759326343506
"Lcu.1GRN.Chr2p86600335",2,86600335,5.31555755933138e-09,0.387345679012346,NA,1.28631521551052e-05,"GLM","NYC","DTF_Sask_2017",8.27445117474539,4.89065259316761,"Significant",1.42570124949501
"Lcu.1GRN.Chr1p363534794",1,363534794,5.40303064843396e-09,0.130645161290323,NA,4.66000310287638e-06,"MLM","NYC","Cotyledon_Color_RvsY",8.26736256893906,5.33161379413368,"Significant",-0.249643380608676
"Lcu.1GRN.Chr2p86593367",2,86593367,5.40780191599942e-09,0.401234567901235,NA,1.29929007648498e-05,"GLM","NYC","DTF_Sask_2017",8.2669792246781,4.88629387852446,"Significant",1.45210869741881
"Lcu.1GRN.Chr2p322070626",2,322070626,5.41919940551115e-09,0.0570987654320988,NA,2.89450548161073e-06,"GLM","NYC","DTF_Nepal_2017",8.26606486834176,5.53842562363007,"Significant",9.45958734357873
"Lcu.1GRN.Chr5p505282188",5,505282188,5.42307354798753e-09,0.0524691358024691,NA,2.89450548161073e-06,"GLM","NYC","DTF_Nepal_2017",8.26575450560169,5.53842562363007,"Significant",9.48939584516711
"Lcu.1GRN.Chr7p602963410",7,602963410,5.44064774707725e-09,0.0524691358024691,NA,2.89450548161073e-06,"GLM","NYC","DTF_Nepal_2017",8.26434939143518,5.53842562363007,"Significant",9.80400974636586
"Lcu.1GRN.Chr4p496274031",4,496274031,5.44124482839179e-09,0.37962962962963,NA,2.89450548161073e-06,"GLM","NYC","DTF_Nepal_2017",8.26430173260771,5.53842562363007,"Significant",-4.31392644986863
"Lcu.1GRN.Chr2p561701100",2,561701100,5.44709192596061e-09,0.223765432098765,NA,2.89450548161073e-06,"GLM","NYC","DTF_Nepal_2017",8.26383529544459,5.53842562363007,"Significant",-6.90201751215955
"Lcu.1GRN.Chr2p630477299",2,630477299,5.45940752202556e-09,0.212962962962963,NA,2.89647402202078e-06,"GLM","NYC","DTF_Nepal_2017",8.2628544862104,5.53813036226025,"Significant",5.16299241840767
"Lcu.1GRN.Chr5p131734555",5,131734555,5.48847507045879e-09,0.46141975308642,NA,2.90546232655659e-06,"GLM","NYC","DTF_Nepal_2017",8.26054830408899,5.53678475143314,"Significant",-4.71397739420703
"Lcu.1GRN.Chr5p448129927",5,448129927,5.49362464121032e-09,0.0570987654320988,NA,2.90546232655659e-06,"GLM","NYC","DTF_Nepal_2017",8.26014101761661,5.53678475143314,"Significant",9.11607235631823
"Lcu.1GRN.Chr6p14300967",6,14300967,5.50582957323311e-09,0.0617283950617284,NA,2.9073459592774e-06,"GLM","NYC","DTF_Nepal_2017",8.25917723583225,5.53650328633573,"Significant",10.0845847296898
"Lcu.1GRN.Chr1p367801039",1,367801039,5.50647733283343e-09,0.288709677419355,NA,4.73707739389561e-06,"MLM","NYC","Cotyledon_Color_RvsY",8.25912614419038,5.32448951975437,"Significant",-0.195437834072017
"Lcu.1GRN.Chr7p633957291",7,633957291,5.62846065757222e-09,0.361111111111111,NA,2.96744267398996e-06,"GLM","NYC","DTF_Nepal_2017",8.24961036524324,5.52761766213253,"Significant",-6.37847249963988
"Lcu.1GRN.Chr5p141083261",5,141083261,5.64230662948737e-09,0.396604938271605,NA,2.97008725202e-06,"GLM","NYC","DTF_Nepal_2017",8.24854331593396,5.52723079226049,"Significant",4.62590349504981
"Lcu.1GRN.Chr2p246775030",2,246775030,5.6720102714838e-09,0.310185185185185,NA,2.98105793591905e-06,"GLM","NYC","DTF_Nepal_2017",8.24626299135731,5.52562958350932,"Significant",5.89625591580926
"Lcu.1GRN.Chr4p470919734",4,470919734,5.70223269930533e-09,0.0524691358024691,NA,2.99226662459787e-06,"GLM","NYC","DTF_Nepal_2017",8.24395506377819,5.52399971146514,"Significant",9.85778067309343
"Lcu.1GRN.Chr7p419054790",7,419054790,5.72088848693645e-09,0.0941358024691358,NA,2.99738021446317e-06,"GLM","NYC","DTF_Nepal_2017",8.24253651753413,5.52325816377111,"Significant",7.72224339632839
"Lcu.1GRN.Chr6p40023078",6,40023078,5.73253155068832e-09,0.368827160493827,NA,1.35989677349354e-05,"GLM","NYC","DTF_Sask_2017",8.2416535463229,4.86649405663243,"Significant",-1.46388999420992
"Lcu.1GRN.Chr2p86600361",2,86600361,5.74091221303169e-09,0.344135802469136,NA,1.35989677349354e-05,"GLM","NYC","DTF_Sask_2017",8.24101909408124,4.86649405663243,"Significant",1.51815752379888
"Lcu.1GRN.Chr1p368087177",1,368087177,5.77422501228498e-09,0.374193548387097,NA,4.95474169568179e-06,"MLM","NYC","Cotyledon_Color_RvsY",8.23850629636634,5.30497898155492,"Significant",-0.186121953068483
"Lcu.1GRN.Chr7p645896249",7,645896249,5.80297327985368e-09,0.132716049382716,NA,3.03565896302417e-06,"GLM","NYC","DTF_Nepal_2017",8.23634942916644,5.51774702025879,"Significant",6.1970521931546
"Lcu.1GRN.Chr2p86496270",2,86496270,5.82840194961371e-09,0.459876543209877,NA,1.37096648852148e-05,"GLM","NYC","DTF_Sask_2017",8.23445050520682,4.86297316084001,"Significant",-1.38077662071252
"Lcu.1GRN.Chr3p344053100",3,344053100,5.86746468753968e-09,0.459876543209877,NA,3.06462964992804e-06,"GLM","NYC","DTF_Nepal_2017",8.23154951545801,5.51362200098595,"Significant",-6.01410701959873
"Lcu.1GRN.Chr2p48156226",2,48156226,5.94758090639072e-09,0.342592592592593,NA,1.38170224906355e-05,"GLM","NYC","DTF_Sask_2017",8.22565964143697,4.85958553548623,"Significant",1.77229084999453
"Lcu.1GRN.Chr5p1445012",5,1445012,5.94982272158651e-09,0.140432098765432,NA,3.10282793704169e-06,"GLM","NYC","DTF_Nepal_2017",8.22549597413426,5.50824230693765,"Significant",12.578802250046
"Lcu.1GRN.Chr1p542732389",1,542732389,5.95619743061044e-09,0.117283950617284,NA,1.38170224906355e-05,"GLM","NYC","DTF_Sask_2017",8.22503091508313,4.85958553548623,"Significant",2.09926600634532
"Lcu.1GRN.Chr1p367887629",1,367887629,6.00839075432479e-09,0.159677419354839,NA,5.14255565613223e-06,"MLM","NYC","Cotyledon_Color_RvsY",8.22124183084266,5.28882099938622,"Significant",-0.248757619945394
"Lcu.1GRN.Chr2p561528088",2,561528088,6.08539290179084e-09,0.0725308641975309,NA,3.16514086512993e-06,"GLM","NYC","DTF_Nepal_2017",8.21571137641977,5.49960695686708,"Significant",8.0910886505485
"Lcu.1GRN.Chr6p299852976",6,299852976,6.08813034494782e-09,0.0848765432098766,NA,3.16514086512993e-06,"GLM","NYC","DTF_Nepal_2017",8.21551605803026,5.49960695686708,"Significant",12.6727690790876
"Lcu.1GRN.Chr1p367683624",1,367683624,6.17235387962772e-09,0.398387096774194,NA,5.26948263306786e-06,"MLM","NYC","Cotyledon_Color_RvsY",8.20954918248514,5.27823202247884,"Significant",-0.175364732642048
"Lcu.1GRN.Chr2p43812670",2,43812670,6.26886508879135e-09,0.251543209876543,NA,3.2540730606813e-06,"GLM","NYC","DTF_Nepal_2017",8.20281107644018,5.4875727004789,"Significant",4.95329568163203
"Lcu.1GRN.Chr2p16979212",2,16979212,6.29703008783767e-09,0.106481481481482,NA,3.26365657866825e-06,"GLM","NYC","DTF_Nepal_2017",8.20086423159064,5.48629554655913,"Significant",6.85413115048038
"Lcu.1GRN.Chr1p363538785",1,363538785,6.31249628824309e-09,0.141935483870968,NA,5.36631665558543e-06,"MLM","NYC","Cotyledon_Color_RvsY",8.19979886423899,5.27032370406142,"Significant",-0.234493417021987
"Lcu.1GRN.Chr1p363538926",1,363538926,6.31768691819302e-09,0.166129032258065,NA,5.36631665558543e-06,"MLM","NYC","Cotyledon_Color_RvsY",8.19944189996778,5.27032370406142,"Significant",-0.226607235874306
"Lcu.1GRN.Chr2p45305215",2,45305215,6.32138122047495e-09,0.0972222222222222,NA,1.45637262807363e-05,"GLM","NYC","DTF_Sask_2017",8.19918801809554,4.8367274920481,"Significant",2.86350501105471
"Lcu.1GRN.Chr4p496227541",4,496227541,6.35351209040436e-09,0.368827160493827,NA,3.28786430971237e-06,"GLM","NYC","DTF_Nepal_2017",8.19698613930129,5.48308611411227,"Significant",-4.90512004201742
"Lcu.1GRN.Chr2p610527829",2,610527829,6.42865897639754e-09,0.294753086419753,NA,3.32164168035931e-06,"GLM","NYC","DTF_Nepal_2017",8.19187961181775,5.47864721855407,"Significant",-5.04069962223929
"Lcu.1GRN.Chr5p459570433",5,459570433,6.45811625821486e-09,0.115740740740741,NA,3.3317441586303e-06,"GLM","NYC","DTF_Nepal_2017",8.18989414113262,5.47732835503267,"Significant",-6.69761317371069
"Lcu.1GRN.Chr1p355254360",1,355254360,6.48539521691118e-09,0.380645161290323,NA,5.4948940375989e-06,"MLM","NYC","Cotyledon_Color_RvsY",8.18806355307354,5.26004067800478,"Significant",0.19830278367694
"Lcu.1GRN.Chr2p561528233",2,561528233,6.49313328559567e-09,0.192901234567901,NA,1.48576582576596e-05,"GLM","NYC","DTF_Sask_2017",8.18754568220277,4.82804963511907,"Significant",2.02658131202622
"Lcu.1GRN.Chr1p445204495",1,445204495,6.53692787709715e-09,0.237654320987654,NA,3.36352210105443e-06,"GLM","NYC","DTF_Nepal_2017",8.18462630664362,5.4732057143066,"Significant",5.9406368691869
"Lcu.1GRN.Chr5p150138231",5,150138231,6.53971243935819e-09,0.253086419753086,NA,3.36352210105443e-06,"GLM","NYC","DTF_Nepal_2017",8.18444134781421,5.4732057143066,"Significant",5.38871952593053
"Lcu.1GRN.Chr5p11870903",5,11870903,6.57177816915316e-09,0.146604938271605,NA,3.37485390446342e-06,"GLM","NYC","DTF_Nepal_2017",8.18231710463117,5.47174502279108,"Significant",9.00976636255041
"Lcu.1GRN.Chr2p44147574",2,44147574,6.5856491431089e-09,0.183641975308642,NA,3.376821715427e-06,"GLM","NYC","DTF_Nepal_2017",8.18140141047055,5.47149186801433,"Significant",5.89374528746384
"Lcu.1GRN.Chr5p456048373",5,456048373,6.60502476503713e-09,0.345679012345679,NA,1.49391544868074e-05,"GLM","NYC","DTF_Sask_2017",8.18012554969233,4.82567398164411,"Significant",-1.53033943169626
"Lcu.1GRN.Chr6p328051496",6,328051496,6.60886101739702e-09,0.239197530864197,NA,3.38356583537106e-06,"GLM","NYC","DTF_Nepal_2017",8.17987338113187,5.47062536885978,"Significant",5.03794742519256
"Lcu.1GRN.Chr2p85993396",2,85993396,6.61757550096861e-09,0.483024691358025,NA,1.49391544868074e-05,"GLM","NYC","DTF_Sask_2017",8.17930109506371,4.82567398164411,"Significant",1.44548759759421
"Lcu.1GRN.Chr2p186061424",2,186061424,6.62798963005286e-09,0.239197530864197,NA,3.38540573400712e-06,"GLM","NYC","DTF_Nepal_2017",8.17861817973585,5.47038927454726,"Significant",6.06588271415296
"Lcu.1GRN.Chr2p322270666",2,322270666,6.63258398924596e-09,0.0679012345679012,NA,3.38540573400712e-06,"GLM","NYC","DTF_Nepal_2017",8.17831724178512,5.47038927454726,"Significant",8.90026634551486
"Lcu.1GRN.Chr1p585143942",1,585143942,6.68179134359437e-09,0.0679012345679012,NA,3.40535471041032e-06,"GLM","NYC","DTF_Nepal_2017",8.17510709046689,5.46783764417688,"Significant",8.73655832973532
"Lcu.1GRN.Chr2p86496027",2,86496027,6.68399423171255e-09,0.45679012345679,NA,1.49514632272064e-05,"GLM","NYC","DTF_Sask_2017",8.17496393357465,4.82531630296462,"Significant",-1.3724226496297
"Lcu.1GRN.Chr2p246042325",2,246042325,6.69902631090841e-09,0.313271604938272,NA,3.40897334814119e-06,"GLM","NYC","DTF_Nepal_2017",8.17398831648269,5.46737639413645,"Significant",5.79415384948504
"Lcu.1GRN.Chr4p418017899",4,418017899,6.71643741540989e-09,0.101851851851852,NA,1.49514632272064e-05,"GLM","NYC","DTF_Sask_2017",8.17286102770481,4.82531630296462,"Significant",2.11785406955477
"Lcu.1GRN.Chr5p1685054",5,1685054,6.77520477625583e-09,0.21141975308642,NA,3.44017614241766e-06,"GLM","NYC","DTF_Nepal_2017",8.16907757398065,5.4634193203001,"Significant",6.91451894314139
"Lcu.1GRN.Chr1p562129504",1,562129504,6.78079830192292e-09,0.242283950617284,NA,3.44017614241766e-06,"GLM","NYC","DTF_Nepal_2017",8.1687191737272,5.4634193203001,"Significant",5.52477436856373
"Lcu.1GRN.Chr1p558275435",1,558275435,6.79230718013719e-09,0.302469135802469,NA,1.49514632272064e-05,"GLM","NYC","DTF_Sask_2017",8.16798268147702,4.82531630296462,"Significant",1.58013379425932
"Lcu.1GRN.Chr2p44147580",2,44147580,6.79628947872469e-09,0.183641975308642,NA,3.44284262513582e-06,"GLM","NYC","DTF_Nepal_2017",8.16772813122511,5.46308282876125,"Significant",5.82730930432422
"Lcu.1GRN.Chr5p456048359",5,456048359,6.82026585501454e-09,0.350308641975309,NA,1.49514632272064e-05,"GLM","NYC","DTF_Sask_2017",8.16619869614771,4.82531630296462,"Significant",-1.52799833888719
"Lcu.1GRN.Chr5p456047827",5,456047827,6.84527714368468e-09,0.362654320987654,NA,1.49514632272064e-05,"GLM","NYC","DTF_Sask_2017",8.16460896396003,4.82531630296462,"Significant",-1.52441363272061
"Lcu.1GRN.Chr6p431625536",6,431625536,6.84581424608288e-09,0.307453416149068,NA,0.000135617728571577,"FarmCPU","NYC","DTF_Sask_2017_b",8.16457488915895,3.86768353379097,"Significant",0.225435471625048
"Lcu.1GRN.Chr3p344742571",3,344742571,6.88523134671247e-09,0.259259259259259,NA,3.47688609962969e-06,"GLM","NYC","DTF_Nepal_2017",8.16208146268191,5.45880953626887,"Significant",5.64137450448686
"Lcu.1GRN.Chr2p559998840",2,559998840,6.90199979842527e-09,0.236111111111111,NA,3.47688609962969e-06,"GLM","NYC","DTF_Nepal_2017",8.16102505772822,5.45880953626887,"Significant",-6.95816991254219
"Lcu.1GRN.Chr2p560796104",2,560796104,6.90199979842527e-09,0.236111111111111,NA,3.47688609962969e-06,"GLM","NYC","DTF_Nepal_2017",8.16102505772822,5.45880953626887,"Significant",-6.95816991254219
"Lcu.1GRN.Chr4p496872397",4,496872397,6.90483880568734e-09,0.109567901234568,NA,3.47688609962969e-06,"GLM","NYC","DTF_Nepal_2017",8.1608464556252,5.45880953626887,"Significant",6.17376510917995
"Lcu.1GRN.Chr3p437381468",3,437381468,6.93767514181247e-09,0.319875776397516,NA,0.000135617728571577,"FarmCPU","NYC","DTF_Sask_2017_b",8.15878603995394,3.86768353379097,"Significant",-0.110076021220664
"Lcu.1GRN.Chr2p86496230",2,86496230,6.93780859950735e-09,0.462962962962963,NA,1.49669665746497e-05,"GLM","NYC","DTF_Sask_2017",8.15877768565919,4.82486621123902,"Significant",-1.37959334514179
"Lcu.1GRN.Chr2p86496037",2,86496037,6.94136697608668e-09,0.459876543209877,NA,1.49669665746497e-05,"GLM","NYC","DTF_Sask_2017",8.15855499471644,4.82486621123902,"Significant",-1.37285498794839
"Lcu.1GRN.Chr7p1430802",7,1430802,6.96008514176949e-09,0.128086419753086,NA,3.49946630625049e-06,"GLM","NYC","DTF_Nepal_2017",8.15738544769195,5.4559981836279,"Significant",-5.68491179505025
"Lcu.1GRN.Chr3p417612646",3,417612646,7.00118531427039e-09,0.467592592592593,NA,3.51487716508237e-06,"GLM","NYC","DTF_Nepal_2017",8.15482842686171,5.45408984773066,"Significant",4.19611376987774
"Lcu.1GRN.Chr1p361179553",1,361179553,7.02292568086214e-09,0.198387096774194,NA,5.93537799621748e-06,"MLM","NYC","Cotyledon_Color_RvsY",8.15348192742057,5.22655161766238,"Significant",-0.214016141815251
"Lcu.1GRN.Chr1p363534795",1,363534795,7.2691326402134e-09,0.133870967741936,NA,6.12806099947534e-06,"MLM","NYC","Cotyledon_Color_RvsY",8.1385174064782,5.21267692033308,"Significant",-0.245441898090457
"Lcu.1GRN.Chr5p2415583",5,2415583,7.27392167549544e-09,0.194444444444444,NA,3.646359481701e-06,"GLM","NYC","DTF_Nepal_2017",8.13823137967439,5.43814051801151,"Significant",6.79184293000412
"Lcu.1GRN.Chr2p86600898",2,86600898,7.3029265440211e-09,0.388888888888889,NA,1.56462642855589e-05,"GLM","NYC","DTF_Sask_2017",8.13650306765743,4.80558933823479,"Significant",1.50603560988932
"Lcu.1GRN.Chr2p183853342",2,183853342,7.34316177469197e-09,0.296296296296296,NA,3.67559121527948e-06,"GLM","NYC","DTF_Nepal_2017",8.13411690389322,5.43467279511517,"Significant",5.69663471389475
"Lcu.1GRN.Chr2p610279498",2,610279498,7.43499082922379e-09,0.214506172839506,NA,3.71602609250151e-06,"GLM","NYC","DTF_Nepal_2017",8.12871956282729,5.4299212452194,"Significant",-5.9437252465936
"Lcu.1GRN.Chr3p414413946",3,414413946,7.47828758553063e-09,0.203703703703704,NA,3.73212041584894e-06,"GLM","NYC","DTF_Nepal_2017",8.12619783760284,5.42804435230628,"Significant",5.79723833619704
"Lcu.1GRN.Chr1p524716113",1,524716113,7.53574444339575e-09,0.0972222222222222,NA,3.74966827099364e-06,"GLM","NYC","DTF_Nepal_2017",8.12287383801573,5.42600715212549,"Significant",6.67378944634845
"Lcu.1GRN.Chr1p524716868",1,524716868,7.53574444339575e-09,0.0972222222222222,NA,3.74966827099364e-06,"GLM","NYC","DTF_Nepal_2017",8.12287383801573,5.42600715212549,"Significant",6.67378944634845
"Lcu.1GRN.Chr2p561719200",2,561719200,7.5690782801795e-09,0.185185185185185,NA,1.60305917264557e-05,"GLM","NYC","DTF_Sask_2017",8.12095700322171,4.79505044652973,"Significant",2.05622569950262
"Lcu.1GRN.Chr1p558449550",1,558449550,7.57762825873663e-09,0.237654320987654,NA,1.60305917264557e-05,"GLM","NYC","DTF_Sask_2017",8.12046670404115,4.79505044652973,"Significant",1.64016386580693
"Lcu.1GRN.Chr2p14584478",2,14584478,7.58655171401102e-09,0.0617283950617284,NA,3.76937317634674e-06,"GLM","NYC","DTF_Nepal_2017",8.11995557744684,5.42373086430011,"Significant",8.37355064132157
"Lcu.1GRN.Chr3p417612664",3,417612664,7.59963174762853e-09,0.464506172839506,NA,3.770302849638e-06,"GLM","NYC","DTF_Nepal_2017",8.11920745164653,5.42362376368172,"Significant",4.16496266490466
"Lcu.1GRN.Chr3p344522268",3,344522268,7.68732704346783e-09,0.452160493827161,NA,3.80653040253644e-06,"GLM","NYC","DTF_Nepal_2017",8.11422464226206,5.41947069717211,"Significant",4.74161451096629
"Lcu.1GRN.Chr5p131725377",5,131725377,7.69528721225559e-09,0.450617283950617,NA,3.80653040253644e-06,"GLM","NYC","DTF_Nepal_2017",8.11377516629774,5.41947069717211,"Significant",-4.71148278014695
"Lcu.1GRN.Chr1p360343634",1,360343634,7.70125623061356e-09,0.175806451612903,NA,6.47612113630698e-06,"MLM","NYC","Cotyledon_Color_RvsY",8.11343842683739,5.18868503633348,"Significant",-0.223560561852022
"Lcu.1GRN.Chr6p3170168",6,3170168,7.74547422768297e-09,0.369565217391304,NA,0.000135617728571577,"FarmCPU","NYC","DTF_Sask_2017_b",8.11095198679298,3.86768353379097,"Significant",-0.123180156925258
"Lcu.1GRN.Chr2p247292359",2,247292359,7.75981040682582e-09,0.344135802469136,NA,3.83281078871187e-06,"GLM","NYC","DTF_Nepal_2017",8.11014888960202,5.41648261968293,"Significant",5.41041189899914
"Lcu.1GRN.Chr4p322397822",4,322397822,7.79542418731491e-09,0.0667701863354038,NA,0.000135617728571577,"FarmCPU","NYC","DTF_Sask_2017_b",8.10816024773648,3.86768353379097,"Significant",0.182590721153588
"Lcu.1GRN.Chr5p156348343",5,156348343,7.80007155481994e-09,0.319444444444444,NA,3.8470479012905e-06,"GLM","NYC","DTF_Nepal_2017",8.10790141324274,5.41487240606734,"Significant",5.03507204621405
"Lcu.1GRN.Chr2p44545877",2,44545877,7.84809857739426e-09,0.066358024691358,NA,1.64990085886398e-05,"GLM","NYC","DTF_Sask_2017",8.10523555056319,4.78254215138724,"Significant",2.5751677988203
"Lcu.1GRN.Chr3p344522016",3,344522016,7.90071414026619e-09,0.449074074074074,NA,3.88529168599257e-06,"GLM","NYC","DTF_Nepal_2017",8.1023336513476,5.41057637123584,"Significant",4.74522212967679
"Lcu.1GRN.Chr3p344522038",3,344522038,7.90071414026619e-09,0.449074074074074,NA,3.88529168599257e-06,"GLM","NYC","DTF_Nepal_2017",8.1023336513476,5.41057637123584,"Significant",4.74522212967679
"Lcu.1GRN.Chr1p446647193",1,446647193,7.91672562547646e-09,0.253086419753086,NA,3.88748211454692e-06,"GLM","NYC","DTF_Nepal_2017",8.10145440639367,5.41033159605422,"Significant",5.50678265662719
"Lcu.1GRN.Chr2p44147606",2,44147606,7.94687644476572e-09,0.21141975308642,NA,3.89129313632508e-06,"GLM","NYC","DTF_Nepal_2017",8.09980353918816,5.40990605197879,"Significant",5.58431937243961
"Lcu.1GRN.Chr2p249133361",2,249133361,7.94762382949376e-09,0.308641975308642,NA,3.89129313632508e-06,"GLM","NYC","DTF_Nepal_2017",8.09976269675111,5.40990605197879,"Significant",5.84897649097024
"Lcu.1GRN.Chr5p456049263",5,456049263,7.95756834801255e-09,0.33641975308642,NA,1.6522613534049e-05,"GLM","NYC","DTF_Sask_2017",8.09921962251064,4.78192125522139,"Significant",-1.51670306284244
"Lcu.1GRN.Chr5p456049271",5,456049271,7.95756834801255e-09,0.33641975308642,NA,1.6522613534049e-05,"GLM","NYC","DTF_Sask_2017",8.09921962251064,4.78192125522139,"Significant",-1.51670306284244
"Lcu.1GRN.Chr5p3498321",5,3498321,7.98081125042333e-09,0.0879629629629629,NA,3.90186270039411e-06,"GLM","NYC","DTF_Nepal_2017",8.09795296031908,5.40872801672272,"Significant",11.444262420654
"Lcu.1GRN.Chr5p145440870",5,145440870,8.00017803916961e-09,0.304012345679012,NA,3.90565440711374e-06,"GLM","NYC","DTF_Nepal_2017",8.09690034793699,5.40830618801274,"Significant",5.09804042649756
"Lcu.1GRN.Chr1p367688012",1,367688012,8.05546580649928e-09,0.295161290322581,NA,6.75708944372754e-06,"MLM","NYC","Cotyledon_Color_RvsY",8.09390934148396,5.17024033227227,"Significant",-0.194286320834172
"Lcu.1GRN.Chr4p322379767",4,322379767,8.0636761972237e-09,0.118012422360248,NA,0.000135617728571577,"FarmCPU","NYC","DTF_Sask_2017_b",8.09346691995887,3.86768353379097,"Significant",0.162725058466833
"Lcu.1GRN.Chr4p500990317",4,500990317,8.08253555048755e-09,0.358024691358025,NA,3.92308547692763e-06,"GLM","NYC","DTF_Nepal_2017",8.09245237649722,5.40637222927715,"Significant",-4.64417428797677
"Lcu.1GRN.Chr4p500990383",4,500990383,8.08253555048755e-09,0.358024691358025,NA,3.92308547692763e-06,"GLM","NYC","DTF_Nepal_2017",8.09245237649722,5.40637222927715,"Significant",-4.64417428797677
"Lcu.1GRN.Chr4p500990518",4,500990518,8.08253555048755e-09,0.358024691358025,NA,3.92308547692763e-06,"GLM","NYC","DTF_Nepal_2017",8.09245237649722,5.40637222927715,"Significant",-4.64417428797677
"Lcu.1GRN.Chr4p500990525",4,500990525,8.08253555048755e-09,0.358024691358025,NA,3.92308547692763e-06,"GLM","NYC","DTF_Nepal_2017",8.09245237649722,5.40637222927715,"Significant",-4.64417428797677
"Lcu.1GRN.Chr2p45088043",2,45088043,8.19907071819231e-09,0.118827160493827,NA,1.69196123942711e-05,"GLM","NYC","DTF_Sask_2017",8.08623536771766,4.77160959028975,"Significant",2.92332711719746
"Lcu.1GRN.Chr2p248170629",2,248170629,8.21898600230883e-09,0.328703703703704,NA,3.98250158090074e-06,"GLM","NYC","DTF_Nepal_2017",8.08518175919545,5.39984404312851,"Significant",5.65240875932756
"Lcu.1GRN.Chr4p501360459",4,501360459,8.22999943045577e-09,0.242283950617284,NA,3.98250158090074e-06,"GLM","NYC","DTF_Nepal_2017",8.0846001948424,5.39984404312851,"Significant",6.27135717080159
"Lcu.1GRN.Chr2p248164711",2,248164711,8.24046681246054e-09,0.308641975308642,NA,3.98250158090074e-06,"GLM","NYC","DTF_Nepal_2017",8.08404818534982,5.39984404312851,"Significant",5.75860028519855
"Lcu.1GRN.Chr3p440691864",3,440691864,8.40333249888621e-09,0.0679012345679012,NA,4.0553855705206e-06,"GLM","NYC","DTF_Nepal_2017",8.07554845216846,5.3919678484346,"Significant",7.59270914855267
"Lcu.1GRN.Chr2p195892341",2,195892341,8.45932823226993e-09,0.243827160493827,NA,4.07655997063601e-06,"GLM","NYC","DTF_Nepal_2017",8.07266412355695,5.38970616434824,"Significant",6.81327511036807
"Lcu.1GRN.Chr2p248741549",2,248741549,8.50493854652046e-09,0.307098765432099,NA,4.09267620039692e-06,"GLM","NYC","DTF_Nepal_2017",8.07032882008827,5.38799261400208,"Significant",5.8004614669216
"Lcu.1GRN.Chr1p488852653",1,488852653,8.55171689217688e-09,0.0740740740740741,NA,4.10918476565699e-06,"GLM","NYC","DTF_Nepal_2017",8.06794668504443,5.38624433065314,"Significant",8.46409940426952
"Lcu.1GRN.Chr6p397073044",6,397073044,8.56367753294927e-09,0.095679012345679,NA,4.10918476565699e-06,"GLM","NYC","DTF_Nepal_2017",8.06733969451835,5.38624433065314,"Significant",9.76754978950908
"Lcu.1GRN.Chr1p363986972",1,363986972,8.58268166314026e-09,0.082258064516129,NA,7.16360020591935e-06,"MLM","NYC","Cotyledon_Color_RvsY",8.06637699542165,5.14486865973089,"Significant",-0.25388132463253
"Lcu.1GRN.Chr1p364455309",1,364455309,8.58268166314026e-09,0.082258064516129,NA,7.16360020591935e-06,"MLM","NYC","Cotyledon_Color_RvsY",8.06637699542165,5.14486865973089,"Significant",-0.25388132463253
"Lcu.1GRN.Chr2p318847700",2,318847700,8.58764211939548e-09,0.066358024691358,NA,4.11481398400954e-06,"GLM","NYC","DTF_Nepal_2017",8.0661260626068,5.38564979290473,"Significant",8.81015362802736
"Lcu.1GRN.Chr2p85175399",2,85175399,8.63052910276083e-09,0.455246913580247,NA,1.76465501339181e-05,"GLM","NYC","DTF_Sask_2017",8.06396257863408,4.75334018570088,"Significant",-1.36916299159675
"Lcu.1GRN.Chr5p456053436",5,456053436,8.65626167875113e-09,0.33179012345679,NA,1.76465501339181e-05,"GLM","NYC","DTF_Sask_2017",8.06266962331885,4.75334018570088,"Significant",-1.51677661088858
"Lcu.1GRN.Chr3p297576112",3,297576112,8.73087865050727e-09,0.066358024691358,NA,4.17749567430324e-06,"GLM","NYC","DTF_Nepal_2017",8.05894204794793,5.37908399113588,"Significant",8.9569823001973
"Lcu.1GRN.Chr1p437359352",1,437359352,8.799839264862e-09,0.281055900621118,0.965108628841729,0.000422853647714834,"FarmCPU","Kansas","DTF_Sask_2017_b",8.05552526046585,3.37380991864824,"Significant",NA
"Lcu.1GRN.Chr6p431626106",6,431626106,8.8710537723583e-09,0.309006211180124,NA,0.000135633170193038,"FarmCPU","NYC","DTF_Sask_2017_b",8.05202478824743,3.86763408723777,"Significant",0.245274186511182
"Lcu.1GRN.Chr7p11012268",7,11012268,8.89271792013491e-09,0.154320987654321,NA,4.24856996970657e-06,"GLM","NYC","DTF_Nepal_2017",8.05096548342613,5.37175722495541,"Significant",5.27680440970505
"Lcu.1GRN.Chr3p402976349",3,402976349,8.9046839572346e-09,0.0570987654320988,NA,4.24856996970657e-06,"GLM","NYC","DTF_Nepal_2017",8.05038148979588,5.37175722495541,"Significant",9.50409600327544
"Lcu.1GRN.Chr1p445788717",1,445788717,8.99536450204531e-09,0.277777777777778,NA,1.7798492773291e-05,"GLM","NYC","DTF_Sask_2017",8.04598123387267,4.74961677341907,"Significant",1.57922522266881
"Lcu.1GRN.Chr1p445791283",1,445791283,8.99536450204531e-09,0.277777777777778,NA,1.7798492773291e-05,"GLM","NYC","DTF_Sask_2017",8.04598123387267,4.74961677341907,"Significant",1.57922522266881
"Lcu.1GRN.Chr1p445792800",1,445792800,8.99536450204531e-09,0.277777777777778,NA,1.7798492773291e-05,"GLM","NYC","DTF_Sask_2017",8.04598123387267,4.74961677341907,"Significant",1.57922522266881
"Lcu.1GRN.Chr1p446411579",1,446411579,8.99536450204531e-09,0.277777777777778,NA,1.7798492773291e-05,"GLM","NYC","DTF_Sask_2017",8.04598123387267,4.74961677341907,"Significant",1.57922522266881
"Lcu.1GRN.Chr1p446608224",1,446608224,8.99536450204531e-09,0.277777777777778,NA,1.7798492773291e-05,"GLM","NYC","DTF_Sask_2017",8.04598123387267,4.74961677341907,"Significant",1.57922522266881
"Lcu.1GRN.Chr7p1559267",7,1559267,8.99611258812356e-09,0.364197530864197,NA,4.28378892874606e-06,"GLM","NYC","DTF_Nepal_2017",8.04594511792129,5.36817193591188,"Significant",4.50997684801101
"Lcu.1GRN.Chr4p471973816",4,471973816,9.00397117619583e-09,0.395061728395062,NA,4.28378892874606e-06,"GLM","NYC","DTF_Nepal_2017",8.04556590394686,5.36817193591188,"Significant",4.55718058417506
"Lcu.1GRN.Chr2p67624796",2,67624796,9.05382281160716e-09,0.145061728395062,NA,4.30142262383032e-06,"GLM","NYC","DTF_Nepal_2017",8.04316800914431,5.3663878850022,"Significant",6.30644150458988
"Lcu.1GRN.Chr4p500982673",4,500982673,9.06696085582147e-09,0.240740740740741,NA,4.30158874779986e-06,"GLM","NYC","DTF_Nepal_2017",8.0425382592163,5.36637111256749,"Significant",-5.19791943889271
"Lcu.1GRN.Chr6p40023114",6,40023114,9.07620994403498e-09,0.368827160493827,NA,1.78534357324281e-05,"GLM","NYC","DTF_Sask_2017",8.04209546689889,4.74827819545918,"Significant",-1.42790016472367
"Lcu.1GRN.Chr5p148849761",5,148849761,9.12339783593098e-09,0.257716049382716,NA,4.32002662996577e-06,"GLM","NYC","DTF_Nepal_2017",8.03984338682837,5.36451357605279,"Significant",5.49619869453124
"Lcu.1GRN.Chr2p187430002",2,187430002,9.13151092082655e-09,0.265432098765432,NA,4.32002662996577e-06,"GLM","NYC","DTF_Nepal_2017",8.03945735715489,5.36451357605279,"Significant",5.91475463235417
"Lcu.1GRN.Chr6p4614496",6,4614496,9.23037798281109e-09,0.371913580246914,NA,0.000344977172327135,"FarmCPU","NYC","DTF_Nepal_2017",8.03478051430583,3.46220964191328,"Significant",-0.754681018442398
"Lcu.1GRN.Chr5p485827550",5,485827550,9.24240786562901e-09,0.128086419753086,NA,4.36634972828376e-06,"GLM","NYC","DTF_Nepal_2017",8.03421487006493,5.35988148186991,"Significant",8.26123530203495
"Lcu.1GRN.Chr3p345919251",3,345919251,9.51560529190999e-09,0.435185185185185,NA,4.4891102457558e-06,"GLM","NYC","DTF_Nepal_2017",8.02156358083198,5.34783972885197,"Significant",4.98076846151579
"Lcu.1GRN.Chr2p248632116",2,248632116,9.57543992300812e-09,0.313271604938272,NA,4.51101120529758e-06,"GLM","NYC","DTF_Nepal_2017",8.01884126417438,5.34572609411868,"Significant",5.8691505385525
"Lcu.1GRN.Chr2p50229456",2,50229456,9.6397377929569e-09,0.300925925925926,NA,1.88516841988577e-05,"GLM","NYC","DTF_Sask_2017",8.01593477902462,4.7246498441003,"Significant",1.62399417246161
"Lcu.1GRN.Chr4p39750035",4,39750035,9.67147990460302e-09,0.205246913580247,NA,4.54988347003022e-06,"GLM","NYC","DTF_Nepal_2017",8.01450706622444,5.34199972619364,"Significant",4.92662214826635
"Lcu.1GRN.Chr1p585143599",1,585143599,9.68628796086492e-09,0.0694444444444444,NA,4.55048550632996e-06,"GLM","NYC","DTF_Nepal_2017",8.013842624082,5.34194226455798,"Significant",8.44389826206952
"Lcu.1GRN.Chr3p414075946",3,414075946,9.73646452446406e-09,0.387345679012346,NA,4.56767833012609e-06,"GLM","NYC","DTF_Nepal_2017",8.0115987141947,5.34030448803063,"Significant",4.15067473115903
"Lcu.1GRN.Chr2p248776046",2,248776046,9.75257907770826e-09,0.307098765432099,NA,4.56886597023885e-06,"GLM","NYC","DTF_Nepal_2017",8.01088051957315,5.34019158198357,"Significant",5.79243886180177
"Lcu.1GRN.Chr4p180273383",4,180273383,9.80892292243663e-09,0.0540123456790124,NA,4.58887062121174e-06,"GLM","NYC","DTF_Nepal_2017",8.00837867809643,5.33829418664744,"Significant",9.35036312170405
"Lcu.1GRN.Chr5p4374431",5,4374431,9.86783727545607e-09,0.0709876543209876,NA,4.60664059068947e-06,"GLM","NYC","DTF_Nepal_2017",8.00577802081122,5.33661567000675,"Significant",27.1157219733159
"Lcu.1GRN.Chr2p559999026",2,559999026,9.8742976150666e-09,0.234567901234568,NA,4.60664059068947e-06,"GLM","NYC","DTF_Nepal_2017",8.00549378711919,5.33661567000675,"Significant",-6.92718986399132
"Lcu.1GRN.Chr2p610276907",2,610276907,9.92162544255893e-09,0.212962962962963,NA,4.62230939783549e-06,"GLM","NYC","DTF_Nepal_2017",8.00341717231095,5.33514098804871,"Significant",-5.8661391736822
"Lcu.1GRN.Chr1p373425424",1,373425424,9.94027830458373e-09,0.380645161290323,NA,8.2761920605889e-06,"MLM","NYC","Cotyledon_Color_RvsY",8.00260145620098,5.08216943947971,"Significant",-0.202897516535152
"Lcu.1GRN.Chr1p541560896",1,541560896,9.99312922155153e-09,0.229938271604938,NA,1.94298202130961e-05,"GLM","NYC","DTF_Sask_2017",8.00029849667363,4.71153121797055,"Significant",-1.74539684131119
"Lcu.1GRN.Chr4p14484871",4,14484871,1.00206727915653e-08,0.0725308641975309,NA,0.000561770607480074,"FarmCPU","NYC","DTF_Sask_2017",7.99910311880259,3.25044098735435,"Significant",0.157268638481582
"Lcu.1GRN.Chr6p435447976",6,435447976,1.00516927996652e-08,0.151234567901235,NA,4.67642842592669e-06,"GLM","NYC","DTF_Nepal_2017",7.99776079280618,5.33008570826883,"Significant",8.05177706014535
"Lcu.1GRN.Chr6p388815050",6,388815050,1.00690952530738e-08,0.320987654320988,NA,4.67805436877166e-06,"GLM","NYC","DTF_Nepal_2017",7.99700955072245,5.32993473508772,"Significant",5.17989725729058
"Lcu.1GRN.Chr6p328051127",6,328051127,1.01292785690968e-08,0.236111111111111,NA,4.69659735896846e-06,"GLM","NYC","DTF_Nepal_2017",7.9944214850067,5.3282166704477,"Significant",4.94322765635098
"Lcu.1GRN.Chr2p561719193",2,561719193,1.01369328222183e-08,0.0771604938271605,NA,4.69659735896846e-06,"GLM","NYC","DTF_Nepal_2017",7.99409343157948,5.3282166704477,"Significant",7.88989312526473
"Lcu.1GRN.Chr1p372874897",1,372874897,1.02801902680711e-08,0.101612903225806,NA,8.53806607382786e-06,"MLM","NYC","Cotyledon_Color_RvsY",7.98799884724651,5.06864048862931,"Significant",-0.442940159089807
"Lcu.1GRN.Chr3p414291818",3,414291818,1.02905426504115e-08,0.151234567901235,NA,4.75783811140459e-06,"GLM","NYC","DTF_Nepal_2017",7.98756172301547,5.32259033920497,"Significant",5.48495574679743
"Lcu.1GRN.Chr4p500990109",4,500990109,1.02974017816924e-08,0.359567901234568,NA,4.75783811140459e-06,"GLM","NYC","DTF_Nepal_2017",7.98727234172381,5.32259033920497,"Significant",-4.59186830445398
"Lcu.1GRN.Chr1p365079040",1,365079040,1.0307574885912e-08,0.37258064516129,NA,8.53972424051619e-06,"MLM","NYC","Cotyledon_Color_RvsY",7.98684350130757,5.06855615305289,"Significant",-0.17535950135947
"Lcu.1GRN.Chr2p37293880",2,37293880,1.03386008494583e-08,0.172839506172839,NA,1.98717951538842e-05,"GLM","NYC","DTF_Sask_2017",7.98553823150076,4.70176289835518,"Significant",-1.73239159744952
"Lcu.1GRN.Chr2p37297327",2,37297327,1.03386008494583e-08,0.172839506172839,NA,1.98717951538842e-05,"GLM","NYC","DTF_Sask_2017",7.98553823150076,4.70176289835518,"Significant",-1.73239159744952
"Lcu.1GRN.Chr2p247543239",2,247543239,1.03791424264892e-08,0.302469135802469,NA,4.78170446878786e-06,"GLM","NYC","DTF_Nepal_2017",7.98383852845572,5.32041726877667,"Significant",5.85257089074798
"Lcu.1GRN.Chr5p504940894",5,504940894,1.03844522333645e-08,0.0540123456790124,NA,4.78170446878786e-06,"GLM","NYC","DTF_Nepal_2017",7.98361640700575,5.32041726877667,"Significant",9.25337678599067
"Lcu.1GRN.Chr5p1941396",5,1941396,1.03917030109491e-08,0.151234567901235,NA,4.78170446878786e-06,"GLM","NYC","DTF_Nepal_2017",7.98331327365068,5.32041726877667,"Significant",8.74355609991699
"Lcu.1GRN.Chr4p471079174",4,471079174,1.04095116390135e-08,0.310185185185185,NA,4.7833554665028e-06,"GLM","NYC","DTF_Nepal_2017",7.98256964488492,5.32026734411144,"Significant",-5.05229159547861
"Lcu.1GRN.Chr6p417282549",6,417282549,1.04164194532604e-08,0.393518518518518,NA,1.99076122854252e-05,"GLM","NYC","DTF_Sask_2017",7.98228154005002,4.7009808260323,"Significant",1.50246003881162
"Lcu.1GRN.Chr2p249183962",2,249183962,1.04572886755729e-08,0.300925925925926,NA,4.79875418818068e-06,"GLM","NYC","DTF_Nepal_2017",7.98058090302846,5.31887149583771,"Significant",5.77077211407629
"Lcu.1GRN.Chr5p505202335",5,505202335,1.05256185058124e-08,0.0524691358024691,NA,4.82224581407182e-06,"GLM","NYC","DTF_Nepal_2017",7.97775237475414,5.31675065522485,"Significant",9.31466514080512
"Lcu.1GRN.Chr3p414520688",3,414520688,1.05371533870528e-08,0.197530864197531,NA,4.82224581407182e-06,"GLM","NYC","DTF_Nepal_2017",7.97727669797253,5.31675065522485,"Significant",4.77809569955207
"Lcu.1GRN.Chr2p247574414",2,247574414,1.06552365288016e-08,0.322530864197531,NA,4.86966025201548e-06,"GLM","NYC","DTF_Nepal_2017",7.97243690521649,5.31250133772212,"Significant",5.7160105463542
"Lcu.1GRN.Chr2p248166959",2,248166959,1.08295833860383e-08,0.313271604938272,NA,4.94262479621647e-06,"GLM","NYC","DTF_Nepal_2017",7.96538825035758,5.30604235638476,"Significant",5.79416450254456
"Lcu.1GRN.Chr5p456048397",5,456048397,1.08551237130745e-08,0.341049382716049,NA,2.04844402621223e-05,"GLM","NYC","DTF_Sask_2017",7.96436522263799,4.68857589865703,"Significant",-1.51021311431388
"Lcu.1GRN.Chr2p183250311",2,183250311,1.08643464012218e-08,0.259259259259259,NA,4.94797085066301e-06,"GLM","NYC","DTF_Nepal_2017",7.96399639570157,5.30557286753796,"Significant",5.88926167567757
"Lcu.1GRN.Chr5p2241247",5,2241247,1.08707169806787e-08,0.185185185185185,NA,4.94797085066301e-06,"GLM","NYC","DTF_Nepal_2017",7.96374181097501,5.30557286753796,"Significant",7.32461343826014
"Lcu.1GRN.Chr1p956170",1,956170,1.08928706953355e-08,0.0540123456790124,NA,4.94896342583642e-06,"GLM","NYC","DTF_Nepal_2017",7.9628576516631,5.30548575572938,"Significant",9.40848665743943
"Lcu.1GRN.Chr6p39896632",6,39896632,1.08937753216112e-08,0.407407407407407,NA,2.04844402621223e-05,"GLM","NYC","DTF_Sask_2017",7.96282158606589,4.68857589865703,"Significant",-1.44802136505346
"Lcu.1GRN.Chr1p368193276",1,368193276,1.08996792138813e-08,0.364516129032258,NA,9.00808943030864e-06,"MLM","NYC","Cotyledon_Color_RvsY",7.96258628349894,5.04536731089229,"Significant",-0.178142025479312
"Lcu.1GRN.Chr6p40079427",6,40079427,1.09009350112225e-08,0.271604938271605,NA,2.04844402621223e-05,"GLM","NYC","DTF_Sask_2017",7.96253624950902,4.68857589865703,"Significant",1.87193188613711
"Lcu.1GRN.Chr4p503422319",4,503422319,1.09023236481129e-08,0.401234567901235,NA,4.94896342583642e-06,"GLM","NYC","DTF_Nepal_2017",7.96248092958193,5.30548575572938,"Significant",5.80153623236879
"Lcu.1GRN.Chr6p241296598",6,241296598,1.09369620034093e-08,0.152777777777778,NA,4.95799608921939e-06,"GLM","NYC","DTF_Nepal_2017",7.9611032966848,5.30469382013195,"Significant",9.0055686310734
"Lcu.1GRN.Chr5p146927138",5,146927138,1.09888373372895e-08,0.384259259259259,NA,4.97480787164476e-06,"GLM","NYC","DTF_Nepal_2017",7.9590482552299,5.3032236871586,"Significant",-5.53055818389942
"Lcu.1GRN.Chr5p459570665",5,459570665,1.10278738895167e-08,0.0941358024691358,NA,4.98576996854174e-06,"GLM","NYC","DTF_Nepal_2017",7.95750820896091,5.30226776267492,"Significant",-6.95622298158628
"Lcu.1GRN.Chr2p51056193",2,51056193,1.10409299430882e-08,0.308641975308642,NA,2.06322471231487e-05,"GLM","NYC","DTF_Sask_2017",7.95699434579678,4.6854534690682,"Significant",1.60556049444151
"Lcu.1GRN.Chr1p441538816",1,441538816,1.10465694681883e-08,0.101851851851852,NA,4.98751870108201e-06,"GLM","NYC","DTF_Nepal_2017",7.95677257196542,5.30211546288184,"Significant",9.79810812660185
"Lcu.1GRN.Chr2p67741145",2,67741145,1.10642050272707e-08,0.141975308641975,NA,4.9887847887506e-06,"GLM","NYC","DTF_Nepal_2017",7.95607978505102,5.30200523069181,"Significant",6.51521676623872
"Lcu.1GRN.Chr5p459348152",5,459348152,1.11603145335023e-08,0.169753086419753,NA,5.0253835591574e-06,"GLM","NYC","DTF_Nepal_2017",7.95232356541282,5.29883078539635,"Significant",-5.54801385488236
"Lcu.1GRN.Chr4p501141816",4,501141816,1.12705086076614e-08,0.483024691358025,NA,5.0682181401514e-06,"GLM","NYC","DTF_Nepal_2017",7.94805648497282,5.2951447010054,"Significant",-4.10091789259883
"Lcu.1GRN.Chr1p363893299",1,363893299,1.13314293493229e-08,0.158064516129032,NA,9.34195807829336e-06,"MLM","NYC","Cotyledon_Color_RvsY",7.94571530466699,5.029562085925,"Significant",-0.224494074346801
"Lcu.1GRN.Chr4p177059232",4,177059232,1.14135210186635e-08,0.0540123456790124,NA,5.11320474670962e-06,"GLM","NYC","DTF_Nepal_2017",7.94258035706446,5.29130681658583,"Significant",9.26062869154657
"Lcu.1GRN.Chr4p496274147",4,496274147,1.14202981975307e-08,0.183641975308642,NA,5.11320474670962e-06,"GLM","NYC","DTF_Nepal_2017",7.94232255599811,5.29130681658583,"Significant",-7.99870715911572
"Lcu.1GRN.Chr7p84958445",7,84958445,1.14286424206562e-08,0.0570987654320988,NA,5.11320474670962e-06,"GLM","NYC","DTF_Nepal_2017",7.94200535527701,5.29130681658583,"Significant",8.39783098778867
"Lcu.1GRN.Chr2p43812694",2,43812694,1.14313531634365e-08,0.25,NA,5.11320474670962e-06,"GLM","NYC","DTF_Nepal_2017",7.94190235782607,5.29130681658583,"Significant",4.89342402777714
"Lcu.1GRN.Chr4p390212982",4,390212982,1.14507315877159e-08,0.131172839506173,NA,5.11507069318091e-06,"GLM","NYC","DTF_Nepal_2017",7.94116676534522,5.29114835971405,"Significant",-6.87070887418906
"Lcu.1GRN.Chr1p437953543",1,437953543,1.14659141729332e-08,0.115740740740741,NA,2.13080395171659e-05,"GLM","NYC","DTF_Sask_2017",7.94059131342137,4.67145650645868,"Significant",2.32652911166542
"Lcu.1GRN.Chr6p439164898",6,439164898,1.14885915349673e-08,0.0833333333333334,NA,5.1251764838758e-06,"GLM","NYC","DTF_Nepal_2017",7.93973321117992,5.29029117521782,"Significant",9.01179648153106
"Lcu.1GRN.Chr4p166514083",4,166514083,1.15171703078195e-08,0.058641975308642,NA,5.1311205628216e-06,"GLM","NYC","DTF_Nepal_2017",7.9386542110739,5.28978778087122,"Significant",9.57222075715686
"Lcu.1GRN.Chr2p43069804",2,43069804,1.15417974049977e-08,0.162037037037037,NA,5.13529069805141e-06,"GLM","NYC","DTF_Nepal_2017",7.93772655320044,5.28943496686977,"Significant",6.85798894255481
"Lcu.1GRN.Chr1p365301723",1,365301723,1.15465942701055e-08,0.435483870967742,NA,9.49607157665668e-06,"MLM","NYC","Cotyledon_Color_RvsY",7.93754609437022,5.02245602054569,"Significant",-0.157201117567295
"Lcu.1GRN.Chr4p496367510",4,496367510,1.15662007630659e-08,0.058641975308642,NA,5.13935039903591e-06,"GLM","NYC","DTF_Nepal_2017",7.93680927359779,5.28909177126599,"Significant",8.48778474959136
"Lcu.1GRN.Chr2p43312218",2,43312218,1.15755521739995e-08,0.171296296296296,NA,2.13718821420922e-05,"GLM","NYC","DTF_Sask_2017",7.9364582832127,4.67015722945358,"Significant",1.78721139127924
"Lcu.1GRN.Chr6p40077024",6,40077024,1.16273428487422e-08,0.445987654320988,NA,2.13718821420922e-05,"GLM","NYC","DTF_Sask_2017",7.93451952155502,4.67015722945358,"Significant",1.36445791361072
"Lcu.1GRN.Chr5p1684480",5,1684480,1.17092518880873e-08,0.175925925925926,NA,0.000584943358117281,"MLM","NYC","DTF_Nepal_2017",7.93147085140538,3.23288618596582,"Significant",6.97971066948381
"Lcu.1GRN.Chr3p358806549",3,358806549,1.17161465687797e-08,0.0787037037037037,NA,5.19910959485583e-06,"GLM","NYC","DTF_Nepal_2017",7.93121520394041,5.28407102774059,"Significant",7.20515247271089
"Lcu.1GRN.Chr1p437626545",1,437626545,1.17777475026717e-08,0.118827160493827,NA,2.15306825773434e-05,"GLM","NYC","DTF_Sask_2017",7.92893776054206,4.66694220171972,"Significant",2.31732840494755
"Lcu.1GRN.Chr4p501033245",4,501033245,1.17885402958623e-08,0.157407407407407,NA,5.22434246864073e-06,"GLM","NYC","DTF_Nepal_2017",7.92853996765293,5.28196836171654,"Significant",-8.1570942775287
"Lcu.1GRN.Chr2p43615047",2,43615047,1.18273991437001e-08,0.177469135802469,NA,5.22861618838927e-06,"GLM","NYC","DTF_Nepal_2017",7.92711074664201,5.28161323680534,"Significant",6.75419952593165
"Lcu.1GRN.Chr2p248776032",2,248776032,1.18292725486276e-08,0.310185185185185,NA,5.22861618838927e-06,"GLM","NYC","DTF_Nepal_2017",7.92704196186665,5.28161323680534,"Significant",5.6862106484582
"Lcu.1GRN.Chr1p559262738",1,559262738,1.18990526536309e-08,0.212962962962963,NA,2.16348575348317e-05,"GLM","NYC","DTF_Sask_2017",7.92448761370647,4.66484596027761,"Significant",1.70577270280782
"Lcu.1GRN.Chr2p82245202",2,82245202,1.2072754202357e-08,0.228395061728395,NA,2.18326672730334e-05,"GLM","NYC","DTF_Sask_2017",7.91819364138269,4.66089320376873,"Significant",1.58119477144149
"Lcu.1GRN.Chr3p297079812",3,297079812,1.21435100516157e-08,0.279320987654321,NA,5.36046725135409e-06,"GLM","NYC","DTF_Nepal_2017",7.91565576336659,5.27079735287432,"Significant",5.15241280962124
"Lcu.1GRN.Chr6p431596950",6,431596950,1.22010704678143e-08,0.305900621118012,NA,0.000178436411741187,"FarmCPU","NYC","DTF_Sask_2017_b",7.9136020645818,3.74851651876751,"Significant",0.247688236913319
"Lcu.1GRN.Chr1p363528957",1,363528957,1.22050208882901e-08,0.120967741935484,NA,1.00130884417841e-05,"MLM","NYC","Cotyledon_Color_RvsY",7.91346147297261,4.99943194786047,"Significant",-0.263861827654288
"Lcu.1GRN.Chr1p367807665",1,367807665,1.22467802821873e-08,0.412903225806452,NA,1.00229020515292e-05,"MLM","NYC","Cotyledon_Color_RvsY",7.91197807370539,4.99900651374958,"Significant",-0.252291884384465
"Lcu.1GRN.Chr1p446418552",1,446418552,1.22583346617779e-08,0.271604938271605,NA,2.20497286373169e-05,"GLM","NYC","DTF_Sask_2017",7.91156852625529,4.65659675095991,"Significant",1.5791800383119
"Lcu.1GRN.Chr6p53994143",6,53994143,1.22625882776445e-08,0.123456790123457,NA,5.40593713130597e-06,"GLM","NYC","DTF_Nepal_2017",7.91141785314057,5.26712900926357,"Significant",7.89494561275342
"Lcu.1GRN.Chr5p145344305",5,145344305,1.24507383780854e-08,0.266975308641975,NA,5.4816983193998e-06,"GLM","NYC","DTF_Nepal_2017",7.90480489242212,5.26108486916594,"Significant",5.43344459047665
"Lcu.1GRN.Chr2p630437252",2,630437252,1.25665564385854e-08,0.103395061728395,NA,5.52397455361823e-06,"GLM","NYC","DTF_Nepal_2017",7.90078371392958,5.2577483306815,"Significant",6.82706975903909
"Lcu.1GRN.Chr2p248632213",2,248632213,1.25869777800082e-08,0.328703703703704,NA,5.52397455361823e-06,"GLM","NYC","DTF_Nepal_2017",7.90007853446935,5.2577483306815,"Significant",5.70875260496541
"Lcu.1GRN.Chr5p131725374",5,131725374,1.26008427233505e-08,0.452160493827161,NA,5.52397455361823e-06,"GLM","NYC","DTF_Nepal_2017",7.89960040902036,5.2577483306815,"Significant",-4.63781470678256
"Lcu.1GRN.Chr2p247294387",2,247294387,1.26124514508819e-08,0.299382716049383,NA,5.52397455361823e-06,"GLM","NYC","DTF_Nepal_2017",7.89920049248187,5.2577483306815,"Significant",5.75362408876293
"Lcu.1GRN.Chr4p496352397",4,496352397,1.26926058704075e-08,0.341049382716049,NA,5.55185144188735e-06,"GLM","NYC","DTF_Nepal_2017",7.89644920541069,5.25556216338025,"Significant",4.55594999100009
"Lcu.1GRN.Chr3p347894014",3,347894014,1.27348151693332e-08,0.348765432098765,NA,5.5630799663157e-06,"GLM","NYC","DTF_Nepal_2017",7.8950073539215,5.25468469726211,"Significant",5.6288483444813
"Lcu.1GRN.Chr6p3269280",6,3269280,1.27695445641636e-08,0.281055900621118,NA,0.00429525339641402,"MLMM","NYC","DTF_Sask_2017_b",7.89382459191417,2.3670112100823,"Significant",-2.09310303216559
"Lcu.1GRN.Chr2p33920225",2,33920225,1.28901030180187e-08,0.203703703703704,NA,5.62361255753814e-06,"GLM","NYC","DTF_Nepal_2017",7.8897436117406,5.24998460795968,"Significant",5.1674761074147
"Lcu.1GRN.Chr1p541558374",1,541558374,1.29587482469279e-08,0.231481481481482,NA,2.31856131466723e-05,"GLM","NYC","DTF_Sask_2017",7.88743694720826,4.63478141464006,"Significant",-1.7446031538054
"Lcu.1GRN.Chr1p367499124",1,367499124,1.29907425795574e-08,0.388709677419355,NA,1.06059638574223e-05,"MLM","NYC","Cotyledon_Color_RvsY",7.88636602298497,4.97444985718623,"Significant",-0.158691569944276
"Lcu.1GRN.Chr2p43921733",2,43921733,1.30387267993135e-08,0.350308641975309,NA,5.68108473744132e-06,"GLM","NYC","DTF_Nepal_2017",7.88476481435781,5.24556873286167,"Significant",-4.38992235515511
"Lcu.1GRN.Chr5p131734605",5,131734605,1.30623664385463e-08,0.459876543209877,NA,5.68402200754789e-06,"GLM","NYC","DTF_Nepal_2017",7.88397813714191,5.24534424922836,"Significant",-4.59687568701779
"Lcu.1GRN.Chr6p420963307",6,420963307,1.31077106522881e-08,0.204968944099379,-0.851253352839783,0.000551125163622275,"FarmCPU","Kansas","DTF_Sask_2017_b",7.88247315406885,3.25874975922892,"Significant",NA
"Lcu.1GRN.Chr3p389104888",3,389104888,1.32124506136572e-08,0.0802469135802469,NA,2.35090380137227e-05,"GLM","NYC","DTF_Sask_2017",7.87901662301517,4.62876514177594,"Significant",2.31100497330885
"Lcu.1GRN.Chr2p610338651",2,610338651,1.32216273007951e-08,0.359567901234568,NA,5.74589032336762e-06,"GLM","NYC","DTF_Nepal_2017",7.87871508915731,5.24064266800833,"Significant",-4.6489789598136
"Lcu.1GRN.Chr4p496371494",4,496371494,1.32884434019631e-08,0.37962962962963,NA,5.76747592488791e-06,"GLM","NYC","DTF_Nepal_2017",7.87652588899939,5.23901420967382,"Significant",-4.39096631848079
"Lcu.1GRN.Chr2p44193395",2,44193395,1.34085536561351e-08,0.0756172839506173,NA,2.35090380137227e-05,"GLM","NYC","DTF_Sask_2017",7.87261806577525,4.62876514177594,"Significant",2.37179555661146
"Lcu.1GRN.Chr2p44193751",2,44193751,1.34085536561351e-08,0.0756172839506173,NA,2.35090380137227e-05,"GLM","NYC","DTF_Sask_2017",7.87261806577525,4.62876514177594,"Significant",2.37179555661146
"Lcu.1GRN.Chr2p42997985",2,42997985,1.34190788592066e-08,0.328703703703704,NA,2.35090380137227e-05,"GLM","NYC","DTF_Sask_2017",7.87227729490426,4.62876514177594,"Significant",1.41925014031274
"Lcu.1GRN.Chr1p562579939",1,562579939,1.34721046597769e-08,0.415123456790123,NA,5.8396539021845e-06,"GLM","NYC","DTF_Nepal_2017",7.87056455195881,5.23361289138512,"Significant",4.6796361477067
"Lcu.1GRN.Chr3p375775466",3,375775466,1.3568939902489e-08,0.185185185185185,NA,5.87405869778703e-06,"GLM","NYC","DTF_Nepal_2017",7.86745408104206,5.2310617180111,"Significant",5.16768933740809
"Lcu.1GRN.Chr2p43074531",2,43074531,1.3613978404856e-08,0.135802469135803,NA,5.88278739475899e-06,"GLM","NYC","DTF_Nepal_2017",7.86601494262956,5.23041684682783,"Significant",6.7184175362039
"Lcu.1GRN.Chr2p187429742",2,187429742,1.36240813769402e-08,0.260802469135803,NA,5.88278739475899e-06,"GLM","NYC","DTF_Nepal_2017",7.86569277098714,5.23041684682783,"Significant",5.84858425764207
"Lcu.1GRN.Chr1p447466567",1,447466567,1.37225425439714e-08,0.356481481481482,NA,5.89020296968611e-06,"GLM","NYC","DTF_Nepal_2017",7.86256541410194,5.22986973966181,"Significant",5.52680361436984
"Lcu.1GRN.Chr5p456046594",5,456046594,1.37527613777405e-08,0.334876543209877,NA,2.39687828308106e-05,"GLM","NYC","DTF_Sask_2017",7.86161009232754,4.62035401950344,"Significant",-1.49268179952003
"Lcu.1GRN.Chr2p565788288",2,565788288,1.37613087704285e-08,0.21141975308642,NA,5.89020296968611e-06,"GLM","NYC","DTF_Nepal_2017",7.86134026052305,5.22986973966181,"Significant",-6.99900578815516
"Lcu.1GRN.Chr5p19385177",5,19385177,1.37699377658211e-08,0.376543209876543,NA,5.89020296968611e-06,"GLM","NYC","DTF_Nepal_2017",7.86106802256236,5.22986973966181,"Significant",4.84576413404972
"Lcu.1GRN.Chr3p440811434",3,440811434,1.37776528251509e-08,0.0617283950617284,NA,5.89020296968611e-06,"GLM","NYC","DTF_Nepal_2017",7.86082476297339,5.22986973966181,"Significant",7.79065384780415
"Lcu.1GRN.Chr3p375774415",3,375774415,1.38163676671087e-08,0.186728395061728,NA,5.89020296968611e-06,"GLM","NYC","DTF_Nepal_2017",7.85960611828426,5.22986973966181,"Significant",5.12952598814616
"Lcu.1GRN.Chr3p375774947",3,375774947,1.38163676671087e-08,0.186728395061728,NA,5.89020296968611e-06,"GLM","NYC","DTF_Nepal_2017",7.85960611828426,5.22986973966181,"Significant",5.12952598814616
"Lcu.1GRN.Chr3p375777496",3,375777496,1.38163676671087e-08,0.186728395061728,NA,5.89020296968611e-06,"GLM","NYC","DTF_Nepal_2017",7.85960611828426,5.22986973966181,"Significant",5.12952598814616
"Lcu.1GRN.Chr3p375777506",3,375777506,1.38163676671087e-08,0.186728395061728,NA,5.89020296968611e-06,"GLM","NYC","DTF_Nepal_2017",7.85960611828426,5.22986973966181,"Significant",5.12952598814616
"Lcu.1GRN.Chr3p375928379",3,375928379,1.38163676671087e-08,0.186728395061728,NA,5.89020296968611e-06,"GLM","NYC","DTF_Nepal_2017",7.85960611828426,5.22986973966181,"Significant",5.12952598814616
"Lcu.1GRN.Chr3p375936915",3,375936915,1.38163676671087e-08,0.186728395061728,NA,5.89020296968611e-06,"GLM","NYC","DTF_Nepal_2017",7.85960611828426,5.22986973966181,"Significant",5.12952598814616
"Lcu.1GRN.Chr5p1634440",5,1634440,1.39120272349495e-08,0.16820987654321,NA,0.000584943358117281,"MLM","NYC","DTF_Nepal_2017",7.85660958080575,3.23288618596582,"Significant",7.2340056876652
"Lcu.1GRN.Chr5p1634528",5,1634528,1.39120272349495e-08,0.16820987654321,NA,0.000584943358117281,"MLM","NYC","DTF_Nepal_2017",7.85660958080575,3.23288618596582,"Significant",7.2340056876652
"Lcu.1GRN.Chr4p451530961",4,451530961,1.39401817478897e-08,0.467592592592593,NA,5.93546470125623e-06,"GLM","NYC","DTF_Nepal_2017",7.85573156400049,5.22654527345905,"Significant",4.79633904175313
"Lcu.1GRN.Chr2p248632211",2,248632211,1.40163039113128e-08,0.330246913580247,NA,5.96033134985657e-06,"GLM","NYC","DTF_Nepal_2017",7.85336649439694,5.22472959606274,"Significant",5.69921294644683
"Lcu.1GRN.Chr1p570311228",1,570311228,1.40352261386486e-08,0.266975308641975,NA,5.96084205881164e-06,"GLM","NYC","DTF_Nepal_2017",7.85278058552502,5.22469238528263,"Significant",5.52148929515835
"Lcu.1GRN.Chr1p541133415",1,541133415,1.40702381953662e-08,0.231481481481482,NA,2.40886443993165e-05,"GLM","NYC","DTF_Sask_2017",7.85169855032236,4.61818763945627,"Significant",-1.72498846900848
"Lcu.1GRN.Chr2p11348946",2,11348946,1.40725729945367e-08,0.12962962962963,NA,2.40886443993165e-05,"GLM","NYC","DTF_Sask_2017",7.85162648997334,4.61818763945627,"Significant",1.80293530295526
"Lcu.1GRN.Chr5p459526248",5,459526248,1.41881907473199e-08,0.103395061728395,NA,6.01820826873107e-06,"GLM","NYC","DTF_Nepal_2017",7.84807298146654,5.22053278695228,"Significant",-6.91054114408689
"Lcu.1GRN.Chr2p49588824",2,49588824,1.42187653413815e-08,0.256172839506173,NA,2.40886443993165e-05,"GLM","NYC","DTF_Sask_2017",7.84713811307915,4.61818763945627,"Significant",1.66042348825275
"Lcu.1GRN.Chr5p456050770",5,456050770,1.42551362390423e-08,0.334876543209877,NA,2.40886443993165e-05,"GLM","NYC","DTF_Sask_2017",7.8460286276999,4.61818763945627,"Significant",-1.48906962733943
"Lcu.1GRN.Chr5p456053399",5,456053399,1.42551362390423e-08,0.334876543209877,NA,2.40886443993165e-05,"GLM","NYC","DTF_Sask_2017",7.8460286276999,4.61818763945627,"Significant",-1.48906962733943
"Lcu.1GRN.Chr5p456054969",5,456054969,1.42551362390423e-08,0.334876543209877,NA,2.40886443993165e-05,"GLM","NYC","DTF_Sask_2017",7.8460286276999,4.61818763945627,"Significant",-1.48906962733943
"Lcu.1GRN.Chr6p40076301",6,40076301,1.43770724771937e-08,0.398148148148148,NA,2.40886443993165e-05,"GLM","NYC","DTF_Sask_2017",7.8423295379056,4.61818763945627,"Significant",-1.37502197084538
"Lcu.1GRN.Chr2p48157597",2,48157597,1.44530156505504e-08,0.325617283950617,NA,2.40886443993165e-05,"GLM","NYC","DTF_Sask_2017",7.84004152704237,4.61818763945627,"Significant",1.71573030689004
"Lcu.1GRN.Chr1p437953663",1,437953663,1.44660628678257e-08,0.095679012345679,NA,2.40886443993165e-05,"GLM","NYC","DTF_Sask_2017",7.83964965184153,4.61818763945627,"Significant",2.45818013133464
"Lcu.1GRN.Chr2p248135120",2,248135120,1.4534445686372e-08,0.365740740740741,NA,6.15731472567744e-06,"GLM","NYC","DTF_Nepal_2017",7.83760152666895,5.21060864726417,"Significant",5.57239756144833
"Lcu.1GRN.Chr5p1681815",5,1681815,1.46679561647142e-08,0.217592592592593,NA,6.20605837893888e-06,"GLM","NYC","DTF_Nepal_2017",7.83363039660148,5.20718414342608,"Significant",6.61389607077081
"Lcu.1GRN.Chr5p1772037",5,1772037,1.47153277632771e-08,0.145061728395062,NA,6.21827971576664e-06,"GLM","NYC","DTF_Nepal_2017",7.83223006015646,5.20632974606226,"Significant",9.20205697913798
"Lcu.1GRN.Chr3p375778215",3,375778215,1.48442221733577e-08,0.194444444444444,NA,6.26487638618042e-06,"GLM","NYC","DTF_Nepal_2017",7.82844255419248,5.20308749375672,"Significant",5.18543866721268
"Lcu.1GRN.Chr1p437626533",1,437626533,1.4943916757797e-08,0.123456790123457,NA,2.45449717664074e-05,"GLM","NYC","DTF_Sask_2017",7.8255355602608,4.61003746312412,"Significant",2.26766053808871
"Lcu.1GRN.Chr1p562570851",1,562570851,1.49635264297351e-08,0.41358024691358,NA,6.30731390299589e-06,"GLM","NYC","DTF_Nepal_2017",7.82496604494104,5.2001555544599,"Significant",4.65266594651735
"Lcu.1GRN.Chr5p456051029",5,456051029,1.50014949548151e-08,0.333333333333333,NA,2.45449717664074e-05,"GLM","NYC","DTF_Sask_2017",7.82386545972594,4.61003746312412,"Significant",-1.48448374114034
"Lcu.1GRN.Chr5p456048580",5,456048580,1.50048798423682e-08,0.33179012345679,NA,2.45449717664074e-05,"GLM","NYC","DTF_Sask_2017",7.82376747801356,4.61003746312412,"Significant",-1.48961019582173
"Lcu.1GRN.Chr4p471079439",4,471079439,1.50450168632249e-08,0.310185185185185,NA,6.33372614171762e-06,"GLM","NYC","DTF_Nepal_2017",7.82260732114415,5.19834071862626,"Significant",-4.98800858386721
"Lcu.1GRN.Chr2p63174566",2,63174566,1.50763655170633e-08,0.271604938271605,NA,2.45449717664074e-05,"GLM","NYC","DTF_Sask_2017",7.8217033418964,4.61003746312412,"Significant",1.49569343748674
"Lcu.1GRN.Chr6p328051602",6,328051602,1.50833233024046e-08,0.234567901234568,NA,6.34191526157489e-06,"GLM","NYC","DTF_Nepal_2017",7.82150295999911,5.19777956515918,"Significant",4.97397425182641
"Lcu.1GRN.Chr2p247397165",2,247397165,1.51167896842521e-08,0.291666666666667,NA,6.34589167662445e-06,"GLM","NYC","DTF_Nepal_2017",7.82054042910252,5.19750734551102,"Significant",5.95912941081036
"Lcu.1GRN.Chr3p414098156",3,414098156,1.51305125789771e-08,0.149691358024691,NA,6.34589167662445e-06,"GLM","NYC","DTF_Nepal_2017",7.82014635905873,5.19750734551102,"Significant",5.4051852384701
"Lcu.1GRN.Chr6p435706130",6,435706130,1.51975709990057e-08,0.169753086419753,NA,6.36607890936805e-06,"GLM","NYC","DTF_Nepal_2017",7.81822581903058,5.19612798247739,"Significant",7.24805231566882
"Lcu.1GRN.Chr1p364568672",1,364568672,1.52014635066965e-08,0.487096774193548,NA,1.23808006667239e-05,"MLM","NYC","Cotyledon_Color_RvsY",7.81811459874694,4.90725126857147,"Significant",-0.187639246127964
"Lcu.1GRN.Chr4p451381740",4,451381740,1.52298030875074e-08,0.297839506172839,NA,6.36729817156396e-06,"GLM","NYC","DTF_Nepal_2017",7.81730571180262,5.19604481226388,"Significant",-5.11448302064264
"Lcu.1GRN.Chr1p446647186",1,446647186,1.52383409434011e-08,0.231481481481482,NA,6.36729817156396e-06,"GLM","NYC","DTF_Nepal_2017",7.81706231372788,5.19604481226388,"Significant",5.78751227102839
"Lcu.1GRN.Chr3p345919243",3,345919243,1.52963794098894e-08,0.430555555555556,NA,6.38090483656518e-06,"GLM","NYC","DTF_Nepal_2017",7.81541135273679,5.1951177323033,"Significant",4.92846437116179
"Lcu.1GRN.Chr3p448489765",3,448489765,1.52984571721883e-08,0.113354037267081,-0.98002617654706,0.000571766238181939,"FarmCPU","Kansas","DTF_Sask_2017_b",7.81535236495955,3.242781492567,"Significant",NA
"Lcu.1GRN.Chr3p347342383",3,347342383,1.53278148806056e-08,0.493827160493827,NA,6.38090483656518e-06,"GLM","NYC","DTF_Nepal_2017",7.81451975336058,5.1951177323033,"Significant",5.96268726101943
"Lcu.1GRN.Chr3p347342397",3,347342397,1.53278148806056e-08,0.493827160493827,NA,6.38090483656518e-06,"GLM","NYC","DTF_Nepal_2017",7.81451975336058,5.1951177323033,"Significant",5.96268726101943
"Lcu.1GRN.Chr4p496872394",4,496872394,1.54296214251032e-08,0.108024691358025,NA,6.41534668714176e-06,"GLM","NYC","DTF_Nepal_2017",7.81164472947837,5.19277986925877,"Significant",6.02980534862172
"Lcu.1GRN.Chr5p457713525",5,457713525,1.55236015460353e-08,0.29320987654321,NA,6.44645343362378e-06,"GLM","NYC","DTF_Nepal_2017",7.80900751309635,5.19067915014312,"Significant",5.17258899624483
"Lcu.1GRN.Chr2p79872232",2,79872232,1.55323026155565e-08,0.231481481481482,NA,2.45449717664074e-05,"GLM","NYC","DTF_Sask_2017",7.80876415669243,4.61003746312412,"Significant",1.61304783537844
"Lcu.1GRN.Chr2p43311725",2,43311725,1.55417638050286e-08,0.145061728395062,NA,2.45449717664074e-05,"GLM","NYC","DTF_Sask_2017",7.80849969548859,4.61003746312412,"Significant",1.98975920317517
"Lcu.1GRN.Chr3p414291731",3,414291731,1.55970592638212e-08,0.148148148148148,NA,6.46540619338761e-06,"GLM","NYC","DTF_Nepal_2017",7.80695727766393,5.18940418509059,"Significant",5.39165499417453
"Lcu.1GRN.Chr7p66396456",7,66396456,1.5607683955414e-08,0.0601851851851852,NA,6.46540619338761e-06,"GLM","NYC","DTF_Nepal_2017",7.80666153768129,5.18940418509059,"Significant",8.12489967686588
"Lcu.1GRN.Chr2p48820948",2,48820948,1.57029256363377e-08,0.344135802469136,NA,2.45449717664074e-05,"GLM","NYC","DTF_Sask_2017",7.80401942597627,4.61003746312412,"Significant",1.57826689129439
"Lcu.1GRN.Chr3p414274147",3,414274147,1.57070296521504e-08,0.152777777777778,NA,6.49855651046108e-06,"GLM","NYC","DTF_Nepal_2017",7.80390593638898,5.18718310015118,"Significant",5.50401229870641
"Lcu.1GRN.Chr2p187429972",2,187429972,1.58011611742138e-08,0.268518518518518,NA,6.52947073794446e-06,"GLM","NYC","DTF_Nepal_2017",7.80131099703141,5.18512202008874,"Significant",5.81256879281108
"Lcu.1GRN.Chr2p10423736",2,10423736,1.5822982432359e-08,0.466049382716049,NA,6.53046519242366e-06,"GLM","NYC","DTF_Nepal_2017",7.80071165409757,5.18505588100567,"Significant",4.03365527877847
"Lcu.1GRN.Chr5p457637197",5,457637197,1.59021630142774e-08,0.424382716049383,NA,6.547466797223e-06,"GLM","NYC","DTF_Nepal_2017",7.79854379886984,5.18392669524246,"Significant",4.82236458591865
"Lcu.1GRN.Chr4p496563124",4,496563124,1.5903106943699e-08,0.205246913580247,NA,6.547466797223e-06,"GLM","NYC","DTF_Nepal_2017",7.79851802054192,5.18392669524246,"Significant",5.65740939414837
"Lcu.1GRN.Chr1p434790395",1,434790395,1.59535217100999e-08,0.449074074074074,NA,2.45449717664074e-05,"GLM","NYC","DTF_Sask_2017",7.79714343232854,4.61003746312412,"Significant",1.62048533618788
"Lcu.1GRN.Chr2p85170123",2,85170123,1.59997495023983e-08,0.462962962962963,NA,2.45449717664074e-05,"GLM","NYC","DTF_Sask_2017",7.79588681675519,4.61003746312412,"Significant",1.44544541066753
"Lcu.1GRN.Chr2p48820949",2,48820949,1.6001199391674e-08,0.342592592592593,NA,2.45449717664074e-05,"GLM","NYC","DTF_Sask_2017",7.79584746299013,4.61003746312412,"Significant",1.57889592579329
"Lcu.1GRN.Chr3p375772538",3,375772538,1.60016517524089e-08,0.185185185185185,NA,6.57623983603569e-06,"GLM","NYC","DTF_Nepal_2017",7.79583518547334,5.18202235642186,"Significant",5.10291412279065
"Lcu.1GRN.Chr6p328436121",6,328436121,1.6012095198736e-08,0.419753086419753,NA,6.57623983603569e-06,"GLM","NYC","DTF_Nepal_2017",7.79555183649331,5.18202235642186,"Significant",4.65777364058218
"Lcu.1GRN.Chr2p610276900",2,610276900,1.60707379529113e-08,0.212962962962963,NA,6.59212511657723e-06,"GLM","NYC","DTF_Nepal_2017",7.79396418039167,5.18097455845241,"Significant",-5.77846503630951
"Lcu.1GRN.Chr2p44189614",2,44189614,1.60899693510657e-08,0.166666666666667,NA,6.59212511657723e-06,"GLM","NYC","DTF_Nepal_2017",7.79344478316484,5.18097455845241,"Significant",5.83869898131093
"Lcu.1GRN.Chr2p11349172",2,11349172,1.64394727908843e-08,0.126543209876543,NA,2.45449717664074e-05,"GLM","NYC","DTF_Sask_2017",7.78411211427049,4.61003746312412,"Significant",1.82983423578145
"Lcu.1GRN.Chr1p438510291",1,438510291,1.64598730659992e-08,0.0972222222222222,NA,2.45449717664074e-05,"GLM","NYC","DTF_Sask_2017",7.78357351827008,4.61003746312412,"Significant",2.46280483624099
"Lcu.1GRN.Chr4p426187550",4,426187550,1.6498604594576e-08,0.165123456790123,NA,6.7513213280581e-06,"GLM","NYC","DTF_Nepal_2017",7.78255278563473,5.17061122134291,"Significant",6.66999201086355
"Lcu.1GRN.Chr5p27840536",5,27840536,1.65957044126074e-08,0.265432098765432,NA,6.78280353117315e-06,"GLM","NYC","DTF_Nepal_2017",7.78000430902725,5.16859076240765,"Significant",5.80950636549051
"Lcu.1GRN.Chr2p80948265",2,80948265,1.67462067177546e-08,0.108024691358025,NA,2.45449717664074e-05,"GLM","NYC","DTF_Sask_2017",7.77608355209667,4.61003746312412,"Significant",3.11383430272997
"Lcu.1GRN.Chr4p473624023",4,473624023,1.68270230707343e-08,0.455246913580247,NA,6.86899911314767e-06,"GLM","NYC","DTF_Nepal_2017",7.77399270982982,5.16310653969506,"Significant",4.14353897870163
"Lcu.1GRN.Chr1p437235006",1,437235006,1.69292274503935e-08,0.0972222222222222,NA,2.45449717664074e-05,"GLM","NYC","DTF_Sask_2017",7.7713628600651,4.61003746312412,"Significant",2.43145150037356
"Lcu.1GRN.Chr1p437235932",1,437235932,1.69292274503935e-08,0.0972222222222222,NA,2.45449717664074e-05,"GLM","NYC","DTF_Sask_2017",7.7713628600651,4.61003746312412,"Significant",2.43145150037356
"Lcu.1GRN.Chr1p437362313",1,437362313,1.69292274503935e-08,0.0972222222222222,NA,2.45449717664074e-05,"GLM","NYC","DTF_Sask_2017",7.7713628600651,4.61003746312412,"Significant",2.43145150037356
"Lcu.1GRN.Chr1p437612186",1,437612186,1.69292274503935e-08,0.0972222222222222,NA,2.45449717664074e-05,"GLM","NYC","DTF_Sask_2017",7.7713628600651,4.61003746312412,"Significant",2.43145150037356
"Lcu.1GRN.Chr1p437612546",1,437612546,1.69292274503935e-08,0.0972222222222222,NA,2.45449717664074e-05,"GLM","NYC","DTF_Sask_2017",7.7713628600651,4.61003746312412,"Significant",2.43145150037356
"Lcu.1GRN.Chr1p437617578",1,437617578,1.69292274503935e-08,0.0972222222222222,NA,2.45449717664074e-05,"GLM","NYC","DTF_Sask_2017",7.7713628600651,4.61003746312412,"Significant",2.43145150037356
"Lcu.1GRN.Chr1p437618706",1,437618706,1.69292274503935e-08,0.0972222222222222,NA,2.45449717664074e-05,"GLM","NYC","DTF_Sask_2017",7.7713628600651,4.61003746312412,"Significant",2.43145150037356
"Lcu.1GRN.Chr1p437623072",1,437623072,1.69292274503935e-08,0.0972222222222222,NA,2.45449717664074e-05,"GLM","NYC","DTF_Sask_2017",7.7713628600651,4.61003746312412,"Significant",2.43145150037356
"Lcu.1GRN.Chr1p437626636",1,437626636,1.69292274503935e-08,0.0972222222222222,NA,2.45449717664074e-05,"GLM","NYC","DTF_Sask_2017",7.7713628600651,4.61003746312412,"Significant",2.43145150037356
"Lcu.1GRN.Chr1p437627122",1,437627122,1.69292274503935e-08,0.0972222222222222,NA,2.45449717664074e-05,"GLM","NYC","DTF_Sask_2017",7.7713628600651,4.61003746312412,"Significant",2.43145150037356
"Lcu.1GRN.Chr1p437710021",1,437710021,1.69292274503935e-08,0.0972222222222222,NA,2.45449717664074e-05,"GLM","NYC","DTF_Sask_2017",7.7713628600651,4.61003746312412,"Significant",2.43145150037356
"Lcu.1GRN.Chr1p437949978",1,437949978,1.69292274503935e-08,0.0972222222222222,NA,2.45449717664074e-05,"GLM","NYC","DTF_Sask_2017",7.7713628600651,4.61003746312412,"Significant",2.43145150037356
"Lcu.1GRN.Chr1p437950460",1,437950460,1.69292274503935e-08,0.0972222222222222,NA,2.45449717664074e-05,"GLM","NYC","DTF_Sask_2017",7.7713628600651,4.61003746312412,"Significant",2.43145150037356
"Lcu.1GRN.Chr1p437954076",1,437954076,1.69292274503935e-08,0.0972222222222222,NA,2.45449717664074e-05,"GLM","NYC","DTF_Sask_2017",7.7713628600651,4.61003746312412,"Significant",2.43145150037356
"Lcu.1GRN.Chr1p437954579",1,437954579,1.69292274503935e-08,0.0972222222222222,NA,2.45449717664074e-05,"GLM","NYC","DTF_Sask_2017",7.7713628600651,4.61003746312412,"Significant",2.43145150037356
"Lcu.1GRN.Chr1p437958679",1,437958679,1.69292274503935e-08,0.0972222222222222,NA,2.45449717664074e-05,"GLM","NYC","DTF_Sask_2017",7.7713628600651,4.61003746312412,"Significant",2.43145150037356
"Lcu.1GRN.Chr1p439582155",1,439582155,1.69292274503935e-08,0.0972222222222222,NA,2.45449717664074e-05,"GLM","NYC","DTF_Sask_2017",7.7713628600651,4.61003746312412,"Significant",2.43145150037356
"Lcu.1GRN.Chr4p185093730",4,185093730,1.69460468864425e-08,0.391975308641975,NA,6.90174816496489e-06,"GLM","NYC","DTF_Nepal_2017",7.77093159631843,5.16104089154721,"Significant",-6.90650375580901
"Lcu.1GRN.Chr2p33985248",2,33985248,1.69482856054875e-08,0.217592592592593,NA,6.90174816496489e-06,"GLM","NYC","DTF_Nepal_2017",7.7708742260587,5.16104089154721,"Significant",5.06868268784785
"Lcu.1GRN.Chr1p578957645",1,578957645,1.70140885989675e-08,0.0648148148148148,NA,6.90347157993837e-06,"GLM","NYC","DTF_Nepal_2017",7.76919130998518,5.16093245870358,"Significant",8.77518846515136
"Lcu.1GRN.Chr1p579121199",1,579121199,1.70140885989675e-08,0.0648148148148148,NA,6.90347157993837e-06,"GLM","NYC","DTF_Nepal_2017",7.76919130998518,5.16093245870358,"Significant",8.77518846515136
"Lcu.1GRN.Chr1p579201250",1,579201250,1.70140885989675e-08,0.0648148148148148,NA,6.90347157993837e-06,"GLM","NYC","DTF_Nepal_2017",7.76919130998518,5.16093245870358,"Significant",8.77518846515136
"Lcu.1GRN.Chr2p86600341",2,86600341,1.70194808547916e-08,0.375,NA,2.45699215308313e-05,"GLM","NYC","DTF_Sask_2017",7.76905369133356,4.60959623052771,"Significant",1.39241090673222
"Lcu.1GRN.Chr7p639543409",7,639543409,1.70531797986083e-08,0.353395061728395,NA,6.91099630038371e-06,"GLM","NYC","DTF_Nepal_2017",7.76819462897466,5.16045933951886,"Significant",-4.05866367277815
"Lcu.1GRN.Chr3p389172392",3,389172392,1.71774586632394e-08,0.189814814814815,NA,6.95298464281329e-06,"GLM","NYC","DTF_Nepal_2017",7.7650410878954,5.15782872984764,"Significant",7.31473459913252
"Lcu.1GRN.Chr5p131628769",5,131628769,1.73015133789498e-08,0.472222222222222,NA,6.99478143117452e-06,"GLM","NYC","DTF_Nepal_2017",7.7619159070804,5.15522585153925,"Significant",-4.68098916419726
"Lcu.1GRN.Chr2p50069000",2,50069000,1.7372067264201e-08,0.373456790123457,NA,2.48516911908818e-05,"GLM","NYC","DTF_Sask_2017",7.76014849772941,4.60464405160364,"Significant",1.46716166422469
"Lcu.1GRN.Chr1p367435455",1,367435455,1.74021441882075e-08,0.388709677419355,NA,1.41389058796009e-05,"MLM","NYC","Cotyledon_Color_RvsY",7.75939723724985,4.84958419653888,"Significant",-0.163489761677832
"Lcu.1GRN.Chr5p456051349",5,456051349,1.74296276259618e-08,0.333333333333333,NA,2.48516911908818e-05,"GLM","NYC","DTF_Sask_2017",7.75871189124442,4.60464405160364,"Significant",-1.47930745970135
"Lcu.1GRN.Chr1p362779003",1,362779003,1.75383526056388e-08,0.169354838709677,NA,1.42152362672311e-05,"MLM","NYC","Cotyledon_Color_RvsY",7.7560112027534,4.84724591763362,"Significant",-0.211612397515161
"Lcu.1GRN.Chr1p562627116",1,562627116,1.76132413810326e-08,0.171296296296296,NA,7.1122607006168e-06,"GLM","NYC","DTF_Nepal_2017",7.75416071306414,5.14799233263905,"Significant",6.17463835122112
"Lcu.1GRN.Chr5p1582614",5,1582614,1.76973527820655e-08,0.131172839506173,NA,0.000595280546324501,"MLM","NYC","DTF_Nepal_2017",7.75209169172422,3.22527830989234,"Significant",10.8662665326861
"Lcu.1GRN.Chr5p1584911",5,1584911,1.76973527820655e-08,0.131172839506173,NA,0.000595280546324501,"MLM","NYC","DTF_Nepal_2017",7.75209169172422,3.22527830989234,"Significant",10.8662665326861
"Lcu.1GRN.Chr3p389317901",3,389317901,1.77563534887103e-08,0.12037037037037,NA,2.48516911908818e-05,"GLM","NYC","DTF_Sask_2017",7.75064621774285,4.60464405160364,"Significant",2.01580473927726
"Lcu.1GRN.Chr7p186572874",7,186572874,1.77786247759038e-08,0.201863354037267,1.15358840786302,0.00119602853599928,"BLINK","Kansas","DTF_Sask_2017_b",7.75010183590435,2.92225845840849,"Significant",NA
"Lcu.1GRN.Chr2p65079859",2,65079859,1.78413651261848e-08,0.25462962962963,NA,2.48516911908818e-05,"GLM","NYC","DTF_Sask_2017",7.7485719187891,4.60464405160364,"Significant",1.56498474800873
"Lcu.1GRN.Chr2p54392899",2,54392899,1.7868126403165e-08,0.350308641975309,NA,2.48516911908818e-05,"GLM","NYC","DTF_Sask_2017",7.747920983892,4.60464405160364,"Significant",1.46976379533443
"Lcu.1GRN.Chr2p638807865",2,638807865,1.78702409419417e-08,0.319444444444444,NA,7.2073852936668e-06,"GLM","NYC","DTF_Nepal_2017",7.74786959192355,5.14222226072941,"Significant",-4.76382972358073
"Lcu.1GRN.Chr5p456047915",5,456047915,1.78970037769467e-08,0.356481481481482,NA,2.48516911908818e-05,"GLM","NYC","DTF_Sask_2017",7.7472196702523,4.60464405160364,"Significant",-1.46980043233749
"Lcu.1GRN.Chr3p414295299",3,414295299,1.79348688802282e-08,0.148148148148148,NA,7.22478807261763e-06,"GLM","NYC","DTF_Nepal_2017",7.74630179405361,5.14117488770534,"Significant",5.45514298643121
"Lcu.1GRN.Chr1p559349172",1,559349172,1.80243265559376e-08,0.243827160493827,NA,2.48516911908818e-05,"GLM","NYC","DTF_Sask_2017",7.74414095287782,4.60464405160364,"Significant",1.54911037405873
"Lcu.1GRN.Chr5p149726384",5,149726384,1.80695229063566e-08,0.212962962962963,NA,7.27032441560103e-06,"GLM","NYC","DTF_Nepal_2017",7.74305331406176,5.1384462096689,"Significant",6.15820345387965
"Lcu.1GRN.Chr1p445790221",1,445790221,1.808510000925e-08,0.282407407407407,NA,2.48516911908818e-05,"GLM","NYC","DTF_Sask_2017",7.74267908527973,4.60464405160364,"Significant",1.54452899509519
"Lcu.1GRN.Chr3p434003836",3,434003836,1.80876880690341e-08,0.111111111111111,NA,2.48516911908818e-05,"GLM","NYC","DTF_Sask_2017",7.74261694021739,4.60464405160364,"Significant",-1.99628058412679
"Lcu.1GRN.Chr7p456680961",7,456680961,1.81343677010995e-08,0.058641975308642,NA,7.28769756334019e-06,"GLM","NYC","DTF_Nepal_2017",7.7414975825545,5.13740965871588,"Significant",8.4049223499087
"Lcu.1GRN.Chr2p50068967",2,50068967,1.81359921863447e-08,0.367283950617284,NA,2.48516911908818e-05,"GLM","NYC","DTF_Sask_2017",7.7414586799916,4.60464405160364,"Significant",1.52068698690897
"Lcu.1GRN.Chr2p50068974",2,50068974,1.81359921863447e-08,0.367283950617284,NA,2.48516911908818e-05,"GLM","NYC","DTF_Sask_2017",7.7414586799916,4.60464405160364,"Significant",1.52068698690897
"Lcu.1GRN.Chr4p471082088",4,471082088,1.83461758892752e-08,0.197530864197531,NA,7.36401926652485e-06,"GLM","NYC","DTF_Nepal_2017",7.73645444712105,5.13288508391945,"Significant",-7.32709056924159
"Lcu.1GRN.Chr2p44078808",2,44078808,1.83933079160091e-08,0.0740740740740741,NA,2.48516911908818e-05,"GLM","NYC","DTF_Sask_2017",7.73534015871846,4.60464405160364,"Significant",2.39078139516261
"Lcu.1GRN.Chr2p44142916",2,44142916,1.83933079160091e-08,0.0740740740740741,NA,2.48516911908818e-05,"GLM","NYC","DTF_Sask_2017",7.73534015871846,4.60464405160364,"Significant",2.39078139516261
"Lcu.1GRN.Chr2p44193620",2,44193620,1.83933079160091e-08,0.0740740740740741,NA,2.48516911908818e-05,"GLM","NYC","DTF_Sask_2017",7.73534015871846,4.60464405160364,"Significant",2.39078139516261
"Lcu.1GRN.Chr1p455457853",1,455457853,1.84358032058167e-08,0.260802469135803,NA,7.38679847874455e-06,"GLM","NYC","DTF_Nepal_2017",7.73433793642754,5.13154374892311,"Significant",6.30174608167135
"Lcu.1GRN.Chr4p369247463",4,369247463,1.84488054194048e-08,0.0910493827160493,NA,7.38679847874455e-06,"GLM","NYC","DTF_Nepal_2017",7.7340317496435,5.13154374892311,"Significant",6.92978226601952
"Lcu.1GRN.Chr3p343927028",3,343927028,1.84688079408032e-08,0.219135802469136,NA,7.38679847874455e-06,"GLM","NYC","DTF_Nepal_2017",7.73356113495707,5.13154374892311,"Significant",6.42500272890868
"Lcu.1GRN.Chr3p180388113",3,180388113,1.85402555629432e-08,0.123456790123457,NA,2.48516911908818e-05,"GLM","NYC","DTF_Sask_2017",7.73188428374001,4.60464405160364,"Significant",2.19642465749399
"Lcu.1GRN.Chr2p81244970",2,81244970,1.86686973616919e-08,0.226851851851852,NA,2.48516911908818e-05,"GLM","NYC","DTF_Sask_2017",7.72888598458793,4.60464405160364,"Significant",1.56879435675393
"Lcu.1GRN.Chr2p54392924",2,54392924,1.86716899400308e-08,0.350308641975309,NA,2.48516911908818e-05,"GLM","NYC","DTF_Sask_2017",7.72881637308382,4.60464405160364,"Significant",1.48175895888822
"Lcu.1GRN.Chr1p437957678",1,437957678,1.86923148563714e-08,0.0987654320987654,NA,2.48516911908818e-05,"GLM","NYC","DTF_Sask_2017",7.72833691225969,4.60464405160364,"Significant",2.41319039304415
"Lcu.1GRN.Chr1p438510122",1,438510122,1.86923148563714e-08,0.0987654320987654,NA,2.48516911908818e-05,"GLM","NYC","DTF_Sask_2017",7.72833691225969,4.60464405160364,"Significant",2.41319039304415
"Lcu.1GRN.Chr1p439404145",1,439404145,1.86923148563714e-08,0.0987654320987654,NA,2.48516911908818e-05,"GLM","NYC","DTF_Sask_2017",7.72833691225969,4.60464405160364,"Significant",2.41319039304415
"Lcu.1GRN.Chr2p248164773",2,248164773,1.86953074175624e-08,0.333333333333333,NA,7.4685088718803e-06,"GLM","NYC","DTF_Nepal_2017",7.72826738910012,5.12676609876789,"Significant",5.63198088713233
"Lcu.1GRN.Chr7p603756952",7,603756952,1.87802530115758e-08,0.0540123456790124,NA,7.49354373042079e-06,"GLM","NYC","DTF_Nepal_2017",7.72629856112257,5.12531275391544,"Significant",9.31336792794491
"Lcu.1GRN.Chr2p43989580",2,43989580,1.87906182891563e-08,0.0694444444444444,NA,2.48840311105064e-05,"GLM","NYC","DTF_Sask_2017",7.72605892957744,4.6040792643655,"Significant",2.46930862801895
"Lcu.1GRN.Chr2p10537941",2,10537941,1.88875623273688e-08,0.0879629629629629,NA,2.49143242249806e-05,"GLM","NYC","DTF_Sask_2017",7.72382408951525,4.60355088811733,"Significant",-2.19361915442386
"Lcu.1GRN.Chr1p560210595",1,560210595,1.91067810194356e-08,0.121913580246914,NA,7.61479930232759e-06,"GLM","NYC","DTF_Nepal_2017",7.718812473764,5.11834153855779,"Significant",6.19347777684959
"Lcu.1GRN.Chr1p439819569",1,439819569,1.92402455595167e-08,0.0987654320987654,NA,2.52804049926483e-05,"GLM","NYC","DTF_Sask_2017",7.71578938944672,4.5972159729267,"Significant",2.40574867331748
"Lcu.1GRN.Chr1p367495221",1,367495221,1.94041769321005e-08,0.246774193548387,NA,1.5689723033942e-05,"MLM","NYC","Cotyledon_Color_RvsY",7.71210477402306,4.80438472281793,"Significant",-0.198970826116617
"Lcu.1GRN.Chr5p1941443",5,1941443,1.94288192076268e-08,0.152777777777778,NA,7.73398062770628e-06,"GLM","NYC","DTF_Nepal_2017",7.71155359297689,5.11159692009471,"Significant",8.68921494778851
"Lcu.1GRN.Chr2p183063405",2,183063405,1.94618879192204e-08,0.263888888888889,NA,7.73798682473333e-06,"GLM","NYC","DTF_Nepal_2017",7.71081503286879,5.11137201407594,"Significant",5.71808563713347
"Lcu.1GRN.Chr3p322673053",3,322673053,1.9521267562985e-08,0.28858024691358,NA,7.75243235697588e-06,"GLM","NYC","DTF_Nepal_2017",7.70949198596559,5.11056201446442,"Significant",5.5008813336716
"Lcu.1GRN.Chr6p4522333",6,4522333,1.9608177685125e-08,0.341049382716049,-1.98218388562636,0.00131910878068249,"FarmCPU","Kansas","DTF_Nepal_2017",7.70756276625416,2.8797193887583,"Significant",NA
"Lcu.1GRN.Chr1p438510298",1,438510298,1.96257245778604e-08,0.0972222222222222,NA,2.5458384921319e-05,"GLM","NYC","DTF_Sask_2017",7.70717430022055,4.59416915142893,"Significant",2.4500850185633
"Lcu.1GRN.Chr4p501060910",4,501060910,1.96402826794184e-08,0.231481481481482,NA,7.79049877833483e-06,"GLM","NYC","DTF_Nepal_2017",7.70685226577371,5.10843473619855,"Significant",-5.49988318674212
"Lcu.1GRN.Chr5p456050643",5,456050643,1.96537879262557e-08,0.328703703703704,NA,2.5458384921319e-05,"GLM","NYC","DTF_Sask_2017",7.70655373450328,4.59416915142893,"Significant",-1.49788538948911
"Lcu.1GRN.Chr5p456048934",5,456048934,1.96784466952553e-08,0.33641975308642,NA,2.5458384921319e-05,"GLM","NYC","DTF_Sask_2017",7.70600918528999,4.59416915142893,"Significant",-1.47106733747181
"Lcu.1GRN.Chr5p456054027",5,456054027,1.96784466952553e-08,0.33641975308642,NA,2.5458384921319e-05,"GLM","NYC","DTF_Sask_2017",7.70600918528999,4.59416915142893,"Significant",-1.47106733747181
"Lcu.1GRN.Chr1p579204554",1,579204554,1.97501048015531e-08,0.0679012345679012,NA,7.82483333543464e-06,"GLM","NYC","DTF_Nepal_2017",7.70443059550003,5.10652490391211,"Significant",8.43993530060243
"Lcu.1GRN.Chr2p561719200",2,561719200,1.98504976440532e-08,0.185185185185185,NA,7.84106883753908e-06,"GLM","NYC","DTF_Nepal_2017",7.70222860117506,5.10562473341169,"Significant",6.24440499271748
"Lcu.1GRN.Chr7p69342883",7,69342883,1.98513425411666e-08,0.0601851851851852,NA,7.84106883753908e-06,"GLM","NYC","DTF_Nepal_2017",7.70221011668404,5.10562473341169,"Significant",8.04111671983719
"Lcu.1GRN.Chr2p183063325",2,183063325,1.98610168345388e-08,0.263888888888889,NA,7.84106883753908e-06,"GLM","NYC","DTF_Nepal_2017",7.70199852047687,5.10562473341169,"Significant",5.75542651717035
"Lcu.1GRN.Chr6p40076319",6,40076319,1.99541500247594e-08,0.430555555555556,NA,2.56407621885896e-05,"GLM","NYC","DTF_Sask_2017",7.69996676687363,4.59106906927105,"Significant",1.32671588324399
"Lcu.1GRN.Chr1p560430673",1,560430673,1.99718750454428e-08,0.441358024691358,NA,2.56407621885896e-05,"GLM","NYC","DTF_Sask_2017",7.69958115978318,4.59106906927105,"Significant",1.34423323652544
"Lcu.1GRN.Chr6p40076311",6,40076311,2.01015015973559e-08,0.432098765432099,NA,2.56951543111432e-05,"GLM","NYC","DTF_Sask_2017",7.69677149924182,4.59014876983416,"Significant",1.32734800360272
"Lcu.1GRN.Chr2p86073180",2,86073180,2.01932638015842e-08,0.473765432098765,NA,2.56951543111432e-05,"GLM","NYC","DTF_Sask_2017",7.69479348113255,4.59014876983416,"Significant",-1.34670935315947
"Lcu.1GRN.Chr1p593637108",1,593637108,2.02428507910758e-08,0.0555555555555556,NA,7.96123487266639e-06,"GLM","NYC","DTF_Nepal_2017",7.69372832603926,5.09901956331888,"Significant",8.7593704597673
"Lcu.1GRN.Chr1p593649081",1,593649081,2.02428507910758e-08,0.0555555555555556,NA,7.96123487266639e-06,"GLM","NYC","DTF_Nepal_2017",7.69372832603926,5.09901956331888,"Significant",8.7593704597673
"Lcu.1GRN.Chr2p43311823",2,43311823,2.02434123812768e-08,0.172839506172839,NA,2.56951543111432e-05,"GLM","NYC","DTF_Sask_2017",7.69371627772923,4.59014876983416,"Significant",1.72826476939329
"Lcu.1GRN.Chr7p630528781",7,630528781,2.02600643077425e-08,0.0540123456790124,NA,7.96123487266639e-06,"GLM","NYC","DTF_Nepal_2017",7.6933591804736,5.09901956331888,"Significant",9.30656708115225
"Lcu.1GRN.Chr7p630552414",7,630552414,2.02600643077425e-08,0.0540123456790124,NA,7.96123487266639e-06,"GLM","NYC","DTF_Nepal_2017",7.6933591804736,5.09901956331888,"Significant",9.30656708115225
"Lcu.1GRN.Chr7p1559280",7,1559280,2.0286623534213e-08,0.364197530864197,NA,7.96236954297855e-06,"GLM","NYC","DTF_Nepal_2017",7.6927902300728,5.09895767016412,"Significant",4.37121666926598
"Lcu.1GRN.Chr7p645795388",7,645795388,2.04281426782109e-08,0.108024691358025,NA,8.00857000960578e-06,"GLM","NYC","DTF_Nepal_2017",7.68977111752184,5.09644502353867,"Significant",6.49369480743212
"Lcu.1GRN.Chr1p541125647",1,541125647,2.04524478742779e-08,0.237654320987654,NA,2.58628892260423e-05,"GLM","NYC","DTF_Sask_2017",7.6892547055212,4.58732296032039,"Significant",-1.69009401830667
"Lcu.1GRN.Chr1p437626533",1,437626533,2.05585259582971e-08,0.123456790123457,NA,8.05030232946977e-06,"GLM","NYC","DTF_Nepal_2017",7.6870080273775,5.09418780937686,"Significant",7.02652535089578
"Lcu.1GRN.Chr5p154004710",5,154004710,2.06526743239654e-08,0.325617283950617,NA,8.07776523759217e-06,"GLM","NYC","DTF_Nepal_2017",7.68502370338096,5.09270877279265,"Significant",4.895091622819
"Lcu.1GRN.Chr2p48991603",2,48991603,2.07091961206259e-08,0.138888888888889,NA,2.60894762977775e-05,"GLM","NYC","DTF_Sask_2017",7.68383675900863,4.58353463854133,"Significant",2.96540761281108
"Lcu.1GRN.Chr6p430928861",6,430928861,2.07892646982532e-08,0.111111111111111,NA,8.12174517857994e-06,"GLM","NYC","DTF_Nepal_2017",7.68216087108885,5.09035064071063,"Significant",9.81799203648848
"Lcu.1GRN.Chr1p559406094",1,559406094,2.09157825757603e-08,0.435185185185185,NA,8.161692619096e-06,"GLM","NYC","DTF_Nepal_2017",7.67952588140723,5.08821976540007,"Significant",4.57481775792547
"Lcu.1GRN.Chr2p54495270",2,54495270,2.0938681414889e-08,0.376543209876543,NA,2.62801546697089e-05,"GLM","NYC","DTF_Sask_2017",7.67905067090304,4.58037208309995,"Significant",1.51150462794592
"Lcu.1GRN.Chr2p67747094",2,67747094,2.11722614055632e-08,0.109567901234568,NA,8.23040748534131e-06,"GLM","NYC","DTF_Nepal_2017",7.67423275258495,5.08457866244821,"Significant",6.37128067771857
"Lcu.1GRN.Chr2p187260992",2,187260992,2.11753311492463e-08,0.262345679012346,NA,8.23040748534131e-06,"GLM","NYC","DTF_Nepal_2017",7.67416978925389,5.08457866244821,"Significant",5.77317750958269
"Lcu.1GRN.Chr4p496227537",4,496227537,2.11816075294101e-08,0.367283950617284,NA,8.23040748534131e-06,"GLM","NYC","DTF_Nepal_2017",7.67404108319644,5.08457866244821,"Significant",-4.67169360830377
"Lcu.1GRN.Chr3p404089232",3,404089232,2.11897507255634e-08,0.114197530864197,NA,8.23040748534131e-06,"GLM","NYC","DTF_Nepal_2017",7.67387415226273,5.08457866244821,"Significant",7.18778006284924
"Lcu.1GRN.Chr7p4845669",7,4845669,2.12154171352072e-08,0.118827160493827,0.996053670324425,0.0015188229948336,"FarmCPU","Kansas","DTF_Sask_2017",7.6733484247629,2.81849283630591,"Significant",NA
"Lcu.1GRN.Chr1p360325528",1,360325528,2.13937752116116e-08,0.125806451612903,NA,1.72569783851419e-05,"MLM","NYC","Cotyledon_Color_RvsY",7.66971257172103,4.76303524486292,"Significant",-0.201205229676639
"Lcu.1GRN.Chr3p375788939",3,375788939,2.14530265712541e-08,0.185185185185185,NA,8.32305673436337e-06,"GLM","NYC","DTF_Nepal_2017",7.66851142933139,5.07971714497573,"Significant",5.30527293539188
"Lcu.1GRN.Chr1p381165558",1,381165558,2.14606299894514e-08,0.37258064516129,NA,1.72694921714397e-05,"MLM","NYC","Cotyledon_Color_RvsY",7.66835753321226,4.76272043315542,"Significant",-0.23018105634147
"Lcu.1GRN.Chr2p48689201",2,48689201,2.14977748982711e-08,0.348765432098765,NA,2.68815689561589e-05,"GLM","NYC","DTF_Sask_2017",7.66760648889422,4.57054538706475,"Significant",1.70250163666708
"Lcu.1GRN.Chr3p297576312",3,297576312,2.15137117289856e-08,0.0570987654320988,NA,8.33698464647891e-06,"GLM","NYC","DTF_Nepal_2017",7.66728465496111,5.07899099830573,"Significant",9.16031613186806
"Lcu.1GRN.Chr3p349260942",3,349260942,2.15997461870249e-08,0.424382716049383,NA,8.36069254970197e-06,"GLM","NYC","DTF_Nepal_2017",7.66555135210009,5.07775774671689,"Significant",4.70900193365884
"Lcu.1GRN.Chr3p333870663",3,333870663,2.16685104680305e-08,0.0632716049382716,NA,8.37766880528739e-06,"GLM","NYC","DTF_Nepal_2017",7.66417094182964,5.07687681261639,"Significant",8.76392386425096
"Lcu.1GRN.Chr4p460173722",4,460173722,2.1720182366244e-08,0.169753086419753,NA,8.37838598851653e-06,"GLM","NYC","DTF_Nepal_2017",7.66313653265957,5.07683963576027,"Significant",5.40591897426884
"Lcu.1GRN.Chr4p460176977",4,460176977,2.1720182366244e-08,0.169753086419753,NA,8.37838598851653e-06,"GLM","NYC","DTF_Nepal_2017",7.66313653265957,5.07683963576027,"Significant",5.40591897426884
"Lcu.1GRN.Chr2p44071765",2,44071765,2.18014645546257e-08,0.0709876543209876,NA,2.71536890331037e-05,"GLM","NYC","DTF_Sask_2017",7.661514330862,4.56617115989152,"Significant",2.44272806405701
"Lcu.1GRN.Chr1p436049603",1,436049603,2.18768479903531e-08,0.469135802469136,NA,2.71536890331037e-05,"GLM","NYC","DTF_Sask_2017",7.66001525084899,4.56617115989152,"Significant",1.61979333253836
"Lcu.1GRN.Chr4p451381610",4,451381610,2.2018193651353e-08,0.351851851851852,NA,8.48361253599618e-06,"GLM","NYC","DTF_Nepal_2017",7.65721831294956,5.07141917482325,"Significant",-4.92020058832441
"Lcu.1GRN.Chr3p434005923",3,434005923,2.21273909244761e-08,0.114197530864197,NA,2.73636915554899e-05,"GLM","NYC","DTF_Sask_2017",7.65506979140051,4.56282531360283,"Significant",-1.9698980595781
"Lcu.1GRN.Chr3p430356238",3,430356238,2.21363017125041e-08,0.106481481481482,NA,8.51546278013229e-06,"GLM","NYC","DTF_Nepal_2017",7.65489493449673,5.06979174495371,"Significant",6.26869745284
"Lcu.1GRN.Chr4p500367440",4,500367440,2.21640450918636e-08,0.307098765432099,NA,8.51546278013229e-06,"GLM","NYC","DTF_Nepal_2017",7.65435097495647,5.06979174495371,"Significant",-4.8247938744226
"Lcu.1GRN.Chr5p10367330",5,10367330,2.21768050831261e-08,0.208333333333333,NA,8.51546278013229e-06,"GLM","NYC","DTF_Nepal_2017",7.65410102061751,5.06979174495371,"Significant",-5.83692991758267
"Lcu.1GRN.Chr1p472346884",1,472346884,2.22573899679431e-08,0.304012345679012,NA,8.53666076550413e-06,"GLM","NYC","DTF_Nepal_2017",7.65252576493298,5.06871197646715,"Significant",5.27058329497623
"Lcu.1GRN.Chr2p48573924",2,48573924,2.2369587889106e-08,0.344135802469136,NA,2.75618724157324e-05,"GLM","NYC","DTF_Sask_2017",7.65034201675879,4.55969128196767,"Significant",1.72760593900006
"Lcu.1GRN.Chr4p471039146",4,471039146,2.24141845470585e-08,0.310185185185185,NA,8.5870068491349e-06,"GLM","NYC","DTF_Nepal_2017",7.64947705662664,5.06615819070087,"Significant",-4.91911472063225
"Lcu.1GRN.Chr7p176404911",7,176404911,2.24465771497781e-08,0.0787037037037037,NA,8.58963346546009e-06,"GLM","NYC","DTF_Nepal_2017",7.64884987462935,5.06602536787125,"Significant",7.54469756772585
"Lcu.1GRN.Chr1p364661667",1,364661667,2.24640041145241e-08,0.443548387096774,NA,1.80337701002151e-05,"MLM","NYC","Cotyledon_Color_RvsY",7.64851283000457,4.74391347113899,"Significant",-0.221897034493524
"Lcu.1GRN.Chr4p14485081",4,14485081,2.25768728031228e-08,0.0555555555555556,-1.34304105627716,0.0015188229948336,"FarmCPU","Kansas","DTF_Sask_2017",7.64633621380177,2.81849283630591,"Significant",NA
"Lcu.1GRN.Chr5p457793475",5,457793475,2.26399796830836e-08,0.41820987654321,NA,8.64032939885094e-06,"GLM","NYC","DTF_Nepal_2017",7.6451239672156,5.06346970041736,"Significant",5.16095945940276
"Lcu.1GRN.Chr5p27370281",5,27370281,2.26512314280311e-08,0.362654320987654,NA,8.64032939885094e-06,"GLM","NYC","DTF_Nepal_2017",7.64490818270805,5.06346970041736,"Significant",6.42787371902176
"Lcu.1GRN.Chr1p562581100",1,562581100,2.26781056890792e-08,0.37037037037037,NA,8.64032939885094e-06,"GLM","NYC","DTF_Nepal_2017",7.6443932250498,5.06346970041736,"Significant",4.90640674068931
"Lcu.1GRN.Chr2p246701656",2,246701656,2.268180546601e-08,0.311728395061728,NA,8.64032939885094e-06,"GLM","NYC","DTF_Nepal_2017",7.64432237867166,5.06346970041736,"Significant",5.54968387248488
"Lcu.1GRN.Chr3p375779376",3,375779376,2.29287817079663e-08,0.185185185185185,NA,8.71623899567126e-06,"GLM","NYC","DTF_Nepal_2017",7.63961902034916,5.0596708700873,"Significant",5.0892073249608
"Lcu.1GRN.Chr3p344655190",3,344655190,2.2948409927514e-08,0.356481481481482,NA,8.71623899567126e-06,"GLM","NYC","DTF_Nepal_2017",7.6392474009167,5.0596708700873,"Significant",4.68418295953552
"Lcu.1GRN.Chr1p584903195",1,584903195,2.2974820090871e-08,0.0709876543209876,NA,8.71623899567126e-06,"GLM","NYC","DTF_Nepal_2017",7.63874788076222,5.0596708700873,"Significant",8.16860452939886
"Lcu.1GRN.Chr5p467139367",5,467139367,2.29847279583324e-08,0.305555555555556,NA,8.71623899567126e-06,"GLM","NYC","DTF_Nepal_2017",7.63856063208745,5.0596708700873,"Significant",-4.27615329269224
"Lcu.1GRN.Chr1p437949617",1,437949617,2.30524340640027e-08,0.101851851851852,NA,2.82995550686364e-05,"GLM","NYC","DTF_Sask_2017",7.63728321149974,4.54822039248825,"Significant",2.36025076407083
"Lcu.1GRN.Chr5p416061140",5,416061140,2.31731846739051e-08,0.382716049382716,NA,8.77780924460297e-06,"GLM","NYC","DTF_Nepal_2017",7.63501427733385,5.05661386128057,"Significant",-4.95502668595827
"Lcu.1GRN.Chr5p456047817",5,456047817,2.31769836574313e-08,0.365740740740741,NA,2.83489907705426e-05,"GLM","NYC","DTF_Sask_2017",7.63494308546355,4.54746239746194,"Significant",-1.49523077675398
"Lcu.1GRN.Chr4p471079431",4,471079431,2.33438388380554e-08,0.308641975308642,NA,8.83250510510708e-06,"GLM","NYC","DTF_Nepal_2017",7.63182772373647,5.05391610287481,"Significant",-4.93048979767701
"Lcu.1GRN.Chr2p248135132",2,248135132,2.33938785091385e-08,0.353395061728395,NA,8.84149295784649e-06,"GLM","NYC","DTF_Nepal_2017",7.63089776983351,5.05347439464655,"Significant",5.48992640409307
"Lcu.1GRN.Chr4p471038002",4,471038002,2.34215230876732e-08,0.310185185185185,NA,8.84200612394095e-06,"GLM","NYC","DTF_Nepal_2017",7.63038486643428,5.05344918863928,"Significant",-4.91911294871937
"Lcu.1GRN.Chr2p187430115",2,187430115,2.34501385960618e-08,0.262345679012346,NA,8.84288427033803e-06,"GLM","NYC","DTF_Nepal_2017",7.62985458615457,5.05340605869882,"Significant",5.72477057637514
"Lcu.1GRN.Chr7p604607934",7,604607934,2.34859041906772e-08,0.0740740740740741,NA,8.8464536785056e-06,"GLM","NYC","DTF_Nepal_2017",7.62919271512891,5.05323079218558,"Significant",8.64791291189158
"Lcu.1GRN.Chr7p645657645",7,645657645,2.35211314623258e-08,0.0941358024691358,NA,8.84981255770486e-06,"GLM","NYC","DTF_Nepal_2017",7.62854179075808,5.05306592772212,"Significant",7.06943800399279
"Lcu.1GRN.Chr2p10271134",2,10271134,2.35892713960247e-08,0.172839506172839,NA,2.87487407669081e-05,"GLM","NYC","DTF_Sask_2017",7.62728547300049,4.54138117323383,"Significant",-1.68200693562449
"Lcu.1GRN.Chr4p39749797",4,39749797,2.36158848886866e-08,0.222222222222222,NA,8.87553558922107e-06,"GLM","NYC","DTF_Nepal_2017",7.62679577674095,5.05180543022498,"Significant",4.6611387432381
"Lcu.1GRN.Chr4p496367748",4,496367748,2.37049219923436e-08,0.375,NA,8.89905524084669e-06,"GLM","NYC","DTF_Nepal_2017",7.62516146950978,5.05065609734003,"Significant",-4.47203221104917
"Lcu.1GRN.Chr2p183249869",2,183249869,2.39324068974691e-08,0.132716049382716,NA,8.94842174216415e-06,"GLM","NYC","DTF_Nepal_2017",7.62101362191627,5.04825355564622,"Significant",11.3107998799655
"Lcu.1GRN.Chr4p351316709",4,351316709,2.3969438112805e-08,0.0509259259259259,NA,8.94842174216415e-06,"GLM","NYC","DTF_Nepal_2017",7.62034214649903,5.04825355564622,"Significant",9.58006623773144
"Lcu.1GRN.Chr4p351317561",4,351317561,2.3969438112805e-08,0.0509259259259259,NA,8.94842174216415e-06,"GLM","NYC","DTF_Nepal_2017",7.62034214649903,5.04825355564622,"Significant",9.58006623773144
"Lcu.1GRN.Chr4p351628551",4,351628551,2.3969438112805e-08,0.0509259259259259,NA,8.94842174216415e-06,"GLM","NYC","DTF_Nepal_2017",7.62034214649903,5.04825355564622,"Significant",9.58006623773144
"Lcu.1GRN.Chr4p351632697",4,351632697,2.3969438112805e-08,0.0509259259259259,NA,8.94842174216415e-06,"GLM","NYC","DTF_Nepal_2017",7.62034214649903,5.04825355564622,"Significant",9.58006623773144
"Lcu.1GRN.Chr6p435557150",6,435557150,2.40258062025538e-08,0.158950617283951,NA,8.95952145779869e-06,"GLM","NYC","DTF_Nepal_2017",7.61932203036302,5.04771518607309,"Significant",7.47838218062088
"Lcu.1GRN.Chr2p183063198",2,183063198,2.40719264748747e-08,0.262345679012346,NA,8.96677928302789e-06,"GLM","NYC","DTF_Nepal_2017",7.618489151772,5.04736352025363,"Significant",5.66716576988097
"Lcu.1GRN.Chr5p467139367",5,467139367,2.41504566748522e-08,0.305555555555556,NA,2.93264139362817e-05,"GLM","NYC","DTF_Sask_2017",7.6170746525111,4.53274103974367,"Significant",-1.36375426223896
"Lcu.1GRN.Chr4p451382652",4,451382652,2.42510206201474e-08,0.469135802469136,NA,9.01100879829478e-06,"GLM","NYC","DTF_Nepal_2017",7.61526997910828,5.04522658626756,"Significant",4.63179216223858
"Lcu.1GRN.Chr5p1104922",5,1104922,2.42656283931589e-08,0.0941358024691358,NA,9.01100879829478e-06,"GLM","NYC","DTF_Nepal_2017",7.61500845752621,5.04522658626756,"Significant",9.07212674553512
"Lcu.1GRN.Chr1p508707102",1,508707102,2.42710312582836e-08,0.0694444444444444,NA,9.01100879829478e-06,"GLM","NYC","DTF_Nepal_2017",7.61491177042262,5.04522658626756,"Significant",8.56807504332028
"Lcu.1GRN.Chr1p437626545",1,437626545,2.43929569248314e-08,0.118827160493827,NA,9.0462907849336e-06,"GLM","NYC","DTF_Nepal_2017",7.61273555112947,5.04352945635769,"Significant",7.08692273536508
"Lcu.1GRN.Chr1p541521195",1,541521195,2.44298725757436e-08,0.138888888888889,NA,2.95590034125365e-05,"GLM","NYC","DTF_Sask_2017",7.61207879826585,4.52931021235205,"Significant",1.78844424953121
"Lcu.1GRN.Chr1p372874805",1,372874805,2.44948291304811e-08,0.106451612903226,NA,1.96172671193632e-05,"MLM","NYC","Cotyledon_Color_RvsY",7.61092558572176,4.70736149428778,"Significant",-0.394693011836001
"Lcu.1GRN.Chr5p135646668",5,135646668,2.45157629539189e-08,0.344135802469136,NA,9.07708603072796e-06,"GLM","NYC","DTF_Nepal_2017",7.61055458654911,5.04205354838258,"Significant",4.63884542431651
"Lcu.1GRN.Chr1p539711268",1,539711268,2.45260335567796e-08,0.236111111111111,NA,2.95689904279329e-05,"GLM","NYC","DTF_Sask_2017",7.61037268186654,4.52916350330827,"Significant",-1.69328464334885
"Lcu.1GRN.Chr2p48482862",2,48482862,2.45494189052193e-08,0.21141975308642,NA,9.07708603072796e-06,"GLM","NYC","DTF_Nepal_2017",7.60995878334727,5.04205354838258,"Significant",4.90158052737701
"Lcu.1GRN.Chr4p176125148",4,176125148,2.45569520433409e-08,0.0648148148148148,NA,9.07708603072796e-06,"GLM","NYC","DTF_Nepal_2017",7.60982553789336,5.04205354838258,"Significant",7.94580159211341
"Lcu.1GRN.Chr5p10231016",5,10231016,2.46133247328645e-08,0.205246913580247,NA,9.08793655369861e-06,"GLM","NYC","DTF_Nepal_2017",7.60882971845439,5.04153471359551,"Significant",-5.88653772736336
"Lcu.1GRN.Chr2p45678256",2,45678256,2.48022143119646e-08,0.212962962962963,NA,9.14763862003576e-06,"GLM","NYC","DTF_Nepal_2017",7.60550954415209,5.03869100064863,"Significant",4.68875302559587
"Lcu.1GRN.Chr1p579204936",1,579204936,2.48434149444158e-08,0.066358024691358,NA,9.15279841687657e-06,"GLM","NYC","DTF_Nepal_2017",7.60478870682158,5.038446102524,"Significant",8.46079604904548
"Lcu.1GRN.Chr2p47410520",2,47410520,2.49446914159381e-08,0.219135802469136,NA,9.1699025177207e-06,"GLM","NYC","DTF_Nepal_2017",7.60302186423168,5.03763528115015,"Significant",4.64156670819898
"Lcu.1GRN.Chr5p27272120",5,27272120,2.49641589015378e-08,0.0617283950617284,NA,9.1699025177207e-06,"GLM","NYC","DTF_Nepal_2017",7.6026830617168,5.03763528115015,"Significant",8.97061334160935
"Lcu.1GRN.Chr4p501005116",4,501005116,2.49716253563285e-08,0.342592592592593,NA,9.1699025177207e-06,"GLM","NYC","DTF_Nepal_2017",7.60255318931418,5.03763528115015,"Significant",4.39998104297311
"Lcu.1GRN.Chr5p362340912",5,362340912,2.51184305352261e-08,0.308641975308642,NA,9.2137525887049e-06,"GLM","NYC","DTF_Nepal_2017",7.60000749993424,5.03556345377238,"Significant",6.13462577069066
"Lcu.1GRN.Chr1p572593644",1,572593644,2.51254513133444e-08,0.484567901234568,NA,3.01834738639848e-05,"GLM","NYC","DTF_Sask_2017",7.59988612853127,4.52023077804161,"Significant",1.38829645764064
"Lcu.1GRN.Chr4p470977401",4,470977401,2.52012758131111e-08,0.314814814814815,NA,9.23407139589187e-06,"GLM","NYC","DTF_Nepal_2017",7.59857747252922,5.03460677189859,"Significant",-5.11281727645598
"Lcu.1GRN.Chr2p45095167",2,45095167,2.53827241189161e-08,0.256172839506173,NA,9.283339102534e-06,"GLM","NYC","DTF_Nepal_2017",7.59546177048692,5.03229578531427,"Significant",4.49306747981552
"Lcu.1GRN.Chr5p27324191",5,27324191,2.53909330413842e-08,0.367283950617284,NA,9.283339102534e-06,"GLM","NYC","DTF_Nepal_2017",7.59532133980059,5.03229578531427,"Significant",6.42475052501942
"Lcu.1GRN.Chr1p541129377",1,541129377,2.54367028520738e-08,0.236111111111111,NA,3.04486385346744e-05,"GLM","NYC","DTF_Sask_2017",7.59453918335189,4.5164321214251,"Significant",-1.68207363251423
"Lcu.1GRN.Chr4p451382560",4,451382560,2.55186177528882e-08,0.341049382716049,NA,9.30747931083833e-06,"GLM","NYC","DTF_Nepal_2017",7.59314285340507,5.03116792048145,"Significant",-4.7597703734221
"Lcu.1GRN.Chr4p182547413",4,182547413,2.55314980355824e-08,0.371913580246914,NA,9.30747931083833e-06,"GLM","NYC","DTF_Nepal_2017",7.59292370264579,5.03116792048145,"Significant",-6.65844649076098
"Lcu.1GRN.Chr3p297059660",3,297059660,2.55399709362208e-08,0.283950617283951,NA,9.30747931083833e-06,"GLM","NYC","DTF_Nepal_2017",7.59277960128741,5.03116792048145,"Significant",4.96962083357147
"Lcu.1GRN.Chr3p402981859",3,402981859,2.59069924817705e-08,0.058641975308642,NA,9.42666869144516e-06,"GLM","NYC","DTF_Nepal_2017",7.58658300092321,5.02564175631156,"Significant",9.27649868546996
"Lcu.1GRN.Chr3p389188154",3,389188154,2.59230796706775e-08,0.222222222222222,NA,9.42666869144516e-06,"GLM","NYC","DTF_Nepal_2017",7.5863134054044,5.02564175631156,"Significant",7.10001967627466
"Lcu.1GRN.Chr1p363538835",1,363538835,2.59808808788761e-08,0.148387096774194,NA,2.07579832745485e-05,"MLM","NYC","Cotyledon_Color_RvsY",7.58534612830727,4.68281484231106,"Significant",-0.229614065343439
"Lcu.1GRN.Chr2p45342783",2,45342783,2.60172812273469e-08,0.290123456790123,NA,3.08946373111547e-05,"GLM","NYC","DTF_Sask_2017",7.58473808862193,4.51011689883713,"Significant",1.47938244370692
"Lcu.1GRN.Chr1p537190191",1,537190191,2.61143351806972e-08,0.231481481481482,NA,3.08946373111547e-05,"GLM","NYC","DTF_Sask_2017",7.58312102596445,4.51011689883713,"Significant",-1.70600110312816
"Lcu.1GRN.Chr4p39603215",4,39603215,2.61537672190796e-08,0.135802469135803,NA,9.495665538127e-06,"GLM","NYC","DTF_Nepal_2017",7.58246574600814,5.02247459075776,"Significant",5.98213213722181
"Lcu.1GRN.Chr2p632000956",2,632000956,2.61692792510672e-08,0.0570987654320988,NA,9.495665538127e-06,"GLM","NYC","DTF_Nepal_2017",7.58220823844513,5.02247459075776,"Significant",8.23388348603271
"Lcu.1GRN.Chr1p542937863",1,542937863,2.61750879027584e-08,0.0771604938271605,NA,3.08946373111547e-05,"GLM","NYC","DTF_Sask_2017",7.58211185117276,4.51011689883713,"Significant",2.24767743175079
"Lcu.1GRN.Chr2p51671173",2,51671173,2.61766809279124e-08,0.137345679012346,NA,3.08946373111547e-05,"GLM","NYC","DTF_Sask_2017",7.58208542066049,4.51011689883713,"Significant",1.80344510944153
"Lcu.1GRN.Chr2p183690527",2,183690527,2.62917198916699e-08,0.287037037037037,NA,9.49762026313573e-06,"GLM","NYC","DTF_Nepal_2017",7.58018100328008,5.02238519850654,"Significant",5.53688339749982
"Lcu.1GRN.Chr1p446625469",1,446625469,2.63963437697596e-08,0.246913580246914,NA,9.49762026313573e-06,"GLM","NYC","DTF_Nepal_2017",7.57845622428864,5.02238519850654,"Significant",5.23816588848797
"Lcu.1GRN.Chr5p131540092",5,131540092,2.64487636313791e-08,0.484567901234568,NA,9.49762026313573e-06,"GLM","NYC","DTF_Nepal_2017",7.5775946245974,5.02238519850654,"Significant",-4.6916790253355
"Lcu.1GRN.Chr3p375779559",3,375779559,2.6466574320775e-08,0.188271604938272,NA,9.49762026313573e-06,"GLM","NYC","DTF_Nepal_2017",7.57730226760923,5.02238519850654,"Significant",5.10277860131743
"Lcu.1GRN.Chr2p248632077",2,248632077,2.64713700577468e-08,0.305555555555556,NA,9.49762026313573e-06,"GLM","NYC","DTF_Nepal_2017",7.57722358068122,5.02238519850654,"Significant",5.74201459334722
"Lcu.1GRN.Chr5p4032704",5,4032704,2.64848889519726e-08,0.132716049382716,NA,9.49762026313573e-06,"GLM","NYC","DTF_Nepal_2017",7.5770018436703,5.02238519850654,"Significant",11.149412461702
"Lcu.1GRN.Chr2p45386213",2,45386213,2.64937246077713e-08,0.209876543209877,NA,9.49762026313573e-06,"GLM","NYC","DTF_Nepal_2017",7.57685698232588,5.02238519850654,"Significant",4.88864170527432
"Lcu.1GRN.Chr1p437235006",1,437235006,2.68709730898e-08,0.0972222222222222,NA,9.49762026313573e-06,"GLM","NYC","DTF_Nepal_2017",7.57071660599413,5.02238519850654,"Significant",7.49823682183774
"Lcu.1GRN.Chr1p437235932",1,437235932,2.68709730898e-08,0.0972222222222222,NA,9.49762026313573e-06,"GLM","NYC","DTF_Nepal_2017",7.57071660599413,5.02238519850654,"Significant",7.49823682183774
"Lcu.1GRN.Chr1p437362313",1,437362313,2.68709730898e-08,0.0972222222222222,NA,9.49762026313573e-06,"GLM","NYC","DTF_Nepal_2017",7.57071660599413,5.02238519850654,"Significant",7.49823682183774
"Lcu.1GRN.Chr1p437612186",1,437612186,2.68709730898e-08,0.0972222222222222,NA,9.49762026313573e-06,"GLM","NYC","DTF_Nepal_2017",7.57071660599413,5.02238519850654,"Significant",7.49823682183774
"Lcu.1GRN.Chr1p437612546",1,437612546,2.68709730898e-08,0.0972222222222222,NA,9.49762026313573e-06,"GLM","NYC","DTF_Nepal_2017",7.57071660599413,5.02238519850654,"Significant",7.49823682183774
"Lcu.1GRN.Chr1p437617578",1,437617578,2.68709730898e-08,0.0972222222222222,NA,9.49762026313573e-06,"GLM","NYC","DTF_Nepal_2017",7.57071660599413,5.02238519850654,"Significant",7.49823682183774
"Lcu.1GRN.Chr1p437618706",1,437618706,2.68709730898e-08,0.0972222222222222,NA,9.49762026313573e-06,"GLM","NYC","DTF_Nepal_2017",7.57071660599413,5.02238519850654,"Significant",7.49823682183774
"Lcu.1GRN.Chr1p437623072",1,437623072,2.68709730898e-08,0.0972222222222222,NA,9.49762026313573e-06,"GLM","NYC","DTF_Nepal_2017",7.57071660599413,5.02238519850654,"Significant",7.49823682183774
"Lcu.1GRN.Chr1p437626636",1,437626636,2.68709730898e-08,0.0972222222222222,NA,9.49762026313573e-06,"GLM","NYC","DTF_Nepal_2017",7.57071660599413,5.02238519850654,"Significant",7.49823682183774
"Lcu.1GRN.Chr1p437627122",1,437627122,2.68709730898e-08,0.0972222222222222,NA,9.49762026313573e-06,"GLM","NYC","DTF_Nepal_2017",7.57071660599413,5.02238519850654,"Significant",7.49823682183774
"Lcu.1GRN.Chr1p437710021",1,437710021,2.68709730898e-08,0.0972222222222222,NA,9.49762026313573e-06,"GLM","NYC","DTF_Nepal_2017",7.57071660599413,5.02238519850654,"Significant",7.49823682183774
"Lcu.1GRN.Chr1p437949978",1,437949978,2.68709730898e-08,0.0972222222222222,NA,9.49762026313573e-06,"GLM","NYC","DTF_Nepal_2017",7.57071660599413,5.02238519850654,"Significant",7.49823682183774
"Lcu.1GRN.Chr1p437950460",1,437950460,2.68709730898e-08,0.0972222222222222,NA,9.49762026313573e-06,"GLM","NYC","DTF_Nepal_2017",7.57071660599413,5.02238519850654,"Significant",7.49823682183774
"Lcu.1GRN.Chr1p437954076",1,437954076,2.68709730898e-08,0.0972222222222222,NA,9.49762026313573e-06,"GLM","NYC","DTF_Nepal_2017",7.57071660599413,5.02238519850654,"Significant",7.49823682183774
"Lcu.1GRN.Chr1p437954579",1,437954579,2.68709730898e-08,0.0972222222222222,NA,9.49762026313573e-06,"GLM","NYC","DTF_Nepal_2017",7.57071660599413,5.02238519850654,"Significant",7.49823682183774
"Lcu.1GRN.Chr1p437958679",1,437958679,2.68709730898e-08,0.0972222222222222,NA,9.49762026313573e-06,"GLM","NYC","DTF_Nepal_2017",7.57071660599413,5.02238519850654,"Significant",7.49823682183774
"Lcu.1GRN.Chr1p439582155",1,439582155,2.68709730898e-08,0.0972222222222222,NA,9.49762026313573e-06,"GLM","NYC","DTF_Nepal_2017",7.57071660599413,5.02238519850654,"Significant",7.49823682183774
"Lcu.1GRN.Chr2p187265674",2,187265674,2.68805634634349e-08,0.263888888888889,NA,9.49762026313573e-06,"GLM","NYC","DTF_Nepal_2017",7.57056163195394,5.02238519850654,"Significant",5.6847389728303
"Lcu.1GRN.Chr1p362372518",1,362372518,2.7047568576205e-08,0.129032258064516,NA,2.15468847652291e-05,"MLM","NYC","Cotyledon_Color_RvsY",7.5678717694261,4.66661551098209,"Significant",-0.202042871442129
"Lcu.1GRN.Chr2p187429085",2,187429085,2.70637489932047e-08,0.262345679012346,NA,9.55231065854908e-06,"GLM","NYC","DTF_Nepal_2017",7.56761204313064,5.0198915619371,"Significant",5.75752737686764
"Lcu.1GRN.Chr1p365199241",1,365199241,2.70963924989428e-08,0.383870967741936,NA,2.15468847652291e-05,"MLM","NYC","Cotyledon_Color_RvsY",7.56708852543892,4.66661551098209,"Significant",-0.180640077162218
"Lcu.1GRN.Chr5p1919004",5,1919004,2.71006244317604e-08,0.160493827160494,NA,9.55529951597271e-06,"GLM","NYC","DTF_Nepal_2017",7.56702070233063,5.01975569520285,"Significant",7.56867837314292
"Lcu.1GRN.Chr5p456047981",5,456047981,2.71168147083244e-08,0.390432098765432,NA,3.18923133321501e-05,"GLM","NYC","DTF_Sask_2017",7.5667613264511,4.49631397774827,"Significant",-1.47085907953887
"Lcu.1GRN.Chr7p67768137",7,67768137,2.73493829144854e-08,0.0601851851851852,NA,9.62971029792953e-06,"GLM","NYC","DTF_Nepal_2017",7.56305246822844,5.01638677807828,"Significant",7.9561570047083
"Lcu.1GRN.Chr7p51478088",7,51478088,2.73506006180898e-08,0.487654320987654,NA,3.20551898191812e-05,"GLM","NYC","DTF_Sask_2017",7.56303313213647,4.49410164703859,"Significant",1.51316339900789
"Lcu.1GRN.Chr5p459572366",5,459572366,2.73689245521131e-08,0.141975308641975,NA,9.62971029792953e-06,"GLM","NYC","DTF_Nepal_2017",7.56274226763406,5.01638677807828,"Significant",-5.6687334096523
"Lcu.1GRN.Chr1p572630821",1,572630821,2.74627770899863e-08,0.262345679012346,NA,9.65263525749993e-06,"GLM","NYC","DTF_Nepal_2017",7.5612555481672,5.01535410411217,"Significant",-6.42986563749184
"Lcu.1GRN.Chr5p1781265",5,1781265,2.75068853287227e-08,0.148148148148148,NA,9.65804644819048e-06,"GLM","NYC","DTF_Nepal_2017",7.56055858304287,5.01511071028954,"Significant",8.73033095708388
"Lcu.1GRN.Chr2p51670538",2,51670538,2.76243680774562e-08,0.145061728395062,NA,3.21102293441135e-05,"GLM","NYC","DTF_Sask_2017",7.55870764791725,4.49335659251736,"Significant",1.81183582170888
"Lcu.1GRN.Chr1p436568375",1,436568375,2.76426032813754e-08,0.469135802469136,NA,3.21102293441135e-05,"GLM","NYC","DTF_Sask_2017",7.55842105907291,4.49335659251736,"Significant",1.57914577717131
"Lcu.1GRN.Chr4p3903034",4,3903034,2.76583389775777e-08,0.24537037037037,1.91418462656044,0.00155055875114514,"FarmCPU","Kansas","DTF_Nepal_2017",7.55817390501243,2.8095117735642,"Significant",NA
"Lcu.1GRN.Chr2p48443358",2,48443358,2.77667547334447e-08,0.20679012345679,NA,3.21102293441135e-05,"GLM","NYC","DTF_Sask_2017",7.55647487587512,4.49335659251736,"Significant",2.11017754752891
"Lcu.1GRN.Chr2p45088314",2,45088314,2.77708703284271e-08,0.0725308641975309,NA,9.74056761184781e-06,"GLM","NYC","DTF_Nepal_2017",7.55641050941393,5.01141573475272,"Significant",8.3243738051417
"Lcu.1GRN.Chr2p43812657",2,43812657,2.78930511636824e-08,0.256172839506173,NA,3.21102293441135e-05,"GLM","NYC","DTF_Sask_2017",7.55450397655242,4.49335659251736,"Significant",1.51085118441975
"Lcu.1GRN.Chr7p1560731",7,1560731,2.80030465965609e-08,0.371913580246914,NA,9.81177164015146e-06,"GLM","NYC","DTF_Nepal_2017",7.55279471694,5.00825256814769,"Significant",4.29938490930448
"Lcu.1GRN.Chr3p343245810",3,343245810,2.81350134345921e-08,0.458074534161491,-0.968783439858901,0.00157728167732557,"BLINK","Kansas","DTF_Sask_2017_b",7.55075287313242,2.80209074168419,"Significant",NA
"Lcu.1GRN.Chr2p248135185",2,248135185,2.81487633357118e-08,0.33641975308642,NA,9.85256511648635e-06,"GLM","NYC","DTF_Nepal_2017",7.55054068032503,5.0064506861617,"Significant",5.56467894279876
"Lcu.1GRN.Chr1p549619874",1,549619874,2.81493565166319e-08,0.126543209876543,NA,3.21102293441135e-05,"GLM","NYC","DTF_Sask_2017",7.55053152850251,4.49335659251736,"Significant",2.09727119220025
"Lcu.1GRN.Chr1p363538795",1,363538795,2.82712000474118e-08,0.17741935483871,NA,2.24280630810089e-05,"MLM","NYC","Cotyledon_Color_RvsY",7.54865575631743,4.64920823107829,"Significant",-0.198942633697613
"Lcu.1GRN.Chr3p433895946",3,433895946,2.82739336864444e-08,0.109567901234568,NA,3.21102293441135e-05,"GLM","NYC","DTF_Sask_2017",7.54861376492861,4.49335659251736,"Significant",-1.98582319242576
"Lcu.1GRN.Chr3p180387971",3,180387971,2.82900830287872e-08,0.123456790123457,NA,3.21102293441135e-05,"GLM","NYC","DTF_Sask_2017",7.54836577792685,4.49335659251736,"Significant",2.17342298394402
"Lcu.1GRN.Chr6p436559474",6,436559474,2.82939114058862e-08,0.118827160493827,NA,9.8930749458043e-06,"GLM","NYC","DTF_Nepal_2017",7.54830701067056,5.0046687008765,"Significant",10.1076213883844
"Lcu.1GRN.Chr6p40076993",6,40076993,2.83272154018951e-08,0.450617283950617,NA,3.21102293441135e-05,"GLM","NYC","DTF_Sask_2017",7.54779611503229,4.49335659251736,"Significant",1.39813623609028
"Lcu.1GRN.Chr1p562751598",1,562751598,2.83381476612636e-08,0.427469135802469,NA,9.89825307827234e-06,"GLM","NYC","DTF_Nepal_2017",7.54762854106044,5.0044414463531,"Significant",4.67417112603971
"Lcu.1GRN.Chr2p561520994",2,561520994,2.83383978157712e-08,0.458333333333333,NA,3.21102293441135e-05,"GLM","NYC","DTF_Sask_2017",7.54762470735035,4.49335659251736,"Significant",-1.37881286007425
"Lcu.1GRN.Chr2p45339428",2,45339428,2.83521811450045e-08,0.234567901234568,NA,3.21102293441135e-05,"GLM","NYC","DTF_Sask_2017",7.54741352503202,4.49335659251736,"Significant",1.74048176902866
"Lcu.1GRN.Chr1p342359925",1,342359925,2.84705148840129e-08,0.435483870967742,NA,2.25330392470371e-05,"MLM","NYC","Cotyledon_Color_RvsY",7.54560467864638,4.64718022686482,"Significant",-0.222757213201015
"Lcu.1GRN.Chr5p455417858",5,455417858,2.85518592373814e-08,0.416666666666667,NA,3.22278632083901e-05,"GLM","NYC","DTF_Sask_2017",7.54436560614861,4.491768488393,"Significant",-1.34116263245608
"Lcu.1GRN.Chr5p457714799",5,457714799,2.85655013187781e-08,0.436728395061728,NA,9.96644144913333e-06,"GLM","NYC","DTF_Nepal_2017",7.54415814975612,5.00145988029193,"Significant",5.14333611194746
"Lcu.1GRN.Chr4p182563453",4,182563453,2.85926265014513e-08,0.371913580246914,NA,9.96644144913333e-06,"GLM","NYC","DTF_Nepal_2017",7.54374594878001,5.00145988029193,"Significant",-6.54151393277937
"Lcu.1GRN.Chr1p559749511",1,559749511,2.86960156216196e-08,0.182098765432099,NA,3.22822497879509e-05,"GLM","NYC","DTF_Sask_2017",7.54217839990955,4.4910362064021,"Significant",1.69517872848996
"Lcu.1GRN.Chr1p446650108",1,446650108,2.87804481882958e-08,0.180555555555556,NA,1.00215248610274e-05,"GLM","NYC","DTF_Nepal_2017",7.54090244722401,4.99906619180763,"Significant",6.28577768852665
"Lcu.1GRN.Chr4p498064262",4,498064262,2.88434653718813e-08,0.0694444444444444,NA,1.00330816098693e-05,"GLM","NYC","DTF_Nepal_2017",7.53995256290288,4.998565655154,"Significant",7.72306083823423
"Lcu.1GRN.Chr2p248165344",2,248165344,2.89136535359029e-08,0.334876543209877,NA,1.0047106300528e-05,"GLM","NYC","DTF_Nepal_2017",7.53889702731138,4.9979590027879,"Significant",5.50890439861729
"Lcu.1GRN.Chr7p630529134",7,630529134,2.89740557725118e-08,0.0555555555555556,NA,1.00577050753689e-05,"GLM","NYC","DTF_Nepal_2017",7.53799070823648,4.99750110345537,"Significant",9.10662746400067
"Lcu.1GRN.Chr2p43828039",2,43828039,2.90041111688986e-08,0.351851851851852,NA,1.00577586201535e-05,"GLM","NYC","DTF_Nepal_2017",7.53754043894858,4.99749879138295,"Significant",-4.43114701497691
"Lcu.1GRN.Chr4p500606999",4,500606999,2.90424995344426e-08,0.305555555555556,NA,1.00606987032975e-05,"GLM","NYC","DTF_Nepal_2017",7.53696600893264,4.99737185700877,"Significant",-4.76515310840205
"Lcu.1GRN.Chr2p33986457",2,33986457,2.92365544218718e-08,0.200617283950617,NA,1.01124510307722e-05,"GLM","NYC","DTF_Nepal_2017",7.53407381104868,4.99514356843202,"Significant",5.09492598974549
"Lcu.1GRN.Chr2p44146735",2,44146735,2.92520219074444e-08,0.199074074074074,NA,1.01124510307722e-05,"GLM","NYC","DTF_Nepal_2017",7.53384410999555,4.99514356843202,"Significant",5.49488706990013
"Lcu.1GRN.Chr1p537925505",1,537925505,2.93084714661249e-08,0.277777777777778,NA,3.28118793271885e-05,"GLM","NYC","DTF_Sask_2017",7.53300683086684,4.4839688943304,"Significant",-1.51866223242658
"Lcu.1GRN.Chr3p434028973",3,434028973,2.93619043410434e-08,0.114197530864197,NA,3.28118793271885e-05,"GLM","NYC","DTF_Sask_2017",7.53221578056843,4.4839688943304,"Significant",-1.96662756229932
"Lcu.1GRN.Chr4p460172465",4,460172465,2.94037126781228e-08,0.169753086419753,NA,1.01400238645683e-05,"GLM","NYC","DTF_Nepal_2017",7.53159782966191,4.99396102288847,"Significant",5.42485875836365
"Lcu.1GRN.Chr6p439809446",6,439809446,2.94043223176252e-08,0.138888888888889,NA,1.01400238645683e-05,"GLM","NYC","DTF_Nepal_2017",7.53158882534568,4.99396102288847,"Significant",9.19306129211486
"Lcu.1GRN.Chr4p501060401",4,501060401,2.94222182670079e-08,0.473765432098765,NA,1.01400238645683e-05,"GLM","NYC","DTF_Nepal_2017",7.53132458705365,4.99396102288847,"Significant",-4.11164924402252
"Lcu.1GRN.Chr1p437708442",1,437708442,2.9504693064194e-08,0.0972222222222222,NA,1.01580400122044e-05,"GLM","NYC","DTF_Nepal_2017",7.53010889894466,4.99319008083156,"Significant",7.53162298420307
"Lcu.1GRN.Chr2p561528244",2,561528244,2.96248025439269e-08,0.0725308641975309,NA,1.01889631465164e-05,"GLM","NYC","DTF_Nepal_2017",7.52834453564408,4.9918700085998,"Significant",8.09905184287118
"Lcu.1GRN.Chr2p43614088",2,43614088,2.96418264626721e-08,0.253086419753086,NA,3.29168382993024e-05,"GLM","NYC","DTF_Sask_2017",7.52809503961912,4.48258188594788,"Significant",1.50724057995907
"Lcu.1GRN.Chr1p472347424",1,472347424,2.96786183384239e-08,0.297839506172839,NA,1.01970457759353e-05,"GLM","NYC","DTF_Nepal_2017",7.52755632111422,4.99152563108548,"Significant",5.25046577615404
"Lcu.1GRN.Chr2p14107999",2,14107999,2.97494071742708e-08,0.0632716049382716,NA,3.29168382993024e-05,"GLM","NYC","DTF_Sask_2017",7.526521684171,4.48258188594788,"Significant",2.53084135291112
"Lcu.1GRN.Chr2p14203941",2,14203941,2.97494071742708e-08,0.0632716049382716,NA,3.29168382993024e-05,"GLM","NYC","DTF_Sask_2017",7.526521684171,4.48258188594788,"Significant",2.53084135291112
"Lcu.1GRN.Chr4p182601936",4,182601936,2.98086923750248e-08,0.37037037037037,NA,1.02312861511326e-05,"GLM","NYC","DTF_Nepal_2017",7.52565707484851,4.99006976870914,"Significant",-6.6857806597443
"Lcu.1GRN.Chr4p497110951",4,497110951,2.98918705123884e-08,0.358024691358025,NA,1.02493769710913e-05,"GLM","NYC","DTF_Nepal_2017",7.52444690771779,4.98930253326586,"Significant",-4.79334566273042
"Lcu.1GRN.Chr2p33986457",2,33986457,2.98979521585373e-08,0.200617283950617,NA,3.29727359793794e-05,"GLM","NYC","DTF_Sask_2017",7.52435855738476,4.48184501489967,"Significant",1.62630225745622
"Lcu.1GRN.Chr1p364394369",1,364394369,2.99692591229878e-08,0.0903225806451613,NA,2.366354409254e-05,"MLM","NYC","Cotyledon_Color_RvsY",7.52332399321636,4.6259202104872,"Significant",-0.221322209178722
"Lcu.1GRN.Chr3p347698171",3,347698171,3.0063823067147e-08,0.490740740740741,NA,1.02978390770133e-05,"GLM","NYC","DTF_Nepal_2017",7.52195579316385,4.98725389911892,"Significant",5.11683765080699
"Lcu.1GRN.Chr6p394417257",6,394417257,3.03680224412629e-08,0.12037037037037,NA,1.03914553453716e-05,"GLM","NYC","DTF_Nepal_2017",7.51758348831915,4.98332362431941,"Significant",8.44740917827949
"Lcu.1GRN.Chr4p304459507",4,304459507,3.0666255021682e-08,0.307098765432099,NA,1.04828416695916e-05,"GLM","NYC","DTF_Nepal_2017",7.51333925703754,4.979520973637,"Significant",5.08420145811266
"Lcu.1GRN.Chr5p37927783",5,37927783,3.0882842375676e-08,0.148148148148148,NA,1.05461614633289e-05,"GLM","NYC","DTF_Nepal_2017",7.51028273517364,4.97690558383938,"Significant",7.3986584308816
"Lcu.1GRN.Chr3p434223418",3,434223418,3.09086665261227e-08,0.108024691358025,NA,3.38232286930811e-05,"GLM","NYC","DTF_Sask_2017",7.5099197310363,4.47078493793694,"Significant",-1.98124173149614
"Lcu.1GRN.Chr1p559227190",1,559227190,3.09244675443336e-08,0.259259259259259,NA,3.38232286930811e-05,"GLM","NYC","DTF_Sask_2017",7.50969776929136,4.47078493793694,"Significant",1.50985729248296
"Lcu.1GRN.Chr5p10017108",5,10017108,3.10359545843854e-08,0.266975308641975,NA,1.05876987177342e-05,"GLM","NYC","DTF_Nepal_2017",7.50813489231643,4.97519842542577,"Significant",-5.29838466319666
"Lcu.1GRN.Chr2p86834630",2,86834630,3.1071352618307e-08,0.424382716049383,NA,3.38232286930811e-05,"GLM","NYC","DTF_Sask_2017",7.50763984034398,4.47078493793694,"Significant",-1.32326415462035
"Lcu.1GRN.Chr2p86834661",2,86834661,3.1071352618307e-08,0.424382716049383,NA,3.38232286930811e-05,"GLM","NYC","DTF_Sask_2017",7.50763984034398,4.47078493793694,"Significant",-1.32326415462035
"Lcu.1GRN.Chr5p459526343",5,459526343,3.10731632472242e-08,0.137345679012346,NA,1.05896521803233e-05,"GLM","NYC","DTF_Nepal_2017",7.50761453332737,4.97511830416513,"Significant",-5.72925952745391
"Lcu.1GRN.Chr2p247847184",2,247847184,3.12282617956724e-08,0.313271604938272,NA,1.06203777677349e-05,"GLM","NYC","DTF_Nepal_2017",7.50545218847414,4.97386003508837,"Significant",5.50347847441361
"Lcu.1GRN.Chr2p37560854",2,37560854,3.12356554113351e-08,0.058641975308642,NA,1.06203777677349e-05,"GLM","NYC","DTF_Nepal_2017",7.50534937691053,4.97386003508837,"Significant",8.40535883635221
"Lcu.1GRN.Chr4p496563262",4,496563262,3.12580425251511e-08,0.24537037037037,NA,1.06203777677349e-05,"GLM","NYC","DTF_Nepal_2017",7.5050382223227,4.97386003508837,"Significant",4.77977616898437
"Lcu.1GRN.Chr1p408097291",1,408097291,3.13168957877146e-08,0.388709677419355,NA,2.45244476657396e-05,"MLM","NYC","Cotyledon_Color_RvsY",7.50422129288101,4.61040076492345,"Significant",0.191968767517675
"Lcu.1GRN.Chr1p408097676",1,408097676,3.13168957877146e-08,0.388709677419355,NA,2.45244476657396e-05,"MLM","NYC","Cotyledon_Color_RvsY",7.50422129288101,4.61040076492345,"Significant",0.191968767517675
"Lcu.1GRN.Chr1p373681768",1,373681768,3.13335419062257e-08,0.398387096774194,NA,2.45244476657396e-05,"MLM","NYC","Cotyledon_Color_RvsY",7.5039905102129,4.61040076492345,"Significant",-0.181321715524106
"Lcu.1GRN.Chr2p247397187",2,247397187,3.13474428972305e-08,0.308641975308642,NA,1.06400053733731e-05,"GLM","NYC","DTF_Nepal_2017",7.50379788006185,4.97305815271525,"Significant",5.72844227824328
"Lcu.1GRN.Chr1p370889672",1,370889672,3.13512101254524e-08,0.185483870967742,NA,2.45244476657396e-05,"MLM","NYC","Cotyledon_Color_RvsY",7.50374569117574,4.61040076492345,"Significant",-0.260624002067318
"Lcu.1GRN.Chr2p79721021",2,79721021,3.14156188950292e-08,0.231481481481482,NA,3.3992934016588e-05,"GLM","NYC","DTF_Sask_2017",7.50285438016105,4.46861134873787,"Significant",2.02314362549993
"Lcu.1GRN.Chr2p50744372",2,50744372,3.14293687524605e-08,0.330246913580247,NA,3.3992934016588e-05,"GLM","NYC","DTF_Sask_2017",7.50266434154291,4.46861134873787,"Significant",1.62136762541869
"Lcu.1GRN.Chr3p375778403",3,375778403,3.16027020493757e-08,0.186728395061728,NA,1.07139776646013e-05,"GLM","NYC","DTF_Nepal_2017",7.5002757833637,4.97004926333468,"Significant",5.00220394776107
"Lcu.1GRN.Chr3p401387609",3,401387609,3.16557153978513e-08,0.180555555555556,NA,1.07139776646013e-05,"GLM","NYC","DTF_Nepal_2017",7.49954786726876,4.97004926333468,"Significant",5.22805753699453
"Lcu.1GRN.Chr4p471952891",4,471952891,3.1660935224364e-08,0.487654320987654,NA,1.07139776646013e-05,"GLM","NYC","DTF_Nepal_2017",7.49947626076925,4.97004926333468,"Significant",3.96141178280203
"Lcu.1GRN.Chr6p1286012",6,1286012,3.17259334643947e-08,0.0555555555555556,NA,3.42037085308271e-05,"GLM","NYC","DTF_Sask_2017",7.49858559090476,4.46592680309133,"Significant",2.61203219285102
"Lcu.1GRN.Chr3p375775559",3,375775559,3.18620577677651e-08,0.20679012345679,NA,1.07692309145181e-05,"GLM","NYC","DTF_Nepal_2017",7.49672617930933,4.96781531076955,"Significant",4.90669316187723
"Lcu.1GRN.Chr4p180280478",4,180280478,3.18882470363028e-08,0.368827160493827,NA,1.07692309145181e-05,"GLM","NYC","DTF_Nepal_2017",7.49636935417772,4.96781531076955,"Significant",-6.70220435442741
"Lcu.1GRN.Chr5p502825632",5,502825632,3.20292948082029e-08,0.0601851851851852,NA,1.07890487881975e-05,"GLM","NYC","DTF_Nepal_2017",7.49445262313067,4.96701684301376,"Significant",8.57593127329756
"Lcu.1GRN.Chr4p304459553",4,304459553,3.20431544694019e-08,0.308641975308642,NA,1.07890487881975e-05,"GLM","NYC","DTF_Nepal_2017",7.49426473661965,4.96701684301376,"Significant",5.080496882815
"Lcu.1GRN.Chr4p304461244",4,304461244,3.20431544694019e-08,0.308641975308642,NA,1.07890487881975e-05,"GLM","NYC","DTF_Nepal_2017",7.49426473661965,4.96701684301376,"Significant",5.080496882815
"Lcu.1GRN.Chr5p132010634",5,132010634,3.21988300836742e-08,0.490740740740741,NA,1.08306238787552e-05,"GLM","NYC","DTF_Nepal_2017",7.49215990772761,4.96534652589574,"Significant",-4.62049235016235
"Lcu.1GRN.Chr1p354861253",1,354861253,3.22444104585742e-08,0.387096774193548,NA,2.51646301919239e-05,"MLM","NYC","Cotyledon_Color_RvsY",7.49154555908727,4.59920944741613,"Significant",0.203539120489457
"Lcu.1GRN.Chr2p49724493",2,49724493,3.2297694375559e-08,0.165123456790123,NA,3.47088772013535e-05,"GLM","NYC","DTF_Sask_2017",7.49082847939372,4.45955943510829,"Significant",2.4738540210414
"Lcu.1GRN.Chr1p367555594",1,367555594,3.343239808117e-08,0.266129032258065,NA,2.60313783457613e-05,"MLM","NYC","Cotyledon_Color_RvsY",7.47583247066838,4.58450283565142,"Significant",-0.1690574034926
"Lcu.1GRN.Chr1p362772961",1,362772961,3.41189122744038e-08,0.146774193548387,NA,2.65045638914651e-05,"MLM","NYC","Cotyledon_Color_RvsY",7.46700482277867,4.57667933730016,"Significant",-0.226835598793659
"Lcu.1GRN.Chr6p431654960",6,431654960,3.44073852321472e-08,0.152173913043478,NA,0.00044513495955314,"FarmCPU","NYC","DTF_Sask_2017_b",7.46334833006427,3.35150829620321,"Significant",0.267413991201465
"Lcu.1GRN.Chr1p541522127",1,541522127,3.45257489000333e-08,0.234567901234568,NA,3.69851037587819e-05,"GLM","NYC","DTF_Sask_2017",7.46185689234022,4.43197315858156,"Significant",-1.68231233041064
"Lcu.1GRN.Chr5p456051802",5,456051802,3.49995464051912e-08,0.33641975308642,NA,3.73736267481745e-05,"GLM","NYC","DTF_Sask_2017",7.45593758407827,4.42743475603599,"Significant",-1.45601533061543
"Lcu.1GRN.Chr5p1635413",5,1635413,3.53706537234725e-08,0.172839506172839,NA,0.00108159278918212,"MLM","NYC","DTF_Nepal_2017",7.451356913443,2.96593621676935,"Significant",6.82684686993181
"Lcu.1GRN.Chr2p65079812",2,65079812,3.62881989755641e-08,0.25,NA,3.86270652683974e-05,"GLM","NYC","DTF_Sask_2017",7.44023458579184,4.41310828657837,"Significant",1.50746865774732
"Lcu.1GRN.Chr2p86012819",2,86012819,3.65173607814287e-08,0.462962962962963,NA,3.86271257784613e-05,"GLM","NYC","DTF_Sask_2017",7.43750061776098,4.41310760624798,"Significant",-1.37785361545963
"Lcu.1GRN.Chr5p456051113",5,456051113,3.65179283269485e-08,0.314814814814815,NA,3.86271257784613e-05,"GLM","NYC","DTF_Sask_2017",7.43749386809542,4.41310760624798,"Significant",-1.50263847991518
"Lcu.1GRN.Chr2p43812951",2,43812951,3.69825404509653e-08,0.260802469135803,NA,3.89566255186709e-05,"GLM","NYC","DTF_Sask_2017",7.43200325905191,4.40941866940357,"Significant",1.49290288107062
"Lcu.1GRN.Chr1p356473222",1,356473222,3.70176287206637e-08,0.47258064516129,NA,2.86901122577961e-05,"MLM","NYC","Cotyledon_Color_RvsY",7.43159140477584,4.54226775245648,"Significant",-0.19638122320893
"Lcu.1GRN.Chr2p45380038",2,45380038,3.70610677205989e-08,0.358024691358025,NA,3.89566255186709e-05,"GLM","NYC","DTF_Sask_2017",7.43108207291554,4.40941866940357,"Significant",1.62850993506709
"Lcu.1GRN.Chr5p2102310",5,2102310,3.80059814450221e-08,0.117283950617284,-2.60320890618206,0.00182627970867396,"FarmCPU","Kansas","DTF_Nepal_2017",7.42014804801108,2.73843270619346,"Significant",NA
"Lcu.1GRN.Chr2p44486352",2,44486352,3.8554905332262e-08,0.0802469135802469,NA,4.00897504316297e-05,"GLM","NYC","DTF_Sask_2017",7.41392035890472,4.39696664732901,"Significant",2.21002688239321
"Lcu.1GRN.Chr5p455448855",5,455448855,3.85558845047242e-08,0.427469135802469,NA,4.00897504316297e-05,"GLM","NYC","DTF_Sask_2017",7.41390932934069,4.39696664732901,"Significant",-1.45687045322158
"Lcu.1GRN.Chr4p302779223",4,302779223,3.86060276286955e-08,0.274691358024691,NA,4.00897504316297e-05,"GLM","NYC","DTF_Sask_2017",7.41334488285383,4.39696664732901,"Significant",2.54772608300283
"Lcu.1GRN.Chr1p437708442",1,437708442,3.86157950686245e-08,0.0972222222222222,NA,4.00897504316297e-05,"GLM","NYC","DTF_Sask_2017",7.41323501895427,4.39696664732901,"Significant",2.38436527261319
"Lcu.1GRN.Chr1p446409683",1,446409683,3.87966129313755e-08,0.25462962962963,NA,4.01535393904246e-05,"GLM","NYC","DTF_Sask_2017",7.4112061880507,4.3962761671977,"Significant",1.58332366143708
"Lcu.1GRN.Chr2p561729565",2,561729565,3.90957221438883e-08,0.449074074074074,NA,4.02051420463394e-05,"GLM","NYC","DTF_Sask_2017",7.40787076053106,4.39571839916579,"Significant",-1.39679888911199
"Lcu.1GRN.Chr1p559270308",1,559270308,3.91218643492812e-08,0.242283950617284,NA,4.02051420463394e-05,"GLM","NYC","DTF_Sask_2017",7.40758045712287,4.39571839916579,"Significant",1.5275554131687
"Lcu.1GRN.Chr2p86460714",2,86460714,3.92202933361601e-08,0.458333333333333,NA,4.02051420463394e-05,"GLM","NYC","DTF_Sask_2017",7.40648916248365,4.39571839916579,"Significant",-1.35870905551839
"Lcu.1GRN.Chr1p540512508",1,540512508,3.9324582177341e-08,0.183641975308642,NA,4.02051420463394e-05,"GLM","NYC","DTF_Sask_2017",7.40533588304769,4.39571839916579,"Significant",1.81479883471596
"Lcu.1GRN.Chr6p40077100",6,40077100,3.96375176177847e-08,0.49537037037037,NA,4.03623179900981e-05,"GLM","NYC","DTF_Sask_2017",7.40189355193288,4.3940239003786,"Significant",-1.3100392918587
"Lcu.1GRN.Chr1p537083456",1,537083456,4.00493152667034e-08,0.234567901234568,NA,4.03623179900981e-05,"GLM","NYC","DTF_Sask_2017",7.39740490475913,4.3940239003786,"Significant",-1.67404294439012
"Lcu.1GRN.Chr1p537083527",1,537083527,4.00493152667034e-08,0.234567901234568,NA,4.03623179900981e-05,"GLM","NYC","DTF_Sask_2017",7.39740490475913,4.3940239003786,"Significant",-1.67404294439012
"Lcu.1GRN.Chr4p1361589",4,1361589,4.00741400309312e-08,0.154320987654321,NA,4.03623179900981e-05,"GLM","NYC","DTF_Sask_2017",7.39713578859524,4.3940239003786,"Significant",-1.87299536630039
"Lcu.1GRN.Chr1p559940276",1,559940276,4.01849015145462e-08,0.21141975308642,NA,4.03623179900981e-05,"GLM","NYC","DTF_Sask_2017",7.39593709170693,4.3940239003786,"Significant",1.59559860801255
"Lcu.1GRN.Chr2p63175172",2,63175172,4.06015464514436e-08,0.279320987654321,NA,4.03623179900981e-05,"GLM","NYC","DTF_Sask_2017",7.39145742448837,4.3940239003786,"Significant",1.42230776296226
"Lcu.1GRN.Chr2p63175261",2,63175261,4.06015464514436e-08,0.279320987654321,NA,4.03623179900981e-05,"GLM","NYC","DTF_Sask_2017",7.39145742448837,4.3940239003786,"Significant",1.42230776296226
"Lcu.1GRN.Chr2p63177279",2,63177279,4.06015464514436e-08,0.279320987654321,NA,4.03623179900981e-05,"GLM","NYC","DTF_Sask_2017",7.39145742448837,4.3940239003786,"Significant",1.42230776296226
"Lcu.1GRN.Chr2p561528064",2,561528064,4.07982593911809e-08,0.0709876543209876,NA,4.03623179900981e-05,"GLM","NYC","DTF_Sask_2017",7.38935836516822,4.3940239003786,"Significant",2.44583604025536
"Lcu.1GRN.Chr2p561717594",2,561717594,4.07982593911809e-08,0.0709876543209876,NA,4.03623179900981e-05,"GLM","NYC","DTF_Sask_2017",7.38935836516822,4.3940239003786,"Significant",2.44583604025536
"Lcu.1GRN.Chr2p561727775",2,561727775,4.07982593911809e-08,0.0709876543209876,NA,4.03623179900981e-05,"GLM","NYC","DTF_Sask_2017",7.38935836516822,4.3940239003786,"Significant",2.44583604025536
"Lcu.1GRN.Chr1p364634077",1,364634077,4.09878862478025e-08,0.5,NA,3.16711150075848e-05,"MLM","NYC","Cotyledon_Color_RvsY",7.3873444777456,4.49933664666544,"Significant",-0.2050485129021
"Lcu.1GRN.Chr1p103469075",1,103469075,4.10522023364569e-08,0.114516129032258,NA,3.16711150075848e-05,"MLM","NYC","Cotyledon_Color_RvsY",7.38666353922872,4.49933664666544,"Significant",0.3018407050629
"Lcu.1GRN.Chr1p538135576",1,538135576,4.11706291429443e-08,0.237654320987654,NA,4.06112639675212e-05,"GLM","NYC","DTF_Sask_2017",7.38541249634424,4.39135349350486,"Significant",-1.66747651477442
"Lcu.1GRN.Chr2p64061619",2,64061619,4.15200904990109e-08,0.225308641975309,NA,4.08235586697915e-05,"GLM","NYC","DTF_Sask_2017",7.38174170855126,4.38908913966677,"Significant",1.7002465765095
"Lcu.1GRN.Chr2p47823651",2,47823651,4.17260549991208e-08,0.345679012345679,NA,4.08235586697915e-05,"GLM","NYC","DTF_Sask_2017",7.37959267383376,4.38908913966677,"Significant",1.69262922803253
"Lcu.1GRN.Chr2p14060760",2,14060760,4.18177900257623e-08,0.058641975308642,NA,4.08235586697915e-05,"GLM","NYC","DTF_Sask_2017",7.37863892237863,4.38908913966677,"Significant",2.57353507837524
"Lcu.1GRN.Chr1p446542207",1,446542207,4.19943621041377e-08,0.270061728395062,NA,4.08235586697915e-05,"GLM","NYC","DTF_Sask_2017",7.37680901130247,4.38908913966677,"Significant",1.51344759685514
"Lcu.1GRN.Chr2p63176494",2,63176494,4.20604626742771e-08,0.280864197530864,NA,4.08235586697915e-05,"GLM","NYC","DTF_Sask_2017",7.37612595428925,4.38908913966677,"Significant",1.42137673154386
"Lcu.1GRN.Chr4p390294343",4,390294343,4.21140446548492e-08,0.476851851851852,NA,4.08235586697915e-05,"GLM","NYC","DTF_Sask_2017",7.37557304670777,4.38908913966677,"Significant",1.46084459902366
"Lcu.1GRN.Chr2p43812707",2,43812707,4.27914765988785e-08,0.251543209876543,NA,4.12425232353437e-05,"GLM","NYC","DTF_Sask_2017",7.36864272712484,4.38465477225215,"Significant",1.49335626562475
"Lcu.1GRN.Chr2p43812709",2,43812709,4.27914765988785e-08,0.251543209876543,NA,4.12425232353437e-05,"GLM","NYC","DTF_Sask_2017",7.36864272712484,4.38465477225215,"Significant",1.49335626562475
"Lcu.1GRN.Chr6p420993340",6,420993340,4.31731360242134e-08,0.212962962962963,NA,4.14914807001617e-05,"GLM","NYC","DTF_Sask_2017",7.36478640377494,4.38204106629334,"Significant",-1.75416488570514
"Lcu.1GRN.Chr2p44193346",2,44193346,4.36725162475887e-08,0.0725308641975309,NA,4.160034736561e-05,"GLM","NYC","DTF_Sask_2017",7.35979178492865,4.38090304297091,"Significant",2.33464714228063
"Lcu.1GRN.Chr2p79926599",2,79926599,4.3831870690118e-08,0.229938271604938,NA,4.160034736561e-05,"GLM","NYC","DTF_Sask_2017",7.35820999379827,4.38090304297091,"Significant",1.55820075818681
"Lcu.1GRN.Chr1p536092447",1,536092447,4.39159085114349e-08,0.246913580246914,NA,4.160034736561e-05,"GLM","NYC","DTF_Sask_2017",7.35737812834117,4.38090304297091,"Significant",-1.64007179460614
"Lcu.1GRN.Chr2p63862067",2,63862067,4.3982143707075e-08,0.202160493827161,NA,4.160034736561e-05,"GLM","NYC","DTF_Sask_2017",7.35672360677458,4.38090304297091,"Significant",1.60197132397033
"Lcu.1GRN.Chr6p40023007",6,40023007,4.40335380964088e-08,0.388888888888889,NA,4.160034736561e-05,"GLM","NYC","DTF_Sask_2017",7.35621641756084,4.38090304297091,"Significant",-1.43175355875117
"Lcu.1GRN.Chr1p437956256",1,437956256,4.41978718095754e-08,0.101851851851852,NA,4.160034736561e-05,"GLM","NYC","DTF_Sask_2017",7.35459864204479,4.38090304297091,"Significant",2.31032577076115
"Lcu.1GRN.Chr1p437956265",1,437956265,4.41978718095754e-08,0.101851851851852,NA,4.160034736561e-05,"GLM","NYC","DTF_Sask_2017",7.35459864204479,4.38090304297091,"Significant",2.31032577076115
"Lcu.1GRN.Chr2p51670153",2,51670153,4.45236475797735e-08,0.219135802469136,NA,4.160034736561e-05,"GLM","NYC","DTF_Sask_2017",7.35140926350002,4.38090304297091,"Significant",1.73082124220167
"Lcu.1GRN.Chr2p561719193",2,561719193,4.45490327180798e-08,0.0771604938271605,NA,4.160034736561e-05,"GLM","NYC","DTF_Sask_2017",7.35116172125137,4.38090304297091,"Significant",2.40188724618832
"Lcu.1GRN.Chr1p437611660",1,437611660,4.46468452582602e-08,0.109567901234568,NA,4.160034736561e-05,"GLM","NYC","DTF_Sask_2017",7.35020922289712,4.38090304297091,"Significant",2.30160498156931
"Lcu.1GRN.Chr1p437611661",1,437611661,4.46468452582602e-08,0.109567901234568,NA,4.160034736561e-05,"GLM","NYC","DTF_Sask_2017",7.35020922289712,4.38090304297091,"Significant",2.30160498156931
"Lcu.1GRN.Chr1p363513735",1,363513735,4.48312429234876e-08,0.0741935483870968,NA,3.45074386463267e-05,"MLM","NYC","Cotyledon_Color_RvsY",7.3484192203729,4.46208727551145,"Significant",-0.240339671798683
"Lcu.1GRN.Chr4p1361588",4,1361588,4.49121607266065e-08,0.154320987654321,NA,4.17027248999363e-05,"GLM","NYC","DTF_Sask_2017",7.34763605050244,4.37983556684057,"Significant",-1.86307077069605
"Lcu.1GRN.Chr1p445786371",1,445786371,4.50091096420789e-08,0.274691358024691,NA,4.17027248999363e-05,"GLM","NYC","DTF_Sask_2017",7.34669957807144,4.37983556684057,"Significant",1.50943937799212
"Lcu.1GRN.Chr2p48675467",2,48675467,4.51286596591723e-08,0.354938271604938,NA,4.17027248999363e-05,"GLM","NYC","DTF_Sask_2017",7.34554756502339,4.37983556684057,"Significant",1.69208200989783
"Lcu.1GRN.Chr1p437612502",1,437612502,4.54224693916879e-08,0.103395061728395,NA,4.17796560561459e-05,"GLM","NYC","DTF_Sask_2017",7.34272925906319,4.37903513959584,"Significant",2.31911768690435
"Lcu.1GRN.Chr2p65058543",2,65058543,4.54603279053813e-08,0.25,NA,4.17796560561459e-05,"GLM","NYC","DTF_Sask_2017",7.34236743603331,4.37903513959584,"Significant",1.47981095207513
"Lcu.1GRN.Chr1p437367605",1,437367605,4.58515771200075e-08,0.12962962962963,NA,4.20244071965274e-05,"GLM","NYC","DTF_Sask_2017",7.33864572165728,4.37649840407749,"Significant",2.20025619052666
"Lcu.1GRN.Chr1p24279937",1,24279937,4.64780746128547e-08,0.175925925925926,NA,0.00521123017443403,"MLMM","NYC","DTF_Nepal_2017",7.33275187120147,2.28305974408925,"Significant",5.79464310243965
"Lcu.1GRN.Chr2p561528088",2,561528088,4.64889001321403e-08,0.0725308641975309,NA,4.24742661287054e-05,"GLM","NYC","DTF_Sask_2017",7.33265072854681,4.3718741161436,"Significant",2.42127933982079
"Lcu.1GRN.Chr6p420550105",6,420550105,4.68837789537207e-08,0.145061728395062,NA,4.24742661287054e-05,"GLM","NYC","DTF_Sask_2017",7.32897739032177,4.3718741161436,"Significant",1.66659864960852
"Lcu.1GRN.Chr2p63174448",2,63174448,4.72105766093495e-08,0.280864197530864,NA,4.24742661287054e-05,"GLM","NYC","DTF_Sask_2017",7.32596069525336,4.3718741161436,"Significant",1.41155383120245
"Lcu.1GRN.Chr2p63174474",2,63174474,4.72105766093495e-08,0.280864197530864,NA,4.24742661287054e-05,"GLM","NYC","DTF_Sask_2017",7.32596069525336,4.3718741161436,"Significant",1.41155383120245
"Lcu.1GRN.Chr5p455416233",5,455416233,4.73743959430537e-08,0.41820987654321,NA,4.24742661287054e-05,"GLM","NYC","DTF_Sask_2017",7.32445631454938,4.3718741161436,"Significant",-1.31493291911265
"Lcu.1GRN.Chr1p363516854",1,363516854,4.74498451825929e-08,0.0741935483870968,NA,3.64396394395736e-05,"MLM","NYC","Cotyledon_Color_RvsY",7.32376520023259,4.43842592890481,"Significant",-0.240832782374781
"Lcu.1GRN.Chr2p48676656",2,48676656,4.76574401857018e-08,0.351851851851852,NA,4.24742661287054e-05,"GLM","NYC","DTF_Sask_2017",7.32186928853343,4.3718741161436,"Significant",1.66501028934405
"Lcu.1GRN.Chr2p43812694",2,43812694,4.7808873152317e-08,0.25,NA,4.24742661287054e-05,"GLM","NYC","DTF_Sask_2017",7.32049149243678,4.3718741161436,"Significant",1.49170846967826
"Lcu.1GRN.Chr4p412171997",4,412171997,4.7888674559023e-08,0.0972222222222222,NA,4.24742661287054e-05,"GLM","NYC","DTF_Sask_2017",7.31976718299641,4.3718741161436,"Significant",1.97043452153741
"Lcu.1GRN.Chr2p14111309",2,14111309,4.79839613544375e-08,0.0617283950617284,NA,4.24742661287054e-05,"GLM","NYC","DTF_Sask_2017",7.31890390135867,4.3718741161436,"Significant",2.50733772830546
"Lcu.1GRN.Chr2p14111852",2,14111852,4.79839613544375e-08,0.0617283950617284,NA,4.24742661287054e-05,"GLM","NYC","DTF_Sask_2017",7.31890390135867,4.3718741161436,"Significant",2.50733772830546
"Lcu.1GRN.Chr2p14162561",2,14162561,4.79839613544375e-08,0.0617283950617284,NA,4.24742661287054e-05,"GLM","NYC","DTF_Sask_2017",7.31890390135867,4.3718741161436,"Significant",2.50733772830546
"Lcu.1GRN.Chr2p14165859",2,14165859,4.79839613544375e-08,0.0617283950617284,NA,4.24742661287054e-05,"GLM","NYC","DTF_Sask_2017",7.31890390135867,4.3718741161436,"Significant",2.50733772830546
"Lcu.1GRN.Chr2p14200760",2,14200760,4.79839613544375e-08,0.0617283950617284,NA,4.24742661287054e-05,"GLM","NYC","DTF_Sask_2017",7.31890390135867,4.3718741161436,"Significant",2.50733772830546
"Lcu.1GRN.Chr1p356198206",1,356198206,4.83164314809918e-08,0.185483870967742,NA,3.69517176079438e-05,"MLM","NYC","Cotyledon_Color_RvsY",7.31590514900083,4.43236536970988,"Significant",-0.236282057477092
"Lcu.1GRN.Chr1p351348070",1,351348070,4.83363580478919e-08,0.198387096774194,NA,3.69517176079438e-05,"MLM","NYC","Cotyledon_Color_RvsY",7.31572607505557,4.43236536970988,"Significant",-0.205576094757361
"Lcu.1GRN.Chr2p45520372",2,45520372,4.89234651287815e-08,0.212962962962963,NA,4.31922288581964e-05,"GLM","NYC","DTF_Sask_2017",7.31048279053571,4.36459438437946,"Significant",1.6355627960059
"Lcu.1GRN.Chr6p424247915",6,424247915,4.92039495639967e-08,0.216049382716049,NA,4.33261384895102e-05,"GLM","NYC","DTF_Sask_2017",7.30800003534227,4.36325001642211,"Significant",1.44238063795513
"Lcu.1GRN.Chr1p559940231",1,559940231,4.95069164348505e-08,0.260802469135803,NA,4.34191211620412e-05,"GLM","NYC","DTF_Sask_2017",7.30533412309356,4.3623189712625,"Significant",1.53141044884086
"Lcu.1GRN.Chr2p43311657",2,43311657,4.95677118332768e-08,0.118827160493827,NA,4.34191211620412e-05,"GLM","NYC","DTF_Sask_2017",7.30480112872684,4.3623189712625,"Significant",2.21213872398397
"Lcu.1GRN.Chr4p5718644",4,5718644,5.05160267063145e-08,0.310185185185185,NA,4.38384306781289e-05,"GLM","NYC","DTF_Sask_2017",7.2965708158242,4.35814500105717,"Significant",-1.41338188397162
"Lcu.1GRN.Chr1p437956275",1,437956275,5.08208430811486e-08,0.104938271604938,NA,4.38384306781289e-05,"GLM","NYC","DTF_Sask_2017",7.29395813459353,4.35814500105717,"Significant",2.28618136489825
"Lcu.1GRN.Chr3p389084966",3,389084966,5.08571272526554e-08,0.095679012345679,NA,4.38384306781289e-05,"GLM","NYC","DTF_Sask_2017",7.2936481752959,4.35814500105717,"Significant",1.99193029259288
"Lcu.1GRN.Chr2p45520255",2,45520255,5.09928597910255e-08,0.183641975308642,NA,4.38384306781289e-05,"GLM","NYC","DTF_Sask_2017",7.2924906311658,4.35814500105717,"Significant",1.73374295385321
"Lcu.1GRN.Chr1p363517540",1,363517540,5.15439333172241e-08,0.12258064516129,NA,3.9260592604029e-05,"MLM","NYC","Cotyledon_Color_RvsY",7.2878224435114,4.40604314939426,"Significant",-0.26508666467919
"Lcu.1GRN.Chr4p20270748",4,20270748,5.15900249756391e-08,0.491935483870968,NA,3.9260592604029e-05,"MLM","NYC","Cotyledon_Color_RvsY",7.28743426187704,4.40604314939426,"Significant",-0.162971523320611
"Lcu.1GRN.Chr1p363513801",1,363513801,5.17856622363327e-08,0.0645161290322581,NA,3.93205143328409e-05,"MLM","NYC","Cotyledon_Color_RvsY",7.28579046561316,4.40538081000435,"Significant",-0.287581333334622
"Lcu.1GRN.Chr2p48483953",2,48483953,5.20565745499078e-08,0.342592592592593,NA,4.38384306781289e-05,"GLM","NYC","DTF_Sask_2017",7.28352441292708,4.35814500105717,"Significant",1.67302328724716
"Lcu.1GRN.Chr3p387941231",3,387941231,5.21013694810653e-08,0.0895061728395061,NA,4.38384306781289e-05,"GLM","NYC","DTF_Sask_2017",7.28315086114859,4.35814500105717,"Significant",2.12543248177531
"Lcu.1GRN.Chr2p610714333",2,610714333,5.21448622511192e-08,0.148148148148148,NA,4.38384306781289e-05,"GLM","NYC","DTF_Sask_2017",7.28278847546195,4.35814500105717,"Significant",2.18423650230824
"Lcu.1GRN.Chr1p361518129",1,361518129,5.25209330294575e-08,0.0758064516129032,NA,3.96105575791917e-05,"MLM","NYC","Cotyledon_Color_RvsY",7.27966756731322,4.40218904419349,"Significant",-0.237901719681789
"Lcu.1GRN.Chr1p364455902",1,364455902,5.25209330294575e-08,0.0758064516129032,NA,3.96105575791917e-05,"MLM","NYC","Cotyledon_Color_RvsY",7.27966756731322,4.40218904419349,"Significant",-0.237901719681789
"Lcu.1GRN.Chr1p364455989",1,364455989,5.25209330294575e-08,0.0758064516129032,NA,3.96105575791917e-05,"MLM","NYC","Cotyledon_Color_RvsY",7.27966756731322,4.40218904419349,"Significant",-0.237901719681789
"Lcu.1GRN.Chr2p64327706",2,64327706,5.27913817178791e-08,0.253086419753086,NA,4.38384306781289e-05,"GLM","NYC","DTF_Sask_2017",7.2774369709864,4.35814500105717,"Significant",1.46333577797827
"Lcu.1GRN.Chr2p65263036",2,65263036,5.27913817178791e-08,0.253086419753086,NA,4.38384306781289e-05,"GLM","NYC","DTF_Sask_2017",7.2774369709864,4.35814500105717,"Significant",1.46333577797827
"Lcu.1GRN.Chr2p48991602",2,48991602,5.32121598676568e-08,0.137345679012346,NA,4.38384306781289e-05,"GLM","NYC","DTF_Sask_2017",7.27398911281804,4.35814500105717,"Significant",2.8823449808591
"Lcu.1GRN.Chr2p48311792",2,48311792,5.32190344929069e-08,0.146604938271605,NA,4.38384306781289e-05,"GLM","NYC","DTF_Sask_2017",7.27393300874379,4.35814500105717,"Significant",1.97056234539269
"Lcu.1GRN.Chr5p459385447",5,459385447,5.33465457874363e-08,0.143518518518518,NA,4.38384306781289e-05,"GLM","NYC","DTF_Sask_2017",7.27289369608997,4.35814500105717,"Significant",-1.72175839549411
"Lcu.1GRN.Chr6p40076105",6,40076105,5.34621859574263e-08,0.416666666666667,NA,4.38384306781289e-05,"GLM","NYC","DTF_Sask_2017",7.27195328781968,4.35814500105717,"Significant",1.30003940134753
"Lcu.1GRN.Chr1p359675688",1,359675688,5.34892349452157e-08,0.22258064516129,NA,4.02505894649158e-05,"MLM","NYC","Cotyledon_Color_RvsY",7.27173361376038,4.39522775506044,"Significant",-0.212309804592783
"Lcu.1GRN.Chr1p537006543",1,537006543,5.35219412408091e-08,0.24537037037037,NA,4.38384306781289e-05,"GLM","NYC","DTF_Sask_2017",7.27146814309371,4.35814500105717,"Significant",-1.61799794594776
"Lcu.1GRN.Chr7p647926344",7,647926344,5.37060194874172e-08,0.0570987654320988,NA,4.38384306781289e-05,"GLM","NYC","DTF_Sask_2017",7.26997703490269,4.35814500105717,"Significant",2.68305633630189
"Lcu.1GRN.Chr4p302779352",4,302779352,5.37634190415634e-08,0.265432098765432,NA,4.38384306781289e-05,"GLM","NYC","DTF_Sask_2017",7.26951312046634,4.35814500105717,"Significant",2.47453374409758
"Lcu.1GRN.Chr1p445787353",1,445787353,5.41205614045578e-08,0.256172839506173,NA,4.38384306781289e-05,"GLM","NYC","DTF_Sask_2017",7.2666377070183,4.35814500105717,"Significant",1.56609625988415
"Lcu.1GRN.Chr1p446412701",1,446412701,5.41205614045578e-08,0.256172839506173,NA,4.38384306781289e-05,"GLM","NYC","DTF_Sask_2017",7.2666377070183,4.35814500105717,"Significant",1.56609625988415
"Lcu.1GRN.Chr1p446413390",1,446413390,5.41205614045578e-08,0.256172839506173,NA,4.38384306781289e-05,"GLM","NYC","DTF_Sask_2017",7.2666377070183,4.35814500105717,"Significant",1.56609625988415
"Lcu.1GRN.Chr1p446440597",1,446440597,5.41205614045578e-08,0.256172839506173,NA,4.38384306781289e-05,"GLM","NYC","DTF_Sask_2017",7.2666377070183,4.35814500105717,"Significant",1.56609625988415
"Lcu.1GRN.Chr2p85992834",2,85992834,5.4123524715043e-08,0.438271604938272,NA,4.38384306781289e-05,"GLM","NYC","DTF_Sask_2017",7.26661392836325,4.35814500105717,"Significant",1.40480837411181
"Lcu.1GRN.Chr2p48573048",2,48573048,5.41476646922775e-08,0.339506172839506,NA,4.38384306781289e-05,"GLM","NYC","DTF_Sask_2017",7.26642026910566,4.35814500105717,"Significant",1.70908934103917
"Lcu.1GRN.Chr2p47375141",2,47375141,5.433493613681e-08,0.475308641975309,NA,4.38384306781289e-05,"GLM","NYC","DTF_Sask_2017",7.2649208390561,4.35814500105717,"Significant",1.5401899157108
"Lcu.1GRN.Chr6p1280503",6,1280503,5.44501647906184e-08,0.0540123456790124,NA,4.38384306781289e-05,"GLM","NYC","DTF_Sask_2017",7.26400080153634,4.35814500105717,"Significant",2.57863496717471
"Lcu.1GRN.Chr6p1283585",6,1283585,5.44501647906184e-08,0.0540123456790124,NA,4.38384306781289e-05,"GLM","NYC","DTF_Sask_2017",7.26400080153634,4.35814500105717,"Significant",2.57863496717471
"Lcu.1GRN.Chr5p456049375",5,456049375,5.46446000465661e-08,0.353395061728395,NA,4.38384306781289e-05,"GLM","NYC","DTF_Sask_2017",7.26245274836843,4.35814500105717,"Significant",-1.44707963779771
"Lcu.1GRN.Chr1p542936771",1,542936771,5.47987054040105e-08,0.0725308641975309,NA,4.38384306781289e-05,"GLM","NYC","DTF_Sask_2017",7.26122970141592,4.35814500105717,"Significant",2.21865056880944
"Lcu.1GRN.Chr1p542938449",1,542938449,5.47987054040105e-08,0.0725308641975309,NA,4.38384306781289e-05,"GLM","NYC","DTF_Sask_2017",7.26122970141592,4.35814500105717,"Significant",2.21865056880944
"Lcu.1GRN.Chr1p542984723",1,542984723,5.47987054040105e-08,0.0725308641975309,NA,4.38384306781289e-05,"GLM","NYC","DTF_Sask_2017",7.26122970141592,4.35814500105717,"Significant",2.21865056880944
"Lcu.1GRN.Chr1p543105172",1,543105172,5.47987054040105e-08,0.0725308641975309,NA,4.38384306781289e-05,"GLM","NYC","DTF_Sask_2017",7.26122970141592,4.35814500105717,"Significant",2.21865056880944
"Lcu.1GRN.Chr1p543105755",1,543105755,5.47987054040105e-08,0.0725308641975309,NA,4.38384306781289e-05,"GLM","NYC","DTF_Sask_2017",7.26122970141592,4.35814500105717,"Significant",2.21865056880944
"Lcu.1GRN.Chr1p543155255",1,543155255,5.47987054040105e-08,0.0725308641975309,NA,4.38384306781289e-05,"GLM","NYC","DTF_Sask_2017",7.26122970141592,4.35814500105717,"Significant",2.21865056880944
"Lcu.1GRN.Chr1p543164825",1,543164825,5.47987054040105e-08,0.0725308641975309,NA,4.38384306781289e-05,"GLM","NYC","DTF_Sask_2017",7.26122970141592,4.35814500105717,"Significant",2.21865056880944
"Lcu.1GRN.Chr1p543173381",1,543173381,5.47987054040105e-08,0.0725308641975309,NA,4.38384306781289e-05,"GLM","NYC","DTF_Sask_2017",7.26122970141592,4.35814500105717,"Significant",2.21865056880944
"Lcu.1GRN.Chr1p543272314",1,543272314,5.47987054040105e-08,0.0725308641975309,NA,4.38384306781289e-05,"GLM","NYC","DTF_Sask_2017",7.26122970141592,4.35814500105717,"Significant",2.21865056880944
"Lcu.1GRN.Chr1p367887183",1,367887183,5.48112993309414e-08,0.370967741935484,NA,4.11533757188633e-05,"MLM","NYC","Cotyledon_Color_RvsY",7.26112990262458,4.38559453479085,"Significant",-0.170826936216323
"Lcu.1GRN.Chr2p51457410",2,51457410,5.48915215807321e-08,0.143518518518518,NA,4.38384306781289e-05,"GLM","NYC","DTF_Sask_2017",7.26049473050538,4.35814500105717,"Significant",1.76615638012021
"Lcu.1GRN.Chr6p40077356",6,40077356,5.49939974860257e-08,0.445987654320988,NA,4.38384306781289e-05,"GLM","NYC","DTF_Sask_2017",7.25968471052319,4.35814500105717,"Significant",1.36100294943128
"Lcu.1GRN.Chr2p63862075",2,63862075,5.49989081752086e-08,0.25,NA,4.38384306781289e-05,"GLM","NYC","DTF_Sask_2017",7.25964593192737,4.35814500105717,"Significant",1.46646833668188
"Lcu.1GRN.Chr1p540116154",1,540116154,5.56073608546039e-08,0.0879629629629629,NA,4.4218631556928e-05,"GLM","NYC","DTF_Sask_2017",7.2548677162067,4.35439470174986,"Significant",2.08293775807476
"Lcu.1GRN.Chr1p535824509",1,535824509,5.65960158078461e-08,0.242283950617284,NA,4.48986604934853e-05,"GLM","NYC","DTF_Sask_2017",7.24721414078294,4.34776661554379,"Significant",-1.63802879612939
"Lcu.1GRN.Chr1p358910834",1,358910834,5.69511748887733e-08,0.232258064516129,NA,4.26648014338798e-05,"MLM","NYC","Cotyledon_Color_RvsY",7.24449731210379,4.36993027127524,"Significant",-0.224687381220277
"Lcu.1GRN.Chr1p572593674",1,572593674,5.71407590402618e-08,0.483024691358025,NA,4.51460545824717e-05,"GLM","NYC","DTF_Sask_2017",7.24305399488069,4.34538019768561,"Significant",1.37558717516924
"Lcu.1GRN.Chr2p51670863",2,51670863,5.71762962839188e-08,0.135802469135803,NA,4.51460545824717e-05,"GLM","NYC","DTF_Sask_2017",7.24278398041477,4.34538019768561,"Significant",1.75556033150667
"Lcu.1GRN.Chr2p14200756",2,14200756,5.74684986597755e-08,0.0601851851851852,NA,4.52290089931028e-05,"GLM","NYC","DTF_Sask_2017",7.24057014847778,4.34458292791939,"Significant",2.52999176651599
"Lcu.1GRN.Chr2p86834654",2,86834654,5.76329129818101e-08,0.425925925925926,NA,4.52290089931028e-05,"GLM","NYC","DTF_Sask_2017",7.23932942900524,4.34458292791939,"Significant",-1.29341853009322
"Lcu.1GRN.Chr4p317703417",4,317703417,5.7684745703476e-08,0.192901234567901,NA,4.52290089931028e-05,"GLM","NYC","DTF_Sask_2017",7.23893901756654,4.34458292791939,"Significant",2.69512037154777
"Lcu.1GRN.Chr2p44640760",2,44640760,5.82280003564144e-08,0.108024691358025,NA,4.5548785571828e-05,"GLM","NYC","DTF_Sask_2017",7.2348681240099,4.34152319775761,"Significant",2.11921089801353
"Lcu.1GRN.Chr3p345919091",3,345919091,5.83659179245217e-08,0.398148148148148,NA,4.5550739476839e-05,"GLM","NYC","DTF_Sask_2017",7.23384067990979,4.34150456823865,"Significant",1.49467045295221
"Lcu.1GRN.Chr5p455415359",5,455415359,5.86582218522868e-08,0.479938271604938,NA,4.56541818702633e-05,"GLM","NYC","DTF_Sask_2017",7.23167110622837,4.34051943543532,"Significant",1.42254592974244
"Lcu.1GRN.Chr6p40077295",6,40077295,5.87699172327369e-08,0.49537037037037,NA,4.56541818702633e-05,"GLM","NYC","DTF_Sask_2017",7.23084492091383,4.34051943543532,"Significant",-1.29536511499816
"Lcu.1GRN.Chr1p361401636",1,361401636,5.8786006616653e-08,0.067741935483871,NA,4.39414948613861e-05,"MLM","NYC","Cotyledon_Color_RvsY",7.23072604080185,4.35712517274532,"Significant",-0.250063506782737
"Lcu.1GRN.Chr2p14058220",2,14058220,5.92114070981509e-08,0.0632716049382716,NA,4.58911598418979e-05,"GLM","NYC","DTF_Sask_2017",7.22759461823397,4.33827096591461,"Significant",2.49185817753715
"Lcu.1GRN.Chr1p364568878",1,364568878,5.93860788789527e-08,0.474193548387097,NA,4.42916124041611e-05,"MLM","NYC","Cotyledon_Color_RvsY",7.22631534920441,4.3536785092505,"Significant",-0.171090465001596
"Lcu.1GRN.Chr1p543172863",1,543172863,6.07831681000213e-08,0.0895061728395061,NA,4.70010388604594e-05,"GLM","NYC","DTF_Sask_2017",7.21621666765686,4.32789254277963,"Significant",2.17776585040411
"Lcu.1GRN.Chr2p45088038",2,45088038,6.12920878002319e-08,0.115740740740741,NA,4.72858616905977e-05,"GLM","NYC","DTF_Sask_2017",7.2125955849674,4.32526869240412,"Significant",2.7595370691248
"Lcu.1GRN.Chr2p86103472",2,86103472,6.15803052107787e-08,0.441358024691358,NA,4.73097482890164e-05,"GLM","NYC","DTF_Sask_2017",7.21055816293155,4.32504936260419,"Significant",-1.38681573762769
"Lcu.1GRN.Chr1p367805799",1,367805799,6.16024756761024e-08,0.119354838709677,NA,4.58430087073972e-05,"MLM","NYC","Cotyledon_Color_RvsY",7.21040183408776,4.33872688706727,"Significant",-0.21891616415393
"Lcu.1GRN.Chr2p63097240",2,63097240,6.16043480798924e-08,0.277777777777778,NA,4.73097482890164e-05,"GLM","NYC","DTF_Sask_2017",7.21038863393197,4.32504936260419,"Significant",1.40845924675338
"Lcu.1GRN.Chr5p3022920",5,3022920,6.18558212549054e-08,0.41358024691358,NA,4.73857850334565e-05,"GLM","NYC","DTF_Sask_2017",7.20861942263279,4.32435192008562,"Significant",1.42204386853589
"Lcu.1GRN.Chr1p439820276",1,439820276,6.19851097602347e-08,0.104938271604938,NA,4.73857850334565e-05,"GLM","NYC","DTF_Sask_2017",7.2077126254313,4.32435192008562,"Significant",2.28506328599394
"Lcu.1GRN.Chr4p491731805",4,491731805,6.24443011148335e-08,0.130645161290323,0.0424712828287609,0.00140028014887288,"BLINK","Kansas","Cotyledon_Color_RvsY",7.20450719071364,2.85378506793744,"Significant",NA
"Lcu.1GRN.Chr3p429446521",3,429446521,6.27717716367193e-08,0.172839506172839,NA,4.78783503631028e-05,"GLM","NYC","DTF_Sask_2017",7.20223561388245,4.31986082151842,"Significant",-1.52829978197596
"Lcu.1GRN.Chr6p3269280",6,3269280,6.31534593497616e-08,0.281055900621118,NA,0.0212427396611013,"MLM","NYC","DTF_Sask_2017_b",7.19960285515831,1.67278947332644,"Significant",-2.09341462322381
"Lcu.1GRN.Chr7p647947892",7,647947892,6.3256875267622e-08,0.058641975308642,NA,4.81391976541724e-05,"GLM","NYC","DTF_Sask_2017",7.19889226495817,4.31750115247539,"Significant",2.64925674738276
"Lcu.1GRN.Chr3p19225555",3,19225555,6.35305621161016e-08,0.319875776397516,-0.680904840178162,0.00305279779818668,"BLINK","Kansas","DTF_Sask_2017_b",7.19701730202597,2.51530196020835,"Significant",NA
"Lcu.1GRN.Chr5p1690994",5,1690994,6.35576139147748e-08,0.128086419753086,NA,0.00178155699330592,"MLM","NYC","DTF_Nepal_2017",7.19683241547816,2.74920027969391,"Significant",9.29086231866229
"Lcu.1GRN.Chr6p40077021",6,40077021,6.37008411669639e-08,0.493827160493827,NA,4.83676316948265e-05,"GLM","NYC","DTF_Sask_2017",7.19585483278618,4.31544517717737,"Significant",-1.30974059506158
"Lcu.1GRN.Chr6p431598156",6,431598156,6.44677275227276e-08,0.31055900621118,NA,0.000803141337171752,"FarmCPU","NYC","DTF_Sask_2017_b",7.19065763833138,3.09520802065849,"Significant",0.235433021612863
"Lcu.1GRN.Chr3p268826823",3,268826823,6.46869035133837e-08,0.305555555555556,NA,4.89954787446928e-05,"GLM","NYC","DTF_Sask_2017",7.18918363753221,4.30984399439651,"Significant",1.39867628937255
"Lcu.1GRN.Chr2p49203643",2,49203643,6.49224937589527e-08,0.16358024691358,NA,4.89954787446928e-05,"GLM","NYC","DTF_Sask_2017",7.18760480669929,4.30984399439651,"Significant",-1.96316414190341
"Lcu.1GRN.Chr5p456050634",5,456050634,6.50013019699417e-08,0.322530864197531,NA,4.89954787446928e-05,"GLM","NYC","DTF_Sask_2017",7.18707794439255,4.30984399439651,"Significant",-1.42996824032805
"Lcu.1GRN.Chr1p543167762",1,543167762,6.56421807561803e-08,0.115740740740741,NA,4.89954787446928e-05,"GLM","NYC","DTF_Sask_2017",7.18281699930323,4.30984399439651,"Significant",2.13866560861101
"Lcu.1GRN.Chr2p63096621",2,63096621,6.59843322066251e-08,0.280864197530864,NA,4.89954787446928e-05,"GLM","NYC","DTF_Sask_2017",7.18055917421555,4.30984399439651,"Significant",1.40062565100983
"Lcu.1GRN.Chr2p63108475",2,63108475,6.59843322066251e-08,0.280864197530864,NA,4.89954787446928e-05,"GLM","NYC","DTF_Sask_2017",7.18055917421555,4.30984399439651,"Significant",1.40062565100983
"Lcu.1GRN.Chr2p63174041",2,63174041,6.59843322066251e-08,0.280864197530864,NA,4.89954787446928e-05,"GLM","NYC","DTF_Sask_2017",7.18055917421555,4.30984399439651,"Significant",1.40062565100983
"Lcu.1GRN.Chr2p63174310",2,63174310,6.59843322066251e-08,0.280864197530864,NA,4.89954787446928e-05,"GLM","NYC","DTF_Sask_2017",7.18055917421555,4.30984399439651,"Significant",1.40062565100983
"Lcu.1GRN.Chr2p63175294",2,63175294,6.59843322066251e-08,0.280864197530864,NA,4.89954787446928e-05,"GLM","NYC","DTF_Sask_2017",7.18055917421555,4.30984399439651,"Significant",1.40062565100983
"Lcu.1GRN.Chr2p63176767",2,63176767,6.59843322066251e-08,0.280864197530864,NA,4.89954787446928e-05,"GLM","NYC","DTF_Sask_2017",7.18055917421555,4.30984399439651,"Significant",1.40062565100983
"Lcu.1GRN.Chr5p456047890",5,456047890,6.62308004152515e-08,0.342592592592593,NA,4.90701666151473e-05,"GLM","NYC","DTF_Sask_2017",7.17893999636748,4.30918246739271,"Significant",-1.39804694808966
"Lcu.1GRN.Chr2p2758159",2,2758159,6.71003112162982e-08,0.100308641975309,NA,4.9605121720643e-05,"GLM","NYC","DTF_Sask_2017",7.17327546553581,4.30447348036105,"Significant",2.22715928785789
"Lcu.1GRN.Chr1p361401359",1,361401359,6.71823694837771e-08,0.0596774193548387,NA,4.98850597707498e-05,"MLM","NYC","Cotyledon_Color_RvsY",7.17274468290605,4.30202950308701,"Significant",-0.288417560841589
"Lcu.1GRN.Chr2p48152982",2,48152982,6.75293945781322e-08,0.353395061728395,NA,4.98128505834706e-05,"GLM","NYC","DTF_Sask_2017",7.17050714384646,4.30265860467902,"Significant",1.68108962967563
"Lcu.1GRN.Chr1p538139644",1,538139644,6.80253719849936e-08,0.243827160493827,NA,5.00689065612174e-05,"GLM","NYC","DTF_Sask_2017",7.16732907467737,4.30043189291535,"Significant",-1.6384656933827
"Lcu.1GRN.Chr1p543167760",1,543167760,6.9111692062147e-08,0.12037037037037,NA,5.06614918106164e-05,"GLM","NYC","DTF_Sask_2017",7.16044847406536,4.29532202584473,"Significant",2.11552423103257
"Lcu.1GRN.Chr1p538430166",1,538430166,6.91780580731041e-08,0.237654320987654,NA,5.06614918106164e-05,"GLM","NYC","DTF_Sask_2017",7.16003163341695,4.29532202584473,"Significant",-1.63860146320292
"Lcu.1GRN.Chr2p44270435",2,44270435,6.93288631901653e-08,0.276234567901235,NA,5.06614918106164e-05,"GLM","NYC","DTF_Sask_2017",7.15908592102272,4.29532202584473,"Significant",1.34277541046049
"Lcu.1GRN.Chr2p579643736",2,579643736,6.9432934041372e-08,0.378086419753086,NA,5.06614918106164e-05,"GLM","NYC","DTF_Sask_2017",7.15843448228695,4.29532202584473,"Significant",1.65069184840308
"Lcu.1GRN.Chr7p5551045",7,5551045,7.04460756784368e-08,0.0725308641975309,NA,5.12585009948153e-05,"GLM","NYC","DTF_Sask_2017",7.15214319501268,4.2902340984873,"Significant",2.35456805746492
"Lcu.1GRN.Chr1p540097949",1,540097949,7.05559283776336e-08,0.0817901234567902,NA,5.12585009948153e-05,"GLM","NYC","DTF_Sask_2017",7.15146648930122,4.2902340984873,"Significant",2.09597608780587
"Lcu.1GRN.Chr7p8380767",7,8380767,7.06347937261003e-08,0.0548387096774193,0.0493442745952592,0.0014849508538292,"BLINK","Kansas","Cotyledon_Color_RvsY",7.15098131876446,2.82828791958851,"Significant",NA
"Lcu.1GRN.Chr1p361330343",1,361330343,7.23329935162363e-08,0.0661290322580645,NA,5.32394573962273e-05,"MLM","NYC","Cotyledon_Color_RvsY",7.14066356116196,4.27376637939994,"Significant",-0.250050345645858
"Lcu.1GRN.Chr1p361401711",1,361401711,7.23329935162363e-08,0.0661290322580645,NA,5.32394573962273e-05,"MLM","NYC","Cotyledon_Color_RvsY",7.14066356116196,4.27376637939994,"Significant",-0.250050345645858
"Lcu.1GRN.Chr1p361401865",1,361401865,7.23329935162363e-08,0.0661290322580645,NA,5.32394573962273e-05,"MLM","NYC","Cotyledon_Color_RvsY",7.14066356116196,4.27376637939994,"Significant",-0.250050345645858
"Lcu.1GRN.Chr1p361402694",1,361402694,7.23329935162363e-08,0.0661290322580645,NA,5.32394573962273e-05,"MLM","NYC","Cotyledon_Color_RvsY",7.14066356116196,4.27376637939994,"Significant",-0.250050345645858
"Lcu.1GRN.Chr2p63862079",2,63862079,7.24179394598064e-08,0.248456790123457,NA,5.24978556945619e-05,"GLM","NYC","DTF_Sask_2017",7.14015383651938,4.27985843524239,"Significant",1.46395453150586
"Lcu.1GRN.Chr1p537924942",1,537924942,7.27259999681968e-08,0.270061728395062,NA,5.26077987769945e-05,"GLM","NYC","DTF_Sask_2017",7.13831029857613,4.27894986963421,"Significant",-1.4478374036167
"Lcu.1GRN.Chr1p541591048",1,541591048,7.31222787065551e-08,0.257716049382716,NA,5.27673518232818e-05,"GLM","NYC","DTF_Sask_2017",7.13595028316232,4.27763470073276,"Significant",-1.68194445118951
"Lcu.1GRN.Chr5p458061435",5,458061435,7.32603177525518e-08,0.496913580246914,NA,5.27673518232818e-05,"GLM","NYC","DTF_Sask_2017",7.13513120199852,4.27763470073276,"Significant",1.35351684320139
"Lcu.1GRN.Chr2p44545877",2,44545877,7.32702052408091e-08,0.066358024691358,NA,0.00189582147124886,"MLM","NYC","DTF_Nepal_2017",7.13507259193546,2.72220256241042,"Significant",10.0118081843577
"Lcu.1GRN.Chr1p361279446",1,361279446,7.38650677775207e-08,0.0725806451612904,NA,5.42484088496099e-05,"MLM","NYC","Cotyledon_Color_RvsY",7.13156089933451,4.2656129955065,"Significant",-0.237361690535088
"Lcu.1GRN.Chr6p421034657",6,421034657,7.41353063474523e-08,0.145061728395062,NA,5.3237262024532e-05,"GLM","NYC","DTF_Sask_2017",7.12997491347679,4.27378428825022,"Significant",1.83435696379695
"Lcu.1GRN.Chr1p538138331",1,538138331,7.43245482523842e-08,0.291666666666667,NA,5.3237262024532e-05,"GLM","NYC","DTF_Sask_2017",7.12886772177446,4.27378428825022,"Significant",-1.55810457434254
"Lcu.1GRN.Chr1p357375621",1,357375621,7.43610765885505e-08,0.451612903225806,NA,5.44937086031829e-05,"MLM","NYC","Cotyledon_Color_RvsY",7.12865433120404,4.26365363490942,"Significant",-0.188058146019251
"Lcu.1GRN.Chr2p50068622",2,50068622,7.44631386853615e-08,0.256172839506173,NA,5.3237262024532e-05,"GLM","NYC","DTF_Sask_2017",7.12805866184574,4.27378428825022,"Significant",1.57763096429272
"Lcu.1GRN.Chr1p535832908",1,535832908,7.45458098254424e-08,0.239197530864197,NA,5.3237262024532e-05,"GLM","NYC","DTF_Sask_2017",7.1275767629532,4.27378428825022,"Significant",-1.63155380364489
"Lcu.1GRN.Chr4p439922511",4,439922511,7.54570049089934e-08,0.268518518518518,NA,5.37702472707893e-05,"GLM","NYC","DTF_Sask_2017",7.12230043710629,4.26945796634802,"Significant",1.78810400003488
"Lcu.1GRN.Chr6p167176504",6,167176504,7.56118375437643e-08,0.186728395061728,NA,5.37702472707893e-05,"GLM","NYC","DTF_Sask_2017",7.12141020744208,4.26945796634802,"Significant",1.5862545132191
"Lcu.1GRN.Chr1p374024152",1,374024152,7.58989052759879e-08,0.324193548387097,NA,5.54997545021049e-05,"MLM","NYC","Cotyledon_Color_RvsY",7.11976448808379,4.25570893793348,"Significant",-0.20155122937439
"Lcu.1GRN.Chr2p49101955",2,49101955,7.69766342712519e-08,0.311728395061728,NA,5.46253154850595e-05,"GLM","NYC","DTF_Sask_2017",7.11364108193172,4.26260604177393,"Significant",1.46780212986751
"Lcu.1GRN.Chr1p488887977",1,488887977,7.744765625026e-08,0.0725308641975309,NA,5.47411322046466e-05,"GLM","NYC","DTF_Sask_2017",7.11099172048684,4.26168622436935,"Significant",2.50018040064901
"Lcu.1GRN.Chr2p65068960",2,65068960,7.74653248666242e-08,0.243827160493827,NA,5.47411322046466e-05,"GLM","NYC","DTF_Sask_2017",7.11089265348073,4.26168622436935,"Significant",1.47949228924114
"Lcu.1GRN.Chr1p488887945",1,488887945,7.89535558260448e-08,0.0725308641975309,NA,5.56758295860361e-05,"GLM","NYC","DTF_Sask_2017",7.10262830592352,4.25433330313176,"Significant",2.52511109233592
"Lcu.1GRN.Chr1p363513837",1,363513837,7.92907197707779e-08,0.0870967741935483,NA,5.78541898853303e-05,"MLM","NYC","Cotyledon_Color_RvsY",7.1007776397718,4.23766518332958,"Significant",-0.340041479901336
"Lcu.1GRN.Chr2p63174726",2,63174726,7.99188553336847e-08,0.279320987654321,NA,5.62386309875011e-05,"GLM","NYC","DTF_Sask_2017",7.09735074507517,4.24996525985542,"Significant",1.39758157281331
"Lcu.1GRN.Chr3p324331258",3,324331258,8.0103227280773e-08,0.238709677419355,0.0385567470239366,0.0015849460147501,"BLINK","Kansas","Cotyledon_Color_RvsY",7.09634998626287,2.79998552580927,"Significant",NA
"Lcu.1GRN.Chr2p81000458",2,81000458,8.05632754538868e-08,0.214506172839506,NA,5.6356773030885e-05,"GLM","NYC","DTF_Sask_2017",7.09386288502357,4.24905388240091,"Significant",1.50893016211143
"Lcu.1GRN.Chr1p536416594",1,536416594,8.08817345507897e-08,0.242283950617284,NA,5.6356773030885e-05,"GLM","NYC","DTF_Sask_2017",7.09214954364654,4.24905388240091,"Significant",-1.61932095817679
"Lcu.1GRN.Chr4p412156388",4,412156388,8.092447051559e-08,0.095679012345679,NA,5.6356773030885e-05,"GLM","NYC","DTF_Sask_2017",7.09192013348127,4.24905388240091,"Significant",1.95654421894352
"Lcu.1GRN.Chr4p412156400",4,412156400,8.092447051559e-08,0.095679012345679,NA,5.6356773030885e-05,"GLM","NYC","DTF_Sask_2017",7.09192013348127,4.24905388240091,"Significant",1.95654421894352
"Lcu.1GRN.Chr4p412173114",4,412173114,8.092447051559e-08,0.095679012345679,NA,5.6356773030885e-05,"GLM","NYC","DTF_Sask_2017",7.09192013348127,4.24905388240091,"Significant",1.95654421894352
"Lcu.1GRN.Chr1p536205864",1,536205864,8.26704204555644e-08,0.294753086419753,NA,5.74497412606218e-05,"GLM","NYC","DTF_Sask_2017",7.08264985357742,4.24071192292587,"Significant",-1.5428642858657
"Lcu.1GRN.Chr2p610338751",2,610338751,8.28354877601e-08,0.246913580246914,NA,5.74497412606218e-05,"GLM","NYC","DTF_Sask_2017",7.08178356615548,4.24071192292587,"Significant",-1.60227944980409
"Lcu.1GRN.Chr2p63174486",2,63174486,8.49547757089011e-08,0.282407407407407,NA,5.86808693166017e-05,"GLM","NYC","DTF_Sask_2017",7.07081220236615,4.23150346100792,"Significant",1.3856325193135
"Lcu.1GRN.Chr4p390522339",4,390522339,8.49595333584598e-08,0.109567901234568,NA,5.86808693166017e-05,"GLM","NYC","DTF_Sask_2017",7.07078788162516,4.23150346100792,"Significant",1.92630565240967
"Lcu.1GRN.Chr2p44268354",2,44268354,8.52151840948835e-08,0.274691358024691,NA,5.87368357140239e-05,"GLM","NYC","DTF_Sask_2017",7.06948301343663,4.23108945360747,"Significant",1.32469475043085
"Lcu.1GRN.Chr3p389085071",3,389085071,8.57719569083275e-08,0.0987654320987654,NA,5.88976450279115e-05,"GLM","NYC","DTF_Sask_2017",7.06665468127372,4.22990206976009,"Significant",1.93861772014952
"Lcu.1GRN.Chr3p433424796",3,433424796,8.57986843646274e-08,0.478395061728395,NA,5.88976450279115e-05,"GLM","NYC","DTF_Sask_2017",7.06651937156345,4.22990206976009,"Significant",-1.63096603628857
"Lcu.1GRN.Chr1p543172902",1,543172902,8.63961728165891e-08,0.0817901234567902,NA,5.91870090871642e-05,"GLM","NYC","DTF_Sask_2017",7.06350549550086,4.22777360579195,"Significant",2.11976050156306
"Lcu.1GRN.Chr1p367805801",1,367805801,8.65320975336298e-08,0.117741935483871,NA,6.30011732707672e-05,"MLM","NYC","Cotyledon_Color_RvsY",7.06282276888129,4.20065136260554,"Significant",-0.218783689140132
"Lcu.1GRN.Chr2p45342800",2,45342800,8.67433140830143e-08,0.291666666666667,NA,5.93040413174009e-05,"GLM","NYC","DTF_Sask_2017",7.06176398937574,4.22691571031123,"Significant",1.43798462199388
"Lcu.1GRN.Chr3p437318468",3,437318468,8.68599804825236e-08,0.113354037267081,-1.18610455456428,0.00365210388187063,"BLINK","Kansas","DTF_Sask_2017_b",7.06118027255994,2.43745687772001,"Significant",NA
"Lcu.1GRN.Chr2p63023926",2,63023926,8.70819113069462e-08,0.285493827160494,NA,5.94147692912446e-05,"GLM","NYC","DTF_Sask_2017",7.06007204746569,4.22610558491104,"Significant",1.38756248653583
"Lcu.1GRN.Chr3p389084910",3,389084910,8.78784796969117e-08,0.0910493827160493,NA,5.95648351822358e-05,"GLM","NYC","DTF_Sask_2017",7.05611746500771,4.2250100555852,"Significant",1.97562454020516
"Lcu.1GRN.Chr3p389093449",3,389093449,8.78784796969117e-08,0.0910493827160493,NA,5.95648351822358e-05,"GLM","NYC","DTF_Sask_2017",7.05611746500771,4.2250100555852,"Significant",1.97562454020516
"Lcu.1GRN.Chr4p5717677",4,5717677,8.78954828605248e-08,0.310185185185185,NA,5.95648351822358e-05,"GLM","NYC","DTF_Sask_2017",7.05603344368797,4.2250100555852,"Significant",-1.38706208689091
"Lcu.1GRN.Chr4p412171023",4,412171023,8.8010188530894e-08,0.0972222222222222,NA,5.95648351822358e-05,"GLM","NYC","DTF_Sask_2017",7.05546704868375,4.2250100555852,"Significant",1.94323244123979
"Lcu.1GRN.Chr3p389085143",3,389085143,8.83073137744199e-08,0.0925925925925926,NA,5.95929505609064e-05,"GLM","NYC","DTF_Sask_2017",7.05400332586372,4.22480511129283,"Significant",1.96508757360937
"Lcu.1GRN.Chr2p63174579",2,63174579,8.84060634066134e-08,0.268518518518518,NA,5.95929505609064e-05,"GLM","NYC","DTF_Sask_2017",7.05351794750132,4.22480511129283,"Significant",1.41032623630548
"Lcu.1GRN.Chr1p368085616",1,368085616,8.88209276770512e-08,0.12258064516129,NA,6.45279243627358e-05,"MLM","NYC","Cotyledon_Color_RvsY",7.05148469521413,4.19025230440021,"Significant",-0.231435207744348
"Lcu.1GRN.Chr2p43812670",2,43812670,8.95603592090253e-08,0.251543209876543,NA,6.02502986921244e-05,"GLM","NYC","DTF_Sask_2017",7.04788417321957,4.22004079572372,"Significant",1.45024252483083
"Lcu.1GRN.Chr1p363211898",1,363211898,8.96647057584261e-08,0.182258064516129,NA,6.50005346591476e-05,"MLM","NYC","Cotyledon_Color_RvsY",7.04737847234856,4.18708307107157,"Significant",-0.184952304906207
"Lcu.1GRN.Chr1p535789384",1,535789384,8.981933238838e-08,0.236111111111111,NA,6.03039109330982e-05,"GLM","NYC","DTF_Sask_2017",7.04663017729735,4.21965452133273,"Significant",-1.62377868136147
"Lcu.1GRN.Chr1p537456507",1,537456507,9.03150713863863e-08,0.273148148148148,NA,6.05159554123996e-05,"GLM","NYC","DTF_Sask_2017",7.04423977046417,4.21813010577731,"Significant",-1.48373862525739
"Lcu.1GRN.Chr2p63177005",2,63177005,9.06678910783274e-08,0.280864197530864,NA,6.06315835354746e-05,"GLM","NYC","DTF_Sask_2017",7.0425464857777,4.21730108900175,"Significant",1.37347545395637
"Lcu.1GRN.Chr2p14111019",2,14111019,9.17802505512028e-08,0.0617283950617284,NA,6.12536657483263e-05,"GLM","NYC","DTF_Sask_2017",7.03725076105783,4.21286791567148,"Significant",2.48981997396163
"Lcu.1GRN.Chr1p438919314",1,438919314,9.21306828626611e-08,0.103395061728395,NA,6.13657849553757e-05,"GLM","NYC","DTF_Sask_2017",7.03559570988159,4.21207370616838,"Significant",2.25094857926723
"Lcu.1GRN.Chr1p367805753",1,367805753,9.27171042320091e-08,0.448387096774194,NA,6.70687617187273e-05,"MLM","NYC","Cotyledon_Color_RvsY",7.03284014084621,4.17347971190429,"Significant",-0.207361246819476
"Lcu.1GRN.Chr2p34021031",2,34021031,9.27635481649344e-08,0.0864197530864198,NA,6.16652102877362e-05,"GLM","NYC","DTF_Sask_2017",7.03262264814335,4.20995978315128,"Significant",1.99138940486313
"Lcu.1GRN.Chr2p51078438",2,51078438,9.31059051692951e-08,0.421296296296296,NA,6.17707179567658e-05,"GLM","NYC","DTF_Sask_2017",7.0310227733569,4.20921735085836,"Significant",1.28382335953052
"Lcu.1GRN.Chr1p537190124",1,537190124,9.38195874499599e-08,0.243827160493827,NA,6.21216794720092e-05,"GLM","NYC","DTF_Sask_2017",7.02770648109468,4.20675681154672,"Significant",-1.61820843891377
"Lcu.1GRN.Chr1p543109915",1,543109915,9.45513358578759e-08,0.223765432098765,NA,6.24352093494614e-05,"GLM","NYC","DTF_Sask_2017",7.02433233089503,4.20457042772544,"Significant",-1.60038641996843
"Lcu.1GRN.Chr2p80978138",2,80978138,9.48417446748661e-08,0.225308641975309,NA,6.24352093494614e-05,"GLM","NYC","DTF_Sask_2017",7.02300046549417,4.20457042772544,"Significant",1.50848607239834
"Lcu.1GRN.Chr4p390522327",4,390522327,9.49293771333206e-08,0.109567901234568,NA,6.24352093494614e-05,"GLM","NYC","DTF_Sask_2017",7.0225993686836,4.20457042772544,"Significant",1.9204514093384
"Lcu.1GRN.Chr1p537093741",1,537093741,9.51345182899642e-08,0.260802469135803,NA,6.24352093494614e-05,"GLM","NYC","DTF_Sask_2017",7.02166187651299,4.20457042772544,"Significant",-1.48950688686779
"Lcu.1GRN.Chr1p370889779",1,370889779,9.51444087265902e-08,0.204838709677419,NA,6.86769084337703e-05,"MLM","NYC","Cotyledon_Color_RvsY",7.0216167284546,4.16318926331272,"Significant",-0.211763472740884
"Lcu.1GRN.Chr2p14199260",2,14199260,9.52732127984334e-08,0.125,NA,6.24352093494614e-05,"GLM","NYC","DTF_Sask_2017",7.02102918927905,4.20457042772544,"Significant",1.83345914181834
"Lcu.1GRN.Chr6p158725441",6,158725441,9.54067955703834e-08,0.259259259259259,NA,6.24352093494614e-05,"GLM","NYC","DTF_Sask_2017",7.02042069056204,4.20457042772544,"Significant",2.24667989073248
"Lcu.1GRN.Chr1p543172350",1,543172350,9.69607874497704e-08,0.0771604938271605,NA,6.32441587156766e-05,"GLM","NYC","DTF_Sask_2017",7.01340386611816,4.19897958010784,"Significant",2.14926274510481
"Lcu.1GRN.Chr1p535954220",1,535954220,9.70189878831429e-08,0.239197530864197,NA,6.32441587156766e-05,"GLM","NYC","DTF_Sask_2017",7.0131432603125,4.19897958010784,"Significant",-1.61140422291334
"Lcu.1GRN.Chr1p364662726",1,364662726,9.7203285799482e-08,0.441935483870968,NA,7.00128000739065e-05,"MLM","NYC","Cotyledon_Color_RvsY",7.01231905420475,4.15482255293899,"Significant",-0.215523342805004
"Lcu.1GRN.Chr1p371692416",1,371692416,9.76999973665903e-08,0.206451612903226,NA,7.02202030218117e-05,"MLM","NYC","Cotyledon_Color_RvsY",7.01010544798722,4.15353791922947,"Significant",-0.213605586527884
"Lcu.1GRN.Chr2p50068638",2,50068638,9.77669684547711e-08,0.24537037037037,NA,6.36084755865106e-05,"GLM","NYC","DTF_Sask_2017",7.00980785115228,4.19648501241434,"Significant",1.56597894982309
"Lcu.1GRN.Chr3p389105142",3,389105142,1.00095859535328e-07,0.0925925925925926,NA,6.49979613596905e-05,"GLM","NYC","DTF_Sask_2017",6.99958388673796,4.18710026465132,"Significant",1.98497861812507
"Lcu.1GRN.Chr1p539380960",1,539380960,1.00441535200163e-07,0.233024691358025,NA,6.50967589030315e-05,"GLM","NYC","DTF_Sask_2017",6.99808665792781,4.18644063394439,"Significant",-1.60344071346933
"Lcu.1GRN.Chr2p37308739",2,37308739,1.00897901099874e-07,0.21141975308642,NA,6.52667774985795e-05,"GLM","NYC","DTF_Sask_2017",6.99611786795758,4.1853078297605,"Significant",1.64449040307915
"Lcu.1GRN.Chr1p558990405",1,558990405,1.01362073746808e-07,0.233024691358025,NA,6.54411836084307e-05,"GLM","NYC","DTF_Sask_2017",6.99412451288801,4.18414885435566,"Significant",1.47019718692962
"Lcu.1GRN.Chr1p572633339",1,572633339,1.01564496545096e-07,0.498456790123457,NA,6.54462548072498e-05,"GLM","NYC","DTF_Sask_2017",6.993258079938,4.18411520110839,"Significant",-1.22549374896406
"Lcu.1GRN.Chr2p64072932",2,64072932,1.02217660075792e-07,0.225308641975309,NA,6.57412001275602e-05,"GLM","NYC","DTF_Sask_2017",6.99047406495585,4.18216237199124,"Significant",1.56233206869723
"Lcu.1GRN.Chr2p85169620",2,85169620,1.03103318814643e-07,0.462962962962963,NA,6.618426343459e-05,"GLM","NYC","DTF_Sask_2017",6.9867273548941,4.17924526004595,"Significant",-1.29774275452381
"Lcu.1GRN.Chr2p63178448",2,63178448,1.03574602858661e-07,0.29320987654321,NA,6.63601494090653e-05,"GLM","NYC","DTF_Sask_2017",6.98474672326378,4.17809264483786,"Significant",1.36899245457504
"Lcu.1GRN.Chr2p610276907",2,610276907,1.04326010428487e-07,0.212962962962963,NA,6.67145002847887e-05,"GLM","NYC","DTF_Sask_2017",6.98160740032446,4.17577976264633,"Significant",-1.73249854781267
"Lcu.1GRN.Chr2p48573031",2,48573031,1.05063328364608e-07,0.33641975308642,NA,6.69265586900957e-05,"GLM","NYC","DTF_Sask_2017",6.97854884503789,4.17440150549591,"Significant",1.6467633421579
"Lcu.1GRN.Chr2p3378293",2,3378293,1.05080068213997e-07,0.200617283950617,NA,6.69265586900957e-05,"GLM","NYC","DTF_Sask_2017",6.97847965395836,4.17440150549591,"Significant",1.58372727067774
"Lcu.1GRN.Chr1p543251491",1,543251491,1.05281865497194e-07,0.0617283950617284,NA,6.69265586900957e-05,"GLM","NYC","DTF_Sask_2017",6.97764642836576,4.17440150549591,"Significant",2.46157447160977
"Lcu.1GRN.Chr1p509134127",1,509134127,1.05453496049704e-07,0.095679012345679,NA,6.69265586900957e-05,"GLM","NYC","DTF_Sask_2017",6.97693901772699,4.17440150549591,"Significant",2.51910408361198
"Lcu.1GRN.Chr1p367658856",1,367658856,1.05830207616327e-07,0.345161290322581,NA,7.59014700325825e-05,"MLM","NYC","Cotyledon_Color_RvsY",6.97539035187933,4.11974981276254,"Significant",-0.197369112067024
"Lcu.1GRN.Chr2p48673628",2,48673628,1.06928005753752e-07,0.351851851851852,NA,6.77345621683095e-05,"GLM","NYC","DTF_Sask_2017",6.97090853285117,4.16918967210077,"Significant",1.60815183966145
"Lcu.1GRN.Chr1p374030020",1,374030020,1.06954804837066e-07,0.385483870967742,NA,7.65448230609138e-05,"MLM","NYC","Cotyledon_Color_RvsY",6.97079970041128,4.11608417651512,"Significant",-0.208583757523081
"Lcu.1GRN.Chr3p433424844",3,433424844,1.06972259084566e-07,0.29320987654321,0.749796014815357,0.00599698964524969,"FarmCPU","Kansas","DTF_Sask_2017",6.97072883248786,2.22206670103963,"Significant",NA
"Lcu.1GRN.Chr2p48673924",2,48673924,1.07625040065905e-07,0.347222222222222,NA,6.80479546087372e-05,"GLM","NYC","DTF_Sask_2017",6.96808667386211,4.16718492432529,"Significant",1.62107837950916
"Lcu.1GRN.Chr2p44558948",2,44558948,1.07933408437626e-07,0.0709876543209876,NA,0.00250976002773325,"MLM","NYC","DTF_Nepal_2017",6.96684410810309,2.60036780187098,"Significant",9.43288593222517
"Lcu.1GRN.Chr1p559270263",1,559270263,1.08597959796351e-07,0.256172839506173,NA,6.8460279425164e-05,"GLM","NYC","DTF_Sask_2017",6.9641783336561,4.16456133259284,"Significant",1.55933870972274
"Lcu.1GRN.Chr2p65059962",2,65059962,1.08710832911872e-07,0.256172839506173,NA,6.8460279425164e-05,"GLM","NYC","DTF_Sask_2017",6.96372717680208,4.16456133259284,"Significant",1.42634434935249
"Lcu.1GRN.Chr3p345919243",3,345919243,1.08887760964847e-07,0.430555555555556,NA,6.8460279425164e-05,"GLM","NYC","DTF_Sask_2017",6.96302093240348,4.16456133259284,"Significant",1.47330069701242
"Lcu.1GRN.Chr1p371177859",1,371177859,1.09233373294635e-07,0.103225806451613,NA,7.80095585456403e-05,"MLM","NYC","Cotyledon_Color_RvsY",6.96164465445749,4.10785217975451,"Significant",-0.395145964362449
"Lcu.1GRN.Chr6p421420643",6,421420643,1.09259737916846e-07,0.246913580246914,NA,6.85659892982755e-05,"GLM","NYC","DTF_Sask_2017",6.9615398455696,4.16389125343049,"Significant",-1.59170036954944
"Lcu.1GRN.Chr2p49123919",2,49123919,1.10610329685661e-07,0.444444444444444,NA,6.92842919280758e-05,"GLM","NYC","DTF_Sask_2017",6.95620431321215,4.15936521707983,"Significant",1.36137840762632
"Lcu.1GRN.Chr1p363533924",1,363533924,1.10940654163647e-07,0.0774193548387097,NA,7.90609640234395e-05,"MLM","NYC","Cotyledon_Color_RvsY",6.95490927762408,4.10203789442629,"Significant",-0.231112123827008
"Lcu.1GRN.Chr6p420693025",6,420693025,1.1103298178363e-07,0.183641975308642,NA,6.93296683968673e-05,"GLM","NYC","DTF_Sask_2017",6.95454799707806,4.15908087702256,"Significant",1.47776681984882
"Lcu.1GRN.Chr1p439819620",1,439819620,1.11094998218944e-07,0.115740740740741,NA,6.93296683968673e-05,"GLM","NYC","DTF_Sask_2017",6.9543054936677,4.15908087702256,"Significant",2.18209820632791
"Lcu.1GRN.Chr1p559245152",1,559245152,1.11316402904476e-07,0.356481481481482,NA,6.93391935106849e-05,"GLM","NYC","DTF_Sask_2017",6.95344083597056,4.15902121396165,"Significant",1.31783988702679
"Lcu.1GRN.Chr6p420063538",6,420063538,1.11541457080386e-07,0.319444444444444,NA,6.93509524838416e-05,"GLM","NYC","DTF_Sask_2017",6.95256368656278,4.15894756983748,"Significant",1.35343409142058
"Lcu.1GRN.Chr5p456047797",5,456047797,1.11780579107394e-07,0.37962962962963,NA,6.93713986210645e-05,"GLM","NYC","DTF_Sask_2017",6.95163364474253,4.15881954944904,"Significant",-1.46044176030497
"Lcu.1GRN.Chr5p1658331",5,1658331,1.11920611760365e-07,0.126543209876543,NA,0.00250976002773325,"MLM","NYC","DTF_Nepal_2017",6.95108992464717,2.60036780187098,"Significant",9.5564006839863
"Lcu.1GRN.Chr2p37308560",2,37308560,1.12921046594321e-07,0.242283950617284,NA,6.99501172740182e-05,"GLM","NYC","DTF_Sask_2017",6.94722510530344,4.15521155306041,"Significant",1.60812429105442
"Lcu.1GRN.Chr4p412482227",4,412482227,1.13271529976003e-07,0.0848765432098766,NA,7.00382439769082e-05,"GLM","NYC","DTF_Sask_2017",6.94587923336733,4.15466475123364,"Significant",2.08084755312137
"Lcu.1GRN.Chr6p417768576",6,417768576,1.14016130529267e-07,0.237654320987654,NA,7.03692913352991e-05,"GLM","NYC","DTF_Sask_2017",6.94303370213476,4.15261682257952,"Significant",1.50808052832662
"Lcu.1GRN.Chr4p412510715",4,412510715,1.14615740775979e-07,0.0972222222222222,NA,7.06098038051169e-05,"GLM","NYC","DTF_Sask_2017",6.94075573435199,4.15113499522486,"Significant",1.97734871899428
"Lcu.1GRN.Chr1p543048126",1,543048126,1.14865361431184e-07,0.0848765432098766,NA,7.06342176024186e-05,"GLM","NYC","DTF_Sask_2017",6.93981091654487,4.15098486104643,"Significant",2.08338806909364
"Lcu.1GRN.Chr1p363414756",1,363414756,1.14903337807199e-07,0.151612903225806,NA,8.17118203555899e-05,"MLM","NYC","Cotyledon_Color_RvsY",6.93966735538314,4.08771511428908,"Significant",-0.196027645691135
"Lcu.1GRN.Chr6p165766103",6,165766103,1.15194204120036e-07,0.217592592592593,NA,7.07071694475258e-05,"GLM","NYC","DTF_Sask_2017",6.93856937145107,4.15053654810357,"Significant",1.46006353717337
"Lcu.1GRN.Chr1p404952720",1,404952720,1.15645520037897e-07,0.18167701863354,0.797018722525091,0.00432214851539857,"BLINK","Kansas","DTF_Sask_2017_b",6.93687118658991,2.36430031419736,"Significant",NA
"Lcu.1GRN.Chr6p39896693",6,39896693,1.16529931123131e-07,0.447530864197531,NA,7.13967638289512e-05,"GLM","NYC","DTF_Sask_2017",6.93356251024259,4.14632147286081,"Significant",-1.31184368330915
"Lcu.1GRN.Chr3p434006093",3,434006093,1.17479069746675e-07,0.138888888888889,NA,7.18474222790544e-05,"GLM","NYC","DTF_Sask_2017",6.93003950107914,4.14358880874151,"Significant",-1.79609013997251
"Lcu.1GRN.Chr4p1361603",4,1361603,1.18276537715527e-07,0.172839506172839,NA,7.2053599535772e-05,"GLM","NYC","DTF_Sask_2017",6.92710139697184,4.14234431853528,"Significant",-1.87009058097851
"Lcu.1GRN.Chr6p420961528",6,420961528,1.18472836809024e-07,0.489197530864197,NA,7.2053599535772e-05,"GLM","NYC","DTF_Sask_2017",6.92638121232243,4.14234431853528,"Significant",-1.34163055285097
"Lcu.1GRN.Chr4p390294247",4,390294247,1.18600356954918e-07,0.479938271604938,NA,7.2053599535772e-05,"GLM","NYC","DTF_Sask_2017",6.92591400386115,4.14234431853528,"Significant",1.30518985985323
"Lcu.1GRN.Chr6p424247705",6,424247705,1.18673039099608e-07,0.217592592592593,NA,7.2053599535772e-05,"GLM","NYC","DTF_Sask_2017",6.92564793563872,4.14234431853528,"Significant",1.37099620409802
"Lcu.1GRN.Chr1p437613395",1,437613395,1.19390259560164e-07,0.101851851851852,NA,7.23584566440966e-05,"GLM","NYC","DTF_Sask_2017",6.92303110362397,4.14051070491478,"Significant",2.23388052423462
"Lcu.1GRN.Chr6p420963168",6,420963168,1.20062045583501e-07,0.490740740740741,NA,7.26347303719161e-05,"GLM","NYC","DTF_Sask_2017",6.92059426152938,4.13885567127957,"Significant",-1.34737134700113
"Lcu.1GRN.Chr1p535789405",1,535789405,1.21185621832197e-07,0.239197530864197,NA,7.31828439117244e-05,"GLM","NYC","DTF_Sask_2017",6.91654890433933,4.13559071768119,"Significant",-1.61315887931266
"Lcu.1GRN.Chr5p455351362",5,455351362,1.22262712900108e-07,0.208333333333333,NA,7.3584888065241e-05,"GLM","NYC","DTF_Sask_2017",6.9127059718337,4.13321136641993,"Significant",1.85378385138711
"Lcu.1GRN.Chr5p459452302",5,459452302,1.22350940600874e-07,0.123456790123457,NA,7.3584888065241e-05,"GLM","NYC","DTF_Sask_2017",6.91239268756108,4.13321136641993,"Significant",-1.98233502290179
"Lcu.1GRN.Chr2p610338709",2,610338709,1.22507669648137e-07,0.262345679012346,NA,7.3584888065241e-05,"GLM","NYC","DTF_Sask_2017",6.9118367212456,4.13321136641993,"Significant",-1.57486139168145
"Lcu.1GRN.Chr1p362573151",1,362573151,1.22947710637366e-07,0.151612903225806,NA,8.72480012319805e-05,"MLM","NYC","Cotyledon_Color_RvsY",6.91027955368261,4.05924451352482,"Significant",-0.206360038690257
"Lcu.1GRN.Chr2p89837311",2,89837311,1.23218011373663e-07,0.191358024691358,NA,7.38796307160869e-05,"GLM","NYC","DTF_Sask_2017",6.90932580460294,4.13147528402723,"Significant",-1.79698094819858
"Lcu.1GRN.Chr4p59789734",4,59789734,1.23690970682098e-07,0.16820987654321,NA,7.39072669178347e-05,"GLM","NYC","DTF_Sask_2017",6.90766200227925,4.13131285758413,"Significant",-2.36608061384197
"Lcu.1GRN.Chr1p535782366",1,535782366,1.23703547835373e-07,0.237654320987654,NA,7.39072669178347e-05,"GLM","NYC","DTF_Sask_2017",6.90761784456466,4.13131285758413,"Significant",-1.60376940281722
"Lcu.1GRN.Chr5p455774604",5,455774604,1.25018896320506e-07,0.294753086419753,NA,7.45606934373043e-05,"GLM","NYC","DTF_Sask_2017",6.90302433941202,4.12749006156348,"Significant",1.30585678964283
"Lcu.1GRN.Chr1p364679376",1,364679376,1.25943869688315e-07,0.451612903225806,NA,8.91860244535777e-05,"MLM","NYC","Cotyledon_Color_RvsY",6.89982296691403,4.04970319470702,"Significant",-0.171952656793842
"Lcu.1GRN.Chr2p65208667",2,65208667,1.26885826309351e-07,0.248456790123457,NA,7.55401853773404e-05,"GLM","NYC","DTF_Sask_2017",6.89658688775104,4.12182195373861,"Significant",1.42536969531773
"Lcu.1GRN.Chr1p363513639",1,363513639,1.26926787848272e-07,0.106451612903226,NA,8.96169197868633e-05,"MLM","NYC","Cotyledon_Color_RvsY",6.89644671055349,4.04760998725356,"Significant",-0.197885467525686
"Lcu.1GRN.Chr1p371437268",1,371437268,1.27085209721328e-07,0.209677419354839,NA,8.96169197868633e-05,"MLM","NYC","Cotyledon_Color_RvsY",6.89590499004532,4.04760998725356,"Significant",-0.201171284471667
"Lcu.1GRN.Chr2p34022168",2,34022168,1.27124786418556e-07,0.0895061728395061,NA,7.55487332742942e-05,"GLM","NYC","DTF_Sask_2017",6.89576976372364,4.12177281308003,"Significant",1.95582879719586
"Lcu.1GRN.Chr1p356304338",1,356304338,1.2781508083598e-07,0.458064516129032,NA,8.99430445513723e-05,"MLM","NYC","Cotyledon_Color_RvsY",6.89341790097069,4.04603241575093,"Significant",-0.178952875484238
"Lcu.1GRN.Chr2p44213560",2,44213560,1.28071558979571e-07,0.279320987654321,NA,7.59771535789796e-05,"GLM","NYC","DTF_Sask_2017",6.89254730389792,4.11931698095896,"Significant",1.30279088015544
"Lcu.1GRN.Chr2p10278916",2,10278916,1.28779269295449e-07,0.0601851851851852,NA,7.59949060966708e-05,"GLM","NYC","DTF_Sask_2017",6.89015404346081,4.11921551730143,"Significant",2.47273818855598
"Lcu.1GRN.Chr2p10408286",2,10408286,1.28779269295449e-07,0.0601851851851852,NA,7.59949060966708e-05,"GLM","NYC","DTF_Sask_2017",6.89015404346081,4.11921551730143,"Significant",2.47273818855598
"Lcu.1GRN.Chr2p10422948",2,10422948,1.28779269295449e-07,0.0601851851851852,NA,7.59949060966708e-05,"GLM","NYC","DTF_Sask_2017",6.89015404346081,4.11921551730143,"Significant",2.47273818855598
"Lcu.1GRN.Chr7p639543409",7,639543409,1.29471105539154e-07,0.353395061728395,NA,7.62609467991764e-05,"GLM","NYC","DTF_Sask_2017",6.88782714359095,4.11769780715171,"Significant",-1.2099362055754
"Lcu.1GRN.Chr5p2101990",5,2101990,1.30064989948546e-07,0.123456790123457,NA,0.00273434815462641,"MLM","NYC","DTF_Nepal_2017",6.88583958828331,2.56314618910737,"Significant",7.9991819644038
"Lcu.1GRN.Chr2p561724675",2,561724675,1.30086962265471e-07,0.0725308641975309,NA,7.62609467991764e-05,"GLM","NYC","DTF_Sask_2017",6.88576622764976,4.11769780715171,"Significant",2.33001047191101
"Lcu.1GRN.Chr1p559837442",1,559837442,1.30112153747766e-07,0.186728395061728,NA,7.62609467991764e-05,"GLM","NYC","DTF_Sask_2017",6.88568213419123,4.11769780715171,"Significant",1.58106245202219
"Lcu.1GRN.Chr6p424043746",6,424043746,1.30136973789721e-07,0.46141975308642,NA,7.62609467991764e-05,"GLM","NYC","DTF_Sask_2017",6.88559929658561,4.11769780715171,"Significant",1.37656428395969
"Lcu.1GRN.Chr2p44213826",2,44213826,1.32104318269659e-07,0.0833333333333334,NA,7.72791882146265e-05,"GLM","NYC","DTF_Sask_2017",6.87908298579174,4.1119374486495,"Significant",2.19485372987305
"Lcu.1GRN.Chr6p1286429",6,1286429,1.33693514170127e-07,0.0555555555555556,NA,7.80730664598318e-05,"GLM","NYC","DTF_Sask_2017",6.87388966101361,4.10749876260495,"Significant",2.48485076051043
"Lcu.1GRN.Chr2p48689157",2,48689157,1.346927995134e-07,0.344135802469136,NA,7.8520299642849e-05,"GLM","NYC","DTF_Sask_2017",6.87065562042536,4.10501805174921,"Significant",1.59962317068559
"Lcu.1GRN.Chr1p559940430",1,559940430,1.35070034963019e-07,0.209876543209877,NA,7.86039834782109e-05,"GLM","NYC","DTF_Sask_2017",6.86944098771839,4.10455544430705,"Significant",1.54002922629053
"Lcu.1GRN.Chr5p456046651",5,456046651,1.35482122903991e-07,0.325617283950617,NA,7.8707625621497e-05,"GLM","NYC","DTF_Sask_2017",6.86811800690292,4.10398318879848,"Significant",-1.42543371169069
"Lcu.1GRN.Chr3p434028554",3,434028554,1.3581161531289e-07,0.118827160493827,NA,7.87630096688807e-05,"GLM","NYC","DTF_Sask_2017",6.86706308535321,4.10367769708427,"Significant",-1.84192544654212
"Lcu.1GRN.Chr1p361413551",1,361413551,1.35818561898959e-07,0.109677419354839,-0.237233317504291,0.0057106102762834,"FarmCPU","Kansas","Cotyledon_Color_RvsY",6.86704087232792,2.24331747748799,"Significant",NA
"Lcu.1GRN.Chr1p361416208",1,361416208,1.35818561898959e-07,0.109677419354839,-0.237233317504291,0.0057106102762834,"FarmCPU","Kansas","Cotyledon_Color_RvsY",6.86704087232792,2.24331747748799,"Significant",NA
"Lcu.1GRN.Chr1p361180162",1,361180162,1.36044602680706e-07,0.17741935483871,NA,9.55342690394592e-05,"MLM","NYC","Cotyledon_Color_RvsY",6.86631868337693,4.01984081495962,"Significant",-0.174659292234757
"Lcu.1GRN.Chr1p437613055",1,437613055,1.36095978605265e-07,0.103395061728395,NA,7.87920757926286e-05,"GLM","NYC","DTF_Sask_2017",6.86615470723858,4.10351745779704,"Significant",2.21161902134645
"Lcu.1GRN.Chr2p610276900",2,610276900,1.3636765515814e-07,0.212962962962963,NA,7.88137097295158e-05,"GLM","NYC","DTF_Sask_2017",6.86528862712911,4.10339822994713,"Significant",-1.71612101013824
"Lcu.1GRN.Chr2p561727458",2,561727458,1.36859518115774e-07,0.438271604938272,NA,7.89623079417642e-05,"GLM","NYC","DTF_Sask_2017",6.8637249934938,4.10258016642094,"Significant",-1.30376289369805
"Lcu.1GRN.Chr1p408097730",1,408097730,1.37631708793656e-07,0.388709677419355,NA,9.64474270662413e-05,"MLM","NYC","Cotyledon_Color_RvsY",6.86128149802162,4.01570935356533,"Significant",0.181641269064313
"Lcu.1GRN.Chr7p52676815",7,52676815,1.37904740665499e-07,0.444444444444444,NA,7.94291162729996e-05,"GLM","NYC","DTF_Sask_2017",6.86042080409624,4.10002026937677,"Significant",1.41147710366829
"Lcu.1GRN.Chr1p437955122",1,437955122,1.38145350564394e-07,0.104938271604938,NA,7.94316874073393e-05,"GLM","NYC","DTF_Sask_2017",6.85966372716591,4.10000621141621,"Significant",2.19863743160641
"Lcu.1GRN.Chr3p434029073",3,434029073,1.39188043905219e-07,0.126543209876543,NA,7.98946497683731e-05,"GLM","NYC","DTF_Sask_2017",6.85639806852571,4.09748230271193,"Significant",-1.81793881333053
"Lcu.1GRN.Chr5p393506057",5,393506057,1.40360017534276e-07,0.225308641975309,NA,8.04301158738529e-05,"GLM","NYC","DTF_Sask_2017",6.85275658620301,4.09458130561875,"Significant",2.55663634352646
"Lcu.1GRN.Chr2p49724495",2,49724495,1.41258016415106e-07,0.166666666666667,NA,8.08070326658165e-05,"GLM","NYC","DTF_Sask_2017",6.8499868965276,4.09255084077186,"Significant",2.2926484556296
"Lcu.1GRN.Chr1p437370413",1,437370413,1.41752670061417e-07,0.104938271604938,NA,8.0952326605346e-05,"GLM","NYC","DTF_Sask_2017",6.84846875196226,4.09177066491749,"Significant",2.24686592031259
"Lcu.1GRN.Chr1p488896637",1,488896637,1.4204749041231e-07,0.0709876543209876,NA,8.09832003517245e-05,"GLM","NYC","DTF_Sask_2017",6.8475664346599,4.09160506447017,"Significant",2.48474296063443
"Lcu.1GRN.Chr2p44546658",2,44546658,1.42638165637858e-07,0.0679012345679012,NA,0.00282228069771233,"MLM","NYC","DTF_Nepal_2017",6.8457642549314,2.5493997944778,"Significant",9.52739272908323
"Lcu.1GRN.Chr1p535788167",1,535788167,1.43232614318477e-07,0.234567901234568,NA,8.15206849077208e-05,"GLM","NYC","DTF_Sask_2017",6.84395808114957,4.08873218019895,"Significant",-1.61796466941365
"Lcu.1GRN.Chr1p543111427",1,543111427,1.44344313238697e-07,0.0787037037037037,NA,8.20146344783123e-05,"GLM","NYC","DTF_Sask_2017",6.84060032143136,4.08610864632241,"Significant",2.10014028968095
"Lcu.1GRN.Chr1p543108070",1,543108070,1.45123442003929e-07,0.225308641975309,NA,8.21916576434771e-05,"GLM","NYC","DTF_Sask_2017",6.83826242966666,4.08517226060186,"Significant",-1.57605871558684
"Lcu.1GRN.Chr1p558988082",1,558988082,1.45144573160344e-07,0.243827160493827,NA,8.21916576434771e-05,"GLM","NYC","DTF_Sask_2017",6.83819919745254,4.08517226060186,"Significant",1.50351587436438
"Lcu.1GRN.Chr3p389084292",3,389084292,1.45705498327094e-07,0.0925925925925926,NA,8.23706241273775e-05,"GLM","NYC","DTF_Sask_2017",6.83652405943069,4.08422764332736,"Significant",1.93279244387048
"Lcu.1GRN.Chr2p63176322",2,63176322,1.46278865352949e-07,0.294753086419753,NA,8.25560119164018e-05,"GLM","NYC","DTF_Sask_2017",6.83481841703009,4.08325129493845,"Significant",1.36646325295317
"Lcu.1GRN.Chr1p329127295",1,329127295,1.46292212825707e-07,0.0983870967741935,NA,0.000102303269753731,"MLM","NYC","Cotyledon_Color_RvsY",6.83477879087287,3.99011048541483,"Significant",0.250467591259707
"Lcu.1GRN.Chr2p80294701",2,80294701,1.47398691154159e-07,0.228395061728395,NA,8.30486692587119e-05,"GLM","NYC","DTF_Sask_2017",6.83150637283416,4.08066732213165,"Significant",1.4595135189806
"Lcu.1GRN.Chr1p362780451",1,362780451,1.47473574194314e-07,0.180645161290323,NA,0.00010291544342535,"MLM","NYC","Cotyledon_Color_RvsY",6.83128579398936,3.98751945039634,"Significant",-0.167312048084511
"Lcu.1GRN.Chr1p559768039",1,559768039,1.47665236266699e-07,0.385802469135803,NA,8.30597199453526e-05,"GLM","NYC","DTF_Sask_2017",6.83072173538929,4.08060953754583,"Significant",-1.40103789171749
"Lcu.1GRN.Chr2p613264210",2,613264210,1.48501655603261e-07,0.212962962962963,NA,8.339074522588e-05,"GLM","NYC","DTF_Sask_2017",6.82826870449254,4.07888214504998,"Significant",-1.72499222099086
"Lcu.1GRN.Chr4p390294326",4,390294326,1.49478465835807e-07,0.475308641975309,NA,8.3799371862988e-05,"GLM","NYC","DTF_Sask_2017",6.82542136815758,4.07675923670935,"Significant",1.36803552575923
"Lcu.1GRN.Chr1p541591206",1,541591206,1.51432057341813e-07,0.251543209876543,NA,8.47533225156299e-05,"GLM","NYC","DTF_Sask_2017",6.81978217732664,4.0718432674975,"Significant",-1.60181617081872
"Lcu.1GRN.Chr2p63108700",2,63108700,1.51752799650102e-07,0.300925925925926,NA,8.4791750763963e-05,"GLM","NYC","DTF_Sask_2017",6.81886328798664,4.07164639741259,"Significant",1.51879029809746
"Lcu.1GRN.Chr1p360345715",1,360345715,1.52289011413291e-07,0.119354838709677,NA,0.000106055896277545,"MLM","NYC","Cotyledon_Color_RvsY",6.81733143254539,3.97446518146503,"Significant",-0.182409283492444
"Lcu.1GRN.Chr2p64994334",2,64994334,1.53487176791908e-07,0.248456790123457,NA,8.56186089485301e-05,"GLM","NYC","DTF_Sask_2017",6.81392790214864,4.06743183245692,"Significant",1.41925459347317
"Lcu.1GRN.Chr1p434743687",1,434743687,1.53783446447056e-07,0.493827160493827,NA,8.56418485613522e-05,"GLM","NYC","DTF_Sask_2017",6.8130904103318,4.06731396712106,"Significant",-1.41167084756422
"Lcu.1GRN.Chr2p48311644",2,48311644,1.56149166570931e-07,0.202160493827161,NA,8.68155813420898e-05,"GLM","NYC","DTF_Sask_2017",6.80646032942681,4.06140232224741,"Significant",1.88624546006321
"Lcu.1GRN.Chr1p539379596",1,539379596,1.56500812163087e-07,0.234567901234568,NA,8.68675060806288e-05,"GLM","NYC","DTF_Sask_2017",6.80548340433458,4.06114264666899,"Significant",-1.58531735554703
"Lcu.1GRN.Chr6p1341433",6,1341433,1.58057576503611e-07,0.058641975308642,NA,8.73109585635307e-05,"GLM","NYC","DTF_Sask_2017",6.80118468138185,4.05893124375162,"Significant",2.40647058774937
"Lcu.1GRN.Chr3p450258999",3,450258999,1.58078449328234e-07,0.151234567901235,NA,8.73109585635307e-05,"GLM","NYC","DTF_Sask_2017",6.80112733295062,4.05893124375162,"Significant",1.6654040858069
"Lcu.1GRN.Chr3p450259042",3,450259042,1.58078449328234e-07,0.151234567901235,NA,8.73109585635307e-05,"GLM","NYC","DTF_Sask_2017",6.80112733295062,4.05893124375162,"Significant",1.6654040858069
"Lcu.1GRN.Chr1p560221441",1,560221441,1.59323166903503e-07,0.200617283950617,NA,8.78541896423452e-05,"GLM","NYC","DTF_Sask_2017",6.79772106960487,4.05623752278376,"Suggestive",1.55315746259831
"Lcu.1GRN.Chr7p371434502",7,371434502,1.60487161348357e-07,0.472222222222222,NA,8.83512029480567e-05,"GLM","NYC","DTF_Sask_2017",6.79455970455869,4.05378753296937,"Suggestive",1.76343665025325
"Lcu.1GRN.Chr1p170777274",1,170777274,1.61092868763005e-07,0.067741935483871,NA,0.000111955216915714,"MLM","NYC","Cotyledon_Color_RvsY",6.79292368444376,3.95095566425629,"Suggestive",0.320029605738357
"Lcu.1GRN.Chr1p575481863",1,575481863,1.62017514318908e-07,0.476851851851852,NA,8.90479497367778e-05,"GLM","NYC","DTF_Sask_2017",6.79043803508137,4.05037607539506,"Suggestive",1.25465847451949
"Lcu.1GRN.Chr2p612950912",2,612950912,1.62567870605295e-07,0.242283950617284,NA,8.90705381253308e-05,"GLM","NYC","DTF_Sask_2017",6.7889652828355,4.05026592385859,"Suggestive",-1.72183990510104
"Lcu.1GRN.Chr2p44640614",2,44640614,1.62588215874188e-07,0.0941358024691358,NA,8.90705381253308e-05,"GLM","NYC","DTF_Sask_2017",6.78891093454929,4.05026592385859,"Suggestive",2.06491538953435
"Lcu.1GRN.Chr1p363533042",1,363533042,1.63588930494485e-07,0.103225806451613,NA,0.000113455500584821,"MLM","NYC","Cotyledon_Color_RvsY",6.78624608689825,3.94517444366864,"Suggestive",-0.194648791886349
"Lcu.1GRN.Chr1p559270665",1,559270665,1.63842757593502e-07,0.199074074074074,NA,8.96118647861035e-05,"GLM","NYC","DTF_Sask_2017",6.78557275114883,4.04763448509237,"Suggestive",1.55681573451849
"Lcu.1GRN.Chr2p86109976",2,86109976,1.64885061846366e-07,0.37962962962963,NA,9.00355415553189e-05,"GLM","NYC","DTF_Sask_2017",6.78281868851292,4.04558601884547,"Suggestive",1.44151436855738
"Lcu.1GRN.Chr1p359676175",1,359676175,1.64989856667249e-07,0.224193548387097,NA,0.000114191652505335,"MLM","NYC","Cotyledon_Color_RvsY",6.78254275474883,3.94236564217925,"Suggestive",-0.205117671840452
"Lcu.1GRN.Chr4p412166626",4,412166626,1.6560206575024e-07,0.0910493827160493,NA,9.02805025124977e-05,"GLM","NYC","DTF_Sask_2017",6.78093425004912,4.04440603225048,"Suggestive",1.94225875366197
"Lcu.1GRN.Chr1p434703257",1,434703257,1.67925444776794e-07,0.493827160493827,NA,9.12694234192699e-05,"GLM","NYC","DTF_Sask_2017",6.77488349273091,4.03967469305067,"Suggestive",-1.41032199742494
"Lcu.1GRN.Chr3p389317881",3,389317881,1.67958726915922e-07,0.132716049382716,NA,9.12694234192699e-05,"GLM","NYC","DTF_Sask_2017",6.77479742586242,4.03967469305067,"Suggestive",1.8476544353336
"Lcu.1GRN.Chr1p367658831",1,367658831,1.68304167398726e-07,0.330645161290323,NA,0.000116246340606586,"MLM","NYC","Cotyledon_Color_RvsY",6.77390513027573,3.93462070965849,"Suggestive",-0.202276924935861
"Lcu.1GRN.Chr2p44640525",2,44640525,1.70133868752469e-07,0.100308641975309,NA,9.2302288759132e-05,"GLM","NYC","DTF_Sask_2017",6.76920922225963,4.03478752992601,"Suggestive",1.96089437864407
"Lcu.1GRN.Chr2p64154525",2,64154525,1.71120188053316e-07,0.328703703703704,NA,9.26332832271535e-05,"GLM","NYC","DTF_Sask_2017",6.76669875116635,4.03323294285604,"Suggestive",1.44635557736487
"Lcu.1GRN.Chr6p420713869",6,420713869,1.714175339772e-07,0.453703703703704,NA,9.26332832271535e-05,"GLM","NYC","DTF_Sask_2017",6.76594475697482,4.03323294285604,"Suggestive",1.29018652672985
"Lcu.1GRN.Chr2p54392806",2,54392806,1.7157014644872e-07,0.330246913580247,NA,9.26332832271535e-05,"GLM","NYC","DTF_Sask_2017",6.76555827802874,4.03323294285604,"Suggestive",1.34695304661803
"Lcu.1GRN.Chr2p561728322",2,561728322,1.71882384606057e-07,0.0802469135802469,NA,9.2637632862976e-05,"GLM","NYC","DTF_Sask_2017",6.76476862977247,4.03321255084982,"Suggestive",2.25381723695961
"Lcu.1GRN.Chr2p11339060",2,11339060,1.72374445036299e-07,0.0925925925925926,NA,9.2637632862976e-05,"GLM","NYC","DTF_Sask_2017",6.76352711903545,4.03321255084982,"Suggestive",-1.95426376383239
"Lcu.1GRN.Chr6p163740839",6,163740839,1.72955234722636e-07,0.199074074074074,NA,9.2637632862976e-05,"GLM","NYC","DTF_Sask_2017",6.7620662889445,4.03321255084982,"Suggestive",1.42290807135498
"Lcu.1GRN.Chr6p166431360",6,166431360,1.72955234722636e-07,0.199074074074074,NA,9.2637632862976e-05,"GLM","NYC","DTF_Sask_2017",6.7620662889445,4.03321255084982,"Suggestive",1.42290807135498
"Lcu.1GRN.Chr6p166432957",6,166432957,1.72955234722636e-07,0.199074074074074,NA,9.2637632862976e-05,"GLM","NYC","DTF_Sask_2017",6.7620662889445,4.03321255084982,"Suggestive",1.42290807135498
"Lcu.1GRN.Chr1p363515009",1,363515009,1.73176967625889e-07,0.082258064516129,NA,0.000119366838257003,"MLM","NYC","Cotyledon_Color_RvsY",6.76150986923632,3.92311630940715,"Suggestive",-0.223291584713992
"Lcu.1GRN.Chr1p437621516",1,437621516,1.74395970614368e-07,0.0879629629629629,NA,9.32317093074431e-05,"GLM","NYC","DTF_Sask_2017",6.75846355357869,4.03043635336378,"Suggestive",2.43855623351567
"Lcu.1GRN.Chr3p22786573",3,22786573,1.74618725569658e-07,0.300925925925926,NA,9.32317093074431e-05,"GLM","NYC","DTF_Sask_2017",6.75790918574207,4.03043635336378,"Suggestive",1.36378808855567
"Lcu.1GRN.Chr2p80978401",2,80978401,1.75847989258297e-07,0.253086419753086,NA,9.36215862010001e-05,"GLM","NYC","DTF_Sask_2017",6.75486259327834,4.02862400503184,"Suggestive",1.45206327139286
"Lcu.1GRN.Chr6p166673017",6,166673017,1.75905610476153e-07,0.208333333333333,NA,9.36215862010001e-05,"GLM","NYC","DTF_Sask_2017",6.75472030858133,4.02862400503184,"Suggestive",1.41466843907759
"Lcu.1GRN.Chr1p535824562",1,535824562,1.77627855875335e-07,0.236111111111111,NA,9.42930652559554e-05,"GLM","NYC","DTF_Sask_2017",6.7504889264836,4.02552024609424,"Suggestive",-1.59247317656116
"Lcu.1GRN.Chr7p9781464",7,9781464,1.77727908422276e-07,0.137345679012346,NA,9.42930652559554e-05,"GLM","NYC","DTF_Sask_2017",6.75024437004438,4.02552024609424,"Suggestive",1.68156756332314
"Lcu.1GRN.Chr1p434757288",1,434757288,1.78233930229865e-07,0.496913580246914,NA,9.44126179679199e-05,"GLM","NYC","DTF_Sask_2017",6.74900961618635,4.02496995964645,"Suggestive",-1.40252842229107
"Lcu.1GRN.Chr6p165554986",6,165554986,1.78713850493917e-07,0.200617283950617,NA,9.45179901715208e-05,"GLM","NYC","DTF_Sask_2017",6.74784178795333,4.02448552176987,"Suggestive",1.41832986061178
"Lcu.1GRN.Chr6p431596676",6,431596676,1.82156287589617e-07,0.332298136645963,NA,0.00218826299955916,"FarmCPU","NYC","DTF_Sask_2017_b",6.73955583337981,2.65990048289016,"Suggestive",0.229183278333238
"Lcu.1GRN.Chr6p164903832",6,164903832,1.82525375840065e-07,0.200617283950617,NA,9.63822811541526e-05,"GLM","NYC","DTF_Sask_2017",6.73867674862558,4.01600279912905,"Suggestive",1.45231313408436
"Lcu.1GRN.Chr2p63866955",2,63866955,1.8311990376759e-07,0.200617283950617,NA,9.65446593582961e-05,"GLM","NYC","DTF_Sask_2017",6.73726444856208,4.01527174545137,"Suggestive",1.52657518468959
"Lcu.1GRN.Chr3p427301686",3,427301686,1.83414649138517e-07,0.234567901234568,NA,9.6548725018428e-05,"GLM","NYC","DTF_Sask_2017",6.73656598062919,4.01525345695571,"Suggestive",-1.34216665568896
"Lcu.1GRN.Chr1p488852653",1,488852653,1.83717142728515e-07,0.0740740740740741,NA,9.65568502315036e-05,"GLM","NYC","DTF_Sask_2017",6.73585031759163,4.01521690974365,"Suggestive",2.43753642867637
"Lcu.1GRN.Chr1p559395774",1,559395774,1.86844541740024e-07,0.229938271604938,NA,9.80473291286533e-05,"GLM","NYC","DTF_Sask_2017",6.72851958460488,4.00856423229183,"Suggestive",1.55920850148343
"Lcu.1GRN.Chr2p218535446",2,218535446,1.87827675310864e-07,0.424382716049383,NA,9.84097066375222e-05,"GLM","NYC","DTF_Sask_2017",6.7262404165999,4.00696206283688,"Suggestive",2.11311211126383
"Lcu.1GRN.Chr1p437619525",1,437619525,1.88541761687894e-07,0.108024691358025,NA,9.86302126806716e-05,"GLM","NYC","DTF_Sask_2017",6.72459243929471,4.00599003038706,"Suggestive",2.16343340091686
"Lcu.1GRN.Chr1p559039489",1,559039489,1.89315977692246e-07,0.231481481481482,NA,9.88814401683348e-05,"GLM","NYC","DTF_Sask_2017",6.72281273135711,4.00488521688505,"Suggestive",1.43739002161612
"Lcu.1GRN.Chr1p374610453",1,374610453,1.91664722844133e-07,0.198387096774194,NA,0.000131839852410864,"MLM","NYC","Cotyledon_Color_RvsY",6.71745781452924,3.87995329182098,"Suggestive",-0.207230494576425
"Lcu.1GRN.Chr2p81006695",2,81006695,1.92232240477506e-07,0.330246913580247,NA,0.000100248964391779,"GLM","NYC","DTF_Sask_2017",6.71617377230099,3.99892010510438,"Suggestive",1.69825752960327
"Lcu.1GRN.Chr2p44466464",2,44466464,1.92837703536582e-07,0.273148148148148,NA,0.000100409039977538,"GLM","NYC","DTF_Sask_2017",6.71480804907935,3.99822718524256,"Suggestive",1.25216509759395
"Lcu.1GRN.Chr2p63108699",2,63108699,1.94457696396394e-07,0.302469135802469,NA,0.000101011217223308,"GLM","NYC","DTF_Sask_2017",6.71117486333505,3.99563039544823,"Suggestive",1.50083507696667
"Lcu.1GRN.Chr6p292192925",6,292192925,1.94878691164883e-07,0.0617283950617284,NA,0.000101011217223308,"GLM","NYC","DTF_Sask_2017",6.71023564582564,3.99563039544823,"Suggestive",-2.31384111828021
"Lcu.1GRN.Chr6p3365704",6,3365704,1.95062353566461e-07,0.240683229813665,NA,0.00226250133386517,"FarmCPU","NYC","DTF_Sask_2017_b",6.70982654001585,2.64541115608293,"Suggestive",-0.138334717961669
"Lcu.1GRN.Chr5p456048024",5,456048024,1.95154798762139e-07,0.447530864197531,NA,0.000101011217223308,"GLM","NYC","DTF_Sask_2017",6.70962076516012,3.99563039544823,"Suggestive",-1.39199654026365
"Lcu.1GRN.Chr1p535792522",1,535792522,1.95233265932887e-07,0.239197530864197,NA,0.000101011217223308,"GLM","NYC","DTF_Sask_2017",6.70944618062331,3.99563039544823,"Suggestive",-1.57315724394388
"Lcu.1GRN.Chr1p559262824",1,559262824,1.95796001479328e-07,0.197530864197531,NA,0.000101011217223308,"GLM","NYC","DTF_Sask_2017",6.70819618154818,3.99563039544823,"Suggestive",1.55266005079841
"Lcu.1GRN.Chr1p559350078",1,559350078,1.95796001479328e-07,0.197530864197531,NA,0.000101011217223308,"GLM","NYC","DTF_Sask_2017",6.70819618154818,3.99563039544823,"Suggestive",1.55266005079841
"Lcu.1GRN.Chr1p560221431",1,560221431,1.96801416443671e-07,0.199074074074074,NA,0.000101236649050463,"GLM","NYC","DTF_Sask_2017",6.70597178013508,3.99466223849381,"Suggestive",1.54271466515101
"Lcu.1GRN.Chr2p34022757",2,34022757,1.96834910912791e-07,0.0910493827160493,NA,0.000101236649050463,"GLM","NYC","DTF_Sask_2017",6.70589787200142,3.99466223849381,"Suggestive",1.92944655845855
"Lcu.1GRN.Chr1p559836852",1,559836852,1.9809533844117e-07,0.199074074074074,NA,0.000101729365962506,"GLM","NYC","DTF_Sask_2017",6.70312574411363,3.99255366227354,"Suggestive",1.55770447135401
"Lcu.1GRN.Chr2p54512308",2,54512308,1.9845524116279e-07,0.334876543209877,NA,0.000101758832475921,"GLM","NYC","DTF_Sask_2017",6.70233742697591,3.9924278845197,"Suggestive",1.35282411622775
"Lcu.1GRN.Chr3p410053209",3,410053209,1.99876179299433e-07,0.152777777777778,NA,0.000102331431967142,"GLM","NYC","DTF_Sask_2017",6.69923896083558,3.98999094856348,"Suggestive",1.88584829484319
"Lcu.1GRN.Chr1p371795426",1,371795426,1.99947157021545e-07,0.0935483870967742,NA,0.000137007917997978,"MLM","NYC","Cotyledon_Color_RvsY",6.69908476656738,3.86325433325628,"Suggestive",-0.33073478518212
"Lcu.1GRN.Chr1p357633165",1,357633165,1.99992531184709e-07,0.491935483870968,NA,0.000137007917997978,"MLM","NYC","Cotyledon_Color_RvsY",6.69898622296519,3.86325433325628,"Suggestive",-0.167549206332188
"Lcu.1GRN.Chr2p561720527",2,561720527,2.004600343999e-07,0.0817901234567902,NA,0.000102474377493907,"GLM","NYC","DTF_Sask_2017",6.69797219945121,3.98938471123329,"Suggestive",2.22883837688801
"Lcu.1GRN.Chr3p239208186",3,239208186,2.01205407436355e-07,0.461180124223602,0.695622329199924,0.00676788592831446,"BLINK","Kansas","DTF_Sask_2017_b",6.6963603517065,2.16954696987463,"Suggestive",NA
"Lcu.1GRN.Chr1p381602380",1,381602380,2.02972678472191e-07,0.37258064516129,NA,0.000138766892153771,"MLM","NYC","Cotyledon_Color_RvsY",6.69256241719676,3.85771413813224,"Suggestive",-0.211094986933615
"Lcu.1GRN.Chr2p48819707",2,48819707,2.0352329141544e-07,0.328703703703704,NA,0.000103875216248908,"GLM","NYC","DTF_Sask_2017",6.69138588248606,3.98348805908644,"Suggestive",1.45101888352808
"Lcu.1GRN.Chr4p412483522",4,412483522,2.03840549438529e-07,0.095679012345679,NA,0.000103875216248908,"GLM","NYC","DTF_Sask_2017",6.69070941873152,3.98348805908644,"Suggestive",1.96682479592766
"Lcu.1GRN.Chr2p44640365",2,44640365,2.0412679585253e-07,0.101851851851852,NA,0.000103875216248908,"GLM","NYC","DTF_Sask_2017",6.69009998143268,3.98348805908644,"Suggestive",2.05722713273082
"Lcu.1GRN.Chr1p283453538",1,283453538,2.04506850265315e-07,0.338709677419355,NA,0.000139532161669763,"MLM","NYC","Cotyledon_Color_RvsY",6.68929214006447,3.85532567750983,"Suggestive",0.221873063216271
"Lcu.1GRN.Chr1p439580720",1,439580720,2.05212122933959e-07,0.112654320987654,NA,0.000104170373759748,"GLM","NYC","DTF_Sask_2017",6.68779698679703,3.98225577760192,"Suggestive",2.13161738623796
"Lcu.1GRN.Chr2p49533688",2,49533688,2.05326199664989e-07,0.191358024691358,NA,0.000104170373759748,"GLM","NYC","DTF_Sask_2017",6.68755563102902,3.98225577760192,"Suggestive",1.58974144288513
"Lcu.1GRN.Chr4p439870776",4,439870776,2.08030980885977e-07,0.299382716049383,NA,0.000105383670101918,"GLM","NYC","DTF_Sask_2017",6.68187198318196,3.9772266807181,"Suggestive",-1.63601655663024
"Lcu.1GRN.Chr1p363528837",1,363528837,2.08390083215382e-07,0.0629032258064516,NA,0.000141893820082811,"MLM","NYC","Cotyledon_Color_RvsY",6.68112295191431,3.84803651900609,"Suggestive",-0.249938930875345
"Lcu.1GRN.Chr6p424282170",6,424282170,2.08395178274803e-07,0.188271604938272,NA,0.000105409414933475,"GLM","NYC","DTF_Sask_2017",6.68111233370683,3.97712059717806,"Suggestive",1.45256446972206
"Lcu.1GRN.Chr2p561145563",2,561145563,2.09263567657945e-07,0.429012345679012,NA,0.000105554291356722,"GLM","NYC","DTF_Sask_2017",6.67930637482594,3.97652410556183,"Suggestive",-1.27511880912209
"Lcu.1GRN.Chr7p7376126",7,7376126,2.09302467878672e-07,0.263975155279503,0.700781797799063,0.00673976217000149,"FarmCPU","Kansas","DTF_Sask_2017_b",6.67922565087885,2.17135542840212,"Suggestive",NA
"Lcu.1GRN.Chr1p445787487",1,445787487,2.09309213849556e-07,0.231481481481482,NA,0.000105554291356722,"GLM","NYC","DTF_Sask_2017",6.67921165347716,3.97652410556183,"Suggestive",1.59138833536218
"Lcu.1GRN.Chr1p374022434",1,374022434,2.11349921076107e-07,0.330645161290323,NA,0.000143618462429509,"MLM","NYC","Cotyledon_Color_RvsY",6.67499791001248,3.84278972711417,"Suggestive",-0.199273691321639
"Lcu.1GRN.Chr2p612964395",2,612964395,2.11838790742666e-07,0.20679012345679,NA,0.000106670027733141,"GLM","NYC","DTF_Sask_2017",6.67399451135334,3.97195759199701,"Suggestive",-1.68564401790042
"Lcu.1GRN.Chr2p63859728",2,63859728,2.16499607849652e-07,0.199074074074074,NA,0.000108529543358516,"GLM","NYC","DTF_Sask_2017",6.66454288595674,3.96445202429386,"Suggestive",1.52425027597883
"Lcu.1GRN.Chr2p64072548",2,64072548,2.16499607849652e-07,0.199074074074074,NA,0.000108529543358516,"GLM","NYC","DTF_Sask_2017",6.66454288595674,3.96445202429386,"Suggestive",1.52425027597883
"Lcu.1GRN.Chr2p64073000",2,64073000,2.16499607849652e-07,0.199074074074074,NA,0.000108529543358516,"GLM","NYC","DTF_Sask_2017",6.66454288595674,3.96445202429386,"Suggestive",1.52425027597883
"Lcu.1GRN.Chr2p10401713",2,10401713,2.18692774007337e-07,0.0679012345679012,NA,0.000108773149674632,"GLM","NYC","DTF_Sask_2017",6.66016556657638,3.96347829569723,"Suggestive",2.35774072834215
"Lcu.1GRN.Chr3p387941077",3,387941077,2.19251186359393e-07,0.0864197530864198,NA,0.000108773149674632,"GLM","NYC","DTF_Sask_2017",6.65905804800551,3.96347829569723,"Suggestive",1.95137951731516
"Lcu.1GRN.Chr3p387941114",3,387941114,2.19251186359393e-07,0.0864197530864198,NA,0.000108773149674632,"GLM","NYC","DTF_Sask_2017",6.65905804800551,3.96347829569723,"Suggestive",1.95137951731516
"Lcu.1GRN.Chr3p387941634",3,387941634,2.19251186359393e-07,0.0864197530864198,NA,0.000108773149674632,"GLM","NYC","DTF_Sask_2017",6.65905804800551,3.96347829569723,"Suggestive",1.95137951731516
"Lcu.1GRN.Chr2p45342842",2,45342842,2.20115117751355e-07,0.308641975308642,NA,0.000108773149674632,"GLM","NYC","DTF_Sask_2017",6.65735012859376,3.96347829569723,"Suggestive",1.40820815320691
"Lcu.1GRN.Chr2p49521064",2,49521064,2.20180371386566e-07,0.287037037037037,NA,0.000108773149674632,"GLM","NYC","DTF_Sask_2017",6.65722140007119,3.96347829569723,"Suggestive",1.528809106484
"Lcu.1GRN.Chr4p462728109",4,462728109,2.20406234470136e-07,0.236024844720497,-0.776981181322543,0.00673976217000149,"FarmCPU","Kansas","DTF_Sask_2017_b",6.65677612507577,2.17135542840212,"Suggestive",NA
"Lcu.1GRN.Chr2p561187904",2,561187904,2.20624957862099e-07,0.0617283950617284,NA,0.000108773149674632,"GLM","NYC","DTF_Sask_2017",6.65634536021545,3.96347829569723,"Suggestive",2.40915861800499
"Lcu.1GRN.Chr2p561699706",2,561699706,2.20624957862099e-07,0.0617283950617284,NA,0.000108773149674632,"GLM","NYC","DTF_Sask_2017",6.65634536021545,3.96347829569723,"Suggestive",2.40915861800499
"Lcu.1GRN.Chr2p562901066",2,562901066,2.20624957862099e-07,0.0617283950617284,NA,0.000108773149674632,"GLM","NYC","DTF_Sask_2017",6.65634536021545,3.96347829569723,"Suggestive",2.40915861800499
"Lcu.1GRN.Chr1p540886584",1,540886584,2.20757841101974e-07,0.404320987654321,NA,0.000108773149674632,"GLM","NYC","DTF_Sask_2017",6.65608386176244,3.96347829569723,"Suggestive",2.15654330767586
"Lcu.1GRN.Chr4p10982480",4,10982480,2.20762707358595e-07,0.277777777777778,NA,0.000108773149674632,"GLM","NYC","DTF_Sask_2017",6.65607428853462,3.96347829569723,"Suggestive",1.49926620910193
"Lcu.1GRN.Chr2p51503013",2,51503013,2.2086608147581e-07,0.373456790123457,NA,0.000108773149674632,"GLM","NYC","DTF_Sask_2017",6.65587097384757,3.96347829569723,"Suggestive",1.26534252027669
"Lcu.1GRN.Chr2p51502948",2,51502948,2.21594596929104e-07,0.208333333333333,NA,0.000108972382726977,"GLM","NYC","DTF_Sask_2017",6.65444083307936,3.9626835529676,"Suggestive",1.6158793620221
"Lcu.1GRN.Chr1p543166366",1,543166366,2.2315170420602e-07,0.0848765432098766,NA,0.000109577911370316,"GLM","NYC","DTF_Sask_2017",6.65139979211073,3.96027698177128,"Suggestive",2.14741183783906
"Lcu.1GRN.Chr6p1549942",6,1549942,2.23655972391103e-07,0.0833333333333334,NA,0.00010966543508058,"GLM","NYC","DTF_Sask_2017",6.65041950016573,3.95993023404061,"Suggestive",2.03881699121814
"Lcu.1GRN.Chr2p610339065",2,610339065,2.25387763804781e-07,0.226851851851852,NA,0.000110353720447923,"GLM","NYC","DTF_Sask_2017",6.64706966529218,3.95721302051985,"Suggestive",-1.56507543884089
"Lcu.1GRN.Chr6p158725440",6,158725440,2.26835832807578e-07,0.259259259259259,NA,0.000110901291531957,"GLM","NYC","DTF_Sask_2017",6.6442883397201,3.95506339612373,"Suggestive",2.19150567864506
"Lcu.1GRN.Chr2p151200453",2,151200453,2.3144891358093e-07,0.405864197530864,NA,0.000112992419034074,"GLM","NYC","DTF_Sask_2017",6.63554485345069,3.94695069352644,"Suggestive",1.40056468230165
"Lcu.1GRN.Chr2p43311619",2,43311619,2.32227805206756e-07,0.162037037037037,NA,0.000113060112936177,"GLM","NYC","DTF_Sask_2017",6.63408578233685,3.94669058505727,"Suggestive",1.81653028154449
"Lcu.1GRN.Chr2p63354565",2,63354565,2.32259817517468e-07,0.24537037037037,NA,0.000113060112936177,"GLM","NYC","DTF_Sask_2017",6.63402591951495,3.94669058505727,"Suggestive",1.39448912220664
"Lcu.1GRN.Chr7p54155334",7,54155334,2.32876757300084e-07,0.475308641975309,NA,0.000113196613038667,"GLM","NYC","DTF_Sask_2017",6.63287385487466,3.94616656749954,"Suggestive",1.32042599103832
"Lcu.1GRN.Chr6p211596643",6,211596643,2.33753454293371e-07,0.095679012345679,NA,0.00011345879965411,"GLM","NYC","DTF_Sask_2017",6.63124196261816,3.94516181539809,"Suggestive",1.92593261466192
"Lcu.1GRN.Chr3p427915399",3,427915399,2.35613560104921e-07,0.165123456790123,NA,0.000114196867970911,"GLM","NYC","DTF_Sask_2017",6.62779971851451,3.94234580713749,"Suggestive",-1.48502671735812
"Lcu.1GRN.Chr3p268506039",3,268506039,2.36991486246565e-07,0.334876543209877,NA,0.000114699446409062,"GLM","NYC","DTF_Sask_2017",6.62526725543526,3.9404386781935,"Suggestive",1.28290965471052
"Lcu.1GRN.Chr4p412476606",4,412476606,2.388107784939e-07,0.0833333333333334,NA,0.00011527590032822,"GLM","NYC","DTF_Sask_2017",6.62194607563821,3.9382614771671,"Suggestive",2.02662181856442
"Lcu.1GRN.Chr1p254231226",1,254231226,2.39520157393459e-07,0.337096774193548,NA,0.000162432816092673,"MLM","NYC","Cotyledon_Color_RvsY",6.62065793161739,3.78932622627571,"Suggestive",0.20949652222951
"Lcu.1GRN.Chr1p435830935",1,435830935,2.39601867055927e-07,0.481481481481482,NA,0.00011527590032822,"GLM","NYC","DTF_Sask_2017",6.62050980210523,3.9382614771671,"Suggestive",1.49094914456039
"Lcu.1GRN.Chr6p3363427",6,3363427,2.39613051564204e-07,0.256211180124224,NA,0.00251868510360927,"FarmCPU","NYC","DTF_Sask_2017_b",6.62048952990568,2.59882612639372,"Suggestive",-0.121521305326326
"Lcu.1GRN.Chr2p34022156",2,34022156,2.39643748637289e-07,0.0879629629629629,NA,0.00011527590032822,"GLM","NYC","DTF_Sask_2017",6.62043389555907,3.9382614771671,"Suggestive",1.91738243574304
"Lcu.1GRN.Chr2p561703597",2,561703597,2.39978803930216e-07,0.145061728395062,NA,0.00011527590032822,"GLM","NYC","DTF_Sask_2017",6.61982711554949,3.9382614771671,"Suggestive",2.00676700498951
"Lcu.1GRN.Chr1p530030808",1,530030808,2.40514787175956e-07,0.371913580246914,NA,0.00011527590032822,"GLM","NYC","DTF_Sask_2017",6.61885821745439,3.9382614771671,"Suggestive",-1.51369495290109
"Lcu.1GRN.Chr3p432880513",3,432880513,2.40516166912768e-07,0.140432098765432,NA,0.00011527590032822,"GLM","NYC","DTF_Sask_2017",6.61885572608838,3.9382614771671,"Suggestive",-1.69239579252542
"Lcu.1GRN.Chr2p48676618",2,48676618,2.40581513734731e-07,0.364197530864197,NA,0.00011527590032822,"GLM","NYC","DTF_Sask_2017",6.61873774686917,3.9382614771671,"Suggestive",1.57737058455149
"Lcu.1GRN.Chr6p420960952",6,420960952,2.42222681511847e-07,0.486111111111111,NA,0.000115870684734385,"GLM","NYC","DTF_Sask_2017",6.61578519234809,3.93602642657726,"Suggestive",-1.31343646936801
"Lcu.1GRN.Chr1p559039206",1,559039206,2.42511786391077e-07,0.239197530864197,NA,0.000115870684734385,"GLM","NYC","DTF_Sask_2017",6.61526714926702,3.93602642657726,"Suggestive",1.43475073428473
"Lcu.1GRN.Chr3p344549346",3,344549346,2.43166578148265e-07,0.248456790123457,NA,0.000116018740981556,"GLM","NYC","DTF_Sask_2017",6.61409611658365,3.93547185174318,"Suggestive",1.51980916840486
"Lcu.1GRN.Chr6p1320536",6,1320536,2.45129968173136e-07,0.0601851851851852,NA,0.00011678984703186,"GLM","NYC","DTF_Sask_2017",6.61060359116888,3.93259491038881,"Suggestive",2.32572892441971
"Lcu.1GRN.Chr2p40280620",2,40280620,2.47988278654005e-07,0.451863354037267,-0.730572258438399,0.00758318848418287,"BLINK","Kansas","DTF_Sask_2017_b",6.6055688459326,2.12014814925896,"Suggestive",NA
"Lcu.1GRN.Chr3p427915394",3,427915394,2.4807443039055e-07,0.16820987654321,NA,0.000118025533136037,"GLM","NYC","DTF_Sask_2017",6.60541799716497,3.92802402913,"Suggestive",-1.48240797520188
"Lcu.1GRN.Chr1p354744070",1,354744070,2.48488223854613e-07,0.245161290322581,NA,0.000168175529966408,"MLM","NYC","Cotyledon_Color_RvsY",6.60469418816262,3.77423719506408,"Suggestive",-0.192533502341745
"Lcu.1GRN.Chr6p417769028",6,417769028,2.48635401346624e-07,0.246913580246914,NA,0.000118125344695989,"GLM","NYC","DTF_Sask_2017",6.60443703532872,3.92765691118662,"Suggestive",1.44814296485924
"Lcu.1GRN.Chr3p345193745",3,345193745,2.49279732310043e-07,0.175925925925926,NA,0.000118264422733332,"GLM","NYC","DTF_Sask_2017",6.603313030376,3.9271458837272,"Suggestive",1.68469902490176
"Lcu.1GRN.Chr3p433424844",3,433424844,2.50609250908628e-07,0.29320987654321,NA,0.000118727720986454,"GLM","NYC","DTF_Sask_2017",6.60100290164029,3.92544786852749,"Suggestive",1.43939163038169
"Lcu.1GRN.Chr1p543371591",1,543371591,2.51317356309835e-07,0.257716049382716,NA,0.000118787922765636,"GLM","NYC","DTF_Sask_2017",6.59977751741897,3.92522771207256,"Suggestive",-1.48790141048633
"Lcu.1GRN.Chr2p38932963",2,38932963,2.51442623709023e-07,0.16820987654321,NA,0.000118787922765636,"GLM","NYC","DTF_Sask_2017",6.59956110026758,3.92522771207256,"Suggestive",1.52242548640641
"Lcu.1GRN.Chr6p419986686",6,419986686,2.52781044731946e-07,0.327160493827161,NA,0.000119099531161823,"GLM","NYC","DTF_Sask_2017",6.59725549556751,3.92408994812456,"Suggestive",1.2784412666562
"Lcu.1GRN.Chr1p543144436",1,543144436,2.52810368584141e-07,0.109567901234568,NA,0.000119099531161823,"GLM","NYC","DTF_Sask_2017",6.59720511818026,3.92408994812456,"Suggestive",1.90333342856991
"Lcu.1GRN.Chr4p412483486",4,412483486,2.53997697333962e-07,0.0972222222222222,NA,0.000119491529313472,"GLM","NYC","DTF_Sask_2017",6.59517022054418,3.92266288051339,"Suggestive",1.94449906440144
"Lcu.1GRN.Chr2p52323063",2,52323063,2.55225799382698e-07,0.197530864197531,NA,0.000119901587235977,"GLM","NYC","DTF_Sask_2017",6.59307542727368,3.92117506774966,"Suggestive",-1.7868485175766
"Lcu.1GRN.Chr2p86496173",2,86496173,2.56792166476443e-07,0.304012345679012,NA,0.000120469191996069,"GLM","NYC","DTF_Sask_2017",6.59041822868708,3.91912400252301,"Suggestive",1.42483104643441
"Lcu.1GRN.Chr1p361279443",1,361279443,2.59141979824452e-07,0.143548387096774,NA,0.000175033755677935,"MLM","NYC","Cotyledon_Color_RvsY",6.58646222758032,3.75687818850816,"Suggestive",-0.177397261721184
"Lcu.1GRN.Chr2p48027137",2,48027137,2.59428190480709e-07,0.310185185185185,NA,0.000121444530596406,"GLM","NYC","DTF_Sask_2017",6.58598283355261,3.91562203940383,"Suggestive",1.54419720590579
"Lcu.1GRN.Chr6p165813053",6,165813053,2.59657716995395e-07,0.20679012345679,NA,0.000121444530596406,"GLM","NYC","DTF_Sask_2017",6.58559876569856,3.91562203940383,"Suggestive",1.40134209229029
"Lcu.1GRN.Chr2p561717174",2,561717174,2.59954341625106e-07,0.205246913580247,NA,0.000121444530596406,"GLM","NYC","DTF_Sask_2017",6.58510292480443,3.91562203940383,"Suggestive",1.76582099269913
"Lcu.1GRN.Chr2p3013341",2,3013341,2.60584931992659e-07,0.490740740740741,-0.7432539385735,0.0125217388313678,"FarmCPU","Kansas","DTF_Sask_2017",6.58405070044859,1.90233535863097,"Suggestive",NA
"Lcu.1GRN.Chr2p17508955",2,17508955,2.61627329481314e-07,0.274691358024691,NA,0.000122056587982859,"GLM","NYC","DTF_Sask_2017",6.58231689175836,3.91343877464592,"Suggestive",-1.79493972675178
"Lcu.1GRN.Chr2p1033604",2,1033604,2.62416057730712e-07,0.407407407407407,NA,0.0001222549890453,"GLM","NYC","DTF_Sask_2017",6.58100959318942,3.91273340892718,"Suggestive",1.72582374412798
"Lcu.1GRN.Chr3p26025613",3,26025613,2.66867657313267e-07,0.0987654320987654,NA,0.000123954430967433,"GLM","NYC","DTF_Sask_2017",6.57370405679137,3.90673794400458,"Suggestive",1.80784182034091
"Lcu.1GRN.Chr1p528043920",1,528043920,2.67123436533021e-07,0.498456790123457,NA,0.000123954430967433,"GLM","NYC","DTF_Sask_2017",6.57328800673548,3.90673794400458,"Suggestive",1.34212044225524
"Lcu.1GRN.Chr1p560221722",1,560221722,2.67537888325419e-07,0.197530864197531,NA,0.000123954430967433,"GLM","NYC","DTF_Sask_2017",6.57261470513637,3.90673794400458,"Suggestive",1.52034994368375
"Lcu.1GRN.Chr1p560222073",1,560222073,2.67537888325419e-07,0.197530864197531,NA,0.000123954430967433,"GLM","NYC","DTF_Sask_2017",6.57261470513637,3.90673794400458,"Suggestive",1.52034994368375
"Lcu.1GRN.Chr1p543145034",1,543145034,2.71695014618949e-07,0.0756172839506173,NA,0.00012570734110362,"GLM","NYC","DTF_Sask_2017",6.56591833045714,3.9006393594843,"Suggestive",2.05802023303681
"Lcu.1GRN.Chr4p5743629",4,5743629,2.72449260787921e-07,0.310185185185185,NA,0.000125713164506512,"GLM","NYC","DTF_Sask_2017",6.56471436609044,3.90061924122277,"Suggestive",-1.33678870356547
"Lcu.1GRN.Chr2p65193810",2,65193810,2.72455077118884e-07,0.257716049382716,NA,0.000125713164506512,"GLM","NYC","DTF_Sask_2017",6.56470509473667,3.90061924122277,"Suggestive",1.39926104456325
"Lcu.1GRN.Chr2p63106327",2,63106327,2.72843632097837e-07,0.287037037037037,NA,0.000125719991777881,"GLM","NYC","DTF_Sask_2017",6.56408617776884,3.90059565605742,"Suggestive",1.37641372232301
"Lcu.1GRN.Chr6p276826232",6,276826232,2.73227004374682e-07,0.248447204968944,-0.859050770928812,0.00765871231504156,"BLINK","Kansas","DTF_Sask_2017_b",6.56347637939998,2.11584424361573,"Suggestive",NA
"Lcu.1GRN.Chr2p54393339",2,54393339,2.74271483478213e-07,0.330246913580247,NA,0.000126172313674368,"GLM","NYC","DTF_Sask_2017",6.56181934446203,3.89903593302834,"Suggestive",1.30903747638438
"Lcu.1GRN.Chr2p151200585",2,151200585,2.74575489300785e-07,0.402777777777778,NA,0.000126172313674368,"GLM","NYC","DTF_Sask_2017",6.56133823380182,3.89903593302834,"Suggestive",1.40139241973301
"Lcu.1GRN.Chr3p427321077",3,427321077,2.75146113244368e-07,0.219135802469136,NA,0.000126262036389725,"GLM","NYC","DTF_Sask_2017",6.56043661771906,3.89872721052832,"Suggestive",-1.2899794937417
"Lcu.1GRN.Chr7p51917984",7,51917984,2.75793492332637e-07,0.452160493827161,NA,0.000126384192225332,"GLM","NYC","DTF_Sask_2017",6.55941598572134,3.8983072429732,"Suggestive",1.32732406914057
"Lcu.1GRN.Chr4p390519812",4,390519812,2.76163777319473e-07,0.109567901234568,NA,0.000126384192225332,"GLM","NYC","DTF_Sask_2017",6.55883328572088,3.8983072429732,"Suggestive",1.83534537860135
"Lcu.1GRN.Chr2p410091637",2,410091637,2.77840380245614e-07,0.0756172839506173,NA,0.000126978716279995,"GLM","NYC","DTF_Sask_2017",6.55620463533198,3.8962690678376,"Suggestive",3.01984684185868
"Lcu.1GRN.Chr5p1682459",5,1682459,2.78102517263365e-07,0.16820987654321,NA,0.00519691719024036,"MLM","NYC","DTF_Nepal_2017",6.55579508007277,2.2842542033442,"Suggestive",6.32020340304617
"Lcu.1GRN.Chr5p458387580",5,458387580,2.78404887463316e-07,0.273148148148148,NA,0.000127064066189109,"GLM","NYC","DTF_Sask_2017",6.55532314485272,3.8959772508799,"Suggestive",-1.48194734318756
"Lcu.1GRN.Chr6p420958092",6,420958092,2.79037637474084e-07,0.487654320987654,NA,0.000127180288623639,"GLM","NYC","DTF_Sask_2017",6.55433721376986,3.89558019376103,"Suggestive",-1.3424005691362
"Lcu.1GRN.Chr2p151093380",2,151093380,2.81819084194388e-07,0.416666666666667,NA,0.000128274208245215,"GLM","NYC","DTF_Sask_2017",6.5500296007239,3.89186065728685,"Suggestive",1.38981845532614
"Lcu.1GRN.Chr1p371693824",1,371693824,2.84006779896339e-07,0.212903225806452,NA,0.000191443904876537,"MLM","NYC","Cotyledon_Color_RvsY",6.54667129221908,3.7179584560106,"Suggestive",-0.200841564581177
"Lcu.1GRN.Chr3p427915390",3,427915390,2.8517311939736e-07,0.169753086419753,NA,0.00012962544142207,"GLM","NYC","DTF_Sask_2017",6.54489141376962,3.88730975166873,"Suggestive",-1.47303120339205
"Lcu.1GRN.Chr6p166676985",6,166676985,2.86182051723074e-07,0.202160493827161,NA,0.000129820175599763,"GLM","NYC","DTF_Sask_2017",6.54335760706141,3.88665780776108,"Suggestive",1.39960361591011
"Lcu.1GRN.Chr2p65209426",2,65209426,2.86373426332024e-07,0.253086419753086,NA,0.000129820175599763,"GLM","NYC","DTF_Sask_2017",6.54306728431393,3.88665780776108,"Suggestive",1.38916037123573
"Lcu.1GRN.Chr4p439870735",4,439870735,2.875545809411e-07,0.299382716049383,NA,0.00013015813018789,"GLM","NYC","DTF_Sask_2017",6.54127970940309,3.88552869896882,"Suggestive",-1.61384844683508
"Lcu.1GRN.Chr6p292196020",6,292196020,2.89053692099266e-07,0.058641975308642,NA,0.00013015813018789,"GLM","NYC","DTF_Sask_2017",6.53902147898529,3.88552869896882,"Suggestive",-2.30915859362369
"Lcu.1GRN.Chr6p292197122",6,292197122,2.89053692099266e-07,0.058641975308642,NA,0.00013015813018789,"GLM","NYC","DTF_Sask_2017",6.53902147898529,3.88552869896882,"Suggestive",-2.30915859362369
"Lcu.1GRN.Chr6p292273384",6,292273384,2.89053692099266e-07,0.058641975308642,NA,0.00013015813018789,"GLM","NYC","DTF_Sask_2017",6.53902147898529,3.88552869896882,"Suggestive",-2.30915859362369
"Lcu.1GRN.Chr6p292273464",6,292273464,2.89053692099266e-07,0.058641975308642,NA,0.00013015813018789,"GLM","NYC","DTF_Sask_2017",6.53902147898529,3.88552869896882,"Suggestive",-2.30915859362369
"Lcu.1GRN.Chr7p6682295",7,6682295,2.90423519294061e-07,0.432098765432099,NA,0.000130431346888758,"GLM","NYC","DTF_Sask_2017",6.53696821618811,3.88461802099087,"Suggestive",-1.25062137239577
"Lcu.1GRN.Chr2p48293861",2,48293861,2.90435978617641e-07,0.33641975308642,NA,0.000130431346888758,"GLM","NYC","DTF_Sask_2017",6.53694958512328,3.88461802099087,"Suggestive",1.59226382668103
"Lcu.1GRN.Chr1p35450104",1,35450104,2.92360690756176e-07,0.496774193548387,-0.0353748298350277,0.00546336047042126,"BLINK","Kansas","Cotyledon_Color_RvsY",6.53408102068586,2.26254014395729,"Suggestive",NA
"Lcu.1GRN.Chr1p361416379",1,361416379,2.93911980256857e-07,0.154838709677419,NA,0.000197724582126116,"MLM","NYC","Cotyledon_Color_RvsY",6.53178271112574,3.70393933362989,"Suggestive",-0.17795335613459
"Lcu.1GRN.Chr1p434775151",1,434775151,2.95786823986835e-07,0.5,NA,0.000132507365367731,"GLM","NYC","DTF_Sask_2017",6.52902117583358,3.87775998097502,"Suggestive",1.3744579793899
"Lcu.1GRN.Chr3p191864461",3,191864461,2.96025654751357e-07,0.37037037037037,NA,0.000132507365367731,"GLM","NYC","DTF_Sask_2017",6.52867064963653,3.87775998097502,"Suggestive",-2.0523972073064
"Lcu.1GRN.Chr1p446496337",1,446496337,2.96240531195194e-07,0.262345679012346,NA,0.000132507365367731,"GLM","NYC","DTF_Sask_2017",6.52835552221525,3.87775998097502,"Suggestive",1.58891036252652
"Lcu.1GRN.Chr1p558488210",1,558488210,2.97017974031097e-07,0.253086419753086,NA,0.000132678678447434,"GLM","NYC","DTF_Sask_2017",6.52721726857394,3.87719886294277,"Suggestive",1.4838453007018
"Lcu.1GRN.Chr1p407955840",1,407955840,3.00032230520469e-07,0.388709677419355,NA,0.000201439004557841,"MLM","NYC","Cotyledon_Color_RvsY",6.52283208932924,3.69585643336461,"Suggestive",0.178466727326835
"Lcu.1GRN.Chr3p345027071",3,345027071,3.00214141138134e-07,0.177469135802469,NA,0.000133928554392852,"GLM","NYC","DTF_Sask_2017",6.52256885481888,3.87312681885678,"Suggestive",1.68084612836276
"Lcu.1GRN.Chr2p11153005",2,11153005,3.01250678256833e-07,0.0725308641975309,NA,0.000134212962772472,"GLM","NYC","DTF_Sask_2017",6.52107196661502,3.87220553641234,"Suggestive",2.17993032128555
"Lcu.1GRN.Chr6p20799044",6,20799044,3.01643189321517e-07,0.169753086419753,-0.916210878117343,0.0126828518328138,"FarmCPU","Kansas","DTF_Sask_2017",6.52050647599477,1.89678308115484,"Suggestive",NA
"Lcu.1GRN.Chr1p559042691",1,559042691,3.03981443495008e-07,0.367283950617284,NA,0.000135250431486886,"GLM","NYC","DTF_Sask_2017",6.51715292702841,3.86886134069774,"Suggestive",1.47322327824102
"Lcu.1GRN.Chr5p457713525",5,457713525,3.06465649386234e-07,0.29320987654321,NA,0.000136175602492866,"GLM","NYC","DTF_Sask_2017",6.51361819689775,3.86590069456595,"Suggestive",1.48875961295431
"Lcu.1GRN.Chr3p262980645",3,262980645,3.08208901672809e-07,0.444444444444444,NA,0.000136769529853532,"GLM","NYC","DTF_Sask_2017",6.51115482216675,3.86401064596693,"Suggestive",1.35258461951352
"Lcu.1GRN.Chr6p396744138",6,396744138,3.08213948922078e-07,0.0895061728395061,NA,0.0054564737556354,"MLM","NYC","DTF_Nepal_2017",6.51114771018995,2.2630879293109,"Suggestive",6.36121428760033
"Lcu.1GRN.Chr6p424248959",6,424248959,3.09394846268832e-07,0.259259259259259,NA,0.000137114909426756,"GLM","NYC","DTF_Sask_2017",6.50948692481781,3.86291531888141,"Suggestive",1.35445897588154
"Lcu.1GRN.Chr6p292192791",6,292192791,3.09885955054247e-07,0.0648148148148148,NA,0.00013715185400491,"GLM","NYC","DTF_Sask_2017",6.50879810682191,3.86279831727083,"Suggestive",-2.24268979950796
"Lcu.1GRN.Chr2p40068785",2,40068785,3.10499131363869e-07,0.344135802469136,NA,0.000137233407726119,"GLM","NYC","DTF_Sask_2017",6.50793961044523,3.86254015229565,"Suggestive",1.33623892920833
"Lcu.1GRN.Chr6p237011135",6,237011135,3.10886194803005e-07,0.101851851851852,NA,0.000137233407726119,"GLM","NYC","DTF_Sask_2017",6.50739856278792,3.86254015229565,"Suggestive",1.87530239129245
"Lcu.1GRN.Chr1p361415730",1,361415730,3.11329818916549e-07,0.112903225806452,-0.231641039968224,0.0116356752443892,"FarmCPU","Kansas","Cotyledon_Color_RvsY",6.50677928095348,1.93420840856093,"Suggestive",NA
"Lcu.1GRN.Chr1p374029373",1,374029373,3.1205873887853e-07,0.330645161290323,NA,0.000209096139084372,"MLM","NYC","Cotyledon_Color_RvsY",6.50576365095016,3.67965398626331,"Suggestive",-0.195305367581479
"Lcu.1GRN.Chr5p458483396",5,458483396,3.14246574049436e-07,0.287037037037037,NA,0.000138534963791988,"GLM","NYC","DTF_Sask_2017",6.5027294483422,3.8584406044652,"Suggestive",-1.46900036788099
"Lcu.1GRN.Chr1p361411334",1,361411334,3.16843406305663e-07,0.0709677419354838,NA,0.000211880051786912,"MLM","NYC","Cotyledon_Color_RvsY",6.49915532636378,3.67390992958783,"Suggestive",-0.229822313803483
"Lcu.1GRN.Chr4p473634011",4,473634011,3.18358439921969e-07,0.452160493827161,NA,0.00014009556419366,"GLM","NYC","DTF_Sask_2017",6.49708363217378,3.85357561544024,"Suggestive",1.26395001140203
"Lcu.1GRN.Chr6p5370272",6,5370272,3.18619563179949e-07,0.114197530864197,NA,0.00014009556419366,"GLM","NYC","DTF_Sask_2017",6.49672756211849,3.85357561544024,"Suggestive",1.76030005532718
"Lcu.1GRN.Chr1p434776557",1,434776557,3.20614790807963e-07,0.46141975308642,NA,0.000140692284328461,"GLM","NYC","DTF_Sask_2017",6.49401644636706,3.85172971895086,"Suggestive",1.45621154114738
"Lcu.1GRN.Chr1p364998923",1,364998923,3.21337922918969e-07,0.391935483870968,NA,0.000214459272060486,"MLM","NYC","Cotyledon_Color_RvsY",6.49303801785786,3.66865517247152,"Suggestive",-0.149696797896405
"Lcu.1GRN.Chr2p51759163",2,51759163,3.21622428471384e-07,0.165123456790123,NA,0.000140692284328461,"GLM","NYC","DTF_Sask_2017",6.4926536731645,3.85172971895086,"Suggestive",1.55134611767471
"Lcu.1GRN.Chr2p37104443",2,37104443,3.21649765430577e-07,0.186728395061728,NA,0.000140692284328461,"GLM","NYC","DTF_Sask_2017",6.4926167609813,3.85172971895086,"Suggestive",1.47614518678176
"Lcu.1GRN.Chr2p37298382",2,37298382,3.21649765430577e-07,0.186728395061728,NA,0.000140692284328461,"GLM","NYC","DTF_Sask_2017",6.4926167609813,3.85172971895086,"Suggestive",1.47614518678176
"Lcu.1GRN.Chr5p458483547",5,458483547,3.23252826128493e-07,0.285493827160494,NA,0.000140990429899036,"GLM","NYC","DTF_Sask_2017",6.49045766948966,3.85081036523891,"Suggestive",-1.47267641534688
"Lcu.1GRN.Chr2p320875910",2,320875910,3.23487004790626e-07,0.108024691358025,NA,0.000140990429899036,"GLM","NYC","DTF_Sask_2017",6.49014316124283,3.85081036523891,"Suggestive",-1.8946953557363
"Lcu.1GRN.Chr6p283743620",6,283743620,3.2358885349055e-07,0.0570987654320988,NA,0.000140990429899036,"GLM","NYC","DTF_Sask_2017",6.49000644673505,3.85081036523891,"Suggestive",-2.34176034429112
"Lcu.1GRN.Chr1p439819971",1,439819971,3.25007779460426e-07,0.114197530864197,NA,0.000141255484495801,"GLM","NYC","DTF_Sask_2017",6.48810624352482,3.8499946809243,"Suggestive",2.11178564937927
"Lcu.1GRN.Chr2p43025595",2,43025595,3.25037072601504e-07,0.192901234567901,NA,0.000141255484495801,"GLM","NYC","DTF_Sask_2017",6.48806710207328,3.8499946809243,"Suggestive",1.81793066551091
"Lcu.1GRN.Chr4p1356258",4,1356258,3.26792834376441e-07,0.137345679012346,NA,0.000141830118312821,"GLM","NYC","DTF_Sask_2017",6.4857274748596,3.84823153482192,"Suggestive",-1.77615755908118
"Lcu.1GRN.Chr6p5348232",6,5348232,3.27324777619931e-07,0.111111111111111,NA,0.000141830118312821,"GLM","NYC","DTF_Sask_2017",6.48502111850404,3.84823153482192,"Suggestive",1.75279579416056
"Lcu.1GRN.Chr4p390820223",4,390820223,3.27624297059646e-07,0.347222222222222,NA,0.000141830118312821,"GLM","NYC","DTF_Sask_2017",6.48462389785288,3.84823153482192,"Suggestive",1.4246331959791
"Lcu.1GRN.Chr2p10537858",2,10537858,3.29952770459622e-07,0.233024691358025,NA,0.000142624104309583,"GLM","NYC","DTF_Sask_2017",6.48154822071821,3.84580706996813,"Suggestive",1.31135937206101
"Lcu.1GRN.Chr4p390520410",4,390520410,3.30306413105819e-07,0.100308641975309,NA,0.000142624104309583,"GLM","NYC","DTF_Sask_2017",6.48108299412745,3.84580706996813,"Suggestive",1.85162797141516
"Lcu.1GRN.Chr6p421655691",6,421655691,3.31050570308869e-07,0.24537037037037,NA,0.000142762163055235,"GLM","NYC","DTF_Sask_2017",6.48010565961235,3.84538688047096,"Suggestive",-1.52186356268732
"Lcu.1GRN.Chr2p579643744",2,579643744,3.33802090108339e-07,0.371913580246914,NA,0.000143764414396251,"GLM","NYC","DTF_Sask_2017",6.47651094830484,3.84234860035026,"Suggestive",1.5409371267265
"Lcu.1GRN.Chr1p434778673",1,434778673,3.36503899676566e-07,0.25462962962963,NA,0.000144742720233385,"GLM","NYC","DTF_Sask_2017",6.47300989845873,3.8394032696867,"Suggestive",2.2099827146161
"Lcu.1GRN.Chr1p528044106",1,528044106,3.37825115640395e-07,0.49537037037037,NA,0.000145125441472047,"GLM","NYC","DTF_Sask_2017",6.47130806590012,3.83825644612619,"Suggestive",1.32849013091725
"Lcu.1GRN.Chr4p390522351",4,390522351,3.38761561577825e-07,0.114197530864197,NA,0.000145342104825572,"GLM","NYC","DTF_Sask_2017",6.47010587384811,3.83760855470068,"Suggestive",1.80806762949913
"Lcu.1GRN.Chr2p561717172",2,561717172,3.40319971641075e-07,0.202160493827161,NA,0.000145536343215519,"GLM","NYC","DTF_Sask_2017",6.46811256363118,3.83702854147498,"Suggestive",1.75284033640003
"Lcu.1GRN.Chr2p561717173",2,561717173,3.40319971641075e-07,0.202160493827161,NA,0.000145536343215519,"GLM","NYC","DTF_Sask_2017",6.46811256363118,3.83702854147498,"Suggestive",1.75284033640003
"Lcu.1GRN.Chr7p7501409",7,7501409,3.4051230385446e-07,0.0910493827160493,NA,0.000145536343215519,"GLM","NYC","DTF_Sask_2017",6.4678671909478,3.83702854147498,"Suggestive",-2.01415645210346
"Lcu.1GRN.Chr2p45760942",2,45760942,3.42411377081558e-07,0.378086419753086,NA,0.000146162294003544,"GLM","NYC","DTF_Sask_2017",6.46545181373304,3.83516464939072,"Suggestive",1.47591049649853
"Lcu.1GRN.Chr1p374024265",1,374024265,3.43557246040433e-07,0.335483870967742,NA,0.000228834297383926,"MLM","NYC","Cotyledon_Color_RvsY",6.46400088722731,3.6404788835141,"Suggestive",-0.1947247402908
"Lcu.1GRN.Chr6p417301983",6,417301983,3.44619268408978e-07,0.307098765432099,NA,0.000146918313633616,"GLM","NYC","DTF_Sask_2017",6.46266044386492,3.83292406524247,"Suggestive",1.49038738287626
"Lcu.1GRN.Chr6p22498924",6,22498924,3.46116657622905e-07,0.297839506172839,2.77675089389571,0.0141439245203043,"FarmCPU","Kansas","DTF_Nepal_2017",6.46077749882889,1.84943006995705,"Suggestive",NA
"Lcu.1GRN.Chr7p645201242",7,645201242,3.46468775102614e-07,0.100308641975309,NA,0.000147446678054244,"GLM","NYC","DTF_Sask_2017",6.46033589932544,3.83136500757446,"Suggestive",1.82610826887731
"Lcu.1GRN.Chr1p540113999",1,540113999,3.4749417369103e-07,0.285493827160494,NA,0.000147446678054244,"GLM","NYC","DTF_Sask_2017",6.45905247267113,3.83136500757446,"Suggestive",-1.58448616115345
"Lcu.1GRN.Chr1p439146315",1,439146315,3.47610325380418e-07,0.149691358024691,NA,0.000147446678054244,"GLM","NYC","DTF_Sask_2017",6.45890733179432,3.83136500757446,"Suggestive",1.95308046177314
"Lcu.1GRN.Chr2p63865925",2,63865925,3.47612030005962e-07,0.200617283950617,NA,0.000147446678054244,"GLM","NYC","DTF_Sask_2017",6.45890520208873,3.83136500757446,"Suggestive",1.48780040674419
"Lcu.1GRN.Chr1p372693400",1,372693400,3.48490060582874e-07,0.17258064516129,NA,0.000231661178276837,"MLM","NYC","Cotyledon_Color_RvsY",6.45780960406689,3.63514673907481,"Suggestive",-0.190021970018531
"Lcu.1GRN.Chr3p135248396",3,135248396,3.49967475034687e-07,0.486111111111111,NA,0.000148258828306036,"GLM","NYC","DTF_Sask_2017",6.4559723158478,3.82897943644302,"Suggestive",1.20640158008401
"Lcu.1GRN.Chr6p3363136",6,3363136,3.51490110286196e-07,0.260869565217391,NA,0.00336942247572989,"FarmCPU","NYC","DTF_Sask_2017_b",6.45408689001416,2.47244453150182,"Suggestive",-0.07291845918013
"Lcu.1GRN.Chr1p374603866",1,374603866,3.51523853189377e-07,0.432258064516129,NA,0.000233217009715485,"MLM","NYC","Cotyledon_Color_RvsY",6.45404519992711,3.63223977742858,"Suggestive",-0.151534341635763
"Lcu.1GRN.Chr6p210954859",6,210954859,3.51831922264464e-07,0.171296296296296,NA,0.000148861192699787,"GLM","NYC","DTF_Sask_2017",6.45366475886846,3.82721850569306,"Suggestive",-1.91071115647401
"Lcu.1GRN.Chr4p412483548",4,412483548,3.56320041312277e-07,0.0910493827160493,NA,0.00015057073283428,"GLM","NYC","DTF_Sask_2017",6.44815974995728,3.82225943586308,"Suggestive",1.97883318606273
"Lcu.1GRN.Chr2p49588843",2,49588843,3.56934515942163e-07,0.233024691358025,NA,0.000150641144697512,"GLM","NYC","DTF_Sask_2017",6.44741145328161,3.82205639284585,"Suggestive",1.60786985606074
"Lcu.1GRN.Chr1p363985977",1,363985977,3.58559447189874e-07,0.117741935483871,NA,0.000237416467663221,"MLM","NYC","Cotyledon_Color_RvsY",6.44543883038335,3.62448916083539,"Suggestive",-0.192749605363135
"Lcu.1GRN.Chr1p437368329",1,437368329,3.60615664218773e-07,0.281055900621118,NA,0.00336942247572989,"FarmCPU","NYC","DTF_Sask_2017_b",6.44295541256641,2.47244453150182,"Suggestive",34.5
"Lcu.1GRN.Chr1p437368794",1,437368794,3.60615664218773e-07,0.281055900621118,NA,0.00336942247572989,"FarmCPU","NYC","DTF_Sask_2017_b",6.44295541256641,2.47244453150182,"Suggestive",34.5
"Lcu.1GRN.Chr1p437369245",1,437369245,3.60615664218773e-07,0.281055900621118,NA,0.00336942247572989,"FarmCPU","NYC","DTF_Sask_2017_b",6.44295541256641,2.47244453150182,"Suggestive",34.5
"Lcu.1GRN.Chr2p38934754",2,38934754,3.62488830974814e-07,0.188271604938272,NA,0.000152793584722438,"GLM","NYC","DTF_Sask_2017",6.44070537039157,3.81589487991042,"Suggestive",1.46947183035664
"Lcu.1GRN.Chr2p44214041",2,44214041,3.65168973337037e-07,0.0864197530864198,NA,0.000153572208600804,"GLM","NYC","DTF_Sask_2017",6.43750612949738,3.81368736987319,"Suggestive",2.09144761438858
"Lcu.1GRN.Chr2p150477096",2,150477096,3.65249167964286e-07,0.384259259259259,NA,0.000153572208600804,"GLM","NYC","DTF_Sask_2017",6.43741076471312,3.81368736987319,"Suggestive",1.41920228908494
"Lcu.1GRN.Chr4p386462138",4,386462138,3.65828950517455e-07,0.496913580246914,NA,0.000153623953306748,"GLM","NYC","DTF_Sask_2017",6.43672192884191,3.81354106309427,"Suggestive",1.67289823755399
"Lcu.1GRN.Chr2p150087128",2,150087128,3.66291238076396e-07,0.399691358024691,NA,0.000153626290371625,"GLM","NYC","DTF_Sask_2017",6.43617346981644,3.81353445626873,"Suggestive",1.36739505720902
"Lcu.1GRN.Chr2p568893961",2,568893961,3.69209176363734e-07,0.0555555555555556,NA,0.000154657264042267,"GLM","NYC","DTF_Sask_2017",6.43272751351122,3.81062967695802,"Suggestive",2.50702514998727
"Lcu.1GRN.Chr6p5288314",6,5288314,3.69778972140452e-07,0.117283950617284,NA,0.000154703287962646,"GLM","NYC","DTF_Sask_2017",6.43205778907469,3.81050045599126,"Suggestive",1.69906661615536
"Lcu.1GRN.Chr2p613323029",2,613323029,3.72059924489849e-07,0.203703703703704,NA,0.000155191125017732,"GLM","NYC","DTF_Sask_2017",6.42938710641015,3.80913311855485,"Suggestive",-1.65778464467263
"Lcu.1GRN.Chr2p613375258",2,613375258,3.72059924489849e-07,0.203703703703704,NA,0.000155191125017732,"GLM","NYC","DTF_Sask_2017",6.42938710641015,3.80913311855485,"Suggestive",-1.65778464467263
"Lcu.1GRN.Chr2p10506289",2,10506289,3.72365423649333e-07,0.0679012345679012,NA,0.000155191125017732,"GLM","NYC","DTF_Sask_2017",6.42903065265164,3.80913311855485,"Suggestive",2.30680686794653
"Lcu.1GRN.Chr1p374431054",1,374431054,3.72538441986621e-07,0.383870967741936,NA,0.000246187894136962,"MLM","NYC","Cotyledon_Color_RvsY",6.42882890605326,3.60873330655815,"Suggestive",-0.179222202690263
"Lcu.1GRN.Chr5p455454741",5,455454741,3.72790520515768e-07,0.393518518518518,NA,0.000155191125017732,"GLM","NYC","DTF_Sask_2017",6.42853513961214,3.80913311855485,"Suggestive",-1.30868933242286
"Lcu.1GRN.Chr2p118053963",2,118053963,3.74572246330987e-07,0.154320987654321,NA,0.000155698700790414,"GLM","NYC","DTF_Sask_2017",6.42646440451506,3.80771501133624,"Suggestive",-1.76323922221709
"Lcu.1GRN.Chr2p48306788",2,48306788,3.75059797215413e-07,0.146604938271605,NA,0.000155698700790414,"GLM","NYC","DTF_Sask_2017",6.42589948552465,3.80771501133624,"Suggestive",1.58991240052231
"Lcu.1GRN.Chr2p3367398",2,3367398,3.75840674557638e-07,0.174382716049383,NA,0.000155698700790414,"GLM","NYC","DTF_Sask_2017",6.42499622109543,3.80771501133624,"Suggestive",1.45065324724231
"Lcu.1GRN.Chr6p420672406",6,420672406,3.75861321240837e-07,0.186728395061728,NA,0.000155698700790414,"GLM","NYC","DTF_Sask_2017",6.42497236392693,3.80771501133624,"Suggestive",1.39810492370603
"Lcu.1GRN.Chr2p48690067",2,48690067,3.78006833187695e-07,0.123456790123457,NA,0.00015639486403302,"GLM","NYC","DTF_Sask_2017",6.42250034939852,3.80577751316072,"Suggestive",2.52847459693191
"Lcu.1GRN.Chr6p167735318",6,167735318,3.79654407506404e-07,0.239197530864197,NA,0.00015688355539276,"GLM","NYC","DTF_Sask_2017",6.42061155391961,3.80442257697694,"Suggestive",1.46156057855615
"Lcu.1GRN.Chr1p540390462",1,540390462,3.82271548532052e-07,0.0570987654320988,NA,0.000157771207319117,"GLM","NYC","DTF_Sask_2017",6.41762802417648,3.80197225108459,"Suggestive",2.28347455270676
"Lcu.1GRN.Chr2p51502957",2,51502957,3.8291013556351e-07,0.416666666666667,NA,0.000157841095060161,"GLM","NYC","DTF_Sask_2017",6.4169031378021,3.80177991472409,"Suggestive",1.25419275111399
"Lcu.1GRN.Chr3p26026809",3,26026809,3.83705477077076e-07,0.095679012345679,NA,0.000157975349091781,"GLM","NYC","DTF_Sask_2017",6.41600200156433,3.80141067626487,"Suggestive",1.79362085657766
"Lcu.1GRN.Chr2p10537908",2,10537908,3.84276001950319e-07,0.226851851851852,NA,0.000158016828787314,"GLM","NYC","DTF_Sask_2017",6.4153567363943,3.80129665823375,"Suggestive",1.30266872309208
"Lcu.1GRN.Chr1p364662713",1,364662713,3.84669935074748e-07,0.435483870967742,NA,0.00025350591495521,"MLM","NYC","Cotyledon_Color_RvsY",6.41491175583349,3.59601190298769,"Suggestive",-0.198082290343726
"Lcu.1GRN.Chr1p370906961",1,370906961,3.85119594199527e-07,0.191935483870968,NA,0.00025350591495521,"MLM","NYC","Cotyledon_Color_RvsY",6.41440438468485,3.59601190298769,"Suggestive",-0.233096412980801
"Lcu.1GRN.Chr4p504229858",4,504229858,3.87633001506182e-07,0.140432098765432,NA,0.000159202624929951,"GLM","NYC","DTF_Sask_2017",6.41157925597135,3.79804977589989,"Suggestive",3.38738845527882
"Lcu.1GRN.Chr6p167186024",6,167186024,3.88887019854385e-07,0.350308641975309,NA,0.000159522878301658,"GLM","NYC","DTF_Sask_2017",6.41017655235188,3.79717702290372,"Suggestive",1.35912753713527
"Lcu.1GRN.Chr7p9869907",7,9869907,3.89905501157116e-07,0.117283950617284,NA,0.000159745851044721,"GLM","NYC","DTF_Sask_2017",6.40904063732977,3.79657041261734,"Suggestive",1.69851747942226
"Lcu.1GRN.Chr2p44142612",2,44142612,3.90429692581033e-07,0.0895061728395061,NA,0.000159766015090516,"GLM","NYC","DTF_Sask_2017",6.40845716120583,3.796515596914,"Suggestive",2.05162450446392
"Lcu.1GRN.Chr2p561151292",2,561151292,3.90970675012247e-07,0.481481481481482,NA,0.000159792992760443,"GLM","NYC","DTF_Sask_2017",6.40785581589819,3.79644226927858,"Suggestive",-1.33334152916876
"Lcu.1GRN.Chr5p367898555",5,367898555,3.93646175193142e-07,0.328703703703704,2.59835781940645,0.0141439245203043,"FarmCPU","Kansas","DTF_Nepal_2017",6.40489396396179,1.84943006995705,"Suggestive",NA
"Lcu.1GRN.Chr5p458387515",5,458387515,3.9601096897224e-07,0.248456790123457,NA,0.000161656579611997,"GLM","NYC","DTF_Sask_2017",6.40229278453373,3.79140661439897,"Suggestive",-1.56083827450158
"Lcu.1GRN.Chr6p420957374",6,420957374,3.96963087852294e-07,0.476851851851852,NA,0.000161698391916428,"GLM","NYC","DTF_Sask_2017",6.40124987481714,3.79129429911212,"Suggestive",-1.28178447282841
"Lcu.1GRN.Chr7p190238103",7,190238103,3.97096515953049e-07,0.138888888888889,NA,0.000161698391916428,"GLM","NYC","DTF_Sask_2017",6.40110392333401,3.79129429911212,"Suggestive",2.45809426591961
"Lcu.1GRN.Chr1p559778625",1,559778625,3.97555557218412e-07,0.296296296296296,NA,0.000161698391916428,"GLM","NYC","DTF_Sask_2017",6.40060217139145,3.79129429911212,"Suggestive",1.36412313472211
"Lcu.1GRN.Chr4p479067741",4,479067741,3.98882485532001e-07,0.111111111111111,NA,0.000161852994238649,"GLM","NYC","DTF_Sask_2017",6.39915503263926,3.79087926185119,"Suggestive",1.89560553400707
"Lcu.1GRN.Chr4p479595966",4,479595966,3.98898025739267e-07,0.104938271604938,NA,0.000161852994238649,"GLM","NYC","DTF_Sask_2017",6.39913811313279,3.79087926185119,"Suggestive",1.90603244295244
"Lcu.1GRN.Chr2p51782013",2,51782013,3.99978257416789e-07,0.228395061728395,NA,0.000161920606279204,"GLM","NYC","DTF_Sask_2017",6.39796361602343,3.79069787870875,"Suggestive",1.67171334740479
"Lcu.1GRN.Chr2p48764174",2,48764174,4.00027421887458e-07,0.115740740740741,NA,0.000161920606279204,"GLM","NYC","DTF_Sask_2017",6.39791023675651,3.79069787870875,"Suggestive",1.94523713071118
"Lcu.1GRN.Chr2p14061774",2,14061774,4.02399276252259e-07,0.0802469135802469,NA,0.00016268490066724,"GLM","NYC","DTF_Sask_2017",6.39534280906528,3.78865275352413,"Suggestive",2.17960513275062
"Lcu.1GRN.Chr6p431635676",6,431635676,4.05271523301543e-07,0.190993788819876,NA,0.00368432341833433,"FarmCPU","NYC","DTF_Sask_2017_b",6.392253911204,2.43364225343912,"Suggestive",0.00206558175571558
"Lcu.1GRN.Chr2p5651242",2,5651242,4.05651664318842e-07,0.351612903225806,-0.0213563324937517,0.00718146491431242,"BLINK","Kansas","Cotyledon_Color_RvsY",6.39184673784709,2.14378695696804,"Suggestive",NA
"Lcu.1GRN.Chr2p631743440",2,631743440,4.05810672152825e-07,0.188271604938272,NA,0.000163774853528832,"GLM","NYC","DTF_Sask_2017",6.39167653592235,3.78575278030481,"Suggestive",-2.3988943607398
"Lcu.1GRN.Chr4p390294222",4,390294222,4.06472377325048e-07,0.478395061728395,NA,0.000163774853528832,"GLM","NYC","DTF_Sask_2017",6.39096896245101,3.78575278030481,"Suggestive",1.28222933504779
"Lcu.1GRN.Chr3p427915370",3,427915370,4.06699472507299e-07,0.174382716049383,NA,0.000163774853528832,"GLM","NYC","DTF_Sask_2017",6.39072639087871,3.78575278030481,"Suggestive",-1.47229206565444
"Lcu.1GRN.Chr2p40893037",2,40893037,4.07042835801679e-07,0.229938271604938,NA,0.000163774853528832,"GLM","NYC","DTF_Sask_2017",6.39035988469766,3.78575278030481,"Suggestive",-1.37740558996293
"Lcu.1GRN.Chr5p3998320",5,3998320,4.07669172013023e-07,0.0648148148148148,NA,0.00016383089173537,"GLM","NYC","DTF_Sask_2017",6.38969212870197,3.78560420486335,"Suggestive",2.33136044041669
"Lcu.1GRN.Chr6p234810951",6,234810951,4.09977885329638e-07,0.421296296296296,NA,0.000164365949171245,"GLM","NYC","DTF_Sask_2017",6.38723956898352,3.78418814798035,"Suggestive",1.43527885133
"Lcu.1GRN.Chr6p234811049",6,234811049,4.09977885329638e-07,0.421296296296296,NA,0.000164365949171245,"GLM","NYC","DTF_Sask_2017",6.38723956898352,3.78418814798035,"Suggestive",1.43527885133
"Lcu.1GRN.Chr3p191864512",3,191864512,4.10505144634796e-07,0.375,NA,0.000164381409506396,"GLM","NYC","DTF_Sask_2017",6.38668139573698,3.78414729996699,"Suggestive",-2.00795547035779
"Lcu.1GRN.Chr3p345919251",3,345919251,4.11087193158443e-07,0.435185185185185,NA,0.000164418746612516,"GLM","NYC","DTF_Sask_2017",6.3860660528408,3.78404866680684,"Suggestive",1.39564182491716
"Lcu.1GRN.Chr6p166675820",6,166675820,4.12122297280312e-07,0.237654320987654,NA,0.000164636984286564,"GLM","NYC","DTF_Sask_2017",6.38497388796549,3.78347259763327,"Suggestive",1.41335785216137
"Lcu.1GRN.Chr3p262977915",3,262977915,4.13143375473868e-07,0.459876543209877,NA,0.000164759663739641,"GLM","NYC","DTF_Sask_2017",6.38389920652416,3.78314910307255,"Suggestive",1.32538770354724
"Lcu.1GRN.Chr2p150809363",2,150809363,4.13661362754831e-07,0.405864197530864,NA,0.000164759663739641,"GLM","NYC","DTF_Sask_2017",6.38335504165222,3.78314910307255,"Suggestive",1.35555228565634
"Lcu.1GRN.Chr5p487111658",5,487111658,4.13898854108746e-07,0.399691358024691,NA,0.000164759663739641,"GLM","NYC","DTF_Sask_2017",6.38310577595473,3.78314910307255,"Suggestive",1.21710708223787
"Lcu.1GRN.Chr1p537762630",1,537762630,4.15177173049597e-07,0.251543209876543,NA,0.00016506563677822,"GLM","NYC","DTF_Sask_2017",6.3817665325467,3.78234332837803,"Suggestive",-1.52948682969208
"Lcu.1GRN.Chr1p539381102",1,539381102,4.15648961851645e-07,0.16358024691358,NA,0.00016506563677822,"GLM","NYC","DTF_Sask_2017",6.38127329987919,3.78234332837803,"Suggestive",1.59513669510406
"Lcu.1GRN.Chr6p37241363",6,37241363,4.16772252986934e-07,0.148148148148148,NA,0.000165316547665632,"GLM","NYC","DTF_Sask_2017",6.38010120231839,3.78168367274323,"Suggestive",1.57456989487466
"Lcu.1GRN.Chr1p356198121",1,356198121,4.18138633640891e-07,0.462903225806452,NA,0.000274703198792746,"MLM","NYC","Cotyledon_Color_RvsY",6.378679704246,3.56113628338996,"Suggestive",-0.167275111860813
"Lcu.1GRN.Chr5p458011017",5,458011017,4.18835499213617e-07,0.248456790123457,NA,0.000165939270157817,"GLM","NYC","DTF_Sask_2017",6.37795651596355,3.78005082437563,"Suggestive",-1.64404054050607
"Lcu.1GRN.Chr1p372676075",1,372676075,4.20490848397859e-07,0.0941358024691358,-3.85816236616623,0.0141439245203043,"FarmCPU","Kansas","DTF_Nepal_2017",6.37624345178892,1.84943006995705,"Suggestive",NA
"Lcu.1GRN.Chr6p415124822",6,415124822,4.21564454536841e-07,0.276234567901235,NA,0.00016649207589406,"GLM","NYC","DTF_Sask_2017",6.37513601508513,3.77860643169146,"Suggestive",-1.57738464528495
"Lcu.1GRN.Chr7p400134527",7,400134527,4.21892029676912e-07,0.305555555555556,NA,0.00016649207589406,"GLM","NYC","DTF_Sask_2017",6.37479867916904,3.77860643169146,"Suggestive",1.59282051352602
"Lcu.1GRN.Chr3p22026600",3,22026600,4.22187155086963e-07,0.149691358024691,NA,0.00016649207589406,"GLM","NYC","DTF_Sask_2017",6.37449498410206,3.77860643169146,"Suggestive",1.50983209451451
"Lcu.1GRN.Chr5p455812054",5,455812054,4.22210682788839e-07,0.299382716049383,NA,0.00016649207589406,"GLM","NYC","DTF_Sask_2017",6.37447078235582,3.77860643169146,"Suggestive",1.54091139068936
"Lcu.1GRN.Chr7p451484652",7,451484652,4.23391325867866e-07,0.135802469135803,NA,0.000166762142983837,"GLM","NYC","DTF_Sask_2017",6.37325804373349,3.77790253259062,"Suggestive",-1.8347018899895
"Lcu.1GRN.Chr4p386462070",4,386462070,4.24544385340952e-07,0.433641975308642,NA,0.000166871754206983,"GLM","NYC","DTF_Sask_2017",6.37207689835061,3.77761716859446,"Suggestive",-1.86553632186772
"Lcu.1GRN.Chr6p39660784",6,39660784,4.2466181760154e-07,0.334876543209877,NA,0.000166871754206983,"GLM","NYC","DTF_Sask_2017",6.37195678574918,3.77761716859446,"Suggestive",-1.39047461855515
"Lcu.1GRN.Chr2p48315052",2,48315052,4.26872849425361e-07,0.344135802469136,NA,0.000167544853842077,"GLM","NYC","DTF_Sask_2017",6.36970146693352,3.77586890702484,"Suggestive",1.57124070966074
"Lcu.1GRN.Chr2p593957865",2,593957865,4.30276146332335e-07,0.217592592592593,NA,0.000168683795470127,"GLM","NYC","DTF_Sask_2017",6.36625272968642,3.77292663570325,"Suggestive",-1.45594321916607
"Lcu.1GRN.Chr1p542544532",1,542544532,4.34475022568631e-07,0.16820987654321,NA,0.000170131618063263,"GLM","NYC","DTF_Sask_2017",6.36203518554999,3.76921496754936,"Suggestive",1.71104421460956
"Lcu.1GRN.Chr1p103758902",1,103758902,4.35159500430217e-07,0.37741935483871,NA,0.000285328061756747,"MLM","NYC","Cotyledon_Color_RvsY",6.36135153049308,3.54465551377302,"Suggestive",0.195109754564865
"Lcu.1GRN.Chr4p390522350",4,390522350,4.35625544984032e-07,0.115740740740741,NA,0.000170383788011214,"GLM","NYC","DTF_Sask_2017",6.36088666123875,3.76857173065045,"Suggestive",1.78389900849032
"Lcu.1GRN.Chr1p539273417",1,539273417,4.36377820018418e-07,0.123456790123457,NA,0.000170479788834071,"GLM","NYC","DTF_Sask_2017",6.3601373316135,3.76832710123528,"Suggestive",1.61637558329156
"Lcu.1GRN.Chr2p151032109",2,151032109,4.39394679923631e-07,0.404320987654321,NA,0.000171174513961886,"GLM","NYC","DTF_Sask_2017",6.35714520570817,3.76656089660784,"Suggestive",1.36270425865666
"Lcu.1GRN.Chr2p87160966",2,87160966,4.39601988480661e-07,0.475308641975309,NA,0.000171174513961886,"GLM","NYC","DTF_Sask_2017",6.35694035177124,3.76656089660784,"Suggestive",1.34320015830744
"Lcu.1GRN.Chr2p14060742",2,14060742,4.40167198698973e-07,0.0555555555555556,NA,0.000171174513961886,"GLM","NYC","DTF_Sask_2017",6.35638232424248,3.76656089660784,"Suggestive",-2.36798024616405
"Lcu.1GRN.Chr3p262978234",3,262978234,4.40191679258165e-07,0.436728395061728,NA,0.000171174513961886,"GLM","NYC","DTF_Sask_2017",6.3563581709749,3.76656089660784,"Suggestive",1.34851609560886
"Lcu.1GRN.Chr1p419542417",1,419542417,4.40613399748154e-07,0.256451612903226,-0.0390759464204165,0.0148207807433087,"FarmCPU","Kansas","Cotyledon_Color_RvsY",6.35594229940452,1.82912891757264,"Suggestive",NA
"Lcu.1GRN.Chr3p344509419",3,344509419,4.41218504387216e-07,0.174382716049383,NA,0.000171375686680386,"GLM","NYC","DTF_Sask_2017",6.35534628185121,3.76605079203668,"Suggestive",1.66211181607798
"Lcu.1GRN.Chr1p572593522",1,572593522,4.42439379946109e-07,0.498456790123457,NA,0.000171651680408688,"GLM","NYC","DTF_Sask_2017",6.35414622498511,3.76535194062944,"Suggestive",-1.2835798564674
"Lcu.1GRN.Chr5p458560973",5,458560973,4.44398169872749e-07,0.203703703703704,NA,0.000172212994476483,"GLM","NYC","DTF_Sask_2017",6.35222773824558,3.76393408159019,"Suggestive",-1.75461779084509
"Lcu.1GRN.Chr1p536399364",1,536399364,4.46232373751133e-07,0.256172839506173,NA,0.000172724792706039,"GLM","NYC","DTF_Sask_2017",6.35043892524122,3.76264531985801,"Suggestive",-1.48076089994115
"Lcu.1GRN.Chr4p418056996",4,418056996,4.46373470973489e-07,0.350308641975309,NA,0.15014530531094,"BLINK","NYC","DTF_Sask_2017",6.35030162444725,0.823488242615371,"Suggestive",1.16291140566901
"Lcu.1GRN.Chr3p427301687",3,427301687,4.48999945338082e-07,0.234567901234568,NA,0.000173596281164982,"GLM","NYC","DTF_Sask_2017",6.34775371186833,3.76045958265507,"Suggestive",-1.30264473561974
"Lcu.1GRN.Chr3p345195898",3,345195898,4.51401602319975e-07,0.174382716049383,NA,0.000174324457827283,"GLM","NYC","DTF_Sask_2017",6.34543690365992,3.75864167683571,"Suggestive",1.64816996569789
"Lcu.1GRN.Chr2p48820932",2,48820932,4.52093280729171e-07,0.344135802469136,NA,0.000174391353852098,"GLM","NYC","DTF_Sask_2017",6.34477194765257,3.75847505075326,"Suggestive",1.39157190365087
"Lcu.1GRN.Chr1p371178275",1,371178275,4.53301652832944e-07,0.161290322580645,NA,0.000296645363926963,"MLM","NYC","Cotyledon_Color_RvsY",6.34361269740961,3.52776243457302,"Suggestive",-0.211261168299042
"Lcu.1GRN.Chr4p412107343",4,412107343,4.53945338250564e-07,0.103395061728395,NA,0.000174905190826263,"GLM","NYC","DTF_Sask_2017",6.34299643948954,3.75719730136323,"Suggestive",1.82317248578477
"Lcu.1GRN.Chr3p427321173",3,427321173,4.62295742823609e-07,0.220679012345679,NA,0.000177852655720949,"GLM","NYC","DTF_Sask_2017",6.33508010586265,3.7499396454833,"Suggestive",-1.23911469176241
"Lcu.1GRN.Chr1p548630777",1,548630777,4.6289438428192e-07,0.106481481481482,NA,0.000177852655720949,"GLM","NYC","DTF_Sask_2017",6.3345180879365,3.7499396454833,"Suggestive",1.80169058196299
"Lcu.1GRN.Chr2p568097654",2,568097654,4.63710111477261e-07,0.0540123456790124,NA,0.000177852655720949,"GLM","NYC","DTF_Sask_2017",6.33375343394914,3.7499396454833,"Suggestive",2.48797993782318
"Lcu.1GRN.Chr2p568097745",2,568097745,4.63710111477261e-07,0.0540123456790124,NA,0.000177852655720949,"GLM","NYC","DTF_Sask_2017",6.33375343394914,3.7499396454833,"Suggestive",2.48797993782318
"Lcu.1GRN.Chr2p10392239",2,10392239,4.66930176030741e-07,0.123456790123457,NA,0.000178883715855276,"GLM","NYC","DTF_Sask_2017",6.33074805825991,3.74742919233414,"Suggestive",-1.85026847305625
"Lcu.1GRN.Chr2p63023848",2,63023848,4.68165295871034e-07,0.20679012345679,NA,0.000179152851053757,"GLM","NYC","DTF_Sask_2017",6.32960078280154,3.74677627604344,"Suggestive",1.47984020066127
"Lcu.1GRN.Chr2p33985248",2,33985248,4.69080580838708e-07,0.217592592592593,NA,0.000179299122426106,"GLM","NYC","DTF_Sask_2017",6.32875254575495,3.74642183607325,"Suggestive",1.43890193222776
"Lcu.1GRN.Chr2p64071855",2,64071855,4.71609774934505e-07,0.197530864197531,NA,0.000180061254444262,"GLM","NYC","DTF_Sask_2017",6.32641720197364,3.74457972855381,"Suggestive",1.47779878533368
"Lcu.1GRN.Chr2p65072866",2,65072866,4.75702986582616e-07,0.270061728395062,NA,0.000181222262192657,"GLM","NYC","DTF_Sask_2017",6.3226641219619,3.74178845261092,"Suggestive",1.36527367761647
"Lcu.1GRN.Chr1p528040920",1,528040920,4.7572817046891e-07,0.486111111111111,NA,0.000181222262192657,"GLM","NYC","DTF_Sask_2017",6.32264113086523,3.74178845261092,"Suggestive",-1.29422581621155
"Lcu.1GRN.Chr2p49712968",2,49712968,4.77655552403444e-07,0.404320987654321,NA,0.000181459106887785,"GLM","NYC","DTF_Sask_2017",6.32088516952681,3.74122123098029,"Suggestive",1.54111250850232
"Lcu.1GRN.Chr2p17095686",2,17095686,4.77829502473602e-07,0.183641975308642,NA,0.000181459106887785,"GLM","NYC","DTF_Sask_2017",6.32072703925351,3.74122123098029,"Suggestive",-1.62219003832863
"Lcu.1GRN.Chr2p43391956",2,43391956,4.78470107893269e-07,0.109567901234568,NA,0.000181459106887785,"GLM","NYC","DTF_Sask_2017",6.32014518930306,3.74122123098029,"Suggestive",1.83035733714553
"Lcu.1GRN.Chr2p612963755",2,612963755,4.79007771001515e-07,0.20679012345679,NA,0.000181459106887785,"GLM","NYC","DTF_Sask_2017",6.31965744091591,3.74122123098029,"Suggestive",-1.62734217293973
"Lcu.1GRN.Chr1p437620957",1,437620957,4.79047251711236e-07,0.104938271604938,NA,0.000181459106887785,"GLM","NYC","DTF_Sask_2017",6.31962164703357,3.74122123098029,"Suggestive",2.06951064688326
"Lcu.1GRN.Chr1p361402276",1,361402276,4.82836861839517e-07,0.0709677419354838,NA,0.000315359974187132,"MLM","NYC","Cotyledon_Color_RvsY",6.31619958140322,3.50119342861253,"Suggestive",-0.228202160188666
"Lcu.1GRN.Chr5p459570433",5,459570433,4.82913570782193e-07,0.115740740740741,NA,0.000182717872962086,"GLM","NYC","DTF_Sask_2017",6.31613058993407,3.73821896907241,"Suggestive",-1.84275464328857
"Lcu.1GRN.Chr6p431595421",6,431595421,4.84612258202947e-07,0.108695652173913,NA,0.00428967293302502,"FarmCPU","NYC","DTF_Sask_2017_b",6.31460560463812,2.36757581942305,"Suggestive",0.243403628864598
"Lcu.1GRN.Chr6p278149898",6,278149898,4.9108247153464e-07,0.214506172839506,NA,0.000185599930003025,"GLM","NYC","DTF_Sask_2017",6.30884556709348,3.73142219190652,"Suggestive",-1.92002292049239
"Lcu.1GRN.Chr2p15822716",2,15822716,4.92214371675291e-07,0.0709876543209876,NA,0.000185818935530082,"GLM","NYC","DTF_Sask_2017",6.30784570991775,3.73091003212275,"Suggestive",2.24498144727056
"Lcu.1GRN.Chr1p536418749",1,536418749,4.9835711393015e-07,0.322530864197531,NA,0.000187808931687298,"GLM","NYC","DTF_Sask_2017",6.30245933790759,3.72628375770213,"Suggestive",-1.43605302551299
"Lcu.1GRN.Chr3p429774663",3,429774663,4.98602348020932e-07,0.166666666666667,NA,0.000187808931687298,"GLM","NYC","DTF_Sask_2017",6.30224568064546,3.72628375770213,"Suggestive",-1.51590475338548
"Lcu.1GRN.Chr4p182563453",4,182563453,4.99978527278269e-07,0.371913580246914,NA,0.0001881166412584,"GLM","NYC","DTF_Sask_2017",6.3010486470336,3.72557278399764,"Suggestive",-1.88413588112897
"Lcu.1GRN.Chr1p559042690",1,559042690,5.01834810319265e-07,0.368827160493827,NA,0.000188604100159397,"GLM","NYC","DTF_Sask_2017",6.29943921666584,3.72444887014988,"Suggestive",1.44613370243539
"Lcu.1GRN.Chr2p86423723",2,86423723,5.03024941456428e-07,0.313271604938272,NA,0.000188840391163922,"GLM","NYC","DTF_Sask_2017",6.29841048081216,3.72390510864241,"Suggestive",1.33993771249861
"Lcu.1GRN.Chr2p85991393",2,85991393,5.05434849366772e-07,0.330246913580247,NA,0.000189476023490364,"GLM","NYC","DTF_Sask_2017",6.29633481709377,3.72244573833248,"Suggestive",1.36691750235185
"Lcu.1GRN.Chr1p559330737",1,559330737,5.05844714536049e-07,0.223765432098765,NA,0.000189476023490364,"GLM","NYC","DTF_Sask_2017",6.29598278349705,3.72244573833248,"Suggestive",1.44142511705735
"Lcu.1GRN.Chr6p3269373",6,3269373,5.05937180697604e-07,0.445652173913043,NA,0.00436360440153105,"FarmCPU","NYC","DTF_Sask_2017_b",6.29590340365436,2.36015462884899,"Suggestive",0.157728141415305
"Lcu.1GRN.Chr3p434029281",3,434029281,5.0854180416378e-07,0.408950617283951,NA,0.000190092491837485,"GLM","NYC","DTF_Sask_2017",6.29367334053591,3.72103503630628,"Suggestive",-1.19425090170773
"Lcu.1GRN.Chr1p435830944",1,435830944,5.08620770330432e-07,0.487654320987654,NA,0.000190092491837485,"GLM","NYC","DTF_Sask_2017",6.29360590869883,3.72103503630628,"Suggestive",1.4513969688346
"Lcu.1GRN.Chr2p51502983",2,51502983,5.09348458255426e-07,0.385802469135803,NA,0.000190153177422867,"GLM","NYC","DTF_Sask_2017",6.29298500406767,3.72089641321486,"Suggestive",1.23983061532995
"Lcu.1GRN.Chr1p560222242",1,560222242,5.11892033889831e-07,0.199074074074074,NA,0.000190850760762477,"GLM","NYC","DTF_Sask_2017",6.29082162892721,3.7193061045423,"Suggestive",1.47868733060966
"Lcu.1GRN.Chr2p10392260",2,10392260,5.12850589499359e-07,0.128086419753086,NA,0.000190850760762477,"GLM","NYC","DTF_Sask_2017",6.29000914094489,3.7193061045423,"Suggestive",-1.82007825670007
"Lcu.1GRN.Chr4p473624023",4,473624023,5.12919185678974e-07,0.455246913580247,NA,0.000190850760762477,"GLM","NYC","DTF_Sask_2017",6.28995105589881,3.7193061045423,"Suggestive",1.17184116084907
"Lcu.1GRN.Chr2p39064850",2,39064850,5.15565253085577e-07,0.169753086419753,NA,0.000191623356336615,"GLM","NYC","DTF_Sask_2017",6.28771635994102,3.71755155731434,"Suggestive",1.46768694782796
"Lcu.1GRN.Chr1p559173974",1,559173974,5.16445747458486e-07,0.37037037037037,NA,0.000191738749156036,"GLM","NYC","DTF_Sask_2017",6.28697529431268,3.71729011015762,"Suggestive",1.39778992572833
"Lcu.1GRN.Chr1p434751962",1,434751962,5.17594876148754e-07,0.49537037037037,NA,0.000191953512354496,"GLM","NYC","DTF_Sask_2017",6.28601003154982,3.71680393677804,"Suggestive",-1.35621062132149
"Lcu.1GRN.Chr1p372694819",1,372694819,5.18148068959332e-07,0.156451612903226,NA,0.000337767270371403,"MLM","NYC","Cotyledon_Color_RvsY",6.28554611604059,3.47138243583592,"Suggestive",-0.206204494317326
"Lcu.1GRN.Chr1p509094154",1,509094154,5.18754697409229e-07,0.0540123456790124,NA,0.000192171763550055,"GLM","NYC","DTF_Sask_2017",6.28503795765398,3.71631042434319,"Suggestive",2.58175011796288
"Lcu.1GRN.Chr4p412483489",4,412483489,5.21356837423776e-07,0.095679012345679,NA,0.000192923251192215,"GLM","NYC","DTF_Sask_2017",6.28286492645616,3.71461542784625,"Suggestive",1.93098837657772
"Lcu.1GRN.Chr1p559837567",1,559837567,5.22550318437999e-07,0.175925925925926,NA,0.000193142508998025,"GLM","NYC","DTF_Sask_2017",6.28187188326902,3.71412213123601,"Suggestive",1.6460683565802
"Lcu.1GRN.Chr1p540886586",1,540886586,5.23615640626838e-07,0.427469135802469,NA,0.000193142508998025,"GLM","NYC","DTF_Sask_2017",6.28098738936254,3.71412213123601,"Suggestive",2.08368917261018
"Lcu.1GRN.Chr1p543144451",1,543144451,5.23671966055524e-07,0.0941358024691358,NA,0.000193142508998025,"GLM","NYC","DTF_Sask_2017",6.28094067473947,3.71412213123601,"Suggestive",1.91732054086901
"Lcu.1GRN.Chr2p10522008",2,10522008,5.24978285734409e-07,0.0725308641975309,NA,0.000193269577629192,"GLM","NYC","DTF_Sask_2017",6.279858659605,3.71383650245142,"Suggestive",2.30463087326103
"Lcu.1GRN.Chr2p45779026",2,45779026,5.25165649285102e-07,0.246913580246914,NA,0.000193269577629192,"GLM","NYC","DTF_Sask_2017",6.27970368854946,3.71383650245142,"Suggestive",-1.35233160511311
"Lcu.1GRN.Chr1p371692430",1,371692430,5.27227858907187e-07,0.0951612903225807,NA,0.000342425554487641,"MLM","NYC","Cotyledon_Color_RvsY",6.27800164953317,3.46543383231602,"Suggestive",-0.327528501572034
"Lcu.1GRN.Chr1p364467380",1,364467380,5.2733008061016e-07,0.0919354838709677,NA,0.000342425554487641,"MLM","NYC","Cotyledon_Color_RvsY",6.27791745440266,3.46543383231602,"Suggestive",-0.308396248226994
"Lcu.1GRN.Chr2p48315009",2,48315009,5.28272571945555e-07,0.341049382716049,NA,0.000194200502959137,"GLM","NYC","DTF_Sask_2017",6.27714193741437,3.71174964964895,"Suggestive",1.51875930511869
"Lcu.1GRN.Chr2p45304829",2,45304829,5.30443622996714e-07,0.225308641975309,NA,0.000194785731590105,"GLM","NYC","DTF_Sask_2017",6.27536076731874,3.71044285915472,"Suggestive",1.34035970031806
"Lcu.1GRN.Chr1p374030434",1,374030434,5.30519258431908e-07,0.333870967741935,NA,0.000343832700194539,"MLM","NYC","Cotyledon_Color_RvsY",6.27529884610968,3.46365282212626,"Suggestive",-0.190257653317798
"Lcu.1GRN.Chr2p10195300",2,10195300,5.32826788734886e-07,0.058641975308642,NA,0.000195439297295823,"GLM","NYC","DTF_Sask_2017",6.27341394842621,3.70898810754247,"Suggestive",2.35007928933584
"Lcu.1GRN.Chr4p416272481",4,416272481,5.33385483467657e-07,0.276234567901235,NA,0.000195439297295823,"GLM","NYC","DTF_Sask_2017",6.27295880817311,3.70898810754247,"Suggestive",-1.87655431489682
"Lcu.1GRN.Chr5p458561133",5,458561133,5.34342375423902e-07,0.112654320987654,NA,0.000195576868111221,"GLM","NYC","DTF_Sask_2017",6.27218038321365,3.70868251276789,"Suggestive",-2.56220725729133
"Lcu.1GRN.Chr2p54727361",2,54727361,5.35674532498432e-07,0.330246913580247,NA,0.000195851342905326,"GLM","NYC","DTF_Sask_2017",6.27109900073992,3.7080734462536,"Suggestive",1.25620793776669
"Lcu.1GRN.Chr3p427299305",3,427299305,5.38165653959811e-07,0.220679012345679,NA,0.000196335321611171,"GLM","NYC","DTF_Sask_2017",6.26908402261036,3.70700156183211,"Suggestive",-1.24453648845189
"Lcu.1GRN.Chr3p427301103",3,427301103,5.38165653959811e-07,0.220679012345679,NA,0.000196335321611171,"GLM","NYC","DTF_Sask_2017",6.26908402261036,3.70700156183211,"Suggestive",-1.24453648845189
"Lcu.1GRN.Chr2p44268610",2,44268610,5.38954395239659e-07,0.137345679012346,NA,0.000196410046656098,"GLM","NYC","DTF_Sask_2017",6.26844798200009,3.70683630119413,"Suggestive",2.26338994912038
"Lcu.1GRN.Chr7p7499713",7,7499713,5.39590438981886e-07,0.121913580246914,NA,0.00019642902293184,"GLM","NYC","DTF_Sask_2017",6.26793575420806,3.70679434359629,"Suggestive",-1.64316690534145
"Lcu.1GRN.Chr6p431582835",6,431582835,5.43353885058187e-07,0.194099378881988,NA,0.00448499184207304,"FarmCPU","NYC","DTF_Sask_2017_b",6.26491722332448,2.34823834257438,"Suggestive",0.00777412783276077
"Lcu.1GRN.Chr6p3265693",6,3265693,5.46678673963244e-07,0.263975155279503,NA,0.00448499184207304,"FarmCPU","NYC","DTF_Sask_2017_b",6.26226786768652,2.34823834257438,"Suggestive",-0.117960889886916
"Lcu.1GRN.Chr1p559837568",1,559837568,5.47011703198559e-07,0.175925925925926,NA,0.000198915335751124,"GLM","NYC","DTF_Sask_2017",6.26200338192949,3.70133173283665,"Suggestive",1.66354713008843
"Lcu.1GRN.Chr5p177060130",5,177060130,5.47647389133984e-07,0.138888888888889,NA,0.000198931435573251,"GLM","NYC","DTF_Sask_2017",6.26149897845457,3.70129658330463,"Suggestive",-2.78977715577548
"Lcu.1GRN.Chr3p136501531",3,136501531,5.4861256530982e-07,0.498456790123457,NA,0.000199067057988747,"GLM","NYC","DTF_Sask_2017",6.26073424962572,3.70100060193834,"Suggestive",1.19260796989333
"Lcu.1GRN.Chr1p176394501",1,176394501,5.50568990025746e-07,0.293548387096774,-0.153371444276122,0.0168357490425445,"FarmCPU","Kansas","Cotyledon_Color_RvsY",6.25918825324048,1.77376755656683,"Suggestive",NA
"Lcu.1GRN.Chr4p476567651",4,476567651,5.52624869626326e-07,0.37037037037037,NA,0.000200306863708619,"GLM","NYC","DTF_Sask_2017",6.25756957454357,3.69830416893055,"Suggestive",1.10626531964724
"Lcu.1GRN.Chr3p344507672",3,344507672,5.55544212157523e-07,0.182098765432099,NA,0.000200931978506225,"GLM","NYC","DTF_Sask_2017",6.25528137266914,3.69695093939121,"Suggestive",1.5871447227189
"Lcu.1GRN.Chr3p344507676",3,344507676,5.55544212157523e-07,0.182098765432099,NA,0.000200931978506225,"GLM","NYC","DTF_Sask_2017",6.25528137266914,3.69695093939121,"Suggestive",1.5871447227189
"Lcu.1GRN.Chr2p51758551",2,51758551,5.56393109426551e-07,0.12037037037037,NA,0.000201022858258304,"GLM","NYC","DTF_Sask_2017",6.25461825710658,3.69675455625605,"Suggestive",2.11392801608361
"Lcu.1GRN.Chr5p456080527",5,456080527,5.57425899192215e-07,0.174382716049383,NA,0.000201179911409429,"GLM","NYC","DTF_Sask_2017",6.25381285690912,3.69641538743122,"Suggestive",1.54993882103241
"Lcu.1GRN.Chr1p360891094",1,360891094,5.57451037378148e-07,0.0532258064516129,NA,0.0189871174681092,"MLMM","NYC","Cotyledon_Color_RvsY",6.2537932720113,1.72154096273615,"Suggestive",0.0782816451682017
"Lcu.1GRN.Chr1p535824650",1,535824650,5.5937978975385e-07,0.25,NA,0.000201627710521639,"GLM","NYC","DTF_Sask_2017",6.25229322862759,3.69544978125616,"Suggestive",-1.56018104490553
"Lcu.1GRN.Chr7p15494849",7,15494849,5.59865508885268e-07,0.239197530864197,NA,0.000201627710521639,"GLM","NYC","DTF_Sask_2017",6.25191628685794,3.69544978125616,"Suggestive",1.3672043301431
"Lcu.1GRN.Chr1p537007059",1,537007059,5.63758373327255e-07,0.270061728395062,NA,0.00020232725670375,"GLM","NYC","DTF_Sask_2017",6.24890699462562,3.69394560690467,"Suggestive",-1.51696454629021
"Lcu.1GRN.Chr4p390294324",4,390294324,5.6398900673415e-07,0.12037037037037,NA,0.00020232725670375,"GLM","NYC","DTF_Sask_2017",6.24872936119614,3.69394560690467,"Suggestive",1.81794002826513
"Lcu.1GRN.Chr2p33923225",2,33923225,5.64178956999773e-07,0.0864197530864198,NA,0.00020232725670375,"GLM","NYC","DTF_Sask_2017",6.24858311638929,3.69394560690467,"Suggestive",2.1464131933925
"Lcu.1GRN.Chr7p608085328",7,608085328,5.65251551129838e-07,0.450617283950617,NA,0.00020232725670375,"GLM","NYC","DTF_Sask_2017",6.24775823721576,3.69394560690467,"Suggestive",1.43305919741532
"Lcu.1GRN.Chr2p81004967",2,81004967,5.68318535141423e-07,0.319444444444444,NA,0.00020232725670375,"GLM","NYC","DTF_Sask_2017",6.24540817964351,3.69394560690467,"Suggestive",1.67878706600209
"Lcu.1GRN.Chr1p509482267",1,509482267,5.69102675245527e-07,0.152777777777778,NA,0.00020232725670375,"GLM","NYC","DTF_Sask_2017",6.24480937284952,3.69394560690467,"Suggestive",1.81863326607294
"Lcu.1GRN.Chr5p459570418",5,459570418,5.70440714945773e-07,0.108024691358025,NA,0.00020232725670375,"GLM","NYC","DTF_Sask_2017",6.24378948447942,3.69394560690467,"Suggestive",-1.85965517925155
"Lcu.1GRN.Chr1p508807256",1,508807256,5.70894427579098e-07,0.0509259259259259,NA,0.00020232725670375,"GLM","NYC","DTF_Sask_2017",6.24344419606051,3.69394560690467,"Suggestive",2.60266792679852
"Lcu.1GRN.Chr1p508807318",1,508807318,5.70894427579098e-07,0.0509259259259259,NA,0.00020232725670375,"GLM","NYC","DTF_Sask_2017",6.24344419606051,3.69394560690467,"Suggestive",2.60266792679852
"Lcu.1GRN.Chr1p508807331",1,508807331,5.70894427579098e-07,0.0509259259259259,NA,0.00020232725670375,"GLM","NYC","DTF_Sask_2017",6.24344419606051,3.69394560690467,"Suggestive",2.60266792679852
"Lcu.1GRN.Chr1p508839588",1,508839588,5.70894427579098e-07,0.0509259259259259,NA,0.00020232725670375,"GLM","NYC","DTF_Sask_2017",6.24344419606051,3.69394560690467,"Suggestive",2.60266792679852
"Lcu.1GRN.Chr1p509513497",1,509513497,5.70894427579098e-07,0.0509259259259259,NA,0.00020232725670375,"GLM","NYC","DTF_Sask_2017",6.24344419606051,3.69394560690467,"Suggestive",2.60266792679852
"Lcu.1GRN.Chr1p509513522",1,509513522,5.70894427579098e-07,0.0509259259259259,NA,0.00020232725670375,"GLM","NYC","DTF_Sask_2017",6.24344419606051,3.69394560690467,"Suggestive",2.60266792679852
"Lcu.1GRN.Chr1p509513568",1,509513568,5.70894427579098e-07,0.0509259259259259,NA,0.00020232725670375,"GLM","NYC","DTF_Sask_2017",6.24344419606051,3.69394560690467,"Suggestive",2.60266792679852
"Lcu.1GRN.Chr1p509824560",1,509824560,5.70894427579098e-07,0.0509259259259259,NA,0.00020232725670375,"GLM","NYC","DTF_Sask_2017",6.24344419606051,3.69394560690467,"Suggestive",2.60266792679852
"Lcu.1GRN.Chr3p344531407",3,344531407,5.71432078261429e-07,0.188271604938272,NA,0.00020232725670375,"GLM","NYC","DTF_Sask_2017",6.24303538344769,3.69394560690467,"Suggestive",1.61698630416089
"Lcu.1GRN.Chr4p476358171",4,476358171,5.72869510929027e-07,0.390432098765432,NA,0.000202618492091818,"GLM","NYC","DTF_Sask_2017",6.2419442910121,3.69332092103424,"Suggestive",1.21969619394278
"Lcu.1GRN.Chr1p370906980",1,370906980,5.7323028021724e-07,0.193548387096774,NA,0.000370799518588139,"MLM","NYC","Cotyledon_Color_RvsY",6.24167087657211,3.43086083837503,"Suggestive",-0.228091780030654
"Lcu.1GRN.Chr2p64072761",2,64072761,5.73459359780866e-07,0.276234567901235,NA,0.000202618492091818,"GLM","NYC","DTF_Sask_2017",6.24149735448164,3.69332092103424,"Suggestive",1.48358320947349
"Lcu.1GRN.Chr3p345157947",3,345157947,5.79968145984121e-07,0.225308641975309,NA,0.000203869319520159,"GLM","NYC","DTF_Sask_2017",6.23659585885641,3.6906481266772,"Suggestive",1.73404297071951
"Lcu.1GRN.Chr1p559042583",1,559042583,5.80173010298291e-07,0.381172839506173,NA,0.000203869319520159,"GLM","NYC","DTF_Sask_2017",6.23644247848261,3.6906481266772,"Suggestive",1.38459529210431
"Lcu.1GRN.Chr2p48764144",2,48764144,5.80803768166381e-07,0.155864197530864,NA,0.000203869319520159,"GLM","NYC","DTF_Sask_2017",6.23597057466237,3.6906481266772,"Suggestive",1.5656117221248
"Lcu.1GRN.Chr5p348198951",5,348198951,5.81042552494716e-07,0.058641975308642,NA,0.000203869319520159,"GLM","NYC","DTF_Sask_2017",6.23579206100566,3.6906481266772,"Suggestive",-2.4748146197843
"Lcu.1GRN.Chr5p349054633",5,349054633,5.81042552494716e-07,0.058641975308642,NA,0.000203869319520159,"GLM","NYC","DTF_Sask_2017",6.23579206100566,3.6906481266772,"Suggestive",-2.4748146197843
"Lcu.1GRN.Chr1p509485446",1,509485446,5.81362499949604e-07,0.146604938271605,NA,0.000203869319520159,"GLM","NYC","DTF_Sask_2017",6.23555298527664,3.6906481266772,"Suggestive",1.83507101452727
"Lcu.1GRN.Chr2p592601330",2,592601330,5.81507446959405e-07,0.138888888888889,NA,0.000203869319520159,"GLM","NYC","DTF_Sask_2017",6.23544471919406,3.6906481266772,"Suggestive",-2.07066233895659
"Lcu.1GRN.Chr5p455449933",5,455449933,5.81848239391358e-07,0.378086419753086,NA,0.000203869319520159,"GLM","NYC","DTF_Sask_2017",6.23519027546951,3.6906481266772,"Suggestive",-1.29112802419056
"Lcu.1GRN.Chr6p3269280",6,3269280,5.82803013612292e-07,0.279320987654321,NA,0.138829854348953,"MLMM","NYC","DTF_Sask_2017",6.23447821120574,0.857517131973134,"Suggestive",-1.92907872619194
"Lcu.1GRN.Chr1p587372234",1,587372234,5.84430149421406e-07,0.180555555555556,NA,0.000204356328140477,"GLM","NYC","DTF_Sask_2017",6.23326738789584,3.68961190929108,"Suggestive",1.99608523238578
"Lcu.1GRN.Chr7p353692497",7,353692497,5.84453253949224e-07,0.16358024691358,NA,0.000204356328140477,"GLM","NYC","DTF_Sask_2017",6.23325021908515,3.68961190929108,"Suggestive",-1.77863288908384
"Lcu.1GRN.Chr2p70909927",2,70909927,5.86640803235111e-07,0.395061728395062,NA,0.000204630043419601,"GLM","NYC","DTF_Sask_2017",6.23162773337121,3.68903060359803,"Suggestive",1.6730316272712
"Lcu.1GRN.Chr2p47828068",2,47828068,5.867364023944e-07,0.339506172839506,NA,0.000204630043419601,"GLM","NYC","DTF_Sask_2017",6.23155696637957,3.68903060359803,"Suggestive",1.51221496581564
"Lcu.1GRN.Chr6p431491201",6,431491201,5.8706113233437e-07,0.388888888888889,NA,0.000204630043419601,"GLM","NYC","DTF_Sask_2017",6.23131667208612,3.68903060359803,"Suggestive",-1.29162078515417
"Lcu.1GRN.Chr6p421654108",6,421654108,5.8908649523101e-07,0.246913580246914,NA,0.000204968662564909,"GLM","NYC","DTF_Sask_2017",6.2298209333222,3.68831253267824,"Suggestive",2.06263690748131
"Lcu.1GRN.Chr1p559042631",1,559042631,5.89672371271608e-07,0.385802469135803,NA,0.000204968662564909,"GLM","NYC","DTF_Sask_2017",6.22938922034053,3.68831253267824,"Suggestive",1.36220740242651
"Lcu.1GRN.Chr1p437118867",1,437118867,5.9004133074702e-07,0.493827160493827,NA,0.000204968662564909,"GLM","NYC","DTF_Sask_2017",6.22911756617703,3.68831253267824,"Suggestive",1.32514333235298
"Lcu.1GRN.Chr2p38190227",2,38190227,5.9047003429408e-07,0.328703703703704,NA,0.000204968662564909,"GLM","NYC","DTF_Sask_2017",6.22880213745935,3.68831253267824,"Suggestive",1.24801516542539
"Lcu.1GRN.Chr1p434744591",1,434744591,5.9142030414691e-07,0.493827160493827,NA,0.000205086879840189,"GLM","NYC","DTF_Sask_2017",6.22810376971928,3.68806212215365,"Suggestive",-1.35577862680141
"Lcu.1GRN.Chr2p81038553",2,81038553,5.96611231806209e-07,0.242283950617284,NA,0.000206673872511802,"GLM","NYC","DTF_Sask_2017",6.22430857486678,3.68471442294291,"Suggestive",1.42888291106183
"Lcu.1GRN.Chr5p455444063",5,455444063,5.97479409175686e-07,0.313271604938272,NA,0.000206761683566047,"GLM","NYC","DTF_Sask_2017",6.22367705713374,3.68452994022815,"Suggestive",1.15857057594621
"Lcu.1GRN.Chr5p1685054",5,1685054,5.98778064465146e-07,0.21141975308642,NA,0.0100704590604974,"MLM","NYC","DTF_Nepal_2017",6.22273411790854,1.99695073174065,"Suggestive",4.94131640849533
"Lcu.1GRN.Chr6p431580570",6,431580570,5.98992472203616e-07,0.305900621118012,NA,0.00463976724933422,"FarmCPU","NYC","DTF_Sask_2017_b",6.2225786355422,2.3335038049764,"Suggestive",0.265658579293103
"Lcu.1GRN.Chr6p420958923",6,420958923,5.99011690448875e-07,0.496913580246914,NA,0.000207078895458599,"GLM","NYC","DTF_Sask_2017",6.22256470173774,3.68386416017422,"Suggestive",-1.33255071733927
"Lcu.1GRN.Chr4p3340791",4,3340791,5.99940029515931e-07,0.479938271604938,NA,0.000207186886969389,"GLM","NYC","DTF_Sask_2017",6.22189215986968,3.68363773491643,"Suggestive",1.29406804006186
"Lcu.1GRN.Chr2p48573041",2,48573041,6.00565215231781e-07,0.158950617283951,NA,0.000207190071540378,"GLM","NYC","DTF_Sask_2017",6.22143982576737,3.68363105963403,"Suggestive",1.48500761382985
"Lcu.1GRN.Chr1p560382525",1,560382525,6.02520773214131e-07,0.185185185185185,NA,0.000207651746848071,"GLM","NYC","DTF_Sask_2017",6.22002797524812,3.68266441108294,"Suggestive",1.44760242275609
"Lcu.1GRN.Chr3p38514786",3,38514786,6.07007734285902e-07,0.101851851851852,NA,0.000208891802996282,"GLM","NYC","DTF_Sask_2017",6.21680577525705,3.6800786015866,"Suggestive",2.37388807642827
"Lcu.1GRN.Chr2p79474313",2,79474313,6.07981981387472e-07,0.314814814814815,NA,0.000208891802996282,"GLM","NYC","DTF_Sask_2017",6.21610929161534,3.6800786015866,"Suggestive",1.68458760679573
"Lcu.1GRN.Chr2p79612983",2,79612983,6.07981981387472e-07,0.314814814814815,NA,0.000208891802996282,"GLM","NYC","DTF_Sask_2017",6.21610929161534,3.6800786015866,"Suggestive",1.68458760679573
"Lcu.1GRN.Chr1p224469714",1,224469714,6.10943101024182e-07,0.0661290322580645,NA,0.000394435888795012,"MLM","NYC","Cotyledon_Color_RvsY",6.21399923503059,3.40402357649824,"Suggestive",0.297836009875176
"Lcu.1GRN.Chr2p50069121",2,50069121,6.11770929838561e-07,0.385802469135803,NA,0.000209979135058171,"GLM","NYC","DTF_Sask_2017",6.21341116368781,3.67782385754843,"Suggestive",1.36746442721009
"Lcu.1GRN.Chr1p362772627",1,362772627,6.12533758345815e-07,0.188709677419355,NA,0.00039470525420212,"MLM","NYC","Cotyledon_Color_RvsY",6.21286997119315,3.40372709236354,"Suggestive",-0.189044826912974
"Lcu.1GRN.Chr3p375584",3,375584,6.1284350365654e-07,0.0864197530864198,NA,0.000210022297438588,"GLM","NYC","DTF_Sask_2017",6.21265041320676,3.67773459507332,"Suggestive",1.90531161791426
"Lcu.1GRN.Chr6p420661868",6,420661868,6.13681108373263e-07,0.449074074074074,NA,0.000210022297438588,"GLM","NYC","DTF_Sask_2017",6.21205724587939,3.67773459507332,"Suggestive",1.27420407633333
"Lcu.1GRN.Chr2p3319959",2,3319959,6.13769835870143e-07,0.169753086419753,NA,0.000210022297438588,"GLM","NYC","DTF_Sask_2017",6.21199445907306,3.67773459507332,"Suggestive",1.42683820481173
"Lcu.1GRN.Chr2p49725201",2,49725201,6.14475984079836e-07,0.419753086419753,NA,0.000210050247293681,"GLM","NYC","DTF_Sask_2017",6.21149508622818,3.67767680282764,"Suggestive",1.22472500400103
"Lcu.1GRN.Chr5p431248031",5,431248031,6.19146002550951e-07,0.0987654320987654,NA,0.000210987654999514,"GLM","NYC","DTF_Sask_2017",6.20820692670619,3.67574295476124,"Suggestive",-2.17126375031586
"Lcu.1GRN.Chr1p559042011",1,559042011,6.19280062521244e-07,0.381172839506173,NA,0.000210987654999514,"GLM","NYC","DTF_Sask_2017",6.20811290170589,3.67574295476124,"Suggestive",1.37411846417746
"Lcu.1GRN.Chr2p33986969",2,33986969,6.19394878206283e-07,0.109567901234568,NA,0.000210987654999514,"GLM","NYC","DTF_Sask_2017",6.2080323901577,3.67574295476124,"Suggestive",1.74080423603812
"Lcu.1GRN.Chr2p48674268",2,48674268,6.20598381975198e-07,0.33641975308642,NA,0.000210987654999514,"GLM","NYC","DTF_Sask_2017",6.20718936104344,3.67574295476124,"Suggestive",1.57985486264613
"Lcu.1GRN.Chr6p420957439",6,420957439,6.20909537410493e-07,0.479938271604938,NA,0.000210987654999514,"GLM","NYC","DTF_Sask_2017",6.20697166917167,3.67574295476124,"Suggestive",-1.26093512776863
"Lcu.1GRN.Chr2p612920541",2,612920541,6.2103328681111e-07,0.202160493827161,NA,0.000210987654999514,"GLM","NYC","DTF_Sask_2017",6.20688512141608,3.67574295476124,"Suggestive",-1.62448441502073
"Lcu.1GRN.Chr7p371434448",7,371434448,6.21609034490657e-07,0.472222222222222,NA,0.000210987654999514,"GLM","NYC","DTF_Sask_2017",6.20648268210784,3.67574295476124,"Suggestive",1.5852847334634
"Lcu.1GRN.Chr6p420170654",6,420170654,6.23553433805483e-07,0.203703703703704,NA,0.00021135258363126,"GLM","NYC","DTF_Sask_2017",6.20512632484374,3.67499243886907,"Suggestive",1.49962543247497
"Lcu.1GRN.Chr7p645432718",7,645432718,6.23940860862812e-07,0.283950617283951,NA,0.00021135258363126,"GLM","NYC","DTF_Sask_2017",6.20485657220556,3.67499243886907,"Suggestive",-1.41608054948668
"Lcu.1GRN.Chr6p3363200",6,3363200,6.26198680860033e-07,0.267080745341615,NA,0.00463976724933422,"FarmCPU","NYC","DTF_Sask_2017_b",6.20328785159584,2.3335038049764,"Suggestive",-0.105525034673576
"Lcu.1GRN.Chr2p70914001",2,70914001,6.29721923137022e-07,0.33179012345679,NA,0.000213096251629608,"GLM","NYC","DTF_Sask_2017",6.20085118690804,3.67142418947348,"Suggestive",-1.41700477230714
"Lcu.1GRN.Chr2p613374952",2,613374952,6.31476689317987e-07,0.203703703703704,NA,0.000213475296036003,"GLM","NYC","DTF_Sask_2017",6.199642676601,3.67065237551486,"Suggestive",-1.61845005576748
"Lcu.1GRN.Chr4p419264930",4,419264930,6.32751807202801e-07,0.283950617283951,NA,0.000213583213907879,"GLM","NYC","DTF_Sask_2017",6.19876660577922,3.67043288269989,"Suggestive",1.69656191391667
"Lcu.1GRN.Chr6p420958875",6,420958875,6.33262324631507e-07,0.476851851851852,NA,0.000213583213907879,"GLM","NYC","DTF_Sask_2017",6.19841634916099,3.67043288269989,"Suggestive",-1.27691988775935
"Lcu.1GRN.Chr2p80013581",2,80013581,6.34500889406557e-07,0.101851851851852,NA,0.000213583213907879,"GLM","NYC","DTF_Sask_2017",6.19756776480003,3.67043288269989,"Suggestive",2.66289652954515
"Lcu.1GRN.Chr3p388025973",3,388025973,6.34967124894339e-07,0.0848765432098766,NA,0.000213583213907879,"GLM","NYC","DTF_Sask_2017",6.19724875950579,3.67043288269989,"Suggestive",2.03637558976402
"Lcu.1GRN.Chr2p150710113",2,150710113,6.34970772721101e-07,0.407407407407407,NA,0.000213583213907879,"GLM","NYC","DTF_Sask_2017",6.19724626453176,3.67043288269989,"Suggestive",1.33990229447451
"Lcu.1GRN.Chr2p43989580",2,43989580,6.37929218899719e-07,0.0694444444444444,NA,0.0102180160749353,"MLM","NYC","DTF_Nepal_2017",6.19522750552112,1.99063341842316,"Suggestive",8.54288021412631
"Lcu.1GRN.Chr1p363528644",1,363528644,6.39879981660457e-07,0.111290322580645,NA,0.000411538259638973,"MLM","NYC","Cotyledon_Color_RvsY",6.19390147631378,3.38558978334918,"Suggestive",-0.241371804546978
"Lcu.1GRN.Chr6p272684924",6,272684924,6.42427963122776e-07,0.217592592592593,-2.24386643154956,0.0196446878792472,"FarmCPU","Kansas","DTF_Nepal_2017",6.19217556367332,1.70675486699967,"Suggestive",NA
"Lcu.1GRN.Chr6p3363193",6,3363193,6.48306940688915e-07,0.248447204968944,NA,0.00463976724933422,"FarmCPU","NYC","DTF_Sask_2017_b",6.18821932887255,2.3335038049764,"Suggestive",-0.14303454728099
"Lcu.1GRN.Chr6p3363194",6,3363194,6.48306940688915e-07,0.248447204968944,NA,0.00463976724933422,"FarmCPU","NYC","DTF_Sask_2017_b",6.18821932887255,2.3335038049764,"Suggestive",-0.14303454728099
"Lcu.1GRN.Chr6p3363245",6,3363245,6.48306940688915e-07,0.248447204968944,NA,0.00463976724933422,"FarmCPU","NYC","DTF_Sask_2017_b",6.18821932887255,2.3335038049764,"Suggestive",-0.14303454728099
"Lcu.1GRN.Chr6p3363354",6,3363354,6.48306940688915e-07,0.248447204968944,NA,0.00463976724933422,"FarmCPU","NYC","DTF_Sask_2017_b",6.18821932887255,2.3335038049764,"Suggestive",-0.14303454728099
"Lcu.1GRN.Chr1p364634094",1,364634094,6.55399148480287e-07,0.491935483870968,NA,0.000420714972093261,"MLM","NYC","Cotyledon_Color_RvsY",6.18349412720533,3.37601203235718,"Suggestive",-0.170672474357744
"Lcu.1GRN.Chr3p57174305",3,57174305,6.69053511348967e-07,0.237577639751553,0.724707981594169,0.0187539602043265,"FarmCPU","Kansas","DTF_Sask_2017_b",6.17453914567883,1.72690700989458,"Suggestive",NA
"Lcu.1GRN.Chr1p371694971",1,371694971,6.72880022985419e-07,0.133870967741936,NA,0.000431113589888641,"MLM","NYC","Cotyledon_Color_RvsY",6.17206236519712,3.36540828677121,"Suggestive",-0.234000853397601
"Lcu.1GRN.Chr1p382567683",1,382567683,6.90670965075945e-07,0.353225806451613,NA,0.000441670951539354,"MLM","NYC","Cotyledon_Color_RvsY",6.1607288007947,3.35490116311656,"Suggestive",-0.224835710239304
"Lcu.1GRN.Chr1p377699900",1,377699900,6.94466002501499e-07,0.143548387096774,NA,0.000443255115490364,"MLM","NYC","Cotyledon_Color_RvsY",6.1583490102394,3.35334624362007,"Suggestive",-0.279273927804008
"Lcu.1GRN.Chr2p561527709",2,561527709,7.14244381433325e-07,0.183641975308642,0.880057778942744,0.0266942488721759,"FarmCPU","Kansas","DTF_Sask_2017",6.14615316728698,1.57358229489443,"Suggestive",NA
"Lcu.1GRN.Chr1p176394501",1,176394501,7.33819093684634e-07,0.293548387096774,NA,0.0189871174681092,"MLMM","NYC","Cotyledon_Color_RvsY",6.13441099226119,1.72154096273615,"Suggestive",-0.117100439757608
"Lcu.1GRN.Chr1p182238361",1,182238361,7.33819093684634e-07,0.295161290322581,NA,0.0189871174681092,"MLMM","NYC","Cotyledon_Color_RvsY",6.13441099226119,1.72154096273615,"Suggestive",-0.117100439757608
"Lcu.1GRN.Chr1p184184513",1,184184513,7.33819093684634e-07,0.295161290322581,NA,0.0189871174681092,"MLMM","NYC","Cotyledon_Color_RvsY",6.13441099226119,1.72154096273615,"Suggestive",-0.117100439757608
"Lcu.1GRN.Chr1p184590356",1,184590356,7.33819093684634e-07,0.295161290322581,NA,0.0189871174681092,"MLMM","NYC","Cotyledon_Color_RvsY",6.13441099226119,1.72154096273615,"Suggestive",-0.117100439757608
"Lcu.1GRN.Chr1p184834906",1,184834906,7.33819093684634e-07,0.295161290322581,NA,0.0189871174681092,"MLMM","NYC","Cotyledon_Color_RvsY",6.13441099226119,1.72154096273615,"Suggestive",-0.117100439757608
"Lcu.1GRN.Chr1p187418278",1,187418278,7.33819093684634e-07,0.295161290322581,NA,0.0189871174681092,"MLMM","NYC","Cotyledon_Color_RvsY",6.13441099226119,1.72154096273615,"Suggestive",-0.117100439757608
"Lcu.1GRN.Chr1p27007203",1,27007203,7.37100897330868e-07,0.104838709677419,NA,0.019072032117884,"FarmCPU","NYC","Cotyledon_Color_RvsY",6.13247306009912,1.71960303057408,"Suggestive",0.0231372067317679
"Lcu.1GRN.Chr1p363532612",1,363532612,7.37494860350138e-07,0.0935483870967742,NA,0.000468939383159536,"MLM","NYC","Cotyledon_Color_RvsY",6.13224100196587,3.32888329216918,"Suggestive",-0.200300853666864
"Lcu.1GRN.Chr1p363532615",1,363532615,7.37494860350138e-07,0.0935483870967742,NA,0.000468939383159536,"MLM","NYC","Cotyledon_Color_RvsY",6.13224100196587,3.32888329216918,"Suggestive",-0.200300853666864
"Lcu.1GRN.Chr1p372718855",1,372718855,7.43737582323056e-07,0.138709677419355,NA,0.00047201656481747,"MLM","NYC","Cotyledon_Color_RvsY",6.12858027232033,3.32604276008924,"Suggestive",-0.188496771794926
"Lcu.1GRN.Chr1p363998101",1,363998101,7.46085050521655e-07,0.138709677419355,NA,0.000472614670788734,"MLM","NYC","Cotyledon_Color_RvsY",6.12721166198198,3.32549280123158,"Suggestive",-0.191973540019266
"Lcu.1GRN.Chr1p361241759",1,361241759,7.76148535736444e-07,0.082258064516129,NA,0.000490734500977557,"MLM","NYC","Cotyledon_Color_RvsY",6.11005515750771,3.30915340797088,"Suggestive",-0.201936567651833
"Lcu.1GRN.Chr1p387800692",1,387800692,7.82296425958237e-07,0.109677419354839,NA,0.000493693624597175,"MLM","NYC","Cotyledon_Color_RvsY",6.1066286538907,3.3065424810854,"Suggestive",-0.32649361761396
"Lcu.1GRN.Chr1p353439403",1,353439403,7.87763143618412e-07,0.195161290322581,NA,0.000495385171565282,"MLM","NYC","Cotyledon_Color_RvsY",6.10360434200566,3.30505699735405,"Suggestive",-0.215277501530305
"Lcu.1GRN.Chr1p361241833",1,361241833,7.87922319334019e-07,0.182258064516129,NA,0.000495385171565282,"MLM","NYC","Cotyledon_Color_RvsY",6.10351659716469,3.30505699735405,"Suggestive",-0.156738017502046
"Lcu.1GRN.Chr3p403223791",3,403223791,7.88685682112208e-07,0.400621118012422,-0.646284903542636,0.0204067566796182,"FarmCPU","Kansas","DTF_Sask_2017_b",6.10309604333285,1.69022601380781,"Suggestive",NA
"Lcu.1GRN.Chr5p2415356",5,2415356,7.91718655740049e-07,0.208333333333333,NA,0.0121049104125142,"MLM","NYC","DTF_Nepal_2017",6.10142912139918,1.91703842038951,"Suggestive",4.90117993306996
"Lcu.1GRN.Chr1p453093806",1,453093806,8.17488506476987e-07,0.485483870967742,0.0319882304176599,0.0137488078229072,"BLINK","Kansas","Cotyledon_Color_RvsY",6.08751834461105,1.86173495844316,"Suggestive",NA
"Lcu.1GRN.Chr1p362604771",1,362604771,8.19682308772522e-07,0.196774193548387,NA,0.000514391938721804,"MLM","NYC","Cotyledon_Color_RvsY",6.08635443820286,3.28870584606375,"Suggestive",-0.171381558894091
"Lcu.1GRN.Chr6p431580955",6,431580955,8.31860817818365e-07,0.468944099378882,NA,0.0055962105541422,"FarmCPU","NYC","DTF_Sask_2017_b",6.07994933129332,2.25210595379746,"Suggestive",0.122149290684817
"Lcu.1GRN.Chr1p356759576",1,356759576,8.33056652542838e-07,0.458064516129032,NA,0.000521811484256754,"MLM","NYC","Cotyledon_Color_RvsY",6.07932546311888,3.28248636698656,"Suggestive",-0.171388921152591
"Lcu.1GRN.Chr1p363539164",1,363539164,8.47604554953476e-07,0.12741935483871,NA,0.000529937177204528,"MLM","NYC","Cotyledon_Color_RvsY",6.07180671809404,3.27577561192855,"Suggestive",-0.202067660529461
"Lcu.1GRN.Chr1p470218105",1,470218105,8.53294941426378e-07,0.0833333333333334,2.57444975191304,0.0478367099271277,"BLINK","Kansas","DTF_Nepal_2017",6.06890082898019,1.32023869753195,"Suggestive",NA
"Lcu.1GRN.Chr1p361295559",1,361295559,8.5626637847531e-07,0.15,NA,0.000534359467400008,"MLM","NYC","Cotyledon_Color_RvsY",6.06739110833056,3.27216649168543,"Suggestive",-0.171070858502015
"Lcu.1GRN.Chr1p530030808",1,530030808,8.66879151935818e-07,0.374223602484472,-0.737001899184401,0.0208278242642282,"FarmCPU","Kansas","DTF_Sask_2017_b",6.06204144151516,1.68135609536152,"Suggestive",NA
"Lcu.1GRN.Chr1p371694648",1,371694648,8.76209920432045e-07,0.219354838709677,NA,0.000545792782048085,"MLM","NYC","Cotyledon_Color_RvsY",6.05739183405615,3.26297221204724,"Suggestive",-0.188849810579352
"Lcu.1GRN.Chr1p371177889",1,371177889,9.01121787002961e-07,0.132258064516129,NA,0.000560247094978343,"MLM","NYC","Cotyledon_Color_RvsY",6.0452165099654,3.25162038671284,"Suggestive",-0.254042405965047
"Lcu.1GRN.Chr4p5017613",4,5017613,9.02331576289081e-07,0.16820987654321,NA,0.151757282660815,"BLINK","NYC","DTF_Sask_2017",6.0446338446182,0.818850458450304,"Suggestive",-0.876558356980621
"Lcu.1GRN.Chr1p355763860",1,355763860,9.02745886125161e-07,0.454838709677419,NA,0.000560247094978343,"MLM","NYC","Cotyledon_Color_RvsY",6.04443448200633,3.25162038671284,"Suggestive",0.186166362951325
"Lcu.1GRN.Chr2p633968862",2,633968862,9.1709277764722e-07,0.214516129032258,NA,0.022034267595633,"MLMM","NYC","Cotyledon_Color_RvsY",6.03758672672687,1.65690138057323,"Suggestive",0.0650063122619998
"Lcu.1GRN.Chr1p353677571",1,353677571,9.39099915237885e-07,0.238709677419355,NA,0.00058173521397573,"MLM","NYC","Cotyledon_Color_RvsY",6.02728819865187,3.23527464640884,"Suggestive",-0.203520245701715
"Lcu.1GRN.Chr1p361045695",1,361045695,1.04348600962565e-06,0.166129032258065,NA,0.000645210034190718,"MLM","NYC","Cotyledon_Color_RvsY",5.98151336929437,3.19029888716068,"Suggestive",-0.200409810867805
"Lcu.1GRN.Chr1p356893943",1,356893943,1.05380829773906e-06,0.479032258064516,NA,0.000650396946212099,"MLM","NYC","Cotyledon_Color_RvsY",5.97723838609337,3.18682150653814,"Suggestive",-0.173805125540225
"Lcu.1GRN.Chr1p360343122",1,360343122,1.07219239461659e-06,0.170967741935484,NA,0.000660531390476185,"MLM","NYC","Cotyledon_Color_RvsY",5.96972727768128,3.18010653855414,"Suggestive",-0.182842549370478
"Lcu.1GRN.Chr1p373215921",1,373215921,1.07660828159867e-06,0.0935483870967742,0.0378531225537995,0.0172445475169761,"BLINK","Kansas","Cotyledon_Color_RvsY",5.96794228378211,1.76334819668416,"Suggestive",NA
"Lcu.1GRN.Chr1p361412813",1,361412813,1.0871885355022e-06,0.111290322580645,-0.311093903360742,0.0261210247229478,"FarmCPU","Kansas","Cotyledon_Color_RvsY",5.96369513592455,1.58300978977092,"Suggestive",NA
"Lcu.1GRN.Chr1p361414783",1,361414783,1.0871885355022e-06,0.111290322580645,-0.311093903360742,0.0261210247229478,"FarmCPU","Kansas","Cotyledon_Color_RvsY",5.96369513592455,1.58300978977092,"Suggestive",NA
"Lcu.1GRN.Chr1p362093141",1,362093141,1.0871885355022e-06,0.111290322580645,-0.311093903360742,0.0261210247229478,"FarmCPU","Kansas","Cotyledon_Color_RvsY",5.96369513592455,1.58300978977092,"Suggestive",NA
"Lcu.1GRN.Chr1p184679743",1,184679743,1.08887971999198e-06,0.293548387096774,NA,0.0244175469849694,"MLMM","NYC","Cotyledon_Color_RvsY",5.96302009070223,1.61229796792603,"Suggestive",-0.113902669388191
"Lcu.1GRN.Chr1p364675042",1,364675042,1.0891546985023e-06,0.42258064516129,NA,0.000668532296480152,"MLM","NYC","Cotyledon_Color_RvsY",5.96291043068098,3.17487760733347,"Suggestive",-0.197940608033304
"Lcu.1GRN.Chr1p364678449",1,364678449,1.0891546985023e-06,0.42258064516129,NA,0.000668532296480152,"MLM","NYC","Cotyledon_Color_RvsY",5.96291043068098,3.17487760733347,"Suggestive",-0.197940608033304
"Lcu.1GRN.Chr6p431594390",6,431594390,1.09713807331257e-06,0.12888198757764,NA,0.00709694312126789,"FarmCPU","NYC","DTF_Sask_2017_b",5.95973871362459,2.14892867542751,"Suggestive",-0.0884612194809051
"Lcu.1GRN.Chr1p371437011",1,371437011,1.12111339992213e-06,0.232258064516129,NA,0.000686895356997464,"MLM","NYC","Cotyledon_Color_RvsY",5.95035045656685,3.16310941918507,"Suggestive",-0.174166440440174
"Lcu.1GRN.Chr1p359451763",1,359451763,1.14135855761007e-06,0.0951612903225807,NA,0.000698027916268409,"MLM","NYC","Cotyledon_Color_RvsY",5.94257790060431,3.15612720826669,"Suggestive",-0.292141207297564
"Lcu.1GRN.Chr6p3363162",6,3363162,1.15692485235653e-06,0.253105590062112,NA,0.00734247814740769,"FarmCPU","NYC","DTF_Sask_2017_b",5.93669484957617,2.13415733734508,"Suggestive",-0.162302589610789
"Lcu.1GRN.Chr1p371160299",1,371160299,1.24170815983305e-06,0.185483870967742,NA,0.000758021140832237,"MLM","NYC","Cotyledon_Color_RvsY",5.90598046492224,3.12031868194215,"Suggestive",-0.202636241903445
"Lcu.1GRN.Chr1p362780469",1,362780469,1.25535325717448e-06,0.17258064516129,NA,0.000764962697565231,"MLM","NYC","Cotyledon_Color_RvsY",5.90123404625176,3.11635974214908,"Suggestive",-0.155184288728363
"Lcu.1GRN.Chr3p437318245",3,437318245,1.26833663712005e-06,0.118012422360248,NA,0.00768848510058352,"FarmCPU","NYC","DTF_Sask_2017_b",5.8967654623533,2.11415922291233,"Suggestive",0.312000932776982
"Lcu.1GRN.Chr6p431623488",6,431623488,1.28001607063914e-06,0.172360248447205,NA,0.00768848510058352,"FarmCPU","NYC","DTF_Sask_2017_b",5.892784577738,2.11415922291233,"Suggestive",-0.0549467025913373
"Lcu.1GRN.Chr6p431627511",6,431627511,1.28001607063914e-06,0.172360248447205,NA,0.00768848510058352,"FarmCPU","NYC","DTF_Sask_2017_b",5.892784577738,2.11415922291233,"Suggestive",-0.0549467025913373
"Lcu.1GRN.Chr1p408004904",1,408004904,1.28864985861353e-06,0.391935483870968,NA,0.00078383234537479,"MLM","NYC","Cotyledon_Color_RvsY",5.88986506955817,3.10577681903099,"Suggestive",0.171258332469816
"Lcu.1GRN.Chr1p351122862",1,351122862,1.32917430241398e-06,0.179032258064516,NA,0.00080606284287556,"MLM","NYC","Cotyledon_Color_RvsY",5.87641806374278,3.09363109808304,"Suggestive",-0.180319931291487
"Lcu.1GRN.Chr1p357740500",1,357740500,1.32999039084077e-06,0.111290322580645,NA,0.00080606284287556,"MLM","NYC","Cotyledon_Color_RvsY",5.87615149679224,3.09363109808304,"Suggestive",-0.245927093339479
"Lcu.1GRN.Chr1p363356987",1,363356987,1.33424330054563e-06,0.132258064516129,NA,0.000807186000493943,"MLM","NYC","Cotyledon_Color_RvsY",5.8747649691827,3.09302637893288,"Suggestive",-0.223746762801177
"Lcu.1GRN.Chr1p192529878",1,192529878,1.3399222916911e-06,0.296774193548387,NA,0.0281691025930787,"MLMM","NYC","Cotyledon_Color_RvsY",5.87292038765634,1.5502269884804,"Suggestive",-0.111392820442033
"Lcu.1GRN.Chr1p372718797",1,372718797,1.36463713866903e-06,0.151612903225806,NA,0.000824091383164604,"MLM","NYC","Cotyledon_Color_RvsY",5.8649828135489,3.08402462689075,"Suggestive",-0.196594975382328
"Lcu.1GRN.Chr3p433371307",3,433371307,1.36915307137549e-06,0.355590062111801,NA,0.206055815631469,"MLMM","NYC","DTF_Sask_2017_b",5.86354799500885,0.686015123624162,"Suggestive",1.20356444469298
"Lcu.1GRN.Chr1p374029856",1,374029856,1.37077611147349e-06,0.333870967741935,NA,0.000826315140301079,"MLM","NYC","Cotyledon_Color_RvsY",5.86303347262971,3.08285428973542,"Suggestive",-0.183933148046941
"Lcu.1GRN.Chr6p431582947",6,431582947,1.39819148236236e-06,0.239130434782609,NA,0.00825097323417158,"FarmCPU","NYC","DTF_Sask_2017_b",5.85443334787594,2.08349482171655,"Suggestive",0.0521174041687402
"Lcu.1GRN.Chr1p363532833",1,363532833,1.42392534147513e-06,0.0967741935483871,NA,0.000856818417416755,"MLM","NYC","Cotyledon_Color_RvsY",5.84651278080828,3.06711120686282,"Suggestive",-0.194389258500221
"Lcu.1GRN.Chr1p367807629",1,367807629,1.4420863360596e-06,0.398387096774194,NA,0.000866196883216712,"MLM","NYC","Cotyledon_Color_RvsY",5.84100873812432,3.06238338329865,"Suggestive",-0.194354470214907
"Lcu.1GRN.Chr6p3269280",6,3269280,1.44686642695228e-06,0.279320987654321,NA,0.233732858824872,"MLM","NYC","DTF_Sask_2017",5.83957156059844,0.631280228971959,"Suggestive",-1.92907941689416
"Lcu.1GRN.Chr1p371177899",1,371177899,1.45060844785129e-06,0.145161290322581,NA,0.000869762587840273,"MLM","NYC","Cotyledon_Color_RvsY",5.83844979768324,3.06059927710753,"Suggestive",-0.214167439817891
"Lcu.1GRN.Chr6p3267478",6,3267478,1.49590867410287e-06,0.243788819875776,NA,0.00867541918934412,"FarmCPU","NYC","DTF_Sask_2017_b",5.82509491953563,2.0617095312667,"Suggestive",0.0769107472531516
"Lcu.1GRN.Chr1p382566676",1,382566676,1.55126567747906e-06,0.354838709677419,NA,0.000928460110563341,"MLM","NYC","Cotyledon_Color_RvsY",5.80931381638234,3.03223675011953,"Suggestive",-0.220381532456883
"Lcu.1GRN.Chr2p464052023",2,464052023,1.56293950524403e-06,0.476708074534162,0.595613525032718,0.040440097889263,"BLINK","Kansas","DTF_Sask_2017_b",5.80605783135199,1.39318780182695,"Suggestive",NA
"Lcu.1GRN.Chr1p362780498",1,362780498,1.58642879420597e-06,0.193548387096774,NA,0.000947819350303162,"MLM","NYC","Cotyledon_Color_RvsY",5.7995794161431,3.02327442916257,"Suggestive",-0.151745768861932
"Lcu.1GRN.Chr6p40079300",6,40079300,1.61608200195966e-06,0.246913580246914,NA,0.181198884917721,"BLINK","NYC","DTF_Sask_2017",5.7915366063739,0.741844479261693,"Suggestive",-0.932066401787571
"Lcu.1GRN.Chr1p374007375",1,374007375,1.6543035965887e-06,0.385483870967742,NA,0.000986619038783246,"MLM","NYC","Cotyledon_Color_RvsY",5.78138478606284,3.00585050821431,"Suggestive",-0.140908678859245
"Lcu.1GRN.Chr1p371434688",1,371434688,1.66888435632661e-06,0.117741935483871,NA,0.000993553317317722,"MLM","NYC","Cotyledon_Color_RvsY",5.77757375628017,3.00280882226774,"Suggestive",-0.255219970169923
"Lcu.1GRN.Chr1p186405619",1,186405619,1.73615950359574e-06,0.293548387096774,NA,0.0343521625732933,"MLMM","NYC","Cotyledon_Color_RvsY",5.76041037803664,1.46404591758304,"Suggestive",-0.109372258336454
"Lcu.1GRN.Chr3p212552764",3,212552764,1.74295389831651e-06,0.140322580645161,NA,0.00103581656168733,"MLM","NYC","Cotyledon_Color_RvsY",5.7587140999649,2.98471714932129,"Suggestive",-0.231929087600194
"Lcu.1GRN.Chr2p43564881",2,43564881,1.78465405443154e-06,0.174382716049383,NA,0.026099944796825,"MLM","NYC","DTF_Nepal_2017",5.74844595703767,1.58336041122339,"Suggestive",4.91875133672134
"Lcu.1GRN.Chr1p361842704",1,361842704,1.82501870842389e-06,0.0870967741935483,NA,0.00108267384108716,"MLM","NYC","Cotyledon_Color_RvsY",5.73873267919457,2.9655023562556,"Suggestive",-0.193958662734972
"Lcu.1GRN.Chr1p385772156",1,385772156,1.86319081659485e-06,0.196774193548387,NA,0.00110337307289711,"MLM","NYC","Cotyledon_Color_RvsY",5.72974266504444,2.95727761892359,"Suggestive",-0.2455282952251
"Lcu.1GRN.Chr1p364579748",1,364579748,1.88507743633902e-06,0.464516129032258,NA,0.0011143723058507,"MLM","NYC","Cotyledon_Color_RvsY",5.72467080488313,2.95296968944633,"Suggestive",-0.162886512115769
"Lcu.1GRN.Chr1p372537212",1,372537212,1.9111346768802e-06,0.125806451612903,NA,0.00112779410150555,"MLM","NYC","Cotyledon_Color_RvsY",5.71870870731181,2.94777018115243,"Suggestive",-0.212986075883545
"Lcu.1GRN.Chr6p431580662",6,431580662,1.91156675841829e-06,0.302795031055901,NA,0.0108981012852354,"FarmCPU","NYC","DTF_Sask_2017_b",5.71861053033843,1.9626491601487,"Suggestive",0.300957949726808
"Lcu.1GRN.Chr1p361189301",1,361189301,1.93160157615225e-06,0.0790322580645161,NA,0.00113787570466831,"MLM","NYC","Cotyledon_Color_RvsY",5.71408244889504,2.94390517530901,"Suggestive",-0.212915187925706
"Lcu.1GRN.Chr6p431580942",6,431580942,1.94815707849156e-06,0.43944099378882,NA,0.0109215958670162,"FarmCPU","NYC","DTF_Sask_2017_b",5.71037602919671,1.96171389774847,"Suggestive",0.187559716746719
"Lcu.1GRN.Chr1p372694786",1,372694786,1.95653177287159e-06,0.159677419354839,NA,0.00115054671826136,"MLM","NYC","Cotyledon_Color_RvsY",5.70851309503099,2.93909574199214,"Suggestive",-0.198024943762404
"Lcu.1GRN.Chr1p185567443",1,185567443,1.98261921512243e-06,0.296774193548387,-0.138351333442776,0.0444591785022058,"FarmCPU","Kansas","Cotyledon_Color_RvsY",5.70276068904784,1.35203856627164,"Suggestive",NA
"Lcu.1GRN.Chr1p363532773",1,363532773,1.98282961550612e-06,0.0887096774193549,NA,0.00116397635127216,"MLM","NYC","Cotyledon_Color_RvsY",5.70271460310417,2.93405584323969,"Suggestive",-0.189850126702044
"Lcu.1GRN.Chr1p356073219",1,356073219,1.99771539525292e-06,0.425806451612903,NA,0.00117067166263944,"MLM","NYC","Cotyledon_Color_RvsY",5.69946638351508,2.93156489408117,"Suggestive",-0.146562245609698
"Lcu.1GRN.Chr2p86496173",2,86496173,2.00239616265403e-06,0.304012345679012,NA,0.138829854348953,"MLMM","NYC","DTF_Sask_2017",5.698449995671,0.857517131973134,"Suggestive",1.42614736904641
"Lcu.1GRN.Chr3p444694259",3,444694259,2.01607242287062e-06,0.396604938271605,NA,0.0521646332818247,"FarmCPU","NYC","DTF_Sask_2017",5.69549387089311,1.28262384136808,"Suggestive",-0.0531438867886038
"Lcu.1GRN.Chr1p170777246",1,170777246,2.02332851718044e-06,0.0661290322580645,NA,0.00118361903189293,"MLM","NYC","Cotyledon_Color_RvsY",5.69393359739949,2.92678806025724,"Suggestive",0.271210929369262
"Lcu.1GRN.Chr1p373776368",1,373776368,2.03599769837288e-06,0.4,NA,0.00118896256563991,"MLM","NYC","Cotyledon_Color_RvsY",5.69122271729035,2.92483181888169,"Suggestive",-0.176699532742922
"Lcu.1GRN.Chr6p3269091",6,3269091,2.03770747730859e-06,0.158385093167702,NA,0.0112363532954075,"FarmCPU","NYC","DTF_Sask_2017_b",5.69085816091298,1.94937461409187,"Suggestive",-0.178591238875299
"Lcu.1GRN.Chr1p361279103",1,361279103,2.18396753950669e-06,0.164516129032258,NA,0.00127316223459488,"MLM","NYC","Cotyledon_Color_RvsY",5.66075382087476,2.89511625219862,"Suggestive",-0.147598323576643
"Lcu.1GRN.Chr2p44071765",2,44071765,2.19609414886636e-06,0.0709876543209876,NA,0.0307789000238221,"MLM","NYC","DTF_Nepal_2017",5.65834904516154,1.51174690504127,"Suggestive",7.9706902931103
"Lcu.1GRN.Chr4p491731805",4,491731805,2.2025428097075e-06,0.130645161290323,0.0466226505934768,0.0463039198295552,"FarmCPU","Kansas","Cotyledon_Color_RvsY",5.6570756416723,1.33438224249635,"Suggestive",NA
"Lcu.1GRN.Chr1p363825842",1,363825842,2.20711101935772e-06,0.103225806451613,NA,0.00128442787586211,"MLM","NYC","Cotyledon_Color_RvsY",5.65617582094718,2.89129027753584,"Suggestive",-0.180614533663113
"Lcu.1GRN.Chr6p349266866",6,349266866,2.25903896645525e-06,0.0629032258064516,NA,0.00131237678761598,"MLM","NYC","Cotyledon_Color_RvsY",5.64607627781335,2.88194145970891,"Suggestive",0.29186269571653
"Lcu.1GRN.Chr1p364633946",1,364633946,2.27154146517301e-06,0.420967741935484,NA,0.00131736480692388,"MLM","NYC","Cotyledon_Color_RvsY",5.64367933107851,2.88029394280958,"Suggestive",-0.190015570561378
"Lcu.1GRN.Chr1p72514216",1,72514216,2.27550409154948e-06,0.424193548387097,NA,0.00131739154003825,"MLM","NYC","Cotyledon_Color_RvsY",5.64292237925855,2.88028512981701,"Suggestive",0.174790478315111
"Lcu.1GRN.Chr1p367805705",1,367805705,2.30553087675042e-06,0.361290322580645,NA,0.00133248196635723,"MLM","NYC","Cotyledon_Color_RvsY",5.63722905713031,2.87533865994833,"Suggestive",-0.157875476788459
"Lcu.1GRN.Chr6p3366261",6,3366261,2.33966278127945e-06,0.273291925465838,NA,0.0126933121088811,"FarmCPU","NYC","DTF_Sask_2017_b",5.63084673352285,1.89642504118923,"Suggestive",-0.0698375063646495
"Lcu.1GRN.Chr1p371784277",1,371784277,2.34376875665882e-06,0.103225806451613,NA,0.00135225808811502,"MLM","NYC","Cotyledon_Color_RvsY",5.63008523935239,2.86894041227953,"Suggestive",-0.249999422539216
"Lcu.1GRN.Chr5p1941396",5,1941396,2.34892602263226e-06,0.151234567901235,NA,0.0316040479781898,"MLM","NYC","DTF_Nepal_2017",5.62913066073134,1.5002572875715,"Suggestive",6.18102562363782
"Lcu.1GRN.Chr4p462942154",4,462942154,2.35526781737544e-06,0.238709677419355,NA,0.0424299688714022,"MLMM","NYC","Cotyledon_Color_RvsY",5.62795970212525,1.37232728685189,"Suggestive",0.0470230210409858
"Lcu.1GRN.Chr1p176318641",1,176318641,2.39669589631754e-06,0.296774193548387,NA,0.0424299688714022,"MLMM","NYC","Cotyledon_Color_RvsY",5.62038706773094,1.37232728685189,"Suggestive",-0.108013815167126
"Lcu.1GRN.Chr1p370984914",1,370984914,2.45539861095887e-06,0.17258064516129,NA,0.00141187571754773,"MLM","NYC","Cotyledon_Color_RvsY",5.60987799417753,2.85020353101706,"Suggestive",-0.245839718768945
"Lcu.1GRN.Chr1p361910110",1,361910110,2.45549442949344e-06,0.0467741935483871,NA,0.00141187571754773,"MLM","NYC","Cotyledon_Color_RvsY",5.60986104676675,2.85020353101706,"Suggestive",-0.268328669950605
"Lcu.1GRN.Chr1p363532625",1,363532625,2.49532514370313e-06,0.0854838709677419,NA,0.0014323294071877,"MLM","NYC","Cotyledon_Color_RvsY",5.60287285728872,2.84395709147494,"Suggestive",-0.19667831455975
"Lcu.1GRN.Chr1p183411815",1,183411815,2.54248649549083e-06,0.290322580645161,NA,0.0427604277514382,"MLMM","NYC","Cotyledon_Color_RvsY",5.59474134516997,1.36895795900208,"Suggestive",-0.106084182958995
"Lcu.1GRN.Chr1p362687151",1,362687151,2.54345892763338e-06,0.156451612903226,NA,0.00145747129320487,"MLM","NYC","Cotyledon_Color_RvsY",5.59457527106436,2.83639999048009,"Suggestive",-0.179475589576368
"Lcu.1GRN.Chr1p371779951",1,371779951,2.56059812500627e-06,0.353225806451613,NA,0.00146479712502378,"MLM","NYC","Cotyledon_Color_RvsY",5.59165857685664,2.83422252110091,"Suggestive",0.17256301457633
"Lcu.1GRN.Chr2p426093179",2,426093179,2.60419424556699e-06,0.25462962962963,NA,0.218991251449658,"MLMM","NYC","DTF_Nepal_2017",5.58432662508402,0.659573234580109,"Suggestive",-4.62903237537138
"Lcu.1GRN.Chr2p7983167",2,7983167,2.6674013098512e-06,0.0548387096774193,-0.0453889411833765,0.0407829898359417,"BLINK","Kansas","Cotyledon_Color_RvsY",5.57391163989972,1.38952093889005,"Suggestive",NA
"Lcu.1GRN.Chr1p372853217",1,372853217,2.66890983998737e-06,0.104838709677419,NA,0.00152416501892535,"MLM","NYC","Cotyledon_Color_RvsY",5.57366609712195,2.81696801007718,"Suggestive",-0.191444831287368
"Lcu.1GRN.Chr2p44640365",2,44640365,2.67098307775446e-06,0.101851851851852,NA,0.0336128543931436,"MLM","NYC","DTF_Nepal_2017",5.57332886348036,1.47349460581214,"Suggestive",5.75455813124282
"Lcu.1GRN.Chr6p431625031",6,431625031,2.68717269815669e-06,0.459627329192547,NA,0.0142956085034326,"FarmCPU","NYC","DTF_Sask_2017_b",5.57070442160318,1.8447973538381,"Suggestive",0.0801149445795915
"Lcu.1GRN.Chr1p361280350",1,361280350,2.70126942731551e-06,0.229032258064516,NA,0.00154003032789464,"MLM","NYC","Cotyledon_Color_RvsY",5.568432096686,2.81247072649627,"Suggestive",-0.147825008558072
"Lcu.1GRN.Chr1p437280693",1,437280693,2.72000209360516e-06,0.270186335403727,NA,0.0142956085034326,"FarmCPU","NYC","DTF_Sask_2017_b",5.56543076168609,1.8447973538381,"Suggestive",0.129557905748698
"Lcu.1GRN.Chr6p351968304",6,351968304,2.76539639140002e-06,0.0629032258064516,NA,0.00157392231469721,"MLM","NYC","Cotyledon_Color_RvsY",5.55824260820771,2.80301670725709,"Suggestive",0.266111750791345
"Lcu.1GRN.Chr2p8164918",2,8164918,2.78215446309856e-06,0.162903225806452,NA,0.00157957262620206,"MLM","NYC","Cotyledon_Color_RvsY",5.55561876197548,2.80146040113985,"Suggestive",-0.161974698299531
"Lcu.1GRN.Chr1p374289979",1,374289979,2.78577043510735e-06,0.388709677419355,NA,0.00157957262620206,"MLM","NYC","Cotyledon_Color_RvsY",5.55505467501683,2.80146040113985,"Suggestive",-0.183202791425934
"Lcu.1GRN.Chr5p1941443",5,1941443,2.78598254029169e-06,0.152777777777778,NA,0.0336128543931436,"MLM","NYC","DTF_Nepal_2017",5.55502160962014,1.47349460581214,"Suggestive",6.11640337000087
"Lcu.1GRN.Chr1p372905654",1,372905654,2.7894119814489e-06,0.156451612903226,NA,0.00157957262620206,"MLM","NYC","Cotyledon_Color_RvsY",5.55448733799053,2.80146040113985,"Suggestive",-0.205001701879748
"Lcu.1GRN.Chr2p426093179",2,426093179,2.79801503419783e-06,0.25462962962963,NA,0.0336128543931436,"MLM","NYC","DTF_Nepal_2017",5.5531499563018,1.47349460581214,"Suggestive",-5.67090311078609
"Lcu.1GRN.Chr1p364662628",1,364662628,2.80592922972906e-06,0.440322580645161,NA,0.00158625545750635,"MLM","NYC","Cotyledon_Color_RvsY",5.55192328680935,2.79962687070602,"Suggestive",-0.185724367681183
"Lcu.1GRN.Chr2p472553204",2,472553204,2.87668028870429e-06,0.109677419354839,NA,0.0460771580319331,"MLMM","NYC","Cotyledon_Color_RvsY",5.54110840247082,1.33651431537286,"Suggestive",-0.0697894434553098
"Lcu.1GRN.Chr3p433418657",3,433418657,2.88701732218803e-06,0.364906832298137,NA,0.206055815631469,"MLMM","NYC","DTF_Sask_2017_b",5.53955061033192,0.686015123624162,"Suggestive",1.1275279502451
"Lcu.1GRN.Chr2p44193346",2,44193346,2.98520264740762e-06,0.0725308641975309,NA,0.0346249537551917,"MLM","NYC","DTF_Nepal_2017",5.52502618190023,1.46061079796731,"Suggestive",7.35504911934622
"Lcu.1GRN.Chr3p433371387",3,433371387,3.28738094443722e-06,0.372670807453416,NA,0.206055815631469,"MLMM","NYC","DTF_Sask_2017_b",5.48314996659655,0.686015123624162,"Suggestive",1.14425133618353
"Lcu.1GRN.Chr2p7752543",2,7752543,3.31000826310775e-06,0.275806451612903,NA,0.00186808313663887,"MLM","NYC","Cotyledon_Color_RvsY",5.48017092204977,2.72860379995813,"Suggestive",-0.130078273377246
"Lcu.1GRN.Chr1p359850981",1,359850981,3.32428134150917e-06,0.161290322580645,NA,0.00187299588274609,"MLM","NYC","Cotyledon_Color_RvsY",5.47830222800032,2.72746317729781,"Suggestive",-0.158017185883866
"Lcu.1GRN.Chr1p374131722",1,374131722,3.365005489104e-06,0.32741935483871,NA,0.00189277057082516,"MLM","NYC","Cotyledon_Color_RvsY",5.47301422300445,2.72290202516099,"Suggestive",-0.174608628144648
"Lcu.1GRN.Chr5p1988309",5,1988309,3.44182505446399e-06,0.226851851851852,NA,0.0380215201819513,"MLM","NYC","DTF_Nepal_2017",5.46321120832916,1.41997052309828,"Suggestive",-3.58405676003013
"Lcu.1GRN.Chr1p407975497",1,407975497,3.45073977676948e-06,0.390322580645161,NA,0.00193775456843509,"MLM","NYC","Cotyledon_Color_RvsY",5.4620877899911,2.71270123054853,"Suggestive",0.164507171080876
"Lcu.1GRN.Chr1p374029397",1,374029397,3.47284459085876e-06,0.335483870967742,NA,0.00194691719415565,"MLM","NYC","Cotyledon_Color_RvsY",5.45931465085066,2.71065251940243,"Suggestive",-0.182829994423341
"Lcu.1GRN.Chr1p356198092",1,356198092,3.49030969525387e-06,0.496774193548387,NA,0.0019534525811372,"MLM","NYC","Cotyledon_Color_RvsY",5.45713603637245,2.70919712654332,"Suggestive",0.138707218014772
"Lcu.1GRN.Chr3p433371307",3,433371307,3.5068186906721e-06,0.355590062111801,0.5783599825134,0.0794540622058495,"BLINK","Kansas","DTF_Sask_2017_b",5.45508668740511,1.09988389394451,"Suggestive",NA
"Lcu.1GRN.Chr1p360324619",1,360324619,3.533803277092e-06,0.0838709677419355,NA,0.0522740752449912,"MLMM","NYC","Cotyledon_Color_RvsY",5.45175763084833,1.28171364133286,"Suggestive",0.0592405608493459
"Lcu.1GRN.Chr2p588798863",2,588798863,3.54318626110095e-06,0.346273291925466,-0.699474023616318,0.0794540622058495,"BLINK","Kansas","DTF_Sask_2017_b",5.4506060167207,1.09988389394451,"Suggestive",NA
"Lcu.1GRN.Chr3p434245743",3,434245743,3.54933374298531e-06,0.479813664596273,NA,0.206055815631469,"MLMM","NYC","DTF_Sask_2017_b",5.44985316212825,0.686015123624162,"Suggestive",1.11543215398511
"Lcu.1GRN.Chr4p333068445",4,333068445,3.5743807526743e-06,0.253225806451613,NA,0.0522740752449912,"MLMM","NYC","Cotyledon_Color_RvsY",5.44679918714714,1.28171364133286,"Suggestive",0.0655676645268216
"Lcu.1GRN.Chr2p134372283",2,134372283,3.58943388322941e-06,0.448757763975155,-0.54766755920215,0.0804911404666818,"FarmCPU","Kansas","DTF_Sask_2017_b",5.44497404188878,1.09425191911259,"Suggestive",NA
"Lcu.1GRN.Chr7p14499615",7,14499615,3.60091766720076e-06,0.275806451612903,0.0387770638872564,0.0712488160566658,"FarmCPU","Kansas","Cotyledon_Color_RvsY",5.44358680839521,1.14722234794161,"Suggestive",NA
"Lcu.1GRN.Chr5p2102310",5,2102310,3.61714628909031e-06,0.117283950617284,NA,0.0380215201819513,"MLM","NYC","DTF_Nepal_2017",5.44163392661025,1.41997052309828,"Suggestive",-4.02057983965981
"Lcu.1GRN.Chr5p2102312",5,2102312,3.61714628909031e-06,0.117283950617284,NA,0.0380215201819513,"MLM","NYC","DTF_Nepal_2017",5.44163392661025,1.41997052309828,"Suggestive",-4.02057983965981
"Lcu.1GRN.Chr3p434245746",3,434245746,3.67555346924286e-06,0.481366459627329,NA,0.206055815631469,"MLMM","NYC","DTF_Sask_2017_b",5.43467725507239,0.686015123624162,"Suggestive",1.1174471542694
"Lcu.1GRN.Chr1p369785877",1,369785877,3.68168484142495e-06,0.187096774193548,NA,0.0020537268408882,"MLM","NYC","Cotyledon_Color_RvsY",5.43395339059793,2.6874573209062,"Suggestive",-0.215681071568295
"Lcu.1GRN.Chr1p369819310",1,369819310,3.68168484142495e-06,0.187096774193548,NA,0.0020537268408882,"MLM","NYC","Cotyledon_Color_RvsY",5.43395339059793,2.6874573209062,"Suggestive",-0.215681071568295
"Lcu.1GRN.Chr1p362370694",1,362370694,3.71735848472408e-06,0.183870967741935,-0.120843769853398,0.0543650748448341,"BLINK","Kansas","Cotyledon_Color_RvsY",5.42976555554932,1.26468000973504,"Suggestive",NA
"Lcu.1GRN.Chr5p1685033",5,1685033,3.73353041064467e-06,0.192901234567901,NA,0.0380556492011308,"MLM","NYC","DTF_Nepal_2017",5.42788030687185,1.41958086491786,"Suggestive",5.30437287391046
"Lcu.1GRN.Chr1p359850983",1,359850983,3.86527830460571e-06,0.162903225806452,NA,0.00215256964815448,"MLM","NYC","Cotyledon_Color_RvsY",5.41281923090395,2.66704278769321,"Suggestive",-0.156181770986415
"Lcu.1GRN.Chr1p364467275",1,364467275,3.92702099904014e-06,0.0790322580645161,NA,0.00218296923005448,"MLM","NYC","Cotyledon_Color_RvsY",5.40593677641156,2.66095238582624,"Suggestive",-0.195588577256885
"Lcu.1GRN.Chr1p374129762",1,374129762,3.9328452357485e-06,0.337096774193548,NA,0.00218296923005448,"MLM","NYC","Cotyledon_Color_RvsY",5.40529314349183,2.66095238582624,"Suggestive",-0.177564341094932
"Lcu.1GRN.Chr1p374024130",1,374024130,3.97500574913936e-06,0.32258064516129,NA,0.00220273601123683,"MLM","NYC","Cotyledon_Color_RvsY",5.40066223887727,2.65703754812066,"Suggestive",-0.172638126652731
"Lcu.1GRN.Chr1p362085886",1,362085886,3.99054354603773e-06,0.112903225806452,-0.254377488019855,0.0745715089416708,"FarmCPU","Kansas","Cotyledon_Color_RvsY",5.39896794567478,1.12742706894621,"Suggestive",NA
"Lcu.1GRN.Chr2p44078808",2,44078808,4.1382836831079e-06,0.0740740740740741,NA,0.0386661685454432,"MLM","NYC","DTF_Nepal_2017",5.38317974136833,1.41266886030375,"Suggestive",7.12272765916977
"Lcu.1GRN.Chr2p44142916",2,44142916,4.1382836831079e-06,0.0740740740740741,NA,0.0386661685454432,"MLM","NYC","DTF_Nepal_2017",5.38317974136833,1.41266886030375,"Suggestive",7.12272765916977
"Lcu.1GRN.Chr2p44193620",2,44193620,4.1382836831079e-06,0.0740740740740741,NA,0.0386661685454432,"MLM","NYC","DTF_Nepal_2017",5.38317974136833,1.41266886030375,"Suggestive",7.12272765916977
"Lcu.1GRN.Chr6p3270370",6,3270370,4.14005559278532e-06,0.270186335403727,NA,0.0209845643835965,"FarmCPU","NYC","DTF_Sask_2017_b",5.38299382712118,1.67810004183319,"Suggestive",-0.0368629668637936
"Lcu.1GRN.Chr2p86423723",2,86423723,4.16671486814626e-06,0.313271604938272,NA,0.138829854348953,"MLMM","NYC","DTF_Sask_2017",5.38020621766788,0.857517131973134,"Suggestive",1.48677564383452
"Lcu.1GRN.Chr6p3267167",6,3267167,4.17985656649125e-06,0.312111801242236,NA,0.0209845643835965,"FarmCPU","NYC","DTF_Sask_2017_b",5.37883862096424,1.67810004183319,"Suggestive",-0.0795831296844369
"Lcu.1GRN.Chr7p631587796",7,631587796,4.22695324000359e-06,0.379032258064516,NA,0.059241982520012,"MLMM","NYC","Cotyledon_Color_RvsY",5.37397255645788,1.22737041633762,"Suggestive",-0.0401386715113572
"Lcu.1GRN.Chr2p86496173",2,86496173,4.23485773348296e-06,0.304012345679012,NA,0.233732858824872,"MLM","NYC","DTF_Sask_2017",5.37316117484948,0.631280228971959,"Suggestive",1.42614773596265
"Lcu.1GRN.Chr1p356473128",1,356473128,4.29343427268566e-06,0.480645161290323,NA,0.00237527895723759,"MLM","NYC","Cotyledon_Color_RvsY",5.3671951812405,2.62428537868136,"Suggestive",-0.160183601037407
"Lcu.1GRN.Chr1p361190950",1,361190950,4.32881954844898e-06,0.179032258064516,NA,0.00238866020063604,"MLM","NYC","Cotyledon_Color_RvsY",5.36363051784734,2.62184562650995,"Suggestive",-0.150258308554439
"Lcu.1GRN.Chr1p364634103",1,364634103,4.33182423480301e-06,0.485483870967742,NA,0.00238866020063604,"MLM","NYC","Cotyledon_Color_RvsY",5.36332917333106,2.62184562650995,"Suggestive",0.148067071156061
"Lcu.1GRN.Chr4p101596334",4,101596334,4.34423923260198e-06,0.0935483870967742,NA,0.0023915854630976,"MLM","NYC","Cotyledon_Color_RvsY",5.36208626662867,2.62131409503935,"Suggestive",-0.266753531408854
"Lcu.1GRN.Chr6p88455606",6,88455606,4.37649027114979e-06,0.158950617283951,NA,0.0397866730550227,"MLM","NYC","DTF_Nepal_2017",5.35887403262335,1.40026237485847,"Suggestive",8.29762807478411
"Lcu.1GRN.Chr1p437949617",1,437949617,4.51766335759717e-06,0.101851851851852,NA,0.138829854348953,"MLMM","NYC","DTF_Sask_2017",5.34508613450132,0.857517131973134,"Suggestive",2.38249989161849
"Lcu.1GRN.Chr2p45088100",2,45088100,4.52450782133891e-06,0.135802469135803,NA,0.380473780585077,"BLINK","NYC","DTF_Sask_2017",5.34442865670235,0.419675266198435,"Suggestive",1.60583594783247
"Lcu.1GRN.Chr1p185567443",1,185567443,4.52972771782799e-06,0.296774193548387,NA,0.0609460369305059,"MLMM","NYC","Cotyledon_Color_RvsY",5.34392790266681,1.21505452950697,"Suggestive",-0.106977516190439
"Lcu.1GRN.Chr5p2097580",5,2097580,4.53924450700715e-06,0.118827160493827,NA,0.040180317291802,"MLM","NYC","DTF_Nepal_2017",5.34301642329724,1.39598663808218,"Suggestive",-3.95075022254817
"Lcu.1GRN.Chr6p431624889",6,431624889,4.57862733792734e-06,0.312111801242236,NA,0.0226485167908324,"FarmCPU","NYC","DTF_Sask_2017_b",5.33926470298202,1.64496023385639,"Suggestive",0.00616651843418481
"Lcu.1GRN.Chr1p74267869",1,74267869,4.60963648506949e-06,0.408064516129032,NA,0.00253354509080616,"MLM","NYC","Cotyledon_Color_RvsY",5.33633332162839,2.59627136194207,"Suggestive",0.177134235522143
"Lcu.1GRN.Chr6p158596923",6,158596923,4.64053255871296e-06,0.157407407407407,NA,0.311327997643846,"MLMM","NYC","DTF_Nepal_2017",5.33343217590239,0.506781821574232,"Suggestive",6.47613119420273
"Lcu.1GRN.Chr2p2378441",2,2378441,4.66024821836676e-06,0.45,NA,0.00255718387025672,"MLM","NYC","Cotyledon_Color_RvsY",5.33159095090741,2.59223804359395,"Suggestive",-0.119771860104897
"Lcu.1GRN.Chr1p437357187",1,437357187,4.71736478482439e-06,0.285714285714286,NA,0.0229966063851743,"FarmCPU","NYC","DTF_Sask_2017_b",5.32630053929154,1.63833624819692,"Suggestive",0.0544681032383778
"Lcu.1GRN.Chr1p385772554",1,385772554,4.7518612352316e-06,0.146774193548387,NA,0.00260320734220057,"MLM","NYC","Cotyledon_Color_RvsY",5.32313625019292,2.58449123950222,"Suggestive",-0.275634537918
"Lcu.1GRN.Chr2p7898651",2,7898651,4.78534265776119e-06,0.403225806451613,NA,0.00261728675408644,"MLM","NYC","Cotyledon_Color_RvsY",5.3200869588178,2.58214869276135,"Suggestive",-0.135434724534123
"Lcu.1GRN.Chr1p362779232",1,362779232,4.84297033951612e-06,0.174193548387097,NA,0.00264450552628575,"MLM","NYC","Cotyledon_Color_RvsY",5.31488819075605,2.5776555210886,"Suggestive",-0.176118867025004
"Lcu.1GRN.Chr1p364547480",1,364547480,4.90271337168019e-06,0.483870967741935,NA,0.00267278928475194,"MLM","NYC","Cotyledon_Color_RvsY",5.30956349625746,2.57303527845883,"Suggestive",0.134717029847558
"Lcu.1GRN.Chr7p4676128",7,4676128,4.94390485619394e-06,0.342592592592593,0.507835451343419,0.166296644476339,"FarmCPU","Kansas","DTF_Sask_2017",5.3059298956918,0.779116513859929,"Suggestive",NA
"Lcu.1GRN.Chr1p224275841",1,224275841,4.95739441374986e-06,0.140322580645161,NA,0.0641347648757615,"MLMM","NYC","Cotyledon_Color_RvsY",5.30474652694901,1.19290649308795,"Suggestive",0.074032983966264
"Lcu.1GRN.Chr1p356480916",1,356480916,5.00827626306722e-06,0.5,NA,0.00272592048831575,"MLM","NYC","Cotyledon_Color_RvsY",5.30031172288539,2.56448681614233,"Suggestive",0.150459848598163
