"REF_DATE","GEO","DGUID","UOM","UOM_ID","SCALAR_FACTOR","SCALAR_ID","VECTOR","COORDINATE","VALUE","STATUS","SYMBOL","TERMINATED","DECIMALS"
"1946-01-01","Canada","2021A000011124","Persons","249","units","0","v1","1","12188000","","","","0"
"1946-04-01","Canada","2021A000011124","Persons","249","units","0","v1","1","12241000","","","","0"
"1946-07-01","Canada","2021A000011124","Persons","249","units","0","v1","1","12316000","","","","0"
"1946-10-01","Canada","2021A000011124","Persons","249","units","0","v1","1","12393000","","","","0"
"1947-01-01","Canada","2021A000011124","Persons","249","units","0","v1","1","12450000","","","","0"
"1947-04-01","Canada","2021A000011124","Persons","249","units","0","v1","1","12507000","","","","0"
"1947-07-01","Canada","2021A000011124","Persons","249","units","0","v1","1","12576000","","","","0"
"1947-10-01","Canada","2021A000011124","Persons","249","units","0","v1","1","12646000","","","","0"
"1948-01-01","Canada","2021A000011124","Persons","249","units","0","v1","1","12710000","","","","0"
"1948-04-01","Canada","2021A000011124","Persons","249","units","0","v1","1","12773000","","","","0"
"1948-07-01","Canada","2021A000011124","Persons","249","units","0","v1","1","12852000","","","","0"
"1948-10-01","Canada","2021A000011124","Persons","249","units","0","v1","1","12930000","","","","0"
"1949-01-01","Canada","2021A000011124","Persons","249","units","0","v1","1","12998000","","","","0"
"1949-04-01","Canada","2021A000011124","Persons","249","units","0","v1","1","13399000","","","","0"
"1949-07-01","Canada","2021A000011124","Persons","249","units","0","v1","1","13475000","","","","0"
"1949-10-01","Canada","2021A000011124","Persons","249","units","0","v1","1","13548000","","","","0"
"1950-01-01","Canada","2021A000011124","Persons","249","units","0","v1","1","13607000","","","","0"
"1950-04-01","Canada","2021A000011124","Persons","249","units","0","v1","1","13663000","","","","0"
"1950-07-01","Canada","2021A000011124","Persons","249","units","0","v1","1","13737000","","","","0"
"1950-10-01","Canada","2021A000011124","Persons","249","units","0","v1","1","13807000","","","","0"
"1951-01-01","Canada","2021A000011124","Persons","249","units","0","v1","1","13870000","","","","0"
"1951-04-01","Canada","2021A000011124","Persons","249","units","0","v1","1","13937000","","","","0"
"1951-07-01","Canada","2021A000011124","Persons","249","units","0","v1","1","14050000","","","","0"
"1951-10-01","Canada","2021A000011124","Persons","249","units","0","v1","1","14163000","","","","0"
"1952-01-01","Canada","2021A000011124","Persons","249","units","0","v1","1","14277000","","","","0"
"1952-04-01","Canada","2021A000011124","Persons","249","units","0","v1","1","14376000","","","","0"
"1952-07-01","Canada","2021A000011124","Persons","249","units","0","v1","1","14496000","","","","0"
"1952-10-01","Canada","2021A000011124","Persons","249","units","0","v1","1","14598000","","","","0"
"1953-01-01","Canada","2021A000011124","Persons","249","units","0","v1","1","14682000","","","","0"
"1953-04-01","Canada","2021A000011124","Persons","249","units","0","v1","1","14763000","","","","0"
"1953-07-01","Canada","2021A000011124","Persons","249","units","0","v1","1","14886000","","","","0"
"1953-10-01","Canada","2021A000011124","Persons","249","units","0","v1","1","15001000","","","","0"
"1954-01-01","Canada","2021A000011124","Persons","249","units","0","v1","1","15105000","","","","0"
"1954-04-01","Canada","2021A000011124","Persons","249","units","0","v1","1","15199000","","","","0"
"1954-07-01","Canada","2021A000011124","Persons","249","units","0","v1","1","15330000","","","","0"
"1954-10-01","Canada","2021A000011124","Persons","249","units","0","v1","1","15444000","","","","0"
"1955-01-01","Canada","2021A000011124","Persons","249","units","0","v1","1","15535000","","","","0"
"1955-04-01","Canada","2021A000011124","Persons","249","units","0","v1","1","15620000","","","","0"
"1955-07-01","Canada","2021A000011124","Persons","249","units","0","v1","1","15736000","","","","0"
"1955-10-01","Canada","2021A000011124","Persons","249","units","0","v1","1","15834000","","","","0"
"1956-01-01","Canada","2021A000011124","Persons","249","units","0","v1","1","15919000","","","","0"
"1956-04-01","Canada","2021A000011124","Persons","249","units","0","v1","1","16004000","","","","0"
"1956-07-01","Canada","2021A000011124","Persons","249","units","0","v1","1","16123000","","","","0"
"1956-10-01","Canada","2021A000011124","Persons","249","units","0","v1","1","16235000","","","","0"
"1957-01-01","Canada","2021A000011124","Persons","249","units","0","v1","1","16352000","","","","0"
"1957-04-01","Canada","2021A000011124","Persons","249","units","0","v1","1","16479000","","","","0"
"1957-07-01","Canada","2021A000011124","Persons","249","units","0","v1","1","16677000","","","","0"
"1957-10-01","Canada","2021A000011124","Persons","249","units","0","v1","1","16810000","","","","0"
"1958-01-01","Canada","2021A000011124","Persons","249","units","0","v1","1","16907000","","","","0"
"1958-04-01","Canada","2021A000011124","Persons","249","units","0","v1","1","16997000","","","","0"
"1958-07-01","Canada","2021A000011124","Persons","249","units","0","v1","1","17120000","","","","0"
"1958-10-01","Canada","2021A000011124","Persons","249","units","0","v1","1","17225000","","","","0"
"1959-01-01","Canada","2021A000011124","Persons","249","units","0","v1","1","17318000","","","","0"
"1959-04-01","Canada","2021A000011124","Persons","249","units","0","v1","1","17406000","","","","0"
"1959-07-01","Canada","2021A000011124","Persons","249","units","0","v1","1","17522000","","","","0"
"1959-10-01","Canada","2021A000011124","Persons","249","units","0","v1","1","17624000","","","","0"
"1960-01-01","Canada","2021A000011124","Persons","249","units","0","v1","1","17710000","","","","0"
"1960-04-01","Canada","2021A000011124","Persons","249","units","0","v1","1","17793000","","","","0"
"1960-07-01","Canada","2021A000011124","Persons","249","units","0","v1","1","17909000","","","","0"
"1960-10-01","Canada","2021A000011124","Persons","249","units","0","v1","1","18009000","","","","0"
"1961-01-01","Canada","2021A000011124","Persons","249","units","0","v1","1","18092000","","","","0"
"1961-04-01","Canada","2021A000011124","Persons","249","units","0","v1","1","18172000","","","","0"
"1961-07-01","Canada","2021A000011124","Persons","249","units","0","v1","1","18271000","","","","0"
"1961-10-01","Canada","2021A000011124","Persons","249","units","0","v1","1","18363000","","","","0"
"1962-01-01","Canada","2021A000011124","Persons","249","units","0","v1","1","18442000","","","","0"
"1962-04-01","Canada","2021A000011124","Persons","249","units","0","v1","1","18519000","","","","0"
"1962-07-01","Canada","2021A000011124","Persons","249","units","0","v1","1","18614000","","","","0"
"1962-10-01","Canada","2021A000011124","Persons","249","units","0","v1","1","18708000","","","","0"
"1963-01-01","Canada","2021A000011124","Persons","249","units","0","v1","1","18787000","","","","0"
"1963-04-01","Canada","2021A000011124","Persons","249","units","0","v1","1","18864000","","","","0"
"1963-07-01","Canada","2021A000011124","Persons","249","units","0","v1","1","18964000","","","","0"
"1963-10-01","Canada","2021A000011124","Persons","249","units","0","v1","1","19061000","","","","0"
"1964-01-01","Canada","2021A000011124","Persons","249","units","0","v1","1","19142000","","","","0"
"1964-04-01","Canada","2021A000011124","Persons","249","units","0","v1","1","19222000","","","","0"
"1964-07-01","Canada","2021A000011124","Persons","249","units","0","v1","1","19325000","","","","0"
"1964-10-01","Canada","2021A000011124","Persons","249","units","0","v1","1","19420000","","","","0"
"1965-01-01","Canada","2021A000011124","Persons","249","units","0","v1","1","19501000","","","","0"
"1965-04-01","Canada","2021A000011124","Persons","249","units","0","v1","1","19578000","","","","0"
"1965-07-01","Canada","2021A000011124","Persons","249","units","0","v1","1","19678000","","","","0"
"1965-10-01","Canada","2021A000011124","Persons","249","units","0","v1","1","19777000","","","","0"
"1966-01-01","Canada","2021A000011124","Persons","249","units","0","v1","1","19857000","","","","0"
"1966-04-01","Canada","2021A000011124","Persons","249","units","0","v1","1","19939000","","","","0"
"1966-07-01","Canada","2021A000011124","Persons","249","units","0","v1","1","20048000","","","","0"
"1966-10-01","Canada","2021A000011124","Persons","249","units","0","v1","1","20146000","","","","0"
"1967-01-01","Canada","2021A000011124","Persons","249","units","0","v1","1","20228000","","","","0"
"1967-04-01","Canada","2021A000011124","Persons","249","units","0","v1","1","20306000","","","","0"
"1967-07-01","Canada","2021A000011124","Persons","249","units","0","v1","1","20412000","","","","0"
"1967-10-01","Canada","2021A000011124","Persons","249","units","0","v1","1","20509000","","","","0"
"1968-01-01","Canada","2021A000011124","Persons","249","units","0","v1","1","20581000","","","","0"
"1968-04-01","Canada","2021A000011124","Persons","249","units","0","v1","1","20644000","","","","0"
"1968-07-01","Canada","2021A000011124","Persons","249","units","0","v1","1","20729000","","","","0"
"1968-10-01","Canada","2021A000011124","Persons","249","units","0","v1","1","20814000","","","","0"
"1969-01-01","Canada","2021A000011124","Persons","249","units","0","v1","1","20888000","","","","0"
"1969-04-01","Canada","2021A000011124","Persons","249","units","0","v1","1","20950000","","","","0"
"1969-07-01","Canada","2021A000011124","Persons","249","units","0","v1","1","21028000","","","","0"
"1969-10-01","Canada","2021A000011124","Persons","249","units","0","v1","1","21111000","","","","0"
"1970-01-01","Canada","2021A000011124","Persons","249","units","0","v1","1","21182000","","","","0"
"1970-04-01","Canada","2021A000011124","Persons","249","units","0","v1","1","21244000","","","","0"
"1970-07-01","Canada","2021A000011124","Persons","249","units","0","v1","1","21324000","","","","0"
"1970-10-01","Canada","2021A000011124","Persons","249","units","0","v1","1","21400000","","","","0"
"1971-01-01","Canada","2021A000011124","Persons","249","units","0","v1","1","21465000","","","","0"
"1971-04-01","Canada","2021A000011124","Persons","249","units","0","v1","1","21523000","","","","0"
"1971-07-01","Canada","2021A000011124","Persons","249","units","0","v1","1","21962032","","","","0"
"1971-10-01","Canada","2021A000011124","Persons","249","units","0","v1","1","22039243","","","","0"
"1972-01-01","Canada","2021A000011124","Persons","249","units","0","v1","1","22092498","","","","0"
"1972-04-01","Canada","2021A000011124","Persons","249","units","0","v1","1","22148919","","","","0"
"1972-07-01","Canada","2021A000011124","Persons","249","units","0","v1","1","22218463","","","","0"
"1972-10-01","Canada","2021A000011124","Persons","249","units","0","v1","1","22288499","","","","0"
"1973-01-01","Canada","2021A000011124","Persons","249","units","0","v1","1","22347459","","","","0"
"1973-04-01","Canada","2021A000011124","Persons","249","units","0","v1","1","22405392","","","","0"
"1973-07-01","Canada","2021A000011124","Persons","249","units","0","v1","1","22491777","","","","0"
"1973-10-01","Canada","2021A000011124","Persons","249","units","0","v1","1","22570338","","","","0"
"1974-01-01","Canada","2021A000011124","Persons","249","units","0","v1","1","22649538","","","","0"
"1974-04-01","Canada","2021A000011124","Persons","249","units","0","v1","1","22723274","","","","0"
"1974-07-01","Canada","2021A000011124","Persons","249","units","0","v1","1","22807969","","","","0"
"1974-10-01","Canada","2021A000011124","Persons","249","units","0","v1","1","22907390","","","","0"
"1975-01-01","Canada","2021A000011124","Persons","249","units","0","v1","1","22979190","","","","0"
"1975-04-01","Canada","2021A000011124","Persons","249","units","0","v1","1","23048990","","","","0"
"1975-07-01","Canada","2021A000011124","Persons","249","units","0","v1","1","23143275","","","","0"
"1975-10-01","Canada","2021A000011124","Persons","249","units","0","v1","1","23240585","","","","0"
"1976-01-01","Canada","2021A000011124","Persons","249","units","0","v1","1","23304197","","","","0"
"1976-04-01","Canada","2021A000011124","Persons","249","units","0","v1","1","23369845","","","","0"
"1976-07-01","Canada","2021A000011124","Persons","249","units","0","v1","1","23449808","","","","0"
"1976-10-01","Canada","2021A000011124","Persons","249","units","0","v1","1","23533565","","","","0"
"1977-01-01","Canada","2021A000011124","Persons","249","units","0","v1","1","23591713","","","","0"
"1977-04-01","Canada","2021A000011124","Persons","249","units","0","v1","1","23656739","","","","0"
"1977-07-01","Canada","2021A000011124","Persons","249","units","0","v1","1","23725843","","","","0"
"1977-10-01","Canada","2021A000011124","Persons","249","units","0","v1","1","23801445","","","","0"
"1978-01-01","Canada","2021A000011124","Persons","249","units","0","v1","1","23849503","","","","0"
"1978-04-01","Canada","2021A000011124","Persons","249","units","0","v1","1","23903687","","","","0"
"1978-07-01","Canada","2021A000011124","Persons","249","units","0","v1","1","23963203","","","","0"
"1978-10-01","Canada","2021A000011124","Persons","249","units","0","v1","1","24025447","","","","0"
"1979-01-01","Canada","2021A000011124","Persons","249","units","0","v1","1","24071889","","","","0"
"1979-04-01","Canada","2021A000011124","Persons","249","units","0","v1","1","24128180","","","","0"
"1979-07-01","Canada","2021A000011124","Persons","249","units","0","v1","1","24201544","","","","0"
"1979-10-01","Canada","2021A000011124","Persons","249","units","0","v1","1","24279044","","","","0"
"1980-01-01","Canada","2021A000011124","Persons","249","units","0","v1","1","24345365","","","","0"
"1980-04-01","Canada","2021A000011124","Persons","249","units","0","v1","1","24418295","","","","0"
"1980-07-01","Canada","2021A000011124","Persons","249","units","0","v1","1","24515667","","","","0"
"1980-10-01","Canada","2021A000011124","Persons","249","units","0","v1","1","24603534","","","","0"
"1981-01-01","Canada","2021A000011124","Persons","249","units","0","v1","1","24665355","","","","0"
"1981-04-01","Canada","2021A000011124","Persons","249","units","0","v1","1","24732826","","","","0"
"1981-07-01","Canada","2021A000011124","Persons","249","units","0","v1","1","24819915","","","","0"
"1981-10-01","Canada","2021A000011124","Persons","249","units","0","v1","1","24920120","","","","0"
"1982-01-01","Canada","2021A000011124","Persons","249","units","0","v1","1","24979229","","","","0"
"1982-04-01","Canada","2021A000011124","Persons","249","units","0","v1","1","25042069","","","","0"
"1982-07-01","Canada","2021A000011124","Persons","249","units","0","v1","1","25116942","","","","0"
"1982-10-01","Canada","2021A000011124","Persons","249","units","0","v1","1","25193538","","","","0"
"1983-01-01","Canada","2021A000011124","Persons","249","units","0","v1","1","25242830","","","","0"
"1983-04-01","Canada","2021A000011124","Persons","249","units","0","v1","1","25300372","","","","0"
"1983-07-01","Canada","2021A000011124","Persons","249","units","0","v1","1","25366451","","","","0"
"1983-10-01","Canada","2021A000011124","Persons","249","units","0","v1","1","25434150","","","","0"
"1984-01-01","Canada","2021A000011124","Persons","249","units","0","v1","1","25482358","","","","0"
"1984-04-01","Canada","2021A000011124","Persons","249","units","0","v1","1","25539861","","","","0"
"1984-07-01","Canada","2021A000011124","Persons","249","units","0","v1","1","25607053","","","","0"
"1984-10-01","Canada","2021A000011124","Persons","249","units","0","v1","1","25677668","","","","0"
"1985-01-01","Canada","2021A000011124","Persons","249","units","0","v1","1","25721170","","","","0"
"1985-04-01","Canada","2021A000011124","Persons","249","units","0","v1","1","25774717","","","","0"
"1985-07-01","Canada","2021A000011124","Persons","249","units","0","v1","1","25842116","","","","0"
"1985-10-01","Canada","2021A000011124","Persons","249","units","0","v1","1","25914797","","","","0"
"1986-01-01","Canada","2021A000011124","Persons","249","units","0","v1","1","25962414","","","","0"
"1986-04-01","Canada","2021A000011124","Persons","249","units","0","v1","1","26019615","","","","0"
"1986-07-01","Canada","2021A000011124","Persons","249","units","0","v1","1","26100278","","","","0"
"1986-10-01","Canada","2021A000011124","Persons","249","units","0","v1","1","26187639","","","","0"
"1987-01-01","Canada","2021A000011124","Persons","249","units","0","v1","1","26256140","","","","0"
"1987-04-01","Canada","2021A000011124","Persons","249","units","0","v1","1","26346370","","","","0"
"1987-07-01","Canada","2021A000011124","Persons","249","units","0","v1","1","26446601","","","","0"
"1987-10-01","Canada","2021A000011124","Persons","249","units","0","v1","1","26542370","","","","0"
"1988-01-01","Canada","2021A000011124","Persons","249","units","0","v1","1","26602328","","","","0"
"1988-04-01","Canada","2021A000011124","Persons","249","units","0","v1","1","26679165","","","","0"
"1988-07-01","Canada","2021A000011124","Persons","249","units","0","v1","1","26791747","","","","0"
"1988-10-01","Canada","2021A000011124","Persons","249","units","0","v1","1","26932655","","","","0"
"1989-01-01","Canada","2021A000011124","Persons","249","units","0","v1","1","27032356","","","","0"
"1989-04-01","Canada","2021A000011124","Persons","249","units","0","v1","1","27147776","","","","0"
"1989-07-01","Canada","2021A000011124","Persons","249","units","0","v1","1","27276781","","","","0"
"1989-10-01","Canada","2021A000011124","Persons","249","units","0","v1","1","27402695","","","","0"
"1990-01-01","Canada","2021A000011124","Persons","249","units","0","v1","1","27463550","","","","0"
"1990-04-01","Canada","2021A000011124","Persons","249","units","0","v1","1","27567161","","","","0"
"1990-07-01","Canada","2021A000011124","Persons","249","units","0","v1","1","27691138","","","","0"
"1990-10-01","Canada","2021A000011124","Persons","249","units","0","v1","1","27807591","","","","0"
"1991-01-01","Canada","2021A000011124","Persons","249","units","0","v1","1","27854861","","","","0"
"1991-04-01","Canada","2021A000011124","Persons","249","units","0","v1","1","27928837","","","","0"
"1991-07-01","Canada","2021A000011124","Persons","249","units","0","v1","1","28037420","","","","0"
"1991-10-01","Canada","2021A000011124","Persons","249","units","0","v1","1","28127327","","","","0"
"1992-01-01","Canada","2021A000011124","Persons","249","units","0","v1","1","28181477","","","","0"
"1992-04-01","Canada","2021A000011124","Persons","249","units","0","v1","1","28269699","","","","0"
"1992-07-01","Canada","2021A000011124","Persons","249","units","0","v1","1","28371264","","","","0"
"1992-10-01","Canada","2021A000011124","Persons","249","units","0","v1","1","28474177","","","","0"
"1993-01-01","Canada","2021A000011124","Persons","249","units","0","v1","1","28533602","","","","0"
"1993-04-01","Canada","2021A000011124","Persons","249","units","0","v1","1","28600864","","","","0"
"1993-07-01","Canada","2021A000011124","Persons","249","units","0","v1","1","28684764","","","","0"
"1993-10-01","Canada","2021A000011124","Persons","249","units","0","v1","1","28786619","","","","0"
"1994-01-01","Canada","2021A000011124","Persons","249","units","0","v1","1","28835772","","","","0"
"1994-04-01","Canada","2021A000011124","Persons","249","units","0","v1","1","28907448","","","","0"
"1994-07-01","Canada","2021A000011124","Persons","249","units","0","v1","1","29000663","","","","0"
"1994-10-01","Canada","2021A000011124","Persons","249","units","0","v1","1","29096372","","","","0"
"1995-01-01","Canada","2021A000011124","Persons","249","units","0","v1","1","29141902","","","","0"
"1995-04-01","Canada","2021A000011124","Persons","249","units","0","v1","1","29211541","","","","0"
"1995-07-01","Canada","2021A000011124","Persons","249","units","0","v1","1","29302311","","","","0"
"1995-10-01","Canada","2021A000011124","Persons","249","units","0","v1","1","29396274","","","","0"
"1996-01-01","Canada","2021A000011124","Persons","249","units","0","v1","1","29446857","","","","0"
"1996-04-01","Canada","2021A000011124","Persons","249","units","0","v1","1","29514217","","","","0"
"1996-07-01","Canada","2021A000011124","Persons","249","units","0","v1","1","29610218","","","","0"
"1996-10-01","Canada","2021A000011124","Persons","249","units","0","v1","1","29708206","","","","0"
"1997-01-01","Canada","2021A000011124","Persons","249","units","0","v1","1","29751536","","","","0"
"1997-04-01","Canada","2021A000011124","Persons","249","units","0","v1","1","29818012","","","","0"
"1997-07-01","Canada","2021A000011124","Persons","249","units","0","v1","1","29905948","","","","0"
"1997-10-01","Canada","2021A000011124","Persons","249","units","0","v1","1","29994790","","","","0"
"1998-01-01","Canada","2021A000011124","Persons","249","units","0","v1","1","30028506","","","","0"
"1998-04-01","Canada","2021A000011124","Persons","249","units","0","v1","1","30080180","","","","0"
"1998-07-01","Canada","2021A000011124","Persons","249","units","0","v1","1","30155173","","","","0"
"1998-10-01","Canada","2021A000011124","Persons","249","units","0","v1","1","30231639","","","","0"
"1999-01-01","Canada","2021A000011124","Persons","249","units","0","v1","1","30260117","","","","0"
"1999-04-01","Canada","2021A000011124","Persons","249","units","0","v1","1","30314696","","","","0"
"1999-07-01","Canada","2021A000011124","Persons","249","units","0","v1","1","30401286","","","","0"
"1999-10-01","Canada","2021A000011124","Persons","249","units","0","v1","1","30492106","","","","0"
"2000-01-01","Canada","2021A000011124","Persons","249","units","0","v1","1","30525872","","","","0"
"2000-04-01","Canada","2021A000011124","Persons","249","units","0","v1","1","30594030","","","","0"
"2000-07-01","Canada","2021A000011124","Persons","249","units","0","v1","1","30685730","","","","0"
"2000-10-01","Canada","2021A000011124","Persons","249","units","0","v1","1","30783969","","","","0"
"2001-01-01","Canada","2021A000011124","Persons","249","units","0","v1","1","30824441","","","","0"
"2001-04-01","Canada","2021A000011124","Persons","249","units","0","v1","1","30910996","","","","0"
"2001-07-01","Canada","2021A000011124","Persons","249","units","0","v1","1","31020855","","","","0"
"2001-10-01","Canada","2021A000011124","Persons","249","units","0","v1","1","31128873","","","","0"
"2002-01-01","Canada","2021A000011124","Persons","249","units","0","v1","1","31168896","","","","0"
"2002-04-01","Canada","2021A000011124","Persons","249","units","0","v1","1","31252682","","","","0"
"2002-07-01","Canada","2021A000011124","Persons","249","units","0","v1","1","31359199","","","","0"
"2002-10-01","Canada","2021A000011124","Persons","249","units","0","v1","1","31450677","","","","0"
"2003-01-01","Canada","2021A000011124","Persons","249","units","0","v1","1","31479415","","","","0"
"2003-04-01","Canada","2021A000011124","Persons","249","units","0","v1","1","31549344","","","","0"
"2003-07-01","Canada","2021A000011124","Persons","249","units","0","v1","1","31642461","","","","0"
"2003-10-01","Canada","2021A000011124","Persons","249","units","0","v1","1","31736141","","","","0"
"2004-01-01","Canada","2021A000011124","Persons","249","units","0","v1","1","31775723","","","","0"
"2004-04-01","Canada","2021A000011124","Persons","249","units","0","v1","1","31844704","","","","0"
"2004-07-01","Canada","2021A000011124","Persons","249","units","0","v1","1","31938807","","","","0"
"2004-10-01","Canada","2021A000011124","Persons","249","units","0","v1","1","32038207","","","","0"
"2005-01-01","Canada","2021A000011124","Persons","249","units","0","v1","1","32075011","","","","0"
"2005-04-01","Canada","2021A000011124","Persons","249","units","0","v1","1","32140569","","","","0"
"2005-07-01","Canada","2021A000011124","Persons","249","units","0","v1","1","32242732","","","","0"
"2005-10-01","Canada","2021A000011124","Persons","249","units","0","v1","1","32353311","","","","0"
"2006-01-01","Canada","2021A000011124","Persons","249","units","0","v1","1","32394909","","","","0"
"2006-04-01","Canada","2021A000011124","Persons","249","units","0","v1","1","32470171","","","","0"
"2006-07-01","Canada","2021A000011124","Persons","249","units","0","v1","1","32571193","","","","0"
"2006-10-01","Canada","2021A000011124","Persons","249","units","0","v1","1","32680839","","","","0"
"2007-01-01","Canada","2021A000011124","Persons","249","units","0","v1","1","32717848","","","","0"
"2007-04-01","Canada","2021A000011124","Persons","249","units","0","v1","1","32785964","","","","0"
"2007-07-01","Canada","2021A000011124","Persons","249","units","0","v1","1","32888886","","","","0"
"2007-10-01","Canada","2021A000011124","Persons","249","units","0","v1","1","33001918","","","","0"
"2008-01-01","Canada","2021A000011124","Persons","249","units","0","v1","1","33050262","","","","0"
"2008-04-01","Canada","2021A000011124","Persons","249","units","0","v1","1","33127394","","","","0"
"2008-07-01","Canada","2021A000011124","Persons","249","units","0","v1","1","33247298","","","","0"
"2008-10-01","Canada","2021A000011124","Persons","249","units","0","v1","1","33372978","","","","0"
"2009-01-01","Canada","2021A000011124","Persons","249","units","0","v1","1","33427754","","","","0"
"2009-04-01","Canada","2021A000011124","Persons","249","units","0","v1","1","33512305","","","","0"
"2009-07-01","Canada","2021A000011124","Persons","249","units","0","v1","1","33630069","","","","0"
"2009-10-01","Canada","2021A000011124","Persons","249","units","0","v1","1","33758581","","","","0"
"2010-01-01","Canada","2021A000011124","Persons","249","units","0","v1","1","33809016","","","","0"
"2010-04-01","Canada","2021A000011124","Persons","249","units","0","v1","1","33890461","","","","0"
"2010-07-01","Canada","2021A000011124","Persons","249","units","0","v1","1","34005902","","","","0"
"2010-10-01","Canada","2021A000011124","Persons","249","units","0","v1","1","34132531","","","","0"
"2011-01-01","Canada","2021A000011124","Persons","249","units","0","v1","1","34166633","","","","0"
"2011-04-01","Canada","2021A000011124","Persons","249","units","0","v1","1","34230555","","","","0"
"2011-07-01","Canada","2021A000011124","Persons","249","units","0","v1","1","34339221","","","","0"
"2011-10-01","Canada","2021A000011124","Persons","249","units","0","v1","1","34457713","","","","0"
"2012-01-01","Canada","2021A000011124","Persons","249","units","0","v1","1","34516032","","","","0"
"2012-04-01","Canada","2021A000011124","Persons","249","units","0","v1","1","34592192","","","","0"
"2012-07-01","Canada","2021A000011124","Persons","249","units","0","v1","1","34713395","","","","0"
"2012-10-01","Canada","2021A000011124","Persons","249","units","0","v1","1","34834973","","","","0"
"2013-01-01","Canada","2021A000011124","Persons","249","units","0","v1","1","34881794","","","","0"
"2013-04-01","Canada","2021A000011124","Persons","249","units","0","v1","1","34956567","","","","0"
"2013-07-01","Canada","2021A000011124","Persons","249","units","0","v1","1","35080992","","","","0"
"2013-10-01","Canada","2021A000011124","Persons","249","units","0","v1","1","35209597","","","","0"
"2014-01-01","Canada","2021A000011124","Persons","249","units","0","v1","1","35247023","","","","0"
"2014-04-01","Canada","2021A000011124","Persons","249","units","0","v1","1","35320540","","","","0"
"2014-07-01","Canada","2021A000011124","Persons","249","units","0","v1","1","35434066","","","","0"
"2014-10-01","Canada","2021A000011124","Persons","249","units","0","v1","1","35555305","","","","0"
"2015-01-01","Canada","2021A000011124","Persons","249","units","0","v1","1","35571043","","","","0"
"2015-04-01","Canada","2021A000011124","Persons","249","units","0","v1","1","35606734","","","","0"
"2015-07-01","Canada","2021A000011124","Persons","249","units","0","v1","1","35704498","","","","0"
"2015-10-01","Canada","2021A000011124","Persons","249","units","0","v1","1","35823591","","","","0"
"2016-01-01","Canada","2021A000011124","Persons","249","units","0","v1","1","35871484","","","","0"
"2016-04-01","Canada","2021A000011124","Persons","249","units","0","v1","1","35970407","","","","0"
"2016-07-01","Canada","2021A000011124","Persons","249","units","0","v1","1","36110803","","","","0"
"2016-10-01","Canada","2021A000011124","Persons","249","units","0","v1","1","36257421","","","","0"
"2017-01-01","Canada","2021A000011124","Persons","249","units","0","v1","1","36313068","","","","0"
"2017-04-01","Canada","2021A000011124","Persons","249","units","0","v1","1","36397141","","","","0"
"2017-07-01","Canada","2021A000011124","Persons","249","units","0","v1","1","36545075","","","","0"
"2017-10-01","Canada","2021A000011124","Persons","249","units","0","v1","1","36722075","","","","0"
"2018-01-01","Canada","2021A000011124","Persons","249","units","0","v1","1","36801579","","","","0"
"2018-04-01","Canada","2021A000011124","Persons","249","units","0","v1","1","36903671","","","","0"
"2018-07-01","Canada","2021A000011124","Persons","249","units","0","v1","1","37072620","","","","0"
"2018-10-01","Canada","2021A000011124","Persons","249","units","0","v1","1","37259485","","","","0"
"2019-01-01","Canada","2021A000011124","Persons","249","units","0","v1","1","37336956","","","","0"
"2019-04-01","Canada","2021A000011124","Persons","249","units","0","v1","1","37437243","","","","0"
"2019-07-01","Canada","2021A000011124","Persons","249","units","0","v1","1","37618495","","","","0"
"2019-10-01","Canada","2021A000011124","Persons","249","units","0","v1","1","37828162","","","","0"
"2020-01-01","Canada","2021A000011124","Persons","249","units","0","v1","1","37928208","","","","0"
"2020-04-01","Canada","2021A000011124","Persons","249","units","0","v1","1","38006941","","","","0"
"2020-07-01","Canada","2021A000011124","Persons","249","units","0","v1","1","38028638","","","","0"
"2020-10-01","Canada","2021A000011124","Persons","249","units","0","v1","1","38027406","","","","0"
"2021-01-01","Canada","2021A000011124","Persons","249","units","0","v1","1","38058291","","","","0"
"2021-04-01","Canada","2021A000011124","Persons","249","units","0","v1","1","38140918","","","","0"
"2021-07-01","Canada","2021A000011124","Persons","249","units","0","v1","1","38239864","","","","0"
"2021-10-01","Canada","2021A000011124","Persons","249","units","0","v1","1","38462457","","","","0"
"2022-01-01","Canada","2021A000011124","Persons","249","units","0","v1","1","38559788","","","","0"
"2022-04-01","Canada","2021A000011124","Persons","249","units","0","v1","1","38678014","","","","0"
"2022-07-01","Canada","2021A000011124","Persons","249","units","0","v1","1","38945628","","","","0"
"2022-10-01","Canada","2021A000011124","Persons","249","units","0","v1","1","39278574","","","","0"
"2023-01-01","Canada","2021A000011124","Persons","249","units","0","v1","1","39477134","","","","0"
"2023-04-01","Canada","2021A000011124","Persons","249","units","0","v1","1","39684191","","","","0"
"2023-07-01","Canada","2021A000011124","Persons","249","units","0","v1","1","40022704","","","","0"
"2023-10-01","Canada","2021A000011124","Persons","249","units","0","v1","1","40439108","","","","0"
"2024-01-01","Canada","2021A000011124","Persons","249","units","0","v1","1","40670178","","","","0"
"2024-04-01","Canada","2021A000011124","Persons","249","units","0","v1","1","40912561","","","","0"
"2024-07-01","Canada","2021A000011124","Persons","249","units","0","v1","1","41162593","","","","0"
"2024-10-01","Canada","2021A000011124","Persons","249","units","0","v1","1","41373096","","","","0"
"2025-01-01","Canada","2021A000011124","Persons","249","units","0","v1","1","41435888","","","","0"
"2025-04-01","Canada","2021A000011124","Persons","249","units","0","v1","1","41495432","","","","0"
"2025-07-01","Canada","2021A000011124","Persons","249","units","0","v1","1","41608982","","","","0"
"2025-10-01","Canada","2021A000011124","Persons","249","units","0","v1","1","41723923","","","","0"
"2026-01-01","Canada","2021A000011124","Persons","249","units","0","v1","1","41716698","","","","0"
"2026-04-01","Canada","2021A000011124","Persons","249","units","0","v1","1","41718064","","","","0"
"2026-07-01","Canada","2021A000011124","Persons","249","units","0","v1","1","41798407","","","","0"
"1951-07-01","Newfoundland and Labrador","2021A000210","Persons","249","units","0","v2","2","362000","","","","0"
"1951-10-01","Newfoundland and Labrador","2021A000210","Persons","249","units","0","v2","2","365000","","","","0"
"1952-01-01","Newfoundland and Labrador","2021A000210","Persons","249","units","0","v2","2","368000","","","","0"
"1952-04-01","Newfoundland and Labrador","2021A000210","Persons","249","units","0","v2","2","371000","","","","0"
"1952-07-01","Newfoundland and Labrador","2021A000210","Persons","249","units","0","v2","2","375000","","","","0"
"1952-10-01","Newfoundland and Labrador","2021A000210","Persons","249","units","0","v2","2","377000","","","","0"
"1953-01-01","Newfoundland and Labrador","2021A000210","Persons","249","units","0","v2","2","379000","","","","0"
"1953-04-01","Newfoundland and Labrador","2021A000210","Persons","249","units","0","v2","2","382000","","","","0"
"1953-07-01","Newfoundland and Labrador","2021A000210","Persons","249","units","0","v2","2","384000","","","","0"
"1953-10-01","Newfoundland and Labrador","2021A000210","Persons","249","units","0","v2","2","387000","","","","0"
"1954-01-01","Newfoundland and Labrador","2021A000210","Persons","249","units","0","v2","2","390000","","","","0"
"1954-04-01","Newfoundland and Labrador","2021A000210","Persons","249","units","0","v2","2","393000","","","","0"
"1954-07-01","Newfoundland and Labrador","2021A000210","Persons","249","units","0","v2","2","396000","","","","0"
"1954-10-01","Newfoundland and Labrador","2021A000210","Persons","249","units","0","v2","2","399000","","","","0"
"1955-01-01","Newfoundland and Labrador","2021A000210","Persons","249","units","0","v2","2","401000","","","","0"
"1955-04-01","Newfoundland and Labrador","2021A000210","Persons","249","units","0","v2","2","404000","","","","0"
"1955-07-01","Newfoundland and Labrador","2021A000210","Persons","249","units","0","v2","2","407000","","","","0"
"1955-10-01","Newfoundland and Labrador","2021A000210","Persons","249","units","0","v2","2","410000","","","","0"
"1956-01-01","Newfoundland and Labrador","2021A000210","Persons","249","units","0","v2","2","412000","","","","0"
"1956-04-01","Newfoundland and Labrador","2021A000210","Persons","249","units","0","v2","2","414000","","","","0"
"1956-07-01","Newfoundland and Labrador","2021A000210","Persons","249","units","0","v2","2","416000","","","","0"
"1956-10-01","Newfoundland and Labrador","2021A000210","Persons","249","units","0","v2","2","418000","","","","0"
"1957-01-01","Newfoundland and Labrador","2021A000210","Persons","249","units","0","v2","2","420000","","","","0"
"1957-04-01","Newfoundland and Labrador","2021A000210","Persons","249","units","0","v2","2","422000","","","","0"
"1957-07-01","Newfoundland and Labrador","2021A000210","Persons","249","units","0","v2","2","425000","","","","0"
"1957-10-01","Newfoundland and Labrador","2021A000210","Persons","249","units","0","v2","2","427000","","","","0"
"1958-01-01","Newfoundland and Labrador","2021A000210","Persons","249","units","0","v2","2","428000","","","","0"
"1958-04-01","Newfoundland and Labrador","2021A000210","Persons","249","units","0","v2","2","430000","","","","0"
"1958-07-01","Newfoundland and Labrador","2021A000210","Persons","249","units","0","v2","2","433000","","","","0"
"1958-10-01","Newfoundland and Labrador","2021A000210","Persons","249","units","0","v2","2","435000","","","","0"
"1959-01-01","Newfoundland and Labrador","2021A000210","Persons","249","units","0","v2","2","437000","","","","0"
"1959-04-01","Newfoundland and Labrador","2021A000210","Persons","249","units","0","v2","2","439000","","","","0"
"1959-07-01","Newfoundland and Labrador","2021A000210","Persons","249","units","0","v2","2","441000","","","","0"
"1959-10-01","Newfoundland and Labrador","2021A000210","Persons","249","units","0","v2","2","443000","","","","0"
"1960-01-01","Newfoundland and Labrador","2021A000210","Persons","249","units","0","v2","2","445000","","","","0"
"1960-04-01","Newfoundland and Labrador","2021A000210","Persons","249","units","0","v2","2","447000","","","","0"
"1960-07-01","Newfoundland and Labrador","2021A000210","Persons","249","units","0","v2","2","449000","","","","0"
"1960-10-01","Newfoundland and Labrador","2021A000210","Persons","249","units","0","v2","2","452000","","","","0"
"1961-01-01","Newfoundland and Labrador","2021A000210","Persons","249","units","0","v2","2","454000","","","","0"
"1961-04-01","Newfoundland and Labrador","2021A000210","Persons","249","units","0","v2","2","456000","","","","0"
"1961-07-01","Newfoundland and Labrador","2021A000210","Persons","249","units","0","v2","2","459000","","","","0"
"1961-10-01","Newfoundland and Labrador","2021A000210","Persons","249","units","0","v2","2","462000","","","","0"
"1962-01-01","Newfoundland and Labrador","2021A000210","Persons","249","units","0","v2","2","464000","","","","0"
"1962-04-01","Newfoundland and Labrador","2021A000210","Persons","249","units","0","v2","2","466000","","","","0"
"1962-07-01","Newfoundland and Labrador","2021A000210","Persons","249","units","0","v2","2","469000","","","","0"
"1962-10-01","Newfoundland and Labrador","2021A000210","Persons","249","units","0","v2","2","471000","","","","0"
"1963-01-01","Newfoundland and Labrador","2021A000210","Persons","249","units","0","v2","2","473000","","","","0"
"1963-04-01","Newfoundland and Labrador","2021A000210","Persons","249","units","0","v2","2","474000","","","","0"
"1963-07-01","Newfoundland and Labrador","2021A000210","Persons","249","units","0","v2","2","477000","","","","0"
"1963-10-01","Newfoundland and Labrador","2021A000210","Persons","249","units","0","v2","2","479000","","","","0"
"1964-01-01","Newfoundland and Labrador","2021A000210","Persons","249","units","0","v2","2","480000","","","","0"
"1964-04-01","Newfoundland and Labrador","2021A000210","Persons","249","units","0","v2","2","482000","","","","0"
"1964-07-01","Newfoundland and Labrador","2021A000210","Persons","249","units","0","v2","2","484000","","","","0"
"1964-10-01","Newfoundland and Labrador","2021A000210","Persons","249","units","0","v2","2","485000","","","","0"
"1965-01-01","Newfoundland and Labrador","2021A000210","Persons","249","units","0","v2","2","485000","","","","0"
"1965-04-01","Newfoundland and Labrador","2021A000210","Persons","249","units","0","v2","2","486000","","","","0"
"1965-07-01","Newfoundland and Labrador","2021A000210","Persons","249","units","0","v2","2","488000","","","","0"
"1965-10-01","Newfoundland and Labrador","2021A000210","Persons","249","units","0","v2","2","489000","","","","0"
"1966-01-01","Newfoundland and Labrador","2021A000210","Persons","249","units","0","v2","2","490000","","","","0"
"1966-04-01","Newfoundland and Labrador","2021A000210","Persons","249","units","0","v2","2","492000","","","","0"
"1966-07-01","Newfoundland and Labrador","2021A000210","Persons","249","units","0","v2","2","494000","","","","0"
"1966-10-01","Newfoundland and Labrador","2021A000210","Persons","249","units","0","v2","2","496000","","","","0"
"1967-01-01","Newfoundland and Labrador","2021A000210","Persons","249","units","0","v2","2","496000","","","","0"
"1967-04-01","Newfoundland and Labrador","2021A000210","Persons","249","units","0","v2","2","498000","","","","0"
"1967-07-01","Newfoundland and Labrador","2021A000210","Persons","249","units","0","v2","2","500000","","","","0"
"1967-10-01","Newfoundland and Labrador","2021A000210","Persons","249","units","0","v2","2","502000","","","","0"
"1968-01-01","Newfoundland and Labrador","2021A000210","Persons","249","units","0","v2","2","503000","","","","0"
"1968-04-01","Newfoundland and Labrador","2021A000210","Persons","249","units","0","v2","2","505000","","","","0"
"1968-07-01","Newfoundland and Labrador","2021A000210","Persons","249","units","0","v2","2","507000","","","","0"
"1968-10-01","Newfoundland and Labrador","2021A000210","Persons","249","units","0","v2","2","509000","","","","0"
"1969-01-01","Newfoundland and Labrador","2021A000210","Persons","249","units","0","v2","2","511000","","","","0"
"1969-04-01","Newfoundland and Labrador","2021A000210","Persons","249","units","0","v2","2","513000","","","","0"
"1969-07-01","Newfoundland and Labrador","2021A000210","Persons","249","units","0","v2","2","515000","","","","0"
"1969-10-01","Newfoundland and Labrador","2021A000210","Persons","249","units","0","v2","2","516000","","","","0"
"1970-01-01","Newfoundland and Labrador","2021A000210","Persons","249","units","0","v2","2","516000","","","","0"
"1970-04-01","Newfoundland and Labrador","2021A000210","Persons","249","units","0","v2","2","516000","","","","0"
"1970-07-01","Newfoundland and Labrador","2021A000210","Persons","249","units","0","v2","2","518000","","","","0"
"1970-10-01","Newfoundland and Labrador","2021A000210","Persons","249","units","0","v2","2","519000","","","","0"
"1971-01-01","Newfoundland and Labrador","2021A000210","Persons","249","units","0","v2","2","519000","","","","0"
"1971-04-01","Newfoundland and Labrador","2021A000210","Persons","249","units","0","v2","2","521000","","","","0"
"1971-07-01","Newfoundland and Labrador","2021A000210","Persons","249","units","0","v2","2","530854","","","","0"
"1971-10-01","Newfoundland and Labrador","2021A000210","Persons","249","units","0","v2","2","534471","","","","0"
"1972-01-01","Newfoundland and Labrador","2021A000210","Persons","249","units","0","v2","2","535736","","","","0"
"1972-04-01","Newfoundland and Labrador","2021A000210","Persons","249","units","0","v2","2","537368","","","","0"
"1972-07-01","Newfoundland and Labrador","2021A000210","Persons","249","units","0","v2","2","539124","","","","0"
"1972-10-01","Newfoundland and Labrador","2021A000210","Persons","249","units","0","v2","2","541472","","","","0"
"1973-01-01","Newfoundland and Labrador","2021A000210","Persons","249","units","0","v2","2","542983","","","","0"
"1973-04-01","Newfoundland and Labrador","2021A000210","Persons","249","units","0","v2","2","544026","","","","0"
"1973-07-01","Newfoundland and Labrador","2021A000210","Persons","249","units","0","v2","2","545561","","","","0"
"1973-10-01","Newfoundland and Labrador","2021A000210","Persons","249","units","0","v2","2","546717","","","","0"
"1974-01-01","Newfoundland and Labrador","2021A000210","Persons","249","units","0","v2","2","547107","","","","0"
"1974-04-01","Newfoundland and Labrador","2021A000210","Persons","249","units","0","v2","2","547385","","","","0"
"1974-07-01","Newfoundland and Labrador","2021A000210","Persons","249","units","0","v2","2","549604","","","","0"
"1974-10-01","Newfoundland and Labrador","2021A000210","Persons","249","units","0","v2","2","551508","","","","0"
"1975-01-01","Newfoundland and Labrador","2021A000210","Persons","249","units","0","v2","2","552812","","","","0"
"1975-04-01","Newfoundland and Labrador","2021A000210","Persons","249","units","0","v2","2","554166","","","","0"
"1975-07-01","Newfoundland and Labrador","2021A000210","Persons","249","units","0","v2","2","556496","","","","0"
"1975-10-01","Newfoundland and Labrador","2021A000210","Persons","249","units","0","v2","2","558900","","","","0"
"1976-01-01","Newfoundland and Labrador","2021A000210","Persons","249","units","0","v2","2","560024","","","","0"
"1976-04-01","Newfoundland and Labrador","2021A000210","Persons","249","units","0","v2","2","560856","","","","0"
"1976-07-01","Newfoundland and Labrador","2021A000210","Persons","249","units","0","v2","2","562639","","","","0"
"1976-10-01","Newfoundland and Labrador","2021A000210","Persons","249","units","0","v2","2","563591","","","","0"
"1977-01-01","Newfoundland and Labrador","2021A000210","Persons","249","units","0","v2","2","563387","","","","0"
"1977-04-01","Newfoundland and Labrador","2021A000210","Persons","249","units","0","v2","2","564217","","","","0"
"1977-07-01","Newfoundland and Labrador","2021A000210","Persons","249","units","0","v2","2","565348","","","","0"
"1977-10-01","Newfoundland and Labrador","2021A000210","Persons","249","units","0","v2","2","566116","","","","0"
"1978-01-01","Newfoundland and Labrador","2021A000210","Persons","249","units","0","v2","2","565981","","","","0"
"1978-04-01","Newfoundland and Labrador","2021A000210","Persons","249","units","0","v2","2","566671","","","","0"
"1978-07-01","Newfoundland and Labrador","2021A000210","Persons","249","units","0","v2","2","567639","","","","0"
"1978-10-01","Newfoundland and Labrador","2021A000210","Persons","249","units","0","v2","2","568417","","","","0"
"1979-01-01","Newfoundland and Labrador","2021A000210","Persons","249","units","0","v2","2","568329","","","","0"
"1979-04-01","Newfoundland and Labrador","2021A000210","Persons","249","units","0","v2","2","569012","","","","0"
"1979-07-01","Newfoundland and Labrador","2021A000210","Persons","249","units","0","v2","2","570075","","","","0"
"1979-10-01","Newfoundland and Labrador","2021A000210","Persons","249","units","0","v2","2","570976","","","","0"
"1980-01-01","Newfoundland and Labrador","2021A000210","Persons","249","units","0","v2","2","570899","","","","0"
"1980-04-01","Newfoundland and Labrador","2021A000210","Persons","249","units","0","v2","2","571554","","","","0"
"1980-07-01","Newfoundland and Labrador","2021A000210","Persons","249","units","0","v2","2","572759","","","","0"
"1980-10-01","Newfoundland and Labrador","2021A000210","Persons","249","units","0","v2","2","573582","","","","0"
"1981-01-01","Newfoundland and Labrador","2021A000210","Persons","249","units","0","v2","2","573420","","","","0"
"1981-04-01","Newfoundland and Labrador","2021A000210","Persons","249","units","0","v2","2","574199","","","","0"
"1981-07-01","Newfoundland and Labrador","2021A000210","Persons","249","units","0","v2","2","575302","","","","0"
"1981-10-01","Newfoundland and Labrador","2021A000210","Persons","249","units","0","v2","2","575276","","","","0"
"1982-01-01","Newfoundland and Labrador","2021A000210","Persons","249","units","0","v2","2","573343","","","","0"
"1982-04-01","Newfoundland and Labrador","2021A000210","Persons","249","units","0","v2","2","573292","","","","0"
"1982-07-01","Newfoundland and Labrador","2021A000210","Persons","249","units","0","v2","2","573795","","","","0"
"1982-10-01","Newfoundland and Labrador","2021A000210","Persons","249","units","0","v2","2","575898","","","","0"
"1983-01-01","Newfoundland and Labrador","2021A000210","Persons","249","units","0","v2","2","576813","","","","0"
"1983-04-01","Newfoundland and Labrador","2021A000210","Persons","249","units","0","v2","2","577523","","","","0"
"1983-07-01","Newfoundland and Labrador","2021A000210","Persons","249","units","0","v2","2","579164","","","","0"
"1983-10-01","Newfoundland and Labrador","2021A000210","Persons","249","units","0","v2","2","579603","","","","0"
"1984-01-01","Newfoundland and Labrador","2021A000210","Persons","249","units","0","v2","2","579558","","","","0"
"1984-04-01","Newfoundland and Labrador","2021A000210","Persons","249","units","0","v2","2","579810","","","","0"
"1984-07-01","Newfoundland and Labrador","2021A000210","Persons","249","units","0","v2","2","580065","","","","0"
"1984-10-01","Newfoundland and Labrador","2021A000210","Persons","249","units","0","v2","2","579356","","","","0"
"1985-01-01","Newfoundland and Labrador","2021A000210","Persons","249","units","0","v2","2","579043","","","","0"
"1985-04-01","Newfoundland and Labrador","2021A000210","Persons","249","units","0","v2","2","579320","","","","0"
"1985-07-01","Newfoundland and Labrador","2021A000210","Persons","249","units","0","v2","2","579275","","","","0"
"1985-10-01","Newfoundland and Labrador","2021A000210","Persons","249","units","0","v2","2","577784","","","","0"
"1986-01-01","Newfoundland and Labrador","2021A000210","Persons","249","units","0","v2","2","577248","","","","0"
"1986-04-01","Newfoundland and Labrador","2021A000210","Persons","249","units","0","v2","2","577105","","","","0"
"1986-07-01","Newfoundland and Labrador","2021A000210","Persons","249","units","0","v2","2","576306","","","","0"
"1986-10-01","Newfoundland and Labrador","2021A000210","Persons","249","units","0","v2","2","575396","","","","0"
"1987-01-01","Newfoundland and Labrador","2021A000210","Persons","249","units","0","v2","2","575586","","","","0"
"1987-04-01","Newfoundland and Labrador","2021A000210","Persons","249","units","0","v2","2","575802","","","","0"
"1987-07-01","Newfoundland and Labrador","2021A000210","Persons","249","units","0","v2","2","575242","","","","0"
"1987-10-01","Newfoundland and Labrador","2021A000210","Persons","249","units","0","v2","2","574094","","","","0"
"1988-01-01","Newfoundland and Labrador","2021A000210","Persons","249","units","0","v2","2","574543","","","","0"
"1988-04-01","Newfoundland and Labrador","2021A000210","Persons","249","units","0","v2","2","574912","","","","0"
"1988-07-01","Newfoundland and Labrador","2021A000210","Persons","249","units","0","v2","2","574982","","","","0"
"1988-10-01","Newfoundland and Labrador","2021A000210","Persons","249","units","0","v2","2","574645","","","","0"
"1989-01-01","Newfoundland and Labrador","2021A000210","Persons","249","units","0","v2","2","575626","","","","0"
"1989-04-01","Newfoundland and Labrador","2021A000210","Persons","249","units","0","v2","2","576458","","","","0"
"1989-07-01","Newfoundland and Labrador","2021A000210","Persons","249","units","0","v2","2","576551","","","","0"
"1989-10-01","Newfoundland and Labrador","2021A000210","Persons","249","units","0","v2","2","575594","","","","0"
"1990-01-01","Newfoundland and Labrador","2021A000210","Persons","249","units","0","v2","2","576278","","","","0"
"1990-04-01","Newfoundland and Labrador","2021A000210","Persons","249","units","0","v2","2","577167","","","","0"
"1990-07-01","Newfoundland and Labrador","2021A000210","Persons","249","units","0","v2","2","577368","","","","0"
"1990-10-01","Newfoundland and Labrador","2021A000210","Persons","249","units","0","v2","2","577113","","","","0"
"1991-01-01","Newfoundland and Labrador","2021A000210","Persons","249","units","0","v2","2","577377","","","","0"
"1991-04-01","Newfoundland and Labrador","2021A000210","Persons","249","units","0","v2","2","578397","","","","0"
"1991-07-01","Newfoundland and Labrador","2021A000210","Persons","249","units","0","v2","2","579644","","","","0"
"1991-10-01","Newfoundland and Labrador","2021A000210","Persons","249","units","0","v2","2","579549","","","","0"
"1992-01-01","Newfoundland and Labrador","2021A000210","Persons","249","units","0","v2","2","579425","","","","0"
"1992-04-01","Newfoundland and Labrador","2021A000210","Persons","249","units","0","v2","2","579761","","","","0"
"1992-07-01","Newfoundland and Labrador","2021A000210","Persons","249","units","0","v2","2","580109","","","","0"
"1992-10-01","Newfoundland and Labrador","2021A000210","Persons","249","units","0","v2","2","579624","","","","0"
"1993-01-01","Newfoundland and Labrador","2021A000210","Persons","249","units","0","v2","2","580819","","","","0"
"1993-04-01","Newfoundland and Labrador","2021A000210","Persons","249","units","0","v2","2","580369","","","","0"
"1993-07-01","Newfoundland and Labrador","2021A000210","Persons","249","units","0","v2","2","579977","","","","0"
"1993-10-01","Newfoundland and Labrador","2021A000210","Persons","249","units","0","v2","2","578194","","","","0"
"1994-01-01","Newfoundland and Labrador","2021A000210","Persons","249","units","0","v2","2","577128","","","","0"
"1994-04-01","Newfoundland and Labrador","2021A000210","Persons","249","units","0","v2","2","575670","","","","0"
"1994-07-01","Newfoundland and Labrador","2021A000210","Persons","249","units","0","v2","2","574466","","","","0"
"1994-10-01","Newfoundland and Labrador","2021A000210","Persons","249","units","0","v2","2","572068","","","","0"
"1995-01-01","Newfoundland and Labrador","2021A000210","Persons","249","units","0","v2","2","570563","","","","0"
"1995-04-01","Newfoundland and Labrador","2021A000210","Persons","249","units","0","v2","2","569068","","","","0"
"1995-07-01","Newfoundland and Labrador","2021A000210","Persons","249","units","0","v2","2","567397","","","","0"
"1995-10-01","Newfoundland and Labrador","2021A000210","Persons","249","units","0","v2","2","565008","","","","0"
"1996-01-01","Newfoundland and Labrador","2021A000210","Persons","249","units","0","v2","2","563679","","","","0"
"1996-04-01","Newfoundland and Labrador","2021A000210","Persons","249","units","0","v2","2","561646","","","","0"
"1996-07-01","Newfoundland and Labrador","2021A000210","Persons","249","units","0","v2","2","559698","","","","0"
"1996-10-01","Newfoundland and Labrador","2021A000210","Persons","249","units","0","v2","2","557281","","","","0"
"1997-01-01","Newfoundland and Labrador","2021A000210","Persons","249","units","0","v2","2","555432","","","","0"
"1997-04-01","Newfoundland and Labrador","2021A000210","Persons","249","units","0","v2","2","553115","","","","0"
"1997-07-01","Newfoundland and Labrador","2021A000210","Persons","249","units","0","v2","2","550911","","","","0"
"1997-10-01","Newfoundland and Labrador","2021A000210","Persons","249","units","0","v2","2","547639","","","","0"
"1998-01-01","Newfoundland and Labrador","2021A000210","Persons","249","units","0","v2","2","545769","","","","0"
"1998-04-01","Newfoundland and Labrador","2021A000210","Persons","249","units","0","v2","2","542479","","","","0"
"1998-07-01","Newfoundland and Labrador","2021A000210","Persons","249","units","0","v2","2","539843","","","","0"
"1998-10-01","Newfoundland and Labrador","2021A000210","Persons","249","units","0","v2","2","537908","","","","0"
"1999-01-01","Newfoundland and Labrador","2021A000210","Persons","249","units","0","v2","2","536515","","","","0"
"1999-04-01","Newfoundland and Labrador","2021A000210","Persons","249","units","0","v2","2","534498","","","","0"
"1999-07-01","Newfoundland and Labrador","2021A000210","Persons","249","units","0","v2","2","533329","","","","0"
"1999-10-01","Newfoundland and Labrador","2021A000210","Persons","249","units","0","v2","2","532246","","","","0"
"2000-01-01","Newfoundland and Labrador","2021A000210","Persons","249","units","0","v2","2","531774","","","","0"
"2000-04-01","Newfoundland and Labrador","2021A000210","Persons","249","units","0","v2","2","529574","","","","0"
"2000-07-01","Newfoundland and Labrador","2021A000210","Persons","249","units","0","v2","2","527966","","","","0"
"2000-10-01","Newfoundland and Labrador","2021A000210","Persons","249","units","0","v2","2","526732","","","","0"
"2001-01-01","Newfoundland and Labrador","2021A000210","Persons","249","units","0","v2","2","525299","","","","0"
"2001-04-01","Newfoundland and Labrador","2021A000210","Persons","249","units","0","v2","2","523235","","","","0"
"2001-07-01","Newfoundland and Labrador","2021A000210","Persons","249","units","0","v2","2","522043","","","","0"
"2001-10-01","Newfoundland and Labrador","2021A000210","Persons","249","units","0","v2","2","521583","","","","0"
"2002-01-01","Newfoundland and Labrador","2021A000210","Persons","249","units","0","v2","2","521414","","","","0"
"2002-04-01","Newfoundland and Labrador","2021A000210","Persons","249","units","0","v2","2","520176","","","","0"
"2002-07-01","Newfoundland and Labrador","2021A000210","Persons","249","units","0","v2","2","519411","","","","0"
"2002-10-01","Newfoundland and Labrador","2021A000210","Persons","249","units","0","v2","2","519387","","","","0"
"2003-01-01","Newfoundland and Labrador","2021A000210","Persons","249","units","0","v2","2","519140","","","","0"
"2003-04-01","Newfoundland and Labrador","2021A000210","Persons","249","units","0","v2","2","518735","","","","0"
"2003-07-01","Newfoundland and Labrador","2021A000210","Persons","249","units","0","v2","2","518389","","","","0"
"2003-10-01","Newfoundland and Labrador","2021A000210","Persons","249","units","0","v2","2","518718","","","","0"
"2004-01-01","Newfoundland and Labrador","2021A000210","Persons","249","units","0","v2","2","518677","","","","0"
"2004-04-01","Newfoundland and Labrador","2021A000210","Persons","249","units","0","v2","2","517888","","","","0"
"2004-07-01","Newfoundland and Labrador","2021A000210","Persons","249","units","0","v2","2","517375","","","","0"
"2004-10-01","Newfoundland and Labrador","2021A000210","Persons","249","units","0","v2","2","516863","","","","0"
"2005-01-01","Newfoundland and Labrador","2021A000210","Persons","249","units","0","v2","2","516750","","","","0"
"2005-04-01","Newfoundland and Labrador","2021A000210","Persons","249","units","0","v2","2","515324","","","","0"
"2005-07-01","Newfoundland and Labrador","2021A000210","Persons","249","units","0","v2","2","514310","","","","0"
"2005-10-01","Newfoundland and Labrador","2021A000210","Persons","249","units","0","v2","2","513725","","","","0"
"2006-01-01","Newfoundland and Labrador","2021A000210","Persons","249","units","0","v2","2","512554","","","","0"
"2006-04-01","Newfoundland and Labrador","2021A000210","Persons","249","units","0","v2","2","510959","","","","0"
"2006-07-01","Newfoundland and Labrador","2021A000210","Persons","249","units","0","v2","2","510593","","","","0"
"2006-10-01","Newfoundland and Labrador","2021A000210","Persons","249","units","0","v2","2","510325","","","","0"
"2007-01-01","Newfoundland and Labrador","2021A000210","Persons","249","units","0","v2","2","510329","","","","0"
"2007-04-01","Newfoundland and Labrador","2021A000210","Persons","249","units","0","v2","2","509126","","","","0"
"2007-07-01","Newfoundland and Labrador","2021A000210","Persons","249","units","0","v2","2","509047","","","","0"
"2007-10-01","Newfoundland and Labrador","2021A000210","Persons","249","units","0","v2","2","510256","","","","0"
"2008-01-01","Newfoundland and Labrador","2021A000210","Persons","249","units","0","v2","2","510989","","","","0"
"2008-04-01","Newfoundland and Labrador","2021A000210","Persons","249","units","0","v2","2","511239","","","","0"
"2008-07-01","Newfoundland and Labrador","2021A000210","Persons","249","units","0","v2","2","511569","","","","0"
"2008-10-01","Newfoundland and Labrador","2021A000210","Persons","249","units","0","v2","2","513425","","","","0"
"2009-01-01","Newfoundland and Labrador","2021A000210","Persons","249","units","0","v2","2","514210","","","","0"
"2009-04-01","Newfoundland and Labrador","2021A000210","Persons","249","units","0","v2","2","514707","","","","0"
"2009-07-01","Newfoundland and Labrador","2021A000210","Persons","249","units","0","v2","2","516741","","","","0"
"2009-10-01","Newfoundland and Labrador","2021A000210","Persons","249","units","0","v2","2","518975","","","","0"
"2010-01-01","Newfoundland and Labrador","2021A000210","Persons","249","units","0","v2","2","520276","","","","0"
"2010-04-01","Newfoundland and Labrador","2021A000210","Persons","249","units","0","v2","2","521197","","","","0"
"2010-07-01","Newfoundland and Labrador","2021A000210","Persons","249","units","0","v2","2","522002","","","","0"
"2010-10-01","Newfoundland and Labrador","2021A000210","Persons","249","units","0","v2","2","522861","","","","0"
"2011-01-01","Newfoundland and Labrador","2021A000210","Persons","249","units","0","v2","2","523723","","","","0"
"2011-04-01","Newfoundland and Labrador","2021A000210","Persons","249","units","0","v2","2","524238","","","","0"
"2011-07-01","Newfoundland and Labrador","2021A000210","Persons","249","units","0","v2","2","524955","","","","0"
"2011-10-01","Newfoundland and Labrador","2021A000210","Persons","249","units","0","v2","2","525845","","","","0"
"2012-01-01","Newfoundland and Labrador","2021A000210","Persons","249","units","0","v2","2","526115","","","","0"
"2012-04-01","Newfoundland and Labrador","2021A000210","Persons","249","units","0","v2","2","525550","","","","0"
"2012-07-01","Newfoundland and Labrador","2021A000210","Persons","249","units","0","v2","2","526235","","","","0"
"2012-10-01","Newfoundland and Labrador","2021A000210","Persons","249","units","0","v2","2","527065","","","","0"
"2013-01-01","Newfoundland and Labrador","2021A000210","Persons","249","units","0","v2","2","527129","","","","0"
"2013-04-01","Newfoundland and Labrador","2021A000210","Persons","249","units","0","v2","2","527177","","","","0"
"2013-07-01","Newfoundland and Labrador","2021A000210","Persons","249","units","0","v2","2","526960","","","","0"
"2013-10-01","Newfoundland and Labrador","2021A000210","Persons","249","units","0","v2","2","527948","","","","0"
"2014-01-01","Newfoundland and Labrador","2021A000210","Persons","249","units","0","v2","2","528065","","","","0"
"2014-04-01","Newfoundland and Labrador","2021A000210","Persons","249","units","0","v2","2","527314","","","","0"
"2014-07-01","Newfoundland and Labrador","2021A000210","Persons","249","units","0","v2","2","527970","","","","0"
"2014-10-01","Newfoundland and Labrador","2021A000210","Persons","249","units","0","v2","2","528266","","","","0"
"2015-01-01","Newfoundland and Labrador","2021A000210","Persons","249","units","0","v2","2","528161","","","","0"
"2015-04-01","Newfoundland and Labrador","2021A000210","Persons","249","units","0","v2","2","527859","","","","0"
"2015-07-01","Newfoundland and Labrador","2021A000210","Persons","249","units","0","v2","2","528348","","","","0"
"2015-10-01","Newfoundland and Labrador","2021A000210","Persons","249","units","0","v2","2","528843","","","","0"
"2016-01-01","Newfoundland and Labrador","2021A000210","Persons","249","units","0","v2","2","528903","","","","0"
"2016-04-01","Newfoundland and Labrador","2021A000210","Persons","249","units","0","v2","2","529083","","","","0"
"2016-07-01","Newfoundland and Labrador","2021A000210","Persons","249","units","0","v2","2","529586","","","","0"
"2016-10-01","Newfoundland and Labrador","2021A000210","Persons","249","units","0","v2","2","530368","","","","0"
"2017-01-01","Newfoundland and Labrador","2021A000210","Persons","249","units","0","v2","2","530175","","","","0"
"2017-04-01","Newfoundland and Labrador","2021A000210","Persons","249","units","0","v2","2","529700","","","","0"
"2017-07-01","Newfoundland and Labrador","2021A000210","Persons","249","units","0","v2","2","529742","","","","0"
"2017-10-01","Newfoundland and Labrador","2021A000210","Persons","249","units","0","v2","2","530153","","","","0"
"2018-01-01","Newfoundland and Labrador","2021A000210","Persons","249","units","0","v2","2","529743","","","","0"
"2018-04-01","Newfoundland and Labrador","2021A000210","Persons","249","units","0","v2","2","528924","","","","0"
"2018-07-01","Newfoundland and Labrador","2021A000210","Persons","249","units","0","v2","2","528402","","","","0"
"2018-10-01","Newfoundland and Labrador","2021A000210","Persons","249","units","0","v2","2","528926","","","","0"
"2019-01-01","Newfoundland and Labrador","2021A000210","Persons","249","units","0","v2","2","528326","","","","0"
"2019-04-01","Newfoundland and Labrador","2021A000210","Persons","249","units","0","v2","2","527993","","","","0"
"2019-07-01","Newfoundland and Labrador","2021A000210","Persons","249","units","0","v2","2","527643","","","","0"
"2019-10-01","Newfoundland and Labrador","2021A000210","Persons","249","units","0","v2","2","528442","","","","0"
"2020-01-01","Newfoundland and Labrador","2021A000210","Persons","249","units","0","v2","2","528231","","","","0"
"2020-04-01","Newfoundland and Labrador","2021A000210","Persons","249","units","0","v2","2","527733","","","","0"
"2020-07-01","Newfoundland and Labrador","2021A000210","Persons","249","units","0","v2","2","526884","","","","0"
"2020-10-01","Newfoundland and Labrador","2021A000210","Persons","249","units","0","v2","2","526046","","","","0"
"2021-01-01","Newfoundland and Labrador","2021A000210","Persons","249","units","0","v2","2","525895","","","","0"
"2021-04-01","Newfoundland and Labrador","2021A000210","Persons","249","units","0","v2","2","526195","","","","0"
"2021-07-01","Newfoundland and Labrador","2021A000210","Persons","249","units","0","v2","2","527056","","","","0"
"2021-10-01","Newfoundland and Labrador","2021A000210","Persons","249","units","0","v2","2","528356","","","","0"
"2022-01-01","Newfoundland and Labrador","2021A000210","Persons","249","units","0","v2","2","528888","","","","0"
"2022-04-01","Newfoundland and Labrador","2021A000210","Persons","249","units","0","v2","2","528919","","","","0"
"2022-07-01","Newfoundland and Labrador","2021A000210","Persons","249","units","0","v2","2","531061","","","","0"
"2022-10-01","Newfoundland and Labrador","2021A000210","Persons","249","units","0","v2","2","533006","","","","0"
"2023-01-01","Newfoundland and Labrador","2021A000210","Persons","249","units","0","v2","2","534474","","","","0"
"2023-04-01","Newfoundland and Labrador","2021A000210","Persons","249","units","0","v2","2","535814","","","","0"
"2023-07-01","Newfoundland and Labrador","2021A000210","Persons","249","units","0","v2","2","538041","","","","0"
"2023-10-01","Newfoundland and Labrador","2021A000210","Persons","249","units","0","v2","2","540408","","","","0"
"2024-01-01","Newfoundland and Labrador","2021A000210","Persons","249","units","0","v2","2","541114","","","","0"
"2024-04-01","Newfoundland and Labrador","2021A000210","Persons","249","units","0","v2","2","542705","","","","0"
"2024-07-01","Newfoundland and Labrador","2021A000210","Persons","249","units","0","v2","2","545080","","","","0"
"2024-10-01","Newfoundland and Labrador","2021A000210","Persons","249","units","0","v2","2","546785","","","","0"
"2025-01-01","Newfoundland and Labrador","2021A000210","Persons","249","units","0","v2","2","547237","","","","0"
"2025-04-01","Newfoundland and Labrador","2021A000210","Persons","249","units","0","v2","2","548205","","","","0"
"2025-07-01","Newfoundland and Labrador","2021A000210","Persons","249","units","0","v2","2","550202","","","","0"
"2025-10-01","Newfoundland and Labrador","2021A000210","Persons","249","units","0","v2","2","551526","","","","0"
"2026-01-01","Newfoundland and Labrador","2021A000210","Persons","249","units","0","v2","2","551564","","","","0"
"2026-04-01","Newfoundland and Labrador","2021A000210","Persons","249","units","0","v2","2","550881","","","","0"
"2026-07-01","Newfoundland and Labrador","2021A000210","Persons","249","units","0","v2","2","552462","","","","0"
"1951-07-01","Prince Edward Island","2021A000211","Persons","249","units","0","v8","3","99000","","","","0"
"1951-10-01","Prince Edward Island","2021A000211","Persons","249","units","0","v8","3","99000","","","","0"
"1952-01-01","Prince Edward Island","2021A000211","Persons","249","units","0","v8","3","100000","","","","0"
"1952-04-01","Prince Edward Island","2021A000211","Persons","249","units","0","v8","3","100000","","","","0"
"1952-07-01","Prince Edward Island","2021A000211","Persons","249","units","0","v8","3","100000","","","","0"
"1952-10-01","Prince Edward Island","2021A000211","Persons","249","units","0","v8","3","101000","","","","0"
"1953-01-01","Prince Edward Island","2021A000211","Persons","249","units","0","v8","3","101000","","","","0"
"1953-04-01","Prince Edward Island","2021A000211","Persons","249","units","0","v8","3","101000","","","","0"
"1953-07-01","Prince Edward Island","2021A000211","Persons","249","units","0","v8","3","101000","","","","0"
"1953-10-01","Prince Edward Island","2021A000211","Persons","249","units","0","v8","3","101000","","","","0"
"1954-01-01","Prince Edward Island","2021A000211","Persons","249","units","0","v8","3","101000","","","","0"
"1954-04-01","Prince Edward Island","2021A000211","Persons","249","units","0","v8","3","101000","","","","0"
"1954-07-01","Prince Edward Island","2021A000211","Persons","249","units","0","v8","3","101000","","","","0"
"1954-10-01","Prince Edward Island","2021A000211","Persons","249","units","0","v8","3","101000","","","","0"
"1955-01-01","Prince Edward Island","2021A000211","Persons","249","units","0","v8","3","100000","","","","0"
"1955-04-01","Prince Edward Island","2021A000211","Persons","249","units","0","v8","3","100000","","","","0"
"1955-07-01","Prince Edward Island","2021A000211","Persons","249","units","0","v8","3","100000","","","","0"
"1955-10-01","Prince Edward Island","2021A000211","Persons","249","units","0","v8","3","100000","","","","0"
"1956-01-01","Prince Edward Island","2021A000211","Persons","249","units","0","v8","3","100000","","","","0"
"1956-04-01","Prince Edward Island","2021A000211","Persons","249","units","0","v8","3","99000","","","","0"
"1956-07-01","Prince Edward Island","2021A000211","Persons","249","units","0","v8","3","99000","","","","0"
"1956-10-01","Prince Edward Island","2021A000211","Persons","249","units","0","v8","3","99000","","","","0"
"1957-01-01","Prince Edward Island","2021A000211","Persons","249","units","0","v8","3","99000","","","","0"
"1957-04-01","Prince Edward Island","2021A000211","Persons","249","units","0","v8","3","99000","","","","0"
"1957-07-01","Prince Edward Island","2021A000211","Persons","249","units","0","v8","3","99000","","","","0"
"1957-10-01","Prince Edward Island","2021A000211","Persons","249","units","0","v8","3","99000","","","","0"
"1958-01-01","Prince Edward Island","2021A000211","Persons","249","units","0","v8","3","99000","","","","0"
"1958-04-01","Prince Edward Island","2021A000211","Persons","249","units","0","v8","3","100000","","","","0"
"1958-07-01","Prince Edward Island","2021A000211","Persons","249","units","0","v8","3","100000","","","","0"
"1958-10-01","Prince Edward Island","2021A000211","Persons","249","units","0","v8","3","101000","","","","0"
"1959-01-01","Prince Edward Island","2021A000211","Persons","249","units","0","v8","3","101000","","","","0"
"1959-04-01","Prince Edward Island","2021A000211","Persons","249","units","0","v8","3","101000","","","","0"
"1959-07-01","Prince Edward Island","2021A000211","Persons","249","units","0","v8","3","102000","","","","0"
"1959-10-01","Prince Edward Island","2021A000211","Persons","249","units","0","v8","3","102000","","","","0"
"1960-01-01","Prince Edward Island","2021A000211","Persons","249","units","0","v8","3","103000","","","","0"
"1960-04-01","Prince Edward Island","2021A000211","Persons","249","units","0","v8","3","103000","","","","0"
"1960-07-01","Prince Edward Island","2021A000211","Persons","249","units","0","v8","3","103000","","","","0"
"1960-10-01","Prince Edward Island","2021A000211","Persons","249","units","0","v8","3","104000","","","","0"
"1961-01-01","Prince Edward Island","2021A000211","Persons","249","units","0","v8","3","104000","","","","0"
"1961-04-01","Prince Edward Island","2021A000211","Persons","249","units","0","v8","3","104000","","","","0"
"1961-07-01","Prince Edward Island","2021A000211","Persons","249","units","0","v8","3","105000","","","","0"
"1961-10-01","Prince Edward Island","2021A000211","Persons","249","units","0","v8","3","106000","","","","0"
"1962-01-01","Prince Edward Island","2021A000211","Persons","249","units","0","v8","3","107000","","","","0"
"1962-04-01","Prince Edward Island","2021A000211","Persons","249","units","0","v8","3","107000","","","","0"
"1962-07-01","Prince Edward Island","2021A000211","Persons","249","units","0","v8","3","107000","","","","0"
"1962-10-01","Prince Edward Island","2021A000211","Persons","249","units","0","v8","3","107000","","","","0"
"1963-01-01","Prince Edward Island","2021A000211","Persons","249","units","0","v8","3","107000","","","","0"
"1963-04-01","Prince Edward Island","2021A000211","Persons","249","units","0","v8","3","108000","","","","0"
"1963-07-01","Prince Edward Island","2021A000211","Persons","249","units","0","v8","3","108000","","","","0"
"1963-10-01","Prince Edward Island","2021A000211","Persons","249","units","0","v8","3","109000","","","","0"
"1964-01-01","Prince Edward Island","2021A000211","Persons","249","units","0","v8","3","109000","","","","0"
"1964-04-01","Prince Edward Island","2021A000211","Persons","249","units","0","v8","3","109000","","","","0"
"1964-07-01","Prince Edward Island","2021A000211","Persons","249","units","0","v8","3","109000","","","","0"
"1964-10-01","Prince Edward Island","2021A000211","Persons","249","units","0","v8","3","109000","","","","0"
"1965-01-01","Prince Edward Island","2021A000211","Persons","249","units","0","v8","3","109000","","","","0"
"1965-04-01","Prince Edward Island","2021A000211","Persons","249","units","0","v8","3","109000","","","","0"
"1965-07-01","Prince Edward Island","2021A000211","Persons","249","units","0","v8","3","109000","","","","0"
"1965-10-01","Prince Edward Island","2021A000211","Persons","249","units","0","v8","3","109000","","","","0"
"1966-01-01","Prince Edward Island","2021A000211","Persons","249","units","0","v8","3","108000","","","","0"
"1966-04-01","Prince Edward Island","2021A000211","Persons","249","units","0","v8","3","108000","","","","0"
"1966-07-01","Prince Edward Island","2021A000211","Persons","249","units","0","v8","3","109000","","","","0"
"1966-10-01","Prince Edward Island","2021A000211","Persons","249","units","0","v8","3","109000","","","","0"
"1967-01-01","Prince Edward Island","2021A000211","Persons","249","units","0","v8","3","109000","","","","0"
"1967-04-01","Prince Edward Island","2021A000211","Persons","249","units","0","v8","3","109000","","","","0"
"1967-07-01","Prince Edward Island","2021A000211","Persons","249","units","0","v8","3","109000","","","","0"
"1967-10-01","Prince Edward Island","2021A000211","Persons","249","units","0","v8","3","109000","","","","0"
"1968-01-01","Prince Edward Island","2021A000211","Persons","249","units","0","v8","3","110000","","","","0"
"1968-04-01","Prince Edward Island","2021A000211","Persons","249","units","0","v8","3","110000","","","","0"
"1968-07-01","Prince Edward Island","2021A000211","Persons","249","units","0","v8","3","110000","","","","0"
"1968-10-01","Prince Edward Island","2021A000211","Persons","249","units","0","v8","3","111000","","","","0"
"1969-01-01","Prince Edward Island","2021A000211","Persons","249","units","0","v8","3","111000","","","","0"
"1969-04-01","Prince Edward Island","2021A000211","Persons","249","units","0","v8","3","111000","","","","0"
"1969-07-01","Prince Edward Island","2021A000211","Persons","249","units","0","v8","3","111000","","","","0"
"1969-10-01","Prince Edward Island","2021A000211","Persons","249","units","0","v8","3","111000","","","","0"
"1970-01-01","Prince Edward Island","2021A000211","Persons","249","units","0","v8","3","110000","","","","0"
"1970-04-01","Prince Edward Island","2021A000211","Persons","249","units","0","v8","3","110000","","","","0"
"1970-07-01","Prince Edward Island","2021A000211","Persons","249","units","0","v8","3","110000","","","","0"
"1970-10-01","Prince Edward Island","2021A000211","Persons","249","units","0","v8","3","111000","","","","0"
"1971-01-01","Prince Edward Island","2021A000211","Persons","249","units","0","v8","3","111000","","","","0"
"1971-04-01","Prince Edward Island","2021A000211","Persons","249","units","0","v8","3","111000","","","","0"
"1971-07-01","Prince Edward Island","2021A000211","Persons","249","units","0","v8","3","112591","","","","0"
"1971-10-01","Prince Edward Island","2021A000211","Persons","249","units","0","v8","3","112874","","","","0"
"1972-01-01","Prince Edward Island","2021A000211","Persons","249","units","0","v8","3","112964","","","","0"
"1972-04-01","Prince Edward Island","2021A000211","Persons","249","units","0","v8","3","113314","","","","0"
"1972-07-01","Prince Edward Island","2021A000211","Persons","249","units","0","v8","3","113460","","","","0"
"1972-10-01","Prince Edward Island","2021A000211","Persons","249","units","0","v8","3","113960","","","","0"
"1973-01-01","Prince Edward Island","2021A000211","Persons","249","units","0","v8","3","114276","","","","0"
"1973-04-01","Prince Edward Island","2021A000211","Persons","249","units","0","v8","3","114437","","","","0"
"1973-07-01","Prince Edward Island","2021A000211","Persons","249","units","0","v8","3","114620","","","","0"
"1973-10-01","Prince Edward Island","2021A000211","Persons","249","units","0","v8","3","114944","","","","0"
"1974-01-01","Prince Edward Island","2021A000211","Persons","249","units","0","v8","3","115189","","","","0"
"1974-04-01","Prince Edward Island","2021A000211","Persons","249","units","0","v8","3","115566","","","","0"
"1974-07-01","Prince Edward Island","2021A000211","Persons","249","units","0","v8","3","115962","","","","0"
"1974-10-01","Prince Edward Island","2021A000211","Persons","249","units","0","v8","3","116401","","","","0"
"1975-01-01","Prince Edward Island","2021A000211","Persons","249","units","0","v8","3","117031","","","","0"
"1975-04-01","Prince Edward Island","2021A000211","Persons","249","units","0","v8","3","117316","","","","0"
"1975-07-01","Prince Edward Island","2021A000211","Persons","249","units","0","v8","3","117724","","","","0"
"1975-10-01","Prince Edward Island","2021A000211","Persons","249","units","0","v8","3","118009","","","","0"
"1976-01-01","Prince Edward Island","2021A000211","Persons","249","units","0","v8","3","118264","","","","0"
"1976-04-01","Prince Edward Island","2021A000211","Persons","249","units","0","v8","3","118298","","","","0"
"1976-07-01","Prince Edward Island","2021A000211","Persons","249","units","0","v8","3","118648","","","","0"
"1976-10-01","Prince Edward Island","2021A000211","Persons","249","units","0","v8","3","118925","","","","0"
"1977-01-01","Prince Edward Island","2021A000211","Persons","249","units","0","v8","3","119121","","","","0"
"1977-04-01","Prince Edward Island","2021A000211","Persons","249","units","0","v8","3","119297","","","","0"
"1977-07-01","Prince Edward Island","2021A000211","Persons","249","units","0","v8","3","119902","","","","0"
"1977-10-01","Prince Edward Island","2021A000211","Persons","249","units","0","v8","3","120459","","","","0"
"1978-01-01","Prince Edward Island","2021A000211","Persons","249","units","0","v8","3","120764","","","","0"
"1978-04-01","Prince Edward Island","2021A000211","Persons","249","units","0","v8","3","121014","","","","0"
"1978-07-01","Prince Edward Island","2021A000211","Persons","249","units","0","v8","3","121684","","","","0"
"1978-10-01","Prince Edward Island","2021A000211","Persons","249","units","0","v8","3","121952","","","","0"
"1979-01-01","Prince Edward Island","2021A000211","Persons","249","units","0","v8","3","122104","","","","0"
"1979-04-01","Prince Edward Island","2021A000211","Persons","249","units","0","v8","3","122277","","","","0"
"1979-07-01","Prince Edward Island","2021A000211","Persons","249","units","0","v8","3","122885","","","","0"
"1979-10-01","Prince Edward Island","2021A000211","Persons","249","units","0","v8","3","123002","","","","0"
"1980-01-01","Prince Edward Island","2021A000211","Persons","249","units","0","v8","3","123109","","","","0"
"1980-04-01","Prince Edward Island","2021A000211","Persons","249","units","0","v8","3","123275","","","","0"
"1980-07-01","Prince Edward Island","2021A000211","Persons","249","units","0","v8","3","123735","","","","0"
"1980-10-01","Prince Edward Island","2021A000211","Persons","249","units","0","v8","3","123445","","","","0"
"1981-01-01","Prince Edward Island","2021A000211","Persons","249","units","0","v8","3","123315","","","","0"
"1981-04-01","Prince Edward Island","2021A000211","Persons","249","units","0","v8","3","123285","","","","0"
"1981-07-01","Prince Edward Island","2021A000211","Persons","249","units","0","v8","3","123551","","","","0"
"1981-10-01","Prince Edward Island","2021A000211","Persons","249","units","0","v8","3","123496","","","","0"
"1982-01-01","Prince Edward Island","2021A000211","Persons","249","units","0","v8","3","123335","","","","0"
"1982-04-01","Prince Edward Island","2021A000211","Persons","249","units","0","v8","3","123225","","","","0"
"1982-07-01","Prince Edward Island","2021A000211","Persons","249","units","0","v8","3","123588","","","","0"
"1982-10-01","Prince Edward Island","2021A000211","Persons","249","units","0","v8","3","123919","","","","0"
"1983-01-01","Prince Edward Island","2021A000211","Persons","249","units","0","v8","3","124181","","","","0"
"1983-04-01","Prince Edward Island","2021A000211","Persons","249","units","0","v8","3","124479","","","","0"
"1983-07-01","Prince Edward Island","2021A000211","Persons","249","units","0","v8","3","125102","","","","0"
"1983-10-01","Prince Edward Island","2021A000211","Persons","249","units","0","v8","3","125634","","","","0"
"1984-01-01","Prince Edward Island","2021A000211","Persons","249","units","0","v8","3","125906","","","","0"
"1984-04-01","Prince Edward Island","2021A000211","Persons","249","units","0","v8","3","126184","","","","0"
"1984-07-01","Prince Edward Island","2021A000211","Persons","249","units","0","v8","3","126563","","","","0"
"1984-10-01","Prince Edward Island","2021A000211","Persons","249","units","0","v8","3","126877","","","","0"
"1985-01-01","Prince Edward Island","2021A000211","Persons","249","units","0","v8","3","127330","","","","0"
"1985-04-01","Prince Edward Island","2021A000211","Persons","249","units","0","v8","3","127486","","","","0"
"1985-07-01","Prince Edward Island","2021A000211","Persons","249","units","0","v8","3","127619","","","","0"
"1985-10-01","Prince Edward Island","2021A000211","Persons","249","units","0","v8","3","127864","","","","0"
"1986-01-01","Prince Edward Island","2021A000211","Persons","249","units","0","v8","3","128256","","","","0"
"1986-04-01","Prince Edward Island","2021A000211","Persons","249","units","0","v8","3","128403","","","","0"
"1986-07-01","Prince Edward Island","2021A000211","Persons","249","units","0","v8","3","128436","","","","0"
"1986-10-01","Prince Edward Island","2021A000211","Persons","249","units","0","v8","3","128281","","","","0"
"1987-01-01","Prince Edward Island","2021A000211","Persons","249","units","0","v8","3","128429","","","","0"
"1987-04-01","Prince Edward Island","2021A000211","Persons","249","units","0","v8","3","128645","","","","0"
"1987-07-01","Prince Edward Island","2021A000211","Persons","249","units","0","v8","3","128641","","","","0"
"1987-10-01","Prince Edward Island","2021A000211","Persons","249","units","0","v8","3","128758","","","","0"
"1988-01-01","Prince Edward Island","2021A000211","Persons","249","units","0","v8","3","129152","","","","0"
"1988-04-01","Prince Edward Island","2021A000211","Persons","249","units","0","v8","3","129242","","","","0"
"1988-07-01","Prince Edward Island","2021A000211","Persons","249","units","0","v8","3","129289","","","","0"
"1988-10-01","Prince Edward Island","2021A000211","Persons","249","units","0","v8","3","129327","","","","0"
"1989-01-01","Prince Edward Island","2021A000211","Persons","249","units","0","v8","3","129984","","","","0"
"1989-04-01","Prince Edward Island","2021A000211","Persons","249","units","0","v8","3","130192","","","","0"
"1989-07-01","Prince Edward Island","2021A000211","Persons","249","units","0","v8","3","130153","","","","0"
"1989-10-01","Prince Edward Island","2021A000211","Persons","249","units","0","v8","3","129900","","","","0"
"1990-01-01","Prince Edward Island","2021A000211","Persons","249","units","0","v8","3","130336","","","","0"
"1990-04-01","Prince Edward Island","2021A000211","Persons","249","units","0","v8","3","130468","","","","0"
"1990-07-01","Prince Edward Island","2021A000211","Persons","249","units","0","v8","3","130404","","","","0"
"1990-10-01","Prince Edward Island","2021A000211","Persons","249","units","0","v8","3","130367","","","","0"
"1991-01-01","Prince Edward Island","2021A000211","Persons","249","units","0","v8","3","130477","","","","0"
"1991-04-01","Prince Edward Island","2021A000211","Persons","249","units","0","v8","3","130453","","","","0"
"1991-07-01","Prince Edward Island","2021A000211","Persons","249","units","0","v8","3","130369","","","","0"
"1991-10-01","Prince Edward Island","2021A000211","Persons","249","units","0","v8","3","130360","","","","0"
"1992-01-01","Prince Edward Island","2021A000211","Persons","249","units","0","v8","3","130604","","","","0"
"1992-04-01","Prince Edward Island","2021A000211","Persons","249","units","0","v8","3","130812","","","","0"
"1992-07-01","Prince Edward Island","2021A000211","Persons","249","units","0","v8","3","130827","","","","0"
"1992-10-01","Prince Edward Island","2021A000211","Persons","249","units","0","v8","3","131201","","","","0"
"1993-01-01","Prince Edward Island","2021A000211","Persons","249","units","0","v8","3","131564","","","","0"
"1993-04-01","Prince Edward Island","2021A000211","Persons","249","units","0","v8","3","131833","","","","0"
"1993-07-01","Prince Edward Island","2021A000211","Persons","249","units","0","v8","3","132177","","","","0"
"1993-10-01","Prince Edward Island","2021A000211","Persons","249","units","0","v8","3","132467","","","","0"
"1994-01-01","Prince Edward Island","2021A000211","Persons","249","units","0","v8","3","132752","","","","0"
"1994-04-01","Prince Edward Island","2021A000211","Persons","249","units","0","v8","3","133030","","","","0"
"1994-07-01","Prince Edward Island","2021A000211","Persons","249","units","0","v8","3","133437","","","","0"
"1994-10-01","Prince Edward Island","2021A000211","Persons","249","units","0","v8","3","133800","","","","0"
"1995-01-01","Prince Edward Island","2021A000211","Persons","249","units","0","v8","3","134060","","","","0"
"1995-04-01","Prince Edward Island","2021A000211","Persons","249","units","0","v8","3","134175","","","","0"
"1995-07-01","Prince Edward Island","2021A000211","Persons","249","units","0","v8","3","134415","","","","0"
"1995-10-01","Prince Edward Island","2021A000211","Persons","249","units","0","v8","3","134971","","","","0"
"1996-01-01","Prince Edward Island","2021A000211","Persons","249","units","0","v8","3","135119","","","","0"
"1996-04-01","Prince Edward Island","2021A000211","Persons","249","units","0","v8","3","135311","","","","0"
"1996-07-01","Prince Edward Island","2021A000211","Persons","249","units","0","v8","3","135737","","","","0"
"1996-10-01","Prince Edward Island","2021A000211","Persons","249","units","0","v8","3","136004","","","","0"
"1997-01-01","Prince Edward Island","2021A000211","Persons","249","units","0","v8","3","135935","","","","0"
"1997-04-01","Prince Edward Island","2021A000211","Persons","249","units","0","v8","3","135931","","","","0"
"1997-07-01","Prince Edward Island","2021A000211","Persons","249","units","0","v8","3","136095","","","","0"
"1997-10-01","Prince Edward Island","2021A000211","Persons","249","units","0","v8","3","136165","","","","0"
"1998-01-01","Prince Edward Island","2021A000211","Persons","249","units","0","v8","3","135938","","","","0"
"1998-04-01","Prince Edward Island","2021A000211","Persons","249","units","0","v8","3","135635","","","","0"
"1998-07-01","Prince Edward Island","2021A000211","Persons","249","units","0","v8","3","135804","","","","0"
"1998-10-01","Prince Edward Island","2021A000211","Persons","249","units","0","v8","3","135908","","","","0"
"1999-01-01","Prince Edward Island","2021A000211","Persons","249","units","0","v8","3","135994","","","","0"
"1999-04-01","Prince Edward Island","2021A000211","Persons","249","units","0","v8","3","136025","","","","0"
"1999-07-01","Prince Edward Island","2021A000211","Persons","249","units","0","v8","3","136281","","","","0"
"1999-10-01","Prince Edward Island","2021A000211","Persons","249","units","0","v8","3","136424","","","","0"
"2000-01-01","Prince Edward Island","2021A000211","Persons","249","units","0","v8","3","136442","","","","0"
"2000-04-01","Prince Edward Island","2021A000211","Persons","249","units","0","v8","3","136289","","","","0"
"2000-07-01","Prince Edward Island","2021A000211","Persons","249","units","0","v8","3","136470","","","","0"
"2000-10-01","Prince Edward Island","2021A000211","Persons","249","units","0","v8","3","136400","","","","0"
"2001-01-01","Prince Edward Island","2021A000211","Persons","249","units","0","v8","3","136377","","","","0"
"2001-04-01","Prince Edward Island","2021A000211","Persons","249","units","0","v8","3","136499","","","","0"
"2001-07-01","Prince Edward Island","2021A000211","Persons","249","units","0","v8","3","136667","","","","0"
"2001-10-01","Prince Edward Island","2021A000211","Persons","249","units","0","v8","3","136876","","","","0"
"2002-01-01","Prince Edward Island","2021A000211","Persons","249","units","0","v8","3","136858","","","","0"
"2002-04-01","Prince Edward Island","2021A000211","Persons","249","units","0","v8","3","136893","","","","0"
"2002-07-01","Prince Edward Island","2021A000211","Persons","249","units","0","v8","3","136882","","","","0"
"2002-10-01","Prince Edward Island","2021A000211","Persons","249","units","0","v8","3","137082","","","","0"
"2003-01-01","Prince Edward Island","2021A000211","Persons","249","units","0","v8","3","137079","","","","0"
"2003-04-01","Prince Edward Island","2021A000211","Persons","249","units","0","v8","3","137124","","","","0"
"2003-07-01","Prince Edward Island","2021A000211","Persons","249","units","0","v8","3","137231","","","","0"
"2003-10-01","Prince Edward Island","2021A000211","Persons","249","units","0","v8","3","137430","","","","0"
"2004-01-01","Prince Edward Island","2021A000211","Persons","249","units","0","v8","3","137512","","","","0"
"2004-04-01","Prince Edward Island","2021A000211","Persons","249","units","0","v8","3","137631","","","","0"
"2004-07-01","Prince Edward Island","2021A000211","Persons","249","units","0","v8","3","137682","","","","0"
"2004-10-01","Prince Edward Island","2021A000211","Persons","249","units","0","v8","3","137697","","","","0"
"2005-01-01","Prince Edward Island","2021A000211","Persons","249","units","0","v8","3","137691","","","","0"
"2005-04-01","Prince Edward Island","2021A000211","Persons","249","units","0","v8","3","137790","","","","0"
"2005-07-01","Prince Edward Island","2021A000211","Persons","249","units","0","v8","3","138067","","","","0"
"2005-10-01","Prince Edward Island","2021A000211","Persons","249","units","0","v8","3","138133","","","","0"
"2006-01-01","Prince Edward Island","2021A000211","Persons","249","units","0","v8","3","137908","","","","0"
"2006-04-01","Prince Edward Island","2021A000211","Persons","249","units","0","v8","3","137847","","","","0"
"2006-07-01","Prince Edward Island","2021A000211","Persons","249","units","0","v8","3","137869","","","","0"
"2006-10-01","Prince Edward Island","2021A000211","Persons","249","units","0","v8","3","137898","","","","0"
"2007-01-01","Prince Edward Island","2021A000211","Persons","249","units","0","v8","3","137777","","","","0"
"2007-04-01","Prince Edward Island","2021A000211","Persons","249","units","0","v8","3","137707","","","","0"
"2007-07-01","Prince Edward Island","2021A000211","Persons","249","units","0","v8","3","137709","","","","0"
"2007-10-01","Prince Edward Island","2021A000211","Persons","249","units","0","v8","3","138020","","","","0"
"2008-01-01","Prince Edward Island","2021A000211","Persons","249","units","0","v8","3","137990","","","","0"
"2008-04-01","Prince Edward Island","2021A000211","Persons","249","units","0","v8","3","138175","","","","0"
"2008-07-01","Prince Edward Island","2021A000211","Persons","249","units","0","v8","3","138736","","","","0"
"2008-10-01","Prince Edward Island","2021A000211","Persons","249","units","0","v8","3","139448","","","","0"
"2009-01-01","Prince Edward Island","2021A000211","Persons","249","units","0","v8","3","139114","","","","0"
"2009-04-01","Prince Edward Island","2021A000211","Persons","249","units","0","v8","3","139190","","","","0"
"2009-07-01","Prince Edward Island","2021A000211","Persons","249","units","0","v8","3","139873","","","","0"
"2009-10-01","Prince Edward Island","2021A000211","Persons","249","units","0","v8","3","140596","","","","0"
"2010-01-01","Prince Edward Island","2021A000211","Persons","249","units","0","v8","3","140598","","","","0"
"2010-04-01","Prince Edward Island","2021A000211","Persons","249","units","0","v8","3","140978","","","","0"
"2010-07-01","Prince Edward Island","2021A000211","Persons","249","units","0","v8","3","141644","","","","0"
"2010-10-01","Prince Edward Island","2021A000211","Persons","249","units","0","v8","3","142725","","","","0"
"2011-01-01","Prince Edward Island","2021A000211","Persons","249","units","0","v8","3","143016","","","","0"
"2011-04-01","Prince Edward Island","2021A000211","Persons","249","units","0","v8","3","143265","","","","0"
"2011-07-01","Prince Edward Island","2021A000211","Persons","249","units","0","v8","3","143918","","","","0"
"2011-10-01","Prince Edward Island","2021A000211","Persons","249","units","0","v8","3","144283","","","","0"
"2012-01-01","Prince Edward Island","2021A000211","Persons","249","units","0","v8","3","144208","","","","0"
"2012-04-01","Prince Edward Island","2021A000211","Persons","249","units","0","v8","3","144365","","","","0"
"2012-07-01","Prince Edward Island","2021A000211","Persons","249","units","0","v8","3","144415","","","","0"
"2012-10-01","Prince Edward Island","2021A000211","Persons","249","units","0","v8","3","144396","","","","0"
"2013-01-01","Prince Edward Island","2021A000211","Persons","249","units","0","v8","3","144041","","","","0"
"2013-04-01","Prince Edward Island","2021A000211","Persons","249","units","0","v8","3","143807","","","","0"
"2013-07-01","Prince Edward Island","2021A000211","Persons","249","units","0","v8","3","143942","","","","0"
"2013-10-01","Prince Edward Island","2021A000211","Persons","249","units","0","v8","3","143943","","","","0"
"2014-01-01","Prince Edward Island","2021A000211","Persons","249","units","0","v8","3","143828","","","","0"
"2014-04-01","Prince Edward Island","2021A000211","Persons","249","units","0","v8","3","143810","","","","0"
"2014-07-01","Prince Edward Island","2021A000211","Persons","249","units","0","v8","3","144095","","","","0"
"2014-10-01","Prince Edward Island","2021A000211","Persons","249","units","0","v8","3","144342","","","","0"
"2015-01-01","Prince Edward Island","2021A000211","Persons","249","units","0","v8","3","144162","","","","0"
"2015-04-01","Prince Edward Island","2021A000211","Persons","249","units","0","v8","3","144046","","","","0"
"2015-07-01","Prince Edward Island","2021A000211","Persons","249","units","0","v8","3","144636","","","","0"
"2015-10-01","Prince Edward Island","2021A000211","Persons","249","units","0","v8","3","144949","","","","0"
"2016-01-01","Prince Edward Island","2021A000211","Persons","249","units","0","v8","3","145238","","","","0"
"2016-04-01","Prince Edward Island","2021A000211","Persons","249","units","0","v8","3","145792","","","","0"
"2016-07-01","Prince Edward Island","2021A000211","Persons","249","units","0","v8","3","146891","","","","0"
"2016-10-01","Prince Edward Island","2021A000211","Persons","249","units","0","v8","3","147699","","","","0"
"2017-01-01","Prince Edward Island","2021A000211","Persons","249","units","0","v8","3","147811","","","","0"
"2017-04-01","Prince Edward Island","2021A000211","Persons","249","units","0","v8","3","148354","","","","0"
"2017-07-01","Prince Edward Island","2021A000211","Persons","249","units","0","v8","3","149740","","","","0"
"2017-10-01","Prince Edward Island","2021A000211","Persons","249","units","0","v8","3","150595","","","","0"
"2018-01-01","Prince Edward Island","2021A000211","Persons","249","units","0","v8","3","150619","","","","0"
"2018-04-01","Prince Edward Island","2021A000211","Persons","249","units","0","v8","3","151008","","","","0"
"2018-07-01","Prince Edward Island","2021A000211","Persons","249","units","0","v8","3","152259","","","","0"
"2018-10-01","Prince Edward Island","2021A000211","Persons","249","units","0","v8","3","153906","","","","0"
"2019-01-01","Prince Edward Island","2021A000211","Persons","249","units","0","v8","3","153881","","","","0"
"2019-04-01","Prince Edward Island","2021A000211","Persons","249","units","0","v8","3","154409","","","","0"
"2019-07-01","Prince Edward Island","2021A000211","Persons","249","units","0","v8","3","155792","","","","0"
"2019-10-01","Prince Edward Island","2021A000211","Persons","249","units","0","v8","3","157025","","","","0"
"2020-01-01","Prince Edward Island","2021A000211","Persons","249","units","0","v8","3","157494","","","","0"
"2020-04-01","Prince Edward Island","2021A000211","Persons","249","units","0","v8","3","158401","","","","0"
"2020-07-01","Prince Edward Island","2021A000211","Persons","249","units","0","v8","3","159193","","","","0"
"2020-10-01","Prince Edward Island","2021A000211","Persons","249","units","0","v8","3","159179","","","","0"
"2021-01-01","Prince Edward Island","2021A000211","Persons","249","units","0","v8","3","159240","","","","0"
"2021-04-01","Prince Edward Island","2021A000211","Persons","249","units","0","v8","3","160334","","","","0"
"2021-07-01","Prince Edward Island","2021A000211","Persons","249","units","0","v8","3","162133","","","","0"
"2021-10-01","Prince Edward Island","2021A000211","Persons","249","units","0","v8","3","163690","","","","0"
"2022-01-01","Prince Edward Island","2021A000211","Persons","249","units","0","v8","3","164203","","","","0"
"2022-04-01","Prince Edward Island","2021A000211","Persons","249","units","0","v8","3","165481","","","","0"
"2022-07-01","Prince Edward Island","2021A000211","Persons","249","units","0","v8","3","167147","","","","0"
"2022-10-01","Prince Edward Island","2021A000211","Persons","249","units","0","v8","3","168882","","","","0"
"2023-01-01","Prince Edward Island","2021A000211","Persons","249","units","0","v8","3","169731","","","","0"
"2023-04-01","Prince Edward Island","2021A000211","Persons","249","units","0","v8","3","171399","","","","0"
"2023-07-01","Prince Edward Island","2021A000211","Persons","249","units","0","v8","3","173270","","","","0"
"2023-10-01","Prince Edward Island","2021A000211","Persons","249","units","0","v8","3","175675","","","","0"
"2024-01-01","Prince Edward Island","2021A000211","Persons","249","units","0","v8","3","176134","","","","0"
"2024-04-01","Prince Edward Island","2021A000211","Persons","249","units","0","v8","3","177269","","","","0"
"2024-07-01","Prince Edward Island","2021A000211","Persons","249","units","0","v8","3","178869","","","","0"
"2024-10-01","Prince Edward Island","2021A000211","Persons","249","units","0","v8","3","179997","","","","0"
"2025-01-01","Prince Edward Island","2021A000211","Persons","249","units","0","v8","3","179816","","","","0"
"2025-04-01","Prince Edward Island","2021A000211","Persons","249","units","0","v8","3","180457","","","","0"
"2025-07-01","Prince Edward Island","2021A000211","Persons","249","units","0","v8","3","181594","","","","0"
"2025-10-01","Prince Edward Island","2021A000211","Persons","249","units","0","v8","3","182588","","","","0"
"2026-01-01","Prince Edward Island","2021A000211","Persons","249","units","0","v8","3","182576","","","","0"
"2026-04-01","Prince Edward Island","2021A000211","Persons","249","units","0","v8","3","182700","","","","0"
"2026-07-01","Prince Edward Island","2021A000211","Persons","249","units","0","v8","3","182989","","","","0"
"1951-07-01","Nova Scotia","2021A000212","Persons","249","units","0","v9","4","643000","","","","0"
"1951-10-01","Nova Scotia","2021A000212","Persons","249","units","0","v9","4","646000","","","","0"
"1952-01-01","Nova Scotia","2021A000212","Persons","249","units","0","v9","4","647000","","","","0"
"1952-04-01","Nova Scotia","2021A000212","Persons","249","units","0","v9","4","651000","","","","0"
"1952-07-01","Nova Scotia","2021A000212","Persons","249","units","0","v9","4","654000","","","","0"
"1952-10-01","Nova Scotia","2021A000212","Persons","249","units","0","v9","4","657000","","","","0"
"1953-01-01","Nova Scotia","2021A000212","Persons","249","units","0","v9","4","660000","","","","0"
"1953-04-01","Nova Scotia","2021A000212","Persons","249","units","0","v9","4","662000","","","","0"
"1953-07-01","Nova Scotia","2021A000212","Persons","249","units","0","v9","4","664000","","","","0"
"1953-10-01","Nova Scotia","2021A000212","Persons","249","units","0","v9","4","667000","","","","0"
"1954-01-01","Nova Scotia","2021A000212","Persons","249","units","0","v9","4","668000","","","","0"
"1954-04-01","Nova Scotia","2021A000212","Persons","249","units","0","v9","4","670000","","","","0"
"1954-07-01","Nova Scotia","2021A000212","Persons","249","units","0","v9","4","674000","","","","0"
"1954-10-01","Nova Scotia","2021A000212","Persons","249","units","0","v9","4","676000","","","","0"
"1955-01-01","Nova Scotia","2021A000212","Persons","249","units","0","v9","4","678000","","","","0"
"1955-04-01","Nova Scotia","2021A000212","Persons","249","units","0","v9","4","681000","","","","0"
"1955-07-01","Nova Scotia","2021A000212","Persons","249","units","0","v9","4","684000","","","","0"
"1955-10-01","Nova Scotia","2021A000212","Persons","249","units","0","v9","4","688000","","","","0"
"1956-01-01","Nova Scotia","2021A000212","Persons","249","units","0","v9","4","690000","","","","0"
"1956-04-01","Nova Scotia","2021A000212","Persons","249","units","0","v9","4","693000","","","","0"
"1956-07-01","Nova Scotia","2021A000212","Persons","249","units","0","v9","4","695000","","","","0"
"1956-10-01","Nova Scotia","2021A000212","Persons","249","units","0","v9","4","695000","","","","0"
"1957-01-01","Nova Scotia","2021A000212","Persons","249","units","0","v9","4","695000","","","","0"
"1957-04-01","Nova Scotia","2021A000212","Persons","249","units","0","v9","4","698000","","","","0"
"1957-07-01","Nova Scotia","2021A000212","Persons","249","units","0","v9","4","701000","","","","0"
"1957-10-01","Nova Scotia","2021A000212","Persons","249","units","0","v9","4","702000","","","","0"
"1958-01-01","Nova Scotia","2021A000212","Persons","249","units","0","v9","4","705000","","","","0"
"1958-04-01","Nova Scotia","2021A000212","Persons","249","units","0","v9","4","707000","","","","0"
"1958-07-01","Nova Scotia","2021A000212","Persons","249","units","0","v9","4","710000","","","","0"
"1958-10-01","Nova Scotia","2021A000212","Persons","249","units","0","v9","4","713000","","","","0"
"1959-01-01","Nova Scotia","2021A000212","Persons","249","units","0","v9","4","716000","","","","0"
"1959-04-01","Nova Scotia","2021A000212","Persons","249","units","0","v9","4","718000","","","","0"
"1959-07-01","Nova Scotia","2021A000212","Persons","249","units","0","v9","4","720000","","","","0"
"1959-10-01","Nova Scotia","2021A000212","Persons","249","units","0","v9","4","722000","","","","0"
"1960-01-01","Nova Scotia","2021A000212","Persons","249","units","0","v9","4","722000","","","","0"
"1960-04-01","Nova Scotia","2021A000212","Persons","249","units","0","v9","4","725000","","","","0"
"1960-07-01","Nova Scotia","2021A000212","Persons","249","units","0","v9","4","728000","","","","0"
"1960-10-01","Nova Scotia","2021A000212","Persons","249","units","0","v9","4","731000","","","","0"
"1961-01-01","Nova Scotia","2021A000212","Persons","249","units","0","v9","4","732000","","","","0"
"1961-04-01","Nova Scotia","2021A000212","Persons","249","units","0","v9","4","735000","","","","0"
"1961-07-01","Nova Scotia","2021A000212","Persons","249","units","0","v9","4","738000","","","","0"
"1961-10-01","Nova Scotia","2021A000212","Persons","249","units","0","v9","4","740000","","","","0"
"1962-01-01","Nova Scotia","2021A000212","Persons","249","units","0","v9","4","742000","","","","0"
"1962-04-01","Nova Scotia","2021A000212","Persons","249","units","0","v9","4","744000","","","","0"
"1962-07-01","Nova Scotia","2021A000212","Persons","249","units","0","v9","4","746000","","","","0"
"1962-10-01","Nova Scotia","2021A000212","Persons","249","units","0","v9","4","748000","","","","0"
"1963-01-01","Nova Scotia","2021A000212","Persons","249","units","0","v9","4","747000","","","","0"
"1963-04-01","Nova Scotia","2021A000212","Persons","249","units","0","v9","4","749000","","","","0"
"1963-07-01","Nova Scotia","2021A000212","Persons","249","units","0","v9","4","751000","","","","0"
"1963-10-01","Nova Scotia","2021A000212","Persons","249","units","0","v9","4","752000","","","","0"
"1964-01-01","Nova Scotia","2021A000212","Persons","249","units","0","v9","4","752000","","","","0"
"1964-04-01","Nova Scotia","2021A000212","Persons","249","units","0","v9","4","753000","","","","0"
"1964-07-01","Nova Scotia","2021A000212","Persons","249","units","0","v9","4","755000","","","","0"
"1964-10-01","Nova Scotia","2021A000212","Persons","249","units","0","v9","4","756000","","","","0"
"1965-01-01","Nova Scotia","2021A000212","Persons","249","units","0","v9","4","755000","","","","0"
"1965-04-01","Nova Scotia","2021A000212","Persons","249","units","0","v9","4","754000","","","","0"
"1965-07-01","Nova Scotia","2021A000212","Persons","249","units","0","v9","4","756000","","","","0"
"1965-10-01","Nova Scotia","2021A000212","Persons","249","units","0","v9","4","755000","","","","0"
"1966-01-01","Nova Scotia","2021A000212","Persons","249","units","0","v9","4","754000","","","","0"
"1966-04-01","Nova Scotia","2021A000212","Persons","249","units","0","v9","4","755000","","","","0"
"1966-07-01","Nova Scotia","2021A000212","Persons","249","units","0","v9","4","757000","","","","0"
"1966-10-01","Nova Scotia","2021A000212","Persons","249","units","0","v9","4","756000","","","","0"
"1967-01-01","Nova Scotia","2021A000212","Persons","249","units","0","v9","4","757000","","","","0"
"1967-04-01","Nova Scotia","2021A000212","Persons","249","units","0","v9","4","758000","","","","0"
"1967-07-01","Nova Scotia","2021A000212","Persons","249","units","0","v9","4","761000","","","","0"
"1967-10-01","Nova Scotia","2021A000212","Persons","249","units","0","v9","4","762000","","","","0"
"1968-01-01","Nova Scotia","2021A000212","Persons","249","units","0","v9","4","764000","","","","0"
"1968-04-01","Nova Scotia","2021A000212","Persons","249","units","0","v9","4","765000","","","","0"
"1968-07-01","Nova Scotia","2021A000212","Persons","249","units","0","v9","4","768000","","","","0"
"1968-10-01","Nova Scotia","2021A000212","Persons","249","units","0","v9","4","771000","","","","0"
"1969-01-01","Nova Scotia","2021A000212","Persons","249","units","0","v9","4","771000","","","","0"
"1969-04-01","Nova Scotia","2021A000212","Persons","249","units","0","v9","4","774000","","","","0"
"1969-07-01","Nova Scotia","2021A000212","Persons","249","units","0","v9","4","777000","","","","0"
"1969-10-01","Nova Scotia","2021A000212","Persons","249","units","0","v9","4","778000","","","","0"
"1970-01-01","Nova Scotia","2021A000212","Persons","249","units","0","v9","4","779000","","","","0"
"1970-04-01","Nova Scotia","2021A000212","Persons","249","units","0","v9","4","780000","","","","0"
"1970-07-01","Nova Scotia","2021A000212","Persons","249","units","0","v9","4","783000","","","","0"
"1970-10-01","Nova Scotia","2021A000212","Persons","249","units","0","v9","4","784000","","","","0"
"1971-01-01","Nova Scotia","2021A000212","Persons","249","units","0","v9","4","785000","","","","0"
"1971-04-01","Nova Scotia","2021A000212","Persons","249","units","0","v9","4","788000","","","","0"
"1971-07-01","Nova Scotia","2021A000212","Persons","249","units","0","v9","4","797294","","","","0"
"1971-10-01","Nova Scotia","2021A000212","Persons","249","units","0","v9","4","798804","","","","0"
"1972-01-01","Nova Scotia","2021A000212","Persons","249","units","0","v9","4","800513","","","","0"
"1972-04-01","Nova Scotia","2021A000212","Persons","249","units","0","v9","4","800542","","","","0"
"1972-07-01","Nova Scotia","2021A000212","Persons","249","units","0","v9","4","802255","","","","0"
"1972-10-01","Nova Scotia","2021A000212","Persons","249","units","0","v9","4","805317","","","","0"
"1973-01-01","Nova Scotia","2021A000212","Persons","249","units","0","v9","4","808614","","","","0"
"1973-04-01","Nova Scotia","2021A000212","Persons","249","units","0","v9","4","809697","","","","0"
"1973-07-01","Nova Scotia","2021A000212","Persons","249","units","0","v9","4","812386","","","","0"
"1973-10-01","Nova Scotia","2021A000212","Persons","249","units","0","v9","4","814351","","","","0"
"1974-01-01","Nova Scotia","2021A000212","Persons","249","units","0","v9","4","816353","","","","0"
"1974-04-01","Nova Scotia","2021A000212","Persons","249","units","0","v9","4","816688","","","","0"
"1974-07-01","Nova Scotia","2021A000212","Persons","249","units","0","v9","4","818751","","","","0"
"1974-10-01","Nova Scotia","2021A000212","Persons","249","units","0","v9","4","821251","","","","0"
"1975-01-01","Nova Scotia","2021A000212","Persons","249","units","0","v9","4","823084","","","","0"
"1975-04-01","Nova Scotia","2021A000212","Persons","249","units","0","v9","4","824791","","","","0"
"1975-07-01","Nova Scotia","2021A000212","Persons","249","units","0","v9","4","826549","","","","0"
"1975-10-01","Nova Scotia","2021A000212","Persons","249","units","0","v9","4","830351","","","","0"
"1976-01-01","Nova Scotia","2021A000212","Persons","249","units","0","v9","4","832765","","","","0"
"1976-04-01","Nova Scotia","2021A000212","Persons","249","units","0","v9","4","833741","","","","0"
"1976-07-01","Nova Scotia","2021A000212","Persons","249","units","0","v9","4","835166","","","","0"
"1976-10-01","Nova Scotia","2021A000212","Persons","249","units","0","v9","4","837578","","","","0"
"1977-01-01","Nova Scotia","2021A000212","Persons","249","units","0","v9","4","838385","","","","0"
"1977-04-01","Nova Scotia","2021A000212","Persons","249","units","0","v9","4","839315","","","","0"
"1977-07-01","Nova Scotia","2021A000212","Persons","249","units","0","v9","4","840028","","","","0"
"1977-10-01","Nova Scotia","2021A000212","Persons","249","units","0","v9","4","842051","","","","0"
"1978-01-01","Nova Scotia","2021A000212","Persons","249","units","0","v9","4","842961","","","","0"
"1978-04-01","Nova Scotia","2021A000212","Persons","249","units","0","v9","4","843663","","","","0"
"1978-07-01","Nova Scotia","2021A000212","Persons","249","units","0","v9","4","844628","","","","0"
"1978-10-01","Nova Scotia","2021A000212","Persons","249","units","0","v9","4","846612","","","","0"
"1979-01-01","Nova Scotia","2021A000212","Persons","249","units","0","v9","4","847511","","","","0"
"1979-04-01","Nova Scotia","2021A000212","Persons","249","units","0","v9","4","848272","","","","0"
"1979-07-01","Nova Scotia","2021A000212","Persons","249","units","0","v9","4","849396","","","","0"
"1979-10-01","Nova Scotia","2021A000212","Persons","249","units","0","v9","4","850336","","","","0"
"1980-01-01","Nova Scotia","2021A000212","Persons","249","units","0","v9","4","850915","","","","0"
"1980-04-01","Nova Scotia","2021A000212","Persons","249","units","0","v9","4","851541","","","","0"
"1980-07-01","Nova Scotia","2021A000212","Persons","249","units","0","v9","4","852659","","","","0"
"1980-10-01","Nova Scotia","2021A000212","Persons","249","units","0","v9","4","853389","","","","0"
"1981-01-01","Nova Scotia","2021A000212","Persons","249","units","0","v9","4","853673","","","","0"
"1981-04-01","Nova Scotia","2021A000212","Persons","249","units","0","v9","4","854024","","","","0"
"1981-07-01","Nova Scotia","2021A000212","Persons","249","units","0","v9","4","854871","","","","0"
"1981-10-01","Nova Scotia","2021A000212","Persons","249","units","0","v9","4","857038","","","","0"
"1982-01-01","Nova Scotia","2021A000212","Persons","249","units","0","v9","4","857469","","","","0"
"1982-04-01","Nova Scotia","2021A000212","Persons","249","units","0","v9","4","857592","","","","0"
"1982-07-01","Nova Scotia","2021A000212","Persons","249","units","0","v9","4","859038","","","","0"
"1982-10-01","Nova Scotia","2021A000212","Persons","249","units","0","v9","4","862255","","","","0"
"1983-01-01","Nova Scotia","2021A000212","Persons","249","units","0","v9","4","864117","","","","0"
"1983-04-01","Nova Scotia","2021A000212","Persons","249","units","0","v9","4","865796","","","","0"
"1983-07-01","Nova Scotia","2021A000212","Persons","249","units","0","v9","4","868289","","","","0"
"1983-10-01","Nova Scotia","2021A000212","Persons","249","units","0","v9","4","872143","","","","0"
"1984-01-01","Nova Scotia","2021A000212","Persons","249","units","0","v9","4","874076","","","","0"
"1984-04-01","Nova Scotia","2021A000212","Persons","249","units","0","v9","4","875922","","","","0"
"1984-07-01","Nova Scotia","2021A000212","Persons","249","units","0","v9","4","877471","","","","0"
"1984-10-01","Nova Scotia","2021A000212","Persons","249","units","0","v9","4","881323","","","","0"
"1985-01-01","Nova Scotia","2021A000212","Persons","249","units","0","v9","4","883012","","","","0"
"1985-04-01","Nova Scotia","2021A000212","Persons","249","units","0","v9","4","884525","","","","0"
"1985-07-01","Nova Scotia","2021A000212","Persons","249","units","0","v9","4","885848","","","","0"
"1985-10-01","Nova Scotia","2021A000212","Persons","249","units","0","v9","4","887408","","","","0"
"1986-01-01","Nova Scotia","2021A000212","Persons","249","units","0","v9","4","887435","","","","0"
"1986-04-01","Nova Scotia","2021A000212","Persons","249","units","0","v9","4","888157","","","","0"
"1986-07-01","Nova Scotia","2021A000212","Persons","249","units","0","v9","4","889087","","","","0"
"1986-10-01","Nova Scotia","2021A000212","Persons","249","units","0","v9","4","891078","","","","0"
"1987-01-01","Nova Scotia","2021A000212","Persons","249","units","0","v9","4","891424","","","","0"
"1987-04-01","Nova Scotia","2021A000212","Persons","249","units","0","v9","4","891908","","","","0"
"1987-07-01","Nova Scotia","2021A000212","Persons","249","units","0","v9","4","893606","","","","0"
"1987-10-01","Nova Scotia","2021A000212","Persons","249","units","0","v9","4","894585","","","","0"
"1988-01-01","Nova Scotia","2021A000212","Persons","249","units","0","v9","4","894600","","","","0"
"1988-04-01","Nova Scotia","2021A000212","Persons","249","units","0","v9","4","895638","","","","0"
"1988-07-01","Nova Scotia","2021A000212","Persons","249","units","0","v9","4","897216","","","","0"
"1988-10-01","Nova Scotia","2021A000212","Persons","249","units","0","v9","4","899462","","","","0"
"1989-01-01","Nova Scotia","2021A000212","Persons","249","units","0","v9","4","900270","","","","0"
"1989-04-01","Nova Scotia","2021A000212","Persons","249","units","0","v9","4","901341","","","","0"
"1989-07-01","Nova Scotia","2021A000212","Persons","249","units","0","v9","4","903841","","","","0"
"1989-10-01","Nova Scotia","2021A000212","Persons","249","units","0","v9","4","906644","","","","0"
"1990-01-01","Nova Scotia","2021A000212","Persons","249","units","0","v9","4","907394","","","","0"
"1990-04-01","Nova Scotia","2021A000212","Persons","249","units","0","v9","4","908444","","","","0"
"1990-07-01","Nova Scotia","2021A000212","Persons","249","units","0","v9","4","910451","","","","0"
"1990-10-01","Nova Scotia","2021A000212","Persons","249","units","0","v9","4","911749","","","","0"
"1991-01-01","Nova Scotia","2021A000212","Persons","249","units","0","v9","4","912792","","","","0"
"1991-04-01","Nova Scotia","2021A000212","Persons","249","units","0","v9","4","912889","","","","0"
"1991-07-01","Nova Scotia","2021A000212","Persons","249","units","0","v9","4","914969","","","","0"
"1991-10-01","Nova Scotia","2021A000212","Persons","249","units","0","v9","4","916896","","","","0"
"1992-01-01","Nova Scotia","2021A000212","Persons","249","units","0","v9","4","917302","","","","0"
"1992-04-01","Nova Scotia","2021A000212","Persons","249","units","0","v9","4","917555","","","","0"
"1992-07-01","Nova Scotia","2021A000212","Persons","249","units","0","v9","4","919451","","","","0"
"1992-10-01","Nova Scotia","2021A000212","Persons","249","units","0","v9","4","921619","","","","0"
"1993-01-01","Nova Scotia","2021A000212","Persons","249","units","0","v9","4","922128","","","","0"
"1993-04-01","Nova Scotia","2021A000212","Persons","249","units","0","v9","4","922469","","","","0"
"1993-07-01","Nova Scotia","2021A000212","Persons","249","units","0","v9","4","923925","","","","0"
"1993-10-01","Nova Scotia","2021A000212","Persons","249","units","0","v9","4","925851","","","","0"
"1994-01-01","Nova Scotia","2021A000212","Persons","249","units","0","v9","4","925852","","","","0"
"1994-04-01","Nova Scotia","2021A000212","Persons","249","units","0","v9","4","926109","","","","0"
"1994-07-01","Nova Scotia","2021A000212","Persons","249","units","0","v9","4","926871","","","","0"
"1994-10-01","Nova Scotia","2021A000212","Persons","249","units","0","v9","4","927778","","","","0"
"1995-01-01","Nova Scotia","2021A000212","Persons","249","units","0","v9","4","927395","","","","0"
"1995-04-01","Nova Scotia","2021A000212","Persons","249","units","0","v9","4","927641","","","","0"
"1995-07-01","Nova Scotia","2021A000212","Persons","249","units","0","v9","4","928120","","","","0"
"1995-10-01","Nova Scotia","2021A000212","Persons","249","units","0","v9","4","930028","","","","0"
"1996-01-01","Nova Scotia","2021A000212","Persons","249","units","0","v9","4","929782","","","","0"
"1996-04-01","Nova Scotia","2021A000212","Persons","249","units","0","v9","4","929921","","","","0"
"1996-07-01","Nova Scotia","2021A000212","Persons","249","units","0","v9","4","931327","","","","0"
"1996-10-01","Nova Scotia","2021A000212","Persons","249","units","0","v9","4","932276","","","","0"
"1997-01-01","Nova Scotia","2021A000212","Persons","249","units","0","v9","4","932349","","","","0"
"1997-04-01","Nova Scotia","2021A000212","Persons","249","units","0","v9","4","931832","","","","0"
"1997-07-01","Nova Scotia","2021A000212","Persons","249","units","0","v9","4","932402","","","","0"
"1997-10-01","Nova Scotia","2021A000212","Persons","249","units","0","v9","4","932735","","","","0"
"1998-01-01","Nova Scotia","2021A000212","Persons","249","units","0","v9","4","932549","","","","0"
"1998-04-01","Nova Scotia","2021A000212","Persons","249","units","0","v9","4","932033","","","","0"
"1998-07-01","Nova Scotia","2021A000212","Persons","249","units","0","v9","4","931836","","","","0"
"1998-10-01","Nova Scotia","2021A000212","Persons","249","units","0","v9","4","932740","","","","0"
"1999-01-01","Nova Scotia","2021A000212","Persons","249","units","0","v9","4","932145","","","","0"
"1999-04-01","Nova Scotia","2021A000212","Persons","249","units","0","v9","4","932116","","","","0"
"1999-07-01","Nova Scotia","2021A000212","Persons","249","units","0","v9","4","933784","","","","0"
"1999-10-01","Nova Scotia","2021A000212","Persons","249","units","0","v9","4","935941","","","","0"
"2000-01-01","Nova Scotia","2021A000212","Persons","249","units","0","v9","4","934594","","","","0"
"2000-04-01","Nova Scotia","2021A000212","Persons","249","units","0","v9","4","934291","","","","0"
"2000-07-01","Nova Scotia","2021A000212","Persons","249","units","0","v9","4","933821","","","","0"
"2000-10-01","Nova Scotia","2021A000212","Persons","249","units","0","v9","4","934459","","","","0"
"2001-01-01","Nova Scotia","2021A000212","Persons","249","units","0","v9","4","933463","","","","0"
"2001-04-01","Nova Scotia","2021A000212","Persons","249","units","0","v9","4","932909","","","","0"
"2001-07-01","Nova Scotia","2021A000212","Persons","249","units","0","v9","4","932483","","","","0"
"2001-10-01","Nova Scotia","2021A000212","Persons","249","units","0","v9","4","933318","","","","0"
"2002-01-01","Nova Scotia","2021A000212","Persons","249","units","0","v9","4","933757","","","","0"
"2002-04-01","Nova Scotia","2021A000212","Persons","249","units","0","v9","4","934165","","","","0"
"2002-07-01","Nova Scotia","2021A000212","Persons","249","units","0","v9","4","935172","","","","0"
"2002-10-01","Nova Scotia","2021A000212","Persons","249","units","0","v9","4","935959","","","","0"
"2003-01-01","Nova Scotia","2021A000212","Persons","249","units","0","v9","4","935495","","","","0"
"2003-04-01","Nova Scotia","2021A000212","Persons","249","units","0","v9","4","935775","","","","0"
"2003-07-01","Nova Scotia","2021A000212","Persons","249","units","0","v9","4","937681","","","","0"
"2003-10-01","Nova Scotia","2021A000212","Persons","249","units","0","v9","4","938744","","","","0"
"2004-01-01","Nova Scotia","2021A000212","Persons","249","units","0","v9","4","938946","","","","0"
"2004-04-01","Nova Scotia","2021A000212","Persons","249","units","0","v9","4","938738","","","","0"
"2004-07-01","Nova Scotia","2021A000212","Persons","249","units","0","v9","4","939625","","","","0"
"2004-10-01","Nova Scotia","2021A000212","Persons","249","units","0","v9","4","939855","","","","0"
"2005-01-01","Nova Scotia","2021A000212","Persons","249","units","0","v9","4","939202","","","","0"
"2005-04-01","Nova Scotia","2021A000212","Persons","249","units","0","v9","4","937989","","","","0"
"2005-07-01","Nova Scotia","2021A000212","Persons","249","units","0","v9","4","937931","","","","0"
"2005-10-01","Nova Scotia","2021A000212","Persons","249","units","0","v9","4","938755","","","","0"
"2006-01-01","Nova Scotia","2021A000212","Persons","249","units","0","v9","4","938120","","","","0"
"2006-04-01","Nova Scotia","2021A000212","Persons","249","units","0","v9","4","937665","","","","0"
"2006-07-01","Nova Scotia","2021A000212","Persons","249","units","0","v9","4","937880","","","","0"
"2006-10-01","Nova Scotia","2021A000212","Persons","249","units","0","v9","4","937060","","","","0"
"2007-01-01","Nova Scotia","2021A000212","Persons","249","units","0","v9","4","936232","","","","0"
"2007-04-01","Nova Scotia","2021A000212","Persons","249","units","0","v9","4","935028","","","","0"
"2007-07-01","Nova Scotia","2021A000212","Persons","249","units","0","v9","4","935164","","","","0"
"2007-10-01","Nova Scotia","2021A000212","Persons","249","units","0","v9","4","935433","","","","0"
"2008-01-01","Nova Scotia","2021A000212","Persons","249","units","0","v9","4","935540","","","","0"
"2008-04-01","Nova Scotia","2021A000212","Persons","249","units","0","v9","4","935704","","","","0"
"2008-07-01","Nova Scotia","2021A000212","Persons","249","units","0","v9","4","935965","","","","0"
"2008-10-01","Nova Scotia","2021A000212","Persons","249","units","0","v9","4","937108","","","","0"
"2009-01-01","Nova Scotia","2021A000212","Persons","249","units","0","v9","4","937445","","","","0"
"2009-04-01","Nova Scotia","2021A000212","Persons","249","units","0","v9","4","937489","","","","0"
"2009-07-01","Nova Scotia","2021A000212","Persons","249","units","0","v9","4","938266","","","","0"
"2009-10-01","Nova Scotia","2021A000212","Persons","249","units","0","v9","4","940558","","","","0"
"2010-01-01","Nova Scotia","2021A000212","Persons","249","units","0","v9","4","940879","","","","0"
"2010-04-01","Nova Scotia","2021A000212","Persons","249","units","0","v9","4","940967","","","","0"
"2010-07-01","Nova Scotia","2021A000212","Persons","249","units","0","v9","4","942144","","","","0"
"2010-10-01","Nova Scotia","2021A000212","Persons","249","units","0","v9","4","944201","","","","0"
"2011-01-01","Nova Scotia","2021A000212","Persons","249","units","0","v9","4","944082","","","","0"
"2011-04-01","Nova Scotia","2021A000212","Persons","249","units","0","v9","4","943921","","","","0"
"2011-07-01","Nova Scotia","2021A000212","Persons","249","units","0","v9","4","944095","","","","0"
"2011-10-01","Nova Scotia","2021A000212","Persons","249","units","0","v9","4","944645","","","","0"
"2012-01-01","Nova Scotia","2021A000212","Persons","249","units","0","v9","4","943907","","","","0"
"2012-04-01","Nova Scotia","2021A000212","Persons","249","units","0","v9","4","943317","","","","0"
"2012-07-01","Nova Scotia","2021A000212","Persons","249","units","0","v9","4","943163","","","","0"
"2012-10-01","Nova Scotia","2021A000212","Persons","249","units","0","v9","4","942829","","","","0"
"2013-01-01","Nova Scotia","2021A000212","Persons","249","units","0","v9","4","942045","","","","0"
"2013-04-01","Nova Scotia","2021A000212","Persons","249","units","0","v9","4","940647","","","","0"
"2013-07-01","Nova Scotia","2021A000212","Persons","249","units","0","v9","4","939808","","","","0"
"2013-10-01","Nova Scotia","2021A000212","Persons","249","units","0","v9","4","939442","","","","0"
"2014-01-01","Nova Scotia","2021A000212","Persons","249","units","0","v9","4","939166","","","","0"
"2014-04-01","Nova Scotia","2021A000212","Persons","249","units","0","v9","4","938175","","","","0"
"2014-07-01","Nova Scotia","2021A000212","Persons","249","units","0","v9","4","937768","","","","0"
"2014-10-01","Nova Scotia","2021A000212","Persons","249","units","0","v9","4","938157","","","","0"
"2015-01-01","Nova Scotia","2021A000212","Persons","249","units","0","v9","4","937442","","","","0"
"2015-04-01","Nova Scotia","2021A000212","Persons","249","units","0","v9","4","935380","","","","0"
"2015-07-01","Nova Scotia","2021A000212","Persons","249","units","0","v9","4","937419","","","","0"
"2015-10-01","Nova Scotia","2021A000212","Persons","249","units","0","v9","4","938914","","","","0"
"2016-01-01","Nova Scotia","2021A000212","Persons","249","units","0","v9","4","938973","","","","0"
"2016-04-01","Nova Scotia","2021A000212","Persons","249","units","0","v9","4","940471","","","","0"
"2016-07-01","Nova Scotia","2021A000212","Persons","249","units","0","v9","4","942984","","","","0"
"2016-10-01","Nova Scotia","2021A000212","Persons","249","units","0","v9","4","946623","","","","0"
"2017-01-01","Nova Scotia","2021A000212","Persons","249","units","0","v9","4","947023","","","","0"
"2017-04-01","Nova Scotia","2021A000212","Persons","249","units","0","v9","4","948945","","","","0"
"2017-07-01","Nova Scotia","2021A000212","Persons","249","units","0","v9","4","952159","","","","0"
"2017-10-01","Nova Scotia","2021A000212","Persons","249","units","0","v9","4","956074","","","","0"
"2018-01-01","Nova Scotia","2021A000212","Persons","249","units","0","v9","4","956711","","","","0"
"2018-04-01","Nova Scotia","2021A000212","Persons","249","units","0","v9","4","957883","","","","0"
"2018-07-01","Nova Scotia","2021A000212","Persons","249","units","0","v9","4","962072","","","","0"
"2018-10-01","Nova Scotia","2021A000212","Persons","249","units","0","v9","4","967578","","","","0"
"2019-01-01","Nova Scotia","2021A000212","Persons","249","units","0","v9","4","968724","","","","0"
"2019-04-01","Nova Scotia","2021A000212","Persons","249","units","0","v9","4","970680","","","","0"
"2019-07-01","Nova Scotia","2021A000212","Persons","249","units","0","v9","4","975799","","","","0"
"2019-10-01","Nova Scotia","2021A000212","Persons","249","units","0","v9","4","982592","","","","0"
"2020-01-01","Nova Scotia","2021A000212","Persons","249","units","0","v9","4","984130","","","","0"
"2020-04-01","Nova Scotia","2021A000212","Persons","249","units","0","v9","4","986204","","","","0"
"2020-07-01","Nova Scotia","2021A000212","Persons","249","units","0","v9","4","989168","","","","0"
"2020-10-01","Nova Scotia","2021A000212","Persons","249","units","0","v9","4","989154","","","","0"
"2021-01-01","Nova Scotia","2021A000212","Persons","249","units","0","v9","4","990025","","","","0"
"2021-04-01","Nova Scotia","2021A000212","Persons","249","units","0","v9","4","993946","","","","0"
"2021-07-01","Nova Scotia","2021A000212","Persons","249","units","0","v9","4","999908","","","","0"
"2021-10-01","Nova Scotia","2021A000212","Persons","249","units","0","v9","4","1006740","","","","0"
"2022-01-01","Nova Scotia","2021A000212","Persons","249","units","0","v9","4","1009517","","","","0"
"2022-04-01","Nova Scotia","2021A000212","Persons","249","units","0","v9","4","1013284","","","","0"
"2022-07-01","Nova Scotia","2021A000212","Persons","249","units","0","v9","4","1024306","","","","0"
"2022-10-01","Nova Scotia","2021A000212","Persons","249","units","0","v9","4","1033481","","","","0"
"2023-01-01","Nova Scotia","2021A000212","Persons","249","units","0","v9","4","1036706","","","","0"
"2023-04-01","Nova Scotia","2021A000212","Persons","249","units","0","v9","4","1042847","","","","0"
"2023-07-01","Nova Scotia","2021A000212","Persons","249","units","0","v9","4","1052601","","","","0"
"2023-10-01","Nova Scotia","2021A000212","Persons","249","units","0","v9","4","1062411","","","","0"
"2024-01-01","Nova Scotia","2021A000212","Persons","249","units","0","v9","4","1066827","","","","0"
"2024-04-01","Nova Scotia","2021A000212","Persons","249","units","0","v9","4","1072232","","","","0"
"2024-07-01","Nova Scotia","2021A000212","Persons","249","units","0","v9","4","1080310","","","","0"
"2024-10-01","Nova Scotia","2021A000212","Persons","249","units","0","v9","4","1086377","","","","0"
"2025-01-01","Nova Scotia","2021A000212","Persons","249","units","0","v9","4","1087432","","","","0"
"2025-04-01","Nova Scotia","2021A000212","Persons","249","units","0","v9","4","1090485","","","","0"
"2025-07-01","Nova Scotia","2021A000212","Persons","249","units","0","v9","4","1095157","","","","0"
"2025-10-01","Nova Scotia","2021A000212","Persons","249","units","0","v9","4","1098342","","","","0"
"2026-01-01","Nova Scotia","2021A000212","Persons","249","units","0","v9","4","1098558","","","","0"
"2026-04-01","Nova Scotia","2021A000212","Persons","249","units","0","v9","4","1099399","","","","0"
"2026-07-01","Nova Scotia","2021A000212","Persons","249","units","0","v9","4","1103419","","","","0"
"1951-07-01","New Brunswick","2021A000213","Persons","249","units","0","v10","5","517000","","","","0"
"1951-10-01","New Brunswick","2021A000213","Persons","249","units","0","v10","5","519000","","","","0"
"1952-01-01","New Brunswick","2021A000213","Persons","249","units","0","v10","5","521000","","","","0"
"1952-04-01","New Brunswick","2021A000213","Persons","249","units","0","v10","5","524000","","","","0"
"1952-07-01","New Brunswick","2021A000213","Persons","249","units","0","v10","5","527000","","","","0"
"1952-10-01","New Brunswick","2021A000213","Persons","249","units","0","v10","5","529000","","","","0"
"1953-01-01","New Brunswick","2021A000213","Persons","249","units","0","v10","5","530000","","","","0"
"1953-04-01","New Brunswick","2021A000213","Persons","249","units","0","v10","5","532000","","","","0"
"1953-07-01","New Brunswick","2021A000213","Persons","249","units","0","v10","5","533000","","","","0"
"1953-10-01","New Brunswick","2021A000213","Persons","249","units","0","v10","5","535000","","","","0"
"1954-01-01","New Brunswick","2021A000213","Persons","249","units","0","v10","5","537000","","","","0"
"1954-04-01","New Brunswick","2021A000213","Persons","249","units","0","v10","5","538000","","","","0"
"1954-07-01","New Brunswick","2021A000213","Persons","249","units","0","v10","5","541000","","","","0"
"1954-10-01","New Brunswick","2021A000213","Persons","249","units","0","v10","5","543000","","","","0"
"1955-01-01","New Brunswick","2021A000213","Persons","249","units","0","v10","5","544000","","","","0"
"1955-04-01","New Brunswick","2021A000213","Persons","249","units","0","v10","5","546000","","","","0"
"1955-07-01","New Brunswick","2021A000213","Persons","249","units","0","v10","5","548000","","","","0"
"1955-10-01","New Brunswick","2021A000213","Persons","249","units","0","v10","5","550000","","","","0"
"1956-01-01","New Brunswick","2021A000213","Persons","249","units","0","v10","5","552000","","","","0"
"1956-04-01","New Brunswick","2021A000213","Persons","249","units","0","v10","5","553000","","","","0"
"1956-07-01","New Brunswick","2021A000213","Persons","249","units","0","v10","5","556000","","","","0"
"1956-10-01","New Brunswick","2021A000213","Persons","249","units","0","v10","5","557000","","","","0"
"1957-01-01","New Brunswick","2021A000213","Persons","249","units","0","v10","5","558000","","","","0"
"1957-04-01","New Brunswick","2021A000213","Persons","249","units","0","v10","5","560000","","","","0"
"1957-07-01","New Brunswick","2021A000213","Persons","249","units","0","v10","5","563000","","","","0"
"1957-10-01","New Brunswick","2021A000213","Persons","249","units","0","v10","5","565000","","","","0"
"1958-01-01","New Brunswick","2021A000213","Persons","249","units","0","v10","5","567000","","","","0"
"1958-04-01","New Brunswick","2021A000213","Persons","249","units","0","v10","5","569000","","","","0"
"1958-07-01","New Brunswick","2021A000213","Persons","249","units","0","v10","5","572000","","","","0"
"1958-10-01","New Brunswick","2021A000213","Persons","249","units","0","v10","5","574000","","","","0"
"1959-01-01","New Brunswick","2021A000213","Persons","249","units","0","v10","5","577000","","","","0"
"1959-04-01","New Brunswick","2021A000213","Persons","249","units","0","v10","5","580000","","","","0"
"1959-07-01","New Brunswick","2021A000213","Persons","249","units","0","v10","5","583000","","","","0"
"1959-10-01","New Brunswick","2021A000213","Persons","249","units","0","v10","5","584000","","","","0"
"1960-01-01","New Brunswick","2021A000213","Persons","249","units","0","v10","5","585000","","","","0"
"1960-04-01","New Brunswick","2021A000213","Persons","249","units","0","v10","5","587000","","","","0"
"1960-07-01","New Brunswick","2021A000213","Persons","249","units","0","v10","5","589000","","","","0"
"1960-10-01","New Brunswick","2021A000213","Persons","249","units","0","v10","5","591000","","","","0"
"1961-01-01","New Brunswick","2021A000213","Persons","249","units","0","v10","5","593000","","","","0"
"1961-04-01","New Brunswick","2021A000213","Persons","249","units","0","v10","5","596000","","","","0"
"1961-07-01","New Brunswick","2021A000213","Persons","249","units","0","v10","5","599000","","","","0"
"1961-10-01","New Brunswick","2021A000213","Persons","249","units","0","v10","5","600000","","","","0"
"1962-01-01","New Brunswick","2021A000213","Persons","249","units","0","v10","5","602000","","","","0"
"1962-04-01","New Brunswick","2021A000213","Persons","249","units","0","v10","5","604000","","","","0"
"1962-07-01","New Brunswick","2021A000213","Persons","249","units","0","v10","5","605000","","","","0"
"1962-10-01","New Brunswick","2021A000213","Persons","249","units","0","v10","5","607000","","","","0"
"1963-01-01","New Brunswick","2021A000213","Persons","249","units","0","v10","5","607000","","","","0"
"1963-04-01","New Brunswick","2021A000213","Persons","249","units","0","v10","5","608000","","","","0"
"1963-07-01","New Brunswick","2021A000213","Persons","249","units","0","v10","5","609000","","","","0"
"1963-10-01","New Brunswick","2021A000213","Persons","249","units","0","v10","5","609000","","","","0"
"1964-01-01","New Brunswick","2021A000213","Persons","249","units","0","v10","5","609000","","","","0"
"1964-04-01","New Brunswick","2021A000213","Persons","249","units","0","v10","5","610000","","","","0"
"1964-07-01","New Brunswick","2021A000213","Persons","249","units","0","v10","5","612000","","","","0"
"1964-10-01","New Brunswick","2021A000213","Persons","249","units","0","v10","5","612000","","","","0"
"1965-01-01","New Brunswick","2021A000213","Persons","249","units","0","v10","5","613000","","","","0"
"1965-04-01","New Brunswick","2021A000213","Persons","249","units","0","v10","5","614000","","","","0"
"1965-07-01","New Brunswick","2021A000213","Persons","249","units","0","v10","5","615000","","","","0"
"1965-10-01","New Brunswick","2021A000213","Persons","249","units","0","v10","5","616000","","","","0"
"1966-01-01","New Brunswick","2021A000213","Persons","249","units","0","v10","5","616000","","","","0"
"1966-04-01","New Brunswick","2021A000213","Persons","249","units","0","v10","5","616000","","","","0"
"1966-07-01","New Brunswick","2021A000213","Persons","249","units","0","v10","5","617000","","","","0"
"1966-10-01","New Brunswick","2021A000213","Persons","249","units","0","v10","5","617000","","","","0"
"1967-01-01","New Brunswick","2021A000213","Persons","249","units","0","v10","5","618000","","","","0"
"1967-04-01","New Brunswick","2021A000213","Persons","249","units","0","v10","5","619000","","","","0"
"1967-07-01","New Brunswick","2021A000213","Persons","249","units","0","v10","5","621000","","","","0"
"1967-10-01","New Brunswick","2021A000213","Persons","249","units","0","v10","5","622000","","","","0"
"1968-01-01","New Brunswick","2021A000213","Persons","249","units","0","v10","5","623000","","","","0"
"1968-04-01","New Brunswick","2021A000213","Persons","249","units","0","v10","5","624000","","","","0"
"1968-07-01","New Brunswick","2021A000213","Persons","249","units","0","v10","5","626000","","","","0"
"1968-10-01","New Brunswick","2021A000213","Persons","249","units","0","v10","5","628000","","","","0"
"1969-01-01","New Brunswick","2021A000213","Persons","249","units","0","v10","5","627000","","","","0"
"1969-04-01","New Brunswick","2021A000213","Persons","249","units","0","v10","5","627000","","","","0"
"1969-07-01","New Brunswick","2021A000213","Persons","249","units","0","v10","5","628000","","","","0"
"1969-10-01","New Brunswick","2021A000213","Persons","249","units","0","v10","5","628000","","","","0"
"1970-01-01","New Brunswick","2021A000213","Persons","249","units","0","v10","5","625000","","","","0"
"1970-04-01","New Brunswick","2021A000213","Persons","249","units","0","v10","5","626000","","","","0"
"1970-07-01","New Brunswick","2021A000213","Persons","249","units","0","v10","5","628000","","","","0"
"1970-10-01","New Brunswick","2021A000213","Persons","249","units","0","v10","5","628000","","","","0"
"1971-01-01","New Brunswick","2021A000213","Persons","249","units","0","v10","5","630000","","","","0"
"1971-04-01","New Brunswick","2021A000213","Persons","249","units","0","v10","5","633000","","","","0"
"1971-07-01","New Brunswick","2021A000213","Persons","249","units","0","v10","5","642471","","","","0"
"1971-10-01","New Brunswick","2021A000213","Persons","249","units","0","v10","5","644717","","","","0"
"1972-01-01","New Brunswick","2021A000213","Persons","249","units","0","v10","5","646337","","","","0"
"1972-04-01","New Brunswick","2021A000213","Persons","249","units","0","v10","5","648056","","","","0"
"1972-07-01","New Brunswick","2021A000213","Persons","249","units","0","v10","5","648769","","","","0"
"1972-10-01","New Brunswick","2021A000213","Persons","249","units","0","v10","5","651182","","","","0"
"1973-01-01","New Brunswick","2021A000213","Persons","249","units","0","v10","5","652497","","","","0"
"1973-04-01","New Brunswick","2021A000213","Persons","249","units","0","v10","5","655725","","","","0"
"1973-07-01","New Brunswick","2021A000213","Persons","249","units","0","v10","5","656720","","","","0"
"1973-10-01","New Brunswick","2021A000213","Persons","249","units","0","v10","5","658693","","","","0"
"1974-01-01","New Brunswick","2021A000213","Persons","249","units","0","v10","5","661016","","","","0"
"1974-04-01","New Brunswick","2021A000213","Persons","249","units","0","v10","5","662560","","","","0"
"1974-07-01","New Brunswick","2021A000213","Persons","249","units","0","v10","5","664744","","","","0"
"1974-10-01","New Brunswick","2021A000213","Persons","249","units","0","v10","5","669506","","","","0"
"1975-01-01","New Brunswick","2021A000213","Persons","249","units","0","v10","5","671135","","","","0"
"1975-04-01","New Brunswick","2021A000213","Persons","249","units","0","v10","5","673918","","","","0"
"1975-07-01","New Brunswick","2021A000213","Persons","249","units","0","v10","5","677008","","","","0"
"1975-10-01","New Brunswick","2021A000213","Persons","249","units","0","v10","5","682086","","","","0"
"1976-01-01","New Brunswick","2021A000213","Persons","249","units","0","v10","5","685155","","","","0"
"1976-04-01","New Brunswick","2021A000213","Persons","249","units","0","v10","5","687521","","","","0"
"1976-07-01","New Brunswick","2021A000213","Persons","249","units","0","v10","5","689494","","","","0"
"1976-10-01","New Brunswick","2021A000213","Persons","249","units","0","v10","5","690936","","","","0"
"1977-01-01","New Brunswick","2021A000213","Persons","249","units","0","v10","5","691810","","","","0"
"1977-04-01","New Brunswick","2021A000213","Persons","249","units","0","v10","5","693580","","","","0"
"1977-07-01","New Brunswick","2021A000213","Persons","249","units","0","v10","5","695843","","","","0"
"1977-10-01","New Brunswick","2021A000213","Persons","249","units","0","v10","5","696378","","","","0"
"1978-01-01","New Brunswick","2021A000213","Persons","249","units","0","v10","5","696872","","","","0"
"1978-04-01","New Brunswick","2021A000213","Persons","249","units","0","v10","5","697851","","","","0"
"1978-07-01","New Brunswick","2021A000213","Persons","249","units","0","v10","5","699514","","","","0"
"1978-10-01","New Brunswick","2021A000213","Persons","249","units","0","v10","5","699937","","","","0"
"1979-01-01","New Brunswick","2021A000213","Persons","249","units","0","v10","5","700237","","","","0"
"1979-04-01","New Brunswick","2021A000213","Persons","249","units","0","v10","5","701261","","","","0"
"1979-07-01","New Brunswick","2021A000213","Persons","249","units","0","v10","5","703158","","","","0"
"1979-10-01","New Brunswick","2021A000213","Persons","249","units","0","v10","5","703038","","","","0"
"1980-01-01","New Brunswick","2021A000213","Persons","249","units","0","v10","5","703538","","","","0"
"1980-04-01","New Brunswick","2021A000213","Persons","249","units","0","v10","5","704475","","","","0"
"1980-07-01","New Brunswick","2021A000213","Persons","249","units","0","v10","5","706219","","","","0"
"1980-10-01","New Brunswick","2021A000213","Persons","249","units","0","v10","5","705237","","","","0"
"1981-01-01","New Brunswick","2021A000213","Persons","249","units","0","v10","5","704763","","","","0"
"1981-04-01","New Brunswick","2021A000213","Persons","249","units","0","v10","5","705241","","","","0"
"1981-07-01","New Brunswick","2021A000213","Persons","249","units","0","v10","5","706438","","","","0"
"1981-10-01","New Brunswick","2021A000213","Persons","249","units","0","v10","5","706008","","","","0"
"1982-01-01","New Brunswick","2021A000213","Persons","249","units","0","v10","5","705608","","","","0"
"1982-04-01","New Brunswick","2021A000213","Persons","249","units","0","v10","5","706179","","","","0"
"1982-07-01","New Brunswick","2021A000213","Persons","249","units","0","v10","5","707457","","","","0"
"1982-10-01","New Brunswick","2021A000213","Persons","249","units","0","v10","5","709894","","","","0"
"1983-01-01","New Brunswick","2021A000213","Persons","249","units","0","v10","5","711021","","","","0"
"1983-04-01","New Brunswick","2021A000213","Persons","249","units","0","v10","5","712338","","","","0"
"1983-07-01","New Brunswick","2021A000213","Persons","249","units","0","v10","5","714842","","","","0"
"1983-10-01","New Brunswick","2021A000213","Persons","249","units","0","v10","5","716531","","","","0"
"1984-01-01","New Brunswick","2021A000213","Persons","249","units","0","v10","5","717434","","","","0"
"1984-04-01","New Brunswick","2021A000213","Persons","249","units","0","v10","5","718627","","","","0"
"1984-07-01","New Brunswick","2021A000213","Persons","249","units","0","v10","5","720488","","","","0"
"1984-10-01","New Brunswick","2021A000213","Persons","249","units","0","v10","5","721509","","","","0"
"1985-01-01","New Brunswick","2021A000213","Persons","249","units","0","v10","5","721932","","","","0"
"1985-04-01","New Brunswick","2021A000213","Persons","249","units","0","v10","5","722406","","","","0"
"1985-07-01","New Brunswick","2021A000213","Persons","249","units","0","v10","5","723287","","","","0"
"1985-10-01","New Brunswick","2021A000213","Persons","249","units","0","v10","5","723955","","","","0"
"1986-01-01","New Brunswick","2021A000213","Persons","249","units","0","v10","5","724277","","","","0"
"1986-04-01","New Brunswick","2021A000213","Persons","249","units","0","v10","5","724432","","","","0"
"1986-07-01","New Brunswick","2021A000213","Persons","249","units","0","v10","5","725019","","","","0"
"1986-10-01","New Brunswick","2021A000213","Persons","249","units","0","v10","5","725304","","","","0"
"1987-01-01","New Brunswick","2021A000213","Persons","249","units","0","v10","5","725368","","","","0"
"1987-04-01","New Brunswick","2021A000213","Persons","249","units","0","v10","5","726566","","","","0"
"1987-07-01","New Brunswick","2021A000213","Persons","249","units","0","v10","5","727768","","","","0"
"1987-10-01","New Brunswick","2021A000213","Persons","249","units","0","v10","5","728100","","","","0"
"1988-01-01","New Brunswick","2021A000213","Persons","249","units","0","v10","5","728401","","","","0"
"1988-04-01","New Brunswick","2021A000213","Persons","249","units","0","v10","5","729079","","","","0"
"1988-07-01","New Brunswick","2021A000213","Persons","249","units","0","v10","5","730349","","","","0"
"1988-10-01","New Brunswick","2021A000213","Persons","249","units","0","v10","5","731671","","","","0"
"1989-01-01","New Brunswick","2021A000213","Persons","249","units","0","v10","5","732462","","","","0"
"1989-04-01","New Brunswick","2021A000213","Persons","249","units","0","v10","5","733872","","","","0"
"1989-07-01","New Brunswick","2021A000213","Persons","249","units","0","v10","5","735129","","","","0"
"1989-10-01","New Brunswick","2021A000213","Persons","249","units","0","v10","5","736352","","","","0"
"1990-01-01","New Brunswick","2021A000213","Persons","249","units","0","v10","5","737307","","","","0"
"1990-04-01","New Brunswick","2021A000213","Persons","249","units","0","v10","5","738744","","","","0"
"1990-07-01","New Brunswick","2021A000213","Persons","249","units","0","v10","5","740156","","","","0"
"1990-10-01","New Brunswick","2021A000213","Persons","249","units","0","v10","5","741981","","","","0"
"1991-01-01","New Brunswick","2021A000213","Persons","249","units","0","v10","5","743210","","","","0"
"1991-04-01","New Brunswick","2021A000213","Persons","249","units","0","v10","5","744203","","","","0"
"1991-07-01","New Brunswick","2021A000213","Persons","249","units","0","v10","5","745567","","","","0"
"1991-10-01","New Brunswick","2021A000213","Persons","249","units","0","v10","5","745886","","","","0"
"1992-01-01","New Brunswick","2021A000213","Persons","249","units","0","v10","5","746571","","","","0"
"1992-04-01","New Brunswick","2021A000213","Persons","249","units","0","v10","5","747232","","","","0"
"1992-07-01","New Brunswick","2021A000213","Persons","249","units","0","v10","5","748121","","","","0"
"1992-10-01","New Brunswick","2021A000213","Persons","249","units","0","v10","5","747746","","","","0"
"1993-01-01","New Brunswick","2021A000213","Persons","249","units","0","v10","5","747892","","","","0"
"1993-04-01","New Brunswick","2021A000213","Persons","249","units","0","v10","5","748320","","","","0"
"1993-07-01","New Brunswick","2021A000213","Persons","249","units","0","v10","5","748812","","","","0"
"1993-10-01","New Brunswick","2021A000213","Persons","249","units","0","v10","5","749454","","","","0"
"1994-01-01","New Brunswick","2021A000213","Persons","249","units","0","v10","5","749531","","","","0"
"1994-04-01","New Brunswick","2021A000213","Persons","249","units","0","v10","5","749473","","","","0"
"1994-07-01","New Brunswick","2021A000213","Persons","249","units","0","v10","5","750185","","","","0"
"1994-10-01","New Brunswick","2021A000213","Persons","249","units","0","v10","5","750670","","","","0"
"1995-01-01","New Brunswick","2021A000213","Persons","249","units","0","v10","5","750819","","","","0"
"1995-04-01","New Brunswick","2021A000213","Persons","249","units","0","v10","5","750692","","","","0"
"1995-07-01","New Brunswick","2021A000213","Persons","249","units","0","v10","5","750943","","","","0"
"1995-10-01","New Brunswick","2021A000213","Persons","249","units","0","v10","5","751174","","","","0"
"1996-01-01","New Brunswick","2021A000213","Persons","249","units","0","v10","5","751581","","","","0"
"1996-04-01","New Brunswick","2021A000213","Persons","249","units","0","v10","5","751872","","","","0"
"1996-07-01","New Brunswick","2021A000213","Persons","249","units","0","v10","5","752268","","","","0"
"1996-10-01","New Brunswick","2021A000213","Persons","249","units","0","v10","5","752526","","","","0"
"1997-01-01","New Brunswick","2021A000213","Persons","249","units","0","v10","5","752334","","","","0"
"1997-04-01","New Brunswick","2021A000213","Persons","249","units","0","v10","5","752447","","","","0"
"1997-07-01","New Brunswick","2021A000213","Persons","249","units","0","v10","5","752511","","","","0"
"1997-10-01","New Brunswick","2021A000213","Persons","249","units","0","v10","5","752248","","","","0"
"1998-01-01","New Brunswick","2021A000213","Persons","249","units","0","v10","5","751969","","","","0"
"1998-04-01","New Brunswick","2021A000213","Persons","249","units","0","v10","5","751080","","","","0"
"1998-07-01","New Brunswick","2021A000213","Persons","249","units","0","v10","5","750530","","","","0"
"1998-10-01","New Brunswick","2021A000213","Persons","249","units","0","v10","5","750708","","","","0"
"1999-01-01","New Brunswick","2021A000213","Persons","249","units","0","v10","5","750127","","","","0"
"1999-04-01","New Brunswick","2021A000213","Persons","249","units","0","v10","5","750075","","","","0"
"1999-07-01","New Brunswick","2021A000213","Persons","249","units","0","v10","5","750601","","","","0"
"1999-10-01","New Brunswick","2021A000213","Persons","249","units","0","v10","5","750643","","","","0"
"2000-01-01","New Brunswick","2021A000213","Persons","249","units","0","v10","5","750786","","","","0"
"2000-04-01","New Brunswick","2021A000213","Persons","249","units","0","v10","5","750543","","","","0"
"2000-07-01","New Brunswick","2021A000213","Persons","249","units","0","v10","5","750517","","","","0"
"2000-10-01","New Brunswick","2021A000213","Persons","249","units","0","v10","5","750252","","","","0"
"2001-01-01","New Brunswick","2021A000213","Persons","249","units","0","v10","5","749715","","","","0"
"2001-04-01","New Brunswick","2021A000213","Persons","249","units","0","v10","5","749789","","","","0"
"2001-07-01","New Brunswick","2021A000213","Persons","249","units","0","v10","5","749823","","","","0"
"2001-10-01","New Brunswick","2021A000213","Persons","249","units","0","v10","5","749298","","","","0"
"2002-01-01","New Brunswick","2021A000213","Persons","249","units","0","v10","5","748639","","","","0"
"2002-04-01","New Brunswick","2021A000213","Persons","249","units","0","v10","5","748778","","","","0"
"2002-07-01","New Brunswick","2021A000213","Persons","249","units","0","v10","5","749375","","","","0"
"2002-10-01","New Brunswick","2021A000213","Persons","249","units","0","v10","5","749416","","","","0"
"2003-01-01","New Brunswick","2021A000213","Persons","249","units","0","v10","5","749243","","","","0"
"2003-04-01","New Brunswick","2021A000213","Persons","249","units","0","v10","5","749269","","","","0"
"2003-07-01","New Brunswick","2021A000213","Persons","249","units","0","v10","5","749444","","","","0"
"2003-10-01","New Brunswick","2021A000213","Persons","249","units","0","v10","5","749467","","","","0"
"2004-01-01","New Brunswick","2021A000213","Persons","249","units","0","v10","5","749192","","","","0"
"2004-04-01","New Brunswick","2021A000213","Persons","249","units","0","v10","5","749340","","","","0"
"2004-07-01","New Brunswick","2021A000213","Persons","249","units","0","v10","5","749424","","","","0"
"2004-10-01","New Brunswick","2021A000213","Persons","249","units","0","v10","5","749249","","","","0"
"2005-01-01","New Brunswick","2021A000213","Persons","249","units","0","v10","5","749005","","","","0"
"2005-04-01","New Brunswick","2021A000213","Persons","249","units","0","v10","5","748696","","","","0"
"2005-07-01","New Brunswick","2021A000213","Persons","249","units","0","v10","5","748061","","","","0"
"2005-10-01","New Brunswick","2021A000213","Persons","249","units","0","v10","5","747674","","","","0"
"2006-01-01","New Brunswick","2021A000213","Persons","249","units","0","v10","5","746985","","","","0"
"2006-04-01","New Brunswick","2021A000213","Persons","249","units","0","v10","5","746337","","","","0"
"2006-07-01","New Brunswick","2021A000213","Persons","249","units","0","v10","5","745621","","","","0"
"2006-10-01","New Brunswick","2021A000213","Persons","249","units","0","v10","5","744973","","","","0"
"2007-01-01","New Brunswick","2021A000213","Persons","249","units","0","v10","5","744849","","","","0"
"2007-04-01","New Brunswick","2021A000213","Persons","249","units","0","v10","5","744934","","","","0"
"2007-07-01","New Brunswick","2021A000213","Persons","249","units","0","v10","5","745430","","","","0"
"2007-10-01","New Brunswick","2021A000213","Persons","249","units","0","v10","5","746136","","","","0"
"2008-01-01","New Brunswick","2021A000213","Persons","249","units","0","v10","5","746284","","","","0"
"2008-04-01","New Brunswick","2021A000213","Persons","249","units","0","v10","5","746529","","","","0"
"2008-07-01","New Brunswick","2021A000213","Persons","249","units","0","v10","5","746875","","","","0"
"2008-10-01","New Brunswick","2021A000213","Persons","249","units","0","v10","5","747767","","","","0"
"2009-01-01","New Brunswick","2021A000213","Persons","249","units","0","v10","5","748375","","","","0"
"2009-04-01","New Brunswick","2021A000213","Persons","249","units","0","v10","5","749165","","","","0"
"2009-07-01","New Brunswick","2021A000213","Persons","249","units","0","v10","5","749956","","","","0"
"2009-10-01","New Brunswick","2021A000213","Persons","249","units","0","v10","5","751066","","","","0"
"2010-01-01","New Brunswick","2021A000213","Persons","249","units","0","v10","5","751282","","","","0"
"2010-04-01","New Brunswick","2021A000213","Persons","249","units","0","v10","5","752020","","","","0"
"2010-07-01","New Brunswick","2021A000213","Persons","249","units","0","v10","5","753034","","","","0"
"2010-10-01","New Brunswick","2021A000213","Persons","249","units","0","v10","5","754287","","","","0"
"2011-01-01","New Brunswick","2021A000213","Persons","249","units","0","v10","5","754795","","","","0"
"2011-04-01","New Brunswick","2021A000213","Persons","249","units","0","v10","5","754843","","","","0"
"2011-07-01","New Brunswick","2021A000213","Persons","249","units","0","v10","5","755590","","","","0"
"2011-10-01","New Brunswick","2021A000213","Persons","249","units","0","v10","5","756187","","","","0"
"2012-01-01","New Brunswick","2021A000213","Persons","249","units","0","v10","5","757039","","","","0"
"2012-04-01","New Brunswick","2021A000213","Persons","249","units","0","v10","5","757024","","","","0"
"2012-07-01","New Brunswick","2021A000213","Persons","249","units","0","v10","5","758121","","","","0"
"2012-10-01","New Brunswick","2021A000213","Persons","249","units","0","v10","5","758408","","","","0"
"2013-01-01","New Brunswick","2021A000213","Persons","249","units","0","v10","5","758026","","","","0"
"2013-04-01","New Brunswick","2021A000213","Persons","249","units","0","v10","5","757854","","","","0"
"2013-07-01","New Brunswick","2021A000213","Persons","249","units","0","v10","5","758261","","","","0"
"2013-10-01","New Brunswick","2021A000213","Persons","249","units","0","v10","5","758379","","","","0"
"2014-01-01","New Brunswick","2021A000213","Persons","249","units","0","v10","5","758713","","","","0"
"2014-04-01","New Brunswick","2021A000213","Persons","249","units","0","v10","5","758570","","","","0"
"2014-07-01","New Brunswick","2021A000213","Persons","249","units","0","v10","5","758657","","","","0"
"2014-10-01","New Brunswick","2021A000213","Persons","249","units","0","v10","5","759192","","","","0"
"2015-01-01","New Brunswick","2021A000213","Persons","249","units","0","v10","5","759270","","","","0"
"2015-04-01","New Brunswick","2021A000213","Persons","249","units","0","v10","5","758579","","","","0"
"2015-07-01","New Brunswick","2021A000213","Persons","249","units","0","v10","5","759226","","","","0"
"2015-10-01","New Brunswick","2021A000213","Persons","249","units","0","v10","5","759971","","","","0"
"2016-01-01","New Brunswick","2021A000213","Persons","249","units","0","v10","5","760679","","","","0"
"2016-04-01","New Brunswick","2021A000213","Persons","249","units","0","v10","5","762317","","","","0"
"2016-07-01","New Brunswick","2021A000213","Persons","249","units","0","v10","5","763322","","","","0"
"2016-10-01","New Brunswick","2021A000213","Persons","249","units","0","v10","5","764820","","","","0"
"2017-01-01","New Brunswick","2021A000213","Persons","249","units","0","v10","5","764612","","","","0"
"2017-04-01","New Brunswick","2021A000213","Persons","249","units","0","v10","5","764859","","","","0"
"2017-07-01","New Brunswick","2021A000213","Persons","249","units","0","v10","5","766697","","","","0"
"2017-10-01","New Brunswick","2021A000213","Persons","249","units","0","v10","5","768029","","","","0"
"2018-01-01","New Brunswick","2021A000213","Persons","249","units","0","v10","5","768146","","","","0"
"2018-04-01","New Brunswick","2021A000213","Persons","249","units","0","v10","5","768707","","","","0"
"2018-07-01","New Brunswick","2021A000213","Persons","249","units","0","v10","5","770497","","","","0"
"2018-10-01","New Brunswick","2021A000213","Persons","249","units","0","v10","5","772793","","","","0"
"2019-01-01","New Brunswick","2021A000213","Persons","249","units","0","v10","5","773059","","","","0"
"2019-04-01","New Brunswick","2021A000213","Persons","249","units","0","v10","5","774277","","","","0"
"2019-07-01","New Brunswick","2021A000213","Persons","249","units","0","v10","5","777387","","","","0"
"2019-10-01","New Brunswick","2021A000213","Persons","249","units","0","v10","5","780907","","","","0"
"2020-01-01","New Brunswick","2021A000213","Persons","249","units","0","v10","5","781054","","","","0"
"2020-04-01","New Brunswick","2021A000213","Persons","249","units","0","v10","5","782512","","","","0"
"2020-07-01","New Brunswick","2021A000213","Persons","249","units","0","v10","5","783432","","","","0"
"2020-10-01","New Brunswick","2021A000213","Persons","249","units","0","v10","5","783814","","","","0"
"2021-01-01","New Brunswick","2021A000213","Persons","249","units","0","v10","5","784950","","","","0"
"2021-04-01","New Brunswick","2021A000213","Persons","249","units","0","v10","5","787002","","","","0"
"2021-07-01","New Brunswick","2021A000213","Persons","249","units","0","v10","5","790802","","","","0"
"2021-10-01","New Brunswick","2021A000213","Persons","249","units","0","v10","5","795754","","","","0"
"2022-01-01","New Brunswick","2021A000213","Persons","249","units","0","v10","5","798399","","","","0"
"2022-04-01","New Brunswick","2021A000213","Persons","249","units","0","v10","5","801175","","","","0"
"2022-07-01","New Brunswick","2021A000213","Persons","249","units","0","v10","5","808587","","","","0"
"2022-10-01","New Brunswick","2021A000213","Persons","249","units","0","v10","5","816074","","","","0"
"2023-01-01","New Brunswick","2021A000213","Persons","249","units","0","v10","5","818845","","","","0"
"2023-04-01","New Brunswick","2021A000213","Persons","249","units","0","v10","5","823226","","","","0"
"2023-07-01","New Brunswick","2021A000213","Persons","249","units","0","v10","5","829937","","","","0"
"2023-10-01","New Brunswick","2021A000213","Persons","249","units","0","v10","5","839183","","","","0"
"2024-01-01","New Brunswick","2021A000213","Persons","249","units","0","v10","5","843651","","","","0"
"2024-04-01","New Brunswick","2021A000213","Persons","249","units","0","v10","5","849819","","","","0"
"2024-07-01","New Brunswick","2021A000213","Persons","249","units","0","v10","5","857114","","","","0"
"2024-10-01","New Brunswick","2021A000213","Persons","249","units","0","v10","5","863674","","","","0"
"2025-01-01","New Brunswick","2021A000213","Persons","249","units","0","v10","5","866560","","","","0"
"2025-04-01","New Brunswick","2021A000213","Persons","249","units","0","v10","5","869777","","","","0"
"2025-07-01","New Brunswick","2021A000213","Persons","249","units","0","v10","5","874711","","","","0"
"2025-10-01","New Brunswick","2021A000213","Persons","249","units","0","v10","5","877969","","","","0"
"2026-01-01","New Brunswick","2021A000213","Persons","249","units","0","v10","5","878596","","","","0"
"2026-04-01","New Brunswick","2021A000213","Persons","249","units","0","v10","5","878549","","","","0"
"2026-07-01","New Brunswick","2021A000213","Persons","249","units","0","v10","5","883522","","","","0"
"1951-07-01","Quebec","2021A000224","Persons","249","units","0","v11","6","4066000","","","","0"
"1951-10-01","Quebec","2021A000224","Persons","249","units","0","v11","6","4095000","","","","0"
"1952-01-01","Quebec","2021A000224","Persons","249","units","0","v11","6","4126000","","","","0"
"1952-04-01","Quebec","2021A000224","Persons","249","units","0","v11","6","4153000","","","","0"
"1952-07-01","Quebec","2021A000224","Persons","249","units","0","v11","6","4183000","","","","0"
"1952-10-01","Quebec","2021A000224","Persons","249","units","0","v11","6","4209000","","","","0"
"1953-01-01","Quebec","2021A000224","Persons","249","units","0","v11","6","4228000","","","","0"
"1953-04-01","Quebec","2021A000224","Persons","249","units","0","v11","6","4249000","","","","0"
"1953-07-01","Quebec","2021A000224","Persons","249","units","0","v11","6","4281000","","","","0"
"1953-10-01","Quebec","2021A000224","Persons","249","units","0","v11","6","4310000","","","","0"
"1954-01-01","Quebec","2021A000224","Persons","249","units","0","v11","6","4337000","","","","0"
"1954-04-01","Quebec","2021A000224","Persons","249","units","0","v11","6","4365000","","","","0"
"1954-07-01","Quebec","2021A000224","Persons","249","units","0","v11","6","4402000","","","","0"
"1954-10-01","Quebec","2021A000224","Persons","249","units","0","v11","6","4436000","","","","0"
"1955-01-01","Quebec","2021A000224","Persons","249","units","0","v11","6","4465000","","","","0"
"1955-04-01","Quebec","2021A000224","Persons","249","units","0","v11","6","4492000","","","","0"
"1955-07-01","Quebec","2021A000224","Persons","249","units","0","v11","6","4529000","","","","0"
"1955-10-01","Quebec","2021A000224","Persons","249","units","0","v11","6","4557000","","","","0"
"1956-01-01","Quebec","2021A000224","Persons","249","units","0","v11","6","4581000","","","","0"
"1956-04-01","Quebec","2021A000224","Persons","249","units","0","v11","6","4606000","","","","0"
"1956-07-01","Quebec","2021A000224","Persons","249","units","0","v11","6","4641000","","","","0"
"1956-10-01","Quebec","2021A000224","Persons","249","units","0","v11","6","4671000","","","","0"
"1957-01-01","Quebec","2021A000224","Persons","249","units","0","v11","6","4702000","","","","0"
"1957-04-01","Quebec","2021A000224","Persons","249","units","0","v11","6","4737000","","","","0"
"1957-07-01","Quebec","2021A000224","Persons","249","units","0","v11","6","4786000","","","","0"
"1957-10-01","Quebec","2021A000224","Persons","249","units","0","v11","6","4825000","","","","0"
"1958-01-01","Quebec","2021A000224","Persons","249","units","0","v11","6","4849000","","","","0"
"1958-04-01","Quebec","2021A000224","Persons","249","units","0","v11","6","4879000","","","","0"
"1958-07-01","Quebec","2021A000224","Persons","249","units","0","v11","6","4915000","","","","0"
"1958-10-01","Quebec","2021A000224","Persons","249","units","0","v11","6","4947000","","","","0"
"1959-01-01","Quebec","2021A000224","Persons","249","units","0","v11","6","4974000","","","","0"
"1959-04-01","Quebec","2021A000224","Persons","249","units","0","v11","6","5002000","","","","0"
"1959-07-01","Quebec","2021A000224","Persons","249","units","0","v11","6","5035000","","","","0"
"1959-10-01","Quebec","2021A000224","Persons","249","units","0","v11","6","5068000","","","","0"
"1960-01-01","Quebec","2021A000224","Persons","249","units","0","v11","6","5092000","","","","0"
"1960-04-01","Quebec","2021A000224","Persons","249","units","0","v11","6","5119000","","","","0"
"1960-07-01","Quebec","2021A000224","Persons","249","units","0","v11","6","5152000","","","","0"
"1960-10-01","Quebec","2021A000224","Persons","249","units","0","v11","6","5187000","","","","0"
"1961-01-01","Quebec","2021A000224","Persons","249","units","0","v11","6","5212000","","","","0"
"1961-04-01","Quebec","2021A000224","Persons","249","units","0","v11","6","5238000","","","","0"
"1961-07-01","Quebec","2021A000224","Persons","249","units","0","v11","6","5268000","","","","0"
"1961-10-01","Quebec","2021A000224","Persons","249","units","0","v11","6","5300000","","","","0"
"1962-01-01","Quebec","2021A000224","Persons","249","units","0","v11","6","5324000","","","","0"
"1962-04-01","Quebec","2021A000224","Persons","249","units","0","v11","6","5350000","","","","0"
"1962-07-01","Quebec","2021A000224","Persons","249","units","0","v11","6","5381000","","","","0"
"1962-10-01","Quebec","2021A000224","Persons","249","units","0","v11","6","5413000","","","","0"
"1963-01-01","Quebec","2021A000224","Persons","249","units","0","v11","6","5437000","","","","0"
"1963-04-01","Quebec","2021A000224","Persons","249","units","0","v11","6","5461000","","","","0"
"1963-07-01","Quebec","2021A000224","Persons","249","units","0","v11","6","5489000","","","","0"
"1963-10-01","Quebec","2021A000224","Persons","249","units","0","v11","6","5518000","","","","0"
"1964-01-01","Quebec","2021A000224","Persons","249","units","0","v11","6","5541000","","","","0"
"1964-04-01","Quebec","2021A000224","Persons","249","units","0","v11","6","5566000","","","","0"
"1964-07-01","Quebec","2021A000224","Persons","249","units","0","v11","6","5593000","","","","0"
"1964-10-01","Quebec","2021A000224","Persons","249","units","0","v11","6","5621000","","","","0"
"1965-01-01","Quebec","2021A000224","Persons","249","units","0","v11","6","5644000","","","","0"
"1965-04-01","Quebec","2021A000224","Persons","249","units","0","v11","6","5668000","","","","0"
"1965-07-01","Quebec","2021A000224","Persons","249","units","0","v11","6","5694000","","","","0"
"1965-10-01","Quebec","2021A000224","Persons","249","units","0","v11","6","5720000","","","","0"
"1966-01-01","Quebec","2021A000224","Persons","249","units","0","v11","6","5740000","","","","0"
"1966-04-01","Quebec","2021A000224","Persons","249","units","0","v11","6","5762000","","","","0"
"1966-07-01","Quebec","2021A000224","Persons","249","units","0","v11","6","5787000","","","","0"
"1966-10-01","Quebec","2021A000224","Persons","249","units","0","v11","6","5808000","","","","0"
"1967-01-01","Quebec","2021A000224","Persons","249","units","0","v11","6","5826000","","","","0"
"1967-04-01","Quebec","2021A000224","Persons","249","units","0","v11","6","5846000","","","","0"
"1967-07-01","Quebec","2021A000224","Persons","249","units","0","v11","6","5870000","","","","0"
"1967-10-01","Quebec","2021A000224","Persons","249","units","0","v11","6","5888000","","","","0"
"1968-01-01","Quebec","2021A000224","Persons","249","units","0","v11","6","5902000","","","","0"
"1968-04-01","Quebec","2021A000224","Persons","249","units","0","v11","6","5916000","","","","0"
"1968-07-01","Quebec","2021A000224","Persons","249","units","0","v11","6","5931000","","","","0"
"1968-10-01","Quebec","2021A000224","Persons","249","units","0","v11","6","5949000","","","","0"
"1969-01-01","Quebec","2021A000224","Persons","249","units","0","v11","6","5961000","","","","0"
"1969-04-01","Quebec","2021A000224","Persons","249","units","0","v11","6","5975000","","","","0"
"1969-07-01","Quebec","2021A000224","Persons","249","units","0","v11","6","5987000","","","","0"
"1969-10-01","Quebec","2021A000224","Persons","249","units","0","v11","6","6001000","","","","0"
"1970-01-01","Quebec","2021A000224","Persons","249","units","0","v11","6","6002000","","","","0"
"1970-04-01","Quebec","2021A000224","Persons","249","units","0","v11","6","6005000","","","","0"
"1970-07-01","Quebec","2021A000224","Persons","249","units","0","v11","6","6015000","","","","0"
"1970-10-01","Quebec","2021A000224","Persons","249","units","0","v11","6","6021000","","","","0"
"1971-01-01","Quebec","2021A000224","Persons","249","units","0","v11","6","6017000","","","","0"
"1971-04-01","Quebec","2021A000224","Persons","249","units","0","v11","6","6022000","","","","0"
"1971-07-01","Quebec","2021A000224","Persons","249","units","0","v11","6","6137305","","","","0"
"1971-10-01","Quebec","2021A000224","Persons","249","units","0","v11","6","6148121","","","","0"
"1972-01-01","Quebec","2021A000224","Persons","249","units","0","v11","6","6152950","","","","0"
"1972-04-01","Quebec","2021A000224","Persons","249","units","0","v11","6","6165470","","","","0"
"1972-07-01","Quebec","2021A000224","Persons","249","units","0","v11","6","6174216","","","","0"
"1972-10-01","Quebec","2021A000224","Persons","249","units","0","v11","6","6182065","","","","0"
"1973-01-01","Quebec","2021A000224","Persons","249","units","0","v11","6","6189678","","","","0"
"1973-04-01","Quebec","2021A000224","Persons","249","units","0","v11","6","6199080","","","","0"
"1973-07-01","Quebec","2021A000224","Persons","249","units","0","v11","6","6213149","","","","0"
"1973-10-01","Quebec","2021A000224","Persons","249","units","0","v11","6","6227045","","","","0"
"1974-01-01","Quebec","2021A000224","Persons","249","units","0","v11","6","6238468","","","","0"
"1974-04-01","Quebec","2021A000224","Persons","249","units","0","v11","6","6251741","","","","0"
"1974-07-01","Quebec","2021A000224","Persons","249","units","0","v11","6","6268571","","","","0"
"1974-10-01","Quebec","2021A000224","Persons","249","units","0","v11","6","6286708","","","","0"
"1975-01-01","Quebec","2021A000224","Persons","249","units","0","v11","6","6299783","","","","0"
"1975-04-01","Quebec","2021A000224","Persons","249","units","0","v11","6","6310999","","","","0"
"1975-07-01","Quebec","2021A000224","Persons","249","units","0","v11","6","6330303","","","","0"
"1975-10-01","Quebec","2021A000224","Persons","249","units","0","v11","6","6348244","","","","0"
"1976-01-01","Quebec","2021A000224","Persons","249","units","0","v11","6","6362125","","","","0"
"1976-04-01","Quebec","2021A000224","Persons","249","units","0","v11","6","6377976","","","","0"
"1976-07-01","Quebec","2021A000224","Persons","249","units","0","v11","6","6396761","","","","0"
"1976-10-01","Quebec","2021A000224","Persons","249","units","0","v11","6","6404158","","","","0"
"1977-01-01","Quebec","2021A000224","Persons","249","units","0","v11","6","6412575","","","","0"
"1977-04-01","Quebec","2021A000224","Persons","249","units","0","v11","6","6423152","","","","0"
"1977-07-01","Quebec","2021A000224","Persons","249","units","0","v11","6","6433133","","","","0"
"1977-10-01","Quebec","2021A000224","Persons","249","units","0","v11","6","6431509","","","","0"
"1978-01-01","Quebec","2021A000224","Persons","249","units","0","v11","6","6432019","","","","0"
"1978-04-01","Quebec","2021A000224","Persons","249","units","0","v11","6","6436705","","","","0"
"1978-07-01","Quebec","2021A000224","Persons","249","units","0","v11","6","6440459","","","","0"
"1978-10-01","Quebec","2021A000224","Persons","249","units","0","v11","6","6442774","","","","0"
"1979-01-01","Quebec","2021A000224","Persons","249","units","0","v11","6","6446529","","","","0"
"1979-04-01","Quebec","2021A000224","Persons","249","units","0","v11","6","6455295","","","","0"
"1979-07-01","Quebec","2021A000224","Persons","249","units","0","v11","6","6465996","","","","0"
"1979-10-01","Quebec","2021A000224","Persons","249","units","0","v11","6","6472095","","","","0"
"1980-01-01","Quebec","2021A000224","Persons","249","units","0","v11","6","6480428","","","","0"
"1980-04-01","Quebec","2021A000224","Persons","249","units","0","v11","6","6492192","","","","0"
"1980-07-01","Quebec","2021A000224","Persons","249","units","0","v11","6","6505997","","","","0"
"1980-10-01","Quebec","2021A000224","Persons","249","units","0","v11","6","6515323","","","","0"
"1981-01-01","Quebec","2021A000224","Persons","249","units","0","v11","6","6523258","","","","0"
"1981-04-01","Quebec","2021A000224","Persons","249","units","0","v11","6","6534508","","","","0"
"1981-07-01","Quebec","2021A000224","Persons","249","units","0","v11","6","6547207","","","","0"
"1981-10-01","Quebec","2021A000224","Persons","249","units","0","v11","6","6558545","","","","0"
"1982-01-01","Quebec","2021A000224","Persons","249","units","0","v11","6","6565745","","","","0"
"1982-04-01","Quebec","2021A000224","Persons","249","units","0","v11","6","6572316","","","","0"
"1982-07-01","Quebec","2021A000224","Persons","249","units","0","v11","6","6580631","","","","0"
"1982-10-01","Quebec","2021A000224","Persons","249","units","0","v11","6","6584666","","","","0"
"1983-01-01","Quebec","2021A000224","Persons","249","units","0","v11","6","6588636","","","","0"
"1983-04-01","Quebec","2021A000224","Persons","249","units","0","v11","6","6595846","","","","0"
"1983-07-01","Quebec","2021A000224","Persons","249","units","0","v11","6","6602976","","","","0"
"1983-10-01","Quebec","2021A000224","Persons","249","units","0","v11","6","6608417","","","","0"
"1984-01-01","Quebec","2021A000224","Persons","249","units","0","v11","6","6613628","","","","0"
"1984-04-01","Quebec","2021A000224","Persons","249","units","0","v11","6","6621748","","","","0"
"1984-07-01","Quebec","2021A000224","Persons","249","units","0","v11","6","6631220","","","","0"
"1984-10-01","Quebec","2021A000224","Persons","249","units","0","v11","6","6640276","","","","0"
"1985-01-01","Quebec","2021A000224","Persons","249","units","0","v11","6","6645778","","","","0"
"1985-04-01","Quebec","2021A000224","Persons","249","units","0","v11","6","6654729","","","","0"
"1985-07-01","Quebec","2021A000224","Persons","249","units","0","v11","6","6665802","","","","0"
"1985-10-01","Quebec","2021A000224","Persons","249","units","0","v11","6","6676959","","","","0"
"1986-01-01","Quebec","2021A000224","Persons","249","units","0","v11","6","6684699","","","","0"
"1986-04-01","Quebec","2021A000224","Persons","249","units","0","v11","6","6693133","","","","0"
"1986-07-01","Quebec","2021A000224","Persons","249","units","0","v11","6","6708170","","","","0"
"1986-10-01","Quebec","2021A000224","Persons","249","units","0","v11","6","6727250","","","","0"
"1987-01-01","Quebec","2021A000224","Persons","249","units","0","v11","6","6745101","","","","0"
"1987-04-01","Quebec","2021A000224","Persons","249","units","0","v11","6","6765059","","","","0"
"1987-07-01","Quebec","2021A000224","Persons","249","units","0","v11","6","6781984","","","","0"
"1987-10-01","Quebec","2021A000224","Persons","249","units","0","v11","6","6796640","","","","0"
"1988-01-01","Quebec","2021A000224","Persons","249","units","0","v11","6","6805203","","","","0"
"1988-04-01","Quebec","2021A000224","Persons","249","units","0","v11","6","6818248","","","","0"
"1988-07-01","Quebec","2021A000224","Persons","249","units","0","v11","6","6837077","","","","0"
"1988-10-01","Quebec","2021A000224","Persons","249","units","0","v11","6","6864044","","","","0"
"1989-01-01","Quebec","2021A000224","Persons","249","units","0","v11","6","6882602","","","","0"
"1989-04-01","Quebec","2021A000224","Persons","249","units","0","v11","6","6903228","","","","0"
"1989-07-01","Quebec","2021A000224","Persons","249","units","0","v11","6","6925128","","","","0"
"1989-10-01","Quebec","2021A000224","Persons","249","units","0","v11","6","6946945","","","","0"
"1990-01-01","Quebec","2021A000224","Persons","249","units","0","v11","6","6955119","","","","0"
"1990-04-01","Quebec","2021A000224","Persons","249","units","0","v11","6","6973762","","","","0"
"1990-07-01","Quebec","2021A000224","Persons","249","units","0","v11","6","6996986","","","","0"
"1990-10-01","Quebec","2021A000224","Persons","249","units","0","v11","6","7019039","","","","0"
"1991-01-01","Quebec","2021A000224","Persons","249","units","0","v11","6","7026241","","","","0"
"1991-04-01","Quebec","2021A000224","Persons","249","units","0","v11","6","7044395","","","","0"
"1991-07-01","Quebec","2021A000224","Persons","249","units","0","v11","6","7067396","","","","0"
"1991-10-01","Quebec","2021A000224","Persons","249","units","0","v11","6","7080336","","","","0"
"1992-01-01","Quebec","2021A000224","Persons","249","units","0","v11","6","7082645","","","","0"
"1992-04-01","Quebec","2021A000224","Persons","249","units","0","v11","6","7096705","","","","0"
"1992-07-01","Quebec","2021A000224","Persons","249","units","0","v11","6","7110010","","","","0"
"1992-10-01","Quebec","2021A000224","Persons","249","units","0","v11","6","7129062","","","","0"
"1993-01-01","Quebec","2021A000224","Persons","249","units","0","v11","6","7137514","","","","0"
"1993-04-01","Quebec","2021A000224","Persons","249","units","0","v11","6","7147047","","","","0"
"1993-07-01","Quebec","2021A000224","Persons","249","units","0","v11","6","7156537","","","","0"
"1993-10-01","Quebec","2021A000224","Persons","249","units","0","v11","6","7172016","","","","0"
"1994-01-01","Quebec","2021A000224","Persons","249","units","0","v11","6","7177923","","","","0"
"1994-04-01","Quebec","2021A000224","Persons","249","units","0","v11","6","7184599","","","","0"
"1994-07-01","Quebec","2021A000224","Persons","249","units","0","v11","6","7192403","","","","0"
"1994-10-01","Quebec","2021A000224","Persons","249","units","0","v11","6","7201106","","","","0"
"1995-01-01","Quebec","2021A000224","Persons","249","units","0","v11","6","7205074","","","","0"
"1995-04-01","Quebec","2021A000224","Persons","249","units","0","v11","6","7210305","","","","0"
"1995-07-01","Quebec","2021A000224","Persons","249","units","0","v11","6","7219219","","","","0"
"1995-10-01","Quebec","2021A000224","Persons","249","units","0","v11","6","7228600","","","","0"
"1996-01-01","Quebec","2021A000224","Persons","249","units","0","v11","6","7232952","","","","0"
"1996-04-01","Quebec","2021A000224","Persons","249","units","0","v11","6","7237307","","","","0"
"1996-07-01","Quebec","2021A000224","Persons","249","units","0","v11","6","7246897","","","","0"
"1996-10-01","Quebec","2021A000224","Persons","249","units","0","v11","6","7257616","","","","0"
"1997-01-01","Quebec","2021A000224","Persons","249","units","0","v11","6","7262945","","","","0"
"1997-04-01","Quebec","2021A000224","Persons","249","units","0","v11","6","7267820","","","","0"
"1997-07-01","Quebec","2021A000224","Persons","249","units","0","v11","6","7274611","","","","0"
"1997-10-01","Quebec","2021A000224","Persons","249","units","0","v11","6","7282871","","","","0"
"1998-01-01","Quebec","2021A000224","Persons","249","units","0","v11","6","7286008","","","","0"
"1998-04-01","Quebec","2021A000224","Persons","249","units","0","v11","6","7290497","","","","0"
"1998-07-01","Quebec","2021A000224","Persons","249","units","0","v11","6","7295935","","","","0"
"1998-10-01","Quebec","2021A000224","Persons","249","units","0","v11","6","7305302","","","","0"
"1999-01-01","Quebec","2021A000224","Persons","249","units","0","v11","6","7310238","","","","0"
"1999-04-01","Quebec","2021A000224","Persons","249","units","0","v11","6","7315053","","","","0"
"1999-07-01","Quebec","2021A000224","Persons","249","units","0","v11","6","7323250","","","","0"
"1999-10-01","Quebec","2021A000224","Persons","249","units","0","v11","6","7334722","","","","0"
"2000-01-01","Quebec","2021A000224","Persons","249","units","0","v11","6","7340269","","","","0"
"2000-04-01","Quebec","2021A000224","Persons","249","units","0","v11","6","7347179","","","","0"
"2000-07-01","Quebec","2021A000224","Persons","249","units","0","v11","6","7356951","","","","0"
"2000-10-01","Quebec","2021A000224","Persons","249","units","0","v11","6","7368772","","","","0"
"2001-01-01","Quebec","2021A000224","Persons","249","units","0","v11","6","7373978","","","","0"
"2001-04-01","Quebec","2021A000224","Persons","249","units","0","v11","6","7383844","","","","0"
"2001-07-01","Quebec","2021A000224","Persons","249","units","0","v11","6","7396014","","","","0"
"2001-10-01","Quebec","2021A000224","Persons","249","units","0","v11","6","7411084","","","","0"
"2002-01-01","Quebec","2021A000224","Persons","249","units","0","v11","6","7417456","","","","0"
"2002-04-01","Quebec","2021A000224","Persons","249","units","0","v11","6","7427639","","","","0"
"2002-07-01","Quebec","2021A000224","Persons","249","units","0","v11","6","7441305","","","","0"
"2002-10-01","Quebec","2021A000224","Persons","249","units","0","v11","6","7455548","","","","0"
"2003-01-01","Quebec","2021A000224","Persons","249","units","0","v11","6","7461162","","","","0"
"2003-04-01","Quebec","2021A000224","Persons","249","units","0","v11","6","7471463","","","","0"
"2003-07-01","Quebec","2021A000224","Persons","249","units","0","v11","6","7485488","","","","0"
"2003-10-01","Quebec","2021A000224","Persons","249","units","0","v11","6","7503483","","","","0"
"2004-01-01","Quebec","2021A000224","Persons","249","units","0","v11","6","7510218","","","","0"
"2004-04-01","Quebec","2021A000224","Persons","249","units","0","v11","6","7520109","","","","0"
"2004-07-01","Quebec","2021A000224","Persons","249","units","0","v11","6","7535483","","","","0"
"2004-10-01","Quebec","2021A000224","Persons","249","units","0","v11","6","7553578","","","","0"
"2005-01-01","Quebec","2021A000224","Persons","249","units","0","v11","6","7559576","","","","0"
"2005-04-01","Quebec","2021A000224","Persons","249","units","0","v11","6","7567277","","","","0"
"2005-07-01","Quebec","2021A000224","Persons","249","units","0","v11","6","7581467","","","","0"
"2005-10-01","Quebec","2021A000224","Persons","249","units","0","v11","6","7598880","","","","0"
"2006-01-01","Quebec","2021A000224","Persons","249","units","0","v11","6","7604228","","","","0"
"2006-04-01","Quebec","2021A000224","Persons","249","units","0","v11","6","7615496","","","","0"
"2006-07-01","Quebec","2021A000224","Persons","249","units","0","v11","6","7631901","","","","0"
"2006-10-01","Quebec","2021A000224","Persons","249","units","0","v11","6","7652881","","","","0"
"2007-01-01","Quebec","2021A000224","Persons","249","units","0","v11","6","7661201","","","","0"
"2007-04-01","Quebec","2021A000224","Persons","249","units","0","v11","6","7673938","","","","0"
"2007-07-01","Quebec","2021A000224","Persons","249","units","0","v11","6","7692400","","","","0"
"2007-10-01","Quebec","2021A000224","Persons","249","units","0","v11","6","7712616","","","","0"
"2008-01-01","Quebec","2021A000224","Persons","249","units","0","v11","6","7724885","","","","0"
"2008-04-01","Quebec","2021A000224","Persons","249","units","0","v11","6","7739956","","","","0"
"2008-07-01","Quebec","2021A000224","Persons","249","units","0","v11","6","7761614","","","","0"
"2008-10-01","Quebec","2021A000224","Persons","249","units","0","v11","6","7786609","","","","0"
"2009-01-01","Quebec","2021A000224","Persons","249","units","0","v11","6","7799271","","","","0"
"2009-04-01","Quebec","2021A000224","Persons","249","units","0","v11","6","7817425","","","","0"
"2009-07-01","Quebec","2021A000224","Persons","249","units","0","v11","6","7843915","","","","0"
"2009-10-01","Quebec","2021A000224","Persons","249","units","0","v11","6","7871847","","","","0"
"2010-01-01","Quebec","2021A000224","Persons","249","units","0","v11","6","7886127","","","","0"
"2010-04-01","Quebec","2021A000224","Persons","249","units","0","v11","6","7903676","","","","0"
"2010-07-01","Quebec","2021A000224","Persons","249","units","0","v11","6","7929479","","","","0"
"2010-10-01","Quebec","2021A000224","Persons","249","units","0","v11","6","7955183","","","","0"
"2011-01-01","Quebec","2021A000224","Persons","249","units","0","v11","6","7967270","","","","0"
"2011-04-01","Quebec","2021A000224","Persons","249","units","0","v11","6","7982145","","","","0"
"2011-07-01","Quebec","2021A000224","Persons","249","units","0","v11","6","8004736","","","","0"
"2011-10-01","Quebec","2021A000224","Persons","249","units","0","v11","6","8021063","","","","0"
"2012-01-01","Quebec","2021A000224","Persons","249","units","0","v11","6","8028516","","","","0"
"2012-04-01","Quebec","2021A000224","Persons","249","units","0","v11","6","8038332","","","","0"
"2012-07-01","Quebec","2021A000224","Persons","249","units","0","v11","6","8059752","","","","0"
"2012-10-01","Quebec","2021A000224","Persons","249","units","0","v11","6","8076838","","","","0"
"2013-01-01","Quebec","2021A000224","Persons","249","units","0","v11","6","8081006","","","","0"
"2013-04-01","Quebec","2021A000224","Persons","249","units","0","v11","6","8089004","","","","0"
"2013-07-01","Quebec","2021A000224","Persons","249","units","0","v11","6","8108825","","","","0"
"2013-10-01","Quebec","2021A000224","Persons","249","units","0","v11","6","8122462","","","","0"
"2014-01-01","Quebec","2021A000224","Persons","249","units","0","v11","6","8123138","","","","0"
"2014-04-01","Quebec","2021A000224","Persons","249","units","0","v11","6","8129926","","","","0"
"2014-07-01","Quebec","2021A000224","Persons","249","units","0","v11","6","8147535","","","","0"
"2014-10-01","Quebec","2021A000224","Persons","249","units","0","v11","6","8162631","","","","0"
"2015-01-01","Quebec","2021A000224","Persons","249","units","0","v11","6","8160176","","","","0"
"2015-04-01","Quebec","2021A000224","Persons","249","units","0","v11","6","8159968","","","","0"
"2015-07-01","Quebec","2021A000224","Persons","249","units","0","v11","6","8175743","","","","0"
"2015-10-01","Quebec","2021A000224","Persons","249","units","0","v11","6","8190074","","","","0"
"2016-01-01","Quebec","2021A000224","Persons","249","units","0","v11","6","8193831","","","","0"
"2016-04-01","Quebec","2021A000224","Persons","249","units","0","v11","6","8204229","","","","0"
"2016-07-01","Quebec","2021A000224","Persons","249","units","0","v11","6","8225036","","","","0"
"2016-10-01","Quebec","2021A000224","Persons","249","units","0","v11","6","8246383","","","","0"
"2017-01-01","Quebec","2021A000224","Persons","249","units","0","v11","6","8252179","","","","0"
"2017-04-01","Quebec","2021A000224","Persons","249","units","0","v11","6","8265839","","","","0"
"2017-07-01","Quebec","2021A000224","Persons","249","units","0","v11","6","8292832","","","","0"
"2017-10-01","Quebec","2021A000224","Persons","249","units","0","v11","6","8326075","","","","0"
"2018-01-01","Quebec","2021A000224","Persons","249","units","0","v11","6","8338883","","","","0"
"2018-04-01","Quebec","2021A000224","Persons","249","units","0","v11","6","8354460","","","","0"
"2018-07-01","Quebec","2021A000224","Persons","249","units","0","v11","6","8386951","","","","0"
"2018-10-01","Quebec","2021A000224","Persons","249","units","0","v11","6","8418646","","","","0"
"2019-01-01","Quebec","2021A000224","Persons","249","units","0","v11","6","8430363","","","","0"
"2019-04-01","Quebec","2021A000224","Persons","249","units","0","v11","6","8447632","","","","0"
"2019-07-01","Quebec","2021A000224","Persons","249","units","0","v11","6","8483186","","","","0"
"2019-10-01","Quebec","2021A000224","Persons","249","units","0","v11","6","8521542","","","","0"
"2020-01-01","Quebec","2021A000224","Persons","249","units","0","v11","6","8537376","","","","0"
"2020-04-01","Quebec","2021A000224","Persons","249","units","0","v11","6","8550900","","","","0"
"2020-07-01","Quebec","2021A000224","Persons","249","units","0","v11","6","8551095","","","","0"
"2020-10-01","Quebec","2021A000224","Persons","249","units","0","v11","6","8551865","","","","0"
"2021-01-01","Quebec","2021A000224","Persons","249","units","0","v11","6","8550561","","","","0"
"2021-04-01","Quebec","2021A000224","Persons","249","units","0","v11","6","8556015","","","","0"
"2021-07-01","Quebec","2021A000224","Persons","249","units","0","v11","6","8572020","","","","0"
"2021-10-01","Quebec","2021A000224","Persons","249","units","0","v11","6","8605817","","","","0"
"2022-01-01","Quebec","2021A000224","Persons","249","units","0","v11","6","8611897","","","","0"
"2022-04-01","Quebec","2021A000224","Persons","249","units","0","v11","6","8625141","","","","0"
"2022-07-01","Quebec","2021A000224","Persons","249","units","0","v11","6","8667648","","","","0"
"2022-10-01","Quebec","2021A000224","Persons","249","units","0","v11","6","8719641","","","","0"
"2023-01-01","Quebec","2021A000224","Persons","249","units","0","v11","6","8741980","","","","0"
"2023-04-01","Quebec","2021A000224","Persons","249","units","0","v11","6","8768409","","","","0"
"2023-07-01","Quebec","2021A000224","Persons","249","units","0","v11","6","8818050","","","","0"
"2023-10-01","Quebec","2021A000224","Persons","249","units","0","v11","6","8881058","","","","0"
"2024-01-01","Quebec","2021A000224","Persons","249","units","0","v11","6","8904100","","","","0"
"2024-04-01","Quebec","2021A000224","Persons","249","units","0","v11","6","8937098","","","","0"
"2024-07-01","Quebec","2021A000224","Persons","249","units","0","v11","6","8982312","","","","0"
"2024-10-01","Quebec","2021A000224","Persons","249","units","0","v11","6","9026416","","","","0"
"2025-01-01","Quebec","2021A000224","Persons","249","units","0","v11","6","9029220","","","","0"
"2025-04-01","Quebec","2021A000224","Persons","249","units","0","v11","6","9028682","","","","0"
"2025-07-01","Quebec","2021A000224","Persons","249","units","0","v11","6","9051022","","","","0"
"2025-10-01","Quebec","2021A000224","Persons","249","units","0","v11","6","9071310","","","","0"
"2026-01-01","Quebec","2021A000224","Persons","249","units","0","v11","6","9057967","","","","0"
"2026-04-01","Quebec","2021A000224","Persons","249","units","0","v11","6","9053814","","","","0"
"2026-07-01","Quebec","2021A000224","Persons","249","units","0","v11","6","9067114","","","","0"
"1951-07-01","Ontario","2021A000235","Persons","249","units","0","v12","7","4615000","","","","0"
"1951-10-01","Ontario","2021A000235","Persons","249","units","0","v12","7","4665000","","","","0"
"1952-01-01","Ontario","2021A000235","Persons","249","units","0","v12","7","4717000","","","","0"
"1952-04-01","Ontario","2021A000235","Persons","249","units","0","v12","7","4757000","","","","0"
"1952-07-01","Ontario","2021A000235","Persons","249","units","0","v12","7","4802000","","","","0"
"1952-10-01","Ontario","2021A000235","Persons","249","units","0","v12","7","4841000","","","","0"
"1953-01-01","Ontario","2021A000235","Persons","249","units","0","v12","7","4876000","","","","0"
"1953-04-01","Ontario","2021A000235","Persons","249","units","0","v12","7","4907000","","","","0"
"1953-07-01","Ontario","2021A000235","Persons","249","units","0","v12","7","4956000","","","","0"
"1953-10-01","Ontario","2021A000235","Persons","249","units","0","v12","7","5002000","","","","0"
"1954-01-01","Ontario","2021A000235","Persons","249","units","0","v12","7","5047000","","","","0"
"1954-04-01","Ontario","2021A000235","Persons","249","units","0","v12","7","5082000","","","","0"
"1954-07-01","Ontario","2021A000235","Persons","249","units","0","v12","7","5130000","","","","0"
"1954-10-01","Ontario","2021A000235","Persons","249","units","0","v12","7","5174000","","","","0"
"1955-01-01","Ontario","2021A000235","Persons","249","units","0","v12","7","5208000","","","","0"
"1955-04-01","Ontario","2021A000235","Persons","249","units","0","v12","7","5236000","","","","0"
"1955-07-01","Ontario","2021A000235","Persons","249","units","0","v12","7","5278000","","","","0"
"1955-10-01","Ontario","2021A000235","Persons","249","units","0","v12","7","5311000","","","","0"
"1956-01-01","Ontario","2021A000235","Persons","249","units","0","v12","7","5344000","","","","0"
"1956-04-01","Ontario","2021A000235","Persons","249","units","0","v12","7","5375000","","","","0"
"1956-07-01","Ontario","2021A000235","Persons","249","units","0","v12","7","5423000","","","","0"
"1956-10-01","Ontario","2021A000235","Persons","249","units","0","v12","7","5470000","","","","0"
"1957-01-01","Ontario","2021A000235","Persons","249","units","0","v12","7","5529000","","","","0"
"1957-04-01","Ontario","2021A000235","Persons","249","units","0","v12","7","5580000","","","","0"
"1957-07-01","Ontario","2021A000235","Persons","249","units","0","v12","7","5668000","","","","0"
"1957-10-01","Ontario","2021A000235","Persons","249","units","0","v12","7","5722000","","","","0"
"1958-01-01","Ontario","2021A000235","Persons","249","units","0","v12","7","5759000","","","","0"
"1958-04-01","Ontario","2021A000235","Persons","249","units","0","v12","7","5789000","","","","0"
"1958-07-01","Ontario","2021A000235","Persons","249","units","0","v12","7","5835000","","","","0"
"1958-10-01","Ontario","2021A000235","Persons","249","units","0","v12","7","5874000","","","","0"
"1959-01-01","Ontario","2021A000235","Persons","249","units","0","v12","7","5907000","","","","0"
"1959-04-01","Ontario","2021A000235","Persons","249","units","0","v12","7","5938000","","","","0"
"1959-07-01","Ontario","2021A000235","Persons","249","units","0","v12","7","5985000","","","","0"
"1959-10-01","Ontario","2021A000235","Persons","249","units","0","v12","7","6020000","","","","0"
"1960-01-01","Ontario","2021A000235","Persons","249","units","0","v12","7","6054000","","","","0"
"1960-04-01","Ontario","2021A000235","Persons","249","units","0","v12","7","6083000","","","","0"
"1960-07-01","Ontario","2021A000235","Persons","249","units","0","v12","7","6127000","","","","0"
"1960-10-01","Ontario","2021A000235","Persons","249","units","0","v12","7","6158000","","","","0"
"1961-01-01","Ontario","2021A000235","Persons","249","units","0","v12","7","6187000","","","","0"
"1961-04-01","Ontario","2021A000235","Persons","249","units","0","v12","7","6214000","","","","0"
"1961-07-01","Ontario","2021A000235","Persons","249","units","0","v12","7","6248000","","","","0"
"1961-10-01","Ontario","2021A000235","Persons","249","units","0","v12","7","6275000","","","","0"
"1962-01-01","Ontario","2021A000235","Persons","249","units","0","v12","7","6303000","","","","0"
"1962-04-01","Ontario","2021A000235","Persons","249","units","0","v12","7","6330000","","","","0"
"1962-07-01","Ontario","2021A000235","Persons","249","units","0","v12","7","6362000","","","","0"
"1962-10-01","Ontario","2021A000235","Persons","249","units","0","v12","7","6395000","","","","0"
"1963-01-01","Ontario","2021A000235","Persons","249","units","0","v12","7","6427000","","","","0"
"1963-04-01","Ontario","2021A000235","Persons","249","units","0","v12","7","6455000","","","","0"
"1963-07-01","Ontario","2021A000235","Persons","249","units","0","v12","7","6497000","","","","0"
"1963-10-01","Ontario","2021A000235","Persons","249","units","0","v12","7","6535000","","","","0"
"1964-01-01","Ontario","2021A000235","Persons","249","units","0","v12","7","6572000","","","","0"
"1964-04-01","Ontario","2021A000235","Persons","249","units","0","v12","7","6602000","","","","0"
"1964-07-01","Ontario","2021A000235","Persons","249","units","0","v12","7","6646000","","","","0"
"1964-10-01","Ontario","2021A000235","Persons","249","units","0","v12","7","6687000","","","","0"
"1965-01-01","Ontario","2021A000235","Persons","249","units","0","v12","7","6723000","","","","0"
"1965-04-01","Ontario","2021A000235","Persons","249","units","0","v12","7","6758000","","","","0"
"1965-07-01","Ontario","2021A000235","Persons","249","units","0","v12","7","6803000","","","","0"
"1965-10-01","Ontario","2021A000235","Persons","249","units","0","v12","7","6849000","","","","0"
"1966-01-01","Ontario","2021A000235","Persons","249","units","0","v12","7","6888000","","","","0"
"1966-04-01","Ontario","2021A000235","Persons","249","units","0","v12","7","6926000","","","","0"
"1966-07-01","Ontario","2021A000235","Persons","249","units","0","v12","7","6977000","","","","0"
"1966-10-01","Ontario","2021A000235","Persons","249","units","0","v12","7","7025000","","","","0"
"1967-01-01","Ontario","2021A000235","Persons","249","units","0","v12","7","7063000","","","","0"
"1967-04-01","Ontario","2021A000235","Persons","249","units","0","v12","7","7096000","","","","0"
"1967-07-01","Ontario","2021A000235","Persons","249","units","0","v12","7","7142000","","","","0"
"1967-10-01","Ontario","2021A000235","Persons","249","units","0","v12","7","7186000","","","","0"
"1968-01-01","Ontario","2021A000235","Persons","249","units","0","v12","7","7213000","","","","0"
"1968-04-01","Ontario","2021A000235","Persons","249","units","0","v12","7","7238000","","","","0"
"1968-07-01","Ontario","2021A000235","Persons","249","units","0","v12","7","7275000","","","","0"
"1968-10-01","Ontario","2021A000235","Persons","249","units","0","v12","7","7305000","","","","0"
"1969-01-01","Ontario","2021A000235","Persons","249","units","0","v12","7","7338000","","","","0"
"1969-04-01","Ontario","2021A000235","Persons","249","units","0","v12","7","7362000","","","","0"
"1969-07-01","Ontario","2021A000235","Persons","249","units","0","v12","7","7399000","","","","0"
"1969-10-01","Ontario","2021A000235","Persons","249","units","0","v12","7","7442000","","","","0"
"1970-01-01","Ontario","2021A000235","Persons","249","units","0","v12","7","7488000","","","","0"
"1970-04-01","Ontario","2021A000235","Persons","249","units","0","v12","7","7528000","","","","0"
"1970-07-01","Ontario","2021A000235","Persons","249","units","0","v12","7","7566000","","","","0"
"1970-10-01","Ontario","2021A000235","Persons","249","units","0","v12","7","7613000","","","","0"
"1971-01-01","Ontario","2021A000235","Persons","249","units","0","v12","7","7656000","","","","0"
"1971-04-01","Ontario","2021A000235","Persons","249","units","0","v12","7","7683000","","","","0"
"1971-07-01","Ontario","2021A000235","Persons","249","units","0","v12","7","7849027","","","","0"
"1971-10-01","Ontario","2021A000235","Persons","249","units","0","v12","7","7882241","","","","0"
"1972-01-01","Ontario","2021A000235","Persons","249","units","0","v12","7","7906337","","","","0"
"1972-04-01","Ontario","2021A000235","Persons","249","units","0","v12","7","7927220","","","","0"
"1972-07-01","Ontario","2021A000235","Persons","249","units","0","v12","7","7963117","","","","0"
"1972-10-01","Ontario","2021A000235","Persons","249","units","0","v12","7","7992037","","","","0"
"1973-01-01","Ontario","2021A000235","Persons","249","units","0","v12","7","8013391","","","","0"
"1973-04-01","Ontario","2021A000235","Persons","249","units","0","v12","7","8035129","","","","0"
"1973-07-01","Ontario","2021A000235","Persons","249","units","0","v12","7","8075547","","","","0"
"1973-10-01","Ontario","2021A000235","Persons","249","units","0","v12","7","8107108","","","","0"
"1974-01-01","Ontario","2021A000235","Persons","249","units","0","v12","7","8139808","","","","0"
"1974-04-01","Ontario","2021A000235","Persons","249","units","0","v12","7","8172562","","","","0"
"1974-07-01","Ontario","2021A000235","Persons","249","units","0","v12","7","8204275","","","","0"
"1974-10-01","Ontario","2021A000235","Persons","249","units","0","v12","7","8240114","","","","0"
"1975-01-01","Ontario","2021A000235","Persons","249","units","0","v12","7","8260161","","","","0"
"1975-04-01","Ontario","2021A000235","Persons","249","units","0","v12","7","8284503","","","","0"
"1975-07-01","Ontario","2021A000235","Persons","249","units","0","v12","7","8319795","","","","0"
"1975-10-01","Ontario","2021A000235","Persons","249","units","0","v12","7","8352911","","","","0"
"1976-01-01","Ontario","2021A000235","Persons","249","units","0","v12","7","8366498","","","","0"
"1976-04-01","Ontario","2021A000235","Persons","249","units","0","v12","7","8387985","","","","0"
"1976-07-01","Ontario","2021A000235","Persons","249","units","0","v12","7","8413779","","","","0"
"1976-10-01","Ontario","2021A000235","Persons","249","units","0","v12","7","8438765","","","","0"
"1977-01-01","Ontario","2021A000235","Persons","249","units","0","v12","7","8458617","","","","0"
"1977-04-01","Ontario","2021A000235","Persons","249","units","0","v12","7","8481322","","","","0"
"1977-07-01","Ontario","2021A000235","Persons","249","units","0","v12","7","8504080","","","","0"
"1977-10-01","Ontario","2021A000235","Persons","249","units","0","v12","7","8530102","","","","0"
"1978-01-01","Ontario","2021A000235","Persons","249","units","0","v12","7","8548453","","","","0"
"1978-04-01","Ontario","2021A000235","Persons","249","units","0","v12","7","8569298","","","","0"
"1978-07-01","Ontario","2021A000235","Persons","249","units","0","v12","7","8590144","","","","0"
"1978-10-01","Ontario","2021A000235","Persons","249","units","0","v12","7","8604263","","","","0"
"1979-01-01","Ontario","2021A000235","Persons","249","units","0","v12","7","8619239","","","","0"
"1979-04-01","Ontario","2021A000235","Persons","249","units","0","v12","7","8638099","","","","0"
"1979-07-01","Ontario","2021A000235","Persons","249","units","0","v12","7","8662088","","","","0"
"1979-10-01","Ontario","2021A000235","Persons","249","units","0","v12","7","8674941","","","","0"
"1980-01-01","Ontario","2021A000235","Persons","249","units","0","v12","7","8693157","","","","0"
"1980-04-01","Ontario","2021A000235","Persons","249","units","0","v12","7","8715218","","","","0"
"1980-07-01","Ontario","2021A000235","Persons","249","units","0","v12","7","8746013","","","","0"
"1980-10-01","Ontario","2021A000235","Persons","249","units","0","v12","7","8757388","","","","0"
"1981-01-01","Ontario","2021A000235","Persons","249","units","0","v12","7","8770591","","","","0"
"1981-04-01","Ontario","2021A000235","Persons","249","units","0","v12","7","8787156","","","","0"
"1981-07-01","Ontario","2021A000235","Persons","249","units","0","v12","7","8812286","","","","0"
"1981-10-01","Ontario","2021A000235","Persons","249","units","0","v12","7","8846005","","","","0"
"1982-01-01","Ontario","2021A000235","Persons","249","units","0","v12","7","8865774","","","","0"
"1982-04-01","Ontario","2021A000235","Persons","249","units","0","v12","7","8892646","","","","0"
"1982-07-01","Ontario","2021A000235","Persons","249","units","0","v12","7","8920288","","","","0"
"1982-10-01","Ontario","2021A000235","Persons","249","units","0","v12","7","8957042","","","","0"
"1983-01-01","Ontario","2021A000235","Persons","249","units","0","v12","7","8982933","","","","0"
"1983-04-01","Ontario","2021A000235","Persons","249","units","0","v12","7","9010994","","","","0"
"1983-07-01","Ontario","2021A000235","Persons","249","units","0","v12","7","9039564","","","","0"
"1983-10-01","Ontario","2021A000235","Persons","249","units","0","v12","7","9074145","","","","0"
"1984-01-01","Ontario","2021A000235","Persons","249","units","0","v12","7","9100590","","","","0"
"1984-04-01","Ontario","2021A000235","Persons","249","units","0","v12","7","9129833","","","","0"
"1984-07-01","Ontario","2021A000235","Persons","249","units","0","v12","7","9167484","","","","0"
"1984-10-01","Ontario","2021A000235","Persons","249","units","0","v12","7","9210346","","","","0"
"1985-01-01","Ontario","2021A000235","Persons","249","units","0","v12","7","9230294","","","","0"
"1985-04-01","Ontario","2021A000235","Persons","249","units","0","v12","7","9256175","","","","0"
"1985-07-01","Ontario","2021A000235","Persons","249","units","0","v12","7","9294657","","","","0"
"1985-10-01","Ontario","2021A000235","Persons","249","units","0","v12","7","9338435","","","","0"
"1986-01-01","Ontario","2021A000235","Persons","249","units","0","v12","7","9362036","","","","0"
"1986-04-01","Ontario","2021A000235","Persons","249","units","0","v12","7","9391784","","","","0"
"1986-07-01","Ontario","2021A000235","Persons","249","units","0","v12","7","9437359","","","","0"
"1986-10-01","Ontario","2021A000235","Persons","249","units","0","v12","7","9493289","","","","0"
"1987-01-01","Ontario","2021A000235","Persons","249","units","0","v12","7","9531478","","","","0"
"1987-04-01","Ontario","2021A000235","Persons","249","units","0","v12","7","9577947","","","","0"
"1987-07-01","Ontario","2021A000235","Persons","249","units","0","v12","7","9637945","","","","0"
"1987-10-01","Ontario","2021A000235","Persons","249","units","0","v12","7","9702789","","","","0"
"1988-01-01","Ontario","2021A000235","Persons","249","units","0","v12","7","9735171","","","","0"
"1988-04-01","Ontario","2021A000235","Persons","249","units","0","v12","7","9774964","","","","0"
"1988-07-01","Ontario","2021A000235","Persons","249","units","0","v12","7","9838620","","","","0"
"1988-10-01","Ontario","2021A000235","Persons","249","units","0","v12","7","9917210","","","","0"
"1989-01-01","Ontario","2021A000235","Persons","249","units","0","v12","7","9969308","","","","0"
"1989-04-01","Ontario","2021A000235","Persons","249","units","0","v12","7","10031922","","","","0"
"1989-07-01","Ontario","2021A000235","Persons","249","units","0","v12","7","10103305","","","","0"
"1989-10-01","Ontario","2021A000235","Persons","249","units","0","v12","7","10167642","","","","0"
"1990-01-01","Ontario","2021A000235","Persons","249","units","0","v12","7","10189985","","","","0"
"1990-04-01","Ontario","2021A000235","Persons","249","units","0","v12","7","10238884","","","","0"
"1990-07-01","Ontario","2021A000235","Persons","249","units","0","v12","7","10295832","","","","0"
"1990-10-01","Ontario","2021A000235","Persons","249","units","0","v12","7","10344678","","","","0"
"1991-01-01","Ontario","2021A000235","Persons","249","units","0","v12","7","10355101","","","","0"
"1991-04-01","Ontario","2021A000235","Persons","249","units","0","v12","7","10385937","","","","0"
"1991-07-01","Ontario","2021A000235","Persons","249","units","0","v12","7","10431316","","","","0"
"1991-10-01","Ontario","2021A000235","Persons","249","units","0","v12","7","10465562","","","","0"
"1992-01-01","Ontario","2021A000235","Persons","249","units","0","v12","7","10488022","","","","0"
"1992-04-01","Ontario","2021A000235","Persons","249","units","0","v12","7","10528346","","","","0"
"1992-07-01","Ontario","2021A000235","Persons","249","units","0","v12","7","10572205","","","","0"
"1992-10-01","Ontario","2021A000235","Persons","249","units","0","v12","7","10610665","","","","0"
"1993-01-01","Ontario","2021A000235","Persons","249","units","0","v12","7","10629994","","","","0"
"1993-04-01","Ontario","2021A000235","Persons","249","units","0","v12","7","10656924","","","","0"
"1993-07-01","Ontario","2021A000235","Persons","249","units","0","v12","7","10690038","","","","0"
"1993-10-01","Ontario","2021A000235","Persons","249","units","0","v12","7","10728737","","","","0"
"1994-01-01","Ontario","2021A000235","Persons","249","units","0","v12","7","10744762","","","","0"
"1994-04-01","Ontario","2021A000235","Persons","249","units","0","v12","7","10776819","","","","0"
"1994-07-01","Ontario","2021A000235","Persons","249","units","0","v12","7","10819146","","","","0"
"1994-10-01","Ontario","2021A000235","Persons","249","units","0","v12","7","10860406","","","","0"
"1995-01-01","Ontario","2021A000235","Persons","249","units","0","v12","7","10875308","","","","0"
"1995-04-01","Ontario","2021A000235","Persons","249","units","0","v12","7","10906895","","","","0"
"1995-07-01","Ontario","2021A000235","Persons","249","units","0","v12","7","10950119","","","","0"
"1995-10-01","Ontario","2021A000235","Persons","249","units","0","v12","7","10993416","","","","0"
"1996-01-01","Ontario","2021A000235","Persons","249","units","0","v12","7","11009307","","","","0"
"1996-04-01","Ontario","2021A000235","Persons","249","units","0","v12","7","11037392","","","","0"
"1996-07-01","Ontario","2021A000235","Persons","249","units","0","v12","7","11082903","","","","0"
"1996-10-01","Ontario","2021A000235","Persons","249","units","0","v12","7","11130574","","","","0"
"1997-01-01","Ontario","2021A000235","Persons","249","units","0","v12","7","11146270","","","","0"
"1997-04-01","Ontario","2021A000235","Persons","249","units","0","v12","7","11179959","","","","0"
"1997-07-01","Ontario","2021A000235","Persons","249","units","0","v12","7","11227651","","","","0"
"1997-10-01","Ontario","2021A000235","Persons","249","units","0","v12","7","11278893","","","","0"
"1998-01-01","Ontario","2021A000235","Persons","249","units","0","v12","7","11292059","","","","0"
"1998-04-01","Ontario","2021A000235","Persons","249","units","0","v12","7","11322038","","","","0"
"1998-07-01","Ontario","2021A000235","Persons","249","units","0","v12","7","11365901","","","","0"
"1998-10-01","Ontario","2021A000235","Persons","249","units","0","v12","7","11408804","","","","0"
"1999-01-01","Ontario","2021A000235","Persons","249","units","0","v12","7","11419589","","","","0"
"1999-04-01","Ontario","2021A000235","Persons","249","units","0","v12","7","11452857","","","","0"
"1999-07-01","Ontario","2021A000235","Persons","249","units","0","v12","7","11504759","","","","0"
"1999-10-01","Ontario","2021A000235","Persons","249","units","0","v12","7","11559464","","","","0"
"2000-01-01","Ontario","2021A000235","Persons","249","units","0","v12","7","11576994","","","","0"
"2000-04-01","Ontario","2021A000235","Persons","249","units","0","v12","7","11621255","","","","0"
"2000-07-01","Ontario","2021A000235","Persons","249","units","0","v12","7","11683290","","","","0"
"2000-10-01","Ontario","2021A000235","Persons","249","units","0","v12","7","11748348","","","","0"
"2001-01-01","Ontario","2021A000235","Persons","249","units","0","v12","7","11771945","","","","0"
"2001-04-01","Ontario","2021A000235","Persons","249","units","0","v12","7","11827345","","","","0"
"2001-07-01","Ontario","2021A000235","Persons","249","units","0","v12","7","11897473","","","","0"
"2001-10-01","Ontario","2021A000235","Persons","249","units","0","v12","7","11961546","","","","0"
"2002-01-01","Ontario","2021A000235","Persons","249","units","0","v12","7","11979906","","","","0"
"2002-04-01","Ontario","2021A000235","Persons","249","units","0","v12","7","12029818","","","","0"
"2002-07-01","Ontario","2021A000235","Persons","249","units","0","v12","7","12093412","","","","0"
"2002-10-01","Ontario","2021A000235","Persons","249","units","0","v12","7","12145100","","","","0"
"2003-01-01","Ontario","2021A000235","Persons","249","units","0","v12","7","12155691","","","","0"
"2003-04-01","Ontario","2021A000235","Persons","249","units","0","v12","7","12194269","","","","0"
"2003-07-01","Ontario","2021A000235","Persons","249","units","0","v12","7","12243641","","","","0"
"2003-10-01","Ontario","2021A000235","Persons","249","units","0","v12","7","12290116","","","","0"
"2004-01-01","Ontario","2021A000235","Persons","249","units","0","v12","7","12303516","","","","0"
"2004-04-01","Ontario","2021A000235","Persons","249","units","0","v12","7","12339813","","","","0"
"2004-07-01","Ontario","2021A000235","Persons","249","units","0","v12","7","12389641","","","","0"
"2004-10-01","Ontario","2021A000235","Persons","249","units","0","v12","7","12435931","","","","0"
"2005-01-01","Ontario","2021A000235","Persons","249","units","0","v12","7","12444755","","","","0"
"2005-04-01","Ontario","2021A000235","Persons","249","units","0","v12","7","12476560","","","","0"
"2005-07-01","Ontario","2021A000235","Persons","249","units","0","v12","7","12527581","","","","0"
"2005-10-01","Ontario","2021A000235","Persons","249","units","0","v12","7","12578240","","","","0"
"2006-01-01","Ontario","2021A000235","Persons","249","units","0","v12","7","12587149","","","","0"
"2006-04-01","Ontario","2021A000235","Persons","249","units","0","v12","7","12618321","","","","0"
"2006-07-01","Ontario","2021A000235","Persons","249","units","0","v12","7","12661953","","","","0"
"2006-10-01","Ontario","2021A000235","Persons","249","units","0","v12","7","12701324","","","","0"
"2007-01-01","Ontario","2021A000235","Persons","249","units","0","v12","7","12703327","","","","0"
"2007-04-01","Ontario","2021A000235","Persons","249","units","0","v12","7","12727090","","","","0"
"2007-07-01","Ontario","2021A000235","Persons","249","units","0","v12","7","12765133","","","","0"
"2007-10-01","Ontario","2021A000235","Persons","249","units","0","v12","7","12807497","","","","0"
"2008-01-01","Ontario","2021A000235","Persons","249","units","0","v12","7","12814686","","","","0"
"2008-04-01","Ontario","2021A000235","Persons","249","units","0","v12","7","12840482","","","","0"
"2008-07-01","Ontario","2021A000235","Persons","249","units","0","v12","7","12883824","","","","0"
"2008-10-01","Ontario","2021A000235","Persons","249","units","0","v12","7","12927520","","","","0"
"2009-01-01","Ontario","2021A000235","Persons","249","units","0","v12","7","12932742","","","","0"
"2009-04-01","Ontario","2021A000235","Persons","249","units","0","v12","7","12956924","","","","0"
"2009-07-01","Ontario","2021A000235","Persons","249","units","0","v12","7","12998941","","","","0"
"2009-10-01","Ontario","2021A000235","Persons","249","units","0","v12","7","13048442","","","","0"
"2010-01-01","Ontario","2021A000235","Persons","249","units","0","v12","7","13059426","","","","0"
"2010-04-01","Ontario","2021A000235","Persons","249","units","0","v12","7","13088924","","","","0"
"2010-07-01","Ontario","2021A000235","Persons","249","units","0","v12","7","13136481","","","","0"
"2010-10-01","Ontario","2021A000235","Persons","249","units","0","v12","7","13189987","","","","0"
"2011-01-01","Ontario","2021A000235","Persons","249","units","0","v12","7","13199081","","","","0"
"2011-04-01","Ontario","2021A000235","Persons","249","units","0","v12","7","13222146","","","","0"
"2011-07-01","Ontario","2021A000235","Persons","249","units","0","v12","7","13262345","","","","0"
"2011-10-01","Ontario","2021A000235","Persons","249","units","0","v12","7","13310604","","","","0"
"2012-01-01","Ontario","2021A000235","Persons","249","units","0","v12","7","13325337","","","","0"
"2012-04-01","Ontario","2021A000235","Persons","249","units","0","v12","7","13350123","","","","0"
"2012-07-01","Ontario","2021A000235","Persons","249","units","0","v12","7","13392364","","","","0"
"2012-10-01","Ontario","2021A000235","Persons","249","units","0","v12","7","13436625","","","","0"
"2013-01-01","Ontario","2021A000235","Persons","249","units","0","v12","7","13446276","","","","0"
"2013-04-01","Ontario","2021A000235","Persons","249","units","0","v12","7","13469151","","","","0"
"2013-07-01","Ontario","2021A000235","Persons","249","units","0","v12","7","13511902","","","","0"
"2013-10-01","Ontario","2021A000235","Persons","249","units","0","v12","7","13559499","","","","0"
"2014-01-01","Ontario","2021A000235","Persons","249","units","0","v12","7","13563311","","","","0"
"2014-04-01","Ontario","2021A000235","Persons","249","units","0","v12","7","13583220","","","","0"
"2014-07-01","Ontario","2021A000235","Persons","249","units","0","v12","7","13617763","","","","0"
"2014-10-01","Ontario","2021A000235","Persons","249","units","0","v12","7","13661282","","","","0"
"2015-01-01","Ontario","2021A000235","Persons","249","units","0","v12","7","13657423","","","","0"
"2015-04-01","Ontario","2021A000235","Persons","249","units","0","v12","7","13669290","","","","0"
"2015-07-01","Ontario","2021A000235","Persons","249","units","0","v12","7","13709293","","","","0"
"2015-10-01","Ontario","2021A000235","Persons","249","units","0","v12","7","13759762","","","","0"
"2016-01-01","Ontario","2021A000235","Persons","249","units","0","v12","7","13774364","","","","0"
"2016-04-01","Ontario","2021A000235","Persons","249","units","0","v12","7","13816652","","","","0"
"2016-07-01","Ontario","2021A000235","Persons","249","units","0","v12","7","13876500","","","","0"
"2016-10-01","Ontario","2021A000235","Persons","249","units","0","v12","7","13948180","","","","0"
"2017-01-01","Ontario","2021A000235","Persons","249","units","0","v12","7","13975516","","","","0"
"2017-04-01","Ontario","2021A000235","Persons","249","units","0","v12","7","14012209","","","","0"
"2017-07-01","Ontario","2021A000235","Persons","249","units","0","v12","7","14078499","","","","0"
"2017-10-01","Ontario","2021A000235","Persons","249","units","0","v12","7","14161084","","","","0"
"2018-01-01","Ontario","2021A000235","Persons","249","units","0","v12","7","14199811","","","","0"
"2018-04-01","Ontario","2021A000235","Persons","249","units","0","v12","7","14251136","","","","0"
"2018-07-01","Ontario","2021A000235","Persons","249","units","0","v12","7","14326746","","","","0"
"2018-10-01","Ontario","2021A000235","Persons","249","units","0","v12","7","14413055","","","","0"
"2019-01-01","Ontario","2021A000235","Persons","249","units","0","v12","7","14449986","","","","0"
"2019-04-01","Ontario","2021A000235","Persons","249","units","0","v12","7","14493612","","","","0"
"2019-07-01","Ontario","2021A000235","Persons","249","units","0","v12","7","14573565","","","","0"
"2019-10-01","Ontario","2021A000235","Persons","249","units","0","v12","7","14666727","","","","0"
"2020-01-01","Ontario","2021A000235","Persons","249","units","0","v12","7","14718155","","","","0"
"2020-04-01","Ontario","2021A000235","Persons","249","units","0","v12","7","14752374","","","","0"
"2020-07-01","Ontario","2021A000235","Persons","249","units","0","v12","7","14761811","","","","0"
"2020-10-01","Ontario","2021A000235","Persons","249","units","0","v12","7","14757582","","","","0"
"2021-01-01","Ontario","2021A000235","Persons","249","units","0","v12","7","14772726","","","","0"
"2021-04-01","Ontario","2021A000235","Persons","249","units","0","v12","7","14808093","","","","0"
"2021-07-01","Ontario","2021A000235","Persons","249","units","0","v12","7","14842488","","","","0"
"2021-10-01","Ontario","2021A000235","Persons","249","units","0","v12","7","14947557","","","","0"
"2022-01-01","Ontario","2021A000235","Persons","249","units","0","v12","7","14996160","","","","0"
"2022-04-01","Ontario","2021A000235","Persons","249","units","0","v12","7","15046020","","","","0"
"2022-07-01","Ontario","2021A000235","Persons","249","units","0","v12","7","15155192","","","","0"
"2022-10-01","Ontario","2021A000235","Persons","249","units","0","v12","7","15301418","","","","0"
"2023-01-01","Ontario","2021A000235","Persons","249","units","0","v12","7","15394843","","","","0"
"2023-04-01","Ontario","2021A000235","Persons","249","units","0","v12","7","15472222","","","","0"
"2023-07-01","Ontario","2021A000235","Persons","249","units","0","v12","7","15618269","","","","0"
"2023-10-01","Ontario","2021A000235","Persons","249","units","0","v12","7","15806578","","","","0"
"2024-01-01","Ontario","2021A000235","Persons","249","units","0","v12","7","15916758","","","","0"
"2024-04-01","Ontario","2021A000235","Persons","249","units","0","v12","7","16003875","","","","0"
"2024-07-01","Ontario","2021A000235","Persons","249","units","0","v12","7","16090358","","","","0"
"2024-10-01","Ontario","2021A000235","Persons","249","units","0","v12","7","16154989","","","","0"
"2025-01-01","Ontario","2021A000235","Persons","249","units","0","v12","7","16173041","","","","0"
"2025-04-01","Ontario","2021A000235","Persons","249","units","0","v12","7","16189877","","","","0"
"2025-07-01","Ontario","2021A000235","Persons","249","units","0","v12","7","16216961","","","","0"
"2025-10-01","Ontario","2021A000235","Persons","249","units","0","v12","7","16253023","","","","0"
"2026-01-01","Ontario","2021A000235","Persons","249","units","0","v12","7","16249344","","","","0"
"2026-04-01","Ontario","2021A000235","Persons","249","units","0","v12","7","16244194","","","","0"
"2026-07-01","Ontario","2021A000235","Persons","249","units","0","v12","7","16262121","","","","0"
"1951-07-01","Manitoba","2021A000246","Persons","249","units","0","v13","8","778000","","","","0"
"1951-10-01","Manitoba","2021A000246","Persons","249","units","0","v13","8","784000","","","","0"
"1952-01-01","Manitoba","2021A000246","Persons","249","units","0","v13","8","789000","","","","0"
"1952-04-01","Manitoba","2021A000246","Persons","249","units","0","v13","8","794000","","","","0"
"1952-07-01","Manitoba","2021A000246","Persons","249","units","0","v13","8","799000","","","","0"
"1952-10-01","Manitoba","2021A000246","Persons","249","units","0","v13","8","802000","","","","0"
"1953-01-01","Manitoba","2021A000246","Persons","249","units","0","v13","8","804000","","","","0"
"1953-04-01","Manitoba","2021A000246","Persons","249","units","0","v13","8","806000","","","","0"
"1953-07-01","Manitoba","2021A000246","Persons","249","units","0","v13","8","810000","","","","0"
"1953-10-01","Manitoba","2021A000246","Persons","249","units","0","v13","8","814000","","","","0"
"1954-01-01","Manitoba","2021A000246","Persons","249","units","0","v13","8","816000","","","","0"
"1954-04-01","Manitoba","2021A000246","Persons","249","units","0","v13","8","819000","","","","0"
"1954-07-01","Manitoba","2021A000246","Persons","249","units","0","v13","8","825000","","","","0"
"1954-10-01","Manitoba","2021A000246","Persons","249","units","0","v13","8","830000","","","","0"
"1955-01-01","Manitoba","2021A000246","Persons","249","units","0","v13","8","833000","","","","0"
"1955-04-01","Manitoba","2021A000246","Persons","249","units","0","v13","8","837000","","","","0"
"1955-07-01","Manitoba","2021A000246","Persons","249","units","0","v13","8","841000","","","","0"
"1955-10-01","Manitoba","2021A000246","Persons","249","units","0","v13","8","844000","","","","0"
"1956-01-01","Manitoba","2021A000246","Persons","249","units","0","v13","8","845000","","","","0"
"1956-04-01","Manitoba","2021A000246","Persons","249","units","0","v13","8","848000","","","","0"
"1956-07-01","Manitoba","2021A000246","Persons","249","units","0","v13","8","850000","","","","0"
"1956-10-01","Manitoba","2021A000246","Persons","249","units","0","v13","8","852000","","","","0"
"1957-01-01","Manitoba","2021A000246","Persons","249","units","0","v13","8","851000","","","","0"
"1957-04-01","Manitoba","2021A000246","Persons","249","units","0","v13","8","856000","","","","0"
"1957-07-01","Manitoba","2021A000246","Persons","249","units","0","v13","8","863000","","","","0"
"1957-10-01","Manitoba","2021A000246","Persons","249","units","0","v13","8","863000","","","","0"
"1958-01-01","Manitoba","2021A000246","Persons","249","units","0","v13","8","868000","","","","0"
"1958-04-01","Manitoba","2021A000246","Persons","249","units","0","v13","8","872000","","","","0"
"1958-07-01","Manitoba","2021A000246","Persons","249","units","0","v13","8","877000","","","","0"
"1958-10-01","Manitoba","2021A000246","Persons","249","units","0","v13","8","881000","","","","0"
"1959-01-01","Manitoba","2021A000246","Persons","249","units","0","v13","8","883000","","","","0"
"1959-04-01","Manitoba","2021A000246","Persons","249","units","0","v13","8","888000","","","","0"
"1959-07-01","Manitoba","2021A000246","Persons","249","units","0","v13","8","892000","","","","0"
"1959-10-01","Manitoba","2021A000246","Persons","249","units","0","v13","8","896000","","","","0"
"1960-01-01","Manitoba","2021A000246","Persons","249","units","0","v13","8","900000","","","","0"
"1960-04-01","Manitoba","2021A000246","Persons","249","units","0","v13","8","903000","","","","0"
"1960-07-01","Manitoba","2021A000246","Persons","249","units","0","v13","8","908000","","","","0"
"1960-10-01","Manitoba","2021A000246","Persons","249","units","0","v13","8","911000","","","","0"
"1961-01-01","Manitoba","2021A000246","Persons","249","units","0","v13","8","916000","","","","0"
"1961-04-01","Manitoba","2021A000246","Persons","249","units","0","v13","8","919000","","","","0"
"1961-07-01","Manitoba","2021A000246","Persons","249","units","0","v13","8","923000","","","","0"
"1961-10-01","Manitoba","2021A000246","Persons","249","units","0","v13","8","927000","","","","0"
"1962-01-01","Manitoba","2021A000246","Persons","249","units","0","v13","8","930000","","","","0"
"1962-04-01","Manitoba","2021A000246","Persons","249","units","0","v13","8","933000","","","","0"
"1962-07-01","Manitoba","2021A000246","Persons","249","units","0","v13","8","937000","","","","0"
"1962-10-01","Manitoba","2021A000246","Persons","249","units","0","v13","8","940000","","","","0"
"1963-01-01","Manitoba","2021A000246","Persons","249","units","0","v13","8","944000","","","","0"
"1963-04-01","Manitoba","2021A000246","Persons","249","units","0","v13","8","947000","","","","0"
"1963-07-01","Manitoba","2021A000246","Persons","249","units","0","v13","8","950000","","","","0"
"1963-10-01","Manitoba","2021A000246","Persons","249","units","0","v13","8","953000","","","","0"
"1964-01-01","Manitoba","2021A000246","Persons","249","units","0","v13","8","955000","","","","0"
"1964-04-01","Manitoba","2021A000246","Persons","249","units","0","v13","8","957000","","","","0"
"1964-07-01","Manitoba","2021A000246","Persons","249","units","0","v13","8","960000","","","","0"
"1964-10-01","Manitoba","2021A000246","Persons","249","units","0","v13","8","961000","","","","0"
"1965-01-01","Manitoba","2021A000246","Persons","249","units","0","v13","8","962000","","","","0"
"1965-04-01","Manitoba","2021A000246","Persons","249","units","0","v13","8","964000","","","","0"
"1965-07-01","Manitoba","2021A000246","Persons","249","units","0","v13","8","965000","","","","0"
"1965-10-01","Manitoba","2021A000246","Persons","249","units","0","v13","8","963000","","","","0"
"1966-01-01","Manitoba","2021A000246","Persons","249","units","0","v13","8","962000","","","","0"
"1966-04-01","Manitoba","2021A000246","Persons","249","units","0","v13","8","963000","","","","0"
"1966-07-01","Manitoba","2021A000246","Persons","249","units","0","v13","8","963000","","","","0"
"1966-10-01","Manitoba","2021A000246","Persons","249","units","0","v13","8","959000","","","","0"
"1967-01-01","Manitoba","2021A000246","Persons","249","units","0","v13","8","958000","","","","0"
"1967-04-01","Manitoba","2021A000246","Persons","249","units","0","v13","8","961000","","","","0"
"1967-07-01","Manitoba","2021A000246","Persons","249","units","0","v13","8","964000","","","","0"
"1967-10-01","Manitoba","2021A000246","Persons","249","units","0","v13","8","966000","","","","0"
"1968-01-01","Manitoba","2021A000246","Persons","249","units","0","v13","8","966000","","","","0"
"1968-04-01","Manitoba","2021A000246","Persons","249","units","0","v13","8","968000","","","","0"
"1968-07-01","Manitoba","2021A000246","Persons","249","units","0","v13","8","972000","","","","0"
"1968-10-01","Manitoba","2021A000246","Persons","249","units","0","v13","8","974000","","","","0"
"1969-01-01","Manitoba","2021A000246","Persons","249","units","0","v13","8","975000","","","","0"
"1969-04-01","Manitoba","2021A000246","Persons","249","units","0","v13","8","977000","","","","0"
"1969-07-01","Manitoba","2021A000246","Persons","249","units","0","v13","8","979000","","","","0"
"1969-10-01","Manitoba","2021A000246","Persons","249","units","0","v13","8","979000","","","","0"
"1970-01-01","Manitoba","2021A000246","Persons","249","units","0","v13","8","979000","","","","0"
"1970-04-01","Manitoba","2021A000246","Persons","249","units","0","v13","8","981000","","","","0"
"1970-07-01","Manitoba","2021A000246","Persons","249","units","0","v13","8","983000","","","","0"
"1970-10-01","Manitoba","2021A000246","Persons","249","units","0","v13","8","982000","","","","0"
"1971-01-01","Manitoba","2021A000246","Persons","249","units","0","v13","8","984000","","","","0"
"1971-04-01","Manitoba","2021A000246","Persons","249","units","0","v13","8","986000","","","","0"
"1971-07-01","Manitoba","2021A000246","Persons","249","units","0","v13","8","998876","","","","0"
"1971-10-01","Manitoba","2021A000246","Persons","249","units","0","v13","8","998957","","","","0"
"1972-01-01","Manitoba","2021A000246","Persons","249","units","0","v13","8","998910","","","","0"
"1972-04-01","Manitoba","2021A000246","Persons","249","units","0","v13","8","1000104","","","","0"
"1972-07-01","Manitoba","2021A000246","Persons","249","units","0","v13","8","1001652","","","","0"
"1972-10-01","Manitoba","2021A000246","Persons","249","units","0","v13","8","1001682","","","","0"
"1973-01-01","Manitoba","2021A000246","Persons","249","units","0","v13","8","1002589","","","","0"
"1973-04-01","Manitoba","2021A000246","Persons","249","units","0","v13","8","1005005","","","","0"
"1973-07-01","Manitoba","2021A000246","Persons","249","units","0","v13","8","1007358","","","","0"
"1973-10-01","Manitoba","2021A000246","Persons","249","units","0","v13","8","1008908","","","","0"
"1974-01-01","Manitoba","2021A000246","Persons","249","units","0","v13","8","1012378","","","","0"
"1974-04-01","Manitoba","2021A000246","Persons","249","units","0","v13","8","1015368","","","","0"
"1974-07-01","Manitoba","2021A000246","Persons","249","units","0","v13","8","1018206","","","","0"
"1974-10-01","Manitoba","2021A000246","Persons","249","units","0","v13","8","1018954","","","","0"
"1975-01-01","Manitoba","2021A000246","Persons","249","units","0","v13","8","1019529","","","","0"
"1975-04-01","Manitoba","2021A000246","Persons","249","units","0","v13","8","1021824","","","","0"
"1975-07-01","Manitoba","2021A000246","Persons","249","units","0","v13","8","1024975","","","","0"
"1975-10-01","Manitoba","2021A000246","Persons","249","units","0","v13","8","1026093","","","","0"
"1976-01-01","Manitoba","2021A000246","Persons","249","units","0","v13","8","1028134","","","","0"
"1976-04-01","Manitoba","2021A000246","Persons","249","units","0","v13","8","1030093","","","","0"
"1976-07-01","Manitoba","2021A000246","Persons","249","units","0","v13","8","1031758","","","","0"
"1976-10-01","Manitoba","2021A000246","Persons","249","units","0","v13","8","1033171","","","","0"
"1977-01-01","Manitoba","2021A000246","Persons","249","units","0","v13","8","1034113","","","","0"
"1977-04-01","Manitoba","2021A000246","Persons","249","units","0","v13","8","1035920","","","","0"
"1977-07-01","Manitoba","2021A000246","Persons","249","units","0","v13","8","1037369","","","","0"
"1977-10-01","Manitoba","2021A000246","Persons","249","units","0","v13","8","1038470","","","","0"
"1978-01-01","Manitoba","2021A000246","Persons","249","units","0","v13","8","1038859","","","","0"
"1978-04-01","Manitoba","2021A000246","Persons","249","units","0","v13","8","1040028","","","","0"
"1978-07-01","Manitoba","2021A000246","Persons","249","units","0","v13","8","1040881","","","","0"
"1978-10-01","Manitoba","2021A000246","Persons","249","units","0","v13","8","1038528","","","","0"
"1979-01-01","Manitoba","2021A000246","Persons","249","units","0","v13","8","1037449","","","","0"
"1979-04-01","Manitoba","2021A000246","Persons","249","units","0","v13","8","1037417","","","","0"
"1979-07-01","Manitoba","2021A000246","Persons","249","units","0","v13","8","1037272","","","","0"
"1979-10-01","Manitoba","2021A000246","Persons","249","units","0","v13","8","1034189","","","","0"
"1980-01-01","Manitoba","2021A000246","Persons","249","units","0","v13","8","1033557","","","","0"
"1980-04-01","Manitoba","2021A000246","Persons","249","units","0","v13","8","1033985","","","","0"
"1980-07-01","Manitoba","2021A000246","Persons","249","units","0","v13","8","1034435","","","","0"
"1980-10-01","Manitoba","2021A000246","Persons","249","units","0","v13","8","1034017","","","","0"
"1981-01-01","Manitoba","2021A000246","Persons","249","units","0","v13","8","1033968","","","","0"
"1981-04-01","Manitoba","2021A000246","Persons","249","units","0","v13","8","1034805","","","","0"
"1981-07-01","Manitoba","2021A000246","Persons","249","units","0","v13","8","1035545","","","","0"
"1981-10-01","Manitoba","2021A000246","Persons","249","units","0","v13","8","1037183","","","","0"
"1982-01-01","Manitoba","2021A000246","Persons","249","units","0","v13","8","1039300","","","","0"
"1982-04-01","Manitoba","2021A000246","Persons","249","units","0","v13","8","1042251","","","","0"
"1982-07-01","Manitoba","2021A000246","Persons","249","units","0","v13","8","1045224","","","","0"
"1982-10-01","Manitoba","2021A000246","Persons","249","units","0","v13","8","1049816","","","","0"
"1983-01-01","Manitoba","2021A000246","Persons","249","units","0","v13","8","1052538","","","","0"
"1983-04-01","Manitoba","2021A000246","Persons","249","units","0","v13","8","1055586","","","","0"
"1983-07-01","Manitoba","2021A000246","Persons","249","units","0","v13","8","1059752","","","","0"
"1983-10-01","Manitoba","2021A000246","Persons","249","units","0","v13","8","1063952","","","","0"
"1984-01-01","Manitoba","2021A000246","Persons","249","units","0","v13","8","1066222","","","","0"
"1984-04-01","Manitoba","2021A000246","Persons","249","units","0","v13","8","1069201","","","","0"
"1984-07-01","Manitoba","2021A000246","Persons","249","units","0","v13","8","1071810","","","","0"
"1984-10-01","Manitoba","2021A000246","Persons","249","units","0","v13","8","1075088","","","","0"
"1985-01-01","Manitoba","2021A000246","Persons","249","units","0","v13","8","1078327","","","","0"
"1985-04-01","Manitoba","2021A000246","Persons","249","units","0","v13","8","1081013","","","","0"
"1985-07-01","Manitoba","2021A000246","Persons","249","units","0","v13","8","1082495","","","","0"
"1985-10-01","Manitoba","2021A000246","Persons","249","units","0","v13","8","1085016","","","","0"
"1986-01-01","Manitoba","2021A000246","Persons","249","units","0","v13","8","1087851","","","","0"
"1986-04-01","Manitoba","2021A000246","Persons","249","units","0","v13","8","1090433","","","","0"
"1986-07-01","Manitoba","2021A000246","Persons","249","units","0","v13","8","1091552","","","","0"
"1986-10-01","Manitoba","2021A000246","Persons","249","units","0","v13","8","1092636","","","","0"
"1987-01-01","Manitoba","2021A000246","Persons","249","units","0","v13","8","1094659","","","","0"
"1987-04-01","Manitoba","2021A000246","Persons","249","units","0","v13","8","1097076","","","","0"
"1987-07-01","Manitoba","2021A000246","Persons","249","units","0","v13","8","1098373","","","","0"
"1987-10-01","Manitoba","2021A000246","Persons","249","units","0","v13","8","1098195","","","","0"
"1988-01-01","Manitoba","2021A000246","Persons","249","units","0","v13","8","1099782","","","","0"
"1988-04-01","Manitoba","2021A000246","Persons","249","units","0","v13","8","1101404","","","","0"
"1988-07-01","Manitoba","2021A000246","Persons","249","units","0","v13","8","1102152","","","","0"
"1988-10-01","Manitoba","2021A000246","Persons","249","units","0","v13","8","1101074","","","","0"
"1989-01-01","Manitoba","2021A000246","Persons","249","units","0","v13","8","1101544","","","","0"
"1989-04-01","Manitoba","2021A000246","Persons","249","units","0","v13","8","1102669","","","","0"
"1989-07-01","Manitoba","2021A000246","Persons","249","units","0","v13","8","1103792","","","","0"
"1989-10-01","Manitoba","2021A000246","Persons","249","units","0","v13","8","1102522","","","","0"
"1990-01-01","Manitoba","2021A000246","Persons","249","units","0","v13","8","1102752","","","","0"
"1990-04-01","Manitoba","2021A000246","Persons","249","units","0","v13","8","1103935","","","","0"
"1990-07-01","Manitoba","2021A000246","Persons","249","units","0","v13","8","1105421","","","","0"
"1990-10-01","Manitoba","2021A000246","Persons","249","units","0","v13","8","1105098","","","","0"
"1991-01-01","Manitoba","2021A000246","Persons","249","units","0","v13","8","1106196","","","","0"
"1991-04-01","Manitoba","2021A000246","Persons","249","units","0","v13","8","1107757","","","","0"
"1991-07-01","Manitoba","2021A000246","Persons","249","units","0","v13","8","1109604","","","","0"
"1991-10-01","Manitoba","2021A000246","Persons","249","units","0","v13","8","1109400","","","","0"
"1992-01-01","Manitoba","2021A000246","Persons","249","units","0","v13","8","1109978","","","","0"
"1992-04-01","Manitoba","2021A000246","Persons","249","units","0","v13","8","1111050","","","","0"
"1992-07-01","Manitoba","2021A000246","Persons","249","units","0","v13","8","1112689","","","","0"
"1992-10-01","Manitoba","2021A000246","Persons","249","units","0","v13","8","1113209","","","","0"
"1993-01-01","Manitoba","2021A000246","Persons","249","units","0","v13","8","1114180","","","","0"
"1993-04-01","Manitoba","2021A000246","Persons","249","units","0","v13","8","1115554","","","","0"
"1993-07-01","Manitoba","2021A000246","Persons","249","units","0","v13","8","1117618","","","","0"
"1993-10-01","Manitoba","2021A000246","Persons","249","units","0","v13","8","1118603","","","","0"
"1994-01-01","Manitoba","2021A000246","Persons","249","units","0","v13","8","1119284","","","","0"
"1994-04-01","Manitoba","2021A000246","Persons","249","units","0","v13","8","1120863","","","","0"
"1994-07-01","Manitoba","2021A000246","Persons","249","units","0","v13","8","1123230","","","","0"
"1994-10-01","Manitoba","2021A000246","Persons","249","units","0","v13","8","1124263","","","","0"
"1995-01-01","Manitoba","2021A000246","Persons","249","units","0","v13","8","1124947","","","","0"
"1995-04-01","Manitoba","2021A000246","Persons","249","units","0","v13","8","1127234","","","","0"
"1995-07-01","Manitoba","2021A000246","Persons","249","units","0","v13","8","1129150","","","","0"
"1995-10-01","Manitoba","2021A000246","Persons","249","units","0","v13","8","1129547","","","","0"
"1996-01-01","Manitoba","2021A000246","Persons","249","units","0","v13","8","1130288","","","","0"
"1996-04-01","Manitoba","2021A000246","Persons","249","units","0","v13","8","1132025","","","","0"
"1996-07-01","Manitoba","2021A000246","Persons","249","units","0","v13","8","1134196","","","","0"
"1996-10-01","Manitoba","2021A000246","Persons","249","units","0","v13","8","1134619","","","","0"
"1997-01-01","Manitoba","2021A000246","Persons","249","units","0","v13","8","1134997","","","","0"
"1997-04-01","Manitoba","2021A000246","Persons","249","units","0","v13","8","1135846","","","","0"
"1997-07-01","Manitoba","2021A000246","Persons","249","units","0","v13","8","1136128","","","","0"
"1997-10-01","Manitoba","2021A000246","Persons","249","units","0","v13","8","1135649","","","","0"
"1998-01-01","Manitoba","2021A000246","Persons","249","units","0","v13","8","1135770","","","","0"
"1998-04-01","Manitoba","2021A000246","Persons","249","units","0","v13","8","1136177","","","","0"
"1998-07-01","Manitoba","2021A000246","Persons","249","units","0","v13","8","1137489","","","","0"
"1998-10-01","Manitoba","2021A000246","Persons","249","units","0","v13","8","1138328","","","","0"
"1999-01-01","Manitoba","2021A000246","Persons","249","units","0","v13","8","1138946","","","","0"
"1999-04-01","Manitoba","2021A000246","Persons","249","units","0","v13","8","1140502","","","","0"
"1999-07-01","Manitoba","2021A000246","Persons","249","units","0","v13","8","1142448","","","","0"
"1999-10-01","Manitoba","2021A000246","Persons","249","units","0","v13","8","1143618","","","","0"
"2000-01-01","Manitoba","2021A000246","Persons","249","units","0","v13","8","1144428","","","","0"
"2000-04-01","Manitoba","2021A000246","Persons","249","units","0","v13","8","1145873","","","","0"
"2000-07-01","Manitoba","2021A000246","Persons","249","units","0","v13","8","1147313","","","","0"
"2000-10-01","Manitoba","2021A000246","Persons","249","units","0","v13","8","1148183","","","","0"
"2001-01-01","Manitoba","2021A000246","Persons","249","units","0","v13","8","1148456","","","","0"
"2001-04-01","Manitoba","2021A000246","Persons","249","units","0","v13","8","1149684","","","","0"
"2001-07-01","Manitoba","2021A000246","Persons","249","units","0","v13","8","1151451","","","","0"
"2001-10-01","Manitoba","2021A000246","Persons","249","units","0","v13","8","1152144","","","","0"
"2002-01-01","Manitoba","2021A000246","Persons","249","units","0","v13","8","1152828","","","","0"
"2002-04-01","Manitoba","2021A000246","Persons","249","units","0","v13","8","1154728","","","","0"
"2002-07-01","Manitoba","2021A000246","Persons","249","units","0","v13","8","1156673","","","","0"
"2002-10-01","Manitoba","2021A000246","Persons","249","units","0","v13","8","1157289","","","","0"
"2003-01-01","Manitoba","2021A000246","Persons","249","units","0","v13","8","1158358","","","","0"
"2003-04-01","Manitoba","2021A000246","Persons","249","units","0","v13","8","1160853","","","","0"
"2003-07-01","Manitoba","2021A000246","Persons","249","units","0","v13","8","1163585","","","","0"
"2003-10-01","Manitoba","2021A000246","Persons","249","units","0","v13","8","1165518","","","","0"
"2004-01-01","Manitoba","2021A000246","Persons","249","units","0","v13","8","1167643","","","","0"
"2004-04-01","Manitoba","2021A000246","Persons","249","units","0","v13","8","1170336","","","","0"
"2004-07-01","Manitoba","2021A000246","Persons","249","units","0","v13","8","1173228","","","","0"
"2004-10-01","Manitoba","2021A000246","Persons","249","units","0","v13","8","1174667","","","","0"
"2005-01-01","Manitoba","2021A000246","Persons","249","units","0","v13","8","1176047","","","","0"
"2005-04-01","Manitoba","2021A000246","Persons","249","units","0","v13","8","1177285","","","","0"
"2005-07-01","Manitoba","2021A000246","Persons","249","units","0","v13","8","1178262","","","","0"
"2005-10-01","Manitoba","2021A000246","Persons","249","units","0","v13","8","1179082","","","","0"
"2006-01-01","Manitoba","2021A000246","Persons","249","units","0","v13","8","1179916","","","","0"
"2006-04-01","Manitoba","2021A000246","Persons","249","units","0","v13","8","1181632","","","","0"
"2006-07-01","Manitoba","2021A000246","Persons","249","units","0","v13","8","1183560","","","","0"
"2006-10-01","Manitoba","2021A000246","Persons","249","units","0","v13","8","1183975","","","","0"
"2007-01-01","Manitoba","2021A000246","Persons","249","units","0","v13","8","1184495","","","","0"
"2007-04-01","Manitoba","2021A000246","Persons","249","units","0","v13","8","1186421","","","","0"
"2007-07-01","Manitoba","2021A000246","Persons","249","units","0","v13","8","1189446","","","","0"
"2007-10-01","Manitoba","2021A000246","Persons","249","units","0","v13","8","1191684","","","","0"
"2008-01-01","Manitoba","2021A000246","Persons","249","units","0","v13","8","1193396","","","","0"
"2008-04-01","Manitoba","2021A000246","Persons","249","units","0","v13","8","1194653","","","","0"
"2008-07-01","Manitoba","2021A000246","Persons","249","units","0","v13","8","1197767","","","","0"
"2008-10-01","Manitoba","2021A000246","Persons","249","units","0","v13","8","1199551","","","","0"
"2009-01-01","Manitoba","2021A000246","Persons","249","units","0","v13","8","1201705","","","","0"
"2009-04-01","Manitoba","2021A000246","Persons","249","units","0","v13","8","1204013","","","","0"
"2009-07-01","Manitoba","2021A000246","Persons","249","units","0","v13","8","1208555","","","","0"
"2009-10-01","Manitoba","2021A000246","Persons","249","units","0","v13","8","1211881","","","","0"
"2010-01-01","Manitoba","2021A000246","Persons","249","units","0","v13","8","1213941","","","","0"
"2010-04-01","Manitoba","2021A000246","Persons","249","units","0","v13","8","1216618","","","","0"
"2010-07-01","Manitoba","2021A000246","Persons","249","units","0","v13","8","1220782","","","","0"
"2010-10-01","Manitoba","2021A000246","Persons","249","units","0","v13","8","1224663","","","","0"
"2011-01-01","Manitoba","2021A000246","Persons","249","units","0","v13","8","1227210","","","","0"
"2011-04-01","Manitoba","2021A000246","Persons","249","units","0","v13","8","1229058","","","","0"
"2011-07-01","Manitoba","2021A000246","Persons","249","units","0","v13","8","1233353","","","","0"
"2011-10-01","Manitoba","2021A000246","Persons","249","units","0","v13","8","1237390","","","","0"
"2012-01-01","Manitoba","2021A000246","Persons","249","units","0","v13","8","1241417","","","","0"
"2012-04-01","Manitoba","2021A000246","Persons","249","units","0","v13","8","1244884","","","","0"
"2012-07-01","Manitoba","2021A000246","Persons","249","units","0","v13","8","1249094","","","","0"
"2012-10-01","Manitoba","2021A000246","Persons","249","units","0","v13","8","1253210","","","","0"
"2013-01-01","Manitoba","2021A000246","Persons","249","units","0","v13","8","1256879","","","","0"
"2013-04-01","Manitoba","2021A000246","Persons","249","units","0","v13","8","1259693","","","","0"
"2013-07-01","Manitoba","2021A000246","Persons","249","units","0","v13","8","1263393","","","","0"
"2013-10-01","Manitoba","2021A000246","Persons","249","units","0","v13","8","1267105","","","","0"
"2014-01-01","Manitoba","2021A000246","Persons","249","units","0","v13","8","1270153","","","","0"
"2014-04-01","Manitoba","2021A000246","Persons","249","units","0","v13","8","1272914","","","","0"
"2014-07-01","Manitoba","2021A000246","Persons","249","units","0","v13","8","1277425","","","","0"
"2014-10-01","Manitoba","2021A000246","Persons","249","units","0","v13","8","1281690","","","","0"
"2015-01-01","Manitoba","2021A000246","Persons","249","units","0","v13","8","1284693","","","","0"
"2015-04-01","Manitoba","2021A000246","Persons","249","units","0","v13","8","1286250","","","","0"
"2015-07-01","Manitoba","2021A000246","Persons","249","units","0","v13","8","1293598","","","","0"
"2015-10-01","Manitoba","2021A000246","Persons","249","units","0","v13","8","1298120","","","","0"
"2016-01-01","Manitoba","2021A000246","Persons","249","units","0","v13","8","1302938","","","","0"
"2016-04-01","Manitoba","2021A000246","Persons","249","units","0","v13","8","1307797","","","","0"
"2016-07-01","Manitoba","2021A000246","Persons","249","units","0","v13","8","1314140","","","","0"
"2016-10-01","Manitoba","2021A000246","Persons","249","units","0","v13","8","1319800","","","","0"
"2017-01-01","Manitoba","2021A000246","Persons","249","units","0","v13","8","1324044","","","","0"
"2017-04-01","Manitoba","2021A000246","Persons","249","units","0","v13","8","1328337","","","","0"
"2017-07-01","Manitoba","2021A000246","Persons","249","units","0","v13","8","1334734","","","","0"
"2017-10-01","Manitoba","2021A000246","Persons","249","units","0","v13","8","1340426","","","","0"
"2018-01-01","Manitoba","2021A000246","Persons","249","units","0","v13","8","1344198","","","","0"
"2018-04-01","Manitoba","2021A000246","Persons","249","units","0","v13","8","1346916","","","","0"
"2018-07-01","Manitoba","2021A000246","Persons","249","units","0","v13","8","1352687","","","","0"
"2018-10-01","Manitoba","2021A000246","Persons","249","units","0","v13","8","1357856","","","","0"
"2019-01-01","Manitoba","2021A000246","Persons","249","units","0","v13","8","1361737","","","","0"
"2019-04-01","Manitoba","2021A000246","Persons","249","units","0","v13","8","1364666","","","","0"
"2019-07-01","Manitoba","2021A000246","Persons","249","units","0","v13","8","1370033","","","","0"
"2019-10-01","Manitoba","2021A000246","Persons","249","units","0","v13","8","1373884","","","","0"
"2020-01-01","Manitoba","2021A000246","Persons","249","units","0","v13","8","1377283","","","","0"
"2020-04-01","Manitoba","2021A000246","Persons","249","units","0","v13","8","1379280","","","","0"
"2020-07-01","Manitoba","2021A000246","Persons","249","units","0","v13","8","1380132","","","","0"
"2020-10-01","Manitoba","2021A000246","Persons","249","units","0","v13","8","1381809","","","","0"
"2021-01-01","Manitoba","2021A000246","Persons","249","units","0","v13","8","1383854","","","","0"
"2021-04-01","Manitoba","2021A000246","Persons","249","units","0","v13","8","1388611","","","","0"
"2021-07-01","Manitoba","2021A000246","Persons","249","units","0","v13","8","1391924","","","","0"
"2021-10-01","Manitoba","2021A000246","Persons","249","units","0","v13","8","1396406","","","","0"
"2022-01-01","Manitoba","2021A000246","Persons","249","units","0","v13","8","1399737","","","","0"
"2022-04-01","Manitoba","2021A000246","Persons","249","units","0","v13","8","1404046","","","","0"
"2022-07-01","Manitoba","2021A000246","Persons","249","units","0","v13","8","1413346","","","","0"
"2022-10-01","Manitoba","2021A000246","Persons","249","units","0","v13","8","1423845","","","","0"
"2023-01-01","Manitoba","2021A000246","Persons","249","units","0","v13","8","1431771","","","","0"
"2023-04-01","Manitoba","2021A000246","Persons","249","units","0","v13","8","1441680","","","","0"
"2023-07-01","Manitoba","2021A000246","Persons","249","units","0","v13","8","1452054","","","","0"
"2023-10-01","Manitoba","2021A000246","Persons","249","units","0","v13","8","1460624","","","","0"
"2024-01-01","Manitoba","2021A000246","Persons","249","units","0","v13","8","1468946","","","","0"
"2024-04-01","Manitoba","2021A000246","Persons","249","units","0","v13","8","1479792","","","","0"
"2024-07-01","Manitoba","2021A000246","Persons","249","units","0","v13","8","1487953","","","","0"
"2024-10-01","Manitoba","2021A000246","Persons","249","units","0","v13","8","1495180","","","","0"
"2025-01-01","Manitoba","2021A000246","Persons","249","units","0","v13","8","1499649","","","","0"
"2025-04-01","Manitoba","2021A000246","Persons","249","units","0","v13","8","1503773","","","","0"
"2025-07-01","Manitoba","2021A000246","Persons","249","units","0","v13","8","1508582","","","","0"
"2025-10-01","Manitoba","2021A000246","Persons","249","units","0","v13","8","1512567","","","","0"
"2026-01-01","Manitoba","2021A000246","Persons","249","units","0","v13","8","1514362","","","","0"
"2026-04-01","Manitoba","2021A000246","Persons","249","units","0","v13","8","1514157","","","","0"
"2026-07-01","Manitoba","2021A000246","Persons","249","units","0","v13","8","1517379","","","","0"
"1951-07-01","Saskatchewan","2021A000247","Persons","249","units","0","v14","9","834000","","","","0"
"1951-10-01","Saskatchewan","2021A000247","Persons","249","units","0","v14","9","836000","","","","0"
"1952-01-01","Saskatchewan","2021A000247","Persons","249","units","0","v14","9","836000","","","","0"
"1952-04-01","Saskatchewan","2021A000247","Persons","249","units","0","v14","9","838000","","","","0"
"1952-07-01","Saskatchewan","2021A000247","Persons","249","units","0","v14","9","845000","","","","0"
"1952-10-01","Saskatchewan","2021A000247","Persons","249","units","0","v14","9","850000","","","","0"
"1953-01-01","Saskatchewan","2021A000247","Persons","249","units","0","v14","9","852000","","","","0"
"1953-04-01","Saskatchewan","2021A000247","Persons","249","units","0","v14","9","855000","","","","0"
"1953-07-01","Saskatchewan","2021A000247","Persons","249","units","0","v14","9","863000","","","","0"
"1953-10-01","Saskatchewan","2021A000247","Persons","249","units","0","v14","9","866000","","","","0"
"1954-01-01","Saskatchewan","2021A000247","Persons","249","units","0","v14","9","867000","","","","0"
"1954-04-01","Saskatchewan","2021A000247","Persons","249","units","0","v14","9","869000","","","","0"
"1954-07-01","Saskatchewan","2021A000247","Persons","249","units","0","v14","9","874000","","","","0"
"1954-10-01","Saskatchewan","2021A000247","Persons","249","units","0","v14","9","877000","","","","0"
"1955-01-01","Saskatchewan","2021A000247","Persons","249","units","0","v14","9","877000","","","","0"
"1955-04-01","Saskatchewan","2021A000247","Persons","249","units","0","v14","9","877000","","","","0"
"1955-07-01","Saskatchewan","2021A000247","Persons","249","units","0","v14","9","879000","","","","0"
"1955-10-01","Saskatchewan","2021A000247","Persons","249","units","0","v14","9","880000","","","","0"
"1956-01-01","Saskatchewan","2021A000247","Persons","249","units","0","v14","9","879000","","","","0"
"1956-04-01","Saskatchewan","2021A000247","Persons","249","units","0","v14","9","879000","","","","0"
"1956-07-01","Saskatchewan","2021A000247","Persons","249","units","0","v14","9","881000","","","","0"
"1956-10-01","Saskatchewan","2021A000247","Persons","249","units","0","v14","9","880000","","","","0"
"1957-01-01","Saskatchewan","2021A000247","Persons","249","units","0","v14","9","874000","","","","0"
"1957-04-01","Saskatchewan","2021A000247","Persons","249","units","0","v14","9","875000","","","","0"
"1957-07-01","Saskatchewan","2021A000247","Persons","249","units","0","v14","9","882000","","","","0"
"1957-10-01","Saskatchewan","2021A000247","Persons","249","units","0","v14","9","884000","","","","0"
"1958-01-01","Saskatchewan","2021A000247","Persons","249","units","0","v14","9","884000","","","","0"
"1958-04-01","Saskatchewan","2021A000247","Persons","249","units","0","v14","9","888000","","","","0"
"1958-07-01","Saskatchewan","2021A000247","Persons","249","units","0","v14","9","894000","","","","0"
"1958-10-01","Saskatchewan","2021A000247","Persons","249","units","0","v14","9","898000","","","","0"
"1959-01-01","Saskatchewan","2021A000247","Persons","249","units","0","v14","9","900000","","","","0"
"1959-04-01","Saskatchewan","2021A000247","Persons","249","units","0","v14","9","903000","","","","0"
"1959-07-01","Saskatchewan","2021A000247","Persons","249","units","0","v14","9","908000","","","","0"
"1959-10-01","Saskatchewan","2021A000247","Persons","249","units","0","v14","9","912000","","","","0"
"1960-01-01","Saskatchewan","2021A000247","Persons","249","units","0","v14","9","911000","","","","0"
"1960-04-01","Saskatchewan","2021A000247","Persons","249","units","0","v14","9","912000","","","","0"
"1960-07-01","Saskatchewan","2021A000247","Persons","249","units","0","v14","9","916000","","","","0"
"1960-10-01","Saskatchewan","2021A000247","Persons","249","units","0","v14","9","918000","","","","0"
"1961-01-01","Saskatchewan","2021A000247","Persons","249","units","0","v14","9","919000","","","","0"
"1961-04-01","Saskatchewan","2021A000247","Persons","249","units","0","v14","9","922000","","","","0"
"1961-07-01","Saskatchewan","2021A000247","Persons","249","units","0","v14","9","926000","","","","0"
"1961-10-01","Saskatchewan","2021A000247","Persons","249","units","0","v14","9","929000","","","","0"
"1962-01-01","Saskatchewan","2021A000247","Persons","249","units","0","v14","9","927000","","","","0"
"1962-04-01","Saskatchewan","2021A000247","Persons","249","units","0","v14","9","928000","","","","0"
"1962-07-01","Saskatchewan","2021A000247","Persons","249","units","0","v14","9","931000","","","","0"
"1962-10-01","Saskatchewan","2021A000247","Persons","249","units","0","v14","9","931000","","","","0"
"1963-01-01","Saskatchewan","2021A000247","Persons","249","units","0","v14","9","928000","","","","0"
"1963-04-01","Saskatchewan","2021A000247","Persons","249","units","0","v14","9","930000","","","","0"
"1963-07-01","Saskatchewan","2021A000247","Persons","249","units","0","v14","9","933000","","","","0"
"1963-10-01","Saskatchewan","2021A000247","Persons","249","units","0","v14","9","935000","","","","0"
"1964-01-01","Saskatchewan","2021A000247","Persons","249","units","0","v14","9","936000","","","","0"
"1964-04-01","Saskatchewan","2021A000247","Persons","249","units","0","v14","9","939000","","","","0"
"1964-07-01","Saskatchewan","2021A000247","Persons","249","units","0","v14","9","943000","","","","0"
"1964-10-01","Saskatchewan","2021A000247","Persons","249","units","0","v14","9","946000","","","","0"
"1965-01-01","Saskatchewan","2021A000247","Persons","249","units","0","v14","9","946000","","","","0"
"1965-04-01","Saskatchewan","2021A000247","Persons","249","units","0","v14","9","948000","","","","0"
"1965-07-01","Saskatchewan","2021A000247","Persons","249","units","0","v14","9","951000","","","","0"
"1965-10-01","Saskatchewan","2021A000247","Persons","249","units","0","v14","9","953000","","","","0"
"1966-01-01","Saskatchewan","2021A000247","Persons","249","units","0","v14","9","952000","","","","0"
"1966-04-01","Saskatchewan","2021A000247","Persons","249","units","0","v14","9","954000","","","","0"
"1966-07-01","Saskatchewan","2021A000247","Persons","249","units","0","v14","9","956000","","","","0"
"1966-10-01","Saskatchewan","2021A000247","Persons","249","units","0","v14","9","957000","","","","0"
"1967-01-01","Saskatchewan","2021A000247","Persons","249","units","0","v14","9","955000","","","","0"
"1967-04-01","Saskatchewan","2021A000247","Persons","249","units","0","v14","9","955000","","","","0"
"1967-07-01","Saskatchewan","2021A000247","Persons","249","units","0","v14","9","958000","","","","0"
"1967-10-01","Saskatchewan","2021A000247","Persons","249","units","0","v14","9","959000","","","","0"
"1968-01-01","Saskatchewan","2021A000247","Persons","249","units","0","v14","9","957000","","","","0"
"1968-04-01","Saskatchewan","2021A000247","Persons","249","units","0","v14","9","959000","","","","0"
"1968-07-01","Saskatchewan","2021A000247","Persons","249","units","0","v14","9","961000","","","","0"
"1968-10-01","Saskatchewan","2021A000247","Persons","249","units","0","v14","9","962000","","","","0"
"1969-01-01","Saskatchewan","2021A000247","Persons","249","units","0","v14","9","959000","","","","0"
"1969-04-01","Saskatchewan","2021A000247","Persons","249","units","0","v14","9","959000","","","","0"
"1969-07-01","Saskatchewan","2021A000247","Persons","249","units","0","v14","9","958000","","","","0"
"1969-10-01","Saskatchewan","2021A000247","Persons","249","units","0","v14","9","955000","","","","0"
"1970-01-01","Saskatchewan","2021A000247","Persons","249","units","0","v14","9","948000","","","","0"
"1970-04-01","Saskatchewan","2021A000247","Persons","249","units","0","v14","9","942000","","","","0"
"1970-07-01","Saskatchewan","2021A000247","Persons","249","units","0","v14","9","940000","","","","0"
"1970-10-01","Saskatchewan","2021A000247","Persons","249","units","0","v14","9","933000","","","","0"
"1971-01-01","Saskatchewan","2021A000247","Persons","249","units","0","v14","9","927000","","","","0"
"1971-04-01","Saskatchewan","2021A000247","Persons","249","units","0","v14","9","926000","","","","0"
"1971-07-01","Saskatchewan","2021A000247","Persons","249","units","0","v14","9","932038","","","","0"
"1971-10-01","Saskatchewan","2021A000247","Persons","249","units","0","v14","9","928061","","","","0"
"1972-01-01","Saskatchewan","2021A000247","Persons","249","units","0","v14","9","923123","","","","0"
"1972-04-01","Saskatchewan","2021A000247","Persons","249","units","0","v14","9","921306","","","","0"
"1972-07-01","Saskatchewan","2021A000247","Persons","249","units","0","v14","9","920780","","","","0"
"1972-10-01","Saskatchewan","2021A000247","Persons","249","units","0","v14","9","916659","","","","0"
"1973-01-01","Saskatchewan","2021A000247","Persons","249","units","0","v14","9","913591","","","","0"
"1973-04-01","Saskatchewan","2021A000247","Persons","249","units","0","v14","9","912191","","","","0"
"1973-07-01","Saskatchewan","2021A000247","Persons","249","units","0","v14","9","911937","","","","0"
"1973-10-01","Saskatchewan","2021A000247","Persons","249","units","0","v14","9","908856","","","","0"
"1974-01-01","Saskatchewan","2021A000247","Persons","249","units","0","v14","9","907546","","","","0"
"1974-04-01","Saskatchewan","2021A000247","Persons","249","units","0","v14","9","907748","","","","0"
"1974-07-01","Saskatchewan","2021A000247","Persons","249","units","0","v14","9","908457","","","","0"
"1974-10-01","Saskatchewan","2021A000247","Persons","249","units","0","v14","9","908714","","","","0"
"1975-01-01","Saskatchewan","2021A000247","Persons","249","units","0","v14","9","910276","","","","0"
"1975-04-01","Saskatchewan","2021A000247","Persons","249","units","0","v14","9","913118","","","","0"
"1975-07-01","Saskatchewan","2021A000247","Persons","249","units","0","v14","9","917415","","","","0"
"1975-10-01","Saskatchewan","2021A000247","Persons","249","units","0","v14","9","922468","","","","0"
"1976-01-01","Saskatchewan","2021A000247","Persons","249","units","0","v14","9","925570","","","","0"
"1976-04-01","Saskatchewan","2021A000247","Persons","249","units","0","v14","9","928697","","","","0"
"1976-07-01","Saskatchewan","2021A000247","Persons","249","units","0","v14","9","931612","","","","0"
"1976-10-01","Saskatchewan","2021A000247","Persons","249","units","0","v14","9","936235","","","","0"
"1977-01-01","Saskatchewan","2021A000247","Persons","249","units","0","v14","9","938455","","","","0"
"1977-04-01","Saskatchewan","2021A000247","Persons","249","units","0","v14","9","941297","","","","0"
"1977-07-01","Saskatchewan","2021A000247","Persons","249","units","0","v14","9","944621","","","","0"
"1977-10-01","Saskatchewan","2021A000247","Persons","249","units","0","v14","9","947400","","","","0"
"1978-01-01","Saskatchewan","2021A000247","Persons","249","units","0","v14","9","948753","","","","0"
"1978-04-01","Saskatchewan","2021A000247","Persons","249","units","0","v14","9","950365","","","","0"
"1978-07-01","Saskatchewan","2021A000247","Persons","249","units","0","v14","9","952430","","","","0"
"1978-10-01","Saskatchewan","2021A000247","Persons","249","units","0","v14","9","954473","","","","0"
"1979-01-01","Saskatchewan","2021A000247","Persons","249","units","0","v14","9","955552","","","","0"
"1979-04-01","Saskatchewan","2021A000247","Persons","249","units","0","v14","9","957375","","","","0"
"1979-07-01","Saskatchewan","2021A000247","Persons","249","units","0","v14","9","959735","","","","0"
"1979-10-01","Saskatchewan","2021A000247","Persons","249","units","0","v14","9","961723","","","","0"
"1980-01-01","Saskatchewan","2021A000247","Persons","249","units","0","v14","9","963231","","","","0"
"1980-04-01","Saskatchewan","2021A000247","Persons","249","units","0","v14","9","965215","","","","0"
"1980-07-01","Saskatchewan","2021A000247","Persons","249","units","0","v14","9","967548","","","","0"
"1980-10-01","Saskatchewan","2021A000247","Persons","249","units","0","v14","9","970183","","","","0"
"1981-01-01","Saskatchewan","2021A000247","Persons","249","units","0","v14","9","971544","","","","0"
"1981-04-01","Saskatchewan","2021A000247","Persons","249","units","0","v14","9","973372","","","","0"
"1981-07-01","Saskatchewan","2021A000247","Persons","249","units","0","v14","9","975759","","","","0"
"1981-10-01","Saskatchewan","2021A000247","Persons","249","units","0","v14","9","979469","","","","0"
"1982-01-01","Saskatchewan","2021A000247","Persons","249","units","0","v14","9","981559","","","","0"
"1982-04-01","Saskatchewan","2021A000247","Persons","249","units","0","v14","9","983744","","","","0"
"1982-07-01","Saskatchewan","2021A000247","Persons","249","units","0","v14","9","986582","","","","0"
"1982-10-01","Saskatchewan","2021A000247","Persons","249","units","0","v14","9","991621","","","","0"
"1983-01-01","Saskatchewan","2021A000247","Persons","249","units","0","v14","9","993810","","","","0"
"1983-04-01","Saskatchewan","2021A000247","Persons","249","units","0","v14","9","997100","","","","0"
"1983-07-01","Saskatchewan","2021A000247","Persons","249","units","0","v14","9","1001249","","","","0"
"1983-10-01","Saskatchewan","2021A000247","Persons","249","units","0","v14","9","1005175","","","","0"
"1984-01-01","Saskatchewan","2021A000247","Persons","249","units","0","v14","9","1007484","","","","0"
"1984-04-01","Saskatchewan","2021A000247","Persons","249","units","0","v14","9","1010840","","","","0"
"1984-07-01","Saskatchewan","2021A000247","Persons","249","units","0","v14","9","1014615","","","","0"
"1984-10-01","Saskatchewan","2021A000247","Persons","249","units","0","v14","9","1018785","","","","0"
"1985-01-01","Saskatchewan","2021A000247","Persons","249","units","0","v14","9","1020040","","","","0"
"1985-04-01","Saskatchewan","2021A000247","Persons","249","units","0","v14","9","1021914","","","","0"
"1985-07-01","Saskatchewan","2021A000247","Persons","249","units","0","v14","9","1024928","","","","0"
"1985-10-01","Saskatchewan","2021A000247","Persons","249","units","0","v14","9","1027418","","","","0"
"1986-01-01","Saskatchewan","2021A000247","Persons","249","units","0","v14","9","1027137","","","","0"
"1986-04-01","Saskatchewan","2021A000247","Persons","249","units","0","v14","9","1027812","","","","0"
"1986-07-01","Saskatchewan","2021A000247","Persons","249","units","0","v14","9","1028717","","","","0"
"1986-10-01","Saskatchewan","2021A000247","Persons","249","units","0","v14","9","1029554","","","","0"
"1987-01-01","Saskatchewan","2021A000247","Persons","249","units","0","v14","9","1029639","","","","0"
"1987-04-01","Saskatchewan","2021A000247","Persons","249","units","0","v14","9","1031336","","","","0"
"1987-07-01","Saskatchewan","2021A000247","Persons","249","units","0","v14","9","1032799","","","","0"
"1987-10-01","Saskatchewan","2021A000247","Persons","249","units","0","v14","9","1031995","","","","0"
"1988-01-01","Saskatchewan","2021A000247","Persons","249","units","0","v14","9","1029527","","","","0"
"1988-04-01","Saskatchewan","2021A000247","Persons","249","units","0","v14","9","1028590","","","","0"
"1988-07-01","Saskatchewan","2021A000247","Persons","249","units","0","v14","9","1028225","","","","0"
"1988-10-01","Saskatchewan","2021A000247","Persons","249","units","0","v14","9","1025453","","","","0"
"1989-01-01","Saskatchewan","2021A000247","Persons","249","units","0","v14","9","1021497","","","","0"
"1989-04-01","Saskatchewan","2021A000247","Persons","249","units","0","v14","9","1020302","","","","0"
"1989-07-01","Saskatchewan","2021A000247","Persons","249","units","0","v14","9","1019439","","","","0"
"1989-10-01","Saskatchewan","2021A000247","Persons","249","units","0","v14","9","1016043","","","","0"
"1990-01-01","Saskatchewan","2021A000247","Persons","249","units","0","v14","9","1011429","","","","0"
"1990-04-01","Saskatchewan","2021A000247","Persons","249","units","0","v14","9","1009952","","","","0"
"1990-07-01","Saskatchewan","2021A000247","Persons","249","units","0","v14","9","1007727","","","","0"
"1990-10-01","Saskatchewan","2021A000247","Persons","249","units","0","v14","9","1004214","","","","0"
"1991-01-01","Saskatchewan","2021A000247","Persons","249","units","0","v14","9","1002651","","","","0"
"1991-04-01","Saskatchewan","2021A000247","Persons","249","units","0","v14","9","1002876","","","","0"
"1991-07-01","Saskatchewan","2021A000247","Persons","249","units","0","v14","9","1002713","","","","0"
"1991-10-01","Saskatchewan","2021A000247","Persons","249","units","0","v14","9","1000942","","","","0"
"1992-01-01","Saskatchewan","2021A000247","Persons","249","units","0","v14","9","1001136","","","","0"
"1992-04-01","Saskatchewan","2021A000247","Persons","249","units","0","v14","9","1002831","","","","0"
"1992-07-01","Saskatchewan","2021A000247","Persons","249","units","0","v14","9","1003995","","","","0"
"1992-10-01","Saskatchewan","2021A000247","Persons","249","units","0","v14","9","1002960","","","","0"
"1993-01-01","Saskatchewan","2021A000247","Persons","249","units","0","v14","9","1003443","","","","0"
"1993-04-01","Saskatchewan","2021A000247","Persons","249","units","0","v14","9","1005037","","","","0"
"1993-07-01","Saskatchewan","2021A000247","Persons","249","units","0","v14","9","1006900","","","","0"
"1993-10-01","Saskatchewan","2021A000247","Persons","249","units","0","v14","9","1007016","","","","0"
"1994-01-01","Saskatchewan","2021A000247","Persons","249","units","0","v14","9","1007554","","","","0"
"1994-04-01","Saskatchewan","2021A000247","Persons","249","units","0","v14","9","1008540","","","","0"
"1994-07-01","Saskatchewan","2021A000247","Persons","249","units","0","v14","9","1009575","","","","0"
"1994-10-01","Saskatchewan","2021A000247","Persons","249","units","0","v14","9","1010784","","","","0"
"1995-01-01","Saskatchewan","2021A000247","Persons","249","units","0","v14","9","1011784","","","","0"
"1995-04-01","Saskatchewan","2021A000247","Persons","249","units","0","v14","9","1012795","","","","0"
"1995-07-01","Saskatchewan","2021A000247","Persons","249","units","0","v14","9","1014187","","","","0"
"1995-10-01","Saskatchewan","2021A000247","Persons","249","units","0","v14","9","1015349","","","","0"
"1996-01-01","Saskatchewan","2021A000247","Persons","249","units","0","v14","9","1016198","","","","0"
"1996-04-01","Saskatchewan","2021A000247","Persons","249","units","0","v14","9","1017872","","","","0"
"1996-07-01","Saskatchewan","2021A000247","Persons","249","units","0","v14","9","1018945","","","","0"
"1996-10-01","Saskatchewan","2021A000247","Persons","249","units","0","v14","9","1019408","","","","0"
"1997-01-01","Saskatchewan","2021A000247","Persons","249","units","0","v14","9","1018326","","","","0"
"1997-04-01","Saskatchewan","2021A000247","Persons","249","units","0","v14","9","1017683","","","","0"
"1997-07-01","Saskatchewan","2021A000247","Persons","249","units","0","v14","9","1017902","","","","0"
"1997-10-01","Saskatchewan","2021A000247","Persons","249","units","0","v14","9","1017426","","","","0"
"1998-01-01","Saskatchewan","2021A000247","Persons","249","units","0","v14","9","1017504","","","","0"
"1998-04-01","Saskatchewan","2021A000247","Persons","249","units","0","v14","9","1017105","","","","0"
"1998-07-01","Saskatchewan","2021A000247","Persons","249","units","0","v14","9","1017332","","","","0"
"1998-10-01","Saskatchewan","2021A000247","Persons","249","units","0","v14","9","1017748","","","","0"
"1999-01-01","Saskatchewan","2021A000247","Persons","249","units","0","v14","9","1016883","","","","0"
"1999-04-01","Saskatchewan","2021A000247","Persons","249","units","0","v14","9","1015716","","","","0"
"1999-07-01","Saskatchewan","2021A000247","Persons","249","units","0","v14","9","1014524","","","","0"
"1999-10-01","Saskatchewan","2021A000247","Persons","249","units","0","v14","9","1012582","","","","0"
"2000-01-01","Saskatchewan","2021A000247","Persons","249","units","0","v14","9","1011141","","","","0"
"2000-04-01","Saskatchewan","2021A000247","Persons","249","units","0","v14","9","1009177","","","","0"
"2000-07-01","Saskatchewan","2021A000247","Persons","249","units","0","v14","9","1007565","","","","0"
"2000-10-01","Saskatchewan","2021A000247","Persons","249","units","0","v14","9","1006027","","","","0"
"2001-01-01","Saskatchewan","2021A000247","Persons","249","units","0","v14","9","1003469","","","","0"
"2001-04-01","Saskatchewan","2021A000247","Persons","249","units","0","v14","9","1001643","","","","0"
"2001-07-01","Saskatchewan","2021A000247","Persons","249","units","0","v14","9","1000307","","","","0"
"2001-10-01","Saskatchewan","2021A000247","Persons","249","units","0","v14","9","999241","","","","0"
"2002-01-01","Saskatchewan","2021A000247","Persons","249","units","0","v14","9","998742","","","","0"
"2002-04-01","Saskatchewan","2021A000247","Persons","249","units","0","v14","9","997792","","","","0"
"2002-07-01","Saskatchewan","2021A000247","Persons","249","units","0","v14","9","996854","","","","0"
"2002-10-01","Saskatchewan","2021A000247","Persons","249","units","0","v14","9","996324","","","","0"
"2003-01-01","Saskatchewan","2021A000247","Persons","249","units","0","v14","9","996286","","","","0"
"2003-04-01","Saskatchewan","2021A000247","Persons","249","units","0","v14","9","995785","","","","0"
"2003-07-01","Saskatchewan","2021A000247","Persons","249","units","0","v14","9","996422","","","","0"
"2003-10-01","Saskatchewan","2021A000247","Persons","249","units","0","v14","9","996585","","","","0"
"2004-01-01","Saskatchewan","2021A000247","Persons","249","units","0","v14","9","996586","","","","0"
"2004-04-01","Saskatchewan","2021A000247","Persons","249","units","0","v14","9","997106","","","","0"
"2004-07-01","Saskatchewan","2021A000247","Persons","249","units","0","v14","9","997305","","","","0"
"2004-10-01","Saskatchewan","2021A000247","Persons","249","units","0","v14","9","997010","","","","0"
"2005-01-01","Saskatchewan","2021A000247","Persons","249","units","0","v14","9","995914","","","","0"
"2005-04-01","Saskatchewan","2021A000247","Persons","249","units","0","v14","9","994902","","","","0"
"2005-07-01","Saskatchewan","2021A000247","Persons","249","units","0","v14","9","993510","","","","0"
"2005-10-01","Saskatchewan","2021A000247","Persons","249","units","0","v14","9","993299","","","","0"
"2006-01-01","Saskatchewan","2021A000247","Persons","249","units","0","v14","9","992246","","","","0"
"2006-04-01","Saskatchewan","2021A000247","Persons","249","units","0","v14","9","991231","","","","0"
"2006-07-01","Saskatchewan","2021A000247","Persons","249","units","0","v14","9","992313","","","","0"
"2006-10-01","Saskatchewan","2021A000247","Persons","249","units","0","v14","9","993359","","","","0"
"2007-01-01","Saskatchewan","2021A000247","Persons","249","units","0","v14","9","995170","","","","0"
"2007-04-01","Saskatchewan","2021A000247","Persons","249","units","0","v14","9","997541","","","","0"
"2007-07-01","Saskatchewan","2021A000247","Persons","249","units","0","v14","9","1002074","","","","0"
"2007-10-01","Saskatchewan","2021A000247","Persons","249","units","0","v14","9","1007305","","","","0"
"2008-01-01","Saskatchewan","2021A000247","Persons","249","units","0","v14","9","1010279","","","","0"
"2008-04-01","Saskatchewan","2021A000247","Persons","249","units","0","v14","9","1013449","","","","0"
"2008-07-01","Saskatchewan","2021A000247","Persons","249","units","0","v14","9","1017368","","","","0"
"2008-10-01","Saskatchewan","2021A000247","Persons","249","units","0","v14","9","1022511","","","","0"
"2009-01-01","Saskatchewan","2021A000247","Persons","249","units","0","v14","9","1025946","","","","0"
"2009-04-01","Saskatchewan","2021A000247","Persons","249","units","0","v14","9","1029862","","","","0"
"2009-07-01","Saskatchewan","2021A000247","Persons","249","units","0","v14","9","1034791","","","","0"
"2009-10-01","Saskatchewan","2021A000247","Persons","249","units","0","v14","9","1039530","","","","0"
"2010-01-01","Saskatchewan","2021A000247","Persons","249","units","0","v14","9","1042936","","","","0"
"2010-04-01","Saskatchewan","2021A000247","Persons","249","units","0","v14","9","1046779","","","","0"
"2010-07-01","Saskatchewan","2021A000247","Persons","249","units","0","v14","9","1051426","","","","0"
"2010-10-01","Saskatchewan","2021A000247","Persons","249","units","0","v14","9","1056102","","","","0"
"2011-01-01","Saskatchewan","2021A000247","Persons","249","units","0","v14","9","1058969","","","","0"
"2011-04-01","Saskatchewan","2021A000247","Persons","249","units","0","v14","9","1061484","","","","0"
"2011-07-01","Saskatchewan","2021A000247","Persons","249","units","0","v14","9","1065661","","","","0"
"2011-10-01","Saskatchewan","2021A000247","Persons","249","units","0","v14","9","1069950","","","","0"
"2012-01-01","Saskatchewan","2021A000247","Persons","249","units","0","v14","9","1073565","","","","0"
"2012-04-01","Saskatchewan","2021A000247","Persons","249","units","0","v14","9","1077170","","","","0"
"2012-07-01","Saskatchewan","2021A000247","Persons","249","units","0","v14","9","1083005","","","","0"
"2012-10-01","Saskatchewan","2021A000247","Persons","249","units","0","v14","9","1088177","","","","0"
"2013-01-01","Saskatchewan","2021A000247","Persons","249","units","0","v14","9","1090738","","","","0"
"2013-04-01","Saskatchewan","2021A000247","Persons","249","units","0","v14","9","1093549","","","","0"
"2013-07-01","Saskatchewan","2021A000247","Persons","249","units","0","v14","9","1098868","","","","0"
"2013-10-01","Saskatchewan","2021A000247","Persons","249","units","0","v14","9","1102832","","","","0"
"2014-01-01","Saskatchewan","2021A000247","Persons","249","units","0","v14","9","1105444","","","","0"
"2014-04-01","Saskatchewan","2021A000247","Persons","249","units","0","v14","9","1108674","","","","0"
"2014-07-01","Saskatchewan","2021A000247","Persons","249","units","0","v14","9","1111989","","","","0"
"2014-10-01","Saskatchewan","2021A000247","Persons","249","units","0","v14","9","1115184","","","","0"
"2015-01-01","Saskatchewan","2021A000247","Persons","249","units","0","v14","9","1117137","","","","0"
"2015-04-01","Saskatchewan","2021A000247","Persons","249","units","0","v14","9","1117736","","","","0"
"2015-07-01","Saskatchewan","2021A000247","Persons","249","units","0","v14","9","1122210","","","","0"
"2015-10-01","Saskatchewan","2021A000247","Persons","249","units","0","v14","9","1125588","","","","0"
"2016-01-01","Saskatchewan","2021A000247","Persons","249","units","0","v14","9","1128160","","","","0"
"2016-04-01","Saskatchewan","2021A000247","Persons","249","units","0","v14","9","1131285","","","","0"
"2016-07-01","Saskatchewan","2021A000247","Persons","249","units","0","v14","9","1135496","","","","0"
"2016-10-01","Saskatchewan","2021A000247","Persons","249","units","0","v14","9","1139492","","","","0"
"2017-01-01","Saskatchewan","2021A000247","Persons","249","units","0","v14","9","1141537","","","","0"
"2017-04-01","Saskatchewan","2021A000247","Persons","249","units","0","v14","9","1143829","","","","0"
"2017-07-01","Saskatchewan","2021A000247","Persons","249","units","0","v14","9","1147315","","","","0"
"2017-10-01","Saskatchewan","2021A000247","Persons","249","units","0","v14","9","1151044","","","","0"
"2018-01-01","Saskatchewan","2021A000247","Persons","249","units","0","v14","9","1152366","","","","0"
"2018-04-01","Saskatchewan","2021A000247","Persons","249","units","0","v14","9","1153530","","","","0"
"2018-07-01","Saskatchewan","2021A000247","Persons","249","units","0","v14","9","1156210","","","","0"
"2018-10-01","Saskatchewan","2021A000247","Persons","249","units","0","v14","9","1159648","","","","0"
"2019-01-01","Saskatchewan","2021A000247","Persons","249","units","0","v14","9","1161529","","","","0"
"2019-04-01","Saskatchewan","2021A000247","Persons","249","units","0","v14","9","1161787","","","","0"
"2019-07-01","Saskatchewan","2021A000247","Persons","249","units","0","v14","9","1164223","","","","0"
"2019-10-01","Saskatchewan","2021A000247","Persons","249","units","0","v14","9","1167271","","","","0"
"2020-01-01","Saskatchewan","2021A000247","Persons","249","units","0","v14","9","1169426","","","","0"
"2020-04-01","Saskatchewan","2021A000247","Persons","249","units","0","v14","9","1169038","","","","0"
"2020-07-01","Saskatchewan","2021A000247","Persons","249","units","0","v14","9","1167386","","","","0"
"2020-10-01","Saskatchewan","2021A000247","Persons","249","units","0","v14","9","1165963","","","","0"
"2021-01-01","Saskatchewan","2021A000247","Persons","249","units","0","v14","9","1166348","","","","0"
"2021-04-01","Saskatchewan","2021A000247","Persons","249","units","0","v14","9","1167711","","","","0"
"2021-07-01","Saskatchewan","2021A000247","Persons","249","units","0","v14","9","1167711","","","","0"
"2021-10-01","Saskatchewan","2021A000247","Persons","249","units","0","v14","9","1168966","","","","0"
"2022-01-01","Saskatchewan","2021A000247","Persons","249","units","0","v14","9","1171110","","","","0"
"2022-04-01","Saskatchewan","2021A000247","Persons","249","units","0","v14","9","1173416","","","","0"
"2022-07-01","Saskatchewan","2021A000247","Persons","249","units","0","v14","9","1178761","","","","0"
"2022-10-01","Saskatchewan","2021A000247","Persons","249","units","0","v14","9","1188150","","","","0"
"2023-01-01","Saskatchewan","2021A000247","Persons","249","units","0","v14","9","1195268","","","","0"
"2023-04-01","Saskatchewan","2021A000247","Persons","249","units","0","v14","9","1200708","","","","0"
"2023-07-01","Saskatchewan","2021A000247","Persons","249","units","0","v14","9","1209273","","","","0"
"2023-10-01","Saskatchewan","2021A000247","Persons","249","units","0","v14","9","1220864","","","","0"
"2024-01-01","Saskatchewan","2021A000247","Persons","249","units","0","v14","9","1228473","","","","0"
"2024-04-01","Saskatchewan","2021A000247","Persons","249","units","0","v14","9","1236277","","","","0"
"2024-07-01","Saskatchewan","2021A000247","Persons","249","units","0","v14","9","1245196","","","","0"
"2024-10-01","Saskatchewan","2021A000247","Persons","249","units","0","v14","9","1253962","","","","0"
"2025-01-01","Saskatchewan","2021A000247","Persons","249","units","0","v14","9","1258722","","","","0"
"2025-04-01","Saskatchewan","2021A000247","Persons","249","units","0","v14","9","1263752","","","","0"
"2025-07-01","Saskatchewan","2021A000247","Persons","249","units","0","v14","9","1266289","","","","0"
"2025-10-01","Saskatchewan","2021A000247","Persons","249","units","0","v14","9","1269970","","","","0"
"2026-01-01","Saskatchewan","2021A000247","Persons","249","units","0","v14","9","1271629","","","","0"
"2026-04-01","Saskatchewan","2021A000247","Persons","249","units","0","v14","9","1272936","","","","0"
"2026-07-01","Saskatchewan","2021A000247","Persons","249","units","0","v14","9","1278402","","","","0"
"1951-07-01","Alberta","2021A000248","Persons","249","units","0","v15","10","943000","","","","0"
"1951-10-01","Alberta","2021A000248","Persons","249","units","0","v15","10","950000","","","","0"
"1952-01-01","Alberta","2021A000248","Persons","249","units","0","v15","10","959000","","","","0"
"1952-04-01","Alberta","2021A000248","Persons","249","units","0","v15","10","965000","","","","0"
"1952-07-01","Alberta","2021A000248","Persons","249","units","0","v15","10","977000","","","","0"
"1952-10-01","Alberta","2021A000248","Persons","249","units","0","v15","10","985000","","","","0"
"1953-01-01","Alberta","2021A000248","Persons","249","units","0","v15","10","994000","","","","0"
"1953-04-01","Alberta","2021A000248","Persons","249","units","0","v15","10","1002000","","","","0"
"1953-07-01","Alberta","2021A000248","Persons","249","units","0","v15","10","1016000","","","","0"
"1953-10-01","Alberta","2021A000248","Persons","249","units","0","v15","10","1029000","","","","0"
"1954-01-01","Alberta","2021A000248","Persons","249","units","0","v15","10","1039000","","","","0"
"1954-04-01","Alberta","2021A000248","Persons","249","units","0","v15","10","1047000","","","","0"
"1954-07-01","Alberta","2021A000248","Persons","249","units","0","v15","10","1061000","","","","0"
"1954-10-01","Alberta","2021A000248","Persons","249","units","0","v15","10","1070000","","","","0"
"1955-01-01","Alberta","2021A000248","Persons","249","units","0","v15","10","1078000","","","","0"
"1955-04-01","Alberta","2021A000248","Persons","249","units","0","v15","10","1084000","","","","0"
"1955-07-01","Alberta","2021A000248","Persons","249","units","0","v15","10","1094000","","","","0"
"1955-10-01","Alberta","2021A000248","Persons","249","units","0","v15","10","1102000","","","","0"
"1956-01-01","Alberta","2021A000248","Persons","249","units","0","v15","10","1109000","","","","0"
"1956-04-01","Alberta","2021A000248","Persons","249","units","0","v15","10","1118000","","","","0"
"1956-07-01","Alberta","2021A000248","Persons","249","units","0","v15","10","1126000","","","","0"
"1956-10-01","Alberta","2021A000248","Persons","249","units","0","v15","10","1136000","","","","0"
"1957-01-01","Alberta","2021A000248","Persons","249","units","0","v15","10","1144000","","","","0"
"1957-04-01","Alberta","2021A000248","Persons","249","units","0","v15","10","1153000","","","","0"
"1957-07-01","Alberta","2021A000248","Persons","249","units","0","v15","10","1169000","","","","0"
"1957-10-01","Alberta","2021A000248","Persons","249","units","0","v15","10","1179000","","","","0"
"1958-01-01","Alberta","2021A000248","Persons","249","units","0","v15","10","1191000","","","","0"
"1958-04-01","Alberta","2021A000248","Persons","249","units","0","v15","10","1198000","","","","0"
"1958-07-01","Alberta","2021A000248","Persons","249","units","0","v15","10","1211000","","","","0"
"1958-10-01","Alberta","2021A000248","Persons","249","units","0","v15","10","1221000","","","","0"
"1959-01-01","Alberta","2021A000248","Persons","249","units","0","v15","10","1233000","","","","0"
"1959-04-01","Alberta","2021A000248","Persons","249","units","0","v15","10","1241000","","","","0"
"1959-07-01","Alberta","2021A000248","Persons","249","units","0","v15","10","1252000","","","","0"
"1959-10-01","Alberta","2021A000248","Persons","249","units","0","v15","10","1263000","","","","0"
"1960-01-01","Alberta","2021A000248","Persons","249","units","0","v15","10","1274000","","","","0"
"1960-04-01","Alberta","2021A000248","Persons","249","units","0","v15","10","1282000","","","","0"
"1960-07-01","Alberta","2021A000248","Persons","249","units","0","v15","10","1296000","","","","0"
"1960-10-01","Alberta","2021A000248","Persons","249","units","0","v15","10","1307000","","","","0"
"1961-01-01","Alberta","2021A000248","Persons","249","units","0","v15","10","1317000","","","","0"
"1961-04-01","Alberta","2021A000248","Persons","249","units","0","v15","10","1325000","","","","0"
"1961-07-01","Alberta","2021A000248","Persons","249","units","0","v15","10","1335000","","","","0"
"1961-10-01","Alberta","2021A000248","Persons","249","units","0","v15","10","1345000","","","","0"
"1962-01-01","Alberta","2021A000248","Persons","249","units","0","v15","10","1356000","","","","0"
"1962-04-01","Alberta","2021A000248","Persons","249","units","0","v15","10","1363000","","","","0"
"1962-07-01","Alberta","2021A000248","Persons","249","units","0","v15","10","1373000","","","","0"
"1962-10-01","Alberta","2021A000248","Persons","249","units","0","v15","10","1382000","","","","0"
"1963-01-01","Alberta","2021A000248","Persons","249","units","0","v15","10","1391000","","","","0"
"1963-04-01","Alberta","2021A000248","Persons","249","units","0","v15","10","1398000","","","","0"
"1963-07-01","Alberta","2021A000248","Persons","249","units","0","v15","10","1407000","","","","0"
"1963-10-01","Alberta","2021A000248","Persons","249","units","0","v15","10","1414000","","","","0"
"1964-01-01","Alberta","2021A000248","Persons","249","units","0","v15","10","1419000","","","","0"
"1964-04-01","Alberta","2021A000248","Persons","249","units","0","v15","10","1425000","","","","0"
"1964-07-01","Alberta","2021A000248","Persons","249","units","0","v15","10","1431000","","","","0"
"1964-10-01","Alberta","2021A000248","Persons","249","units","0","v15","10","1436000","","","","0"
"1965-01-01","Alberta","2021A000248","Persons","249","units","0","v15","10","1443000","","","","0"
"1965-04-01","Alberta","2021A000248","Persons","249","units","0","v15","10","1445000","","","","0"
"1965-07-01","Alberta","2021A000248","Persons","249","units","0","v15","10","1451000","","","","0"
"1965-10-01","Alberta","2021A000248","Persons","249","units","0","v15","10","1453000","","","","0"
"1966-01-01","Alberta","2021A000248","Persons","249","units","0","v15","10","1456000","","","","0"
"1966-04-01","Alberta","2021A000248","Persons","249","units","0","v15","10","1459000","","","","0"
"1966-07-01","Alberta","2021A000248","Persons","249","units","0","v15","10","1465000","","","","0"
"1966-10-01","Alberta","2021A000248","Persons","249","units","0","v15","10","1470000","","","","0"
"1967-01-01","Alberta","2021A000248","Persons","249","units","0","v15","10","1476000","","","","0"
"1967-04-01","Alberta","2021A000248","Persons","249","units","0","v15","10","1483000","","","","0"
"1967-07-01","Alberta","2021A000248","Persons","249","units","0","v15","10","1493000","","","","0"
"1967-10-01","Alberta","2021A000248","Persons","249","units","0","v15","10","1501000","","","","0"
"1968-01-01","Alberta","2021A000248","Persons","249","units","0","v15","10","1510000","","","","0"
"1968-04-01","Alberta","2021A000248","Persons","249","units","0","v15","10","1518000","","","","0"
"1968-07-01","Alberta","2021A000248","Persons","249","units","0","v15","10","1527000","","","","0"
"1968-10-01","Alberta","2021A000248","Persons","249","units","0","v15","10","1536000","","","","0"
"1969-01-01","Alberta","2021A000248","Persons","249","units","0","v15","10","1546000","","","","0"
"1969-04-01","Alberta","2021A000248","Persons","249","units","0","v15","10","1553000","","","","0"
"1969-07-01","Alberta","2021A000248","Persons","249","units","0","v15","10","1562000","","","","0"
"1969-10-01","Alberta","2021A000248","Persons","249","units","0","v15","10","1571000","","","","0"
"1970-01-01","Alberta","2021A000248","Persons","249","units","0","v15","10","1579000","","","","0"
"1970-04-01","Alberta","2021A000248","Persons","249","units","0","v15","10","1589000","","","","0"
"1970-07-01","Alberta","2021A000248","Persons","249","units","0","v15","10","1597000","","","","0"
"1970-10-01","Alberta","2021A000248","Persons","249","units","0","v15","10","1607000","","","","0"
"1971-01-01","Alberta","2021A000248","Persons","249","units","0","v15","10","1616000","","","","0"
"1971-04-01","Alberta","2021A000248","Persons","249","units","0","v15","10","1623000","","","","0"
"1971-07-01","Alberta","2021A000248","Persons","249","units","0","v15","10","1665717","","","","0"
"1971-10-01","Alberta","2021A000248","Persons","249","units","0","v15","10","1675638","","","","0"
"1972-01-01","Alberta","2021A000248","Persons","249","units","0","v15","10","1679985","","","","0"
"1972-04-01","Alberta","2021A000248","Persons","249","units","0","v15","10","1686758","","","","0"
"1972-07-01","Alberta","2021A000248","Persons","249","units","0","v15","10","1694090","","","","0"
"1972-10-01","Alberta","2021A000248","Persons","249","units","0","v15","10","1705519","","","","0"
"1973-01-01","Alberta","2021A000248","Persons","249","units","0","v15","10","1710866","","","","0"
"1973-04-01","Alberta","2021A000248","Persons","249","units","0","v15","10","1717910","","","","0"
"1973-07-01","Alberta","2021A000248","Persons","249","units","0","v15","10","1725327","","","","0"
"1973-10-01","Alberta","2021A000248","Persons","249","units","0","v15","10","1735396","","","","0"
"1974-01-01","Alberta","2021A000248","Persons","249","units","0","v15","10","1739942","","","","0"
"1974-04-01","Alberta","2021A000248","Persons","249","units","0","v15","10","1746975","","","","0"
"1974-07-01","Alberta","2021A000248","Persons","249","units","0","v15","10","1754621","","","","0"
"1974-10-01","Alberta","2021A000248","Persons","249","units","0","v15","10","1769880","","","","0"
"1975-01-01","Alberta","2021A000248","Persons","249","units","0","v15","10","1782575","","","","0"
"1975-04-01","Alberta","2021A000248","Persons","249","units","0","v15","10","1795097","","","","0"
"1975-07-01","Alberta","2021A000248","Persons","249","units","0","v15","10","1808689","","","","0"
"1975-10-01","Alberta","2021A000248","Persons","249","units","0","v15","10","1825051","","","","0"
"1976-01-01","Alberta","2021A000248","Persons","249","units","0","v15","10","1839191","","","","0"
"1976-04-01","Alberta","2021A000248","Persons","249","units","0","v15","10","1852651","","","","0"
"1976-07-01","Alberta","2021A000248","Persons","249","units","0","v15","10","1869287","","","","0"
"1976-10-01","Alberta","2021A000248","Persons","249","units","0","v15","10","1896466","","","","0"
"1977-01-01","Alberta","2021A000248","Persons","249","units","0","v15","10","1914570","","","","0"
"1977-04-01","Alberta","2021A000248","Persons","249","units","0","v15","10","1931214","","","","0"
"1977-07-01","Alberta","2021A000248","Persons","249","units","0","v15","10","1948263","","","","0"
"1977-10-01","Alberta","2021A000248","Persons","249","units","0","v15","10","1974721","","","","0"
"1978-01-01","Alberta","2021A000248","Persons","249","units","0","v15","10","1991454","","","","0"
"1978-04-01","Alberta","2021A000248","Persons","249","units","0","v15","10","2006745","","","","0"
"1978-07-01","Alberta","2021A000248","Persons","249","units","0","v15","10","2022241","","","","0"
"1978-10-01","Alberta","2021A000248","Persons","249","units","0","v15","10","2047919","","","","0"
"1979-01-01","Alberta","2021A000248","Persons","249","units","0","v15","10","2064776","","","","0"
"1979-04-01","Alberta","2021A000248","Persons","249","units","0","v15","10","2079840","","","","0"
"1979-07-01","Alberta","2021A000248","Persons","249","units","0","v15","10","2096966","","","","0"
"1979-10-01","Alberta","2021A000248","Persons","249","units","0","v15","10","2128647","","","","0"
"1980-01-01","Alberta","2021A000248","Persons","249","units","0","v15","10","2149996","","","","0"
"1980-04-01","Alberta","2021A000248","Persons","249","units","0","v15","10","2168863","","","","0"
"1980-07-01","Alberta","2021A000248","Persons","249","units","0","v15","10","2191029","","","","0"
"1980-10-01","Alberta","2021A000248","Persons","249","units","0","v15","10","2227159","","","","0"
"1981-01-01","Alberta","2021A000248","Persons","249","units","0","v15","10","2249907","","","","0"
"1981-04-01","Alberta","2021A000248","Persons","249","units","0","v15","10","2270227","","","","0"
"1981-07-01","Alberta","2021A000248","Persons","249","units","0","v15","10","2291104","","","","0"
"1981-10-01","Alberta","2021A000248","Persons","249","units","0","v15","10","2319715","","","","0"
"1982-01-01","Alberta","2021A000248","Persons","249","units","0","v15","10","2337458","","","","0"
"1982-04-01","Alberta","2021A000248","Persons","249","units","0","v15","10","2352042","","","","0"
"1982-07-01","Alberta","2021A000248","Persons","249","units","0","v15","10","2369827","","","","0"
"1982-10-01","Alberta","2021A000248","Persons","249","units","0","v15","10","2378405","","","","0"
"1983-01-01","Alberta","2021A000248","Persons","249","units","0","v15","10","2383354","","","","0"
"1983-04-01","Alberta","2021A000248","Persons","249","units","0","v15","10","2388090","","","","0"
"1983-07-01","Alberta","2021A000248","Persons","249","units","0","v15","10","2393587","","","","0"
"1983-10-01","Alberta","2021A000248","Persons","249","units","0","v15","10","2394239","","","","0"
"1984-01-01","Alberta","2021A000248","Persons","249","units","0","v15","10","2394892","","","","0"
"1984-04-01","Alberta","2021A000248","Persons","249","units","0","v15","10","2396706","","","","0"
"1984-07-01","Alberta","2021A000248","Persons","249","units","0","v15","10","2393907","","","","0"
"1984-10-01","Alberta","2021A000248","Persons","249","units","0","v15","10","2390913","","","","0"
"1985-01-01","Alberta","2021A000248","Persons","249","units","0","v15","10","2395813","","","","0"
"1985-04-01","Alberta","2021A000248","Persons","249","units","0","v15","10","2401499","","","","0"
"1985-07-01","Alberta","2021A000248","Persons","249","units","0","v15","10","2404490","","","","0"
"1985-10-01","Alberta","2021A000248","Persons","249","units","0","v15","10","2407001","","","","0"
"1986-01-01","Alberta","2021A000248","Persons","249","units","0","v15","10","2415590","","","","0"
"1986-04-01","Alberta","2021A000248","Persons","249","units","0","v15","10","2424950","","","","0"
"1986-07-01","Alberta","2021A000248","Persons","249","units","0","v15","10","2432930","","","","0"
"1986-10-01","Alberta","2021A000248","Persons","249","units","0","v15","10","2429949","","","","0"
"1987-01-01","Alberta","2021A000248","Persons","249","units","0","v15","10","2432958","","","","0"
"1987-04-01","Alberta","2021A000248","Persons","249","units","0","v15","10","2439074","","","","0"
"1987-07-01","Alberta","2021A000248","Persons","249","units","0","v15","10","2440877","","","","0"
"1987-10-01","Alberta","2021A000248","Persons","249","units","0","v15","10","2437537","","","","0"
"1988-01-01","Alberta","2021A000248","Persons","249","units","0","v15","10","2443396","","","","0"
"1988-04-01","Alberta","2021A000248","Persons","249","units","0","v15","10","2450646","","","","0"
"1988-07-01","Alberta","2021A000248","Persons","249","units","0","v15","10","2456614","","","","0"
"1988-10-01","Alberta","2021A000248","Persons","249","units","0","v15","10","2465242","","","","0"
"1989-01-01","Alberta","2021A000248","Persons","249","units","0","v15","10","2477533","","","","0"
"1989-04-01","Alberta","2021A000248","Persons","249","units","0","v15","10","2489032","","","","0"
"1989-07-01","Alberta","2021A000248","Persons","249","units","0","v15","10","2498325","","","","0"
"1989-10-01","Alberta","2021A000248","Persons","249","units","0","v15","10","2507203","","","","0"
"1990-01-01","Alberta","2021A000248","Persons","249","units","0","v15","10","2520056","","","","0"
"1990-04-01","Alberta","2021A000248","Persons","249","units","0","v15","10","2532621","","","","0"
"1990-07-01","Alberta","2021A000248","Persons","249","units","0","v15","10","2547788","","","","0"
"1990-10-01","Alberta","2021A000248","Persons","249","units","0","v15","10","2563142","","","","0"
"1991-01-01","Alberta","2021A000248","Persons","249","units","0","v15","10","2572947","","","","0"
"1991-04-01","Alberta","2021A000248","Persons","249","units","0","v15","10","2580625","","","","0"
"1991-07-01","Alberta","2021A000248","Persons","249","units","0","v15","10","2592306","","","","0"
"1991-10-01","Alberta","2021A000248","Persons","249","units","0","v15","10","2604031","","","","0"
"1992-01-01","Alberta","2021A000248","Persons","249","units","0","v15","10","2611786","","","","0"
"1992-04-01","Alberta","2021A000248","Persons","249","units","0","v15","10","2620771","","","","0"
"1992-07-01","Alberta","2021A000248","Persons","249","units","0","v15","10","2632672","","","","0"
"1992-10-01","Alberta","2021A000248","Persons","249","units","0","v15","10","2643421","","","","0"
"1993-01-01","Alberta","2021A000248","Persons","249","units","0","v15","10","2650886","","","","0"
"1993-04-01","Alberta","2021A000248","Persons","249","units","0","v15","10","2658293","","","","0"
"1993-07-01","Alberta","2021A000248","Persons","249","units","0","v15","10","2667292","","","","0"
"1993-10-01","Alberta","2021A000248","Persons","249","units","0","v15","10","2678623","","","","0"
"1994-01-01","Alberta","2021A000248","Persons","249","units","0","v15","10","2683346","","","","0"
"1994-04-01","Alberta","2021A000248","Persons","249","units","0","v15","10","2691443","","","","0"
"1994-07-01","Alberta","2021A000248","Persons","249","units","0","v15","10","2700606","","","","0"
"1994-10-01","Alberta","2021A000248","Persons","249","units","0","v15","10","2709011","","","","0"
"1995-01-01","Alberta","2021A000248","Persons","249","units","0","v15","10","2715701","","","","0"
"1995-04-01","Alberta","2021A000248","Persons","249","units","0","v15","10","2724946","","","","0"
"1995-07-01","Alberta","2021A000248","Persons","249","units","0","v15","10","2734519","","","","0"
"1995-10-01","Alberta","2021A000248","Persons","249","units","0","v15","10","2745255","","","","0"
"1996-01-01","Alberta","2021A000248","Persons","249","units","0","v15","10","2753463","","","","0"
"1996-04-01","Alberta","2021A000248","Persons","249","units","0","v15","10","2762903","","","","0"
"1996-07-01","Alberta","2021A000248","Persons","249","units","0","v15","10","2775133","","","","0"
"1996-10-01","Alberta","2021A000248","Persons","249","units","0","v15","10","2789691","","","","0"
"1997-01-01","Alberta","2021A000248","Persons","249","units","0","v15","10","2799561","","","","0"
"1997-04-01","Alberta","2021A000248","Persons","249","units","0","v15","10","2813157","","","","0"
"1997-07-01","Alberta","2021A000248","Persons","249","units","0","v15","10","2829848","","","","0"
"1997-10-01","Alberta","2021A000248","Persons","249","units","0","v15","10","2847526","","","","0"
"1998-01-01","Alberta","2021A000248","Persons","249","units","0","v15","10","2859305","","","","0"
"1998-04-01","Alberta","2021A000248","Persons","249","units","0","v15","10","2876753","","","","0"
"1998-07-01","Alberta","2021A000248","Persons","249","units","0","v15","10","2899066","","","","0"
"1998-10-01","Alberta","2021A000248","Persons","249","units","0","v15","10","2915781","","","","0"
"1999-01-01","Alberta","2021A000248","Persons","249","units","0","v15","10","2926079","","","","0"
"1999-04-01","Alberta","2021A000248","Persons","249","units","0","v15","10","2937393","","","","0"
"1999-07-01","Alberta","2021A000248","Persons","249","units","0","v15","10","2952692","","","","0"
"1999-10-01","Alberta","2021A000248","Persons","249","units","0","v15","10","2966682","","","","0"
"2000-01-01","Alberta","2021A000248","Persons","249","units","0","v15","10","2974517","","","","0"
"2000-04-01","Alberta","2021A000248","Persons","249","units","0","v15","10","2988465","","","","0"
"2000-07-01","Alberta","2021A000248","Persons","249","units","0","v15","10","3004198","","","","0"
"2000-10-01","Alberta","2021A000248","Persons","249","units","0","v15","10","3016947","","","","0"
"2001-01-01","Alberta","2021A000248","Persons","249","units","0","v15","10","3027941","","","","0"
"2001-04-01","Alberta","2021A000248","Persons","249","units","0","v15","10","3041238","","","","0"
"2001-07-01","Alberta","2021A000248","Persons","249","units","0","v15","10","3058554","","","","0"
"2001-10-01","Alberta","2021A000248","Persons","249","units","0","v15","10","3078756","","","","0"
"2002-01-01","Alberta","2021A000248","Persons","249","units","0","v15","10","3092506","","","","0"
"2002-04-01","Alberta","2021A000248","Persons","249","units","0","v15","10","3108716","","","","0"
"2002-07-01","Alberta","2021A000248","Persons","249","units","0","v15","10","3128757","","","","0"
"2002-10-01","Alberta","2021A000248","Persons","249","units","0","v15","10","3145227","","","","0"
"2003-01-01","Alberta","2021A000248","Persons","249","units","0","v15","10","3155370","","","","0"
"2003-04-01","Alberta","2021A000248","Persons","249","units","0","v15","10","3169295","","","","0"
"2003-07-01","Alberta","2021A000248","Persons","249","units","0","v15","10","3183291","","","","0"
"2003-10-01","Alberta","2021A000248","Persons","249","units","0","v15","10","3198059","","","","0"
"2004-01-01","Alberta","2021A000248","Persons","249","units","0","v15","10","3209557","","","","0"
"2004-04-01","Alberta","2021A000248","Persons","249","units","0","v15","10","3223659","","","","0"
"2004-07-01","Alberta","2021A000248","Persons","249","units","0","v15","10","3238817","","","","0"
"2004-10-01","Alberta","2021A000248","Persons","249","units","0","v15","10","3260721","","","","0"
"2005-01-01","Alberta","2021A000248","Persons","249","units","0","v15","10","3276908","","","","0"
"2005-04-01","Alberta","2021A000248","Persons","249","units","0","v15","10","3296359","","","","0"
"2005-07-01","Alberta","2021A000248","Persons","249","units","0","v15","10","3321839","","","","0"
"2005-10-01","Alberta","2021A000248","Persons","249","units","0","v15","10","3346802","","","","0"
"2006-01-01","Alberta","2021A000248","Persons","249","units","0","v15","10","3371851","","","","0"
"2006-04-01","Alberta","2021A000248","Persons","249","units","0","v15","10","3396809","","","","0"
"2006-07-01","Alberta","2021A000248","Persons","249","units","0","v15","10","3421435","","","","0"
"2006-10-01","Alberta","2021A000248","Persons","249","units","0","v15","10","3453945","","","","0"
"2007-01-01","Alberta","2021A000248","Persons","249","units","0","v15","10","3472779","","","","0"
"2007-04-01","Alberta","2021A000248","Persons","249","units","0","v15","10","3490849","","","","0"
"2007-07-01","Alberta","2021A000248","Persons","249","units","0","v15","10","3514151","","","","0"
"2007-10-01","Alberta","2021A000248","Persons","249","units","0","v15","10","3533414","","","","0"
"2008-01-01","Alberta","2021A000248","Persons","249","units","0","v15","10","3548804","","","","0"
"2008-04-01","Alberta","2021A000248","Persons","249","units","0","v15","10","3567475","","","","0"
"2008-07-01","Alberta","2021A000248","Persons","249","units","0","v15","10","3595875","","","","0"
"2008-10-01","Alberta","2021A000248","Persons","249","units","0","v15","10","3619319","","","","0"
"2009-01-01","Alberta","2021A000248","Persons","249","units","0","v15","10","3638505","","","","0"
"2009-04-01","Alberta","2021A000248","Persons","249","units","0","v15","10","3659235","","","","0"
"2009-07-01","Alberta","2021A000248","Persons","249","units","0","v15","10","3679010","","","","0"
"2009-10-01","Alberta","2021A000248","Persons","249","units","0","v15","10","3694318","","","","0"
"2010-01-01","Alberta","2021A000248","Persons","249","units","0","v15","10","3702290","","","","0"
"2010-04-01","Alberta","2021A000248","Persons","249","units","0","v15","10","3714999","","","","0"
"2010-07-01","Alberta","2021A000248","Persons","249","units","0","v15","10","3732104","","","","0"
"2010-10-01","Alberta","2021A000248","Persons","249","units","0","v15","10","3747235","","","","0"
"2011-01-01","Alberta","2021A000248","Persons","249","units","0","v15","10","3754422","","","","0"
"2011-04-01","Alberta","2021A000248","Persons","249","units","0","v15","10","3768774","","","","0"
"2011-07-01","Alberta","2021A000248","Persons","249","units","0","v15","10","3787705","","","","0"
"2011-10-01","Alberta","2021A000248","Persons","249","units","0","v15","10","3805071","","","","0"
"2012-01-01","Alberta","2021A000248","Persons","249","units","0","v15","10","3822425","","","","0"
"2012-04-01","Alberta","2021A000248","Persons","249","units","0","v15","10","3845093","","","","0"
"2012-07-01","Alberta","2021A000248","Persons","249","units","0","v15","10","3871947","","","","0"
"2012-10-01","Alberta","2021A000248","Persons","249","units","0","v15","10","3897746","","","","0"
"2013-01-01","Alberta","2021A000248","Persons","249","units","0","v15","10","3917941","","","","0"
"2013-04-01","Alberta","2021A000248","Persons","249","units","0","v15","10","3944281","","","","0"
"2013-07-01","Alberta","2021A000248","Persons","249","units","0","v15","10","3978532","","","","0"
"2013-10-01","Alberta","2021A000248","Persons","249","units","0","v15","10","4008421","","","","0"
"2014-01-01","Alberta","2021A000248","Persons","249","units","0","v15","10","4027497","","","","0"
"2014-04-01","Alberta","2021A000248","Persons","249","units","0","v15","10","4051858","","","","0"
"2014-07-01","Alberta","2021A000248","Persons","249","units","0","v15","10","4081271","","","","0"
"2014-10-01","Alberta","2021A000248","Persons","249","units","0","v15","10","4103702","","","","0"
"2015-01-01","Alberta","2021A000248","Persons","249","units","0","v15","10","4113697","","","","0"
"2015-04-01","Alberta","2021A000248","Persons","249","units","0","v15","10","4125943","","","","0"
"2015-07-01","Alberta","2021A000248","Persons","249","units","0","v15","10","4150147","","","","0"
"2015-10-01","Alberta","2021A000248","Persons","249","units","0","v15","10","4163048","","","","0"
"2016-01-01","Alberta","2021A000248","Persons","249","units","0","v15","10","4171847","","","","0"
"2016-04-01","Alberta","2021A000248","Persons","249","units","0","v15","10","4182353","","","","0"
"2016-07-01","Alberta","2021A000248","Persons","249","units","0","v15","10","4195427","","","","0"
"2016-10-01","Alberta","2021A000248","Persons","249","units","0","v15","10","4207139","","","","0"
"2017-01-01","Alberta","2021A000248","Persons","249","units","0","v15","10","4215506","","","","0"
"2017-04-01","Alberta","2021A000248","Persons","249","units","0","v15","10","4224933","","","","0"
"2017-07-01","Alberta","2021A000248","Persons","249","units","0","v15","10","4237310","","","","0"
"2017-10-01","Alberta","2021A000248","Persons","249","units","0","v15","10","4253530","","","","0"
"2018-01-01","Alberta","2021A000248","Persons","249","units","0","v15","10","4263957","","","","0"
"2018-04-01","Alberta","2021A000248","Persons","249","units","0","v15","10","4276444","","","","0"
"2018-07-01","Alberta","2021A000248","Persons","249","units","0","v15","10","4292556","","","","0"
"2018-10-01","Alberta","2021A000248","Persons","249","units","0","v15","10","4311439","","","","0"
"2019-01-01","Alberta","2021A000248","Persons","249","units","0","v15","10","4324254","","","","0"
"2019-04-01","Alberta","2021A000248","Persons","249","units","0","v15","10","4337569","","","","0"
"2019-07-01","Alberta","2021A000248","Persons","249","units","0","v15","10","4355377","","","","0"
"2019-10-01","Alberta","2021A000248","Persons","249","units","0","v15","10","4376860","","","","0"
"2020-01-01","Alberta","2021A000248","Persons","249","units","0","v15","10","4392958","","","","0"
"2020-04-01","Alberta","2021A000248","Persons","249","units","0","v15","10","4405455","","","","0"
"2020-07-01","Alberta","2021A000248","Persons","249","units","0","v15","10","4407495","","","","0"
"2020-10-01","Alberta","2021A000248","Persons","249","units","0","v15","10","4412013","","","","0"
"2021-01-01","Alberta","2021A000248","Persons","249","units","0","v15","10","4418338","","","","0"
"2021-04-01","Alberta","2021A000248","Persons","249","units","0","v15","10","4425617","","","","0"
"2021-07-01","Alberta","2021A000248","Persons","249","units","0","v15","10","4431531","","","","0"
"2021-10-01","Alberta","2021A000248","Persons","249","units","0","v15","10","4451077","","","","0"
"2022-01-01","Alberta","2021A000248","Persons","249","units","0","v15","10","4465845","","","","0"
"2022-04-01","Alberta","2021A000248","Persons","249","units","0","v15","10","4481521","","","","0"
"2022-07-01","Alberta","2021A000248","Persons","249","units","0","v15","10","4513589","","","","0"
"2022-10-01","Alberta","2021A000248","Persons","249","units","0","v15","10","4560790","","","","0"
"2023-01-01","Alberta","2021A000248","Persons","249","units","0","v15","10","4596048","","","","0"
"2023-04-01","Alberta","2021A000248","Persons","249","units","0","v15","10","4639471","","","","0"
"2023-07-01","Alberta","2021A000248","Persons","249","units","0","v15","10","4688032","","","","0"
"2023-10-01","Alberta","2021A000248","Persons","249","units","0","v15","10","4750739","","","","0"
"2024-01-01","Alberta","2021A000248","Persons","249","units","0","v15","10","4797611","","","","0"
"2024-04-01","Alberta","2021A000248","Persons","249","units","0","v15","10","4852191","","","","0"
"2024-07-01","Alberta","2021A000248","Persons","249","units","0","v15","10","4901795","","","","0"
"2024-10-01","Alberta","2021A000248","Persons","249","units","0","v15","10","4945710","","","","0"
"2025-01-01","Alberta","2021A000248","Persons","249","units","0","v15","10","4973853","","","","0"
"2025-04-01","Alberta","2021A000248","Persons","249","units","0","v15","10","4996457","","","","0"
"2025-07-01","Alberta","2021A000248","Persons","249","units","0","v15","10","5024631","","","","0"
"2025-10-01","Alberta","2021A000248","Persons","249","units","0","v15","10","5052333","","","","0"
"2026-01-01","Alberta","2021A000248","Persons","249","units","0","v15","10","5067862","","","","0"
"2026-04-01","Alberta","2021A000248","Persons","249","units","0","v15","10","5079176","","","","0"
"2026-07-01","Alberta","2021A000248","Persons","249","units","0","v15","10","5101050","","","","0"
"1951-07-01","British Columbia","2021A000259","Persons","249","units","0","v3","11","1168000","","","","0"
"1951-10-01","British Columbia","2021A000259","Persons","249","units","0","v3","11","1179000","","","","0"
"1952-01-01","British Columbia","2021A000259","Persons","249","units","0","v3","11","1189000","","","","0"
"1952-04-01","British Columbia","2021A000259","Persons","249","units","0","v3","11","1198000","","","","0"
"1952-07-01","British Columbia","2021A000259","Persons","249","units","0","v3","11","1209000","","","","0"
"1952-10-01","British Columbia","2021A000259","Persons","249","units","0","v3","11","1222000","","","","0"
"1953-01-01","British Columbia","2021A000259","Persons","249","units","0","v3","11","1233000","","","","0"
"1953-04-01","British Columbia","2021A000259","Persons","249","units","0","v3","11","1242000","","","","0"
"1953-07-01","British Columbia","2021A000259","Persons","249","units","0","v3","11","1253000","","","","0"
"1953-10-01","British Columbia","2021A000259","Persons","249","units","0","v3","11","1265000","","","","0"
"1954-01-01","British Columbia","2021A000259","Persons","249","units","0","v3","11","1278000","","","","0"
"1954-04-01","British Columbia","2021A000259","Persons","249","units","0","v3","11","1288000","","","","0"
"1954-07-01","British Columbia","2021A000259","Persons","249","units","0","v3","11","1299000","","","","0"
"1954-10-01","British Columbia","2021A000259","Persons","249","units","0","v3","11","1311000","","","","0"
"1955-01-01","British Columbia","2021A000259","Persons","249","units","0","v3","11","1323000","","","","0"
"1955-04-01","British Columbia","2021A000259","Persons","249","units","0","v3","11","1334000","","","","0"
"1955-07-01","British Columbia","2021A000259","Persons","249","units","0","v3","11","1347000","","","","0"
"1955-10-01","British Columbia","2021A000259","Persons","249","units","0","v3","11","1362000","","","","0"
"1956-01-01","British Columbia","2021A000259","Persons","249","units","0","v3","11","1377000","","","","0"
"1956-04-01","British Columbia","2021A000259","Persons","249","units","0","v3","11","1388000","","","","0"
"1956-07-01","British Columbia","2021A000259","Persons","249","units","0","v3","11","1405000","","","","0"
"1956-10-01","British Columbia","2021A000259","Persons","249","units","0","v3","11","1426000","","","","0"
"1957-01-01","British Columbia","2021A000259","Persons","249","units","0","v3","11","1449000","","","","0"
"1957-04-01","British Columbia","2021A000259","Persons","249","units","0","v3","11","1468000","","","","0"
"1957-07-01","British Columbia","2021A000259","Persons","249","units","0","v3","11","1490000","","","","0"
"1957-10-01","British Columbia","2021A000259","Persons","249","units","0","v3","11","1511000","","","","0"
"1958-01-01","British Columbia","2021A000259","Persons","249","units","0","v3","11","1524000","","","","0"
"1958-04-01","British Columbia","2021A000259","Persons","249","units","0","v3","11","1532000","","","","0"
"1958-07-01","British Columbia","2021A000259","Persons","249","units","0","v3","11","1540000","","","","0"
"1958-10-01","British Columbia","2021A000259","Persons","249","units","0","v3","11","1548000","","","","0"
"1959-01-01","British Columbia","2021A000259","Persons","249","units","0","v3","11","1556000","","","","0"
"1959-04-01","British Columbia","2021A000259","Persons","249","units","0","v3","11","1562000","","","","0"
"1959-07-01","British Columbia","2021A000259","Persons","249","units","0","v3","11","1570000","","","","0"
"1959-10-01","British Columbia","2021A000259","Persons","249","units","0","v3","11","1580000","","","","0"
"1960-01-01","British Columbia","2021A000259","Persons","249","units","0","v3","11","1589000","","","","0"
"1960-04-01","British Columbia","2021A000259","Persons","249","units","0","v3","11","1596000","","","","0"
"1960-07-01","British Columbia","2021A000259","Persons","249","units","0","v3","11","1605000","","","","0"
"1960-10-01","British Columbia","2021A000259","Persons","249","units","0","v3","11","1614000","","","","0"
"1961-01-01","British Columbia","2021A000259","Persons","249","units","0","v3","11","1621000","","","","0"
"1961-04-01","British Columbia","2021A000259","Persons","249","units","0","v3","11","1626000","","","","0"
"1961-07-01","British Columbia","2021A000259","Persons","249","units","0","v3","11","1632000","","","","0"
"1961-10-01","British Columbia","2021A000259","Persons","249","units","0","v3","11","1640000","","","","0"
"1962-01-01","British Columbia","2021A000259","Persons","249","units","0","v3","11","1648000","","","","0"
"1962-04-01","British Columbia","2021A000259","Persons","249","units","0","v3","11","1655000","","","","0"
"1962-07-01","British Columbia","2021A000259","Persons","249","units","0","v3","11","1663000","","","","0"
"1962-10-01","British Columbia","2021A000259","Persons","249","units","0","v3","11","1674000","","","","0"
"1963-01-01","British Columbia","2021A000259","Persons","249","units","0","v3","11","1686000","","","","0"
"1963-04-01","British Columbia","2021A000259","Persons","249","units","0","v3","11","1694000","","","","0"
"1963-07-01","British Columbia","2021A000259","Persons","249","units","0","v3","11","1702000","","","","0"
"1963-10-01","British Columbia","2021A000259","Persons","249","units","0","v3","11","1716000","","","","0"
"1964-01-01","British Columbia","2021A000259","Persons","249","units","0","v3","11","1728000","","","","0"
"1964-04-01","British Columbia","2021A000259","Persons","249","units","0","v3","11","1737000","","","","0"
"1964-07-01","British Columbia","2021A000259","Persons","249","units","0","v3","11","1750000","","","","0"
"1964-10-01","British Columbia","2021A000259","Persons","249","units","0","v3","11","1765000","","","","0"
"1965-01-01","British Columbia","2021A000259","Persons","249","units","0","v3","11","1779000","","","","0"
"1965-04-01","British Columbia","2021A000259","Persons","249","units","0","v3","11","1790000","","","","0"
"1965-07-01","British Columbia","2021A000259","Persons","249","units","0","v3","11","1804000","","","","0"
"1965-10-01","British Columbia","2021A000259","Persons","249","units","0","v3","11","1827000","","","","0"
"1966-01-01","British Columbia","2021A000259","Persons","249","units","0","v3","11","1848000","","","","0"
"1966-04-01","British Columbia","2021A000259","Persons","249","units","0","v3","11","1862000","","","","0"
"1966-07-01","British Columbia","2021A000259","Persons","249","units","0","v3","11","1880000","","","","0"
"1966-10-01","British Columbia","2021A000259","Persons","249","units","0","v3","11","1905000","","","","0"
"1967-01-01","British Columbia","2021A000259","Persons","249","units","0","v3","11","1926000","","","","0"
"1967-04-01","British Columbia","2021A000259","Persons","249","units","0","v3","11","1937000","","","","0"
"1967-07-01","British Columbia","2021A000259","Persons","249","units","0","v3","11","1950000","","","","0"
"1967-10-01","British Columbia","2021A000259","Persons","249","units","0","v3","11","1970000","","","","0"
"1968-01-01","British Columbia","2021A000259","Persons","249","units","0","v3","11","1988000","","","","0"
"1968-04-01","British Columbia","2021A000259","Persons","249","units","0","v3","11","1996000","","","","0"
"1968-07-01","British Columbia","2021A000259","Persons","249","units","0","v3","11","2006000","","","","0"
"1968-10-01","British Columbia","2021A000259","Persons","249","units","0","v3","11","2023000","","","","0"
"1969-01-01","British Columbia","2021A000259","Persons","249","units","0","v3","11","2042000","","","","0"
"1969-04-01","British Columbia","2021A000259","Persons","249","units","0","v3","11","2052000","","","","0"
"1969-07-01","British Columbia","2021A000259","Persons","249","units","0","v3","11","2065000","","","","0"
"1969-10-01","British Columbia","2021A000259","Persons","249","units","0","v3","11","2082000","","","","0"
"1970-01-01","British Columbia","2021A000259","Persons","249","units","0","v3","11","2107000","","","","0"
"1970-04-01","British Columbia","2021A000259","Persons","249","units","0","v3","11","2118000","","","","0"
"1970-07-01","British Columbia","2021A000259","Persons","249","units","0","v3","11","2134000","","","","0"
"1970-10-01","British Columbia","2021A000259","Persons","249","units","0","v3","11","2152000","","","","0"
"1971-01-01","British Columbia","2021A000259","Persons","249","units","0","v3","11","2168000","","","","0"
"1971-04-01","British Columbia","2021A000259","Persons","249","units","0","v3","11","2178000","","","","0"
"1971-07-01","British Columbia","2021A000259","Persons","249","units","0","v3","11","2240470","","","","0"
"1971-10-01","British Columbia","2021A000259","Persons","249","units","0","v3","11","2258651","","","","0"
"1972-01-01","British Columbia","2021A000259","Persons","249","units","0","v3","11","2278085","","","","0"
"1972-04-01","British Columbia","2021A000259","Persons","249","units","0","v3","11","2290667","","","","0"
"1972-07-01","British Columbia","2021A000259","Persons","249","units","0","v3","11","2302086","","","","0"
"1972-10-01","British Columbia","2021A000259","Persons","249","units","0","v3","11","2318552","","","","0"
"1973-01-01","British Columbia","2021A000259","Persons","249","units","0","v3","11","2338148","","","","0"
"1973-04-01","British Columbia","2021A000259","Persons","249","units","0","v3","11","2350837","","","","0"
"1973-07-01","British Columbia","2021A000259","Persons","249","units","0","v3","11","2367271","","","","0"
"1973-10-01","British Columbia","2021A000259","Persons","249","units","0","v3","11","2386932","","","","0"
"1974-01-01","British Columbia","2021A000259","Persons","249","units","0","v3","11","2409913","","","","0"
"1974-04-01","British Columbia","2021A000259","Persons","249","units","0","v3","11","2424995","","","","0"
"1974-07-01","British Columbia","2021A000259","Persons","249","units","0","v3","11","2442578","","","","0"
"1974-10-01","British Columbia","2021A000259","Persons","249","units","0","v3","11","2461396","","","","0"
"1975-01-01","British Columbia","2021A000259","Persons","249","units","0","v3","11","2479085","","","","0"
"1975-04-01","British Columbia","2021A000259","Persons","249","units","0","v3","11","2489116","","","","0"
"1975-07-01","British Columbia","2021A000259","Persons","249","units","0","v3","11","2499564","","","","0"
"1975-10-01","British Columbia","2021A000259","Persons","249","units","0","v3","11","2510751","","","","0"
"1976-01-01","British Columbia","2021A000259","Persons","249","units","0","v3","11","2520425","","","","0"
"1976-04-01","British Columbia","2021A000259","Persons","249","units","0","v3","11","2525812","","","","0"
"1976-07-01","British Columbia","2021A000259","Persons","249","units","0","v3","11","2533899","","","","0"
"1976-10-01","British Columbia","2021A000259","Persons","249","units","0","v3","11","2546813","","","","0"
"1977-01-01","British Columbia","2021A000259","Persons","249","units","0","v3","11","2554051","","","","0"
"1977-04-01","British Columbia","2021A000259","Persons","249","units","0","v3","11","2560711","","","","0"
"1977-07-01","British Columbia","2021A000259","Persons","249","units","0","v3","11","2570315","","","","0"
"1977-10-01","British Columbia","2021A000259","Persons","249","units","0","v3","11","2586668","","","","0"
"1978-01-01","British Columbia","2021A000259","Persons","249","units","0","v3","11","2595858","","","","0"
"1978-04-01","British Columbia","2021A000259","Persons","249","units","0","v3","11","2603502","","","","0"
"1978-07-01","British Columbia","2021A000259","Persons","249","units","0","v3","11","2615162","","","","0"
"1978-10-01","British Columbia","2021A000259","Persons","249","units","0","v3","11","2632020","","","","0"
"1979-01-01","British Columbia","2021A000259","Persons","249","units","0","v3","11","2641872","","","","0"
"1979-04-01","British Columbia","2021A000259","Persons","249","units","0","v3","11","2650940","","","","0"
"1979-07-01","British Columbia","2021A000259","Persons","249","units","0","v3","11","2665238","","","","0"
"1979-10-01","British Columbia","2021A000259","Persons","249","units","0","v3","11","2691121","","","","0"
"1980-01-01","British Columbia","2021A000259","Persons","249","units","0","v3","11","2707690","","","","0"
"1980-04-01","British Columbia","2021A000259","Persons","249","units","0","v3","11","2722921","","","","0"
"1980-07-01","British Columbia","2021A000259","Persons","249","units","0","v3","11","2745861","","","","0"
"1980-10-01","British Columbia","2021A000259","Persons","249","units","0","v3","11","2773680","","","","0"
"1981-01-01","British Columbia","2021A000259","Persons","249","units","0","v3","11","2790754","","","","0"
"1981-04-01","British Columbia","2021A000259","Persons","249","units","0","v3","11","2805394","","","","0"
"1981-07-01","British Columbia","2021A000259","Persons","249","units","0","v3","11","2826558","","","","0"
"1981-10-01","British Columbia","2021A000259","Persons","249","units","0","v3","11","2845212","","","","0"
"1982-01-01","British Columbia","2021A000259","Persons","249","units","0","v3","11","2857268","","","","0"
"1982-04-01","British Columbia","2021A000259","Persons","249","units","0","v3","11","2865557","","","","0"
"1982-07-01","British Columbia","2021A000259","Persons","249","units","0","v3","11","2876513","","","","0"
"1982-10-01","British Columbia","2021A000259","Persons","249","units","0","v3","11","2885875","","","","0"
"1983-01-01","British Columbia","2021A000259","Persons","249","units","0","v3","11","2891441","","","","0"
"1983-04-01","British Columbia","2021A000259","Persons","249","units","0","v3","11","2898574","","","","0"
"1983-07-01","British Columbia","2021A000259","Persons","249","units","0","v3","11","2907502","","","","0"
"1983-10-01","British Columbia","2021A000259","Persons","249","units","0","v3","11","2919166","","","","0"
"1984-01-01","British Columbia","2021A000259","Persons","249","units","0","v3","11","2927258","","","","0"
"1984-04-01","British Columbia","2021A000259","Persons","249","units","0","v3","11","2935384","","","","0"
"1984-07-01","British Columbia","2021A000259","Persons","249","units","0","v3","11","2947181","","","","0"
"1984-10-01","British Columbia","2021A000259","Persons","249","units","0","v3","11","2956332","","","","0"
"1985-01-01","British Columbia","2021A000259","Persons","249","units","0","v3","11","2962108","","","","0"
"1985-04-01","British Columbia","2021A000259","Persons","249","units","0","v3","11","2967584","","","","0"
"1985-07-01","British Columbia","2021A000259","Persons","249","units","0","v3","11","2975131","","","","0"
"1985-10-01","British Columbia","2021A000259","Persons","249","units","0","v3","11","2984237","","","","0"
"1986-01-01","British Columbia","2021A000259","Persons","249","units","0","v3","11","2988964","","","","0"
"1986-04-01","British Columbia","2021A000259","Persons","249","units","0","v3","11","2994267","","","","0"
"1986-07-01","British Columbia","2021A000259","Persons","249","units","0","v3","11","3003621","","","","0"
"1986-10-01","British Columbia","2021A000259","Persons","249","units","0","v3","11","3015876","","","","0"
"1987-01-01","British Columbia","2021A000259","Persons","249","units","0","v3","11","3021900","","","","0"
"1987-04-01","British Columbia","2021A000259","Persons","249","units","0","v3","11","3032807","","","","0"
"1987-07-01","British Columbia","2021A000259","Persons","249","units","0","v3","11","3048651","","","","0"
"1987-10-01","British Columbia","2021A000259","Persons","249","units","0","v3","11","3068995","","","","0"
"1988-01-01","British Columbia","2021A000259","Persons","249","units","0","v3","11","3081368","","","","0"
"1988-04-01","British Columbia","2021A000259","Persons","249","units","0","v3","11","3094274","","","","0"
"1988-07-01","British Columbia","2021A000259","Persons","249","units","0","v3","11","3114761","","","","0"
"1988-10-01","British Columbia","2021A000259","Persons","249","units","0","v3","11","3141854","","","","0"
"1989-01-01","British Columbia","2021A000259","Persons","249","units","0","v3","11","3158092","","","","0"
"1989-04-01","British Columbia","2021A000259","Persons","249","units","0","v3","11","3174623","","","","0"
"1989-07-01","British Columbia","2021A000259","Persons","249","units","0","v3","11","3196725","","","","0"
"1989-10-01","British Columbia","2021A000259","Persons","249","units","0","v3","11","3229220","","","","0"
"1990-01-01","British Columbia","2021A000259","Persons","249","units","0","v3","11","3247419","","","","0"
"1990-04-01","British Columbia","2021A000259","Persons","249","units","0","v3","11","3266888","","","","0"
"1990-07-01","British Columbia","2021A000259","Persons","249","units","0","v3","11","3292111","","","","0"
"1990-10-01","British Columbia","2021A000259","Persons","249","units","0","v3","11","3322896","","","","0"
"1991-01-01","British Columbia","2021A000259","Persons","249","units","0","v3","11","3339935","","","","0"
"1991-04-01","British Columbia","2021A000259","Persons","249","units","0","v3","11","3352585","","","","0"
"1991-07-01","British Columbia","2021A000259","Persons","249","units","0","v3","11","3373787","","","","0"
"1991-10-01","British Columbia","2021A000259","Persons","249","units","0","v3","11","3404049","","","","0"
"1992-01-01","British Columbia","2021A000259","Persons","249","units","0","v3","11","3423217","","","","0"
"1992-04-01","British Columbia","2021A000259","Persons","249","units","0","v3","11","3443237","","","","0"
"1992-07-01","British Columbia","2021A000259","Persons","249","units","0","v3","11","3468802","","","","0"
"1992-10-01","British Columbia","2021A000259","Persons","249","units","0","v3","11","3502209","","","","0"
"1993-01-01","British Columbia","2021A000259","Persons","249","units","0","v3","11","3522509","","","","0"
"1993-04-01","British Columbia","2021A000259","Persons","249","units","0","v3","11","3541936","","","","0"
"1993-07-01","British Columbia","2021A000259","Persons","249","units","0","v3","11","3567772","","","","0"
"1993-10-01","British Columbia","2021A000259","Persons","249","units","0","v3","11","3601746","","","","0"
"1994-01-01","British Columbia","2021A000259","Persons","249","units","0","v3","11","3623717","","","","0"
"1994-04-01","British Columbia","2021A000259","Persons","249","units","0","v3","11","3646632","","","","0"
"1994-07-01","British Columbia","2021A000259","Persons","249","units","0","v3","11","3676075","","","","0"
"1994-10-01","British Columbia","2021A000259","Persons","249","units","0","v3","11","3711468","","","","0"
"1995-01-01","British Columbia","2021A000259","Persons","249","units","0","v3","11","3730564","","","","0"
"1995-04-01","British Columbia","2021A000259","Persons","249","units","0","v3","11","3751377","","","","0"
"1995-07-01","British Columbia","2021A000259","Persons","249","units","0","v3","11","3777390","","","","0"
"1995-10-01","British Columbia","2021A000259","Persons","249","units","0","v3","11","3805461","","","","0"
"1996-01-01","British Columbia","2021A000259","Persons","249","units","0","v3","11","3826739","","","","0"
"1996-04-01","British Columbia","2021A000259","Persons","249","units","0","v3","11","3849847","","","","0"
"1996-07-01","British Columbia","2021A000259","Persons","249","units","0","v3","11","3874317","","","","0"
"1996-10-01","British Columbia","2021A000259","Persons","249","units","0","v3","11","3899256","","","","0"
"1997-01-01","British Columbia","2021A000259","Persons","249","units","0","v3","11","3914490","","","","0"
"1997-04-01","British Columbia","2021A000259","Persons","249","units","0","v3","11","3931056","","","","0"
"1997-07-01","British Columbia","2021A000259","Persons","249","units","0","v3","11","3948583","","","","0"
"1997-10-01","British Columbia","2021A000259","Persons","249","units","0","v3","11","3964677","","","","0"
"1998-01-01","British Columbia","2021A000259","Persons","249","units","0","v3","11","3972821","","","","0"
"1998-04-01","British Columbia","2021A000259","Persons","249","units","0","v3","11","3977912","","","","0"
"1998-07-01","British Columbia","2021A000259","Persons","249","units","0","v3","11","3983113","","","","0"
"1998-10-01","British Columbia","2021A000259","Persons","249","units","0","v3","11","3990451","","","","0"
"1999-01-01","British Columbia","2021A000259","Persons","249","units","0","v3","11","3995643","","","","0"
"1999-04-01","British Columbia","2021A000259","Persons","249","units","0","v3","11","4002433","","","","0"
"1999-07-01","British Columbia","2021A000259","Persons","249","units","0","v3","11","4011375","","","","0"
"1999-10-01","British Columbia","2021A000259","Persons","249","units","0","v3","11","4021600","","","","0"
"2000-01-01","British Columbia","2021A000259","Persons","249","units","0","v3","11","4026664","","","","0"
"2000-04-01","British Columbia","2021A000259","Persons","249","units","0","v3","11","4033319","","","","0"
"2000-07-01","British Columbia","2021A000259","Persons","249","units","0","v3","11","4039230","","","","0"
"2000-10-01","British Columbia","2021A000259","Persons","249","units","0","v3","11","4049297","","","","0"
"2001-01-01","British Columbia","2021A000259","Persons","249","units","0","v3","11","4055229","","","","0"
"2001-04-01","British Columbia","2021A000259","Persons","249","units","0","v3","11","4066132","","","","0"
"2001-07-01","British Columbia","2021A000259","Persons","249","units","0","v3","11","4076896","","","","0"
"2001-10-01","British Columbia","2021A000259","Persons","249","units","0","v3","11","4085595","","","","0"
"2002-01-01","British Columbia","2021A000259","Persons","249","units","0","v3","11","4087124","","","","0"
"2002-04-01","British Columbia","2021A000259","Persons","249","units","0","v3","11","4094170","","","","0"
"2002-07-01","British Columbia","2021A000259","Persons","249","units","0","v3","11","4100504","","","","0"
"2002-10-01","British Columbia","2021A000259","Persons","249","units","0","v3","11","4108351","","","","0"
"2003-01-01","British Columbia","2021A000259","Persons","249","units","0","v3","11","4110197","","","","0"
"2003-04-01","British Columbia","2021A000259","Persons","249","units","0","v3","11","4114884","","","","0"
"2003-07-01","British Columbia","2021A000259","Persons","249","units","0","v3","11","4124447","","","","0"
"2003-10-01","British Columbia","2021A000259","Persons","249","units","0","v3","11","4134598","","","","0"
"2004-01-01","British Columbia","2021A000259","Persons","249","units","0","v3","11","4139895","","","","0"
"2004-04-01","British Columbia","2021A000259","Persons","249","units","0","v3","11","4145916","","","","0"
"2004-07-01","British Columbia","2021A000259","Persons","249","units","0","v3","11","4155630","","","","0"
"2004-10-01","British Columbia","2021A000259","Persons","249","units","0","v3","11","4167802","","","","0"
"2005-01-01","British Columbia","2021A000259","Persons","249","units","0","v3","11","4174017","","","","0"
"2005-04-01","British Columbia","2021A000259","Persons","249","units","0","v3","11","4182971","","","","0"
"2005-07-01","British Columbia","2021A000259","Persons","249","units","0","v3","11","4196076","","","","0"
"2005-10-01","British Columbia","2021A000259","Persons","249","units","0","v3","11","4212674","","","","0"
"2006-01-01","British Columbia","2021A000259","Persons","249","units","0","v3","11","4217956","","","","0"
"2006-04-01","British Columbia","2021A000259","Persons","249","units","0","v3","11","4227980","","","","0"
"2006-07-01","British Columbia","2021A000259","Persons","249","units","0","v3","11","4241793","","","","0"
"2006-10-01","British Columbia","2021A000259","Persons","249","units","0","v3","11","4258653","","","","0"
"2007-01-01","British Columbia","2021A000259","Persons","249","units","0","v3","11","4265328","","","","0"
"2007-04-01","British Columbia","2021A000259","Persons","249","units","0","v3","11","4276745","","","","0"
"2007-07-01","British Columbia","2021A000259","Persons","249","units","0","v3","11","4290987","","","","0"
"2007-10-01","British Columbia","2021A000259","Persons","249","units","0","v3","11","4312048","","","","0"
"2008-01-01","British Columbia","2021A000259","Persons","249","units","0","v3","11","4319657","","","","0"
"2008-04-01","British Columbia","2021A000259","Persons","249","units","0","v3","11","4331706","","","","0"
"2008-07-01","British Columbia","2021A000259","Persons","249","units","0","v3","11","4349338","","","","0"
"2008-10-01","British Columbia","2021A000259","Persons","249","units","0","v3","11","4371128","","","","0"
"2009-01-01","British Columbia","2021A000259","Persons","249","units","0","v3","11","4381832","","","","0"
"2009-04-01","British Columbia","2021A000259","Persons","249","units","0","v3","11","4395197","","","","0"
"2009-07-01","British Columbia","2021A000259","Persons","249","units","0","v3","11","4410513","","","","0"
"2009-10-01","British Columbia","2021A000259","Persons","249","units","0","v3","11","4431587","","","","0"
"2010-01-01","British Columbia","2021A000259","Persons","249","units","0","v3","11","4441345","","","","0"
"2010-04-01","British Columbia","2021A000259","Persons","249","units","0","v3","11","4453756","","","","0"
"2010-07-01","British Columbia","2021A000259","Persons","249","units","0","v3","11","4465557","","","","0"
"2010-10-01","British Columbia","2021A000259","Persons","249","units","0","v3","11","4483613","","","","0"
"2011-01-01","British Columbia","2021A000259","Persons","249","units","0","v3","11","4482262","","","","0"
"2011-04-01","British Columbia","2021A000259","Persons","249","units","0","v3","11","4488509","","","","0"
"2011-07-01","British Columbia","2021A000259","Persons","249","units","0","v3","11","4503819","","","","0"
"2011-10-01","British Columbia","2021A000259","Persons","249","units","0","v3","11","4529186","","","","0"
"2012-01-01","British Columbia","2021A000259","Persons","249","units","0","v3","11","4539775","","","","0"
"2012-04-01","British Columbia","2021A000259","Persons","249","units","0","v3","11","4552320","","","","0"
"2012-07-01","British Columbia","2021A000259","Persons","249","units","0","v3","11","4570866","","","","0"
"2012-10-01","British Columbia","2021A000259","Persons","249","units","0","v3","11","4594846","","","","0"
"2013-01-01","British Columbia","2021A000259","Persons","249","units","0","v3","11","4602742","","","","0"
"2013-04-01","British Columbia","2021A000259","Persons","249","units","0","v3","11","4616335","","","","0"
"2013-07-01","British Columbia","2021A000259","Persons","249","units","0","v3","11","4634943","","","","0"
"2013-10-01","British Columbia","2021A000259","Persons","249","units","0","v3","11","4663919","","","","0"
"2014-01-01","British Columbia","2021A000259","Persons","249","units","0","v3","11","4672025","","","","0"
"2014-04-01","British Columbia","2021A000259","Persons","249","units","0","v3","11","4689892","","","","0"
"2014-07-01","British Columbia","2021A000259","Persons","249","units","0","v3","11","4712691","","","","0"
"2014-10-01","British Columbia","2021A000259","Persons","249","units","0","v3","11","4743505","","","","0"
"2015-01-01","British Columbia","2021A000259","Persons","249","units","0","v3","11","4751439","","","","0"
"2015-04-01","British Columbia","2021A000259","Persons","249","units","0","v3","11","4763917","","","","0"
"2015-07-01","British Columbia","2021A000259","Persons","249","units","0","v3","11","4765472","","","","0"
"2015-10-01","British Columbia","2021A000259","Persons","249","units","0","v3","11","4795547","","","","0"
"2016-01-01","British Columbia","2021A000259","Persons","249","units","0","v3","11","4807562","","","","0"
"2016-04-01","British Columbia","2021A000259","Persons","249","units","0","v3","11","4831042","","","","0"
"2016-07-01","British Columbia","2021A000259","Persons","249","units","0","v3","11","4861269","","","","0"
"2016-10-01","British Columbia","2021A000259","Persons","249","units","0","v3","11","4886638","","","","0"
"2017-01-01","British Columbia","2021A000259","Persons","249","units","0","v3","11","4894147","","","","0"
"2017-04-01","British Columbia","2021A000259","Persons","249","units","0","v3","11","4908971","","","","0"
"2017-07-01","British Columbia","2021A000259","Persons","249","units","0","v3","11","4934202","","","","0"
"2017-10-01","British Columbia","2021A000259","Persons","249","units","0","v3","11","4962706","","","","0"
"2018-01-01","British Columbia","2021A000259","Persons","249","units","0","v3","11","4974712","","","","0"
"2018-04-01","British Columbia","2021A000259","Persons","249","units","0","v3","11","4991716","","","","0"
"2018-07-01","British Columbia","2021A000259","Persons","249","units","0","v3","11","5020979","","","","0"
"2018-10-01","British Columbia","2021A000259","Persons","249","units","0","v3","11","5052131","","","","0"
"2019-01-01","British Columbia","2021A000259","Persons","249","units","0","v3","11","5061132","","","","0"
"2019-04-01","British Columbia","2021A000259","Persons","249","units","0","v3","11","5080515","","","","0"
"2019-07-01","British Columbia","2021A000259","Persons","249","units","0","v3","11","5111022","","","","0"
"2019-10-01","British Columbia","2021A000259","Persons","249","units","0","v3","11","5148047","","","","0"
"2020-01-01","British Columbia","2021A000259","Persons","249","units","0","v3","11","5157053","","","","0"
"2020-04-01","British Columbia","2021A000259","Persons","249","units","0","v3","11","5169535","","","","0"
"2020-07-01","British Columbia","2021A000259","Persons","249","units","0","v3","11","5176101","","","","0"
"2020-10-01","British Columbia","2021A000259","Persons","249","units","0","v3","11","5173896","","","","0"
"2021-01-01","British Columbia","2021A000259","Persons","249","units","0","v3","11","5180015","","","","0"
"2021-04-01","British Columbia","2021A000259","Persons","249","units","0","v3","11","5200393","","","","0"
"2021-07-01","British Columbia","2021A000259","Persons","249","units","0","v3","11","5226665","","","","0"
"2021-10-01","British Columbia","2021A000259","Persons","249","units","0","v3","11","5270096","","","","0"
"2022-01-01","British Columbia","2021A000259","Persons","249","units","0","v3","11","5285835","","","","0"
"2022-04-01","British Columbia","2021A000259","Persons","249","units","0","v3","11","5310232","","","","0"
"2022-07-01","British Columbia","2021A000259","Persons","249","units","0","v3","11","5356870","","","","0"
"2022-10-01","British Columbia","2021A000259","Persons","249","units","0","v3","11","5403857","","","","0"
"2023-01-01","British Columbia","2021A000259","Persons","249","units","0","v3","11","5427786","","","","0"
"2023-04-01","British Columbia","2021A000259","Persons","249","units","0","v3","11","5458417","","","","0"
"2023-07-01","British Columbia","2021A000259","Persons","249","units","0","v3","11","5512217","","","","0"
"2023-10-01","British Columbia","2021A000259","Persons","249","units","0","v3","11","5569929","","","","0"
"2024-01-01","British Columbia","2021A000259","Persons","249","units","0","v3","11","5594479","","","","0"
"2024-04-01","British Columbia","2021A000259","Persons","249","units","0","v3","11","5628073","","","","0"
"2024-07-01","British Columbia","2021A000259","Persons","249","units","0","v3","11","5659205","","","","0"
"2024-10-01","British Columbia","2021A000259","Persons","249","units","0","v3","11","5684774","","","","0"
"2025-01-01","British Columbia","2021A000259","Persons","249","units","0","v3","11","5684439","","","","0"
"2025-04-01","British Columbia","2021A000259","Persons","249","units","0","v3","11","5687504","","","","0"
"2025-07-01","British Columbia","2021A000259","Persons","249","units","0","v3","11","5702544","","","","0"
"2025-10-01","British Columbia","2021A000259","Persons","249","units","0","v3","11","5716602","","","","0"
"2026-01-01","British Columbia","2021A000259","Persons","249","units","0","v3","11","5706331","","","","0"
"2026-04-01","British Columbia","2021A000259","Persons","249","units","0","v3","11","5703683","","","","0"
"2026-07-01","British Columbia","2021A000259","Persons","249","units","0","v3","11","5710598","","","","0"
"1951-07-01","Yukon","2021A000260","Persons","249","units","0","v4","12","9000","","","","0"
"1951-10-01","Yukon","2021A000260","Persons","249","units","0","v4","12","9000","","","","0"
"1952-01-01","Yukon","2021A000260","Persons","249","units","0","v4","12","9000","","","","0"
"1952-04-01","Yukon","2021A000260","Persons","249","units","0","v4","12","9000","","","","0"
"1952-07-01","Yukon","2021A000260","Persons","249","units","0","v4","12","9000","","","","0"
"1952-10-01","Yukon","2021A000260","Persons","249","units","0","v4","12","9000","","","","0"
"1953-01-01","Yukon","2021A000260","Persons","249","units","0","v4","12","9000","","","","0"
"1953-04-01","Yukon","2021A000260","Persons","249","units","0","v4","12","9000","","","","0"
"1953-07-01","Yukon","2021A000260","Persons","249","units","0","v4","12","9000","","","","0"
"1953-10-01","Yukon","2021A000260","Persons","249","units","0","v4","12","9000","","","","0"
"1954-01-01","Yukon","2021A000260","Persons","249","units","0","v4","12","9000","","","","0"
"1954-04-01","Yukon","2021A000260","Persons","249","units","0","v4","12","10000","","","","0"
"1954-07-01","Yukon","2021A000260","Persons","249","units","0","v4","12","10000","","","","0"
"1954-10-01","Yukon","2021A000260","Persons","249","units","0","v4","12","10000","","","","0"
"1955-01-01","Yukon","2021A000260","Persons","249","units","0","v4","12","11000","","","","0"
"1955-04-01","Yukon","2021A000260","Persons","249","units","0","v4","12","11000","","","","0"
"1955-07-01","Yukon","2021A000260","Persons","249","units","0","v4","12","11000","","","","0"
"1955-10-01","Yukon","2021A000260","Persons","249","units","0","v4","12","12000","","","","0"
"1956-01-01","Yukon","2021A000260","Persons","249","units","0","v4","12","12000","","","","0"
"1956-04-01","Yukon","2021A000260","Persons","249","units","0","v4","12","12000","","","","0"
"1956-07-01","Yukon","2021A000260","Persons","249","units","0","v4","12","12000","","","","0"
"1956-10-01","Yukon","2021A000260","Persons","249","units","0","v4","12","12000","","","","0"
"1957-01-01","Yukon","2021A000260","Persons","249","units","0","v4","12","12000","","","","0"
"1957-04-01","Yukon","2021A000260","Persons","249","units","0","v4","12","12000","","","","0"
"1957-07-01","Yukon","2021A000260","Persons","249","units","0","v4","12","12000","","","","0"
"1957-10-01","Yukon","2021A000260","Persons","249","units","0","v4","12","13000","","","","0"
"1958-01-01","Yukon","2021A000260","Persons","249","units","0","v4","12","13000","","","","0"
"1958-04-01","Yukon","2021A000260","Persons","249","units","0","v4","12","13000","","","","0"
"1958-07-01","Yukon","2021A000260","Persons","249","units","0","v4","12","13000","","","","0"
"1958-10-01","Yukon","2021A000260","Persons","249","units","0","v4","12","13000","","","","0"
"1959-01-01","Yukon","2021A000260","Persons","249","units","0","v4","12","13000","","","","0"
"1959-04-01","Yukon","2021A000260","Persons","249","units","0","v4","12","13000","","","","0"
"1959-07-01","Yukon","2021A000260","Persons","249","units","0","v4","12","13000","","","","0"
"1959-10-01","Yukon","2021A000260","Persons","249","units","0","v4","12","13000","","","","0"
"1960-01-01","Yukon","2021A000260","Persons","249","units","0","v4","12","14000","","","","0"
"1960-04-01","Yukon","2021A000260","Persons","249","units","0","v4","12","14000","","","","0"
"1960-07-01","Yukon","2021A000260","Persons","249","units","0","v4","12","14000","","","","0"
"1960-10-01","Yukon","2021A000260","Persons","249","units","0","v4","12","14000","","","","0"
"1961-01-01","Yukon","2021A000260","Persons","249","units","0","v4","12","14000","","","","0"
"1961-04-01","Yukon","2021A000260","Persons","249","units","0","v4","12","14000","","","","0"
"1961-07-01","Yukon","2021A000260","Persons","249","units","0","v4","12","15000","","","","0"
"1961-10-01","Yukon","2021A000260","Persons","249","units","0","v4","12","15000","","","","0"
"1962-01-01","Yukon","2021A000260","Persons","249","units","0","v4","12","15000","","","","0"
"1962-04-01","Yukon","2021A000260","Persons","249","units","0","v4","12","15000","","","","0"
"1962-07-01","Yukon","2021A000260","Persons","249","units","0","v4","12","15000","","","","0"
"1962-10-01","Yukon","2021A000260","Persons","249","units","0","v4","12","15000","","","","0"
"1963-01-01","Yukon","2021A000260","Persons","249","units","0","v4","12","15000","","","","0"
"1963-04-01","Yukon","2021A000260","Persons","249","units","0","v4","12","15000","","","","0"
"1963-07-01","Yukon","2021A000260","Persons","249","units","0","v4","12","15000","","","","0"
"1963-10-01","Yukon","2021A000260","Persons","249","units","0","v4","12","15000","","","","0"
"1964-01-01","Yukon","2021A000260","Persons","249","units","0","v4","12","15000","","","","0"
"1964-04-01","Yukon","2021A000260","Persons","249","units","0","v4","12","15000","","","","0"
"1964-07-01","Yukon","2021A000260","Persons","249","units","0","v4","12","15000","","","","0"
"1964-10-01","Yukon","2021A000260","Persons","249","units","0","v4","12","15000","","","","0"
"1965-01-01","Yukon","2021A000260","Persons","249","units","0","v4","12","15000","","","","0"
"1965-04-01","Yukon","2021A000260","Persons","249","units","0","v4","12","15000","","","","0"
"1965-07-01","Yukon","2021A000260","Persons","249","units","0","v4","12","14000","","","","0"
"1965-10-01","Yukon","2021A000260","Persons","249","units","0","v4","12","15000","","","","0"
"1966-01-01","Yukon","2021A000260","Persons","249","units","0","v4","12","15000","","","","0"
"1966-04-01","Yukon","2021A000260","Persons","249","units","0","v4","12","14000","","","","0"
"1966-07-01","Yukon","2021A000260","Persons","249","units","0","v4","12","14000","","","","0"
"1966-10-01","Yukon","2021A000260","Persons","249","units","0","v4","12","15000","","","","0"
"1967-01-01","Yukon","2021A000260","Persons","249","units","0","v4","12","15000","","","","0"
"1967-04-01","Yukon","2021A000260","Persons","249","units","0","v4","12","15000","","","","0"
"1967-07-01","Yukon","2021A000260","Persons","249","units","0","v4","12","15000","","","","0"
"1967-10-01","Yukon","2021A000260","Persons","249","units","0","v4","12","15000","","","","0"
"1968-01-01","Yukon","2021A000260","Persons","249","units","0","v4","12","15000","","","","0"
"1968-04-01","Yukon","2021A000260","Persons","249","units","0","v4","12","15000","","","","0"
"1968-07-01","Yukon","2021A000260","Persons","249","units","0","v4","12","16000","","","","0"
"1968-10-01","Yukon","2021A000260","Persons","249","units","0","v4","12","16000","","","","0"
"1969-01-01","Yukon","2021A000260","Persons","249","units","0","v4","12","16000","","","","0"
"1969-04-01","Yukon","2021A000260","Persons","249","units","0","v4","12","16000","","","","0"
"1969-07-01","Yukon","2021A000260","Persons","249","units","0","v4","12","16000","","","","0"
"1969-10-01","Yukon","2021A000260","Persons","249","units","0","v4","12","16000","","","","0"
"1970-01-01","Yukon","2021A000260","Persons","249","units","0","v4","12","17000","","","","0"
"1970-04-01","Yukon","2021A000260","Persons","249","units","0","v4","12","17000","","","","0"
"1970-07-01","Yukon","2021A000260","Persons","249","units","0","v4","12","17000","","","","0"
"1970-10-01","Yukon","2021A000260","Persons","249","units","0","v4","12","17000","","","","0"
"1971-01-01","Yukon","2021A000260","Persons","249","units","0","v4","12","18000","","","","0"
"1971-04-01","Yukon","2021A000260","Persons","249","units","0","v4","12","18000","","","","0"
"1971-07-01","Yukon","2021A000260","Persons","249","units","0","v4","12","18991","","","","0"
"1971-10-01","Yukon","2021A000260","Persons","249","units","0","v4","12","19462","","","","0"
"1972-01-01","Yukon","2021A000260","Persons","249","units","0","v4","12","19723","","","","0"
"1972-04-01","Yukon","2021A000260","Persons","249","units","0","v4","12","19859","","","","0"
"1972-07-01","Yukon","2021A000260","Persons","249","units","0","v4","12","20143","","","","0"
"1972-10-01","Yukon","2021A000260","Persons","249","units","0","v4","12","20570","","","","0"
"1973-01-01","Yukon","2021A000260","Persons","249","units","0","v4","12","20813","","","","0"
"1973-04-01","Yukon","2021A000260","Persons","249","units","0","v4","12","20968","","","","0"
"1973-07-01","Yukon","2021A000260","Persons","249","units","0","v4","12","21148","","","","0"
"1973-10-01","Yukon","2021A000260","Persons","249","units","0","v4","12","20874","","","","0"
"1974-01-01","Yukon","2021A000260","Persons","249","units","0","v4","12","20973","","","","0"
"1974-04-01","Yukon","2021A000260","Persons","249","units","0","v4","12","20895","","","","0"
"1974-07-01","Yukon","2021A000260","Persons","249","units","0","v4","12","21069","","","","0"
"1974-10-01","Yukon","2021A000260","Persons","249","units","0","v4","12","21335","","","","0"
"1975-01-01","Yukon","2021A000260","Persons","249","units","0","v4","12","21580","","","","0"
"1975-04-01","Yukon","2021A000260","Persons","249","units","0","v4","12","21692","","","","0"
"1975-07-01","Yukon","2021A000260","Persons","249","units","0","v4","12","21908","","","","0"
"1975-10-01","Yukon","2021A000260","Persons","249","units","0","v4","12","22214","","","","0"
"1976-01-01","Yukon","2021A000260","Persons","249","units","0","v4","12","22259","","","","0"
"1976-04-01","Yukon","2021A000260","Persons","249","units","0","v4","12","22263","","","","0"
"1976-07-01","Yukon","2021A000260","Persons","249","units","0","v4","12","22441","","","","0"
"1976-10-01","Yukon","2021A000260","Persons","249","units","0","v4","12","22509","","","","0"
"1977-01-01","Yukon","2021A000260","Persons","249","units","0","v4","12","22262","","","","0"
"1977-04-01","Yukon","2021A000260","Persons","249","units","0","v4","12","22308","","","","0"
"1977-07-01","Yukon","2021A000260","Persons","249","units","0","v4","12","22462","","","","0"
"1977-10-01","Yukon","2021A000260","Persons","249","units","0","v4","12","22747","","","","0"
"1978-01-01","Yukon","2021A000260","Persons","249","units","0","v4","12","22668","","","","0"
"1978-04-01","Yukon","2021A000260","Persons","249","units","0","v4","12","22834","","","","0"
"1978-07-01","Yukon","2021A000260","Persons","249","units","0","v4","12","23157","","","","0"
"1978-10-01","Yukon","2021A000260","Persons","249","units","0","v4","12","23120","","","","0"
"1979-01-01","Yukon","2021A000260","Persons","249","units","0","v4","12","22845","","","","0"
"1979-04-01","Yukon","2021A000260","Persons","249","units","0","v4","12","22845","","","","0"
"1979-07-01","Yukon","2021A000260","Persons","249","units","0","v4","12","22972","","","","0"
"1979-10-01","Yukon","2021A000260","Persons","249","units","0","v4","12","23036","","","","0"
"1980-01-01","Yukon","2021A000260","Persons","249","units","0","v4","12","22834","","","","0"
"1980-04-01","Yukon","2021A000260","Persons","249","units","0","v4","12","22876","","","","0"
"1980-07-01","Yukon","2021A000260","Persons","249","units","0","v4","12","23019","","","","0"
"1980-10-01","Yukon","2021A000260","Persons","249","units","0","v4","12","23380","","","","0"
"1981-01-01","Yukon","2021A000260","Persons","249","units","0","v4","12","23311","","","","0"
"1981-04-01","Yukon","2021A000260","Persons","249","units","0","v4","12","23517","","","","0"
"1981-07-01","Yukon","2021A000260","Persons","249","units","0","v4","12","23880","","","","0"
"1981-10-01","Yukon","2021A000260","Persons","249","units","0","v4","12","24120","","","","0"
"1982-01-01","Yukon","2021A000260","Persons","249","units","0","v4","12","24302","","","","0"
"1982-04-01","Yukon","2021A000260","Persons","249","units","0","v4","12","24571","","","","0"
"1982-07-01","Yukon","2021A000260","Persons","249","units","0","v4","12","24668","","","","0"
"1982-10-01","Yukon","2021A000260","Persons","249","units","0","v4","12","24320","","","","0"
"1983-01-01","Yukon","2021A000260","Persons","249","units","0","v4","12","23838","","","","0"
"1983-04-01","Yukon","2021A000260","Persons","249","units","0","v4","12","23702","","","","0"
"1983-07-01","Yukon","2021A000260","Persons","249","units","0","v4","12","23664","","","","0"
"1983-10-01","Yukon","2021A000260","Persons","249","units","0","v4","12","23760","","","","0"
"1984-01-01","Yukon","2021A000260","Persons","249","units","0","v4","12","23544","","","","0"
"1984-04-01","Yukon","2021A000260","Persons","249","units","0","v4","12","23603","","","","0"
"1984-07-01","Yukon","2021A000260","Persons","249","units","0","v4","12","23921","","","","0"
"1984-10-01","Yukon","2021A000260","Persons","249","units","0","v4","12","24168","","","","0"
"1985-01-01","Yukon","2021A000260","Persons","249","units","0","v4","12","24156","","","","0"
"1985-04-01","Yukon","2021A000260","Persons","249","units","0","v4","12","24245","","","","0"
"1985-07-01","Yukon","2021A000260","Persons","249","units","0","v4","12","24375","","","","0"
"1985-10-01","Yukon","2021A000260","Persons","249","units","0","v4","12","24458","","","","0"
"1986-01-01","Yukon","2021A000260","Persons","249","units","0","v4","12","24359","","","","0"
"1986-04-01","Yukon","2021A000260","Persons","249","units","0","v4","12","24364","","","","0"
"1986-07-01","Yukon","2021A000260","Persons","249","units","0","v4","12","24430","","","","0"
"1986-10-01","Yukon","2021A000260","Persons","249","units","0","v4","12","24782","","","","0"
"1987-01-01","Yukon","2021A000260","Persons","249","units","0","v4","12","25125","","","","0"
"1987-04-01","Yukon","2021A000260","Persons","249","units","0","v4","12","25386","","","","0"
"1987-07-01","Yukon","2021A000260","Persons","249","units","0","v4","12","25706","","","","0"
"1987-10-01","Yukon","2021A000260","Persons","249","units","0","v4","12","25808","","","","0"
"1988-01-01","Yukon","2021A000260","Persons","249","units","0","v4","12","25902","","","","0"
"1988-04-01","Yukon","2021A000260","Persons","249","units","0","v4","12","26335","","","","0"
"1988-07-01","Yukon","2021A000260","Persons","249","units","0","v4","12","26653","","","","0"
"1988-10-01","Yukon","2021A000260","Persons","249","units","0","v4","12","26582","","","","0"
"1989-01-01","Yukon","2021A000260","Persons","249","units","0","v4","12","26898","","","","0"
"1989-04-01","Yukon","2021A000260","Persons","249","units","0","v4","12","27053","","","","0"
"1989-07-01","Yukon","2021A000260","Persons","249","units","0","v4","12","27167","","","","0"
"1989-10-01","Yukon","2021A000260","Persons","249","units","0","v4","12","27197","","","","0"
"1990-01-01","Yukon","2021A000260","Persons","249","units","0","v4","12","27605","","","","0"
"1990-04-01","Yukon","2021A000260","Persons","249","units","0","v4","12","27824","","","","0"
"1990-07-01","Yukon","2021A000260","Persons","249","units","0","v4","12","27957","","","","0"
"1990-10-01","Yukon","2021A000260","Persons","249","units","0","v4","12","28023","","","","0"
"1991-01-01","Yukon","2021A000260","Persons","249","units","0","v4","12","28223","","","","0"
"1991-04-01","Yukon","2021A000260","Persons","249","units","0","v4","12","28494","","","","0"
"1991-07-01","Yukon","2021A000260","Persons","249","units","0","v4","12","28871","","","","0"
"1991-10-01","Yukon","2021A000260","Persons","249","units","0","v4","12","29142","","","","0"
"1992-01-01","Yukon","2021A000260","Persons","249","units","0","v4","12","29239","","","","0"
"1992-04-01","Yukon","2021A000260","Persons","249","units","0","v4","12","29510","","","","0"
"1992-07-01","Yukon","2021A000260","Persons","249","units","0","v4","12","30084","","","","0"
"1992-10-01","Yukon","2021A000260","Persons","249","units","0","v4","12","30034","","","","0"
"1993-01-01","Yukon","2021A000260","Persons","249","units","0","v4","12","29964","","","","0"
"1993-04-01","Yukon","2021A000260","Persons","249","units","0","v4","12","30112","","","","0"
"1993-07-01","Yukon","2021A000260","Persons","249","units","0","v4","12","30337","","","","0"
"1993-10-01","Yukon","2021A000260","Persons","249","units","0","v4","12","30016","","","","0"
"1994-01-01","Yukon","2021A000260","Persons","249","units","0","v4","12","29670","","","","0"
"1994-04-01","Yukon","2021A000260","Persons","249","units","0","v4","12","29682","","","","0"
"1994-07-01","Yukon","2021A000260","Persons","249","units","0","v4","12","29684","","","","0"
"1994-10-01","Yukon","2021A000260","Persons","249","units","0","v4","12","29606","","","","0"
"1995-01-01","Yukon","2021A000260","Persons","249","units","0","v4","12","29882","","","","0"
"1995-04-01","Yukon","2021A000260","Persons","249","units","0","v4","12","30143","","","","0"
"1995-07-01","Yukon","2021A000260","Persons","249","units","0","v4","12","30442","","","","0"
"1995-10-01","Yukon","2021A000260","Persons","249","units","0","v4","12","30875","","","","0"
"1996-01-01","Yukon","2021A000260","Persons","249","units","0","v4","12","30963","","","","0"
"1996-04-01","Yukon","2021A000260","Persons","249","units","0","v4","12","31142","","","","0"
"1996-07-01","Yukon","2021A000260","Persons","249","units","0","v4","12","31387","","","","0"
"1996-10-01","Yukon","2021A000260","Persons","249","units","0","v4","12","31596","","","","0"
"1997-01-01","Yukon","2021A000260","Persons","249","units","0","v4","12","31633","","","","0"
"1997-04-01","Yukon","2021A000260","Persons","249","units","0","v4","12","31659","","","","0"
"1997-07-01","Yukon","2021A000260","Persons","249","units","0","v4","12","31797","","","","0"
"1997-10-01","Yukon","2021A000260","Persons","249","units","0","v4","12","31556","","","","0"
"1998-01-01","Yukon","2021A000260","Persons","249","units","0","v4","12","31510","","","","0"
"1998-04-01","Yukon","2021A000260","Persons","249","units","0","v4","12","31320","","","","0"
"1998-07-01","Yukon","2021A000260","Persons","249","units","0","v4","12","31149","","","","0"
"1998-10-01","Yukon","2021A000260","Persons","249","units","0","v4","12","30877","","","","0"
"1999-01-01","Yukon","2021A000260","Persons","249","units","0","v4","12","30748","","","","0"
"1999-04-01","Yukon","2021A000260","Persons","249","units","0","v4","12","30602","","","","0"
"1999-07-01","Yukon","2021A000260","Persons","249","units","0","v4","12","30785","","","","0"
"1999-10-01","Yukon","2021A000260","Persons","249","units","0","v4","12","30608","","","","0"
"2000-01-01","Yukon","2021A000260","Persons","249","units","0","v4","12","30495","","","","0"
"2000-04-01","Yukon","2021A000260","Persons","249","units","0","v4","12","30382","","","","0"
"2000-07-01","Yukon","2021A000260","Persons","249","units","0","v4","12","30431","","","","0"
"2000-10-01","Yukon","2021A000260","Persons","249","units","0","v4","12","30294","","","","0"
"2001-01-01","Yukon","2021A000260","Persons","249","units","0","v4","12","30147","","","","0"
"2001-04-01","Yukon","2021A000260","Persons","249","units","0","v4","12","30124","","","","0"
"2001-07-01","Yukon","2021A000260","Persons","249","units","0","v4","12","30160","","","","0"
"2001-10-01","Yukon","2021A000260","Persons","249","units","0","v4","12","30079","","","","0"
"2002-01-01","Yukon","2021A000260","Persons","249","units","0","v4","12","30156","","","","0"
"2002-04-01","Yukon","2021A000260","Persons","249","units","0","v4","12","30144","","","","0"
"2002-07-01","Yukon","2021A000260","Persons","249","units","0","v4","12","30339","","","","0"
"2002-10-01","Yukon","2021A000260","Persons","249","units","0","v4","12","30268","","","","0"
"2003-01-01","Yukon","2021A000260","Persons","249","units","0","v4","12","30424","","","","0"
"2003-04-01","Yukon","2021A000260","Persons","249","units","0","v4","12","30575","","","","0"
"2003-07-01","Yukon","2021A000260","Persons","249","units","0","v4","12","30943","","","","0"
"2003-10-01","Yukon","2021A000260","Persons","249","units","0","v4","12","31219","","","","0"
"2004-01-01","Yukon","2021A000260","Persons","249","units","0","v4","12","31320","","","","0"
"2004-04-01","Yukon","2021A000260","Persons","249","units","0","v4","12","31400","","","","0"
"2004-07-01","Yukon","2021A000260","Persons","249","units","0","v4","12","31455","","","","0"
"2004-10-01","Yukon","2021A000260","Persons","249","units","0","v4","12","31688","","","","0"
"2005-01-01","Yukon","2021A000260","Persons","249","units","0","v4","12","31770","","","","0"
"2005-04-01","Yukon","2021A000260","Persons","249","units","0","v4","12","31861","","","","0"
"2005-07-01","Yukon","2021A000260","Persons","249","units","0","v4","12","31901","","","","0"
"2005-10-01","Yukon","2021A000260","Persons","249","units","0","v4","12","32127","","","","0"
"2006-01-01","Yukon","2021A000260","Persons","249","units","0","v4","12","32112","","","","0"
"2006-04-01","Yukon","2021A000260","Persons","249","units","0","v4","12","32152","","","","0"
"2006-07-01","Yukon","2021A000260","Persons","249","units","0","v4","12","32272","","","","0"
"2006-10-01","Yukon","2021A000260","Persons","249","units","0","v4","12","32361","","","","0"
"2007-01-01","Yukon","2021A000260","Persons","249","units","0","v4","12","32316","","","","0"
"2007-04-01","Yukon","2021A000260","Persons","249","units","0","v4","12","32274","","","","0"
"2007-07-01","Yukon","2021A000260","Persons","249","units","0","v4","12","32555","","","","0"
"2007-10-01","Yukon","2021A000260","Persons","249","units","0","v4","12","32663","","","","0"
"2008-01-01","Yukon","2021A000260","Persons","249","units","0","v4","12","32752","","","","0"
"2008-04-01","Yukon","2021A000260","Persons","249","units","0","v4","12","32955","","","","0"
"2008-07-01","Yukon","2021A000260","Persons","249","units","0","v4","12","33084","","","","0"
"2008-10-01","Yukon","2021A000260","Persons","249","units","0","v4","12","33307","","","","0"
"2009-01-01","Yukon","2021A000260","Persons","249","units","0","v4","12","33405","","","","0"
"2009-04-01","Yukon","2021A000260","Persons","249","units","0","v4","12","33583","","","","0"
"2009-07-01","Yukon","2021A000260","Persons","249","units","0","v4","12","33733","","","","0"
"2009-10-01","Yukon","2021A000260","Persons","249","units","0","v4","12","34027","","","","0"
"2010-01-01","Yukon","2021A000260","Persons","249","units","0","v4","12","34009","","","","0"
"2010-04-01","Yukon","2021A000260","Persons","249","units","0","v4","12","34243","","","","0"
"2010-07-01","Yukon","2021A000260","Persons","249","units","0","v4","12","34598","","","","0"
"2010-10-01","Yukon","2021A000260","Persons","249","units","0","v4","12","34790","","","","0"
"2011-01-01","Yukon","2021A000260","Persons","249","units","0","v4","12","34802","","","","0"
"2011-04-01","Yukon","2021A000260","Persons","249","units","0","v4","12","34984","","","","0"
"2011-07-01","Yukon","2021A000260","Persons","249","units","0","v4","12","35366","","","","0"
"2011-10-01","Yukon","2021A000260","Persons","249","units","0","v4","12","35578","","","","0"
"2012-01-01","Yukon","2021A000260","Persons","249","units","0","v4","12","35695","","","","0"
"2012-04-01","Yukon","2021A000260","Persons","249","units","0","v4","12","35757","","","","0"
"2012-07-01","Yukon","2021A000260","Persons","249","units","0","v4","12","36151","","","","0"
"2012-10-01","Yukon","2021A000260","Persons","249","units","0","v4","12","36347","","","","0"
"2013-01-01","Yukon","2021A000260","Persons","249","units","0","v4","12","36299","","","","0"
"2013-04-01","Yukon","2021A000260","Persons","249","units","0","v4","12","36242","","","","0"
"2013-07-01","Yukon","2021A000260","Persons","249","units","0","v4","12","36454","","","","0"
"2013-10-01","Yukon","2021A000260","Persons","249","units","0","v4","12","36384","","","","0"
"2014-01-01","Yukon","2021A000260","Persons","249","units","0","v4","12","36333","","","","0"
"2014-04-01","Yukon","2021A000260","Persons","249","units","0","v4","12","36626","","","","0"
"2014-07-01","Yukon","2021A000260","Persons","249","units","0","v4","12","37085","","","","0"
"2014-10-01","Yukon","2021A000260","Persons","249","units","0","v4","12","37223","","","","0"
"2015-01-01","Yukon","2021A000260","Persons","249","units","0","v4","12","37123","","","","0"
"2015-04-01","Yukon","2021A000260","Persons","249","units","0","v4","12","37330","","","","0"
"2015-07-01","Yukon","2021A000260","Persons","249","units","0","v4","12","37669","","","","0"
"2015-10-01","Yukon","2021A000260","Persons","249","units","0","v4","12","37730","","","","0"
"2016-01-01","Yukon","2021A000260","Persons","249","units","0","v4","12","37756","","","","0"
"2016-04-01","Yukon","2021A000260","Persons","249","units","0","v4","12","38025","","","","0"
"2016-07-01","Yukon","2021A000260","Persons","249","units","0","v4","12","38549","","","","0"
"2016-10-01","Yukon","2021A000260","Persons","249","units","0","v4","12","38724","","","","0"
"2017-01-01","Yukon","2021A000260","Persons","249","units","0","v4","12","38801","","","","0"
"2017-04-01","Yukon","2021A000260","Persons","249","units","0","v4","12","39108","","","","0"
"2017-07-01","Yukon","2021A000260","Persons","249","units","0","v4","12","39533","","","","0"
"2017-10-01","Yukon","2021A000260","Persons","249","units","0","v4","12","39705","","","","0"
"2018-01-01","Yukon","2021A000260","Persons","249","units","0","v4","12","39873","","","","0"
"2018-04-01","Yukon","2021A000260","Persons","249","units","0","v4","12","40037","","","","0"
"2018-07-01","Yukon","2021A000260","Persons","249","units","0","v4","12","40403","","","","0"
"2018-10-01","Yukon","2021A000260","Persons","249","units","0","v4","12","40533","","","","0"
"2019-01-01","Yukon","2021A000260","Persons","249","units","0","v4","12","40716","","","","0"
"2019-04-01","Yukon","2021A000260","Persons","249","units","0","v4","12","40779","","","","0"
"2019-07-01","Yukon","2021A000260","Persons","249","units","0","v4","12","41187","","","","0"
"2019-10-01","Yukon","2021A000260","Persons","249","units","0","v4","12","41460","","","","0"
"2020-01-01","Yukon","2021A000260","Persons","249","units","0","v4","12","41505","","","","0"
"2020-04-01","Yukon","2021A000260","Persons","249","units","0","v4","12","41807","","","","0"
"2020-07-01","Yukon","2021A000260","Persons","249","units","0","v4","12","41958","","","","0"
"2020-10-01","Yukon","2021A000260","Persons","249","units","0","v4","12","42109","","","","0"
"2021-01-01","Yukon","2021A000260","Persons","249","units","0","v4","12","42157","","","","0"
"2021-04-01","Yukon","2021A000260","Persons","249","units","0","v4","12","42443","","","","0"
"2021-07-01","Yukon","2021A000260","Persons","249","units","0","v4","12","42961","","","","0"
"2021-10-01","Yukon","2021A000260","Persons","249","units","0","v4","12","43155","","","","0"
"2022-01-01","Yukon","2021A000260","Persons","249","units","0","v4","12","43086","","","","0"
"2022-04-01","Yukon","2021A000260","Persons","249","units","0","v4","12","43430","","","","0"
"2022-07-01","Yukon","2021A000260","Persons","249","units","0","v4","12","43891","","","","0"
"2022-10-01","Yukon","2021A000260","Persons","249","units","0","v4","12","44208","","","","0"
"2023-01-01","Yukon","2021A000260","Persons","249","units","0","v4","12","44482","","","","0"
"2023-04-01","Yukon","2021A000260","Persons","249","units","0","v4","12","44823","","","","0"
"2023-07-01","Yukon","2021A000260","Persons","249","units","0","v4","12","45410","","","","0"
"2023-10-01","Yukon","2021A000260","Persons","249","units","0","v4","12","45938","","","","0"
"2024-01-01","Yukon","2021A000260","Persons","249","units","0","v4","12","46296","","","","0"
"2024-04-01","Yukon","2021A000260","Persons","249","units","0","v4","12","47010","","","","0"
"2024-07-01","Yukon","2021A000260","Persons","249","units","0","v4","12","47683","","","","0"
"2024-10-01","Yukon","2021A000260","Persons","249","units","0","v4","12","48089","","","","0"
"2025-01-01","Yukon","2021A000260","Persons","249","units","0","v4","12","48425","","","","0"
"2025-04-01","Yukon","2021A000260","Persons","249","units","0","v4","12","48584","","","","0"
"2025-07-01","Yukon","2021A000260","Persons","249","units","0","v4","12","49150","","","","0"
"2025-10-01","Yukon","2021A000260","Persons","249","units","0","v4","12","49422","","","","0"
"2026-01-01","Yukon","2021A000260","Persons","249","units","0","v4","12","49546","","","","0"
"2026-04-01","Yukon","2021A000260","Persons","249","units","0","v4","12","49862","","","","0"
"2026-07-01","Yukon","2021A000260","Persons","249","units","0","v4","12","50356","","","","0"
"1951-07-01","Northwest Territories including Nunavut","","Persons","249","units","0","v5","13","16000","","","t","0"
"1951-10-01","Northwest Territories including Nunavut","","Persons","249","units","0","v5","13","16000","","","t","0"
"1952-01-01","Northwest Territories including Nunavut","","Persons","249","units","0","v5","13","16000","","","t","0"
"1952-04-01","Northwest Territories including Nunavut","","Persons","249","units","0","v5","13","16000","","","t","0"
"1952-07-01","Northwest Territories including Nunavut","","Persons","249","units","0","v5","13","16000","","","t","0"
"1952-10-01","Northwest Territories including Nunavut","","Persons","249","units","0","v5","13","16000","","","t","0"
"1953-01-01","Northwest Territories including Nunavut","","Persons","249","units","0","v5","13","16000","","","t","0"
"1953-04-01","Northwest Territories including Nunavut","","Persons","249","units","0","v5","13","16000","","","t","0"
"1953-07-01","Northwest Territories including Nunavut","","Persons","249","units","0","v5","13","16000","","","t","0"
"1953-10-01","Northwest Territories including Nunavut","","Persons","249","units","0","v5","13","16000","","","t","0"
"1954-01-01","Northwest Territories including Nunavut","","Persons","249","units","0","v5","13","16000","","","t","0"
"1954-04-01","Northwest Territories including Nunavut","","Persons","249","units","0","v5","13","17000","","","t","0"
"1954-07-01","Northwest Territories including Nunavut","","Persons","249","units","0","v5","13","17000","","","t","0"
"1954-10-01","Northwest Territories including Nunavut","","Persons","249","units","0","v5","13","17000","","","t","0"
"1955-01-01","Northwest Territories including Nunavut","","Persons","249","units","0","v5","13","17000","","","t","0"
"1955-04-01","Northwest Territories including Nunavut","","Persons","249","units","0","v5","13","18000","","","t","0"
"1955-07-01","Northwest Territories including Nunavut","","Persons","249","units","0","v5","13","18000","","","t","0"
"1955-10-01","Northwest Territories including Nunavut","","Persons","249","units","0","v5","13","18000","","","t","0"
"1956-01-01","Northwest Territories including Nunavut","","Persons","249","units","0","v5","13","18000","","","t","0"
"1956-04-01","Northwest Territories including Nunavut","","Persons","249","units","0","v5","13","19000","","","t","0"
"1956-07-01","Northwest Territories including Nunavut","","Persons","249","units","0","v5","13","19000","","","t","0"
"1956-10-01","Northwest Territories including Nunavut","","Persons","249","units","0","v5","13","19000","","","t","0"
"1957-01-01","Northwest Territories including Nunavut","","Persons","249","units","0","v5","13","19000","","","t","0"
"1957-04-01","Northwest Territories including Nunavut","","Persons","249","units","0","v5","13","19000","","","t","0"
"1957-07-01","Northwest Territories including Nunavut","","Persons","249","units","0","v5","13","19000","","","t","0"
"1957-10-01","Northwest Territories including Nunavut","","Persons","249","units","0","v5","13","20000","","","t","0"
"1958-01-01","Northwest Territories including Nunavut","","Persons","249","units","0","v5","13","20000","","","t","0"
"1958-04-01","Northwest Territories including Nunavut","","Persons","249","units","0","v5","13","20000","","","t","0"
"1958-07-01","Northwest Territories including Nunavut","","Persons","249","units","0","v5","13","20000","","","t","0"
"1958-10-01","Northwest Territories including Nunavut","","Persons","249","units","0","v5","13","20000","","","t","0"
"1959-01-01","Northwest Territories including Nunavut","","Persons","249","units","0","v5","13","21000","","","t","0"
"1959-04-01","Northwest Territories including Nunavut","","Persons","249","units","0","v5","13","21000","","","t","0"
"1959-07-01","Northwest Territories including Nunavut","","Persons","249","units","0","v5","13","21000","","","t","0"
"1959-10-01","Northwest Territories including Nunavut","","Persons","249","units","0","v5","13","21000","","","t","0"
"1960-01-01","Northwest Territories including Nunavut","","Persons","249","units","0","v5","13","21000","","","t","0"
"1960-04-01","Northwest Territories including Nunavut","","Persons","249","units","0","v5","13","22000","","","t","0"
"1960-07-01","Northwest Territories including Nunavut","","Persons","249","units","0","v5","13","22000","","","t","0"
"1960-10-01","Northwest Territories including Nunavut","","Persons","249","units","0","v5","13","22000","","","t","0"
"1961-01-01","Northwest Territories including Nunavut","","Persons","249","units","0","v5","13","23000","","","t","0"
"1961-04-01","Northwest Territories including Nunavut","","Persons","249","units","0","v5","13","23000","","","t","0"
"1961-07-01","Northwest Territories including Nunavut","","Persons","249","units","0","v5","13","23000","","","t","0"
"1961-10-01","Northwest Territories including Nunavut","","Persons","249","units","0","v5","13","24000","","","t","0"
"1962-01-01","Northwest Territories including Nunavut","","Persons","249","units","0","v5","13","24000","","","t","0"
"1962-04-01","Northwest Territories including Nunavut","","Persons","249","units","0","v5","13","24000","","","t","0"
"1962-07-01","Northwest Territories including Nunavut","","Persons","249","units","0","v5","13","25000","","","t","0"
"1962-10-01","Northwest Territories including Nunavut","","Persons","249","units","0","v5","13","25000","","","t","0"
"1963-01-01","Northwest Territories including Nunavut","","Persons","249","units","0","v5","13","25000","","","t","0"
"1963-04-01","Northwest Territories including Nunavut","","Persons","249","units","0","v5","13","25000","","","t","0"
"1963-07-01","Northwest Territories including Nunavut","","Persons","249","units","0","v5","13","26000","","","t","0"
"1963-10-01","Northwest Territories including Nunavut","","Persons","249","units","0","v5","13","26000","","","t","0"
"1964-01-01","Northwest Territories including Nunavut","","Persons","249","units","0","v5","13","26000","","","t","0"
"1964-04-01","Northwest Territories including Nunavut","","Persons","249","units","0","v5","13","27000","","","t","0"
"1964-07-01","Northwest Territories including Nunavut","","Persons","249","units","0","v5","13","27000","","","t","0"
"1964-10-01","Northwest Territories including Nunavut","","Persons","249","units","0","v5","13","27000","","","t","0"
"1965-01-01","Northwest Territories including Nunavut","","Persons","249","units","0","v5","13","27000","","","t","0"
"1965-04-01","Northwest Territories including Nunavut","","Persons","249","units","0","v5","13","27000","","","t","0"
"1965-07-01","Northwest Territories including Nunavut","","Persons","249","units","0","v5","13","28000","","","t","0"
"1965-10-01","Northwest Territories including Nunavut","","Persons","249","units","0","v5","13","28000","","","t","0"
"1966-01-01","Northwest Territories including Nunavut","","Persons","249","units","0","v5","13","28000","","","t","0"
"1966-04-01","Northwest Territories including Nunavut","","Persons","249","units","0","v5","13","28000","","","t","0"
"1966-07-01","Northwest Territories including Nunavut","","Persons","249","units","0","v5","13","29000","","","t","0"
"1966-10-01","Northwest Territories including Nunavut","","Persons","249","units","0","v5","13","29000","","","t","0"
"1967-01-01","Northwest Territories including Nunavut","","Persons","249","units","0","v5","13","29000","","","t","0"
"1967-04-01","Northwest Territories including Nunavut","","Persons","249","units","0","v5","13","29000","","","t","0"
"1967-07-01","Northwest Territories including Nunavut","","Persons","249","units","0","v5","13","29000","","","t","0"
"1967-10-01","Northwest Territories including Nunavut","","Persons","249","units","0","v5","13","29000","","","t","0"
"1968-01-01","Northwest Territories including Nunavut","","Persons","249","units","0","v5","13","30000","","","t","0"
"1968-04-01","Northwest Territories including Nunavut","","Persons","249","units","0","v5","13","30000","","","t","0"
"1968-07-01","Northwest Territories including Nunavut","","Persons","249","units","0","v5","13","30000","","","t","0"
"1968-10-01","Northwest Territories including Nunavut","","Persons","249","units","0","v5","13","30000","","","t","0"
"1969-01-01","Northwest Territories including Nunavut","","Persons","249","units","0","v5","13","31000","","","t","0"
"1969-04-01","Northwest Territories including Nunavut","","Persons","249","units","0","v5","13","31000","","","t","0"
"1969-07-01","Northwest Territories including Nunavut","","Persons","249","units","0","v5","13","31000","","","t","0"
"1969-10-01","Northwest Territories including Nunavut","","Persons","249","units","0","v5","13","32000","","","t","0"
"1970-01-01","Northwest Territories including Nunavut","","Persons","249","units","0","v5","13","32000","","","t","0"
"1970-04-01","Northwest Territories including Nunavut","","Persons","249","units","0","v5","13","32000","","","t","0"
"1970-07-01","Northwest Territories including Nunavut","","Persons","249","units","0","v5","13","33000","","","t","0"
"1970-10-01","Northwest Territories including Nunavut","","Persons","249","units","0","v5","13","33000","","","t","0"
"1971-01-01","Northwest Territories including Nunavut","","Persons","249","units","0","v5","13","34000","","","t","0"
"1971-04-01","Northwest Territories including Nunavut","","Persons","249","units","0","v5","13","34000","","","t","0"
"1971-07-01","Northwest Territories including Nunavut","","Persons","249","units","0","v5","13","36398","","","t","0"
"1971-10-01","Northwest Territories including Nunavut","","Persons","249","units","0","v5","13","37246","","","t","0"
"1972-01-01","Northwest Territories including Nunavut","","Persons","249","units","0","v5","13","37835","","","t","0"
"1972-04-01","Northwest Territories including Nunavut","","Persons","249","units","0","v5","13","38255","","","t","0"
"1972-07-01","Northwest Territories including Nunavut","","Persons","249","units","0","v5","13","38771","","","t","0"
"1972-10-01","Northwest Territories including Nunavut","","Persons","249","units","0","v5","13","39484","","","t","0"
"1973-01-01","Northwest Territories including Nunavut","","Persons","249","units","0","v5","13","40013","","","t","0"
"1973-04-01","Northwest Territories including Nunavut","","Persons","249","units","0","v5","13","40387","","","t","0"
"1973-07-01","Northwest Territories including Nunavut","","Persons","249","units","0","v5","13","40753","","","t","0"
"1973-10-01","Northwest Territories including Nunavut","","Persons","249","units","0","v5","13","40514","","","t","0"
"1974-01-01","Northwest Territories including Nunavut","","Persons","249","units","0","v5","13","40845","","","t","0"
"1974-04-01","Northwest Territories including Nunavut","","Persons","249","units","0","v5","13","40791","","","t","0"
"1974-07-01","Northwest Territories including Nunavut","","Persons","249","units","0","v5","13","41131","","","t","0"
"1974-10-01","Northwest Territories including Nunavut","","Persons","249","units","0","v5","13","41623","","","t","0"
"1975-01-01","Northwest Territories including Nunavut","","Persons","249","units","0","v5","13","42139","","","t","0"
"1975-04-01","Northwest Territories including Nunavut","","Persons","249","units","0","v5","13","42450","","","t","0"
"1975-07-01","Northwest Territories including Nunavut","","Persons","249","units","0","v5","13","42849","","","t","0"
"1975-10-01","Northwest Territories including Nunavut","","Persons","249","units","0","v5","13","43507","","","t","0"
"1976-01-01","Northwest Territories including Nunavut","","Persons","249","units","0","v5","13","43787","","","t","0"
"1976-04-01","Northwest Territories including Nunavut","","Persons","249","units","0","v5","13","43952","","","t","0"
"1976-07-01","Northwest Territories including Nunavut","","Persons","249","units","0","v5","13","44324","","","t","0"
"1976-10-01","Northwest Territories including Nunavut","","Persons","249","units","0","v5","13","44418","","","t","0"
"1977-01-01","Northwest Territories including Nunavut","","Persons","249","units","0","v5","13","44367","","","t","0"
"1977-04-01","Northwest Territories including Nunavut","","Persons","249","units","0","v5","13","44406","","","t","0"
"1977-07-01","Northwest Territories including Nunavut","","Persons","249","units","0","v5","13","44479","","","t","0"
"1977-10-01","Northwest Territories including Nunavut","","Persons","249","units","0","v5","13","44824","","","t","0"
"1978-01-01","Northwest Territories including Nunavut","","Persons","249","units","0","v5","13","44861","","","t","0"
"1978-04-01","Northwest Territories including Nunavut","","Persons","249","units","0","v5","13","45011","","","t","0"
"1978-07-01","Northwest Territories including Nunavut","","Persons","249","units","0","v5","13","45264","","","t","0"
"1978-10-01","Northwest Territories including Nunavut","","Persons","249","units","0","v5","13","45432","","","t","0"
"1979-01-01","Northwest Territories including Nunavut","","Persons","249","units","0","v5","13","45446","","","t","0"
"1979-04-01","Northwest Territories including Nunavut","","Persons","249","units","0","v5","13","45547","","","t","0"
"1979-07-01","Northwest Territories including Nunavut","","Persons","249","units","0","v5","13","45763","","","t","0"
"1979-10-01","Northwest Territories including Nunavut","","Persons","249","units","0","v5","13","45940","","","t","0"
"1980-01-01","Northwest Territories including Nunavut","","Persons","249","units","0","v5","13","46011","","","t","0"
"1980-04-01","Northwest Territories including Nunavut","","Persons","249","units","0","v5","13","46180","","","t","0"
"1980-07-01","Northwest Territories including Nunavut","","Persons","249","units","0","v5","13","46393","","","t","0"
"1980-10-01","Northwest Territories including Nunavut","","Persons","249","units","0","v5","13","46751","","","t","0"
"1981-01-01","Northwest Territories including Nunavut","","Persons","249","units","0","v5","13","46851","","","t","0"
"1981-04-01","Northwest Territories including Nunavut","","Persons","249","units","0","v5","13","47098","","","t","0"
"1981-07-01","Northwest Territories including Nunavut","","Persons","249","units","0","v5","13","47414","","","t","0"
"1981-10-01","Northwest Territories including Nunavut","","Persons","249","units","0","v5","13","48053","","","t","0"
"1982-01-01","Northwest Territories including Nunavut","","Persons","249","units","0","v5","13","48068","","","t","0"
"1982-04-01","Northwest Territories including Nunavut","","Persons","249","units","0","v5","13","48654","","","t","0"
"1982-07-01","Northwest Territories including Nunavut","","Persons","249","units","0","v5","13","49331","","","t","0"
"1982-10-01","Northwest Territories including Nunavut","","Persons","249","units","0","v5","13","49827","","","t","0"
"1983-01-01","Northwest Territories including Nunavut","","Persons","249","units","0","v5","13","50148","","","t","0"
"1983-04-01","Northwest Territories including Nunavut","","Persons","249","units","0","v5","13","50344","","","t","0"
"1983-07-01","Northwest Territories including Nunavut","","Persons","249","units","0","v5","13","50760","","","t","0"
"1983-10-01","Northwest Territories including Nunavut","","Persons","249","units","0","v5","13","51385","","","t","0"
"1984-01-01","Northwest Territories including Nunavut","","Persons","249","units","0","v5","13","51766","","","t","0"
"1984-04-01","Northwest Territories including Nunavut","","Persons","249","units","0","v5","13","52003","","","t","0"
"1984-07-01","Northwest Territories including Nunavut","","Persons","249","units","0","v5","13","52328","","","t","0"
"1984-10-01","Northwest Territories including Nunavut","","Persons","249","units","0","v5","13","52695","","","t","0"
"1985-01-01","Northwest Territories including Nunavut","","Persons","249","units","0","v5","13","53337","","","t","0"
"1985-04-01","Northwest Territories including Nunavut","","Persons","249","units","0","v5","13","53821","","","t","0"
"1985-07-01","Northwest Territories including Nunavut","","Persons","249","units","0","v5","13","54209","","","t","0"
"1985-10-01","Northwest Territories including Nunavut","","Persons","249","units","0","v5","13","54262","","","t","0"
"1986-01-01","Northwest Territories including Nunavut","","Persons","249","units","0","v5","13","54562","","","t","0"
"1986-04-01","Northwest Territories including Nunavut","","Persons","249","units","0","v5","13","54775","","","t","0"
"1986-07-01","Northwest Territories including Nunavut","","Persons","249","units","0","v5","13","54651","","","t","0"
"1986-10-01","Northwest Territories including Nunavut","","Persons","249","units","0","v5","13","54244","","","t","0"
"1987-01-01","Northwest Territories including Nunavut","","Persons","249","units","0","v5","13","54473","","","t","0"
"1987-04-01","Northwest Territories including Nunavut","","Persons","249","units","0","v5","13","54764","","","t","0"
"1987-07-01","Northwest Territories including Nunavut","","Persons","249","units","0","v5","13","55009","","","t","0"
"1987-10-01","Northwest Territories including Nunavut","","Persons","249","units","0","v5","13","54874","","","t","0"
"1988-01-01","Northwest Territories including Nunavut","","Persons","249","units","0","v5","13","55283","","","t","0"
"1988-04-01","Northwest Territories including Nunavut","","Persons","249","units","0","v5","13","55833","","","t","0"
"1988-07-01","Northwest Territories including Nunavut","","Persons","249","units","0","v5","13","55809","","","t","0"
"1988-10-01","Northwest Territories including Nunavut","","Persons","249","units","0","v5","13","56091","","","t","0"
"1989-01-01","Northwest Territories including Nunavut","","Persons","249","units","0","v5","13","56540","","","t","0"
"1989-04-01","Northwest Territories including Nunavut","","Persons","249","units","0","v5","13","57084","","","t","0"
"1989-07-01","Northwest Territories including Nunavut","","Persons","249","units","0","v5","13","57226","","","t","0"
"1989-10-01","Northwest Territories including Nunavut","","Persons","249","units","0","v5","13","57433","","","t","0"
"1990-01-01","Northwest Territories including Nunavut","","Persons","249","units","0","v5","13","57870","","","t","0"
"1990-04-01","Northwest Territories including Nunavut","","Persons","249","units","0","v5","13","58472","","","t","0"
"1990-07-01","Northwest Territories including Nunavut","","Persons","249","units","0","v5","13","58937","","","t","0"
"1990-10-01","Northwest Territories including Nunavut","","Persons","249","units","0","v5","13","59291","","","t","0"
"1991-01-01","Northwest Territories including Nunavut","","Persons","249","units","0","v5","13","59711","","","t","0"
"1991-04-01","Northwest Territories including Nunavut","","Persons","249","units","0","v5","13","60226","","","t","0"
"1991-07-01","Northwest Territories including Nunavut","","Persons","249","units","0","v5","13","60878","","","t","0"
"1991-07-01","Northwest Territories","2021A000261","Persons","249","units","0","v6","14","38724","","","","0"
"1991-10-01","Northwest Territories","2021A000261","Persons","249","units","0","v6","14","38854","","","","0"
"1992-01-01","Northwest Territories","2021A000261","Persons","249","units","0","v6","14","39055","","","","0"
"1992-04-01","Northwest Territories","2021A000261","Persons","249","units","0","v6","14","39230","","","","0"
"1992-07-01","Northwest Territories","2021A000261","Persons","249","units","0","v6","14","39416","","","","0"
"1992-10-01","Northwest Territories","2021A000261","Persons","249","units","0","v6","14","39422","","","","0"
"1993-01-01","Northwest Territories","2021A000261","Persons","249","units","0","v6","14","39538","","","","0"
"1993-04-01","Northwest Territories","2021A000261","Persons","249","units","0","v6","14","39649","","","","0"
"1993-07-01","Northwest Territories","2021A000261","Persons","249","units","0","v6","14","39820","","","","0"
"1993-10-01","Northwest Territories","2021A000261","Persons","249","units","0","v6","14","40095","","","","0"
"1994-01-01","Northwest Territories","2021A000261","Persons","249","units","0","v6","14","40273","","","","0"
"1994-04-01","Northwest Territories","2021A000261","Persons","249","units","0","v6","14","40383","","","","0"
"1994-07-01","Northwest Territories","2021A000261","Persons","249","units","0","v6","14","40578","","","","0"
"1994-10-01","Northwest Territories","2021A000261","Persons","249","units","0","v6","14","40875","","","","0"
"1995-01-01","Northwest Territories","2021A000261","Persons","249","units","0","v6","14","41114","","","","0"
"1995-04-01","Northwest Territories","2021A000261","Persons","249","units","0","v6","14","41407","","","","0"
"1995-07-01","Northwest Territories","2021A000261","Persons","249","units","0","v6","14","41432","","","","0"
"1995-10-01","Northwest Territories","2021A000261","Persons","249","units","0","v6","14","41470","","","","0"
"1996-01-01","Northwest Territories","2021A000261","Persons","249","units","0","v6","14","41495","","","","0"
"1996-04-01","Northwest Territories","2021A000261","Persons","249","units","0","v6","14","41516","","","","0"
"1996-07-01","Northwest Territories","2021A000261","Persons","249","units","0","v6","14","41741","","","","0"
"1996-10-01","Northwest Territories","2021A000261","Persons","249","units","0","v6","14","41611","","","","0"
"1997-01-01","Northwest Territories","2021A000261","Persons","249","units","0","v6","14","41528","","","","0"
"1997-04-01","Northwest Territories","2021A000261","Persons","249","units","0","v6","14","41668","","","","0"
"1997-07-01","Northwest Territories","2021A000261","Persons","249","units","0","v6","14","41625","","","","0"
"1997-10-01","Northwest Territories","2021A000261","Persons","249","units","0","v6","14","41411","","","","0"
"1998-01-01","Northwest Territories","2021A000261","Persons","249","units","0","v6","14","41222","","","","0"
"1998-04-01","Northwest Territories","2021A000261","Persons","249","units","0","v6","14","40968","","","","0"
"1998-07-01","Northwest Territories","2021A000261","Persons","249","units","0","v6","14","40802","","","","0"
"1998-10-01","Northwest Territories","2021A000261","Persons","249","units","0","v6","14","40635","","","","0"
"1999-01-01","Northwest Territories","2021A000261","Persons","249","units","0","v6","14","40635","","","","0"
"1999-04-01","Northwest Territories","2021A000261","Persons","249","units","0","v6","14","40705","","","","0"
"1999-07-01","Northwest Territories","2021A000261","Persons","249","units","0","v6","14","40638","","","","0"
"1999-10-01","Northwest Territories","2021A000261","Persons","249","units","0","v6","14","40579","","","","0"
"2000-01-01","Northwest Territories","2021A000261","Persons","249","units","0","v6","14","40623","","","","0"
"2000-04-01","Northwest Territories","2021A000261","Persons","249","units","0","v6","14","40455","","","","0"
"2000-07-01","Northwest Territories","2021A000261","Persons","249","units","0","v6","14","40480","","","","0"
"2000-10-01","Northwest Territories","2021A000261","Persons","249","units","0","v6","14","40575","","","","0"
"2001-01-01","Northwest Territories","2021A000261","Persons","249","units","0","v6","14","40624","","","","0"
"2001-04-01","Northwest Territories","2021A000261","Persons","249","units","0","v6","14","40625","","","","0"
"2001-07-01","Northwest Territories","2021A000261","Persons","249","units","0","v6","14","40850","","","","0"
"2001-10-01","Northwest Territories","2021A000261","Persons","249","units","0","v6","14","41175","","","","0"
"2002-01-01","Northwest Territories","2021A000261","Persons","249","units","0","v6","14","41176","","","","0"
"2002-04-01","Northwest Territories","2021A000261","Persons","249","units","0","v6","14","41280","","","","0"
"2002-07-01","Northwest Territories","2021A000261","Persons","249","units","0","v6","14","41698","","","","0"
"2002-10-01","Northwest Territories","2021A000261","Persons","249","units","0","v6","14","41874","","","","0"
"2003-01-01","Northwest Territories","2021A000261","Persons","249","units","0","v6","14","42007","","","","0"
"2003-04-01","Northwest Territories","2021A000261","Persons","249","units","0","v6","14","42218","","","","0"
"2003-07-01","Northwest Territories","2021A000261","Persons","249","units","0","v6","14","42598","","","","0"
"2003-10-01","Northwest Territories","2021A000261","Persons","249","units","0","v6","14","42855","","","","0"
"2004-01-01","Northwest Territories","2021A000261","Persons","249","units","0","v6","14","43166","","","","0"
"2004-04-01","Northwest Territories","2021A000261","Persons","249","units","0","v6","14","43208","","","","0"
"2004-07-01","Northwest Territories","2021A000261","Persons","249","units","0","v6","14","43306","","","","0"
"2004-10-01","Northwest Territories","2021A000261","Persons","249","units","0","v6","14","43354","","","","0"
"2005-01-01","Northwest Territories","2021A000261","Persons","249","units","0","v6","14","43440","","","","0"
"2005-04-01","Northwest Territories","2021A000261","Persons","249","units","0","v6","14","43456","","","","0"
"2005-07-01","Northwest Territories","2021A000261","Persons","249","units","0","v6","14","43399","","","","0"
"2005-10-01","Northwest Territories","2021A000261","Persons","249","units","0","v6","14","43523","","","","0"
"2006-01-01","Northwest Territories","2021A000261","Persons","249","units","0","v6","14","43315","","","","0"
"2006-04-01","Northwest Territories","2021A000261","Persons","249","units","0","v6","14","43101","","","","0"
"2006-07-01","Northwest Territories","2021A000261","Persons","249","units","0","v6","14","43185","","","","0"
"2006-10-01","Northwest Territories","2021A000261","Persons","249","units","0","v6","14","43205","","","","0"
"2007-01-01","Northwest Territories","2021A000261","Persons","249","units","0","v6","14","43088","","","","0"
"2007-04-01","Northwest Territories","2021A000261","Persons","249","units","0","v6","14","43127","","","","0"
"2007-07-01","Northwest Territories","2021A000261","Persons","249","units","0","v6","14","43396","","","","0"
"2007-10-01","Northwest Territories","2021A000261","Persons","249","units","0","v6","14","43286","","","","0"
"2008-01-01","Northwest Territories","2021A000261","Persons","249","units","0","v6","14","43384","","","","0"
"2008-04-01","Northwest Territories","2021A000261","Persons","249","units","0","v6","14","43388","","","","0"
"2008-07-01","Northwest Territories","2021A000261","Persons","249","units","0","v6","14","43385","","","","0"
"2008-10-01","Northwest Territories","2021A000261","Persons","249","units","0","v6","14","43315","","","","0"
"2009-01-01","Northwest Territories","2021A000261","Persons","249","units","0","v6","14","43136","","","","0"
"2009-04-01","Northwest Territories","2021A000261","Persons","249","units","0","v6","14","43122","","","","0"
"2009-07-01","Northwest Territories","2021A000261","Persons","249","units","0","v6","14","43171","","","","0"
"2009-10-01","Northwest Territories","2021A000261","Persons","249","units","0","v6","14","42938","","","","0"
"2010-01-01","Northwest Territories","2021A000261","Persons","249","units","0","v6","14","42981","","","","0"
"2010-04-01","Northwest Territories","2021A000261","Persons","249","units","0","v6","14","43161","","","","0"
"2010-07-01","Northwest Territories","2021A000261","Persons","249","units","0","v6","14","43292","","","","0"
"2010-10-01","Northwest Territories","2021A000261","Persons","249","units","0","v6","14","43307","","","","0"
"2011-01-01","Northwest Territories","2021A000261","Persons","249","units","0","v6","14","43265","","","","0"
"2011-04-01","Northwest Territories","2021A000261","Persons","249","units","0","v6","14","43263","","","","0"
"2011-07-01","Northwest Territories","2021A000261","Persons","249","units","0","v6","14","43493","","","","0"
"2011-10-01","Northwest Territories","2021A000261","Persons","249","units","0","v6","14","43576","","","","0"
"2012-01-01","Northwest Territories","2021A000261","Persons","249","units","0","v6","14","43630","","","","0"
"2012-04-01","Northwest Territories","2021A000261","Persons","249","units","0","v6","14","43678","","","","0"
"2012-07-01","Northwest Territories","2021A000261","Persons","249","units","0","v6","14","43624","","","","0"
"2012-10-01","Northwest Territories","2021A000261","Persons","249","units","0","v6","14","43656","","","","0"
"2013-01-01","Northwest Territories","2021A000261","Persons","249","units","0","v6","14","43709","","","","0"
"2013-04-01","Northwest Territories","2021A000261","Persons","249","units","0","v6","14","43840","","","","0"
"2013-07-01","Northwest Territories","2021A000261","Persons","249","units","0","v6","14","43774","","","","0"
"2013-10-01","Northwest Territories","2021A000261","Persons","249","units","0","v6","14","43727","","","","0"
"2014-01-01","Northwest Territories","2021A000261","Persons","249","units","0","v6","14","43767","","","","0"
"2014-04-01","Northwest Territories","2021A000261","Persons","249","units","0","v6","14","43760","","","","0"
"2014-07-01","Northwest Territories","2021A000261","Persons","249","units","0","v6","14","43851","","","","0"
"2014-10-01","Northwest Territories","2021A000261","Persons","249","units","0","v6","14","44031","","","","0"
"2015-01-01","Northwest Territories","2021A000261","Persons","249","units","0","v6","14","44106","","","","0"
"2015-04-01","Northwest Territories","2021A000261","Persons","249","units","0","v6","14","44159","","","","0"
"2015-07-01","Northwest Territories","2021A000261","Persons","249","units","0","v6","14","44247","","","","0"
"2015-10-01","Northwest Territories","2021A000261","Persons","249","units","0","v6","14","44443","","","","0"
"2016-01-01","Northwest Territories","2021A000261","Persons","249","units","0","v6","14","44515","","","","0"
"2016-04-01","Northwest Territories","2021A000261","Persons","249","units","0","v6","14","44595","","","","0"
"2016-07-01","Northwest Territories","2021A000261","Persons","249","units","0","v6","14","44624","","","","0"
"2016-10-01","Northwest Territories","2021A000261","Persons","249","units","0","v6","14","44471","","","","0"
"2017-01-01","Northwest Territories","2021A000261","Persons","249","units","0","v6","14","44471","","","","0"
"2017-04-01","Northwest Territories","2021A000261","Persons","249","units","0","v6","14","44626","","","","0"
"2017-07-01","Northwest Territories","2021A000261","Persons","249","units","0","v6","14","44656","","","","0"
"2017-10-01","Northwest Territories","2021A000261","Persons","249","units","0","v6","14","44825","","","","0"
"2018-01-01","Northwest Territories","2021A000261","Persons","249","units","0","v6","14","44730","","","","0"
"2018-04-01","Northwest Territories","2021A000261","Persons","249","units","0","v6","14","44934","","","","0"
"2018-07-01","Northwest Territories","2021A000261","Persons","249","units","0","v6","14","44536","","","","0"
"2018-10-01","Northwest Territories","2021A000261","Persons","249","units","0","v6","14","44487","","","","0"
"2019-01-01","Northwest Territories","2021A000261","Persons","249","units","0","v6","14","44675","","","","0"
"2019-04-01","Northwest Territories","2021A000261","Persons","249","units","0","v6","14","44560","","","","0"
"2019-07-01","Northwest Territories","2021A000261","Persons","249","units","0","v6","14","44442","","","","0"
"2019-10-01","Northwest Territories","2021A000261","Persons","249","units","0","v6","14","44512","","","","0"
"2020-01-01","Northwest Territories","2021A000261","Persons","249","units","0","v6","14","44533","","","","0"
"2020-04-01","Northwest Territories","2021A000261","Persons","249","units","0","v6","14","44565","","","","0"
"2020-07-01","Northwest Territories","2021A000261","Persons","249","units","0","v6","14","44504","","","","0"
"2020-10-01","Northwest Territories","2021A000261","Persons","249","units","0","v6","14","44395","","","","0"
"2021-01-01","Northwest Territories","2021A000261","Persons","249","units","0","v6","14","44432","","","","0"
"2021-04-01","Northwest Territories","2021A000261","Persons","249","units","0","v6","14","44679","","","","0"
"2021-07-01","Northwest Territories","2021A000261","Persons","249","units","0","v6","14","44579","","","","0"
"2021-10-01","Northwest Territories","2021A000261","Persons","249","units","0","v6","14","44587","","","","0"
"2022-01-01","Northwest Territories","2021A000261","Persons","249","units","0","v6","14","44754","","","","0"
"2022-04-01","Northwest Territories","2021A000261","Persons","249","units","0","v6","14","44764","","","","0"
"2022-07-01","Northwest Territories","2021A000261","Persons","249","units","0","v6","14","44626","","","","0"
"2022-10-01","Northwest Territories","2021A000261","Persons","249","units","0","v6","14","44541","","","","0"
"2023-01-01","Northwest Territories","2021A000261","Persons","249","units","0","v6","14","44391","","","","0"
"2023-04-01","Northwest Territories","2021A000261","Persons","249","units","0","v6","14","44379","","","","0"
"2023-07-01","Northwest Territories","2021A000261","Persons","249","units","0","v6","14","44611","","","","0"
"2023-10-01","Northwest Territories","2021A000261","Persons","249","units","0","v6","14","44588","","","","0"
"2024-01-01","Northwest Territories","2021A000261","Persons","249","units","0","v6","14","44707","","","","0"
"2024-04-01","Northwest Territories","2021A000261","Persons","249","units","0","v6","14","45050","","","","0"
"2024-07-01","Northwest Territories","2021A000261","Persons","249","units","0","v6","14","45274","","","","0"
"2024-10-01","Northwest Territories","2021A000261","Persons","249","units","0","v6","14","45526","","","","0"
"2025-01-01","Northwest Territories","2021A000261","Persons","249","units","0","v6","14","45700","","","","0"
"2025-04-01","Northwest Territories","2021A000261","Persons","249","units","0","v6","14","45892","","","","0"
"2025-07-01","Northwest Territories","2021A000261","Persons","249","units","0","v6","14","46031","","","","0"
"2025-10-01","Northwest Territories","2021A000261","Persons","249","units","0","v6","14","46038","","","","0"
"2026-01-01","Northwest Territories","2021A000261","Persons","249","units","0","v6","14","46046","","","","0"
"2026-04-01","Northwest Territories","2021A000261","Persons","249","units","0","v6","14","46071","","","","0"
"2026-07-01","Northwest Territories","2021A000261","Persons","249","units","0","v6","14","45904","","","","0"
"1991-07-01","Nunavut","2021A000262","Persons","249","units","0","v7","15","22154","","","","0"
"1991-10-01","Nunavut","2021A000262","Persons","249","units","0","v7","15","22320","","","","0"
"1992-01-01","Nunavut","2021A000262","Persons","249","units","0","v7","15","22497","","","","0"
"1992-04-01","Nunavut","2021A000262","Persons","249","units","0","v7","15","22659","","","","0"
"1992-07-01","Nunavut","2021A000262","Persons","249","units","0","v7","15","22883","","","","0"
"1992-10-01","Nunavut","2021A000262","Persons","249","units","0","v7","15","23005","","","","0"
"1993-01-01","Nunavut","2021A000262","Persons","249","units","0","v7","15","23171","","","","0"
"1993-04-01","Nunavut","2021A000262","Persons","249","units","0","v7","15","23321","","","","0"
"1993-07-01","Nunavut","2021A000262","Persons","249","units","0","v7","15","23559","","","","0"
"1993-10-01","Nunavut","2021A000262","Persons","249","units","0","v7","15","23801","","","","0"
"1994-01-01","Nunavut","2021A000262","Persons","249","units","0","v7","15","23980","","","","0"
"1994-04-01","Nunavut","2021A000262","Persons","249","units","0","v7","15","24205","","","","0"
"1994-07-01","Nunavut","2021A000262","Persons","249","units","0","v7","15","24407","","","","0"
"1994-10-01","Nunavut","2021A000262","Persons","249","units","0","v7","15","24537","","","","0"
"1995-01-01","Nunavut","2021A000262","Persons","249","units","0","v7","15","24691","","","","0"
"1995-04-01","Nunavut","2021A000262","Persons","249","units","0","v7","15","24863","","","","0"
"1995-07-01","Nunavut","2021A000262","Persons","249","units","0","v7","15","24978","","","","0"
"1995-10-01","Nunavut","2021A000262","Persons","249","units","0","v7","15","25120","","","","0"
"1996-01-01","Nunavut","2021A000262","Persons","249","units","0","v7","15","25291","","","","0"
"1996-04-01","Nunavut","2021A000262","Persons","249","units","0","v7","15","25463","","","","0"
"1996-07-01","Nunavut","2021A000262","Persons","249","units","0","v7","15","25669","","","","0"
"1996-10-01","Nunavut","2021A000262","Persons","249","units","0","v7","15","25748","","","","0"
"1997-01-01","Nunavut","2021A000262","Persons","249","units","0","v7","15","25736","","","","0"
"1997-04-01","Nunavut","2021A000262","Persons","249","units","0","v7","15","25839","","","","0"
"1997-07-01","Nunavut","2021A000262","Persons","249","units","0","v7","15","25884","","","","0"
"1997-10-01","Nunavut","2021A000262","Persons","249","units","0","v7","15","25994","","","","0"
"1998-01-01","Nunavut","2021A000262","Persons","249","units","0","v7","15","26082","","","","0"
"1998-04-01","Nunavut","2021A000262","Persons","249","units","0","v7","15","26183","","","","0"
"1998-07-01","Nunavut","2021A000262","Persons","249","units","0","v7","15","26373","","","","0"
"1998-10-01","Nunavut","2021A000262","Persons","249","units","0","v7","15","26449","","","","0"
"1999-01-01","Nunavut","2021A000262","Persons","249","units","0","v7","15","26575","","","","0"
"1999-04-01","Nunavut","2021A000262","Persons","249","units","0","v7","15","26721","","","","0"
"1999-07-01","Nunavut","2021A000262","Persons","249","units","0","v7","15","26820","","","","0"
"1999-10-01","Nunavut","2021A000262","Persons","249","units","0","v7","15","26997","","","","0"
"2000-01-01","Nunavut","2021A000262","Persons","249","units","0","v7","15","27145","","","","0"
"2000-04-01","Nunavut","2021A000262","Persons","249","units","0","v7","15","27228","","","","0"
"2000-07-01","Nunavut","2021A000262","Persons","249","units","0","v7","15","27498","","","","0"
"2000-10-01","Nunavut","2021A000262","Persons","249","units","0","v7","15","27683","","","","0"
"2001-01-01","Nunavut","2021A000262","Persons","249","units","0","v7","15","27798","","","","0"
"2001-04-01","Nunavut","2021A000262","Persons","249","units","0","v7","15","27929","","","","0"
"2001-07-01","Nunavut","2021A000262","Persons","249","units","0","v7","15","28134","","","","0"
"2001-10-01","Nunavut","2021A000262","Persons","249","units","0","v7","15","28178","","","","0"
"2002-01-01","Nunavut","2021A000262","Persons","249","units","0","v7","15","28334","","","","0"
"2002-04-01","Nunavut","2021A000262","Persons","249","units","0","v7","15","28383","","","","0"
"2002-07-01","Nunavut","2021A000262","Persons","249","units","0","v7","15","28817","","","","0"
"2002-10-01","Nunavut","2021A000262","Persons","249","units","0","v7","15","28852","","","","0"
"2003-01-01","Nunavut","2021A000262","Persons","249","units","0","v7","15","28963","","","","0"
"2003-04-01","Nunavut","2021A000262","Persons","249","units","0","v7","15","29099","","","","0"
"2003-07-01","Nunavut","2021A000262","Persons","249","units","0","v7","15","29301","","","","0"
"2003-10-01","Nunavut","2021A000262","Persons","249","units","0","v7","15","29349","","","","0"
"2004-01-01","Nunavut","2021A000262","Persons","249","units","0","v7","15","29495","","","","0"
"2004-04-01","Nunavut","2021A000262","Persons","249","units","0","v7","15","29560","","","","0"
"2004-07-01","Nunavut","2021A000262","Persons","249","units","0","v7","15","29836","","","","0"
"2004-10-01","Nunavut","2021A000262","Persons","249","units","0","v7","15","29792","","","","0"
"2005-01-01","Nunavut","2021A000262","Persons","249","units","0","v7","15","29936","","","","0"
"2005-04-01","Nunavut","2021A000262","Persons","249","units","0","v7","15","30099","","","","0"
"2005-07-01","Nunavut","2021A000262","Persons","249","units","0","v7","15","30328","","","","0"
"2005-10-01","Nunavut","2021A000262","Persons","249","units","0","v7","15","30397","","","","0"
"2006-01-01","Nunavut","2021A000262","Persons","249","units","0","v7","15","30569","","","","0"
"2006-04-01","Nunavut","2021A000262","Persons","249","units","0","v7","15","30641","","","","0"
"2006-07-01","Nunavut","2021A000262","Persons","249","units","0","v7","15","30818","","","","0"
"2006-10-01","Nunavut","2021A000262","Persons","249","units","0","v7","15","30880","","","","0"
"2007-01-01","Nunavut","2021A000262","Persons","249","units","0","v7","15","30957","","","","0"
"2007-04-01","Nunavut","2021A000262","Persons","249","units","0","v7","15","31184","","","","0"
"2007-07-01","Nunavut","2021A000262","Persons","249","units","0","v7","15","31394","","","","0"
"2007-10-01","Nunavut","2021A000262","Persons","249","units","0","v7","15","31560","","","","0"
"2008-01-01","Nunavut","2021A000262","Persons","249","units","0","v7","15","31616","","","","0"
"2008-04-01","Nunavut","2021A000262","Persons","249","units","0","v7","15","31683","","","","0"
"2008-07-01","Nunavut","2021A000262","Persons","249","units","0","v7","15","31898","","","","0"
"2008-10-01","Nunavut","2021A000262","Persons","249","units","0","v7","15","31970","","","","0"
"2009-01-01","Nunavut","2021A000262","Persons","249","units","0","v7","15","32068","","","","0"
"2009-04-01","Nunavut","2021A000262","Persons","249","units","0","v7","15","32393","","","","0"
"2009-07-01","Nunavut","2021A000262","Persons","249","units","0","v7","15","32604","","","","0"
"2009-10-01","Nunavut","2021A000262","Persons","249","units","0","v7","15","32816","","","","0"
"2010-01-01","Nunavut","2021A000262","Persons","249","units","0","v7","15","32926","","","","0"
"2010-04-01","Nunavut","2021A000262","Persons","249","units","0","v7","15","33143","","","","0"
"2010-07-01","Nunavut","2021A000262","Persons","249","units","0","v7","15","33359","","","","0"
"2010-10-01","Nunavut","2021A000262","Persons","249","units","0","v7","15","33577","","","","0"
"2011-01-01","Nunavut","2021A000262","Persons","249","units","0","v7","15","33736","","","","0"
"2011-04-01","Nunavut","2021A000262","Persons","249","units","0","v7","15","33925","","","","0"
"2011-07-01","Nunavut","2021A000262","Persons","249","units","0","v7","15","34185","","","","0"
"2011-10-01","Nunavut","2021A000262","Persons","249","units","0","v7","15","34335","","","","0"
"2012-01-01","Nunavut","2021A000262","Persons","249","units","0","v7","15","34403","","","","0"
"2012-04-01","Nunavut","2021A000262","Persons","249","units","0","v7","15","34579","","","","0"
"2012-07-01","Nunavut","2021A000262","Persons","249","units","0","v7","15","34658","","","","0"
"2012-10-01","Nunavut","2021A000262","Persons","249","units","0","v7","15","34830","","","","0"
"2013-01-01","Nunavut","2021A000262","Persons","249","units","0","v7","15","34963","","","","0"
"2013-04-01","Nunavut","2021A000262","Persons","249","units","0","v7","15","34987","","","","0"
"2013-07-01","Nunavut","2021A000262","Persons","249","units","0","v7","15","35330","","","","0"
"2013-10-01","Nunavut","2021A000262","Persons","249","units","0","v7","15","35536","","","","0"
"2014-01-01","Nunavut","2021A000262","Persons","249","units","0","v7","15","35583","","","","0"
"2014-04-01","Nunavut","2021A000262","Persons","249","units","0","v7","15","35801","","","","0"
"2014-07-01","Nunavut","2021A000262","Persons","249","units","0","v7","15","35966","","","","0"
"2014-10-01","Nunavut","2021A000262","Persons","249","units","0","v7","15","36100","","","","0"
"2015-01-01","Nunavut","2021A000262","Persons","249","units","0","v7","15","36214","","","","0"
"2015-04-01","Nunavut","2021A000262","Persons","249","units","0","v7","15","36277","","","","0"
"2015-07-01","Nunavut","2021A000262","Persons","249","units","0","v7","15","36490","","","","0"
"2015-10-01","Nunavut","2021A000262","Persons","249","units","0","v7","15","36602","","","","0"
"2016-01-01","Nunavut","2021A000262","Persons","249","units","0","v7","15","36718","","","","0"
"2016-04-01","Nunavut","2021A000262","Persons","249","units","0","v7","15","36766","","","","0"
"2016-07-01","Nunavut","2021A000262","Persons","249","units","0","v7","15","36979","","","","0"
"2016-10-01","Nunavut","2021A000262","Persons","249","units","0","v7","15","37084","","","","0"
"2017-01-01","Nunavut","2021A000262","Persons","249","units","0","v7","15","37246","","","","0"
"2017-04-01","Nunavut","2021A000262","Persons","249","units","0","v7","15","37431","","","","0"
"2017-07-01","Nunavut","2021A000262","Persons","249","units","0","v7","15","37656","","","","0"
"2017-10-01","Nunavut","2021A000262","Persons","249","units","0","v7","15","37829","","","","0"
"2018-01-01","Nunavut","2021A000262","Persons","249","units","0","v7","15","37830","","","","0"
"2018-04-01","Nunavut","2021A000262","Persons","249","units","0","v7","15","37976","","","","0"
"2018-07-01","Nunavut","2021A000262","Persons","249","units","0","v7","15","38322","","","","0"
"2018-10-01","Nunavut","2021A000262","Persons","249","units","0","v7","15","38487","","","","0"
"2019-01-01","Nunavut","2021A000262","Persons","249","units","0","v7","15","38574","","","","0"
"2019-04-01","Nunavut","2021A000262","Persons","249","units","0","v7","15","38764","","","","0"
"2019-07-01","Nunavut","2021A000262","Persons","249","units","0","v7","15","38839","","","","0"
"2019-10-01","Nunavut","2021A000262","Persons","249","units","0","v7","15","38893","","","","0"
"2020-01-01","Nunavut","2021A000262","Persons","249","units","0","v7","15","39010","","","","0"
"2020-04-01","Nunavut","2021A000262","Persons","249","units","0","v7","15","39137","","","","0"
"2020-07-01","Nunavut","2021A000262","Persons","249","units","0","v7","15","39479","","","","0"
"2020-10-01","Nunavut","2021A000262","Persons","249","units","0","v7","15","39581","","","","0"
"2021-01-01","Nunavut","2021A000262","Persons","249","units","0","v7","15","39750","","","","0"
"2021-04-01","Nunavut","2021A000262","Persons","249","units","0","v7","15","39879","","","","0"
"2021-07-01","Nunavut","2021A000262","Persons","249","units","0","v7","15","40086","","","","0"
"2021-10-01","Nunavut","2021A000262","Persons","249","units","0","v7","15","40256","","","","0"
"2022-01-01","Nunavut","2021A000262","Persons","249","units","0","v7","15","40357","","","","0"
"2022-04-01","Nunavut","2021A000262","Persons","249","units","0","v7","15","40585","","","","0"
"2022-07-01","Nunavut","2021A000262","Persons","249","units","0","v7","15","40604","","","","0"
"2022-10-01","Nunavut","2021A000262","Persons","249","units","0","v7","15","40681","","","","0"
"2023-01-01","Nunavut","2021A000262","Persons","249","units","0","v7","15","40809","","","","0"
"2023-04-01","Nunavut","2021A000262","Persons","249","units","0","v7","15","40796","","","","0"
"2023-07-01","Nunavut","2021A000262","Persons","249","units","0","v7","15","40939","","","","0"
"2023-10-01","Nunavut","2021A000262","Persons","249","units","0","v7","15","41113","","","","0"
"2024-01-01","Nunavut","2021A000262","Persons","249","units","0","v7","15","41082","","","","0"
"2024-04-01","Nunavut","2021A000262","Persons","249","units","0","v7","15","41170","","","","0"
"2024-07-01","Nunavut","2021A000262","Persons","249","units","0","v7","15","41444","","","","0"
"2024-10-01","Nunavut","2021A000262","Persons","249","units","0","v7","15","41617","","","","0"
"2025-01-01","Nunavut","2021A000262","Persons","249","units","0","v7","15","41794","","","","0"
"2025-04-01","Nunavut","2021A000262","Persons","249","units","0","v7","15","41987","","","","0"
"2025-07-01","Nunavut","2021A000262","Persons","249","units","0","v7","15","42108","","","","0"
"2025-10-01","Nunavut","2021A000262","Persons","249","units","0","v7","15","42233","","","","0"
"2026-01-01","Nunavut","2021A000262","Persons","249","units","0","v7","15","42317","","","","0"
"2026-04-01","Nunavut","2021A000262","Persons","249","units","0","v7","15","42642","","","","0"
"2026-07-01","Nunavut","2021A000262","Persons","249","units","0","v7","15","43091","","","","0"


