"REF_DATE","GEO","DGUID","Non-permanent resident types","UOM","UOM_ID","SCALAR_FACTOR","SCALAR_ID","VECTOR","COORDINATE","VALUE","STATUS","SYMBOL","TERMINATED","DECIMALS"
"2021-07-01","Canada","2021A000011124","Total, non-permanent residents","Persons","249","units","0","v1566927590","1.1","1326000","","","","0"
"2021-10-01","Canada","2021A000011124","Total, non-permanent residents","Persons","249","units","0","v1566927590","1.1","1408873","","","","0"
"2022-01-01","Canada","2021A000011124","Total, non-permanent residents","Persons","249","units","0","v1566927590","1.1","1372025","","","","0"
"2022-04-01","Canada","2021A000011124","Total, non-permanent residents","Persons","249","units","0","v1566927590","1.1","1397019","","","","0"
"2022-07-01","Canada","2021A000011124","Total, non-permanent residents","Persons","249","units","0","v1566927590","1.1","1546638","","","","0"
"2022-10-01","Canada","2021A000011124","Total, non-permanent residents","Persons","249","units","0","v1566927590","1.1","1759870","","","","0"
"2023-01-01","Canada","2021A000011124","Total, non-permanent residents","Persons","249","units","0","v1566927590","1.1","1893217","","","","0"
"2023-04-01","Canada","2021A000011124","Total, non-permanent residents","Persons","249","units","0","v1566927590","1.1","1974989","","","","0"
"2023-07-01","Canada","2021A000011124","Total, non-permanent residents","Persons","249","units","0","v1566927590","1.1","2196877","","","","0"
"2023-10-01","Canada","2021A000011124","Total, non-permanent residents","Persons","249","units","0","v1566927590","1.1","2505089","","","","0"
"2024-01-01","Canada","2021A000011124","Total, non-permanent residents","Persons","249","units","0","v1566927590","1.1","2649906","","","","0"
"2024-04-01","Canada","2021A000011124","Total, non-permanent residents","Persons","249","units","0","v1566927590","1.1","2785509","","","","0"
"2024-07-01","Canada","2021A000011124","Total, non-permanent residents","Persons","249","units","0","v1566927590","1.1","2900083","","","","0"
"2024-10-01","Canada","2021A000011124","Total, non-permanent residents","Persons","249","units","0","v1566927590","1.1","2984285","","","","0"
"2025-01-01","Canada","2021A000011124","Total, non-permanent residents","Persons","249","units","0","v1566927590","1.1","2952596","","","","0"
"2025-04-01","Canada","2021A000011124","Total, non-permanent residents","Persons","249","units","0","v1566927590","1.1","2925722","","","","0"
"2025-07-01","Canada","2021A000011124","Total, non-permanent residents","Persons","249","units","0","v1566927590","1.1","2934388","","","","0"
"2025-10-01","Canada","2021A000011124","Total, non-permanent residents","Persons","249","units","0","v1566927590","1.1","2942949","","","","0"
"2026-01-01","Canada","2021A000011124","Total, non-permanent residents","Persons","249","units","0","v1566927590","1.1","2863151","","","","0"
"2026-04-01","Canada","2021A000011124","Total, non-permanent residents","Persons","249","units","0","v1566927590","1.1","2798649","","","","0"
"2026-07-01","Canada","2021A000011124","Total, non-permanent residents","Persons","249","units","0","v1566927590","1.1","2779774","","","","0"
"2021-07-01","Canada","2021A000011124","Total, asylum claimants, protected persons and related groups","Persons","249","units","0","v1566927591","1.2","168239","","","","0"
"2021-10-01","Canada","2021A000011124","Total, asylum claimants, protected persons and related groups","Persons","249","units","0","v1566927591","1.2","162530","","","","0"
"2022-01-01","Canada","2021A000011124","Total, asylum claimants, protected persons and related groups","Persons","249","units","0","v1566927591","1.2","161144","","","","0"
"2022-04-01","Canada","2021A000011124","Total, asylum claimants, protected persons and related groups","Persons","249","units","0","v1566927591","1.2","166816","","","","0"
"2022-07-01","Canada","2021A000011124","Total, asylum claimants, protected persons and related groups","Persons","249","units","0","v1566927591","1.2","178610","","","","0"
"2022-10-01","Canada","2021A000011124","Total, asylum claimants, protected persons and related groups","Persons","249","units","0","v1566927591","1.2","194104","","","","0"
"2023-01-01","Canada","2021A000011124","Total, asylum claimants, protected persons and related groups","Persons","249","units","0","v1566927591","1.2","218905","","","","0"
"2023-04-01","Canada","2021A000011124","Total, asylum claimants, protected persons and related groups","Persons","249","units","0","v1566927591","1.2","238990","","","","0"
"2023-07-01","Canada","2021A000011124","Total, asylum claimants, protected persons and related groups","Persons","249","units","0","v1566927591","1.2","257424","","","","0"
"2023-10-01","Canada","2021A000011124","Total, asylum claimants, protected persons and related groups","Persons","249","units","0","v1566927591","1.2","288490","","","","0"
"2024-01-01","Canada","2021A000011124","Total, asylum claimants, protected persons and related groups","Persons","249","units","0","v1566927591","1.2","328511","","","","0"
"2024-04-01","Canada","2021A000011124","Total, asylum claimants, protected persons and related groups","Persons","249","units","0","v1566927591","1.2","363527","","","","0"
"2024-07-01","Canada","2021A000011124","Total, asylum claimants, protected persons and related groups","Persons","249","units","0","v1566927591","1.2","398918","","","","0"
"2024-10-01","Canada","2021A000011124","Total, asylum claimants, protected persons and related groups","Persons","249","units","0","v1566927591","1.2","429641","","","","0"
"2025-01-01","Canada","2021A000011124","Total, asylum claimants, protected persons and related groups","Persons","249","units","0","v1566927591","1.2","459896","","","","0"
"2025-04-01","Canada","2021A000011124","Total, asylum claimants, protected persons and related groups","Persons","249","units","0","v1566927591","1.2","479515","","","","0"
"2025-07-01","Canada","2021A000011124","Total, asylum claimants, protected persons and related groups","Persons","249","units","0","v1566927591","1.2","497266","","","","0"
"2025-10-01","Canada","2021A000011124","Total, asylum claimants, protected persons and related groups","Persons","249","units","0","v1566927591","1.2","516833","","","","0"
"2026-01-01","Canada","2021A000011124","Total, asylum claimants, protected persons and related groups","Persons","249","units","0","v1566927591","1.2","530155","","","","0"
"2026-04-01","Canada","2021A000011124","Total, asylum claimants, protected persons and related groups","Persons","249","units","0","v1566927591","1.2","537105","","","","0"
"2026-07-01","Canada","2021A000011124","Total, asylum claimants, protected persons and related groups","Persons","249","units","0","v1566927591","1.2","530090","","","","0"
"2021-07-01","Canada","2021A000011124","Asylum claimants, protected persons and related groups with work permit only","Persons","249","units","0","v1566927592","1.3","94262","","","","0"
"2021-10-01","Canada","2021A000011124","Asylum claimants, protected persons and related groups with work permit only","Persons","249","units","0","v1566927592","1.3","88778","","","","0"
"2022-01-01","Canada","2021A000011124","Asylum claimants, protected persons and related groups with work permit only","Persons","249","units","0","v1566927592","1.3","74255","","","","0"
"2022-04-01","Canada","2021A000011124","Asylum claimants, protected persons and related groups with work permit only","Persons","249","units","0","v1566927592","1.3","66635","","","","0"
"2022-07-01","Canada","2021A000011124","Asylum claimants, protected persons and related groups with work permit only","Persons","249","units","0","v1566927592","1.3","75029","","","","0"
"2022-10-01","Canada","2021A000011124","Asylum claimants, protected persons and related groups with work permit only","Persons","249","units","0","v1566927592","1.3","89962","","","","0"
"2023-01-01","Canada","2021A000011124","Asylum claimants, protected persons and related groups with work permit only","Persons","249","units","0","v1566927592","1.3","107339","","","","0"
"2023-04-01","Canada","2021A000011124","Asylum claimants, protected persons and related groups with work permit only","Persons","249","units","0","v1566927592","1.3","123006","","","","0"
"2023-07-01","Canada","2021A000011124","Asylum claimants, protected persons and related groups with work permit only","Persons","249","units","0","v1566927592","1.3","141517","","","","0"
"2023-10-01","Canada","2021A000011124","Asylum claimants, protected persons and related groups with work permit only","Persons","249","units","0","v1566927592","1.3","163459","","","","0"
"2024-01-01","Canada","2021A000011124","Asylum claimants, protected persons and related groups with work permit only","Persons","249","units","0","v1566927592","1.3","186570","","","","0"
"2024-04-01","Canada","2021A000011124","Asylum claimants, protected persons and related groups with work permit only","Persons","249","units","0","v1566927592","1.3","216199","","","","0"
"2024-07-01","Canada","2021A000011124","Asylum claimants, protected persons and related groups with work permit only","Persons","249","units","0","v1566927592","1.3","248544","","","","0"
"2024-10-01","Canada","2021A000011124","Asylum claimants, protected persons and related groups with work permit only","Persons","249","units","0","v1566927592","1.3","277847","","","","0"
"2025-01-01","Canada","2021A000011124","Asylum claimants, protected persons and related groups with work permit only","Persons","249","units","0","v1566927592","1.3","298237","","","","0"
"2025-04-01","Canada","2021A000011124","Asylum claimants, protected persons and related groups with work permit only","Persons","249","units","0","v1566927592","1.3","316777","","","","0"
"2025-07-01","Canada","2021A000011124","Asylum claimants, protected persons and related groups with work permit only","Persons","249","units","0","v1566927592","1.3","331172","","","","0"
"2025-10-01","Canada","2021A000011124","Asylum claimants, protected persons and related groups with work permit only","Persons","249","units","0","v1566927592","1.3","340300","","","","0"
"2026-01-01","Canada","2021A000011124","Asylum claimants, protected persons and related groups with work permit only","Persons","249","units","0","v1566927592","1.3","359519","","","","0"
"2026-04-01","Canada","2021A000011124","Asylum claimants, protected persons and related groups with work permit only","Persons","249","units","0","v1566927592","1.3","373969","","","","0"
"2026-07-01","Canada","2021A000011124","Asylum claimants, protected persons and related groups with work permit only","Persons","249","units","0","v1566927592","1.3","357680","","","","0"
"2021-07-01","Canada","2021A000011124","Asylum claimants, protected persons and related groups with study permit only","Persons","249","units","0","v1566927593","1.4","1490","","","","0"
"2021-10-01","Canada","2021A000011124","Asylum claimants, protected persons and related groups with study permit only","Persons","249","units","0","v1566927593","1.4","1241","","","","0"
"2022-01-01","Canada","2021A000011124","Asylum claimants, protected persons and related groups with study permit only","Persons","249","units","0","v1566927593","1.4","1365","","","","0"
"2022-04-01","Canada","2021A000011124","Asylum claimants, protected persons and related groups with study permit only","Persons","249","units","0","v1566927593","1.4","1803","","","","0"
"2022-07-01","Canada","2021A000011124","Asylum claimants, protected persons and related groups with study permit only","Persons","249","units","0","v1566927593","1.4","1635","","","","0"
"2022-10-01","Canada","2021A000011124","Asylum claimants, protected persons and related groups with study permit only","Persons","249","units","0","v1566927593","1.4","1231","","","","0"
"2023-01-01","Canada","2021A000011124","Asylum claimants, protected persons and related groups with study permit only","Persons","249","units","0","v1566927593","1.4","1401","","","","0"
"2023-04-01","Canada","2021A000011124","Asylum claimants, protected persons and related groups with study permit only","Persons","249","units","0","v1566927593","1.4","1624","","","","0"
"2023-07-01","Canada","2021A000011124","Asylum claimants, protected persons and related groups with study permit only","Persons","249","units","0","v1566927593","1.4","1645","","","","0"
"2023-10-01","Canada","2021A000011124","Asylum claimants, protected persons and related groups with study permit only","Persons","249","units","0","v1566927593","1.4","2020","","","","0"
"2024-01-01","Canada","2021A000011124","Asylum claimants, protected persons and related groups with study permit only","Persons","249","units","0","v1566927593","1.4","2886","","","","0"
"2024-04-01","Canada","2021A000011124","Asylum claimants, protected persons and related groups with study permit only","Persons","249","units","0","v1566927593","1.4","3492","","","","0"
"2024-07-01","Canada","2021A000011124","Asylum claimants, protected persons and related groups with study permit only","Persons","249","units","0","v1566927593","1.4","2899","","","","0"
"2024-10-01","Canada","2021A000011124","Asylum claimants, protected persons and related groups with study permit only","Persons","249","units","0","v1566927593","1.4","2439","","","","0"
"2025-01-01","Canada","2021A000011124","Asylum claimants, protected persons and related groups with study permit only","Persons","249","units","0","v1566927593","1.4","2556","","","","0"
"2025-04-01","Canada","2021A000011124","Asylum claimants, protected persons and related groups with study permit only","Persons","249","units","0","v1566927593","1.4","2470","","","","0"
"2025-07-01","Canada","2021A000011124","Asylum claimants, protected persons and related groups with study permit only","Persons","249","units","0","v1566927593","1.4","2599","","","","0"
"2025-10-01","Canada","2021A000011124","Asylum claimants, protected persons and related groups with study permit only","Persons","249","units","0","v1566927593","1.4","2445","","","","0"
"2026-01-01","Canada","2021A000011124","Asylum claimants, protected persons and related groups with study permit only","Persons","249","units","0","v1566927593","1.4","2464","","","","0"
"2026-04-01","Canada","2021A000011124","Asylum claimants, protected persons and related groups with study permit only","Persons","249","units","0","v1566927593","1.4","2456","","","","0"
"2026-07-01","Canada","2021A000011124","Asylum claimants, protected persons and related groups with study permit only","Persons","249","units","0","v1566927593","1.4","2690","","","","0"
"2021-07-01","Canada","2021A000011124","Asylum claimants, protected persons and related groups with work and study permits","Persons","249","units","0","v1566927594","1.5","4091","","","","0"
"2021-10-01","Canada","2021A000011124","Asylum claimants, protected persons and related groups with work and study permits","Persons","249","units","0","v1566927594","1.5","3416","","","","0"
"2022-01-01","Canada","2021A000011124","Asylum claimants, protected persons and related groups with work and study permits","Persons","249","units","0","v1566927594","1.5","3203","","","","0"
"2022-04-01","Canada","2021A000011124","Asylum claimants, protected persons and related groups with work and study permits","Persons","249","units","0","v1566927594","1.5","3013","","","","0"
"2022-07-01","Canada","2021A000011124","Asylum claimants, protected persons and related groups with work and study permits","Persons","249","units","0","v1566927594","1.5","3492","","","","0"
"2022-10-01","Canada","2021A000011124","Asylum claimants, protected persons and related groups with work and study permits","Persons","249","units","0","v1566927594","1.5","3764","","","","0"
"2023-01-01","Canada","2021A000011124","Asylum claimants, protected persons and related groups with work and study permits","Persons","249","units","0","v1566927594","1.5","4469","","","","0"
"2023-04-01","Canada","2021A000011124","Asylum claimants, protected persons and related groups with work and study permits","Persons","249","units","0","v1566927594","1.5","5404","","","","0"
"2023-07-01","Canada","2021A000011124","Asylum claimants, protected persons and related groups with work and study permits","Persons","249","units","0","v1566927594","1.5","6694","","","","0"
"2023-10-01","Canada","2021A000011124","Asylum claimants, protected persons and related groups with work and study permits","Persons","249","units","0","v1566927594","1.5","7608","","","","0"
"2024-01-01","Canada","2021A000011124","Asylum claimants, protected persons and related groups with work and study permits","Persons","249","units","0","v1566927594","1.5","9172","","","","0"
"2024-04-01","Canada","2021A000011124","Asylum claimants, protected persons and related groups with work and study permits","Persons","249","units","0","v1566927594","1.5","11907","","","","0"
"2024-07-01","Canada","2021A000011124","Asylum claimants, protected persons and related groups with work and study permits","Persons","249","units","0","v1566927594","1.5","15262","","","","0"
"2024-10-01","Canada","2021A000011124","Asylum claimants, protected persons and related groups with work and study permits","Persons","249","units","0","v1566927594","1.5","16717","","","","0"
"2025-01-01","Canada","2021A000011124","Asylum claimants, protected persons and related groups with work and study permits","Persons","249","units","0","v1566927594","1.5","20016","","","","0"
"2025-04-01","Canada","2021A000011124","Asylum claimants, protected persons and related groups with work and study permits","Persons","249","units","0","v1566927594","1.5","23381","","","","0"
"2025-07-01","Canada","2021A000011124","Asylum claimants, protected persons and related groups with work and study permits","Persons","249","units","0","v1566927594","1.5","24822","","","","0"
"2025-10-01","Canada","2021A000011124","Asylum claimants, protected persons and related groups with work and study permits","Persons","249","units","0","v1566927594","1.5","23874","","","","0"
"2026-01-01","Canada","2021A000011124","Asylum claimants, protected persons and related groups with work and study permits","Persons","249","units","0","v1566927594","1.5","23962","","","","0"
"2026-04-01","Canada","2021A000011124","Asylum claimants, protected persons and related groups with work and study permits","Persons","249","units","0","v1566927594","1.5","24439","","","","0"
"2026-07-01","Canada","2021A000011124","Asylum claimants, protected persons and related groups with work and study permits","Persons","249","units","0","v1566927594","1.5","22650","","","","0"
"2021-07-01","Canada","2021A000011124","Asylum claimants, protected persons and related groups without work or study permits","Persons","249","units","0","v1566927595","1.6","68396","","","","0"
"2021-10-01","Canada","2021A000011124","Asylum claimants, protected persons and related groups without work or study permits","Persons","249","units","0","v1566927595","1.6","69095","","","","0"
"2022-01-01","Canada","2021A000011124","Asylum claimants, protected persons and related groups without work or study permits","Persons","249","units","0","v1566927595","1.6","82321","","","","0"
"2022-04-01","Canada","2021A000011124","Asylum claimants, protected persons and related groups without work or study permits","Persons","249","units","0","v1566927595","1.6","95365","","","","0"
"2022-07-01","Canada","2021A000011124","Asylum claimants, protected persons and related groups without work or study permits","Persons","249","units","0","v1566927595","1.6","98454","","","","0"
"2022-10-01","Canada","2021A000011124","Asylum claimants, protected persons and related groups without work or study permits","Persons","249","units","0","v1566927595","1.6","99147","","","","0"
"2023-01-01","Canada","2021A000011124","Asylum claimants, protected persons and related groups without work or study permits","Persons","249","units","0","v1566927595","1.6","105696","","","","0"
"2023-04-01","Canada","2021A000011124","Asylum claimants, protected persons and related groups without work or study permits","Persons","249","units","0","v1566927595","1.6","108956","","","","0"
"2023-07-01","Canada","2021A000011124","Asylum claimants, protected persons and related groups without work or study permits","Persons","249","units","0","v1566927595","1.6","107568","","","","0"
"2023-10-01","Canada","2021A000011124","Asylum claimants, protected persons and related groups without work or study permits","Persons","249","units","0","v1566927595","1.6","115403","","","","0"
"2024-01-01","Canada","2021A000011124","Asylum claimants, protected persons and related groups without work or study permits","Persons","249","units","0","v1566927595","1.6","129883","","","","0"
"2024-04-01","Canada","2021A000011124","Asylum claimants, protected persons and related groups without work or study permits","Persons","249","units","0","v1566927595","1.6","131929","","","","0"
"2024-07-01","Canada","2021A000011124","Asylum claimants, protected persons and related groups without work or study permits","Persons","249","units","0","v1566927595","1.6","132213","","","","0"
"2024-10-01","Canada","2021A000011124","Asylum claimants, protected persons and related groups without work or study permits","Persons","249","units","0","v1566927595","1.6","132638","","","","0"
"2025-01-01","Canada","2021A000011124","Asylum claimants, protected persons and related groups without work or study permits","Persons","249","units","0","v1566927595","1.6","139087","","","","0"
"2025-04-01","Canada","2021A000011124","Asylum claimants, protected persons and related groups without work or study permits","Persons","249","units","0","v1566927595","1.6","136887","","","","0"
"2025-07-01","Canada","2021A000011124","Asylum claimants, protected persons and related groups without work or study permits","Persons","249","units","0","v1566927595","1.6","138673","","","","0"
"2025-10-01","Canada","2021A000011124","Asylum claimants, protected persons and related groups without work or study permits","Persons","249","units","0","v1566927595","1.6","150214","","","","0"
"2026-01-01","Canada","2021A000011124","Asylum claimants, protected persons and related groups without work or study permits","Persons","249","units","0","v1566927595","1.6","144210","","","","0"
"2026-04-01","Canada","2021A000011124","Asylum claimants, protected persons and related groups without work or study permits","Persons","249","units","0","v1566927595","1.6","136241","","","","0"
"2026-07-01","Canada","2021A000011124","Asylum claimants, protected persons and related groups without work or study permits","Persons","249","units","0","v1566927595","1.6","147070","","","","0"
"2021-07-01","Canada","2021A000011124","Total, permit holders and their family members","Persons","249","units","0","v1566927596","1.7","1157761","","","","0"
"2021-10-01","Canada","2021A000011124","Total, permit holders and their family members","Persons","249","units","0","v1566927596","1.7","1246343","","","","0"
"2022-01-01","Canada","2021A000011124","Total, permit holders and their family members","Persons","249","units","0","v1566927596","1.7","1210881","","","","0"
"2022-04-01","Canada","2021A000011124","Total, permit holders and their family members","Persons","249","units","0","v1566927596","1.7","1230203","","","","0"
"2022-07-01","Canada","2021A000011124","Total, permit holders and their family members","Persons","249","units","0","v1566927596","1.7","1368028","","","","0"
"2022-10-01","Canada","2021A000011124","Total, permit holders and their family members","Persons","249","units","0","v1566927596","1.7","1565766","","","","0"
"2023-01-01","Canada","2021A000011124","Total, permit holders and their family members","Persons","249","units","0","v1566927596","1.7","1674312","","","","0"
"2023-04-01","Canada","2021A000011124","Total, permit holders and their family members","Persons","249","units","0","v1566927596","1.7","1735999","","","","0"
"2023-07-01","Canada","2021A000011124","Total, permit holders and their family members","Persons","249","units","0","v1566927596","1.7","1939453","","","","0"
"2023-10-01","Canada","2021A000011124","Total, permit holders and their family members","Persons","249","units","0","v1566927596","1.7","2216599","","","","0"
"2024-01-01","Canada","2021A000011124","Total, permit holders and their family members","Persons","249","units","0","v1566927596","1.7","2321395","","","","0"
"2024-04-01","Canada","2021A000011124","Total, permit holders and their family members","Persons","249","units","0","v1566927596","1.7","2421982","","","","0"
"2024-07-01","Canada","2021A000011124","Total, permit holders and their family members","Persons","249","units","0","v1566927596","1.7","2501165","","","","0"
"2024-10-01","Canada","2021A000011124","Total, permit holders and their family members","Persons","249","units","0","v1566927596","1.7","2554644","","","","0"
"2025-01-01","Canada","2021A000011124","Total, permit holders and their family members","Persons","249","units","0","v1566927596","1.7","2492700","","","","0"
"2025-04-01","Canada","2021A000011124","Total, permit holders and their family members","Persons","249","units","0","v1566927596","1.7","2446207","","","","0"
"2025-07-01","Canada","2021A000011124","Total, permit holders and their family members","Persons","249","units","0","v1566927596","1.7","2437122","","","","0"
"2025-10-01","Canada","2021A000011124","Total, permit holders and their family members","Persons","249","units","0","v1566927596","1.7","2426116","","","","0"
"2026-01-01","Canada","2021A000011124","Total, permit holders and their family members","Persons","249","units","0","v1566927596","1.7","2332996","","","","0"
"2026-04-01","Canada","2021A000011124","Total, permit holders and their family members","Persons","249","units","0","v1566927596","1.7","2261544","","","","0"
"2026-07-01","Canada","2021A000011124","Total, permit holders and their family members","Persons","249","units","0","v1566927596","1.7","2249684","","","","0"
"2021-07-01","Canada","2021A000011124","Work permit holders only","Persons","249","units","0","v1566927597","1.8","586380","","","","0"
"2021-10-01","Canada","2021A000011124","Work permit holders only","Persons","249","units","0","v1566927597","1.8","612044","","","","0"
"2022-01-01","Canada","2021A000011124","Work permit holders only","Persons","249","units","0","v1566927597","1.8","564755","","","","0"
"2022-04-01","Canada","2021A000011124","Work permit holders only","Persons","249","units","0","v1566927597","1.8","569888","","","","0"
"2022-07-01","Canada","2021A000011124","Work permit holders only","Persons","249","units","0","v1566927597","1.8","657525","","","","0"
"2022-10-01","Canada","2021A000011124","Work permit holders only","Persons","249","units","0","v1566927597","1.8","774597","","","","0"
"2023-01-01","Canada","2021A000011124","Work permit holders only","Persons","249","units","0","v1566927597","1.8","826041","","","","0"
"2023-04-01","Canada","2021A000011124","Work permit holders only","Persons","249","units","0","v1566927597","1.8","878704","","","","0"
"2023-07-01","Canada","2021A000011124","Work permit holders only","Persons","249","units","0","v1566927597","1.8","1005359","","","","0"
"2023-10-01","Canada","2021A000011124","Work permit holders only","Persons","249","units","0","v1566927597","1.8","1166175","","","","0"
"2024-01-01","Canada","2021A000011124","Work permit holders only","Persons","249","units","0","v1566927597","1.8","1212407","","","","0"
"2024-04-01","Canada","2021A000011124","Work permit holders only","Persons","249","units","0","v1566927597","1.8","1290846","","","","0"
"2024-07-01","Canada","2021A000011124","Work permit holders only","Persons","249","units","0","v1566927597","1.8","1341567","","","","0"
"2024-10-01","Canada","2021A000011124","Work permit holders only","Persons","249","units","0","v1566927597","1.8","1434113","","","","0"
"2025-01-01","Canada","2021A000011124","Work permit holders only","Persons","249","units","0","v1566927597","1.8","1425929","","","","0"
"2025-04-01","Canada","2021A000011124","Work permit holders only","Persons","249","units","0","v1566927597","1.8","1417055","","","","0"
"2025-07-01","Canada","2021A000011124","Work permit holders only","Persons","249","units","0","v1566927597","1.8","1456679","","","","0"
"2025-10-01","Canada","2021A000011124","Work permit holders only","Persons","249","units","0","v1566927597","1.8","1553187","","","","0"
"2026-01-01","Canada","2021A000011124","Work permit holders only","Persons","249","units","0","v1566927597","1.8","1526989","","","","0"
"2026-04-01","Canada","2021A000011124","Work permit holders only","Persons","249","units","0","v1566927597","1.8","1486886","","","","0"
"2026-07-01","Canada","2021A000011124","Work permit holders only","Persons","249","units","0","v1566927597","1.8","1496248","","","","0"
"2021-07-01","Canada","2021A000011124","Study permit holders only","Persons","249","units","0","v1566927598","1.9","359363","","","","0"
"2021-10-01","Canada","2021A000011124","Study permit holders only","Persons","249","units","0","v1566927598","1.9","420005","","","","0"
"2022-01-01","Canada","2021A000011124","Study permit holders only","Persons","249","units","0","v1566927598","1.9","436077","","","","0"
"2022-04-01","Canada","2021A000011124","Study permit holders only","Persons","249","units","0","v1566927598","1.9","437599","","","","0"
"2022-07-01","Canada","2021A000011124","Study permit holders only","Persons","249","units","0","v1566927598","1.9","463849","","","","0"
"2022-10-01","Canada","2021A000011124","Study permit holders only","Persons","249","units","0","v1566927598","1.9","516034","","","","0"
"2023-01-01","Canada","2021A000011124","Study permit holders only","Persons","249","units","0","v1566927598","1.9","554011","","","","0"
"2023-04-01","Canada","2021A000011124","Study permit holders only","Persons","249","units","0","v1566927598","1.9","541413","","","","0"
"2023-07-01","Canada","2021A000011124","Study permit holders only","Persons","249","units","0","v1566927598","1.9","573241","","","","0"
"2023-10-01","Canada","2021A000011124","Study permit holders only","Persons","249","units","0","v1566927598","1.9","651040","","","","0"
"2024-01-01","Canada","2021A000011124","Study permit holders only","Persons","249","units","0","v1566927598","1.9","670422","","","","0"
"2024-04-01","Canada","2021A000011124","Study permit holders only","Persons","249","units","0","v1566927598","1.9","650184","","","","0"
"2024-07-01","Canada","2021A000011124","Study permit holders only","Persons","249","units","0","v1566927598","1.9","648667","","","","0"
"2024-10-01","Canada","2021A000011124","Study permit holders only","Persons","249","units","0","v1566927598","1.9","638083","","","","0"
"2025-01-01","Canada","2021A000011124","Study permit holders only","Persons","249","units","0","v1566927598","1.9","601145","","","","0"
"2025-04-01","Canada","2021A000011124","Study permit holders only","Persons","249","units","0","v1566927598","1.9","564267","","","","0"
"2025-07-01","Canada","2021A000011124","Study permit holders only","Persons","249","units","0","v1566927598","1.9","539960","","","","0"
"2025-10-01","Canada","2021A000011124","Study permit holders only","Persons","249","units","0","v1566927598","1.9","489606","","","","0"
"2026-01-01","Canada","2021A000011124","Study permit holders only","Persons","249","units","0","v1566927598","1.9","449789","","","","0"
"2026-04-01","Canada","2021A000011124","Study permit holders only","Persons","249","units","0","v1566927598","1.9","421830","","","","0"
"2026-07-01","Canada","2021A000011124","Study permit holders only","Persons","249","units","0","v1566927598","1.9","399133","","","","0"
"2021-07-01","Canada","2021A000011124","Work and study permit holders","Persons","249","units","0","v1566927599","1.10","162717","","","","0"
"2021-10-01","Canada","2021A000011124","Work and study permit holders","Persons","249","units","0","v1566927599","1.10","161045","","","","0"
"2022-01-01","Canada","2021A000011124","Work and study permit holders","Persons","249","units","0","v1566927599","1.10","159258","","","","0"
"2022-04-01","Canada","2021A000011124","Work and study permit holders","Persons","249","units","0","v1566927599","1.10","166854","","","","0"
"2022-07-01","Canada","2021A000011124","Work and study permit holders","Persons","249","units","0","v1566927599","1.10","183370","","","","0"
"2022-10-01","Canada","2021A000011124","Work and study permit holders","Persons","249","units","0","v1566927599","1.10","202926","","","","0"
"2023-01-01","Canada","2021A000011124","Work and study permit holders","Persons","249","units","0","v1566927599","1.10","217164","","","","0"
"2023-04-01","Canada","2021A000011124","Work and study permit holders","Persons","249","units","0","v1566927599","1.10","233733","","","","0"
"2023-07-01","Canada","2021A000011124","Work and study permit holders","Persons","249","units","0","v1566927599","1.10","268082","","","","0"
"2023-10-01","Canada","2021A000011124","Work and study permit holders","Persons","249","units","0","v1566927599","1.10","293377","","","","0"
"2024-01-01","Canada","2021A000011124","Work and study permit holders","Persons","249","units","0","v1566927599","1.10","317145","","","","0"
"2024-04-01","Canada","2021A000011124","Work and study permit holders","Persons","249","units","0","v1566927599","1.10","342340","","","","0"
"2024-07-01","Canada","2021A000011124","Work and study permit holders","Persons","249","units","0","v1566927599","1.10","368112","","","","0"
"2024-10-01","Canada","2021A000011124","Work and study permit holders","Persons","249","units","0","v1566927599","1.10","335835","","","","0"
"2025-01-01","Canada","2021A000011124","Work and study permit holders","Persons","249","units","0","v1566927599","1.10","323101","","","","0"
"2025-04-01","Canada","2021A000011124","Work and study permit holders","Persons","249","units","0","v1566927599","1.10","322465","","","","0"
"2025-07-01","Canada","2021A000011124","Work and study permit holders","Persons","249","units","0","v1566927599","1.10","301933","","","","0"
"2025-10-01","Canada","2021A000011124","Work and study permit holders","Persons","249","units","0","v1566927599","1.10","243070","","","","0"
"2026-01-01","Canada","2021A000011124","Work and study permit holders","Persons","249","units","0","v1566927599","1.10","220524","","","","0"
"2026-04-01","Canada","2021A000011124","Work and study permit holders","Persons","249","units","0","v1566927599","1.10","222837","","","","0"
"2026-07-01","Canada","2021A000011124","Work and study permit holders","Persons","249","units","0","v1566927599","1.10","220770","","","","0"
"2021-07-01","Canada","2021A000011124","Other","Persons","249","units","0","v1566927600","1.11","49301","","","","0"
"2021-10-01","Canada","2021A000011124","Other","Persons","249","units","0","v1566927600","1.11","53249","","","","0"
"2022-01-01","Canada","2021A000011124","Other","Persons","249","units","0","v1566927600","1.11","50791","","","","0"
"2022-04-01","Canada","2021A000011124","Other","Persons","249","units","0","v1566927600","1.11","55862","","","","0"
"2022-07-01","Canada","2021A000011124","Other","Persons","249","units","0","v1566927600","1.11","63284","","","","0"
"2022-10-01","Canada","2021A000011124","Other","Persons","249","units","0","v1566927600","1.11","72209","","","","0"
"2023-01-01","Canada","2021A000011124","Other","Persons","249","units","0","v1566927600","1.11","77096","","","","0"
"2023-04-01","Canada","2021A000011124","Other","Persons","249","units","0","v1566927600","1.11","82149","","","","0"
"2023-07-01","Canada","2021A000011124","Other","Persons","249","units","0","v1566927600","1.11","92771","","","","0"
"2023-10-01","Canada","2021A000011124","Other","Persons","249","units","0","v1566927600","1.11","106007","","","","0"
"2024-01-01","Canada","2021A000011124","Other","Persons","249","units","0","v1566927600","1.11","121421","","","","0"
"2024-04-01","Canada","2021A000011124","Other","Persons","249","units","0","v1566927600","1.11","138612","","","","0"
"2024-07-01","Canada","2021A000011124","Other","Persons","249","units","0","v1566927600","1.11","142819","","","","0"
"2024-10-01","Canada","2021A000011124","Other","Persons","249","units","0","v1566927600","1.11","146613","","","","0"
"2025-01-01","Canada","2021A000011124","Other","Persons","249","units","0","v1566927600","1.11","142525","","","","0"
"2025-04-01","Canada","2021A000011124","Other","Persons","249","units","0","v1566927600","1.11","142420","","","","0"
"2025-07-01","Canada","2021A000011124","Other","Persons","249","units","0","v1566927600","1.11","138550","","","","0"
"2025-10-01","Canada","2021A000011124","Other","Persons","249","units","0","v1566927600","1.11","140253","","","","0"
"2026-01-01","Canada","2021A000011124","Other","Persons","249","units","0","v1566927600","1.11","135694","","","","0"
"2026-04-01","Canada","2021A000011124","Other","Persons","249","units","0","v1566927600","1.11","129991","","","","0"
"2026-07-01","Canada","2021A000011124","Other","Persons","249","units","0","v1566927600","1.11","133533","","","","0"
"2021-07-01","Newfoundland and Labrador","2021A000210","Total, non-permanent residents","Persons","249","units","0","v1566927601","2.1","6752","","","","0"
"2021-10-01","Newfoundland and Labrador","2021A000210","Total, non-permanent residents","Persons","249","units","0","v1566927601","2.1","7808","","","","0"
"2022-01-01","Newfoundland and Labrador","2021A000210","Total, non-permanent residents","Persons","249","units","0","v1566927601","2.1","7589","","","","0"
"2022-04-01","Newfoundland and Labrador","2021A000210","Total, non-permanent residents","Persons","249","units","0","v1566927601","2.1","7537","","","","0"
"2022-07-01","Newfoundland and Labrador","2021A000210","Total, non-permanent residents","Persons","249","units","0","v1566927601","2.1","8779","","","","0"
"2022-10-01","Newfoundland and Labrador","2021A000210","Total, non-permanent residents","Persons","249","units","0","v1566927601","2.1","10146","","","","0"
"2023-01-01","Newfoundland and Labrador","2021A000210","Total, non-permanent residents","Persons","249","units","0","v1566927601","2.1","10952","","","","0"
"2023-04-01","Newfoundland and Labrador","2021A000210","Total, non-permanent residents","Persons","249","units","0","v1566927601","2.1","11013","","","","0"
"2023-07-01","Newfoundland and Labrador","2021A000210","Total, non-permanent residents","Persons","249","units","0","v1566927601","2.1","12485","","","","0"
"2023-10-01","Newfoundland and Labrador","2021A000210","Total, non-permanent residents","Persons","249","units","0","v1566927601","2.1","14247","","","","0"
"2024-01-01","Newfoundland and Labrador","2021A000210","Total, non-permanent residents","Persons","249","units","0","v1566927601","2.1","14494","","","","0"
"2024-04-01","Newfoundland and Labrador","2021A000210","Total, non-permanent residents","Persons","249","units","0","v1566927601","2.1","15176","","","","0"
"2024-07-01","Newfoundland and Labrador","2021A000210","Total, non-permanent residents","Persons","249","units","0","v1566927601","2.1","16263","","","","0"
"2024-10-01","Newfoundland and Labrador","2021A000210","Total, non-permanent residents","Persons","249","units","0","v1566927601","2.1","16876","","","","0"
"2025-01-01","Newfoundland and Labrador","2021A000210","Total, non-permanent residents","Persons","249","units","0","v1566927601","2.1","16708","","","","0"
"2025-04-01","Newfoundland and Labrador","2021A000210","Total, non-permanent residents","Persons","249","units","0","v1566927601","2.1","16516","","","","0"
"2025-07-01","Newfoundland and Labrador","2021A000210","Total, non-permanent residents","Persons","249","units","0","v1566927601","2.1","17246","","","","0"
"2025-10-01","Newfoundland and Labrador","2021A000210","Total, non-permanent residents","Persons","249","units","0","v1566927601","2.1","18209","","","","0"
"2026-01-01","Newfoundland and Labrador","2021A000210","Total, non-permanent residents","Persons","249","units","0","v1566927601","2.1","17896","","","","0"
"2026-04-01","Newfoundland and Labrador","2021A000210","Total, non-permanent residents","Persons","249","units","0","v1566927601","2.1","16447","","","","0"
"2026-07-01","Newfoundland and Labrador","2021A000210","Total, non-permanent residents","Persons","249","units","0","v1566927601","2.1","16686","","","","0"
"2021-07-01","Newfoundland and Labrador","2021A000210","Total, asylum claimants, protected persons and related groups","Persons","249","units","0","v1566927602","2.2","181","","","","0"
"2021-10-01","Newfoundland and Labrador","2021A000210","Total, asylum claimants, protected persons and related groups","Persons","249","units","0","v1566927602","2.2","162","","","","0"
"2022-01-01","Newfoundland and Labrador","2021A000210","Total, asylum claimants, protected persons and related groups","Persons","249","units","0","v1566927602","2.2","157","","","","0"
"2022-04-01","Newfoundland and Labrador","2021A000210","Total, asylum claimants, protected persons and related groups","Persons","249","units","0","v1566927602","2.2","156","","","","0"
"2022-07-01","Newfoundland and Labrador","2021A000210","Total, asylum claimants, protected persons and related groups","Persons","249","units","0","v1566927602","2.2","137","","","","0"
"2022-10-01","Newfoundland and Labrador","2021A000210","Total, asylum claimants, protected persons and related groups","Persons","249","units","0","v1566927602","2.2","128","","","","0"
"2023-01-01","Newfoundland and Labrador","2021A000210","Total, asylum claimants, protected persons and related groups","Persons","249","units","0","v1566927602","2.2","131","","","","0"
"2023-04-01","Newfoundland and Labrador","2021A000210","Total, asylum claimants, protected persons and related groups","Persons","249","units","0","v1566927602","2.2","190","","","","0"
"2023-07-01","Newfoundland and Labrador","2021A000210","Total, asylum claimants, protected persons and related groups","Persons","249","units","0","v1566927602","2.2","222","","","","0"
"2023-10-01","Newfoundland and Labrador","2021A000210","Total, asylum claimants, protected persons and related groups","Persons","249","units","0","v1566927602","2.2","198","","","","0"
"2024-01-01","Newfoundland and Labrador","2021A000210","Total, asylum claimants, protected persons and related groups","Persons","249","units","0","v1566927602","2.2","214","","","","0"
"2024-04-01","Newfoundland and Labrador","2021A000210","Total, asylum claimants, protected persons and related groups","Persons","249","units","0","v1566927602","2.2","226","","","","0"
"2024-07-01","Newfoundland and Labrador","2021A000210","Total, asylum claimants, protected persons and related groups","Persons","249","units","0","v1566927602","2.2","230","","","","0"
"2024-10-01","Newfoundland and Labrador","2021A000210","Total, asylum claimants, protected persons and related groups","Persons","249","units","0","v1566927602","2.2","240","","","","0"
"2025-01-01","Newfoundland and Labrador","2021A000210","Total, asylum claimants, protected persons and related groups","Persons","249","units","0","v1566927602","2.2","249","","","","0"
"2025-04-01","Newfoundland and Labrador","2021A000210","Total, asylum claimants, protected persons and related groups","Persons","249","units","0","v1566927602","2.2","320","","","","0"
"2025-07-01","Newfoundland and Labrador","2021A000210","Total, asylum claimants, protected persons and related groups","Persons","249","units","0","v1566927602","2.2","405","","","","0"
"2025-10-01","Newfoundland and Labrador","2021A000210","Total, asylum claimants, protected persons and related groups","Persons","249","units","0","v1566927602","2.2","460","","","","0"
"2026-01-01","Newfoundland and Labrador","2021A000210","Total, asylum claimants, protected persons and related groups","Persons","249","units","0","v1566927602","2.2","523","","","","0"
"2026-04-01","Newfoundland and Labrador","2021A000210","Total, asylum claimants, protected persons and related groups","Persons","249","units","0","v1566927602","2.2","570","","","","0"
"2026-07-01","Newfoundland and Labrador","2021A000210","Total, asylum claimants, protected persons and related groups","Persons","249","units","0","v1566927602","2.2","606","","","","0"
"2021-07-01","Newfoundland and Labrador","2021A000210","Asylum claimants, protected persons and related groups with work permit only","Persons","249","units","0","v1566927603","2.3","69","","","","0"
"2021-10-01","Newfoundland and Labrador","2021A000210","Asylum claimants, protected persons and related groups with work permit only","Persons","249","units","0","v1566927603","2.3","59","","","","0"
"2022-01-01","Newfoundland and Labrador","2021A000210","Asylum claimants, protected persons and related groups with work permit only","Persons","249","units","0","v1566927603","2.3","58","","","","0"
"2022-04-01","Newfoundland and Labrador","2021A000210","Asylum claimants, protected persons and related groups with work permit only","Persons","249","units","0","v1566927603","2.3","55","","","","0"
"2022-07-01","Newfoundland and Labrador","2021A000210","Asylum claimants, protected persons and related groups with work permit only","Persons","249","units","0","v1566927603","2.3","58","","","","0"
"2022-10-01","Newfoundland and Labrador","2021A000210","Asylum claimants, protected persons and related groups with work permit only","Persons","249","units","0","v1566927603","2.3","57","","","","0"
"2023-01-01","Newfoundland and Labrador","2021A000210","Asylum claimants, protected persons and related groups with work permit only","Persons","249","units","0","v1566927603","2.3","55","","","","0"
"2023-04-01","Newfoundland and Labrador","2021A000210","Asylum claimants, protected persons and related groups with work permit only","Persons","249","units","0","v1566927603","2.3","118","","","","0"
"2023-07-01","Newfoundland and Labrador","2021A000210","Asylum claimants, protected persons and related groups with work permit only","Persons","249","units","0","v1566927603","2.3","126","","","","0"
"2023-10-01","Newfoundland and Labrador","2021A000210","Asylum claimants, protected persons and related groups with work permit only","Persons","249","units","0","v1566927603","2.3","115","","","","0"
"2024-01-01","Newfoundland and Labrador","2021A000210","Asylum claimants, protected persons and related groups with work permit only","Persons","249","units","0","v1566927603","2.3","128","","","","0"
"2024-04-01","Newfoundland and Labrador","2021A000210","Asylum claimants, protected persons and related groups with work permit only","Persons","249","units","0","v1566927603","2.3","137","","","","0"
"2024-07-01","Newfoundland and Labrador","2021A000210","Asylum claimants, protected persons and related groups with work permit only","Persons","249","units","0","v1566927603","2.3","149","","","","0"
"2024-10-01","Newfoundland and Labrador","2021A000210","Asylum claimants, protected persons and related groups with work permit only","Persons","249","units","0","v1566927603","2.3","165","","","","0"
"2025-01-01","Newfoundland and Labrador","2021A000210","Asylum claimants, protected persons and related groups with work permit only","Persons","249","units","0","v1566927603","2.3","180","","","","0"
"2025-04-01","Newfoundland and Labrador","2021A000210","Asylum claimants, protected persons and related groups with work permit only","Persons","249","units","0","v1566927603","2.3","227","","","","0"
"2025-07-01","Newfoundland and Labrador","2021A000210","Asylum claimants, protected persons and related groups with work permit only","Persons","249","units","0","v1566927603","2.3","266","","","","0"
"2025-10-01","Newfoundland and Labrador","2021A000210","Asylum claimants, protected persons and related groups with work permit only","Persons","249","units","0","v1566927603","2.3","305","","","","0"
"2026-01-01","Newfoundland and Labrador","2021A000210","Asylum claimants, protected persons and related groups with work permit only","Persons","249","units","0","v1566927603","2.3","364","","","","0"
"2026-04-01","Newfoundland and Labrador","2021A000210","Asylum claimants, protected persons and related groups with work permit only","Persons","249","units","0","v1566927603","2.3","402","","","","0"
"2026-07-01","Newfoundland and Labrador","2021A000210","Asylum claimants, protected persons and related groups with work permit only","Persons","249","units","0","v1566927603","2.3","414","","","","0"
"2021-07-01","Newfoundland and Labrador","2021A000210","Asylum claimants, protected persons and related groups with study permit only","Persons","249","units","0","v1566927604","2.4","9","","","","0"
"2021-10-01","Newfoundland and Labrador","2021A000210","Asylum claimants, protected persons and related groups with study permit only","Persons","249","units","0","v1566927604","2.4","5","","","","0"
"2022-01-01","Newfoundland and Labrador","2021A000210","Asylum claimants, protected persons and related groups with study permit only","Persons","249","units","0","v1566927604","2.4","10","","","","0"
"2022-04-01","Newfoundland and Labrador","2021A000210","Asylum claimants, protected persons and related groups with study permit only","Persons","249","units","0","v1566927604","2.4","14","","","","0"
"2022-07-01","Newfoundland and Labrador","2021A000210","Asylum claimants, protected persons and related groups with study permit only","Persons","249","units","0","v1566927604","2.4","8","","","","0"
"2022-10-01","Newfoundland and Labrador","2021A000210","Asylum claimants, protected persons and related groups with study permit only","Persons","249","units","0","v1566927604","2.4","5","","","","0"
"2023-01-01","Newfoundland and Labrador","2021A000210","Asylum claimants, protected persons and related groups with study permit only","Persons","249","units","0","v1566927604","2.4","6","","","","0"
"2023-04-01","Newfoundland and Labrador","2021A000210","Asylum claimants, protected persons and related groups with study permit only","Persons","249","units","0","v1566927604","2.4","2","","","","0"
"2023-07-01","Newfoundland and Labrador","2021A000210","Asylum claimants, protected persons and related groups with study permit only","Persons","249","units","0","v1566927604","2.4","5","","","","0"
"2023-10-01","Newfoundland and Labrador","2021A000210","Asylum claimants, protected persons and related groups with study permit only","Persons","249","units","0","v1566927604","2.4","4","","","","0"
"2024-01-01","Newfoundland and Labrador","2021A000210","Asylum claimants, protected persons and related groups with study permit only","Persons","249","units","0","v1566927604","2.4","1","","","","0"
"2024-04-01","Newfoundland and Labrador","2021A000210","Asylum claimants, protected persons and related groups with study permit only","Persons","249","units","0","v1566927604","2.4","4","","","","0"
"2024-07-01","Newfoundland and Labrador","2021A000210","Asylum claimants, protected persons and related groups with study permit only","Persons","249","units","0","v1566927604","2.4","4","","","","0"
"2024-10-01","Newfoundland and Labrador","2021A000210","Asylum claimants, protected persons and related groups with study permit only","Persons","249","units","0","v1566927604","2.4","3","","","","0"
"2025-01-01","Newfoundland and Labrador","2021A000210","Asylum claimants, protected persons and related groups with study permit only","Persons","249","units","0","v1566927604","2.4","4","","","","0"
"2025-04-01","Newfoundland and Labrador","2021A000210","Asylum claimants, protected persons and related groups with study permit only","Persons","249","units","0","v1566927604","2.4","2","","","","0"
"2025-07-01","Newfoundland and Labrador","2021A000210","Asylum claimants, protected persons and related groups with study permit only","Persons","249","units","0","v1566927604","2.4","4","","","","0"
"2025-10-01","Newfoundland and Labrador","2021A000210","Asylum claimants, protected persons and related groups with study permit only","Persons","249","units","0","v1566927604","2.4","7","","","","0"
"2026-01-01","Newfoundland and Labrador","2021A000210","Asylum claimants, protected persons and related groups with study permit only","Persons","249","units","0","v1566927604","2.4","8","","","","0"
"2026-04-01","Newfoundland and Labrador","2021A000210","Asylum claimants, protected persons and related groups with study permit only","Persons","249","units","0","v1566927604","2.4","15","","","","0"
"2026-07-01","Newfoundland and Labrador","2021A000210","Asylum claimants, protected persons and related groups with study permit only","Persons","249","units","0","v1566927604","2.4","15","","","","0"
"2021-07-01","Newfoundland and Labrador","2021A000210","Asylum claimants, protected persons and related groups with work and study permits","Persons","249","units","0","v1566927605","2.5","12","","","","0"
"2021-10-01","Newfoundland and Labrador","2021A000210","Asylum claimants, protected persons and related groups with work and study permits","Persons","249","units","0","v1566927605","2.5","12","","","","0"
"2022-01-01","Newfoundland and Labrador","2021A000210","Asylum claimants, protected persons and related groups with work and study permits","Persons","249","units","0","v1566927605","2.5","9","","","","0"
"2022-04-01","Newfoundland and Labrador","2021A000210","Asylum claimants, protected persons and related groups with work and study permits","Persons","249","units","0","v1566927605","2.5","6","","","","0"
"2022-07-01","Newfoundland and Labrador","2021A000210","Asylum claimants, protected persons and related groups with work and study permits","Persons","249","units","0","v1566927605","2.5","9","","","","0"
"2022-10-01","Newfoundland and Labrador","2021A000210","Asylum claimants, protected persons and related groups with work and study permits","Persons","249","units","0","v1566927605","2.5","6","","","","0"
"2023-01-01","Newfoundland and Labrador","2021A000210","Asylum claimants, protected persons and related groups with work and study permits","Persons","249","units","0","v1566927605","2.5","10","","","","0"
"2023-04-01","Newfoundland and Labrador","2021A000210","Asylum claimants, protected persons and related groups with work and study permits","Persons","249","units","0","v1566927605","2.5","11","","","","0"
"2023-07-01","Newfoundland and Labrador","2021A000210","Asylum claimants, protected persons and related groups with work and study permits","Persons","249","units","0","v1566927605","2.5","10","","","","0"
"2023-10-01","Newfoundland and Labrador","2021A000210","Asylum claimants, protected persons and related groups with work and study permits","Persons","249","units","0","v1566927605","2.5","8","","","","0"
"2024-01-01","Newfoundland and Labrador","2021A000210","Asylum claimants, protected persons and related groups with work and study permits","Persons","249","units","0","v1566927605","2.5","9","","","","0"
"2024-04-01","Newfoundland and Labrador","2021A000210","Asylum claimants, protected persons and related groups with work and study permits","Persons","249","units","0","v1566927605","2.5","10","","","","0"
"2024-07-01","Newfoundland and Labrador","2021A000210","Asylum claimants, protected persons and related groups with work and study permits","Persons","249","units","0","v1566927605","2.5","8","","","","0"
"2024-10-01","Newfoundland and Labrador","2021A000210","Asylum claimants, protected persons and related groups with work and study permits","Persons","249","units","0","v1566927605","2.5","10","","","","0"
"2025-01-01","Newfoundland and Labrador","2021A000210","Asylum claimants, protected persons and related groups with work and study permits","Persons","249","units","0","v1566927605","2.5","16","","","","0"
"2025-04-01","Newfoundland and Labrador","2021A000210","Asylum claimants, protected persons and related groups with work and study permits","Persons","249","units","0","v1566927605","2.5","18","","","","0"
"2025-07-01","Newfoundland and Labrador","2021A000210","Asylum claimants, protected persons and related groups with work and study permits","Persons","249","units","0","v1566927605","2.5","27","","","","0"
"2025-10-01","Newfoundland and Labrador","2021A000210","Asylum claimants, protected persons and related groups with work and study permits","Persons","249","units","0","v1566927605","2.5","26","","","","0"
"2026-01-01","Newfoundland and Labrador","2021A000210","Asylum claimants, protected persons and related groups with work and study permits","Persons","249","units","0","v1566927605","2.5","28","","","","0"
"2026-04-01","Newfoundland and Labrador","2021A000210","Asylum claimants, protected persons and related groups with work and study permits","Persons","249","units","0","v1566927605","2.5","37","","","","0"
"2026-07-01","Newfoundland and Labrador","2021A000210","Asylum claimants, protected persons and related groups with work and study permits","Persons","249","units","0","v1566927605","2.5","36","","","","0"
"2021-07-01","Newfoundland and Labrador","2021A000210","Asylum claimants, protected persons and related groups without work or study permits","Persons","249","units","0","v1566927606","2.6","91","","","","0"
"2021-10-01","Newfoundland and Labrador","2021A000210","Asylum claimants, protected persons and related groups without work or study permits","Persons","249","units","0","v1566927606","2.6","86","","","","0"
"2022-01-01","Newfoundland and Labrador","2021A000210","Asylum claimants, protected persons and related groups without work or study permits","Persons","249","units","0","v1566927606","2.6","80","","","","0"
"2022-04-01","Newfoundland and Labrador","2021A000210","Asylum claimants, protected persons and related groups without work or study permits","Persons","249","units","0","v1566927606","2.6","81","","","","0"
"2022-07-01","Newfoundland and Labrador","2021A000210","Asylum claimants, protected persons and related groups without work or study permits","Persons","249","units","0","v1566927606","2.6","62","","","","0"
"2022-10-01","Newfoundland and Labrador","2021A000210","Asylum claimants, protected persons and related groups without work or study permits","Persons","249","units","0","v1566927606","2.6","60","","","","0"
"2023-01-01","Newfoundland and Labrador","2021A000210","Asylum claimants, protected persons and related groups without work or study permits","Persons","249","units","0","v1566927606","2.6","60","","","","0"
"2023-04-01","Newfoundland and Labrador","2021A000210","Asylum claimants, protected persons and related groups without work or study permits","Persons","249","units","0","v1566927606","2.6","59","","","","0"
"2023-07-01","Newfoundland and Labrador","2021A000210","Asylum claimants, protected persons and related groups without work or study permits","Persons","249","units","0","v1566927606","2.6","81","","","","0"
"2023-10-01","Newfoundland and Labrador","2021A000210","Asylum claimants, protected persons and related groups without work or study permits","Persons","249","units","0","v1566927606","2.6","71","","","","0"
"2024-01-01","Newfoundland and Labrador","2021A000210","Asylum claimants, protected persons and related groups without work or study permits","Persons","249","units","0","v1566927606","2.6","76","","","","0"
"2024-04-01","Newfoundland and Labrador","2021A000210","Asylum claimants, protected persons and related groups without work or study permits","Persons","249","units","0","v1566927606","2.6","75","","","","0"
"2024-07-01","Newfoundland and Labrador","2021A000210","Asylum claimants, protected persons and related groups without work or study permits","Persons","249","units","0","v1566927606","2.6","69","","","","0"
"2024-10-01","Newfoundland and Labrador","2021A000210","Asylum claimants, protected persons and related groups without work or study permits","Persons","249","units","0","v1566927606","2.6","62","","","","0"
"2025-01-01","Newfoundland and Labrador","2021A000210","Asylum claimants, protected persons and related groups without work or study permits","Persons","249","units","0","v1566927606","2.6","49","","","","0"
"2025-04-01","Newfoundland and Labrador","2021A000210","Asylum claimants, protected persons and related groups without work or study permits","Persons","249","units","0","v1566927606","2.6","73","","","","0"
"2025-07-01","Newfoundland and Labrador","2021A000210","Asylum claimants, protected persons and related groups without work or study permits","Persons","249","units","0","v1566927606","2.6","108","","","","0"
"2025-10-01","Newfoundland and Labrador","2021A000210","Asylum claimants, protected persons and related groups without work or study permits","Persons","249","units","0","v1566927606","2.6","122","","","","0"
"2026-01-01","Newfoundland and Labrador","2021A000210","Asylum claimants, protected persons and related groups without work or study permits","Persons","249","units","0","v1566927606","2.6","123","","","","0"
"2026-04-01","Newfoundland and Labrador","2021A000210","Asylum claimants, protected persons and related groups without work or study permits","Persons","249","units","0","v1566927606","2.6","116","","","","0"
"2026-07-01","Newfoundland and Labrador","2021A000210","Asylum claimants, protected persons and related groups without work or study permits","Persons","249","units","0","v1566927606","2.6","141","","","","0"
"2021-07-01","Newfoundland and Labrador","2021A000210","Total, permit holders and their family members","Persons","249","units","0","v1566927607","2.7","6571","","","","0"
"2021-10-01","Newfoundland and Labrador","2021A000210","Total, permit holders and their family members","Persons","249","units","0","v1566927607","2.7","7646","","","","0"
"2022-01-01","Newfoundland and Labrador","2021A000210","Total, permit holders and their family members","Persons","249","units","0","v1566927607","2.7","7432","","","","0"
"2022-04-01","Newfoundland and Labrador","2021A000210","Total, permit holders and their family members","Persons","249","units","0","v1566927607","2.7","7381","","","","0"
"2022-07-01","Newfoundland and Labrador","2021A000210","Total, permit holders and their family members","Persons","249","units","0","v1566927607","2.7","8642","","","","0"
"2022-10-01","Newfoundland and Labrador","2021A000210","Total, permit holders and their family members","Persons","249","units","0","v1566927607","2.7","10018","","","","0"
"2023-01-01","Newfoundland and Labrador","2021A000210","Total, permit holders and their family members","Persons","249","units","0","v1566927607","2.7","10821","","","","0"
"2023-04-01","Newfoundland and Labrador","2021A000210","Total, permit holders and their family members","Persons","249","units","0","v1566927607","2.7","10823","","","","0"
"2023-07-01","Newfoundland and Labrador","2021A000210","Total, permit holders and their family members","Persons","249","units","0","v1566927607","2.7","12263","","","","0"
"2023-10-01","Newfoundland and Labrador","2021A000210","Total, permit holders and their family members","Persons","249","units","0","v1566927607","2.7","14049","","","","0"
"2024-01-01","Newfoundland and Labrador","2021A000210","Total, permit holders and their family members","Persons","249","units","0","v1566927607","2.7","14280","","","","0"
"2024-04-01","Newfoundland and Labrador","2021A000210","Total, permit holders and their family members","Persons","249","units","0","v1566927607","2.7","14950","","","","0"
"2024-07-01","Newfoundland and Labrador","2021A000210","Total, permit holders and their family members","Persons","249","units","0","v1566927607","2.7","16033","","","","0"
"2024-10-01","Newfoundland and Labrador","2021A000210","Total, permit holders and their family members","Persons","249","units","0","v1566927607","2.7","16636","","","","0"
"2025-01-01","Newfoundland and Labrador","2021A000210","Total, permit holders and their family members","Persons","249","units","0","v1566927607","2.7","16459","","","","0"
"2025-04-01","Newfoundland and Labrador","2021A000210","Total, permit holders and their family members","Persons","249","units","0","v1566927607","2.7","16196","","","","0"
"2025-07-01","Newfoundland and Labrador","2021A000210","Total, permit holders and their family members","Persons","249","units","0","v1566927607","2.7","16841","","","","0"
"2025-10-01","Newfoundland and Labrador","2021A000210","Total, permit holders and their family members","Persons","249","units","0","v1566927607","2.7","17749","","","","0"
"2026-01-01","Newfoundland and Labrador","2021A000210","Total, permit holders and their family members","Persons","249","units","0","v1566927607","2.7","17373","","","","0"
"2026-04-01","Newfoundland and Labrador","2021A000210","Total, permit holders and their family members","Persons","249","units","0","v1566927607","2.7","15877","","","","0"
"2026-07-01","Newfoundland and Labrador","2021A000210","Total, permit holders and their family members","Persons","249","units","0","v1566927607","2.7","16080","","","","0"
"2021-07-01","Newfoundland and Labrador","2021A000210","Work permit holders only","Persons","249","units","0","v1566927608","2.8","2728","","","","0"
"2021-10-01","Newfoundland and Labrador","2021A000210","Work permit holders only","Persons","249","units","0","v1566927608","2.8","2893","","","","0"
"2022-01-01","Newfoundland and Labrador","2021A000210","Work permit holders only","Persons","249","units","0","v1566927608","2.8","2544","","","","0"
"2022-04-01","Newfoundland and Labrador","2021A000210","Work permit holders only","Persons","249","units","0","v1566927608","2.8","2461","","","","0"
"2022-07-01","Newfoundland and Labrador","2021A000210","Work permit holders only","Persons","249","units","0","v1566927608","2.8","3415","","","","0"
"2022-10-01","Newfoundland and Labrador","2021A000210","Work permit holders only","Persons","249","units","0","v1566927608","2.8","4021","","","","0"
"2023-01-01","Newfoundland and Labrador","2021A000210","Work permit holders only","Persons","249","units","0","v1566927608","2.8","4451","","","","0"
"2023-04-01","Newfoundland and Labrador","2021A000210","Work permit holders only","Persons","249","units","0","v1566927608","2.8","4529","","","","0"
"2023-07-01","Newfoundland and Labrador","2021A000210","Work permit holders only","Persons","249","units","0","v1566927608","2.8","5724","","","","0"
"2023-10-01","Newfoundland and Labrador","2021A000210","Work permit holders only","Persons","249","units","0","v1566927608","2.8","6560","","","","0"
"2024-01-01","Newfoundland and Labrador","2021A000210","Work permit holders only","Persons","249","units","0","v1566927608","2.8","6546","","","","0"
"2024-04-01","Newfoundland and Labrador","2021A000210","Work permit holders only","Persons","249","units","0","v1566927608","2.8","7099","","","","0"
"2024-07-01","Newfoundland and Labrador","2021A000210","Work permit holders only","Persons","249","units","0","v1566927608","2.8","8050","","","","0"
"2024-10-01","Newfoundland and Labrador","2021A000210","Work permit holders only","Persons","249","units","0","v1566927608","2.8","8625","","","","0"
"2025-01-01","Newfoundland and Labrador","2021A000210","Work permit holders only","Persons","249","units","0","v1566927608","2.8","8798","","","","0"
"2025-04-01","Newfoundland and Labrador","2021A000210","Work permit holders only","Persons","249","units","0","v1566927608","2.8","8707","","","","0"
"2025-07-01","Newfoundland and Labrador","2021A000210","Work permit holders only","Persons","249","units","0","v1566927608","2.8","9424","","","","0"
"2025-10-01","Newfoundland and Labrador","2021A000210","Work permit holders only","Persons","249","units","0","v1566927608","2.8","10582","","","","0"
"2026-01-01","Newfoundland and Labrador","2021A000210","Work permit holders only","Persons","249","units","0","v1566927608","2.8","10668","","","","0"
"2026-04-01","Newfoundland and Labrador","2021A000210","Work permit holders only","Persons","249","units","0","v1566927608","2.8","9528","","","","0"
"2026-07-01","Newfoundland and Labrador","2021A000210","Work permit holders only","Persons","249","units","0","v1566927608","2.8","9829","","","","0"
"2021-07-01","Newfoundland and Labrador","2021A000210","Study permit holders only","Persons","249","units","0","v1566927609","2.9","2687","","","","0"
"2021-10-01","Newfoundland and Labrador","2021A000210","Study permit holders only","Persons","249","units","0","v1566927609","2.9","3661","","","","0"
"2022-01-01","Newfoundland and Labrador","2021A000210","Study permit holders only","Persons","249","units","0","v1566927609","2.9","3813","","","","0"
"2022-04-01","Newfoundland and Labrador","2021A000210","Study permit holders only","Persons","249","units","0","v1566927609","2.9","3843","","","","0"
"2022-07-01","Newfoundland and Labrador","2021A000210","Study permit holders only","Persons","249","units","0","v1566927609","2.9","3952","","","","0"
"2022-10-01","Newfoundland and Labrador","2021A000210","Study permit holders only","Persons","249","units","0","v1566927609","2.9","4695","","","","0"
"2023-01-01","Newfoundland and Labrador","2021A000210","Study permit holders only","Persons","249","units","0","v1566927609","2.9","4946","","","","0"
"2023-04-01","Newfoundland and Labrador","2021A000210","Study permit holders only","Persons","249","units","0","v1566927609","2.9","4718","","","","0"
"2023-07-01","Newfoundland and Labrador","2021A000210","Study permit holders only","Persons","249","units","0","v1566927609","2.9","4691","","","","0"
"2023-10-01","Newfoundland and Labrador","2021A000210","Study permit holders only","Persons","249","units","0","v1566927609","2.9","5390","","","","0"
"2024-01-01","Newfoundland and Labrador","2021A000210","Study permit holders only","Persons","249","units","0","v1566927609","2.9","5199","","","","0"
"2024-04-01","Newfoundland and Labrador","2021A000210","Study permit holders only","Persons","249","units","0","v1566927609","2.9","4887","","","","0"
"2024-07-01","Newfoundland and Labrador","2021A000210","Study permit holders only","Persons","249","units","0","v1566927609","2.9","4721","","","","0"
"2024-10-01","Newfoundland and Labrador","2021A000210","Study permit holders only","Persons","249","units","0","v1566927609","2.9","4780","","","","0"
"2025-01-01","Newfoundland and Labrador","2021A000210","Study permit holders only","Persons","249","units","0","v1566927609","2.9","4616","","","","0"
"2025-04-01","Newfoundland and Labrador","2021A000210","Study permit holders only","Persons","249","units","0","v1566927609","2.9","4424","","","","0"
"2025-07-01","Newfoundland and Labrador","2021A000210","Study permit holders only","Persons","249","units","0","v1566927609","2.9","4389","","","","0"
"2025-10-01","Newfoundland and Labrador","2021A000210","Study permit holders only","Persons","249","units","0","v1566927609","2.9","4354","","","","0"
"2026-01-01","Newfoundland and Labrador","2021A000210","Study permit holders only","Persons","249","units","0","v1566927609","2.9","4117","","","","0"
"2026-04-01","Newfoundland and Labrador","2021A000210","Study permit holders only","Persons","249","units","0","v1566927609","2.9","3837","","","","0"
"2026-07-01","Newfoundland and Labrador","2021A000210","Study permit holders only","Persons","249","units","0","v1566927609","2.9","3640","","","","0"
"2021-07-01","Newfoundland and Labrador","2021A000210","Work and study permit holders","Persons","249","units","0","v1566927610","2.10","885","","","","0"
"2021-10-01","Newfoundland and Labrador","2021A000210","Work and study permit holders","Persons","249","units","0","v1566927610","2.10","790","","","","0"
"2022-01-01","Newfoundland and Labrador","2021A000210","Work and study permit holders","Persons","249","units","0","v1566927610","2.10","764","","","","0"
"2022-04-01","Newfoundland and Labrador","2021A000210","Work and study permit holders","Persons","249","units","0","v1566927610","2.10","790","","","","0"
"2022-07-01","Newfoundland and Labrador","2021A000210","Work and study permit holders","Persons","249","units","0","v1566927610","2.10","837","","","","0"
"2022-10-01","Newfoundland and Labrador","2021A000210","Work and study permit holders","Persons","249","units","0","v1566927610","2.10","826","","","","0"
"2023-01-01","Newfoundland and Labrador","2021A000210","Work and study permit holders","Persons","249","units","0","v1566927610","2.10","861","","","","0"
"2023-04-01","Newfoundland and Labrador","2021A000210","Work and study permit holders","Persons","249","units","0","v1566927610","2.10","980","","","","0"
"2023-07-01","Newfoundland and Labrador","2021A000210","Work and study permit holders","Persons","249","units","0","v1566927610","2.10","1153","","","","0"
"2023-10-01","Newfoundland and Labrador","2021A000210","Work and study permit holders","Persons","249","units","0","v1566927610","2.10","1311","","","","0"
"2024-01-01","Newfoundland and Labrador","2021A000210","Work and study permit holders","Persons","249","units","0","v1566927610","2.10","1552","","","","0"
"2024-04-01","Newfoundland and Labrador","2021A000210","Work and study permit holders","Persons","249","units","0","v1566927610","2.10","1765","","","","0"
"2024-07-01","Newfoundland and Labrador","2021A000210","Work and study permit holders","Persons","249","units","0","v1566927610","2.10","2006","","","","0"
"2024-10-01","Newfoundland and Labrador","2021A000210","Work and study permit holders","Persons","249","units","0","v1566927610","2.10","1949","","","","0"
"2025-01-01","Newfoundland and Labrador","2021A000210","Work and study permit holders","Persons","249","units","0","v1566927610","2.10","1796","","","","0"
"2025-04-01","Newfoundland and Labrador","2021A000210","Work and study permit holders","Persons","249","units","0","v1566927610","2.10","1804","","","","0"
"2025-07-01","Newfoundland and Labrador","2021A000210","Work and study permit holders","Persons","249","units","0","v1566927610","2.10","1811","","","","0"
"2025-10-01","Newfoundland and Labrador","2021A000210","Work and study permit holders","Persons","249","units","0","v1566927610","2.10","1547","","","","0"
"2026-01-01","Newfoundland and Labrador","2021A000210","Work and study permit holders","Persons","249","units","0","v1566927610","2.10","1377","","","","0"
"2026-04-01","Newfoundland and Labrador","2021A000210","Work and study permit holders","Persons","249","units","0","v1566927610","2.10","1449","","","","0"
"2026-07-01","Newfoundland and Labrador","2021A000210","Work and study permit holders","Persons","249","units","0","v1566927610","2.10","1497","","","","0"
"2021-07-01","Newfoundland and Labrador","2021A000210","Other","Persons","249","units","0","v1566927611","2.11","271","","","","0"
"2021-10-01","Newfoundland and Labrador","2021A000210","Other","Persons","249","units","0","v1566927611","2.11","302","","","","0"
"2022-01-01","Newfoundland and Labrador","2021A000210","Other","Persons","249","units","0","v1566927611","2.11","311","","","","0"
"2022-04-01","Newfoundland and Labrador","2021A000210","Other","Persons","249","units","0","v1566927611","2.11","287","","","","0"
"2022-07-01","Newfoundland and Labrador","2021A000210","Other","Persons","249","units","0","v1566927611","2.11","438","","","","0"
"2022-10-01","Newfoundland and Labrador","2021A000210","Other","Persons","249","units","0","v1566927611","2.11","476","","","","0"
"2023-01-01","Newfoundland and Labrador","2021A000210","Other","Persons","249","units","0","v1566927611","2.11","563","","","","0"
"2023-04-01","Newfoundland and Labrador","2021A000210","Other","Persons","249","units","0","v1566927611","2.11","596","","","","0"
"2023-07-01","Newfoundland and Labrador","2021A000210","Other","Persons","249","units","0","v1566927611","2.11","695","","","","0"
"2023-10-01","Newfoundland and Labrador","2021A000210","Other","Persons","249","units","0","v1566927611","2.11","788","","","","0"
"2024-01-01","Newfoundland and Labrador","2021A000210","Other","Persons","249","units","0","v1566927611","2.11","983","","","","0"
"2024-04-01","Newfoundland and Labrador","2021A000210","Other","Persons","249","units","0","v1566927611","2.11","1199","","","","0"
"2024-07-01","Newfoundland and Labrador","2021A000210","Other","Persons","249","units","0","v1566927611","2.11","1256","","","","0"
"2024-10-01","Newfoundland and Labrador","2021A000210","Other","Persons","249","units","0","v1566927611","2.11","1282","","","","0"
"2025-01-01","Newfoundland and Labrador","2021A000210","Other","Persons","249","units","0","v1566927611","2.11","1249","","","","0"
"2025-04-01","Newfoundland and Labrador","2021A000210","Other","Persons","249","units","0","v1566927611","2.11","1261","","","","0"
"2025-07-01","Newfoundland and Labrador","2021A000210","Other","Persons","249","units","0","v1566927611","2.11","1217","","","","0"
"2025-10-01","Newfoundland and Labrador","2021A000210","Other","Persons","249","units","0","v1566927611","2.11","1266","","","","0"
"2026-01-01","Newfoundland and Labrador","2021A000210","Other","Persons","249","units","0","v1566927611","2.11","1211","","","","0"
"2026-04-01","Newfoundland and Labrador","2021A000210","Other","Persons","249","units","0","v1566927611","2.11","1063","","","","0"
"2026-07-01","Newfoundland and Labrador","2021A000210","Other","Persons","249","units","0","v1566927611","2.11","1114","","","","0"
"2021-07-01","Prince Edward Island","2021A000211","Total, non-permanent residents","Persons","249","units","0","v1566927612","3.1","8281","","","","0"
"2021-10-01","Prince Edward Island","2021A000211","Total, non-permanent residents","Persons","249","units","0","v1566927612","3.1","8446","","","","0"
"2022-01-01","Prince Edward Island","2021A000211","Total, non-permanent residents","Persons","249","units","0","v1566927612","3.1","7930","","","","0"
"2022-04-01","Prince Edward Island","2021A000211","Total, non-permanent residents","Persons","249","units","0","v1566927612","3.1","7953","","","","0"
"2022-07-01","Prince Edward Island","2021A000211","Total, non-permanent residents","Persons","249","units","0","v1566927612","3.1","8375","","","","0"
"2022-10-01","Prince Edward Island","2021A000211","Total, non-permanent residents","Persons","249","units","0","v1566927612","3.1","9549","","","","0"
"2023-01-01","Prince Edward Island","2021A000211","Total, non-permanent residents","Persons","249","units","0","v1566927612","3.1","9828","","","","0"
"2023-04-01","Prince Edward Island","2021A000211","Total, non-permanent residents","Persons","249","units","0","v1566927612","3.1","9601","","","","0"
"2023-07-01","Prince Edward Island","2021A000211","Total, non-permanent residents","Persons","249","units","0","v1566927612","3.1","10403","","","","0"
"2023-10-01","Prince Edward Island","2021A000211","Total, non-permanent residents","Persons","249","units","0","v1566927612","3.1","11914","","","","0"
"2024-01-01","Prince Edward Island","2021A000211","Total, non-permanent residents","Persons","249","units","0","v1566927612","3.1","11730","","","","0"
"2024-04-01","Prince Edward Island","2021A000211","Total, non-permanent residents","Persons","249","units","0","v1566927612","3.1","11321","","","","0"
"2024-07-01","Prince Edward Island","2021A000211","Total, non-permanent residents","Persons","249","units","0","v1566927612","3.1","11285","","","","0"
"2024-10-01","Prince Edward Island","2021A000211","Total, non-permanent residents","Persons","249","units","0","v1566927612","3.1","11775","","","","0"
"2025-01-01","Prince Edward Island","2021A000211","Total, non-permanent residents","Persons","249","units","0","v1566927612","3.1","11404","","","","0"
"2025-04-01","Prince Edward Island","2021A000211","Total, non-permanent residents","Persons","249","units","0","v1566927612","3.1","11035","","","","0"
"2025-07-01","Prince Edward Island","2021A000211","Total, non-permanent residents","Persons","249","units","0","v1566927612","3.1","11324","","","","0"
"2025-10-01","Prince Edward Island","2021A000211","Total, non-permanent residents","Persons","249","units","0","v1566927612","3.1","11568","","","","0"
"2026-01-01","Prince Edward Island","2021A000211","Total, non-permanent residents","Persons","249","units","0","v1566927612","3.1","11239","","","","0"
"2026-04-01","Prince Edward Island","2021A000211","Total, non-permanent residents","Persons","249","units","0","v1566927612","3.1","10731","","","","0"
"2026-07-01","Prince Edward Island","2021A000211","Total, non-permanent residents","Persons","249","units","0","v1566927612","3.1","11060","","","","0"
"2021-07-01","Prince Edward Island","2021A000211","Total, asylum claimants, protected persons and related groups","Persons","249","units","0","v1566927613","3.2","25","","","","0"
"2021-10-01","Prince Edward Island","2021A000211","Total, asylum claimants, protected persons and related groups","Persons","249","units","0","v1566927613","3.2","27","","","","0"
"2022-01-01","Prince Edward Island","2021A000211","Total, asylum claimants, protected persons and related groups","Persons","249","units","0","v1566927613","3.2","22","","","","0"
"2022-04-01","Prince Edward Island","2021A000211","Total, asylum claimants, protected persons and related groups","Persons","249","units","0","v1566927613","3.2","30","","","","0"
"2022-07-01","Prince Edward Island","2021A000211","Total, asylum claimants, protected persons and related groups","Persons","249","units","0","v1566927613","3.2","31","","","","0"
"2022-10-01","Prince Edward Island","2021A000211","Total, asylum claimants, protected persons and related groups","Persons","249","units","0","v1566927613","3.2","29","","","","0"
"2023-01-01","Prince Edward Island","2021A000211","Total, asylum claimants, protected persons and related groups","Persons","249","units","0","v1566927613","3.2","33","","","","0"
"2023-04-01","Prince Edward Island","2021A000211","Total, asylum claimants, protected persons and related groups","Persons","249","units","0","v1566927613","3.2","32","","","","0"
"2023-07-01","Prince Edward Island","2021A000211","Total, asylum claimants, protected persons and related groups","Persons","249","units","0","v1566927613","3.2","46","","","","0"
"2023-10-01","Prince Edward Island","2021A000211","Total, asylum claimants, protected persons and related groups","Persons","249","units","0","v1566927613","3.2","45","","","","0"
"2024-01-01","Prince Edward Island","2021A000211","Total, asylum claimants, protected persons and related groups","Persons","249","units","0","v1566927613","3.2","57","","","","0"
"2024-04-01","Prince Edward Island","2021A000211","Total, asylum claimants, protected persons and related groups","Persons","249","units","0","v1566927613","3.2","61","","","","0"
"2024-07-01","Prince Edward Island","2021A000211","Total, asylum claimants, protected persons and related groups","Persons","249","units","0","v1566927613","3.2","69","","","","0"
"2024-10-01","Prince Edward Island","2021A000211","Total, asylum claimants, protected persons and related groups","Persons","249","units","0","v1566927613","3.2","92","","","","0"
"2025-01-01","Prince Edward Island","2021A000211","Total, asylum claimants, protected persons and related groups","Persons","249","units","0","v1566927613","3.2","102","","","","0"
"2025-04-01","Prince Edward Island","2021A000211","Total, asylum claimants, protected persons and related groups","Persons","249","units","0","v1566927613","3.2","112","","","","0"
"2025-07-01","Prince Edward Island","2021A000211","Total, asylum claimants, protected persons and related groups","Persons","249","units","0","v1566927613","3.2","125","","","","0"
"2025-10-01","Prince Edward Island","2021A000211","Total, asylum claimants, protected persons and related groups","Persons","249","units","0","v1566927613","3.2","143","","","","0"
"2026-01-01","Prince Edward Island","2021A000211","Total, asylum claimants, protected persons and related groups","Persons","249","units","0","v1566927613","3.2","153","","","","0"
"2026-04-01","Prince Edward Island","2021A000211","Total, asylum claimants, protected persons and related groups","Persons","249","units","0","v1566927613","3.2","177","","","","0"
"2026-07-01","Prince Edward Island","2021A000211","Total, asylum claimants, protected persons and related groups","Persons","249","units","0","v1566927613","3.2","191","","","","0"
"2021-07-01","Prince Edward Island","2021A000211","Asylum claimants, protected persons and related groups with work permit only","Persons","249","units","0","v1566927614","3.3","13","","","","0"
"2021-10-01","Prince Edward Island","2021A000211","Asylum claimants, protected persons and related groups with work permit only","Persons","249","units","0","v1566927614","3.3","9","","","","0"
"2022-01-01","Prince Edward Island","2021A000211","Asylum claimants, protected persons and related groups with work permit only","Persons","249","units","0","v1566927614","3.3","10","","","","0"
"2022-04-01","Prince Edward Island","2021A000211","Asylum claimants, protected persons and related groups with work permit only","Persons","249","units","0","v1566927614","3.3","11","","","","0"
"2022-07-01","Prince Edward Island","2021A000211","Asylum claimants, protected persons and related groups with work permit only","Persons","249","units","0","v1566927614","3.3","10","","","","0"
"2022-10-01","Prince Edward Island","2021A000211","Asylum claimants, protected persons and related groups with work permit only","Persons","249","units","0","v1566927614","3.3","15","","","","0"
"2023-01-01","Prince Edward Island","2021A000211","Asylum claimants, protected persons and related groups with work permit only","Persons","249","units","0","v1566927614","3.3","22","","","","0"
"2023-04-01","Prince Edward Island","2021A000211","Asylum claimants, protected persons and related groups with work permit only","Persons","249","units","0","v1566927614","3.3","21","","","","0"
"2023-07-01","Prince Edward Island","2021A000211","Asylum claimants, protected persons and related groups with work permit only","Persons","249","units","0","v1566927614","3.3","21","","","","0"
"2023-10-01","Prince Edward Island","2021A000211","Asylum claimants, protected persons and related groups with work permit only","Persons","249","units","0","v1566927614","3.3","33","","","","0"
"2024-01-01","Prince Edward Island","2021A000211","Asylum claimants, protected persons and related groups with work permit only","Persons","249","units","0","v1566927614","3.3","35","","","","0"
"2024-04-01","Prince Edward Island","2021A000211","Asylum claimants, protected persons and related groups with work permit only","Persons","249","units","0","v1566927614","3.3","37","","","","0"
"2024-07-01","Prince Edward Island","2021A000211","Asylum claimants, protected persons and related groups with work permit only","Persons","249","units","0","v1566927614","3.3","42","","","","0"
"2024-10-01","Prince Edward Island","2021A000211","Asylum claimants, protected persons and related groups with work permit only","Persons","249","units","0","v1566927614","3.3","60","","","","0"
"2025-01-01","Prince Edward Island","2021A000211","Asylum claimants, protected persons and related groups with work permit only","Persons","249","units","0","v1566927614","3.3","75","","","","0"
"2025-04-01","Prince Edward Island","2021A000211","Asylum claimants, protected persons and related groups with work permit only","Persons","249","units","0","v1566927614","3.3","85","","","","0"
"2025-07-01","Prince Edward Island","2021A000211","Asylum claimants, protected persons and related groups with work permit only","Persons","249","units","0","v1566927614","3.3","96","","","","0"
"2025-10-01","Prince Edward Island","2021A000211","Asylum claimants, protected persons and related groups with work permit only","Persons","249","units","0","v1566927614","3.3","111","","","","0"
"2026-01-01","Prince Edward Island","2021A000211","Asylum claimants, protected persons and related groups with work permit only","Persons","249","units","0","v1566927614","3.3","115","","","","0"
"2026-04-01","Prince Edward Island","2021A000211","Asylum claimants, protected persons and related groups with work permit only","Persons","249","units","0","v1566927614","3.3","137","","","","0"
"2026-07-01","Prince Edward Island","2021A000211","Asylum claimants, protected persons and related groups with work permit only","Persons","249","units","0","v1566927614","3.3","151","","","","0"
"2021-07-01","Prince Edward Island","2021A000211","Asylum claimants, protected persons and related groups with study permit only","Persons","249","units","0","v1566927615","3.4","4","","","","0"
"2021-10-01","Prince Edward Island","2021A000211","Asylum claimants, protected persons and related groups with study permit only","Persons","249","units","0","v1566927615","3.4","2","","","","0"
"2022-01-01","Prince Edward Island","2021A000211","Asylum claimants, protected persons and related groups with study permit only","Persons","249","units","0","v1566927615","3.4","0","","","","0"
"2022-04-01","Prince Edward Island","2021A000211","Asylum claimants, protected persons and related groups with study permit only","Persons","249","units","0","v1566927615","3.4","4","","","","0"
"2022-07-01","Prince Edward Island","2021A000211","Asylum claimants, protected persons and related groups with study permit only","Persons","249","units","0","v1566927615","3.4","0","","","","0"
"2022-10-01","Prince Edward Island","2021A000211","Asylum claimants, protected persons and related groups with study permit only","Persons","249","units","0","v1566927615","3.4","0","","","","0"
"2023-01-01","Prince Edward Island","2021A000211","Asylum claimants, protected persons and related groups with study permit only","Persons","249","units","0","v1566927615","3.4","0","","","","0"
"2023-04-01","Prince Edward Island","2021A000211","Asylum claimants, protected persons and related groups with study permit only","Persons","249","units","0","v1566927615","3.4","0","","","","0"
"2023-07-01","Prince Edward Island","2021A000211","Asylum claimants, protected persons and related groups with study permit only","Persons","249","units","0","v1566927615","3.4","3","","","","0"
"2023-10-01","Prince Edward Island","2021A000211","Asylum claimants, protected persons and related groups with study permit only","Persons","249","units","0","v1566927615","3.4","0","","","","0"
"2024-01-01","Prince Edward Island","2021A000211","Asylum claimants, protected persons and related groups with study permit only","Persons","249","units","0","v1566927615","3.4","3","","","","0"
"2024-04-01","Prince Edward Island","2021A000211","Asylum claimants, protected persons and related groups with study permit only","Persons","249","units","0","v1566927615","3.4","4","","","","0"
"2024-07-01","Prince Edward Island","2021A000211","Asylum claimants, protected persons and related groups with study permit only","Persons","249","units","0","v1566927615","3.4","0","","","","0"
"2024-10-01","Prince Edward Island","2021A000211","Asylum claimants, protected persons and related groups with study permit only","Persons","249","units","0","v1566927615","3.4","1","","","","0"
"2025-01-01","Prince Edward Island","2021A000211","Asylum claimants, protected persons and related groups with study permit only","Persons","249","units","0","v1566927615","3.4","1","","","","0"
"2025-04-01","Prince Edward Island","2021A000211","Asylum claimants, protected persons and related groups with study permit only","Persons","249","units","0","v1566927615","3.4","3","","","","0"
"2025-07-01","Prince Edward Island","2021A000211","Asylum claimants, protected persons and related groups with study permit only","Persons","249","units","0","v1566927615","3.4","3","","","","0"
"2025-10-01","Prince Edward Island","2021A000211","Asylum claimants, protected persons and related groups with study permit only","Persons","249","units","0","v1566927615","3.4","2","","","","0"
"2026-01-01","Prince Edward Island","2021A000211","Asylum claimants, protected persons and related groups with study permit only","Persons","249","units","0","v1566927615","3.4","3","","","","0"
"2026-04-01","Prince Edward Island","2021A000211","Asylum claimants, protected persons and related groups with study permit only","Persons","249","units","0","v1566927615","3.4","1","","","","0"
"2026-07-01","Prince Edward Island","2021A000211","Asylum claimants, protected persons and related groups with study permit only","Persons","249","units","0","v1566927615","3.4","1","","","","0"
"2021-07-01","Prince Edward Island","2021A000211","Asylum claimants, protected persons and related groups with work and study permits","Persons","249","units","0","v1566927616","3.5","5","","","","0"
"2021-10-01","Prince Edward Island","2021A000211","Asylum claimants, protected persons and related groups with work and study permits","Persons","249","units","0","v1566927616","3.5","5","","","","0"
"2022-01-01","Prince Edward Island","2021A000211","Asylum claimants, protected persons and related groups with work and study permits","Persons","249","units","0","v1566927616","3.5","1","","","","0"
"2022-04-01","Prince Edward Island","2021A000211","Asylum claimants, protected persons and related groups with work and study permits","Persons","249","units","0","v1566927616","3.5","1","","","","0"
"2022-07-01","Prince Edward Island","2021A000211","Asylum claimants, protected persons and related groups with work and study permits","Persons","249","units","0","v1566927616","3.5","3","","","","0"
"2022-10-01","Prince Edward Island","2021A000211","Asylum claimants, protected persons and related groups with work and study permits","Persons","249","units","0","v1566927616","3.5","2","","","","0"
"2023-01-01","Prince Edward Island","2021A000211","Asylum claimants, protected persons and related groups with work and study permits","Persons","249","units","0","v1566927616","3.5","2","","","","0"
"2023-04-01","Prince Edward Island","2021A000211","Asylum claimants, protected persons and related groups with work and study permits","Persons","249","units","0","v1566927616","3.5","1","","","","0"
"2023-07-01","Prince Edward Island","2021A000211","Asylum claimants, protected persons and related groups with work and study permits","Persons","249","units","0","v1566927616","3.5","2","","","","0"
"2023-10-01","Prince Edward Island","2021A000211","Asylum claimants, protected persons and related groups with work and study permits","Persons","249","units","0","v1566927616","3.5","2","","","","0"
"2024-01-01","Prince Edward Island","2021A000211","Asylum claimants, protected persons and related groups with work and study permits","Persons","249","units","0","v1566927616","3.5","2","","","","0"
"2024-04-01","Prince Edward Island","2021A000211","Asylum claimants, protected persons and related groups with work and study permits","Persons","249","units","0","v1566927616","3.5","7","","","","0"
"2024-07-01","Prince Edward Island","2021A000211","Asylum claimants, protected persons and related groups with work and study permits","Persons","249","units","0","v1566927616","3.5","10","","","","0"
"2024-10-01","Prince Edward Island","2021A000211","Asylum claimants, protected persons and related groups with work and study permits","Persons","249","units","0","v1566927616","3.5","8","","","","0"
"2025-01-01","Prince Edward Island","2021A000211","Asylum claimants, protected persons and related groups with work and study permits","Persons","249","units","0","v1566927616","3.5","10","","","","0"
"2025-04-01","Prince Edward Island","2021A000211","Asylum claimants, protected persons and related groups with work and study permits","Persons","249","units","0","v1566927616","3.5","9","","","","0"
"2025-07-01","Prince Edward Island","2021A000211","Asylum claimants, protected persons and related groups with work and study permits","Persons","249","units","0","v1566927616","3.5","11","","","","0"
"2025-10-01","Prince Edward Island","2021A000211","Asylum claimants, protected persons and related groups with work and study permits","Persons","249","units","0","v1566927616","3.5","13","","","","0"
"2026-01-01","Prince Edward Island","2021A000211","Asylum claimants, protected persons and related groups with work and study permits","Persons","249","units","0","v1566927616","3.5","19","","","","0"
"2026-04-01","Prince Edward Island","2021A000211","Asylum claimants, protected persons and related groups with work and study permits","Persons","249","units","0","v1566927616","3.5","19","","","","0"
"2026-07-01","Prince Edward Island","2021A000211","Asylum claimants, protected persons and related groups with work and study permits","Persons","249","units","0","v1566927616","3.5","17","","","","0"
"2021-07-01","Prince Edward Island","2021A000211","Asylum claimants, protected persons and related groups without work or study permits","Persons","249","units","0","v1566927617","3.6","3","","","","0"
"2021-10-01","Prince Edward Island","2021A000211","Asylum claimants, protected persons and related groups without work or study permits","Persons","249","units","0","v1566927617","3.6","11","","","","0"
"2022-01-01","Prince Edward Island","2021A000211","Asylum claimants, protected persons and related groups without work or study permits","Persons","249","units","0","v1566927617","3.6","11","","","","0"
"2022-04-01","Prince Edward Island","2021A000211","Asylum claimants, protected persons and related groups without work or study permits","Persons","249","units","0","v1566927617","3.6","14","","","","0"
"2022-07-01","Prince Edward Island","2021A000211","Asylum claimants, protected persons and related groups without work or study permits","Persons","249","units","0","v1566927617","3.6","18","","","","0"
"2022-10-01","Prince Edward Island","2021A000211","Asylum claimants, protected persons and related groups without work or study permits","Persons","249","units","0","v1566927617","3.6","12","","","","0"
"2023-01-01","Prince Edward Island","2021A000211","Asylum claimants, protected persons and related groups without work or study permits","Persons","249","units","0","v1566927617","3.6","9","","","","0"
"2023-04-01","Prince Edward Island","2021A000211","Asylum claimants, protected persons and related groups without work or study permits","Persons","249","units","0","v1566927617","3.6","10","","","","0"
"2023-07-01","Prince Edward Island","2021A000211","Asylum claimants, protected persons and related groups without work or study permits","Persons","249","units","0","v1566927617","3.6","20","","","","0"
"2023-10-01","Prince Edward Island","2021A000211","Asylum claimants, protected persons and related groups without work or study permits","Persons","249","units","0","v1566927617","3.6","10","","","","0"
"2024-01-01","Prince Edward Island","2021A000211","Asylum claimants, protected persons and related groups without work or study permits","Persons","249","units","0","v1566927617","3.6","17","","","","0"
"2024-04-01","Prince Edward Island","2021A000211","Asylum claimants, protected persons and related groups without work or study permits","Persons","249","units","0","v1566927617","3.6","13","","","","0"
"2024-07-01","Prince Edward Island","2021A000211","Asylum claimants, protected persons and related groups without work or study permits","Persons","249","units","0","v1566927617","3.6","17","","","","0"
"2024-10-01","Prince Edward Island","2021A000211","Asylum claimants, protected persons and related groups without work or study permits","Persons","249","units","0","v1566927617","3.6","23","","","","0"
"2025-01-01","Prince Edward Island","2021A000211","Asylum claimants, protected persons and related groups without work or study permits","Persons","249","units","0","v1566927617","3.6","16","","","","0"
"2025-04-01","Prince Edward Island","2021A000211","Asylum claimants, protected persons and related groups without work or study permits","Persons","249","units","0","v1566927617","3.6","15","","","","0"
"2025-07-01","Prince Edward Island","2021A000211","Asylum claimants, protected persons and related groups without work or study permits","Persons","249","units","0","v1566927617","3.6","15","","","","0"
"2025-10-01","Prince Edward Island","2021A000211","Asylum claimants, protected persons and related groups without work or study permits","Persons","249","units","0","v1566927617","3.6","17","","","","0"
"2026-01-01","Prince Edward Island","2021A000211","Asylum claimants, protected persons and related groups without work or study permits","Persons","249","units","0","v1566927617","3.6","16","","","","0"
"2026-04-01","Prince Edward Island","2021A000211","Asylum claimants, protected persons and related groups without work or study permits","Persons","249","units","0","v1566927617","3.6","20","","","","0"
"2026-07-01","Prince Edward Island","2021A000211","Asylum claimants, protected persons and related groups without work or study permits","Persons","249","units","0","v1566927617","3.6","22","","","","0"
"2021-07-01","Prince Edward Island","2021A000211","Total, permit holders and their family members","Persons","249","units","0","v1566927618","3.7","8256","","","","0"
"2021-10-01","Prince Edward Island","2021A000211","Total, permit holders and their family members","Persons","249","units","0","v1566927618","3.7","8419","","","","0"
"2022-01-01","Prince Edward Island","2021A000211","Total, permit holders and their family members","Persons","249","units","0","v1566927618","3.7","7908","","","","0"
"2022-04-01","Prince Edward Island","2021A000211","Total, permit holders and their family members","Persons","249","units","0","v1566927618","3.7","7923","","","","0"
"2022-07-01","Prince Edward Island","2021A000211","Total, permit holders and their family members","Persons","249","units","0","v1566927618","3.7","8344","","","","0"
"2022-10-01","Prince Edward Island","2021A000211","Total, permit holders and their family members","Persons","249","units","0","v1566927618","3.7","9520","","","","0"
"2023-01-01","Prince Edward Island","2021A000211","Total, permit holders and their family members","Persons","249","units","0","v1566927618","3.7","9795","","","","0"
"2023-04-01","Prince Edward Island","2021A000211","Total, permit holders and their family members","Persons","249","units","0","v1566927618","3.7","9569","","","","0"
"2023-07-01","Prince Edward Island","2021A000211","Total, permit holders and their family members","Persons","249","units","0","v1566927618","3.7","10357","","","","0"
"2023-10-01","Prince Edward Island","2021A000211","Total, permit holders and their family members","Persons","249","units","0","v1566927618","3.7","11869","","","","0"
"2024-01-01","Prince Edward Island","2021A000211","Total, permit holders and their family members","Persons","249","units","0","v1566927618","3.7","11673","","","","0"
"2024-04-01","Prince Edward Island","2021A000211","Total, permit holders and their family members","Persons","249","units","0","v1566927618","3.7","11260","","","","0"
"2024-07-01","Prince Edward Island","2021A000211","Total, permit holders and their family members","Persons","249","units","0","v1566927618","3.7","11216","","","","0"
"2024-10-01","Prince Edward Island","2021A000211","Total, permit holders and their family members","Persons","249","units","0","v1566927618","3.7","11683","","","","0"
"2025-01-01","Prince Edward Island","2021A000211","Total, permit holders and their family members","Persons","249","units","0","v1566927618","3.7","11302","","","","0"
"2025-04-01","Prince Edward Island","2021A000211","Total, permit holders and their family members","Persons","249","units","0","v1566927618","3.7","10923","","","","0"
"2025-07-01","Prince Edward Island","2021A000211","Total, permit holders and their family members","Persons","249","units","0","v1566927618","3.7","11199","","","","0"
"2025-10-01","Prince Edward Island","2021A000211","Total, permit holders and their family members","Persons","249","units","0","v1566927618","3.7","11425","","","","0"
"2026-01-01","Prince Edward Island","2021A000211","Total, permit holders and their family members","Persons","249","units","0","v1566927618","3.7","11086","","","","0"
"2026-04-01","Prince Edward Island","2021A000211","Total, permit holders and their family members","Persons","249","units","0","v1566927618","3.7","10554","","","","0"
"2026-07-01","Prince Edward Island","2021A000211","Total, permit holders and their family members","Persons","249","units","0","v1566927618","3.7","10869","","","","0"
"2021-07-01","Prince Edward Island","2021A000211","Work permit holders only","Persons","249","units","0","v1566927619","3.8","4820","","","","0"
"2021-10-01","Prince Edward Island","2021A000211","Work permit holders only","Persons","249","units","0","v1566927619","3.8","4746","","","","0"
"2022-01-01","Prince Edward Island","2021A000211","Work permit holders only","Persons","249","units","0","v1566927619","3.8","4183","","","","0"
"2022-04-01","Prince Edward Island","2021A000211","Work permit holders only","Persons","249","units","0","v1566927619","3.8","4119","","","","0"
"2022-07-01","Prince Edward Island","2021A000211","Work permit holders only","Persons","249","units","0","v1566927619","3.8","4557","","","","0"
"2022-10-01","Prince Edward Island","2021A000211","Work permit holders only","Persons","249","units","0","v1566927619","3.8","5157","","","","0"
"2023-01-01","Prince Edward Island","2021A000211","Work permit holders only","Persons","249","units","0","v1566927619","3.8","5263","","","","0"
"2023-04-01","Prince Edward Island","2021A000211","Work permit holders only","Persons","249","units","0","v1566927619","3.8","5067","","","","0"
"2023-07-01","Prince Edward Island","2021A000211","Work permit holders only","Persons","249","units","0","v1566927619","3.8","5788","","","","0"
"2023-10-01","Prince Edward Island","2021A000211","Work permit holders only","Persons","249","units","0","v1566927619","3.8","6663","","","","0"
"2024-01-01","Prince Edward Island","2021A000211","Work permit holders only","Persons","249","units","0","v1566927619","3.8","6405","","","","0"
"2024-04-01","Prince Edward Island","2021A000211","Work permit holders only","Persons","249","units","0","v1566927619","3.8","6020","","","","0"
"2024-07-01","Prince Edward Island","2021A000211","Work permit holders only","Persons","249","units","0","v1566927619","3.8","6160","","","","0"
"2024-10-01","Prince Edward Island","2021A000211","Work permit holders only","Persons","249","units","0","v1566927619","3.8","6616","","","","0"
"2025-01-01","Prince Edward Island","2021A000211","Work permit holders only","Persons","249","units","0","v1566927619","3.8","6317","","","","0"
"2025-04-01","Prince Edward Island","2021A000211","Work permit holders only","Persons","249","units","0","v1566927619","3.8","6001","","","","0"
"2025-07-01","Prince Edward Island","2021A000211","Work permit holders only","Persons","249","units","0","v1566927619","3.8","6367","","","","0"
"2025-10-01","Prince Edward Island","2021A000211","Work permit holders only","Persons","249","units","0","v1566927619","3.8","6988","","","","0"
"2026-01-01","Prince Edward Island","2021A000211","Work permit holders only","Persons","249","units","0","v1566927619","3.8","6730","","","","0"
"2026-04-01","Prince Edward Island","2021A000211","Work permit holders only","Persons","249","units","0","v1566927619","3.8","6234","","","","0"
"2026-07-01","Prince Edward Island","2021A000211","Work permit holders only","Persons","249","units","0","v1566927619","3.8","6589","","","","0"
"2021-07-01","Prince Edward Island","2021A000211","Study permit holders only","Persons","249","units","0","v1566927620","3.9","2716","","","","0"
"2021-10-01","Prince Edward Island","2021A000211","Study permit holders only","Persons","249","units","0","v1566927620","3.9","3028","","","","0"
"2022-01-01","Prince Edward Island","2021A000211","Study permit holders only","Persons","249","units","0","v1566927620","3.9","3116","","","","0"
"2022-04-01","Prince Edward Island","2021A000211","Study permit holders only","Persons","249","units","0","v1566927620","3.9","3123","","","","0"
"2022-07-01","Prince Edward Island","2021A000211","Study permit holders only","Persons","249","units","0","v1566927620","3.9","3042","","","","0"
"2022-10-01","Prince Edward Island","2021A000211","Study permit holders only","Persons","249","units","0","v1566927620","3.9","3488","","","","0"
"2023-01-01","Prince Edward Island","2021A000211","Study permit holders only","Persons","249","units","0","v1566927620","3.9","3644","","","","0"
"2023-04-01","Prince Edward Island","2021A000211","Study permit holders only","Persons","249","units","0","v1566927620","3.9","3596","","","","0"
"2023-07-01","Prince Edward Island","2021A000211","Study permit holders only","Persons","249","units","0","v1566927620","3.9","3518","","","","0"
"2023-10-01","Prince Edward Island","2021A000211","Study permit holders only","Persons","249","units","0","v1566927620","3.9","4047","","","","0"
"2024-01-01","Prince Edward Island","2021A000211","Study permit holders only","Persons","249","units","0","v1566927620","3.9","4112","","","","0"
"2024-04-01","Prince Edward Island","2021A000211","Study permit holders only","Persons","249","units","0","v1566927620","3.9","3971","","","","0"
"2024-07-01","Prince Edward Island","2021A000211","Study permit holders only","Persons","249","units","0","v1566927620","3.9","3701","","","","0"
"2024-10-01","Prince Edward Island","2021A000211","Study permit holders only","Persons","249","units","0","v1566927620","3.9","3892","","","","0"
"2025-01-01","Prince Edward Island","2021A000211","Study permit holders only","Persons","249","units","0","v1566927620","3.9","3780","","","","0"
"2025-04-01","Prince Edward Island","2021A000211","Study permit holders only","Persons","249","units","0","v1566927620","3.9","3642","","","","0"
"2025-07-01","Prince Edward Island","2021A000211","Study permit holders only","Persons","249","units","0","v1566927620","3.9","3562","","","","0"
"2025-10-01","Prince Edward Island","2021A000211","Study permit holders only","Persons","249","units","0","v1566927620","3.9","3395","","","","0"
"2026-01-01","Prince Edward Island","2021A000211","Study permit holders only","Persons","249","units","0","v1566927620","3.9","3276","","","","0"
"2026-04-01","Prince Edward Island","2021A000211","Study permit holders only","Persons","249","units","0","v1566927620","3.9","3125","","","","0"
"2026-07-01","Prince Edward Island","2021A000211","Study permit holders only","Persons","249","units","0","v1566927620","3.9","2933","","","","0"
"2021-07-01","Prince Edward Island","2021A000211","Work and study permit holders","Persons","249","units","0","v1566927621","3.10","488","","","","0"
"2021-10-01","Prince Edward Island","2021A000211","Work and study permit holders","Persons","249","units","0","v1566927621","3.10","410","","","","0"
"2022-01-01","Prince Edward Island","2021A000211","Work and study permit holders","Persons","249","units","0","v1566927621","3.10","393","","","","0"
"2022-04-01","Prince Edward Island","2021A000211","Work and study permit holders","Persons","249","units","0","v1566927621","3.10","451","","","","0"
"2022-07-01","Prince Edward Island","2021A000211","Work and study permit holders","Persons","249","units","0","v1566927621","3.10","501","","","","0"
"2022-10-01","Prince Edward Island","2021A000211","Work and study permit holders","Persons","249","units","0","v1566927621","3.10","594","","","","0"
"2023-01-01","Prince Edward Island","2021A000211","Work and study permit holders","Persons","249","units","0","v1566927621","3.10","600","","","","0"
"2023-04-01","Prince Edward Island","2021A000211","Work and study permit holders","Persons","249","units","0","v1566927621","3.10","622","","","","0"
"2023-07-01","Prince Edward Island","2021A000211","Work and study permit holders","Persons","249","units","0","v1566927621","3.10","738","","","","0"
"2023-10-01","Prince Edward Island","2021A000211","Work and study permit holders","Persons","249","units","0","v1566927621","3.10","800","","","","0"
"2024-01-01","Prince Edward Island","2021A000211","Work and study permit holders","Persons","249","units","0","v1566927621","3.10","785","","","","0"
"2024-04-01","Prince Edward Island","2021A000211","Work and study permit holders","Persons","249","units","0","v1566927621","3.10","892","","","","0"
"2024-07-01","Prince Edward Island","2021A000211","Work and study permit holders","Persons","249","units","0","v1566927621","3.10","976","","","","0"
"2024-10-01","Prince Edward Island","2021A000211","Work and study permit holders","Persons","249","units","0","v1566927621","3.10","777","","","","0"
"2025-01-01","Prince Edward Island","2021A000211","Work and study permit holders","Persons","249","units","0","v1566927621","3.10","824","","","","0"
"2025-04-01","Prince Edward Island","2021A000211","Work and study permit holders","Persons","249","units","0","v1566927621","3.10","912","","","","0"
"2025-07-01","Prince Edward Island","2021A000211","Work and study permit holders","Persons","249","units","0","v1566927621","3.10","900","","","","0"
"2025-10-01","Prince Edward Island","2021A000211","Work and study permit holders","Persons","249","units","0","v1566927621","3.10","655","","","","0"
"2026-01-01","Prince Edward Island","2021A000211","Work and study permit holders","Persons","249","units","0","v1566927621","3.10","704","","","","0"
"2026-04-01","Prince Edward Island","2021A000211","Work and study permit holders","Persons","249","units","0","v1566927621","3.10","843","","","","0"
"2026-07-01","Prince Edward Island","2021A000211","Work and study permit holders","Persons","249","units","0","v1566927621","3.10","980","","","","0"
"2021-07-01","Prince Edward Island","2021A000211","Other","Persons","249","units","0","v1566927622","3.11","232","","","","0"
"2021-10-01","Prince Edward Island","2021A000211","Other","Persons","249","units","0","v1566927622","3.11","235","","","","0"
"2022-01-01","Prince Edward Island","2021A000211","Other","Persons","249","units","0","v1566927622","3.11","216","","","","0"
"2022-04-01","Prince Edward Island","2021A000211","Other","Persons","249","units","0","v1566927622","3.11","230","","","","0"
"2022-07-01","Prince Edward Island","2021A000211","Other","Persons","249","units","0","v1566927622","3.11","244","","","","0"
"2022-10-01","Prince Edward Island","2021A000211","Other","Persons","249","units","0","v1566927622","3.11","281","","","","0"
"2023-01-01","Prince Edward Island","2021A000211","Other","Persons","249","units","0","v1566927622","3.11","288","","","","0"
"2023-04-01","Prince Edward Island","2021A000211","Other","Persons","249","units","0","v1566927622","3.11","284","","","","0"
"2023-07-01","Prince Edward Island","2021A000211","Other","Persons","249","units","0","v1566927622","3.11","313","","","","0"
"2023-10-01","Prince Edward Island","2021A000211","Other","Persons","249","units","0","v1566927622","3.11","359","","","","0"
"2024-01-01","Prince Edward Island","2021A000211","Other","Persons","249","units","0","v1566927622","3.11","371","","","","0"
"2024-04-01","Prince Edward Island","2021A000211","Other","Persons","249","units","0","v1566927622","3.11","377","","","","0"
"2024-07-01","Prince Edward Island","2021A000211","Other","Persons","249","units","0","v1566927622","3.11","379","","","","0"
"2024-10-01","Prince Edward Island","2021A000211","Other","Persons","249","units","0","v1566927622","3.11","398","","","","0"
"2025-01-01","Prince Edward Island","2021A000211","Other","Persons","249","units","0","v1566927622","3.11","381","","","","0"
"2025-04-01","Prince Edward Island","2021A000211","Other","Persons","249","units","0","v1566927622","3.11","368","","","","0"
"2025-07-01","Prince Edward Island","2021A000211","Other","Persons","249","units","0","v1566927622","3.11","370","","","","0"
"2025-10-01","Prince Edward Island","2021A000211","Other","Persons","249","units","0","v1566927622","3.11","387","","","","0"
"2026-01-01","Prince Edward Island","2021A000211","Other","Persons","249","units","0","v1566927622","3.11","376","","","","0"
"2026-04-01","Prince Edward Island","2021A000211","Other","Persons","249","units","0","v1566927622","3.11","352","","","","0"
"2026-07-01","Prince Edward Island","2021A000211","Other","Persons","249","units","0","v1566927622","3.11","367","","","","0"
"2021-07-01","Nova Scotia","2021A000212","Total, non-permanent residents","Persons","249","units","0","v1566927623","4.1","29840","","","","0"
"2021-10-01","Nova Scotia","2021A000212","Total, non-permanent residents","Persons","249","units","0","v1566927623","4.1","31503","","","","0"
"2022-01-01","Nova Scotia","2021A000212","Total, non-permanent residents","Persons","249","units","0","v1566927623","4.1","29197","","","","0"
"2022-04-01","Nova Scotia","2021A000212","Total, non-permanent residents","Persons","249","units","0","v1566927623","4.1","28761","","","","0"
"2022-07-01","Nova Scotia","2021A000212","Total, non-permanent residents","Persons","249","units","0","v1566927623","4.1","31848","","","","0"
"2022-10-01","Nova Scotia","2021A000212","Total, non-permanent residents","Persons","249","units","0","v1566927623","4.1","36421","","","","0"
"2023-01-01","Nova Scotia","2021A000212","Total, non-permanent residents","Persons","249","units","0","v1566927623","4.1","38285","","","","0"
"2023-04-01","Nova Scotia","2021A000212","Total, non-permanent residents","Persons","249","units","0","v1566927623","4.1","39561","","","","0"
"2023-07-01","Nova Scotia","2021A000212","Total, non-permanent residents","Persons","249","units","0","v1566927623","4.1","45293","","","","0"
"2023-10-01","Nova Scotia","2021A000212","Total, non-permanent residents","Persons","249","units","0","v1566927623","4.1","51603","","","","0"
"2024-01-01","Nova Scotia","2021A000212","Total, non-permanent residents","Persons","249","units","0","v1566927623","4.1","52532","","","","0"
"2024-04-01","Nova Scotia","2021A000212","Total, non-permanent residents","Persons","249","units","0","v1566927623","4.1","53577","","","","0"
"2024-07-01","Nova Scotia","2021A000212","Total, non-permanent residents","Persons","249","units","0","v1566927623","4.1","54897","","","","0"
"2024-10-01","Nova Scotia","2021A000212","Total, non-permanent residents","Persons","249","units","0","v1566927623","4.1","56725","","","","0"
"2025-01-01","Nova Scotia","2021A000212","Total, non-permanent residents","Persons","249","units","0","v1566927623","4.1","55320","","","","0"
"2025-04-01","Nova Scotia","2021A000212","Total, non-permanent residents","Persons","249","units","0","v1566927623","4.1","55230","","","","0"
"2025-07-01","Nova Scotia","2021A000212","Total, non-permanent residents","Persons","249","units","0","v1566927623","4.1","56058","","","","0"
"2025-10-01","Nova Scotia","2021A000212","Total, non-permanent residents","Persons","249","units","0","v1566927623","4.1","57358","","","","0"
"2026-01-01","Nova Scotia","2021A000212","Total, non-permanent residents","Persons","249","units","0","v1566927623","4.1","56035","","","","0"
"2026-04-01","Nova Scotia","2021A000212","Total, non-permanent residents","Persons","249","units","0","v1566927623","4.1","54390","","","","0"
"2026-07-01","Nova Scotia","2021A000212","Total, non-permanent residents","Persons","249","units","0","v1566927623","4.1","55701","","","","0"
"2021-07-01","Nova Scotia","2021A000212","Total, asylum claimants, protected persons and related groups","Persons","249","units","0","v1566927624","4.2","332","","","","0"
"2021-10-01","Nova Scotia","2021A000212","Total, asylum claimants, protected persons and related groups","Persons","249","units","0","v1566927624","4.2","329","","","","0"
"2022-01-01","Nova Scotia","2021A000212","Total, asylum claimants, protected persons and related groups","Persons","249","units","0","v1566927624","4.2","300","","","","0"
"2022-04-01","Nova Scotia","2021A000212","Total, asylum claimants, protected persons and related groups","Persons","249","units","0","v1566927624","4.2","317","","","","0"
"2022-07-01","Nova Scotia","2021A000212","Total, asylum claimants, protected persons and related groups","Persons","249","units","0","v1566927624","4.2","312","","","","0"
"2022-10-01","Nova Scotia","2021A000212","Total, asylum claimants, protected persons and related groups","Persons","249","units","0","v1566927624","4.2","335","","","","0"
"2023-01-01","Nova Scotia","2021A000212","Total, asylum claimants, protected persons and related groups","Persons","249","units","0","v1566927624","4.2","362","","","","0"
"2023-04-01","Nova Scotia","2021A000212","Total, asylum claimants, protected persons and related groups","Persons","249","units","0","v1566927624","4.2","538","","","","0"
"2023-07-01","Nova Scotia","2021A000212","Total, asylum claimants, protected persons and related groups","Persons","249","units","0","v1566927624","4.2","531","","","","0"
"2023-10-01","Nova Scotia","2021A000212","Total, asylum claimants, protected persons and related groups","Persons","249","units","0","v1566927624","4.2","577","","","","0"
"2024-01-01","Nova Scotia","2021A000212","Total, asylum claimants, protected persons and related groups","Persons","249","units","0","v1566927624","4.2","625","","","","0"
"2024-04-01","Nova Scotia","2021A000212","Total, asylum claimants, protected persons and related groups","Persons","249","units","0","v1566927624","4.2","667","","","","0"
"2024-07-01","Nova Scotia","2021A000212","Total, asylum claimants, protected persons and related groups","Persons","249","units","0","v1566927624","4.2","733","","","","0"
"2024-10-01","Nova Scotia","2021A000212","Total, asylum claimants, protected persons and related groups","Persons","249","units","0","v1566927624","4.2","826","","","","0"
"2025-01-01","Nova Scotia","2021A000212","Total, asylum claimants, protected persons and related groups","Persons","249","units","0","v1566927624","4.2","910","","","","0"
"2025-04-01","Nova Scotia","2021A000212","Total, asylum claimants, protected persons and related groups","Persons","249","units","0","v1566927624","4.2","1002","","","","0"
"2025-07-01","Nova Scotia","2021A000212","Total, asylum claimants, protected persons and related groups","Persons","249","units","0","v1566927624","4.2","1084","","","","0"
"2025-10-01","Nova Scotia","2021A000212","Total, asylum claimants, protected persons and related groups","Persons","249","units","0","v1566927624","4.2","1197","","","","0"
"2026-01-01","Nova Scotia","2021A000212","Total, asylum claimants, protected persons and related groups","Persons","249","units","0","v1566927624","4.2","1317","","","","0"
"2026-04-01","Nova Scotia","2021A000212","Total, asylum claimants, protected persons and related groups","Persons","249","units","0","v1566927624","4.2","1456","","","","0"
"2026-07-01","Nova Scotia","2021A000212","Total, asylum claimants, protected persons and related groups","Persons","249","units","0","v1566927624","4.2","1484","","","","0"
"2021-07-01","Nova Scotia","2021A000212","Asylum claimants, protected persons and related groups with work permit only","Persons","249","units","0","v1566927625","4.3","202","","","","0"
"2021-10-01","Nova Scotia","2021A000212","Asylum claimants, protected persons and related groups with work permit only","Persons","249","units","0","v1566927625","4.3","176","","","","0"
"2022-01-01","Nova Scotia","2021A000212","Asylum claimants, protected persons and related groups with work permit only","Persons","249","units","0","v1566927625","4.3","149","","","","0"
"2022-04-01","Nova Scotia","2021A000212","Asylum claimants, protected persons and related groups with work permit only","Persons","249","units","0","v1566927625","4.3","140","","","","0"
"2022-07-01","Nova Scotia","2021A000212","Asylum claimants, protected persons and related groups with work permit only","Persons","249","units","0","v1566927625","4.3","151","","","","0"
"2022-10-01","Nova Scotia","2021A000212","Asylum claimants, protected persons and related groups with work permit only","Persons","249","units","0","v1566927625","4.3","177","","","","0"
"2023-01-01","Nova Scotia","2021A000212","Asylum claimants, protected persons and related groups with work permit only","Persons","249","units","0","v1566927625","4.3","209","","","","0"
"2023-04-01","Nova Scotia","2021A000212","Asylum claimants, protected persons and related groups with work permit only","Persons","249","units","0","v1566927625","4.3","335","","","","0"
"2023-07-01","Nova Scotia","2021A000212","Asylum claimants, protected persons and related groups with work permit only","Persons","249","units","0","v1566927625","4.3","333","","","","0"
"2023-10-01","Nova Scotia","2021A000212","Asylum claimants, protected persons and related groups with work permit only","Persons","249","units","0","v1566927625","4.3","359","","","","0"
"2024-01-01","Nova Scotia","2021A000212","Asylum claimants, protected persons and related groups with work permit only","Persons","249","units","0","v1566927625","4.3","388","","","","0"
"2024-04-01","Nova Scotia","2021A000212","Asylum claimants, protected persons and related groups with work permit only","Persons","249","units","0","v1566927625","4.3","431","","","","0"
"2024-07-01","Nova Scotia","2021A000212","Asylum claimants, protected persons and related groups with work permit only","Persons","249","units","0","v1566927625","4.3","453","","","","0"
"2024-10-01","Nova Scotia","2021A000212","Asylum claimants, protected persons and related groups with work permit only","Persons","249","units","0","v1566927625","4.3","519","","","","0"
"2025-01-01","Nova Scotia","2021A000212","Asylum claimants, protected persons and related groups with work permit only","Persons","249","units","0","v1566927625","4.3","609","","","","0"
"2025-04-01","Nova Scotia","2021A000212","Asylum claimants, protected persons and related groups with work permit only","Persons","249","units","0","v1566927625","4.3","639","","","","0"
"2025-07-01","Nova Scotia","2021A000212","Asylum claimants, protected persons and related groups with work permit only","Persons","249","units","0","v1566927625","4.3","713","","","","0"
"2025-10-01","Nova Scotia","2021A000212","Asylum claimants, protected persons and related groups with work permit only","Persons","249","units","0","v1566927625","4.3","780","","","","0"
"2026-01-01","Nova Scotia","2021A000212","Asylum claimants, protected persons and related groups with work permit only","Persons","249","units","0","v1566927625","4.3","863","","","","0"
"2026-04-01","Nova Scotia","2021A000212","Asylum claimants, protected persons and related groups with work permit only","Persons","249","units","0","v1566927625","4.3","1032","","","","0"
"2026-07-01","Nova Scotia","2021A000212","Asylum claimants, protected persons and related groups with work permit only","Persons","249","units","0","v1566927625","4.3","1060","","","","0"
"2021-07-01","Nova Scotia","2021A000212","Asylum claimants, protected persons and related groups with study permit only","Persons","249","units","0","v1566927626","4.4","6","","","","0"
"2021-10-01","Nova Scotia","2021A000212","Asylum claimants, protected persons and related groups with study permit only","Persons","249","units","0","v1566927626","4.4","10","","","","0"
"2022-01-01","Nova Scotia","2021A000212","Asylum claimants, protected persons and related groups with study permit only","Persons","249","units","0","v1566927626","4.4","13","","","","0"
"2022-04-01","Nova Scotia","2021A000212","Asylum claimants, protected persons and related groups with study permit only","Persons","249","units","0","v1566927626","4.4","14","","","","0"
"2022-07-01","Nova Scotia","2021A000212","Asylum claimants, protected persons and related groups with study permit only","Persons","249","units","0","v1566927626","4.4","7","","","","0"
"2022-10-01","Nova Scotia","2021A000212","Asylum claimants, protected persons and related groups with study permit only","Persons","249","units","0","v1566927626","4.4","7","","","","0"
"2023-01-01","Nova Scotia","2021A000212","Asylum claimants, protected persons and related groups with study permit only","Persons","249","units","0","v1566927626","4.4","5","","","","0"
"2023-04-01","Nova Scotia","2021A000212","Asylum claimants, protected persons and related groups with study permit only","Persons","249","units","0","v1566927626","4.4","10","","","","0"
"2023-07-01","Nova Scotia","2021A000212","Asylum claimants, protected persons and related groups with study permit only","Persons","249","units","0","v1566927626","4.4","10","","","","0"
"2023-10-01","Nova Scotia","2021A000212","Asylum claimants, protected persons and related groups with study permit only","Persons","249","units","0","v1566927626","4.4","7","","","","0"
"2024-01-01","Nova Scotia","2021A000212","Asylum claimants, protected persons and related groups with study permit only","Persons","249","units","0","v1566927626","4.4","4","","","","0"
"2024-04-01","Nova Scotia","2021A000212","Asylum claimants, protected persons and related groups with study permit only","Persons","249","units","0","v1566927626","4.4","9","","","","0"
"2024-07-01","Nova Scotia","2021A000212","Asylum claimants, protected persons and related groups with study permit only","Persons","249","units","0","v1566927626","4.4","8","","","","0"
"2024-10-01","Nova Scotia","2021A000212","Asylum claimants, protected persons and related groups with study permit only","Persons","249","units","0","v1566927626","4.4","5","","","","0"
"2025-01-01","Nova Scotia","2021A000212","Asylum claimants, protected persons and related groups with study permit only","Persons","249","units","0","v1566927626","4.4","10","","","","0"
"2025-04-01","Nova Scotia","2021A000212","Asylum claimants, protected persons and related groups with study permit only","Persons","249","units","0","v1566927626","4.4","19","","","","0"
"2025-07-01","Nova Scotia","2021A000212","Asylum claimants, protected persons and related groups with study permit only","Persons","249","units","0","v1566927626","4.4","16","","","","0"
"2025-10-01","Nova Scotia","2021A000212","Asylum claimants, protected persons and related groups with study permit only","Persons","249","units","0","v1566927626","4.4","18","","","","0"
"2026-01-01","Nova Scotia","2021A000212","Asylum claimants, protected persons and related groups with study permit only","Persons","249","units","0","v1566927626","4.4","17","","","","0"
"2026-04-01","Nova Scotia","2021A000212","Asylum claimants, protected persons and related groups with study permit only","Persons","249","units","0","v1566927626","4.4","16","","","","0"
"2026-07-01","Nova Scotia","2021A000212","Asylum claimants, protected persons and related groups with study permit only","Persons","249","units","0","v1566927626","4.4","8","","","","0"
"2021-07-01","Nova Scotia","2021A000212","Asylum claimants, protected persons and related groups with work and study permits","Persons","249","units","0","v1566927627","4.5","17","","","","0"
"2021-10-01","Nova Scotia","2021A000212","Asylum claimants, protected persons and related groups with work and study permits","Persons","249","units","0","v1566927627","4.5","18","","","","0"
"2022-01-01","Nova Scotia","2021A000212","Asylum claimants, protected persons and related groups with work and study permits","Persons","249","units","0","v1566927627","4.5","19","","","","0"
"2022-04-01","Nova Scotia","2021A000212","Asylum claimants, protected persons and related groups with work and study permits","Persons","249","units","0","v1566927627","4.5","18","","","","0"
"2022-07-01","Nova Scotia","2021A000212","Asylum claimants, protected persons and related groups with work and study permits","Persons","249","units","0","v1566927627","4.5","24","","","","0"
"2022-10-01","Nova Scotia","2021A000212","Asylum claimants, protected persons and related groups with work and study permits","Persons","249","units","0","v1566927627","4.5","23","","","","0"
"2023-01-01","Nova Scotia","2021A000212","Asylum claimants, protected persons and related groups with work and study permits","Persons","249","units","0","v1566927627","4.5","20","","","","0"
"2023-04-01","Nova Scotia","2021A000212","Asylum claimants, protected persons and related groups with work and study permits","Persons","249","units","0","v1566927627","4.5","20","","","","0"
"2023-07-01","Nova Scotia","2021A000212","Asylum claimants, protected persons and related groups with work and study permits","Persons","249","units","0","v1566927627","4.5","25","","","","0"
"2023-10-01","Nova Scotia","2021A000212","Asylum claimants, protected persons and related groups with work and study permits","Persons","249","units","0","v1566927627","4.5","37","","","","0"
"2024-01-01","Nova Scotia","2021A000212","Asylum claimants, protected persons and related groups with work and study permits","Persons","249","units","0","v1566927627","4.5","40","","","","0"
"2024-04-01","Nova Scotia","2021A000212","Asylum claimants, protected persons and related groups with work and study permits","Persons","249","units","0","v1566927627","4.5","42","","","","0"
"2024-07-01","Nova Scotia","2021A000212","Asylum claimants, protected persons and related groups with work and study permits","Persons","249","units","0","v1566927627","4.5","56","","","","0"
"2024-10-01","Nova Scotia","2021A000212","Asylum claimants, protected persons and related groups with work and study permits","Persons","249","units","0","v1566927627","4.5","60","","","","0"
"2025-01-01","Nova Scotia","2021A000212","Asylum claimants, protected persons and related groups with work and study permits","Persons","249","units","0","v1566927627","4.5","72","","","","0"
"2025-04-01","Nova Scotia","2021A000212","Asylum claimants, protected persons and related groups with work and study permits","Persons","249","units","0","v1566927627","4.5","88","","","","0"
"2025-07-01","Nova Scotia","2021A000212","Asylum claimants, protected persons and related groups with work and study permits","Persons","249","units","0","v1566927627","4.5","101","","","","0"
"2025-10-01","Nova Scotia","2021A000212","Asylum claimants, protected persons and related groups with work and study permits","Persons","249","units","0","v1566927627","4.5","97","","","","0"
"2026-01-01","Nova Scotia","2021A000212","Asylum claimants, protected persons and related groups with work and study permits","Persons","249","units","0","v1566927627","4.5","103","","","","0"
"2026-04-01","Nova Scotia","2021A000212","Asylum claimants, protected persons and related groups with work and study permits","Persons","249","units","0","v1566927627","4.5","111","","","","0"
"2026-07-01","Nova Scotia","2021A000212","Asylum claimants, protected persons and related groups with work and study permits","Persons","249","units","0","v1566927627","4.5","107","","","","0"
"2021-07-01","Nova Scotia","2021A000212","Asylum claimants, protected persons and related groups without work or study permits","Persons","249","units","0","v1566927628","4.6","107","","","","0"
"2021-10-01","Nova Scotia","2021A000212","Asylum claimants, protected persons and related groups without work or study permits","Persons","249","units","0","v1566927628","4.6","125","","","","0"
"2022-01-01","Nova Scotia","2021A000212","Asylum claimants, protected persons and related groups without work or study permits","Persons","249","units","0","v1566927628","4.6","119","","","","0"
"2022-04-01","Nova Scotia","2021A000212","Asylum claimants, protected persons and related groups without work or study permits","Persons","249","units","0","v1566927628","4.6","145","","","","0"
"2022-07-01","Nova Scotia","2021A000212","Asylum claimants, protected persons and related groups without work or study permits","Persons","249","units","0","v1566927628","4.6","130","","","","0"
"2022-10-01","Nova Scotia","2021A000212","Asylum claimants, protected persons and related groups without work or study permits","Persons","249","units","0","v1566927628","4.6","128","","","","0"
"2023-01-01","Nova Scotia","2021A000212","Asylum claimants, protected persons and related groups without work or study permits","Persons","249","units","0","v1566927628","4.6","128","","","","0"
"2023-04-01","Nova Scotia","2021A000212","Asylum claimants, protected persons and related groups without work or study permits","Persons","249","units","0","v1566927628","4.6","173","","","","0"
"2023-07-01","Nova Scotia","2021A000212","Asylum claimants, protected persons and related groups without work or study permits","Persons","249","units","0","v1566927628","4.6","163","","","","0"
"2023-10-01","Nova Scotia","2021A000212","Asylum claimants, protected persons and related groups without work or study permits","Persons","249","units","0","v1566927628","4.6","174","","","","0"
"2024-01-01","Nova Scotia","2021A000212","Asylum claimants, protected persons and related groups without work or study permits","Persons","249","units","0","v1566927628","4.6","193","","","","0"
"2024-04-01","Nova Scotia","2021A000212","Asylum claimants, protected persons and related groups without work or study permits","Persons","249","units","0","v1566927628","4.6","185","","","","0"
"2024-07-01","Nova Scotia","2021A000212","Asylum claimants, protected persons and related groups without work or study permits","Persons","249","units","0","v1566927628","4.6","216","","","","0"
"2024-10-01","Nova Scotia","2021A000212","Asylum claimants, protected persons and related groups without work or study permits","Persons","249","units","0","v1566927628","4.6","242","","","","0"
"2025-01-01","Nova Scotia","2021A000212","Asylum claimants, protected persons and related groups without work or study permits","Persons","249","units","0","v1566927628","4.6","219","","","","0"
"2025-04-01","Nova Scotia","2021A000212","Asylum claimants, protected persons and related groups without work or study permits","Persons","249","units","0","v1566927628","4.6","256","","","","0"
"2025-07-01","Nova Scotia","2021A000212","Asylum claimants, protected persons and related groups without work or study permits","Persons","249","units","0","v1566927628","4.6","254","","","","0"
"2025-10-01","Nova Scotia","2021A000212","Asylum claimants, protected persons and related groups without work or study permits","Persons","249","units","0","v1566927628","4.6","302","","","","0"
"2026-01-01","Nova Scotia","2021A000212","Asylum claimants, protected persons and related groups without work or study permits","Persons","249","units","0","v1566927628","4.6","334","","","","0"
"2026-04-01","Nova Scotia","2021A000212","Asylum claimants, protected persons and related groups without work or study permits","Persons","249","units","0","v1566927628","4.6","297","","","","0"
"2026-07-01","Nova Scotia","2021A000212","Asylum claimants, protected persons and related groups without work or study permits","Persons","249","units","0","v1566927628","4.6","309","","","","0"
"2021-07-01","Nova Scotia","2021A000212","Total, permit holders and their family members","Persons","249","units","0","v1566927629","4.7","29508","","","","0"
"2021-10-01","Nova Scotia","2021A000212","Total, permit holders and their family members","Persons","249","units","0","v1566927629","4.7","31174","","","","0"
"2022-01-01","Nova Scotia","2021A000212","Total, permit holders and their family members","Persons","249","units","0","v1566927629","4.7","28897","","","","0"
"2022-04-01","Nova Scotia","2021A000212","Total, permit holders and their family members","Persons","249","units","0","v1566927629","4.7","28444","","","","0"
"2022-07-01","Nova Scotia","2021A000212","Total, permit holders and their family members","Persons","249","units","0","v1566927629","4.7","31536","","","","0"
"2022-10-01","Nova Scotia","2021A000212","Total, permit holders and their family members","Persons","249","units","0","v1566927629","4.7","36086","","","","0"
"2023-01-01","Nova Scotia","2021A000212","Total, permit holders and their family members","Persons","249","units","0","v1566927629","4.7","37923","","","","0"
"2023-04-01","Nova Scotia","2021A000212","Total, permit holders and their family members","Persons","249","units","0","v1566927629","4.7","39023","","","","0"
"2023-07-01","Nova Scotia","2021A000212","Total, permit holders and their family members","Persons","249","units","0","v1566927629","4.7","44762","","","","0"
"2023-10-01","Nova Scotia","2021A000212","Total, permit holders and their family members","Persons","249","units","0","v1566927629","4.7","51026","","","","0"
"2024-01-01","Nova Scotia","2021A000212","Total, permit holders and their family members","Persons","249","units","0","v1566927629","4.7","51907","","","","0"
"2024-04-01","Nova Scotia","2021A000212","Total, permit holders and their family members","Persons","249","units","0","v1566927629","4.7","52910","","","","0"
"2024-07-01","Nova Scotia","2021A000212","Total, permit holders and their family members","Persons","249","units","0","v1566927629","4.7","54164","","","","0"
"2024-10-01","Nova Scotia","2021A000212","Total, permit holders and their family members","Persons","249","units","0","v1566927629","4.7","55899","","","","0"
"2025-01-01","Nova Scotia","2021A000212","Total, permit holders and their family members","Persons","249","units","0","v1566927629","4.7","54410","","","","0"
"2025-04-01","Nova Scotia","2021A000212","Total, permit holders and their family members","Persons","249","units","0","v1566927629","4.7","54228","","","","0"
"2025-07-01","Nova Scotia","2021A000212","Total, permit holders and their family members","Persons","249","units","0","v1566927629","4.7","54974","","","","0"
"2025-10-01","Nova Scotia","2021A000212","Total, permit holders and their family members","Persons","249","units","0","v1566927629","4.7","56161","","","","0"
"2026-01-01","Nova Scotia","2021A000212","Total, permit holders and their family members","Persons","249","units","0","v1566927629","4.7","54718","","","","0"
"2026-04-01","Nova Scotia","2021A000212","Total, permit holders and their family members","Persons","249","units","0","v1566927629","4.7","52934","","","","0"
"2026-07-01","Nova Scotia","2021A000212","Total, permit holders and their family members","Persons","249","units","0","v1566927629","4.7","54217","","","","0"
"2021-07-01","Nova Scotia","2021A000212","Work permit holders only","Persons","249","units","0","v1566927630","4.8","14768","","","","0"
"2021-10-01","Nova Scotia","2021A000212","Work permit holders only","Persons","249","units","0","v1566927630","4.8","15574","","","","0"
"2022-01-01","Nova Scotia","2021A000212","Work permit holders only","Persons","249","units","0","v1566927630","4.8","12927","","","","0"
"2022-04-01","Nova Scotia","2021A000212","Work permit holders only","Persons","249","units","0","v1566927630","4.8","12336","","","","0"
"2022-07-01","Nova Scotia","2021A000212","Work permit holders only","Persons","249","units","0","v1566927630","4.8","14256","","","","0"
"2022-10-01","Nova Scotia","2021A000212","Work permit holders only","Persons","249","units","0","v1566927630","4.8","16798","","","","0"
"2023-01-01","Nova Scotia","2021A000212","Work permit holders only","Persons","249","units","0","v1566927630","4.8","16666","","","","0"
"2023-04-01","Nova Scotia","2021A000212","Work permit holders only","Persons","249","units","0","v1566927630","4.8","17272","","","","0"
"2023-07-01","Nova Scotia","2021A000212","Work permit holders only","Persons","249","units","0","v1566927630","4.8","20974","","","","0"
"2023-10-01","Nova Scotia","2021A000212","Work permit holders only","Persons","249","units","0","v1566927630","4.8","25390","","","","0"
"2024-01-01","Nova Scotia","2021A000212","Work permit holders only","Persons","249","units","0","v1566927630","4.8","25251","","","","0"
"2024-04-01","Nova Scotia","2021A000212","Work permit holders only","Persons","249","units","0","v1566927630","4.8","25917","","","","0"
"2024-07-01","Nova Scotia","2021A000212","Work permit holders only","Persons","249","units","0","v1566927630","4.8","27407","","","","0"
"2024-10-01","Nova Scotia","2021A000212","Work permit holders only","Persons","249","units","0","v1566927630","4.8","30696","","","","0"
"2025-01-01","Nova Scotia","2021A000212","Work permit holders only","Persons","249","units","0","v1566927630","4.8","29930","","","","0"
"2025-04-01","Nova Scotia","2021A000212","Work permit holders only","Persons","249","units","0","v1566927630","4.8","30100","","","","0"
"2025-07-01","Nova Scotia","2021A000212","Work permit holders only","Persons","249","units","0","v1566927630","4.8","32043","","","","0"
"2025-10-01","Nova Scotia","2021A000212","Work permit holders only","Persons","249","units","0","v1566927630","4.8","35934","","","","0"
"2026-01-01","Nova Scotia","2021A000212","Work permit holders only","Persons","249","units","0","v1566927630","4.8","35513","","","","0"
"2026-04-01","Nova Scotia","2021A000212","Work permit holders only","Persons","249","units","0","v1566927630","4.8","33840","","","","0"
"2026-07-01","Nova Scotia","2021A000212","Work permit holders only","Persons","249","units","0","v1566927630","4.8","35238","","","","0"
"2021-07-01","Nova Scotia","2021A000212","Study permit holders only","Persons","249","units","0","v1566927631","4.9","9366","","","","0"
"2021-10-01","Nova Scotia","2021A000212","Study permit holders only","Persons","249","units","0","v1566927631","4.9","10660","","","","0"
"2022-01-01","Nova Scotia","2021A000212","Study permit holders only","Persons","249","units","0","v1566927631","4.9","11048","","","","0"
"2022-04-01","Nova Scotia","2021A000212","Study permit holders only","Persons","249","units","0","v1566927631","4.9","10769","","","","0"
"2022-07-01","Nova Scotia","2021A000212","Study permit holders only","Persons","249","units","0","v1566927631","4.9","10896","","","","0"
"2022-10-01","Nova Scotia","2021A000212","Study permit holders only","Persons","249","units","0","v1566927631","4.9","12142","","","","0"
"2023-01-01","Nova Scotia","2021A000212","Study permit holders only","Persons","249","units","0","v1566927631","4.9","12784","","","","0"
"2023-04-01","Nova Scotia","2021A000212","Study permit holders only","Persons","249","units","0","v1566927631","4.9","12394","","","","0"
"2023-07-01","Nova Scotia","2021A000212","Study permit holders only","Persons","249","units","0","v1566927631","4.9","12643","","","","0"
"2023-10-01","Nova Scotia","2021A000212","Study permit holders only","Persons","249","units","0","v1566927631","4.9","14212","","","","0"
"2024-01-01","Nova Scotia","2021A000212","Study permit holders only","Persons","249","units","0","v1566927631","4.9","14076","","","","0"
"2024-04-01","Nova Scotia","2021A000212","Study permit holders only","Persons","249","units","0","v1566927631","4.9","13441","","","","0"
"2024-07-01","Nova Scotia","2021A000212","Study permit holders only","Persons","249","units","0","v1566927631","4.9","13017","","","","0"
"2024-10-01","Nova Scotia","2021A000212","Study permit holders only","Persons","249","units","0","v1566927631","4.9","13075","","","","0"
"2025-01-01","Nova Scotia","2021A000212","Study permit holders only","Persons","249","units","0","v1566927631","4.9","12715","","","","0"
"2025-04-01","Nova Scotia","2021A000212","Study permit holders only","Persons","249","units","0","v1566927631","4.9","12406","","","","0"
"2025-07-01","Nova Scotia","2021A000212","Study permit holders only","Persons","249","units","0","v1566927631","4.9","12007","","","","0"
"2025-10-01","Nova Scotia","2021A000212","Study permit holders only","Persons","249","units","0","v1566927631","4.9","11591","","","","0"
"2026-01-01","Nova Scotia","2021A000212","Study permit holders only","Persons","249","units","0","v1566927631","4.9","11101","","","","0"
"2026-04-01","Nova Scotia","2021A000212","Study permit holders only","Persons","249","units","0","v1566927631","4.9","10808","","","","0"
"2026-07-01","Nova Scotia","2021A000212","Study permit holders only","Persons","249","units","0","v1566927631","4.9","10708","","","","0"
"2021-07-01","Nova Scotia","2021A000212","Work and study permit holders","Persons","249","units","0","v1566927632","4.10","4011","","","","0"
"2021-10-01","Nova Scotia","2021A000212","Work and study permit holders","Persons","249","units","0","v1566927632","4.10","3488","","","","0"
"2022-01-01","Nova Scotia","2021A000212","Work and study permit holders","Persons","249","units","0","v1566927632","4.10","3600","","","","0"
"2022-04-01","Nova Scotia","2021A000212","Work and study permit holders","Persons","249","units","0","v1566927632","4.10","3993","","","","0"
"2022-07-01","Nova Scotia","2021A000212","Work and study permit holders","Persons","249","units","0","v1566927632","4.10","4818","","","","0"
"2022-10-01","Nova Scotia","2021A000212","Work and study permit holders","Persons","249","units","0","v1566927632","4.10","5344","","","","0"
"2023-01-01","Nova Scotia","2021A000212","Work and study permit holders","Persons","249","units","0","v1566927632","4.10","6587","","","","0"
"2023-04-01","Nova Scotia","2021A000212","Work and study permit holders","Persons","249","units","0","v1566927632","4.10","7359","","","","0"
"2023-07-01","Nova Scotia","2021A000212","Work and study permit holders","Persons","249","units","0","v1566927632","4.10","8859","","","","0"
"2023-10-01","Nova Scotia","2021A000212","Work and study permit holders","Persons","249","units","0","v1566927632","4.10","8810","","","","0"
"2024-01-01","Nova Scotia","2021A000212","Work and study permit holders","Persons","249","units","0","v1566927632","4.10","9674","","","","0"
"2024-04-01","Nova Scotia","2021A000212","Work and study permit holders","Persons","249","units","0","v1566927632","4.10","10351","","","","0"
"2024-07-01","Nova Scotia","2021A000212","Work and study permit holders","Persons","249","units","0","v1566927632","4.10","10473","","","","0"
"2024-10-01","Nova Scotia","2021A000212","Work and study permit holders","Persons","249","units","0","v1566927632","4.10","8751","","","","0"
"2025-01-01","Nova Scotia","2021A000212","Work and study permit holders","Persons","249","units","0","v1566927632","4.10","8504","","","","0"
"2025-04-01","Nova Scotia","2021A000212","Work and study permit holders","Persons","249","units","0","v1566927632","4.10","8443","","","","0"
"2025-07-01","Nova Scotia","2021A000212","Work and study permit holders","Persons","249","units","0","v1566927632","4.10","7686","","","","0"
"2025-10-01","Nova Scotia","2021A000212","Work and study permit holders","Persons","249","units","0","v1566927632","4.10","5312","","","","0"
"2026-01-01","Nova Scotia","2021A000212","Work and study permit holders","Persons","249","units","0","v1566927632","4.10","4865","","","","0"
"2026-04-01","Nova Scotia","2021A000212","Work and study permit holders","Persons","249","units","0","v1566927632","4.10","5198","","","","0"
"2026-07-01","Nova Scotia","2021A000212","Work and study permit holders","Persons","249","units","0","v1566927632","4.10","5042","","","","0"
"2021-07-01","Nova Scotia","2021A000212","Other","Persons","249","units","0","v1566927633","4.11","1363","","","","0"
"2021-10-01","Nova Scotia","2021A000212","Other","Persons","249","units","0","v1566927633","4.11","1452","","","","0"
"2022-01-01","Nova Scotia","2021A000212","Other","Persons","249","units","0","v1566927633","4.11","1322","","","","0"
"2022-04-01","Nova Scotia","2021A000212","Other","Persons","249","units","0","v1566927633","4.11","1346","","","","0"
"2022-07-01","Nova Scotia","2021A000212","Other","Persons","249","units","0","v1566927633","4.11","1566","","","","0"
"2022-10-01","Nova Scotia","2021A000212","Other","Persons","249","units","0","v1566927633","4.11","1802","","","","0"
"2023-01-01","Nova Scotia","2021A000212","Other","Persons","249","units","0","v1566927633","4.11","1886","","","","0"
"2023-04-01","Nova Scotia","2021A000212","Other","Persons","249","units","0","v1566927633","4.11","1998","","","","0"
"2023-07-01","Nova Scotia","2021A000212","Other","Persons","249","units","0","v1566927633","4.11","2286","","","","0"
"2023-10-01","Nova Scotia","2021A000212","Other","Persons","249","units","0","v1566927633","4.11","2614","","","","0"
"2024-01-01","Nova Scotia","2021A000212","Other","Persons","249","units","0","v1566927633","4.11","2906","","","","0"
"2024-04-01","Nova Scotia","2021A000212","Other","Persons","249","units","0","v1566927633","4.11","3201","","","","0"
"2024-07-01","Nova Scotia","2021A000212","Other","Persons","249","units","0","v1566927633","4.11","3267","","","","0"
"2024-10-01","Nova Scotia","2021A000212","Other","Persons","249","units","0","v1566927633","4.11","3377","","","","0"
"2025-01-01","Nova Scotia","2021A000212","Other","Persons","249","units","0","v1566927633","4.11","3261","","","","0"
"2025-04-01","Nova Scotia","2021A000212","Other","Persons","249","units","0","v1566927633","4.11","3279","","","","0"
"2025-07-01","Nova Scotia","2021A000212","Other","Persons","249","units","0","v1566927633","4.11","3238","","","","0"
"2025-10-01","Nova Scotia","2021A000212","Other","Persons","249","units","0","v1566927633","4.11","3324","","","","0"
"2026-01-01","Nova Scotia","2021A000212","Other","Persons","249","units","0","v1566927633","4.11","3239","","","","0"
"2026-04-01","Nova Scotia","2021A000212","Other","Persons","249","units","0","v1566927633","4.11","3088","","","","0"
"2026-07-01","Nova Scotia","2021A000212","Other","Persons","249","units","0","v1566927633","4.11","3229","","","","0"
"2021-07-01","New Brunswick","2021A000213","Total, non-permanent residents","Persons","249","units","0","v1566927634","5.1","14193","","","","0"
"2021-10-01","New Brunswick","2021A000213","Total, non-permanent residents","Persons","249","units","0","v1566927634","5.1","16308","","","","0"
"2022-01-01","New Brunswick","2021A000213","Total, non-permanent residents","Persons","249","units","0","v1566927634","5.1","16098","","","","0"
"2022-04-01","New Brunswick","2021A000213","Total, non-permanent residents","Persons","249","units","0","v1566927634","5.1","16189","","","","0"
"2022-07-01","New Brunswick","2021A000213","Total, non-permanent residents","Persons","249","units","0","v1566927634","5.1","18363","","","","0"
"2022-10-01","New Brunswick","2021A000213","Total, non-permanent residents","Persons","249","units","0","v1566927634","5.1","22218","","","","0"
"2023-01-01","New Brunswick","2021A000213","Total, non-permanent residents","Persons","249","units","0","v1566927634","5.1","22964","","","","0"
"2023-04-01","New Brunswick","2021A000213","Total, non-permanent residents","Persons","249","units","0","v1566927634","5.1","23972","","","","0"
"2023-07-01","New Brunswick","2021A000213","Total, non-permanent residents","Persons","249","units","0","v1566927634","5.1","27034","","","","0"
"2023-10-01","New Brunswick","2021A000213","Total, non-permanent residents","Persons","249","units","0","v1566927634","5.1","33022","","","","0"
"2024-01-01","New Brunswick","2021A000213","Total, non-permanent residents","Persons","249","units","0","v1566927634","5.1","34410","","","","0"
"2024-04-01","New Brunswick","2021A000213","Total, non-permanent residents","Persons","249","units","0","v1566927634","5.1","35016","","","","0"
"2024-07-01","New Brunswick","2021A000213","Total, non-permanent residents","Persons","249","units","0","v1566927634","5.1","36532","","","","0"
"2024-10-01","New Brunswick","2021A000213","Total, non-permanent residents","Persons","249","units","0","v1566927634","5.1","39090","","","","0"
"2025-01-01","New Brunswick","2021A000213","Total, non-permanent residents","Persons","249","units","0","v1566927634","5.1","39176","","","","0"
"2025-04-01","New Brunswick","2021A000213","Total, non-permanent residents","Persons","249","units","0","v1566927634","5.1","38518","","","","0"
"2025-07-01","New Brunswick","2021A000213","Total, non-permanent residents","Persons","249","units","0","v1566927634","5.1","39119","","","","0"
"2025-10-01","New Brunswick","2021A000213","Total, non-permanent residents","Persons","249","units","0","v1566927634","5.1","40610","","","","0"
"2026-01-01","New Brunswick","2021A000213","Total, non-permanent residents","Persons","249","units","0","v1566927634","5.1","40174","","","","0"
"2026-04-01","New Brunswick","2021A000213","Total, non-permanent residents","Persons","249","units","0","v1566927634","5.1","38276","","","","0"
"2026-07-01","New Brunswick","2021A000213","Total, non-permanent residents","Persons","249","units","0","v1566927634","5.1","40640","","","","0"
"2021-07-01","New Brunswick","2021A000213","Total, asylum claimants, protected persons and related groups","Persons","249","units","0","v1566927635","5.2","196","","","","0"
"2021-10-01","New Brunswick","2021A000213","Total, asylum claimants, protected persons and related groups","Persons","249","units","0","v1566927635","5.2","187","","","","0"
"2022-01-01","New Brunswick","2021A000213","Total, asylum claimants, protected persons and related groups","Persons","249","units","0","v1566927635","5.2","185","","","","0"
"2022-04-01","New Brunswick","2021A000213","Total, asylum claimants, protected persons and related groups","Persons","249","units","0","v1566927635","5.2","184","","","","0"
"2022-07-01","New Brunswick","2021A000213","Total, asylum claimants, protected persons and related groups","Persons","249","units","0","v1566927635","5.2","188","","","","0"
"2022-10-01","New Brunswick","2021A000213","Total, asylum claimants, protected persons and related groups","Persons","249","units","0","v1566927635","5.2","174","","","","0"
"2023-01-01","New Brunswick","2021A000213","Total, asylum claimants, protected persons and related groups","Persons","249","units","0","v1566927635","5.2","216","","","","0"
"2023-04-01","New Brunswick","2021A000213","Total, asylum claimants, protected persons and related groups","Persons","249","units","0","v1566927635","5.2","417","","","","0"
"2023-07-01","New Brunswick","2021A000213","Total, asylum claimants, protected persons and related groups","Persons","249","units","0","v1566927635","5.2","390","","","","0"
"2023-10-01","New Brunswick","2021A000213","Total, asylum claimants, protected persons and related groups","Persons","249","units","0","v1566927635","5.2","440","","","","0"
"2024-01-01","New Brunswick","2021A000213","Total, asylum claimants, protected persons and related groups","Persons","249","units","0","v1566927635","5.2","482","","","","0"
"2024-04-01","New Brunswick","2021A000213","Total, asylum claimants, protected persons and related groups","Persons","249","units","0","v1566927635","5.2","549","","","","0"
"2024-07-01","New Brunswick","2021A000213","Total, asylum claimants, protected persons and related groups","Persons","249","units","0","v1566927635","5.2","590","","","","0"
"2024-10-01","New Brunswick","2021A000213","Total, asylum claimants, protected persons and related groups","Persons","249","units","0","v1566927635","5.2","676","","","","0"
"2025-01-01","New Brunswick","2021A000213","Total, asylum claimants, protected persons and related groups","Persons","249","units","0","v1566927635","5.2","810","","","","0"
"2025-04-01","New Brunswick","2021A000213","Total, asylum claimants, protected persons and related groups","Persons","249","units","0","v1566927635","5.2","937","","","","0"
"2025-07-01","New Brunswick","2021A000213","Total, asylum claimants, protected persons and related groups","Persons","249","units","0","v1566927635","5.2","1078","","","","0"
"2025-10-01","New Brunswick","2021A000213","Total, asylum claimants, protected persons and related groups","Persons","249","units","0","v1566927635","5.2","1319","","","","0"
"2026-01-01","New Brunswick","2021A000213","Total, asylum claimants, protected persons and related groups","Persons","249","units","0","v1566927635","5.2","1436","","","","0"
"2026-04-01","New Brunswick","2021A000213","Total, asylum claimants, protected persons and related groups","Persons","249","units","0","v1566927635","5.2","1563","","","","0"
"2026-07-01","New Brunswick","2021A000213","Total, asylum claimants, protected persons and related groups","Persons","249","units","0","v1566927635","5.2","1682","","","","0"
"2021-07-01","New Brunswick","2021A000213","Asylum claimants, protected persons and related groups with work permit only","Persons","249","units","0","v1566927636","5.3","101","","","","0"
"2021-10-01","New Brunswick","2021A000213","Asylum claimants, protected persons and related groups with work permit only","Persons","249","units","0","v1566927636","5.3","102","","","","0"
"2022-01-01","New Brunswick","2021A000213","Asylum claimants, protected persons and related groups with work permit only","Persons","249","units","0","v1566927636","5.3","81","","","","0"
"2022-04-01","New Brunswick","2021A000213","Asylum claimants, protected persons and related groups with work permit only","Persons","249","units","0","v1566927636","5.3","74","","","","0"
"2022-07-01","New Brunswick","2021A000213","Asylum claimants, protected persons and related groups with work permit only","Persons","249","units","0","v1566927636","5.3","88","","","","0"
"2022-10-01","New Brunswick","2021A000213","Asylum claimants, protected persons and related groups with work permit only","Persons","249","units","0","v1566927636","5.3","98","","","","0"
"2023-01-01","New Brunswick","2021A000213","Asylum claimants, protected persons and related groups with work permit only","Persons","249","units","0","v1566927636","5.3","112","","","","0"
"2023-04-01","New Brunswick","2021A000213","Asylum claimants, protected persons and related groups with work permit only","Persons","249","units","0","v1566927636","5.3","191","","","","0"
"2023-07-01","New Brunswick","2021A000213","Asylum claimants, protected persons and related groups with work permit only","Persons","249","units","0","v1566927636","5.3","228","","","","0"
"2023-10-01","New Brunswick","2021A000213","Asylum claimants, protected persons and related groups with work permit only","Persons","249","units","0","v1566927636","5.3","263","","","","0"
"2024-01-01","New Brunswick","2021A000213","Asylum claimants, protected persons and related groups with work permit only","Persons","249","units","0","v1566927636","5.3","281","","","","0"
"2024-04-01","New Brunswick","2021A000213","Asylum claimants, protected persons and related groups with work permit only","Persons","249","units","0","v1566927636","5.3","345","","","","0"
"2024-07-01","New Brunswick","2021A000213","Asylum claimants, protected persons and related groups with work permit only","Persons","249","units","0","v1566927636","5.3","374","","","","0"
"2024-10-01","New Brunswick","2021A000213","Asylum claimants, protected persons and related groups with work permit only","Persons","249","units","0","v1566927636","5.3","436","","","","0"
"2025-01-01","New Brunswick","2021A000213","Asylum claimants, protected persons and related groups with work permit only","Persons","249","units","0","v1566927636","5.3","530","","","","0"
"2025-04-01","New Brunswick","2021A000213","Asylum claimants, protected persons and related groups with work permit only","Persons","249","units","0","v1566927636","5.3","628","","","","0"
"2025-07-01","New Brunswick","2021A000213","Asylum claimants, protected persons and related groups with work permit only","Persons","249","units","0","v1566927636","5.3","697","","","","0"
"2025-10-01","New Brunswick","2021A000213","Asylum claimants, protected persons and related groups with work permit only","Persons","249","units","0","v1566927636","5.3","804","","","","0"
"2026-01-01","New Brunswick","2021A000213","Asylum claimants, protected persons and related groups with work permit only","Persons","249","units","0","v1566927636","5.3","925","","","","0"
"2026-04-01","New Brunswick","2021A000213","Asylum claimants, protected persons and related groups with work permit only","Persons","249","units","0","v1566927636","5.3","1086","","","","0"
"2026-07-01","New Brunswick","2021A000213","Asylum claimants, protected persons and related groups with work permit only","Persons","249","units","0","v1566927636","5.3","1145","","","","0"
"2021-07-01","New Brunswick","2021A000213","Asylum claimants, protected persons and related groups with study permit only","Persons","249","units","0","v1566927637","5.4","2","","","","0"
"2021-10-01","New Brunswick","2021A000213","Asylum claimants, protected persons and related groups with study permit only","Persons","249","units","0","v1566927637","5.4","3","","","","0"
"2022-01-01","New Brunswick","2021A000213","Asylum claimants, protected persons and related groups with study permit only","Persons","249","units","0","v1566927637","5.4","2","","","","0"
"2022-04-01","New Brunswick","2021A000213","Asylum claimants, protected persons and related groups with study permit only","Persons","249","units","0","v1566927637","5.4","3","","","","0"
"2022-07-01","New Brunswick","2021A000213","Asylum claimants, protected persons and related groups with study permit only","Persons","249","units","0","v1566927637","5.4","3","","","","0"
"2022-10-01","New Brunswick","2021A000213","Asylum claimants, protected persons and related groups with study permit only","Persons","249","units","0","v1566927637","5.4","5","","","","0"
"2023-01-01","New Brunswick","2021A000213","Asylum claimants, protected persons and related groups with study permit only","Persons","249","units","0","v1566927637","5.4","10","","","","0"
"2023-04-01","New Brunswick","2021A000213","Asylum claimants, protected persons and related groups with study permit only","Persons","249","units","0","v1566927637","5.4","4","","","","0"
"2023-07-01","New Brunswick","2021A000213","Asylum claimants, protected persons and related groups with study permit only","Persons","249","units","0","v1566927637","5.4","3","","","","0"
"2023-10-01","New Brunswick","2021A000213","Asylum claimants, protected persons and related groups with study permit only","Persons","249","units","0","v1566927637","5.4","6","","","","0"
"2024-01-01","New Brunswick","2021A000213","Asylum claimants, protected persons and related groups with study permit only","Persons","249","units","0","v1566927637","5.4","6","","","","0"
"2024-04-01","New Brunswick","2021A000213","Asylum claimants, protected persons and related groups with study permit only","Persons","249","units","0","v1566927637","5.4","13","","","","0"
"2024-07-01","New Brunswick","2021A000213","Asylum claimants, protected persons and related groups with study permit only","Persons","249","units","0","v1566927637","5.4","10","","","","0"
"2024-10-01","New Brunswick","2021A000213","Asylum claimants, protected persons and related groups with study permit only","Persons","249","units","0","v1566927637","5.4","8","","","","0"
"2025-01-01","New Brunswick","2021A000213","Asylum claimants, protected persons and related groups with study permit only","Persons","249","units","0","v1566927637","5.4","9","","","","0"
"2025-04-01","New Brunswick","2021A000213","Asylum claimants, protected persons and related groups with study permit only","Persons","249","units","0","v1566927637","5.4","8","","","","0"
"2025-07-01","New Brunswick","2021A000213","Asylum claimants, protected persons and related groups with study permit only","Persons","249","units","0","v1566927637","5.4","11","","","","0"
"2025-10-01","New Brunswick","2021A000213","Asylum claimants, protected persons and related groups with study permit only","Persons","249","units","0","v1566927637","5.4","14","","","","0"
"2026-01-01","New Brunswick","2021A000213","Asylum claimants, protected persons and related groups with study permit only","Persons","249","units","0","v1566927637","5.4","20","","","","0"
"2026-04-01","New Brunswick","2021A000213","Asylum claimants, protected persons and related groups with study permit only","Persons","249","units","0","v1566927637","5.4","15","","","","0"
"2026-07-01","New Brunswick","2021A000213","Asylum claimants, protected persons and related groups with study permit only","Persons","249","units","0","v1566927637","5.4","10","","","","0"
"2021-07-01","New Brunswick","2021A000213","Asylum claimants, protected persons and related groups with work and study permits","Persons","249","units","0","v1566927638","5.5","11","","","","0"
"2021-10-01","New Brunswick","2021A000213","Asylum claimants, protected persons and related groups with work and study permits","Persons","249","units","0","v1566927638","5.5","5","","","","0"
"2022-01-01","New Brunswick","2021A000213","Asylum claimants, protected persons and related groups with work and study permits","Persons","249","units","0","v1566927638","5.5","7","","","","0"
"2022-04-01","New Brunswick","2021A000213","Asylum claimants, protected persons and related groups with work and study permits","Persons","249","units","0","v1566927638","5.5","8","","","","0"
"2022-07-01","New Brunswick","2021A000213","Asylum claimants, protected persons and related groups with work and study permits","Persons","249","units","0","v1566927638","5.5","7","","","","0"
"2022-10-01","New Brunswick","2021A000213","Asylum claimants, protected persons and related groups with work and study permits","Persons","249","units","0","v1566927638","5.5","3","","","","0"
"2023-01-01","New Brunswick","2021A000213","Asylum claimants, protected persons and related groups with work and study permits","Persons","249","units","0","v1566927638","5.5","5","","","","0"
"2023-04-01","New Brunswick","2021A000213","Asylum claimants, protected persons and related groups with work and study permits","Persons","249","units","0","v1566927638","5.5","9","","","","0"
"2023-07-01","New Brunswick","2021A000213","Asylum claimants, protected persons and related groups with work and study permits","Persons","249","units","0","v1566927638","5.5","10","","","","0"
"2023-10-01","New Brunswick","2021A000213","Asylum claimants, protected persons and related groups with work and study permits","Persons","249","units","0","v1566927638","5.5","16","","","","0"
"2024-01-01","New Brunswick","2021A000213","Asylum claimants, protected persons and related groups with work and study permits","Persons","249","units","0","v1566927638","5.5","16","","","","0"
"2024-04-01","New Brunswick","2021A000213","Asylum claimants, protected persons and related groups with work and study permits","Persons","249","units","0","v1566927638","5.5","20","","","","0"
"2024-07-01","New Brunswick","2021A000213","Asylum claimants, protected persons and related groups with work and study permits","Persons","249","units","0","v1566927638","5.5","30","","","","0"
"2024-10-01","New Brunswick","2021A000213","Asylum claimants, protected persons and related groups with work and study permits","Persons","249","units","0","v1566927638","5.5","32","","","","0"
"2025-01-01","New Brunswick","2021A000213","Asylum claimants, protected persons and related groups with work and study permits","Persons","249","units","0","v1566927638","5.5","58","","","","0"
"2025-04-01","New Brunswick","2021A000213","Asylum claimants, protected persons and related groups with work and study permits","Persons","249","units","0","v1566927638","5.5","76","","","","0"
"2025-07-01","New Brunswick","2021A000213","Asylum claimants, protected persons and related groups with work and study permits","Persons","249","units","0","v1566927638","5.5","95","","","","0"
"2025-10-01","New Brunswick","2021A000213","Asylum claimants, protected persons and related groups with work and study permits","Persons","249","units","0","v1566927638","5.5","103","","","","0"
"2026-01-01","New Brunswick","2021A000213","Asylum claimants, protected persons and related groups with work and study permits","Persons","249","units","0","v1566927638","5.5","118","","","","0"
"2026-04-01","New Brunswick","2021A000213","Asylum claimants, protected persons and related groups with work and study permits","Persons","249","units","0","v1566927638","5.5","110","","","","0"
"2026-07-01","New Brunswick","2021A000213","Asylum claimants, protected persons and related groups with work and study permits","Persons","249","units","0","v1566927638","5.5","118","","","","0"
"2021-07-01","New Brunswick","2021A000213","Asylum claimants, protected persons and related groups without work or study permits","Persons","249","units","0","v1566927639","5.6","82","","","","0"
"2021-10-01","New Brunswick","2021A000213","Asylum claimants, protected persons and related groups without work or study permits","Persons","249","units","0","v1566927639","5.6","77","","","","0"
"2022-01-01","New Brunswick","2021A000213","Asylum claimants, protected persons and related groups without work or study permits","Persons","249","units","0","v1566927639","5.6","95","","","","0"
"2022-04-01","New Brunswick","2021A000213","Asylum claimants, protected persons and related groups without work or study permits","Persons","249","units","0","v1566927639","5.6","99","","","","0"
"2022-07-01","New Brunswick","2021A000213","Asylum claimants, protected persons and related groups without work or study permits","Persons","249","units","0","v1566927639","5.6","90","","","","0"
"2022-10-01","New Brunswick","2021A000213","Asylum claimants, protected persons and related groups without work or study permits","Persons","249","units","0","v1566927639","5.6","68","","","","0"
"2023-01-01","New Brunswick","2021A000213","Asylum claimants, protected persons and related groups without work or study permits","Persons","249","units","0","v1566927639","5.6","89","","","","0"
"2023-04-01","New Brunswick","2021A000213","Asylum claimants, protected persons and related groups without work or study permits","Persons","249","units","0","v1566927639","5.6","213","","","","0"
"2023-07-01","New Brunswick","2021A000213","Asylum claimants, protected persons and related groups without work or study permits","Persons","249","units","0","v1566927639","5.6","149","","","","0"
"2023-10-01","New Brunswick","2021A000213","Asylum claimants, protected persons and related groups without work or study permits","Persons","249","units","0","v1566927639","5.6","155","","","","0"
"2024-01-01","New Brunswick","2021A000213","Asylum claimants, protected persons and related groups without work or study permits","Persons","249","units","0","v1566927639","5.6","179","","","","0"
"2024-04-01","New Brunswick","2021A000213","Asylum claimants, protected persons and related groups without work or study permits","Persons","249","units","0","v1566927639","5.6","171","","","","0"
"2024-07-01","New Brunswick","2021A000213","Asylum claimants, protected persons and related groups without work or study permits","Persons","249","units","0","v1566927639","5.6","176","","","","0"
"2024-10-01","New Brunswick","2021A000213","Asylum claimants, protected persons and related groups without work or study permits","Persons","249","units","0","v1566927639","5.6","200","","","","0"
"2025-01-01","New Brunswick","2021A000213","Asylum claimants, protected persons and related groups without work or study permits","Persons","249","units","0","v1566927639","5.6","213","","","","0"
"2025-04-01","New Brunswick","2021A000213","Asylum claimants, protected persons and related groups without work or study permits","Persons","249","units","0","v1566927639","5.6","225","","","","0"
"2025-07-01","New Brunswick","2021A000213","Asylum claimants, protected persons and related groups without work or study permits","Persons","249","units","0","v1566927639","5.6","275","","","","0"
"2025-10-01","New Brunswick","2021A000213","Asylum claimants, protected persons and related groups without work or study permits","Persons","249","units","0","v1566927639","5.6","398","","","","0"
"2026-01-01","New Brunswick","2021A000213","Asylum claimants, protected persons and related groups without work or study permits","Persons","249","units","0","v1566927639","5.6","373","","","","0"
"2026-04-01","New Brunswick","2021A000213","Asylum claimants, protected persons and related groups without work or study permits","Persons","249","units","0","v1566927639","5.6","352","","","","0"
"2026-07-01","New Brunswick","2021A000213","Asylum claimants, protected persons and related groups without work or study permits","Persons","249","units","0","v1566927639","5.6","409","","","","0"
"2021-07-01","New Brunswick","2021A000213","Total, permit holders and their family members","Persons","249","units","0","v1566927640","5.7","13997","","","","0"
"2021-10-01","New Brunswick","2021A000213","Total, permit holders and their family members","Persons","249","units","0","v1566927640","5.7","16121","","","","0"
"2022-01-01","New Brunswick","2021A000213","Total, permit holders and their family members","Persons","249","units","0","v1566927640","5.7","15913","","","","0"
"2022-04-01","New Brunswick","2021A000213","Total, permit holders and their family members","Persons","249","units","0","v1566927640","5.7","16005","","","","0"
"2022-07-01","New Brunswick","2021A000213","Total, permit holders and their family members","Persons","249","units","0","v1566927640","5.7","18175","","","","0"
"2022-10-01","New Brunswick","2021A000213","Total, permit holders and their family members","Persons","249","units","0","v1566927640","5.7","22044","","","","0"
"2023-01-01","New Brunswick","2021A000213","Total, permit holders and their family members","Persons","249","units","0","v1566927640","5.7","22748","","","","0"
"2023-04-01","New Brunswick","2021A000213","Total, permit holders and their family members","Persons","249","units","0","v1566927640","5.7","23555","","","","0"
"2023-07-01","New Brunswick","2021A000213","Total, permit holders and their family members","Persons","249","units","0","v1566927640","5.7","26644","","","","0"
"2023-10-01","New Brunswick","2021A000213","Total, permit holders and their family members","Persons","249","units","0","v1566927640","5.7","32582","","","","0"
"2024-01-01","New Brunswick","2021A000213","Total, permit holders and their family members","Persons","249","units","0","v1566927640","5.7","33928","","","","0"
"2024-04-01","New Brunswick","2021A000213","Total, permit holders and their family members","Persons","249","units","0","v1566927640","5.7","34467","","","","0"
"2024-07-01","New Brunswick","2021A000213","Total, permit holders and their family members","Persons","249","units","0","v1566927640","5.7","35942","","","","0"
"2024-10-01","New Brunswick","2021A000213","Total, permit holders and their family members","Persons","249","units","0","v1566927640","5.7","38414","","","","0"
"2025-01-01","New Brunswick","2021A000213","Total, permit holders and their family members","Persons","249","units","0","v1566927640","5.7","38366","","","","0"
"2025-04-01","New Brunswick","2021A000213","Total, permit holders and their family members","Persons","249","units","0","v1566927640","5.7","37581","","","","0"
"2025-07-01","New Brunswick","2021A000213","Total, permit holders and their family members","Persons","249","units","0","v1566927640","5.7","38041","","","","0"
"2025-10-01","New Brunswick","2021A000213","Total, permit holders and their family members","Persons","249","units","0","v1566927640","5.7","39291","","","","0"
"2026-01-01","New Brunswick","2021A000213","Total, permit holders and their family members","Persons","249","units","0","v1566927640","5.7","38738","","","","0"
"2026-04-01","New Brunswick","2021A000213","Total, permit holders and their family members","Persons","249","units","0","v1566927640","5.7","36713","","","","0"
"2026-07-01","New Brunswick","2021A000213","Total, permit holders and their family members","Persons","249","units","0","v1566927640","5.7","38958","","","","0"
"2021-07-01","New Brunswick","2021A000213","Work permit holders only","Persons","249","units","0","v1566927641","5.8","7859","","","","0"
"2021-10-01","New Brunswick","2021A000213","Work permit holders only","Persons","249","units","0","v1566927641","5.8","8568","","","","0"
"2022-01-01","New Brunswick","2021A000213","Work permit holders only","Persons","249","units","0","v1566927641","5.8","7700","","","","0"
"2022-04-01","New Brunswick","2021A000213","Work permit holders only","Persons","249","units","0","v1566927641","5.8","7361","","","","0"
"2022-07-01","New Brunswick","2021A000213","Work permit holders only","Persons","249","units","0","v1566927641","5.8","9340","","","","0"
"2022-10-01","New Brunswick","2021A000213","Work permit holders only","Persons","249","units","0","v1566927641","5.8","10954","","","","0"
"2023-01-01","New Brunswick","2021A000213","Work permit holders only","Persons","249","units","0","v1566927641","5.8","10904","","","","0"
"2023-04-01","New Brunswick","2021A000213","Work permit holders only","Persons","249","units","0","v1566927641","5.8","11336","","","","0"
"2023-07-01","New Brunswick","2021A000213","Work permit holders only","Persons","249","units","0","v1566927641","5.8","13922","","","","0"
"2023-10-01","New Brunswick","2021A000213","Work permit holders only","Persons","249","units","0","v1566927641","5.8","17034","","","","0"
"2024-01-01","New Brunswick","2021A000213","Work permit holders only","Persons","249","units","0","v1566927641","5.8","17425","","","","0"
"2024-04-01","New Brunswick","2021A000213","Work permit holders only","Persons","249","units","0","v1566927641","5.8","17830","","","","0"
"2024-07-01","New Brunswick","2021A000213","Work permit holders only","Persons","249","units","0","v1566927641","5.8","19315","","","","0"
"2024-10-01","New Brunswick","2021A000213","Work permit holders only","Persons","249","units","0","v1566927641","5.8","21597","","","","0"
"2025-01-01","New Brunswick","2021A000213","Work permit holders only","Persons","249","units","0","v1566927641","5.8","21488","","","","0"
"2025-04-01","New Brunswick","2021A000213","Work permit holders only","Persons","249","units","0","v1566927641","5.8","21082","","","","0"
"2025-07-01","New Brunswick","2021A000213","Work permit holders only","Persons","249","units","0","v1566927641","5.8","21889","","","","0"
"2025-10-01","New Brunswick","2021A000213","Work permit holders only","Persons","249","units","0","v1566927641","5.8","24015","","","","0"
"2026-01-01","New Brunswick","2021A000213","Work permit holders only","Persons","249","units","0","v1566927641","5.8","23674","","","","0"
"2026-04-01","New Brunswick","2021A000213","Work permit holders only","Persons","249","units","0","v1566927641","5.8","21864","","","","0"
"2026-07-01","New Brunswick","2021A000213","Work permit holders only","Persons","249","units","0","v1566927641","5.8","23718","","","","0"
"2021-07-01","New Brunswick","2021A000213","Study permit holders only","Persons","249","units","0","v1566927642","5.9","3435","","","","0"
"2021-10-01","New Brunswick","2021A000213","Study permit holders only","Persons","249","units","0","v1566927642","5.9","4677","","","","0"
"2022-01-01","New Brunswick","2021A000213","Study permit holders only","Persons","249","units","0","v1566927642","5.9","5149","","","","0"
"2022-04-01","New Brunswick","2021A000213","Study permit holders only","Persons","249","units","0","v1566927642","5.9","5169","","","","0"
"2022-07-01","New Brunswick","2021A000213","Study permit holders only","Persons","249","units","0","v1566927642","5.9","5042","","","","0"
"2022-10-01","New Brunswick","2021A000213","Study permit holders only","Persons","249","units","0","v1566927642","5.9","6442","","","","0"
"2023-01-01","New Brunswick","2021A000213","Study permit holders only","Persons","249","units","0","v1566927642","5.9","6965","","","","0"
"2023-04-01","New Brunswick","2021A000213","Study permit holders only","Persons","249","units","0","v1566927642","5.9","6732","","","","0"
"2023-07-01","New Brunswick","2021A000213","Study permit holders only","Persons","249","units","0","v1566927642","5.9","6893","","","","0"
"2023-10-01","New Brunswick","2021A000213","Study permit holders only","Persons","249","units","0","v1566927642","5.9","8643","","","","0"
"2024-01-01","New Brunswick","2021A000213","Study permit holders only","Persons","249","units","0","v1566927642","5.9","8581","","","","0"
"2024-04-01","New Brunswick","2021A000213","Study permit holders only","Persons","249","units","0","v1566927642","5.9","8183","","","","0"
"2024-07-01","New Brunswick","2021A000213","Study permit holders only","Persons","249","units","0","v1566927642","5.9","7961","","","","0"
"2024-10-01","New Brunswick","2021A000213","Study permit holders only","Persons","249","units","0","v1566927642","5.9","8853","","","","0"
"2025-01-01","New Brunswick","2021A000213","Study permit holders only","Persons","249","units","0","v1566927642","5.9","8477","","","","0"
"2025-04-01","New Brunswick","2021A000213","Study permit holders only","Persons","249","units","0","v1566927642","5.9","8108","","","","0"
"2025-07-01","New Brunswick","2021A000213","Study permit holders only","Persons","249","units","0","v1566927642","5.9","7926","","","","0"
"2025-10-01","New Brunswick","2021A000213","Study permit holders only","Persons","249","units","0","v1566927642","5.9","8163","","","","0"
"2026-01-01","New Brunswick","2021A000213","Study permit holders only","Persons","249","units","0","v1566927642","5.9","7779","","","","0"
"2026-04-01","New Brunswick","2021A000213","Study permit holders only","Persons","249","units","0","v1566927642","5.9","7572","","","","0"
"2026-07-01","New Brunswick","2021A000213","Study permit holders only","Persons","249","units","0","v1566927642","5.9","7621","","","","0"
"2021-07-01","New Brunswick","2021A000213","Work and study permit holders","Persons","249","units","0","v1566927643","5.10","1999","","","","0"
"2021-10-01","New Brunswick","2021A000213","Work and study permit holders","Persons","249","units","0","v1566927643","5.10","2082","","","","0"
"2022-01-01","New Brunswick","2021A000213","Work and study permit holders","Persons","249","units","0","v1566927643","5.10","2313","","","","0"
"2022-04-01","New Brunswick","2021A000213","Work and study permit holders","Persons","249","units","0","v1566927643","5.10","2623","","","","0"
"2022-07-01","New Brunswick","2021A000213","Work and study permit holders","Persons","249","units","0","v1566927643","5.10","2803","","","","0"
"2022-10-01","New Brunswick","2021A000213","Work and study permit holders","Persons","249","units","0","v1566927643","5.10","3474","","","","0"
"2023-01-01","New Brunswick","2021A000213","Work and study permit holders","Persons","249","units","0","v1566927643","5.10","3680","","","","0"
"2023-04-01","New Brunswick","2021A000213","Work and study permit holders","Persons","249","units","0","v1566927643","5.10","4235","","","","0"
"2023-07-01","New Brunswick","2021A000213","Work and study permit holders","Persons","249","units","0","v1566927643","5.10","4373","","","","0"
"2023-10-01","New Brunswick","2021A000213","Work and study permit holders","Persons","249","units","0","v1566927643","5.10","5144","","","","0"
"2024-01-01","New Brunswick","2021A000213","Work and study permit holders","Persons","249","units","0","v1566927643","5.10","5911","","","","0"
"2024-04-01","New Brunswick","2021A000213","Work and study permit holders","Persons","249","units","0","v1566927643","5.10","6246","","","","0"
"2024-07-01","New Brunswick","2021A000213","Work and study permit holders","Persons","249","units","0","v1566927643","5.10","6363","","","","0"
"2024-10-01","New Brunswick","2021A000213","Work and study permit holders","Persons","249","units","0","v1566927643","5.10","5501","","","","0"
"2025-01-01","New Brunswick","2021A000213","Work and study permit holders","Persons","249","units","0","v1566927643","5.10","5986","","","","0"
"2025-04-01","New Brunswick","2021A000213","Work and study permit holders","Persons","249","units","0","v1566927643","5.10","6005","","","","0"
"2025-07-01","New Brunswick","2021A000213","Work and study permit holders","Persons","249","units","0","v1566927643","5.10","5895","","","","0"
"2025-10-01","New Brunswick","2021A000213","Work and study permit holders","Persons","249","units","0","v1566927643","5.10","4671","","","","0"
"2026-01-01","New Brunswick","2021A000213","Work and study permit holders","Persons","249","units","0","v1566927643","5.10","4898","","","","0"
"2026-04-01","New Brunswick","2021A000213","Work and study permit holders","Persons","249","units","0","v1566927643","5.10","5060","","","","0"
"2026-07-01","New Brunswick","2021A000213","Work and study permit holders","Persons","249","units","0","v1566927643","5.10","5205","","","","0"
"2021-07-01","New Brunswick","2021A000213","Other","Persons","249","units","0","v1566927644","5.11","704","","","","0"
"2021-10-01","New Brunswick","2021A000213","Other","Persons","249","units","0","v1566927644","5.11","794","","","","0"
"2022-01-01","New Brunswick","2021A000213","Other","Persons","249","units","0","v1566927644","5.11","751","","","","0"
"2022-04-01","New Brunswick","2021A000213","Other","Persons","249","units","0","v1566927644","5.11","852","","","","0"
"2022-07-01","New Brunswick","2021A000213","Other","Persons","249","units","0","v1566927644","5.11","990","","","","0"
"2022-10-01","New Brunswick","2021A000213","Other","Persons","249","units","0","v1566927644","5.11","1174","","","","0"
"2023-01-01","New Brunswick","2021A000213","Other","Persons","249","units","0","v1566927644","5.11","1199","","","","0"
"2023-04-01","New Brunswick","2021A000213","Other","Persons","249","units","0","v1566927644","5.11","1252","","","","0"
"2023-07-01","New Brunswick","2021A000213","Other","Persons","249","units","0","v1566927644","5.11","1456","","","","0"
"2023-10-01","New Brunswick","2021A000213","Other","Persons","249","units","0","v1566927644","5.11","1761","","","","0"
"2024-01-01","New Brunswick","2021A000213","Other","Persons","249","units","0","v1566927644","5.11","2011","","","","0"
"2024-04-01","New Brunswick","2021A000213","Other","Persons","249","units","0","v1566927644","5.11","2208","","","","0"
"2024-07-01","New Brunswick","2021A000213","Other","Persons","249","units","0","v1566927644","5.11","2303","","","","0"
"2024-10-01","New Brunswick","2021A000213","Other","Persons","249","units","0","v1566927644","5.11","2463","","","","0"
"2025-01-01","New Brunswick","2021A000213","Other","Persons","249","units","0","v1566927644","5.11","2415","","","","0"
"2025-04-01","New Brunswick","2021A000213","Other","Persons","249","units","0","v1566927644","5.11","2386","","","","0"
"2025-07-01","New Brunswick","2021A000213","Other","Persons","249","units","0","v1566927644","5.11","2331","","","","0"
"2025-10-01","New Brunswick","2021A000213","Other","Persons","249","units","0","v1566927644","5.11","2442","","","","0"
"2026-01-01","New Brunswick","2021A000213","Other","Persons","249","units","0","v1566927644","5.11","2387","","","","0"
"2026-04-01","New Brunswick","2021A000213","Other","Persons","249","units","0","v1566927644","5.11","2217","","","","0"
"2026-07-01","New Brunswick","2021A000213","Other","Persons","249","units","0","v1566927644","5.11","2414","","","","0"
"2021-07-01","Quebec","2021A000224","Total, non-permanent residents","Persons","249","units","0","v1566927645","6.1","262125","","","","0"
"2021-10-01","Quebec","2021A000224","Total, non-permanent residents","Persons","249","units","0","v1566927645","6.1","277895","","","","0"
"2022-01-01","Quebec","2021A000224","Total, non-permanent residents","Persons","249","units","0","v1566927645","6.1","268349","","","","0"
"2022-04-01","Quebec","2021A000224","Total, non-permanent residents","Persons","249","units","0","v1566927645","6.1","271432","","","","0"
"2022-07-01","Quebec","2021A000224","Total, non-permanent residents","Persons","249","units","0","v1566927645","6.1","297439","","","","0"
"2022-10-01","Quebec","2021A000224","Total, non-permanent residents","Persons","249","units","0","v1566927645","6.1","331986","","","","0"
"2023-01-01","Quebec","2021A000224","Total, non-permanent residents","Persons","249","units","0","v1566927645","6.1","344254","","","","0"
"2023-04-01","Quebec","2021A000224","Total, non-permanent residents","Persons","249","units","0","v1566927645","6.1","360080","","","","0"
"2023-07-01","Quebec","2021A000224","Total, non-permanent residents","Persons","249","units","0","v1566927645","6.1","400986","","","","0"
"2023-10-01","Quebec","2021A000224","Total, non-permanent residents","Persons","249","units","0","v1566927645","6.1","449452","","","","0"
"2024-01-01","Quebec","2021A000224","Total, non-permanent residents","Persons","249","units","0","v1566927645","6.1","469346","","","","0"
"2024-04-01","Quebec","2021A000224","Total, non-permanent residents","Persons","249","units","0","v1566927645","6.1","494649","","","","0"
"2024-07-01","Quebec","2021A000224","Total, non-permanent residents","Persons","249","units","0","v1566927645","6.1","524824","","","","0"
"2024-10-01","Quebec","2021A000224","Total, non-permanent residents","Persons","249","units","0","v1566927645","6.1","553727","","","","0"
"2025-01-01","Quebec","2021A000224","Total, non-permanent residents","Persons","249","units","0","v1566927645","6.1","548543","","","","0"
"2025-04-01","Quebec","2021A000224","Total, non-permanent residents","Persons","249","units","0","v1566927645","6.1","546078","","","","0"
"2025-07-01","Quebec","2021A000224","Total, non-permanent residents","Persons","249","units","0","v1566927645","6.1","553615","","","","0"
"2025-10-01","Quebec","2021A000224","Total, non-permanent residents","Persons","249","units","0","v1566927645","6.1","557358","","","","0"
"2026-01-01","Quebec","2021A000224","Total, non-permanent residents","Persons","249","units","0","v1566927645","6.1","535761","","","","0"
"2026-04-01","Quebec","2021A000224","Total, non-permanent residents","Persons","249","units","0","v1566927645","6.1","527201","","","","0"
"2026-07-01","Quebec","2021A000224","Total, non-permanent residents","Persons","249","units","0","v1566927645","6.1","531821","","","","0"
"2021-07-01","Quebec","2021A000224","Total, asylum claimants, protected persons and related groups","Persons","249","units","0","v1566927646","6.2","62117","","","","0"
"2021-10-01","Quebec","2021A000224","Total, asylum claimants, protected persons and related groups","Persons","249","units","0","v1566927646","6.2","60009","","","","0"
"2022-01-01","Quebec","2021A000224","Total, asylum claimants, protected persons and related groups","Persons","249","units","0","v1566927646","6.2","61261","","","","0"
"2022-04-01","Quebec","2021A000224","Total, asylum claimants, protected persons and related groups","Persons","249","units","0","v1566927646","6.2","65938","","","","0"
"2022-07-01","Quebec","2021A000224","Total, asylum claimants, protected persons and related groups","Persons","249","units","0","v1566927646","6.2","74578","","","","0"
"2022-10-01","Quebec","2021A000224","Total, asylum claimants, protected persons and related groups","Persons","249","units","0","v1566927646","6.2","85416","","","","0"
"2023-01-01","Quebec","2021A000224","Total, asylum claimants, protected persons and related groups","Persons","249","units","0","v1566927646","6.2","99470","","","","0"
"2023-04-01","Quebec","2021A000224","Total, asylum claimants, protected persons and related groups","Persons","249","units","0","v1566927646","6.2","105923","","","","0"
"2023-07-01","Quebec","2021A000224","Total, asylum claimants, protected persons and related groups","Persons","249","units","0","v1566927646","6.2","113249","","","","0"
"2023-10-01","Quebec","2021A000224","Total, asylum claimants, protected persons and related groups","Persons","249","units","0","v1566927646","6.2","125571","","","","0"
"2024-01-01","Quebec","2021A000224","Total, asylum claimants, protected persons and related groups","Persons","249","units","0","v1566927646","6.2","139386","","","","0"
"2024-04-01","Quebec","2021A000224","Total, asylum claimants, protected persons and related groups","Persons","249","units","0","v1566927646","6.2","151613","","","","0"
"2024-07-01","Quebec","2021A000224","Total, asylum claimants, protected persons and related groups","Persons","249","units","0","v1566927646","6.2","163290","","","","0"
"2024-10-01","Quebec","2021A000224","Total, asylum claimants, protected persons and related groups","Persons","249","units","0","v1566927646","6.2","171644","","","","0"
"2025-01-01","Quebec","2021A000224","Total, asylum claimants, protected persons and related groups","Persons","249","units","0","v1566927646","6.2","179554","","","","0"
"2025-04-01","Quebec","2021A000224","Total, asylum claimants, protected persons and related groups","Persons","249","units","0","v1566927646","6.2","184202","","","","0"
"2025-07-01","Quebec","2021A000224","Total, asylum claimants, protected persons and related groups","Persons","249","units","0","v1566927646","6.2","188609","","","","0"
"2025-10-01","Quebec","2021A000224","Total, asylum claimants, protected persons and related groups","Persons","249","units","0","v1566927646","6.2","193524","","","","0"
"2026-01-01","Quebec","2021A000224","Total, asylum claimants, protected persons and related groups","Persons","249","units","0","v1566927646","6.2","194752","","","","0"
"2026-04-01","Quebec","2021A000224","Total, asylum claimants, protected persons and related groups","Persons","249","units","0","v1566927646","6.2","193528","","","","0"
"2026-07-01","Quebec","2021A000224","Total, asylum claimants, protected persons and related groups","Persons","249","units","0","v1566927646","6.2","190727","","","","0"
"2021-07-01","Quebec","2021A000224","Asylum claimants, protected persons and related groups with work permit only","Persons","249","units","0","v1566927647","6.3","36502","","","","0"
"2021-10-01","Quebec","2021A000224","Asylum claimants, protected persons and related groups with work permit only","Persons","249","units","0","v1566927647","6.3","34821","","","","0"
"2022-01-01","Quebec","2021A000224","Asylum claimants, protected persons and related groups with work permit only","Persons","249","units","0","v1566927647","6.3","29048","","","","0"
"2022-04-01","Quebec","2021A000224","Asylum claimants, protected persons and related groups with work permit only","Persons","249","units","0","v1566927647","6.3","25896","","","","0"
"2022-07-01","Quebec","2021A000224","Asylum claimants, protected persons and related groups with work permit only","Persons","249","units","0","v1566927647","6.3","29393","","","","0"
"2022-10-01","Quebec","2021A000224","Asylum claimants, protected persons and related groups with work permit only","Persons","249","units","0","v1566927647","6.3","36381","","","","0"
"2023-01-01","Quebec","2021A000224","Asylum claimants, protected persons and related groups with work permit only","Persons","249","units","0","v1566927647","6.3","44764","","","","0"
"2023-04-01","Quebec","2021A000224","Asylum claimants, protected persons and related groups with work permit only","Persons","249","units","0","v1566927647","6.3","52969","","","","0"
"2023-07-01","Quebec","2021A000224","Asylum claimants, protected persons and related groups with work permit only","Persons","249","units","0","v1566927647","6.3","62631","","","","0"
"2023-10-01","Quebec","2021A000224","Asylum claimants, protected persons and related groups with work permit only","Persons","249","units","0","v1566927647","6.3","73040","","","","0"
"2024-01-01","Quebec","2021A000224","Asylum claimants, protected persons and related groups with work permit only","Persons","249","units","0","v1566927647","6.3","82374","","","","0"
"2024-04-01","Quebec","2021A000224","Asylum claimants, protected persons and related groups with work permit only","Persons","249","units","0","v1566927647","6.3","91815","","","","0"
"2024-07-01","Quebec","2021A000224","Asylum claimants, protected persons and related groups with work permit only","Persons","249","units","0","v1566927647","6.3","104849","","","","0"
"2024-10-01","Quebec","2021A000224","Asylum claimants, protected persons and related groups with work permit only","Persons","249","units","0","v1566927647","6.3","111963","","","","0"
"2025-01-01","Quebec","2021A000224","Asylum claimants, protected persons and related groups with work permit only","Persons","249","units","0","v1566927647","6.3","113345","","","","0"
"2025-04-01","Quebec","2021A000224","Asylum claimants, protected persons and related groups with work permit only","Persons","249","units","0","v1566927647","6.3","118908","","","","0"
"2025-07-01","Quebec","2021A000224","Asylum claimants, protected persons and related groups with work permit only","Persons","249","units","0","v1566927647","6.3","121536","","","","0"
"2025-10-01","Quebec","2021A000224","Asylum claimants, protected persons and related groups with work permit only","Persons","249","units","0","v1566927647","6.3","119441","","","","0"
"2026-01-01","Quebec","2021A000224","Asylum claimants, protected persons and related groups with work permit only","Persons","249","units","0","v1566927647","6.3","125336","","","","0"
"2026-04-01","Quebec","2021A000224","Asylum claimants, protected persons and related groups with work permit only","Persons","249","units","0","v1566927647","6.3","131477","","","","0"
"2026-07-01","Quebec","2021A000224","Asylum claimants, protected persons and related groups with work permit only","Persons","249","units","0","v1566927647","6.3","124515","","","","0"
"2021-07-01","Quebec","2021A000224","Asylum claimants, protected persons and related groups with study permit only","Persons","249","units","0","v1566927648","6.4","344","","","","0"
"2021-10-01","Quebec","2021A000224","Asylum claimants, protected persons and related groups with study permit only","Persons","249","units","0","v1566927648","6.4","285","","","","0"
"2022-01-01","Quebec","2021A000224","Asylum claimants, protected persons and related groups with study permit only","Persons","249","units","0","v1566927648","6.4","286","","","","0"
"2022-04-01","Quebec","2021A000224","Asylum claimants, protected persons and related groups with study permit only","Persons","249","units","0","v1566927648","6.4","411","","","","0"
"2022-07-01","Quebec","2021A000224","Asylum claimants, protected persons and related groups with study permit only","Persons","249","units","0","v1566927648","6.4","389","","","","0"
"2022-10-01","Quebec","2021A000224","Asylum claimants, protected persons and related groups with study permit only","Persons","249","units","0","v1566927648","6.4","274","","","","0"
"2023-01-01","Quebec","2021A000224","Asylum claimants, protected persons and related groups with study permit only","Persons","249","units","0","v1566927648","6.4","324","","","","0"
"2023-04-01","Quebec","2021A000224","Asylum claimants, protected persons and related groups with study permit only","Persons","249","units","0","v1566927648","6.4","316","","","","0"
"2023-07-01","Quebec","2021A000224","Asylum claimants, protected persons and related groups with study permit only","Persons","249","units","0","v1566927648","6.4","287","","","","0"
"2023-10-01","Quebec","2021A000224","Asylum claimants, protected persons and related groups with study permit only","Persons","249","units","0","v1566927648","6.4","473","","","","0"
"2024-01-01","Quebec","2021A000224","Asylum claimants, protected persons and related groups with study permit only","Persons","249","units","0","v1566927648","6.4","791","","","","0"
"2024-04-01","Quebec","2021A000224","Asylum claimants, protected persons and related groups with study permit only","Persons","249","units","0","v1566927648","6.4","1138","","","","0"
"2024-07-01","Quebec","2021A000224","Asylum claimants, protected persons and related groups with study permit only","Persons","249","units","0","v1566927648","6.4","755","","","","0"
"2024-10-01","Quebec","2021A000224","Asylum claimants, protected persons and related groups with study permit only","Persons","249","units","0","v1566927648","6.4","560","","","","0"
"2025-01-01","Quebec","2021A000224","Asylum claimants, protected persons and related groups with study permit only","Persons","249","units","0","v1566927648","6.4","665","","","","0"
"2025-04-01","Quebec","2021A000224","Asylum claimants, protected persons and related groups with study permit only","Persons","249","units","0","v1566927648","6.4","568","","","","0"
"2025-07-01","Quebec","2021A000224","Asylum claimants, protected persons and related groups with study permit only","Persons","249","units","0","v1566927648","6.4","494","","","","0"
"2025-10-01","Quebec","2021A000224","Asylum claimants, protected persons and related groups with study permit only","Persons","249","units","0","v1566927648","6.4","514","","","","0"
"2026-01-01","Quebec","2021A000224","Asylum claimants, protected persons and related groups with study permit only","Persons","249","units","0","v1566927648","6.4","452","","","","0"
"2026-04-01","Quebec","2021A000224","Asylum claimants, protected persons and related groups with study permit only","Persons","249","units","0","v1566927648","6.4","400","","","","0"
"2026-07-01","Quebec","2021A000224","Asylum claimants, protected persons and related groups with study permit only","Persons","249","units","0","v1566927648","6.4","557","","","","0"
"2021-07-01","Quebec","2021A000224","Asylum claimants, protected persons and related groups with work and study permits","Persons","249","units","0","v1566927649","6.5","1075","","","","0"
"2021-10-01","Quebec","2021A000224","Asylum claimants, protected persons and related groups with work and study permits","Persons","249","units","0","v1566927649","6.5","1015","","","","0"
"2022-01-01","Quebec","2021A000224","Asylum claimants, protected persons and related groups with work and study permits","Persons","249","units","0","v1566927649","6.5","945","","","","0"
"2022-04-01","Quebec","2021A000224","Asylum claimants, protected persons and related groups with work and study permits","Persons","249","units","0","v1566927649","6.5","907","","","","0"
"2022-07-01","Quebec","2021A000224","Asylum claimants, protected persons and related groups with work and study permits","Persons","249","units","0","v1566927649","6.5","984","","","","0"
"2022-10-01","Quebec","2021A000224","Asylum claimants, protected persons and related groups with work and study permits","Persons","249","units","0","v1566927649","6.5","1121","","","","0"
"2023-01-01","Quebec","2021A000224","Asylum claimants, protected persons and related groups with work and study permits","Persons","249","units","0","v1566927649","6.5","1295","","","","0"
"2023-04-01","Quebec","2021A000224","Asylum claimants, protected persons and related groups with work and study permits","Persons","249","units","0","v1566927649","6.5","1542","","","","0"
"2023-07-01","Quebec","2021A000224","Asylum claimants, protected persons and related groups with work and study permits","Persons","249","units","0","v1566927649","6.5","1885","","","","0"
"2023-10-01","Quebec","2021A000224","Asylum claimants, protected persons and related groups with work and study permits","Persons","249","units","0","v1566927649","6.5","2297","","","","0"
"2024-01-01","Quebec","2021A000224","Asylum claimants, protected persons and related groups with work and study permits","Persons","249","units","0","v1566927649","6.5","2859","","","","0"
"2024-04-01","Quebec","2021A000224","Asylum claimants, protected persons and related groups with work and study permits","Persons","249","units","0","v1566927649","6.5","3594","","","","0"
"2024-07-01","Quebec","2021A000224","Asylum claimants, protected persons and related groups with work and study permits","Persons","249","units","0","v1566927649","6.5","4879","","","","0"
"2024-10-01","Quebec","2021A000224","Asylum claimants, protected persons and related groups with work and study permits","Persons","249","units","0","v1566927649","6.5","5531","","","","0"
"2025-01-01","Quebec","2021A000224","Asylum claimants, protected persons and related groups with work and study permits","Persons","249","units","0","v1566927649","6.5","6910","","","","0"
"2025-04-01","Quebec","2021A000224","Asylum claimants, protected persons and related groups with work and study permits","Persons","249","units","0","v1566927649","6.5","8433","","","","0"
"2025-07-01","Quebec","2021A000224","Asylum claimants, protected persons and related groups with work and study permits","Persons","249","units","0","v1566927649","6.5","8935","","","","0"
"2025-10-01","Quebec","2021A000224","Asylum claimants, protected persons and related groups with work and study permits","Persons","249","units","0","v1566927649","6.5","8630","","","","0"
"2026-01-01","Quebec","2021A000224","Asylum claimants, protected persons and related groups with work and study permits","Persons","249","units","0","v1566927649","6.5","8608","","","","0"
"2026-04-01","Quebec","2021A000224","Asylum claimants, protected persons and related groups with work and study permits","Persons","249","units","0","v1566927649","6.5","8390","","","","0"
"2026-07-01","Quebec","2021A000224","Asylum claimants, protected persons and related groups with work and study permits","Persons","249","units","0","v1566927649","6.5","7826","","","","0"
"2021-07-01","Quebec","2021A000224","Asylum claimants, protected persons and related groups without work or study permits","Persons","249","units","0","v1566927650","6.6","24196","","","","0"
"2021-10-01","Quebec","2021A000224","Asylum claimants, protected persons and related groups without work or study permits","Persons","249","units","0","v1566927650","6.6","23888","","","","0"
"2022-01-01","Quebec","2021A000224","Asylum claimants, protected persons and related groups without work or study permits","Persons","249","units","0","v1566927650","6.6","30982","","","","0"
"2022-04-01","Quebec","2021A000224","Asylum claimants, protected persons and related groups without work or study permits","Persons","249","units","0","v1566927650","6.6","38724","","","","0"
"2022-07-01","Quebec","2021A000224","Asylum claimants, protected persons and related groups without work or study permits","Persons","249","units","0","v1566927650","6.6","43812","","","","0"
"2022-10-01","Quebec","2021A000224","Asylum claimants, protected persons and related groups without work or study permits","Persons","249","units","0","v1566927650","6.6","47640","","","","0"
"2023-01-01","Quebec","2021A000224","Asylum claimants, protected persons and related groups without work or study permits","Persons","249","units","0","v1566927650","6.6","53087","","","","0"
"2023-04-01","Quebec","2021A000224","Asylum claimants, protected persons and related groups without work or study permits","Persons","249","units","0","v1566927650","6.6","51096","","","","0"
"2023-07-01","Quebec","2021A000224","Asylum claimants, protected persons and related groups without work or study permits","Persons","249","units","0","v1566927650","6.6","48446","","","","0"
"2023-10-01","Quebec","2021A000224","Asylum claimants, protected persons and related groups without work or study permits","Persons","249","units","0","v1566927650","6.6","49761","","","","0"
"2024-01-01","Quebec","2021A000224","Asylum claimants, protected persons and related groups without work or study permits","Persons","249","units","0","v1566927650","6.6","53362","","","","0"
"2024-04-01","Quebec","2021A000224","Asylum claimants, protected persons and related groups without work or study permits","Persons","249","units","0","v1566927650","6.6","55066","","","","0"
"2024-07-01","Quebec","2021A000224","Asylum claimants, protected persons and related groups without work or study permits","Persons","249","units","0","v1566927650","6.6","52807","","","","0"
"2024-10-01","Quebec","2021A000224","Asylum claimants, protected persons and related groups without work or study permits","Persons","249","units","0","v1566927650","6.6","53590","","","","0"
"2025-01-01","Quebec","2021A000224","Asylum claimants, protected persons and related groups without work or study permits","Persons","249","units","0","v1566927650","6.6","58634","","","","0"
"2025-04-01","Quebec","2021A000224","Asylum claimants, protected persons and related groups without work or study permits","Persons","249","units","0","v1566927650","6.6","56293","","","","0"
"2025-07-01","Quebec","2021A000224","Asylum claimants, protected persons and related groups without work or study permits","Persons","249","units","0","v1566927650","6.6","57644","","","","0"
"2025-10-01","Quebec","2021A000224","Asylum claimants, protected persons and related groups without work or study permits","Persons","249","units","0","v1566927650","6.6","64939","","","","0"
"2026-01-01","Quebec","2021A000224","Asylum claimants, protected persons and related groups without work or study permits","Persons","249","units","0","v1566927650","6.6","60356","","","","0"
"2026-04-01","Quebec","2021A000224","Asylum claimants, protected persons and related groups without work or study permits","Persons","249","units","0","v1566927650","6.6","53261","","","","0"
"2026-07-01","Quebec","2021A000224","Asylum claimants, protected persons and related groups without work or study permits","Persons","249","units","0","v1566927650","6.6","57829","","","","0"
"2021-07-01","Quebec","2021A000224","Total, permit holders and their family members","Persons","249","units","0","v1566927651","6.7","200008","","","","0"
"2021-10-01","Quebec","2021A000224","Total, permit holders and their family members","Persons","249","units","0","v1566927651","6.7","217886","","","","0"
"2022-01-01","Quebec","2021A000224","Total, permit holders and their family members","Persons","249","units","0","v1566927651","6.7","207088","","","","0"
"2022-04-01","Quebec","2021A000224","Total, permit holders and their family members","Persons","249","units","0","v1566927651","6.7","205494","","","","0"
"2022-07-01","Quebec","2021A000224","Total, permit holders and their family members","Persons","249","units","0","v1566927651","6.7","222861","","","","0"
"2022-10-01","Quebec","2021A000224","Total, permit holders and their family members","Persons","249","units","0","v1566927651","6.7","246570","","","","0"
"2023-01-01","Quebec","2021A000224","Total, permit holders and their family members","Persons","249","units","0","v1566927651","6.7","244784","","","","0"
"2023-04-01","Quebec","2021A000224","Total, permit holders and their family members","Persons","249","units","0","v1566927651","6.7","254157","","","","0"
"2023-07-01","Quebec","2021A000224","Total, permit holders and their family members","Persons","249","units","0","v1566927651","6.7","287737","","","","0"
"2023-10-01","Quebec","2021A000224","Total, permit holders and their family members","Persons","249","units","0","v1566927651","6.7","323881","","","","0"
"2024-01-01","Quebec","2021A000224","Total, permit holders and their family members","Persons","249","units","0","v1566927651","6.7","329960","","","","0"
"2024-04-01","Quebec","2021A000224","Total, permit holders and their family members","Persons","249","units","0","v1566927651","6.7","343036","","","","0"
"2024-07-01","Quebec","2021A000224","Total, permit holders and their family members","Persons","249","units","0","v1566927651","6.7","361534","","","","0"
"2024-10-01","Quebec","2021A000224","Total, permit holders and their family members","Persons","249","units","0","v1566927651","6.7","382083","","","","0"
"2025-01-01","Quebec","2021A000224","Total, permit holders and their family members","Persons","249","units","0","v1566927651","6.7","368989","","","","0"
"2025-04-01","Quebec","2021A000224","Total, permit holders and their family members","Persons","249","units","0","v1566927651","6.7","361876","","","","0"
"2025-07-01","Quebec","2021A000224","Total, permit holders and their family members","Persons","249","units","0","v1566927651","6.7","365006","","","","0"
"2025-10-01","Quebec","2021A000224","Total, permit holders and their family members","Persons","249","units","0","v1566927651","6.7","363834","","","","0"
"2026-01-01","Quebec","2021A000224","Total, permit holders and their family members","Persons","249","units","0","v1566927651","6.7","341009","","","","0"
"2026-04-01","Quebec","2021A000224","Total, permit holders and their family members","Persons","249","units","0","v1566927651","6.7","333673","","","","0"
"2026-07-01","Quebec","2021A000224","Total, permit holders and their family members","Persons","249","units","0","v1566927651","6.7","341094","","","","0"
"2021-07-01","Quebec","2021A000224","Work permit holders only","Persons","249","units","0","v1566927652","6.8","110674","","","","0"
"2021-10-01","Quebec","2021A000224","Work permit holders only","Persons","249","units","0","v1566927652","6.8","116058","","","","0"
"2022-01-01","Quebec","2021A000224","Work permit holders only","Persons","249","units","0","v1566927652","6.8","105514","","","","0"
"2022-04-01","Quebec","2021A000224","Work permit holders only","Persons","249","units","0","v1566927652","6.8","107422","","","","0"
"2022-07-01","Quebec","2021A000224","Work permit holders only","Persons","249","units","0","v1566927652","6.8","124688","","","","0"
"2022-10-01","Quebec","2021A000224","Work permit holders only","Persons","249","units","0","v1566927652","6.8","137431","","","","0"
"2023-01-01","Quebec","2021A000224","Work permit holders only","Persons","249","units","0","v1566927652","6.8","133897","","","","0"
"2023-04-01","Quebec","2021A000224","Work permit holders only","Persons","249","units","0","v1566927652","6.8","142570","","","","0"
"2023-07-01","Quebec","2021A000224","Work permit holders only","Persons","249","units","0","v1566927652","6.8","170922","","","","0"
"2023-10-01","Quebec","2021A000224","Work permit holders only","Persons","249","units","0","v1566927652","6.8","189152","","","","0"
"2024-01-01","Quebec","2021A000224","Work permit holders only","Persons","249","units","0","v1566927652","6.8","189133","","","","0"
"2024-04-01","Quebec","2021A000224","Work permit holders only","Persons","249","units","0","v1566927652","6.8","200877","","","","0"
"2024-07-01","Quebec","2021A000224","Work permit holders only","Persons","249","units","0","v1566927652","6.8","216907","","","","0"
"2024-10-01","Quebec","2021A000224","Work permit holders only","Persons","249","units","0","v1566927652","6.8","230423","","","","0"
"2025-01-01","Quebec","2021A000224","Work permit holders only","Persons","249","units","0","v1566927652","6.8","218619","","","","0"
"2025-04-01","Quebec","2021A000224","Work permit holders only","Persons","249","units","0","v1566927652","6.8","216798","","","","0"
"2025-07-01","Quebec","2021A000224","Work permit holders only","Persons","249","units","0","v1566927652","6.8","223283","","","","0"
"2025-10-01","Quebec","2021A000224","Work permit holders only","Persons","249","units","0","v1566927652","6.8","226130","","","","0"
"2026-01-01","Quebec","2021A000224","Work permit holders only","Persons","249","units","0","v1566927652","6.8","210108","","","","0"
"2026-04-01","Quebec","2021A000224","Work permit holders only","Persons","249","units","0","v1566927652","6.8","207792","","","","0"
"2026-07-01","Quebec","2021A000224","Work permit holders only","Persons","249","units","0","v1566927652","6.8","217501","","","","0"
"2021-07-01","Quebec","2021A000224","Study permit holders only","Persons","249","units","0","v1566927653","6.9","47734","","","","0"
"2021-10-01","Quebec","2021A000224","Study permit holders only","Persons","249","units","0","v1566927653","6.9","59331","","","","0"
"2022-01-01","Quebec","2021A000224","Study permit holders only","Persons","249","units","0","v1566927653","6.9","60876","","","","0"
"2022-04-01","Quebec","2021A000224","Study permit holders only","Persons","249","units","0","v1566927653","6.9","57478","","","","0"
"2022-07-01","Quebec","2021A000224","Study permit holders only","Persons","249","units","0","v1566927653","6.9","56854","","","","0"
"2022-10-01","Quebec","2021A000224","Study permit holders only","Persons","249","units","0","v1566927653","6.9","63350","","","","0"
"2023-01-01","Quebec","2021A000224","Study permit holders only","Persons","249","units","0","v1566927653","6.9","65142","","","","0"
"2023-04-01","Quebec","2021A000224","Study permit holders only","Persons","249","units","0","v1566927653","6.9","63317","","","","0"
"2023-07-01","Quebec","2021A000224","Study permit holders only","Persons","249","units","0","v1566927653","6.9","63736","","","","0"
"2023-10-01","Quebec","2021A000224","Study permit holders only","Persons","249","units","0","v1566927653","6.9","73438","","","","0"
"2024-01-01","Quebec","2021A000224","Study permit holders only","Persons","249","units","0","v1566927653","6.9","74406","","","","0"
"2024-04-01","Quebec","2021A000224","Study permit holders only","Persons","249","units","0","v1566927653","6.9","71422","","","","0"
"2024-07-01","Quebec","2021A000224","Study permit holders only","Persons","249","units","0","v1566927653","6.9","69943","","","","0"
"2024-10-01","Quebec","2021A000224","Study permit holders only","Persons","249","units","0","v1566927653","6.9","72680","","","","0"
"2025-01-01","Quebec","2021A000224","Study permit holders only","Persons","249","units","0","v1566927653","6.9","70840","","","","0"
"2025-04-01","Quebec","2021A000224","Study permit holders only","Persons","249","units","0","v1566927653","6.9","66896","","","","0"
"2025-07-01","Quebec","2021A000224","Study permit holders only","Persons","249","units","0","v1566927653","6.9","64844","","","","0"
"2025-10-01","Quebec","2021A000224","Study permit holders only","Persons","249","units","0","v1566927653","6.9","64641","","","","0"
"2026-01-01","Quebec","2021A000224","Study permit holders only","Persons","249","units","0","v1566927653","6.9","61452","","","","0"
"2026-04-01","Quebec","2021A000224","Study permit holders only","Persons","249","units","0","v1566927653","6.9","58902","","","","0"
"2026-07-01","Quebec","2021A000224","Study permit holders only","Persons","249","units","0","v1566927653","6.9","58401","","","","0"
"2021-07-01","Quebec","2021A000224","Work and study permit holders","Persons","249","units","0","v1566927654","6.10","29166","","","","0"
"2021-10-01","Quebec","2021A000224","Work and study permit holders","Persons","249","units","0","v1566927654","6.10","29188","","","","0"
"2022-01-01","Quebec","2021A000224","Work and study permit holders","Persons","249","units","0","v1566927654","6.10","28276","","","","0"
"2022-04-01","Quebec","2021A000224","Work and study permit holders","Persons","249","units","0","v1566927654","6.10","27839","","","","0"
"2022-07-01","Quebec","2021A000224","Work and study permit holders","Persons","249","units","0","v1566927654","6.10","26961","","","","0"
"2022-10-01","Quebec","2021A000224","Work and study permit holders","Persons","249","units","0","v1566927654","6.10","30038","","","","0"
"2023-01-01","Quebec","2021A000224","Work and study permit holders","Persons","249","units","0","v1566927654","6.10","30279","","","","0"
"2023-04-01","Quebec","2021A000224","Work and study permit holders","Persons","249","units","0","v1566927654","6.10","32171","","","","0"
"2023-07-01","Quebec","2021A000224","Work and study permit holders","Persons","249","units","0","v1566927654","6.10","34342","","","","0"
"2023-10-01","Quebec","2021A000224","Work and study permit holders","Persons","249","units","0","v1566927654","6.10","40362","","","","0"
"2024-01-01","Quebec","2021A000224","Work and study permit holders","Persons","249","units","0","v1566927654","6.10","44558","","","","0"
"2024-04-01","Quebec","2021A000224","Work and study permit holders","Persons","249","units","0","v1566927654","6.10","47390","","","","0"
"2024-07-01","Quebec","2021A000224","Work and study permit holders","Persons","249","units","0","v1566927654","6.10","49894","","","","0"
"2024-10-01","Quebec","2021A000224","Work and study permit holders","Persons","249","units","0","v1566927654","6.10","52841","","","","0"
"2025-01-01","Quebec","2021A000224","Work and study permit holders","Persons","249","units","0","v1566927654","6.10","54578","","","","0"
"2025-04-01","Quebec","2021A000224","Work and study permit holders","Persons","249","units","0","v1566927654","6.10","53536","","","","0"
"2025-07-01","Quebec","2021A000224","Work and study permit holders","Persons","249","units","0","v1566927654","6.10","52027","","","","0"
"2025-10-01","Quebec","2021A000224","Work and study permit holders","Persons","249","units","0","v1566927654","6.10","48086","","","","0"
"2026-01-01","Quebec","2021A000224","Work and study permit holders","Persons","249","units","0","v1566927654","6.10","46079","","","","0"
"2026-04-01","Quebec","2021A000224","Work and study permit holders","Persons","249","units","0","v1566927654","6.10","43933","","","","0"
"2026-07-01","Quebec","2021A000224","Work and study permit holders","Persons","249","units","0","v1566927654","6.10","41001","","","","0"
"2021-07-01","Quebec","2021A000224","Other","Persons","249","units","0","v1566927655","6.11","12434","","","","0"
"2021-10-01","Quebec","2021A000224","Other","Persons","249","units","0","v1566927655","6.11","13309","","","","0"
"2022-01-01","Quebec","2021A000224","Other","Persons","249","units","0","v1566927655","6.11","12422","","","","0"
"2022-04-01","Quebec","2021A000224","Other","Persons","249","units","0","v1566927655","6.11","12755","","","","0"
"2022-07-01","Quebec","2021A000224","Other","Persons","249","units","0","v1566927655","6.11","14358","","","","0"
"2022-10-01","Quebec","2021A000224","Other","Persons","249","units","0","v1566927655","6.11","15751","","","","0"
"2023-01-01","Quebec","2021A000224","Other","Persons","249","units","0","v1566927655","6.11","15466","","","","0"
"2023-04-01","Quebec","2021A000224","Other","Persons","249","units","0","v1566927655","6.11","16099","","","","0"
"2023-07-01","Quebec","2021A000224","Other","Persons","249","units","0","v1566927655","6.11","18737","","","","0"
"2023-10-01","Quebec","2021A000224","Other","Persons","249","units","0","v1566927655","6.11","20929","","","","0"
"2024-01-01","Quebec","2021A000224","Other","Persons","249","units","0","v1566927655","6.11","21863","","","","0"
"2024-04-01","Quebec","2021A000224","Other","Persons","249","units","0","v1566927655","6.11","23347","","","","0"
"2024-07-01","Quebec","2021A000224","Other","Persons","249","units","0","v1566927655","6.11","24790","","","","0"
"2024-10-01","Quebec","2021A000224","Other","Persons","249","units","0","v1566927655","6.11","26139","","","","0"
"2025-01-01","Quebec","2021A000224","Other","Persons","249","units","0","v1566927655","6.11","24952","","","","0"
"2025-04-01","Quebec","2021A000224","Other","Persons","249","units","0","v1566927655","6.11","24646","","","","0"
"2025-07-01","Quebec","2021A000224","Other","Persons","249","units","0","v1566927655","6.11","24852","","","","0"
"2025-10-01","Quebec","2021A000224","Other","Persons","249","units","0","v1566927655","6.11","24977","","","","0"
"2026-01-01","Quebec","2021A000224","Other","Persons","249","units","0","v1566927655","6.11","23370","","","","0"
"2026-04-01","Quebec","2021A000224","Other","Persons","249","units","0","v1566927655","6.11","23046","","","","0"
"2026-07-01","Quebec","2021A000224","Other","Persons","249","units","0","v1566927655","6.11","24191","","","","0"
"2021-07-01","Ontario","2021A000235","Total, non-permanent residents","Persons","249","units","0","v1566927656","7.1","605593","","","","0"
"2021-10-01","Ontario","2021A000235","Total, non-permanent residents","Persons","249","units","0","v1566927656","7.1","648267","","","","0"
"2022-01-01","Ontario","2021A000235","Total, non-permanent residents","Persons","249","units","0","v1566927656","7.1","635206","","","","0"
"2022-04-01","Ontario","2021A000235","Total, non-permanent residents","Persons","249","units","0","v1566927656","7.1","652579","","","","0"
"2022-07-01","Ontario","2021A000235","Total, non-permanent residents","Persons","249","units","0","v1566927656","7.1","725825","","","","0"
"2022-10-01","Ontario","2021A000235","Total, non-permanent residents","Persons","249","units","0","v1566927656","7.1","829416","","","","0"
"2023-01-01","Ontario","2021A000235","Total, non-permanent residents","Persons","249","units","0","v1566927656","7.1","900526","","","","0"
"2023-04-01","Ontario","2021A000235","Total, non-permanent residents","Persons","249","units","0","v1566927656","7.1","935419","","","","0"
"2023-07-01","Ontario","2021A000235","Total, non-permanent residents","Persons","249","units","0","v1566927656","7.1","1036940","","","","0"
"2023-10-01","Ontario","2021A000235","Total, non-permanent residents","Persons","249","units","0","v1566927656","7.1","1187163","","","","0"
"2024-01-01","Ontario","2021A000235","Total, non-permanent residents","Persons","249","units","0","v1566927656","7.1","1263100","","","","0"
"2024-04-01","Ontario","2021A000235","Total, non-permanent residents","Persons","249","units","0","v1566927656","7.1","1315126","","","","0"
"2024-07-01","Ontario","2021A000235","Total, non-permanent residents","Persons","249","units","0","v1566927656","7.1","1361351","","","","0"
"2024-10-01","Ontario","2021A000235","Total, non-permanent residents","Persons","249","units","0","v1566927656","7.1","1380046","","","","0"
"2025-01-01","Ontario","2021A000235","Total, non-permanent residents","Persons","249","units","0","v1566927656","7.1","1356033","","","","0"
"2025-04-01","Ontario","2021A000235","Total, non-permanent residents","Persons","249","units","0","v1566927656","7.1","1339915","","","","0"
"2025-07-01","Ontario","2021A000235","Total, non-permanent residents","Persons","249","units","0","v1566927656","7.1","1331941","","","","0"
"2025-10-01","Ontario","2021A000235","Total, non-permanent residents","Persons","249","units","0","v1566927656","7.1","1324920","","","","0"
"2026-01-01","Ontario","2021A000235","Total, non-permanent residents","Persons","249","units","0","v1566927656","7.1","1291155","","","","0"
"2026-04-01","Ontario","2021A000235","Total, non-permanent residents","Persons","249","units","0","v1566927656","7.1","1264993","","","","0"
"2026-07-01","Ontario","2021A000235","Total, non-permanent residents","Persons","249","units","0","v1566927656","7.1","1246301","","","","0"
"2021-07-01","Ontario","2021A000235","Total, asylum claimants, protected persons and related groups","Persons","249","units","0","v1566927657","7.2","88540","","","","0"
"2021-10-01","Ontario","2021A000235","Total, asylum claimants, protected persons and related groups","Persons","249","units","0","v1566927657","7.2","85691","","","","0"
"2022-01-01","Ontario","2021A000235","Total, asylum claimants, protected persons and related groups","Persons","249","units","0","v1566927657","7.2","83776","","","","0"
"2022-04-01","Ontario","2021A000235","Total, asylum claimants, protected persons and related groups","Persons","249","units","0","v1566927657","7.2","84821","","","","0"
"2022-07-01","Ontario","2021A000235","Total, asylum claimants, protected persons and related groups","Persons","249","units","0","v1566927657","7.2","87275","","","","0"
"2022-10-01","Ontario","2021A000235","Total, asylum claimants, protected persons and related groups","Persons","249","units","0","v1566927657","7.2","90995","","","","0"
"2023-01-01","Ontario","2021A000235","Total, asylum claimants, protected persons and related groups","Persons","249","units","0","v1566927657","7.2","99464","","","","0"
"2023-04-01","Ontario","2021A000235","Total, asylum claimants, protected persons and related groups","Persons","249","units","0","v1566927657","7.2","110973","","","","0"
"2023-07-01","Ontario","2021A000235","Total, asylum claimants, protected persons and related groups","Persons","249","units","0","v1566927657","7.2","119470","","","","0"
"2023-10-01","Ontario","2021A000235","Total, asylum claimants, protected persons and related groups","Persons","249","units","0","v1566927657","7.2","133690","","","","0"
"2024-01-01","Ontario","2021A000235","Total, asylum claimants, protected persons and related groups","Persons","249","units","0","v1566927657","7.2","154536","","","","0"
"2024-04-01","Ontario","2021A000235","Total, asylum claimants, protected persons and related groups","Persons","249","units","0","v1566927657","7.2","172209","","","","0"
"2024-07-01","Ontario","2021A000235","Total, asylum claimants, protected persons and related groups","Persons","249","units","0","v1566927657","7.2","190513","","","","0"
"2024-10-01","Ontario","2021A000235","Total, asylum claimants, protected persons and related groups","Persons","249","units","0","v1566927657","7.2","207174","","","","0"
"2025-01-01","Ontario","2021A000235","Total, asylum claimants, protected persons and related groups","Persons","249","units","0","v1566927657","7.2","222623","","","","0"
"2025-04-01","Ontario","2021A000235","Total, asylum claimants, protected persons and related groups","Persons","249","units","0","v1566927657","7.2","232437","","","","0"
"2025-07-01","Ontario","2021A000235","Total, asylum claimants, protected persons and related groups","Persons","249","units","0","v1566927657","7.2","240517","","","","0"
"2025-10-01","Ontario","2021A000235","Total, asylum claimants, protected persons and related groups","Persons","249","units","0","v1566927657","7.2","249534","","","","0"
"2026-01-01","Ontario","2021A000235","Total, asylum claimants, protected persons and related groups","Persons","249","units","0","v1566927657","7.2","256361","","","","0"
"2026-04-01","Ontario","2021A000235","Total, asylum claimants, protected persons and related groups","Persons","249","units","0","v1566927657","7.2","260267","","","","0"
"2026-07-01","Ontario","2021A000235","Total, asylum claimants, protected persons and related groups","Persons","249","units","0","v1566927657","7.2","256259","","","","0"
"2021-07-01","Ontario","2021A000235","Asylum claimants, protected persons and related groups with work permit only","Persons","249","units","0","v1566927658","7.3","47568","","","","0"
"2021-10-01","Ontario","2021A000235","Asylum claimants, protected persons and related groups with work permit only","Persons","249","units","0","v1566927658","7.3","44567","","","","0"
"2022-01-01","Ontario","2021A000235","Asylum claimants, protected persons and related groups with work permit only","Persons","249","units","0","v1566927658","7.3","37142","","","","0"
"2022-04-01","Ontario","2021A000235","Asylum claimants, protected persons and related groups with work permit only","Persons","249","units","0","v1566927658","7.3","33382","","","","0"
"2022-07-01","Ontario","2021A000235","Asylum claimants, protected persons and related groups with work permit only","Persons","249","units","0","v1566927658","7.3","37397","","","","0"
"2022-10-01","Ontario","2021A000235","Asylum claimants, protected persons and related groups with work permit only","Persons","249","units","0","v1566927658","7.3","43908","","","","0"
"2023-01-01","Ontario","2021A000235","Asylum claimants, protected persons and related groups with work permit only","Persons","249","units","0","v1566927658","7.3","51087","","","","0"
"2023-04-01","Ontario","2021A000235","Asylum claimants, protected persons and related groups with work permit only","Persons","249","units","0","v1566927658","7.3","56980","","","","0"
"2023-07-01","Ontario","2021A000235","Asylum claimants, protected persons and related groups with work permit only","Persons","249","units","0","v1566927658","7.3","64312","","","","0"
"2023-10-01","Ontario","2021A000235","Asylum claimants, protected persons and related groups with work permit only","Persons","249","units","0","v1566927658","7.3","73116","","","","0"
"2024-01-01","Ontario","2021A000235","Asylum claimants, protected persons and related groups with work permit only","Persons","249","units","0","v1566927658","7.3","82985","","","","0"
"2024-04-01","Ontario","2021A000235","Asylum claimants, protected persons and related groups with work permit only","Persons","249","units","0","v1566927658","7.3","98396","","","","0"
"2024-07-01","Ontario","2021A000235","Asylum claimants, protected persons and related groups with work permit only","Persons","249","units","0","v1566927658","7.3","113526","","","","0"
"2024-10-01","Ontario","2021A000235","Asylum claimants, protected persons and related groups with work permit only","Persons","249","units","0","v1566927658","7.3","130952","","","","0"
"2025-01-01","Ontario","2021A000235","Asylum claimants, protected persons and related groups with work permit only","Persons","249","units","0","v1566927658","7.3","144743","","","","0"
"2025-04-01","Ontario","2021A000235","Asylum claimants, protected persons and related groups with work permit only","Persons","249","units","0","v1566927658","7.3","153467","","","","0"
"2025-07-01","Ontario","2021A000235","Asylum claimants, protected persons and related groups with work permit only","Persons","249","units","0","v1566927658","7.3","160784","","","","0"
"2025-10-01","Ontario","2021A000235","Asylum claimants, protected persons and related groups with work permit only","Persons","249","units","0","v1566927658","7.3","167689","","","","0"
"2026-01-01","Ontario","2021A000235","Asylum claimants, protected persons and related groups with work permit only","Persons","249","units","0","v1566927658","7.3","176682","","","","0"
"2026-04-01","Ontario","2021A000235","Asylum claimants, protected persons and related groups with work permit only","Persons","249","units","0","v1566927658","7.3","181254","","","","0"
"2026-07-01","Ontario","2021A000235","Asylum claimants, protected persons and related groups with work permit only","Persons","249","units","0","v1566927658","7.3","172757","","","","0"
"2021-07-01","Ontario","2021A000235","Asylum claimants, protected persons and related groups with study permit only","Persons","249","units","0","v1566927659","7.4","828","","","","0"
"2021-10-01","Ontario","2021A000235","Asylum claimants, protected persons and related groups with study permit only","Persons","249","units","0","v1566927659","7.4","706","","","","0"
"2022-01-01","Ontario","2021A000235","Asylum claimants, protected persons and related groups with study permit only","Persons","249","units","0","v1566927659","7.4","835","","","","0"
"2022-04-01","Ontario","2021A000235","Asylum claimants, protected persons and related groups with study permit only","Persons","249","units","0","v1566927659","7.4","1109","","","","0"
"2022-07-01","Ontario","2021A000235","Asylum claimants, protected persons and related groups with study permit only","Persons","249","units","0","v1566927659","7.4","968","","","","0"
"2022-10-01","Ontario","2021A000235","Asylum claimants, protected persons and related groups with study permit only","Persons","249","units","0","v1566927659","7.4","755","","","","0"
"2023-01-01","Ontario","2021A000235","Asylum claimants, protected persons and related groups with study permit only","Persons","249","units","0","v1566927659","7.4","880","","","","0"
"2023-04-01","Ontario","2021A000235","Asylum claimants, protected persons and related groups with study permit only","Persons","249","units","0","v1566927659","7.4","1066","","","","0"
"2023-07-01","Ontario","2021A000235","Asylum claimants, protected persons and related groups with study permit only","Persons","249","units","0","v1566927659","7.4","1063","","","","0"
"2023-10-01","Ontario","2021A000235","Asylum claimants, protected persons and related groups with study permit only","Persons","249","units","0","v1566927659","7.4","1242","","","","0"
"2024-01-01","Ontario","2021A000235","Asylum claimants, protected persons and related groups with study permit only","Persons","249","units","0","v1566927659","7.4","1768","","","","0"
"2024-04-01","Ontario","2021A000235","Asylum claimants, protected persons and related groups with study permit only","Persons","249","units","0","v1566927659","7.4","1947","","","","0"
"2024-07-01","Ontario","2021A000235","Asylum claimants, protected persons and related groups with study permit only","Persons","249","units","0","v1566927659","7.4","1694","","","","0"
"2024-10-01","Ontario","2021A000235","Asylum claimants, protected persons and related groups with study permit only","Persons","249","units","0","v1566927659","7.4","1412","","","","0"
"2025-01-01","Ontario","2021A000235","Asylum claimants, protected persons and related groups with study permit only","Persons","249","units","0","v1566927659","7.4","1334","","","","0"
"2025-04-01","Ontario","2021A000235","Asylum claimants, protected persons and related groups with study permit only","Persons","249","units","0","v1566927659","7.4","1365","","","","0"
"2025-07-01","Ontario","2021A000235","Asylum claimants, protected persons and related groups with study permit only","Persons","249","units","0","v1566927659","7.4","1496","","","","0"
"2025-10-01","Ontario","2021A000235","Asylum claimants, protected persons and related groups with study permit only","Persons","249","units","0","v1566927659","7.4","1348","","","","0"
"2026-01-01","Ontario","2021A000235","Asylum claimants, protected persons and related groups with study permit only","Persons","249","units","0","v1566927659","7.4","1362","","","","0"
"2026-04-01","Ontario","2021A000235","Asylum claimants, protected persons and related groups with study permit only","Persons","249","units","0","v1566927659","7.4","1356","","","","0"
"2026-07-01","Ontario","2021A000235","Asylum claimants, protected persons and related groups with study permit only","Persons","249","units","0","v1566927659","7.4","1455","","","","0"
"2021-07-01","Ontario","2021A000235","Asylum claimants, protected persons and related groups with work and study permits","Persons","249","units","0","v1566927660","7.5","2500","","","","0"
"2021-10-01","Ontario","2021A000235","Asylum claimants, protected persons and related groups with work and study permits","Persons","249","units","0","v1566927660","7.5","1941","","","","0"
"2022-01-01","Ontario","2021A000235","Asylum claimants, protected persons and related groups with work and study permits","Persons","249","units","0","v1566927660","7.5","1832","","","","0"
"2022-04-01","Ontario","2021A000235","Asylum claimants, protected persons and related groups with work and study permits","Persons","249","units","0","v1566927660","7.5","1729","","","","0"
"2022-07-01","Ontario","2021A000235","Asylum claimants, protected persons and related groups with work and study permits","Persons","249","units","0","v1566927660","7.5","2080","","","","0"
"2022-10-01","Ontario","2021A000235","Asylum claimants, protected persons and related groups with work and study permits","Persons","249","units","0","v1566927660","7.5","2191","","","","0"
"2023-01-01","Ontario","2021A000235","Asylum claimants, protected persons and related groups with work and study permits","Persons","249","units","0","v1566927660","7.5","2608","","","","0"
"2023-04-01","Ontario","2021A000235","Asylum claimants, protected persons and related groups with work and study permits","Persons","249","units","0","v1566927660","7.5","3193","","","","0"
"2023-07-01","Ontario","2021A000235","Asylum claimants, protected persons and related groups with work and study permits","Persons","249","units","0","v1566927660","7.5","3984","","","","0"
"2023-10-01","Ontario","2021A000235","Asylum claimants, protected persons and related groups with work and study permits","Persons","249","units","0","v1566927660","7.5","4325","","","","0"
"2024-01-01","Ontario","2021A000235","Asylum claimants, protected persons and related groups with work and study permits","Persons","249","units","0","v1566927660","7.5","5088","","","","0"
"2024-04-01","Ontario","2021A000235","Asylum claimants, protected persons and related groups with work and study permits","Persons","249","units","0","v1566927660","7.5","6670","","","","0"
"2024-07-01","Ontario","2021A000235","Asylum claimants, protected persons and related groups with work and study permits","Persons","249","units","0","v1566927660","7.5","8323","","","","0"
"2024-10-01","Ontario","2021A000235","Asylum claimants, protected persons and related groups with work and study permits","Persons","249","units","0","v1566927660","7.5","8882","","","","0"
"2025-01-01","Ontario","2021A000235","Asylum claimants, protected persons and related groups with work and study permits","Persons","249","units","0","v1566927660","7.5","10128","","","","0"
"2025-04-01","Ontario","2021A000235","Asylum claimants, protected persons and related groups with work and study permits","Persons","249","units","0","v1566927660","7.5","11213","","","","0"
"2025-07-01","Ontario","2021A000235","Asylum claimants, protected persons and related groups with work and study permits","Persons","249","units","0","v1566927660","7.5","11654","","","","0"
"2025-10-01","Ontario","2021A000235","Asylum claimants, protected persons and related groups with work and study permits","Persons","249","units","0","v1566927660","7.5","11177","","","","0"
"2026-01-01","Ontario","2021A000235","Asylum claimants, protected persons and related groups with work and study permits","Persons","249","units","0","v1566927660","7.5","11162","","","","0"
"2026-04-01","Ontario","2021A000235","Asylum claimants, protected persons and related groups with work and study permits","Persons","249","units","0","v1566927660","7.5","11572","","","","0"
"2026-07-01","Ontario","2021A000235","Asylum claimants, protected persons and related groups with work and study permits","Persons","249","units","0","v1566927660","7.5","10906","","","","0"
"2021-07-01","Ontario","2021A000235","Asylum claimants, protected persons and related groups without work or study permits","Persons","249","units","0","v1566927661","7.6","37644","","","","0"
"2021-10-01","Ontario","2021A000235","Asylum claimants, protected persons and related groups without work or study permits","Persons","249","units","0","v1566927661","7.6","38477","","","","0"
"2022-01-01","Ontario","2021A000235","Asylum claimants, protected persons and related groups without work or study permits","Persons","249","units","0","v1566927661","7.6","43967","","","","0"
"2022-04-01","Ontario","2021A000235","Asylum claimants, protected persons and related groups without work or study permits","Persons","249","units","0","v1566927661","7.6","48601","","","","0"
"2022-07-01","Ontario","2021A000235","Asylum claimants, protected persons and related groups without work or study permits","Persons","249","units","0","v1566927661","7.6","46830","","","","0"
"2022-10-01","Ontario","2021A000235","Asylum claimants, protected persons and related groups without work or study permits","Persons","249","units","0","v1566927661","7.6","44141","","","","0"
"2023-01-01","Ontario","2021A000235","Asylum claimants, protected persons and related groups without work or study permits","Persons","249","units","0","v1566927661","7.6","44889","","","","0"
"2023-04-01","Ontario","2021A000235","Asylum claimants, protected persons and related groups without work or study permits","Persons","249","units","0","v1566927661","7.6","49734","","","","0"
"2023-07-01","Ontario","2021A000235","Asylum claimants, protected persons and related groups without work or study permits","Persons","249","units","0","v1566927661","7.6","50111","","","","0"
"2023-10-01","Ontario","2021A000235","Asylum claimants, protected persons and related groups without work or study permits","Persons","249","units","0","v1566927661","7.6","55007","","","","0"
"2024-01-01","Ontario","2021A000235","Asylum claimants, protected persons and related groups without work or study permits","Persons","249","units","0","v1566927661","7.6","64695","","","","0"
"2024-04-01","Ontario","2021A000235","Asylum claimants, protected persons and related groups without work or study permits","Persons","249","units","0","v1566927661","7.6","65196","","","","0"
"2024-07-01","Ontario","2021A000235","Asylum claimants, protected persons and related groups without work or study permits","Persons","249","units","0","v1566927661","7.6","66970","","","","0"
"2024-10-01","Ontario","2021A000235","Asylum claimants, protected persons and related groups without work or study permits","Persons","249","units","0","v1566927661","7.6","65928","","","","0"
"2025-01-01","Ontario","2021A000235","Asylum claimants, protected persons and related groups without work or study permits","Persons","249","units","0","v1566927661","7.6","66418","","","","0"
"2025-04-01","Ontario","2021A000235","Asylum claimants, protected persons and related groups without work or study permits","Persons","249","units","0","v1566927661","7.6","66392","","","","0"
"2025-07-01","Ontario","2021A000235","Asylum claimants, protected persons and related groups without work or study permits","Persons","249","units","0","v1566927661","7.6","66583","","","","0"
"2025-10-01","Ontario","2021A000235","Asylum claimants, protected persons and related groups without work or study permits","Persons","249","units","0","v1566927661","7.6","69320","","","","0"
"2026-01-01","Ontario","2021A000235","Asylum claimants, protected persons and related groups without work or study permits","Persons","249","units","0","v1566927661","7.6","67155","","","","0"
"2026-04-01","Ontario","2021A000235","Asylum claimants, protected persons and related groups without work or study permits","Persons","249","units","0","v1566927661","7.6","66085","","","","0"
"2026-07-01","Ontario","2021A000235","Asylum claimants, protected persons and related groups without work or study permits","Persons","249","units","0","v1566927661","7.6","71141","","","","0"
"2021-07-01","Ontario","2021A000235","Total, permit holders and their family members","Persons","249","units","0","v1566927662","7.7","517053","","","","0"
"2021-10-01","Ontario","2021A000235","Total, permit holders and their family members","Persons","249","units","0","v1566927662","7.7","562576","","","","0"
"2022-01-01","Ontario","2021A000235","Total, permit holders and their family members","Persons","249","units","0","v1566927662","7.7","551430","","","","0"
"2022-04-01","Ontario","2021A000235","Total, permit holders and their family members","Persons","249","units","0","v1566927662","7.7","567758","","","","0"
"2022-07-01","Ontario","2021A000235","Total, permit holders and their family members","Persons","249","units","0","v1566927662","7.7","638550","","","","0"
"2022-10-01","Ontario","2021A000235","Total, permit holders and their family members","Persons","249","units","0","v1566927662","7.7","738421","","","","0"
"2023-01-01","Ontario","2021A000235","Total, permit holders and their family members","Persons","249","units","0","v1566927662","7.7","801062","","","","0"
"2023-04-01","Ontario","2021A000235","Total, permit holders and their family members","Persons","249","units","0","v1566927662","7.7","824446","","","","0"
"2023-07-01","Ontario","2021A000235","Total, permit holders and their family members","Persons","249","units","0","v1566927662","7.7","917470","","","","0"
"2023-10-01","Ontario","2021A000235","Total, permit holders and their family members","Persons","249","units","0","v1566927662","7.7","1053473","","","","0"
"2024-01-01","Ontario","2021A000235","Total, permit holders and their family members","Persons","249","units","0","v1566927662","7.7","1108564","","","","0"
"2024-04-01","Ontario","2021A000235","Total, permit holders and their family members","Persons","249","units","0","v1566927662","7.7","1142917","","","","0"
"2024-07-01","Ontario","2021A000235","Total, permit holders and their family members","Persons","249","units","0","v1566927662","7.7","1170838","","","","0"
"2024-10-01","Ontario","2021A000235","Total, permit holders and their family members","Persons","249","units","0","v1566927662","7.7","1172872","","","","0"
"2025-01-01","Ontario","2021A000235","Total, permit holders and their family members","Persons","249","units","0","v1566927662","7.7","1133410","","","","0"
"2025-04-01","Ontario","2021A000235","Total, permit holders and their family members","Persons","249","units","0","v1566927662","7.7","1107478","","","","0"
"2025-07-01","Ontario","2021A000235","Total, permit holders and their family members","Persons","249","units","0","v1566927662","7.7","1091424","","","","0"
"2025-10-01","Ontario","2021A000235","Total, permit holders and their family members","Persons","249","units","0","v1566927662","7.7","1075386","","","","0"
"2026-01-01","Ontario","2021A000235","Total, permit holders and their family members","Persons","249","units","0","v1566927662","7.7","1034794","","","","0"
"2026-04-01","Ontario","2021A000235","Total, permit holders and their family members","Persons","249","units","0","v1566927662","7.7","1004726","","","","0"
"2026-07-01","Ontario","2021A000235","Total, permit holders and their family members","Persons","249","units","0","v1566927662","7.7","990042","","","","0"
"2021-07-01","Ontario","2021A000235","Work permit holders only","Persons","249","units","0","v1566927663","7.8","252755","","","","0"
"2021-10-01","Ontario","2021A000235","Work permit holders only","Persons","249","units","0","v1566927663","7.8","270412","","","","0"
"2022-01-01","Ontario","2021A000235","Work permit holders only","Persons","249","units","0","v1566927663","7.8","250252","","","","0"
"2022-04-01","Ontario","2021A000235","Work permit holders only","Persons","249","units","0","v1566927663","7.8","252059","","","","0"
"2022-07-01","Ontario","2021A000235","Work permit holders only","Persons","249","units","0","v1566927663","7.8","289148","","","","0"
"2022-10-01","Ontario","2021A000235","Work permit holders only","Persons","249","units","0","v1566927663","7.8","347676","","","","0"
"2023-01-01","Ontario","2021A000235","Work permit holders only","Persons","249","units","0","v1566927663","7.8","375614","","","","0"
"2023-04-01","Ontario","2021A000235","Work permit holders only","Persons","249","units","0","v1566927663","7.8","395694","","","","0"
"2023-07-01","Ontario","2021A000235","Work permit holders only","Persons","249","units","0","v1566927663","7.8","442101","","","","0"
"2023-10-01","Ontario","2021A000235","Work permit holders only","Persons","249","units","0","v1566927663","7.8","520544","","","","0"
"2024-01-01","Ontario","2021A000235","Work permit holders only","Persons","249","units","0","v1566927663","7.8","547951","","","","0"
"2024-04-01","Ontario","2021A000235","Work permit holders only","Persons","249","units","0","v1566927663","7.8","576681","","","","0"
"2024-07-01","Ontario","2021A000235","Work permit holders only","Persons","249","units","0","v1566927663","7.8","589717","","","","0"
"2024-10-01","Ontario","2021A000235","Work permit holders only","Persons","249","units","0","v1566927663","7.8","636054","","","","0"
"2025-01-01","Ontario","2021A000235","Work permit holders only","Persons","249","units","0","v1566927663","7.8","637321","","","","0"
"2025-04-01","Ontario","2021A000235","Work permit holders only","Persons","249","units","0","v1566927663","7.8","633670","","","","0"
"2025-07-01","Ontario","2021A000235","Work permit holders only","Persons","249","units","0","v1566927663","7.8","648188","","","","0"
"2025-10-01","Ontario","2021A000235","Work permit holders only","Persons","249","units","0","v1566927663","7.8","707495","","","","0"
"2026-01-01","Ontario","2021A000235","Work permit holders only","Persons","249","units","0","v1566927663","7.8","705413","","","","0"
"2026-04-01","Ontario","2021A000235","Work permit holders only","Persons","249","units","0","v1566927663","7.8","690590","","","","0"
"2026-07-01","Ontario","2021A000235","Work permit holders only","Persons","249","units","0","v1566927663","7.8","686382","","","","0"
"2021-07-01","Ontario","2021A000235","Study permit holders only","Persons","249","units","0","v1566927664","7.9","159395","","","","0"
"2021-10-01","Ontario","2021A000235","Study permit holders only","Persons","249","units","0","v1566927664","7.9","184414","","","","0"
"2022-01-01","Ontario","2021A000235","Study permit holders only","Persons","249","units","0","v1566927664","7.9","193241","","","","0"
"2022-04-01","Ontario","2021A000235","Study permit holders only","Persons","249","units","0","v1566927664","7.9","198672","","","","0"
"2022-07-01","Ontario","2021A000235","Study permit holders only","Persons","249","units","0","v1566927664","7.9","217567","","","","0"
"2022-10-01","Ontario","2021A000235","Study permit holders only","Persons","249","units","0","v1566927664","7.9","243065","","","","0"
"2023-01-01","Ontario","2021A000235","Study permit holders only","Persons","249","units","0","v1566927664","7.9","265725","","","","0"
"2023-04-01","Ontario","2021A000235","Study permit holders only","Persons","249","units","0","v1566927664","7.9","259292","","","","0"
"2023-07-01","Ontario","2021A000235","Study permit holders only","Persons","249","units","0","v1566927664","7.9","279452","","","","0"
"2023-10-01","Ontario","2021A000235","Study permit holders only","Persons","249","units","0","v1566927664","7.9","319074","","","","0"
"2024-01-01","Ontario","2021A000235","Study permit holders only","Persons","249","units","0","v1566927664","7.9","329407","","","","0"
"2024-04-01","Ontario","2021A000235","Study permit holders only","Persons","249","units","0","v1566927664","7.9","317057","","","","0"
"2024-07-01","Ontario","2021A000235","Study permit holders only","Persons","249","units","0","v1566927664","7.9","316244","","","","0"
"2024-10-01","Ontario","2021A000235","Study permit holders only","Persons","249","units","0","v1566927664","7.9","297568","","","","0"
"2025-01-01","Ontario","2021A000235","Study permit holders only","Persons","249","units","0","v1566927664","7.9","270321","","","","0"
"2025-04-01","Ontario","2021A000235","Study permit holders only","Persons","249","units","0","v1566927664","7.9","250571","","","","0"
"2025-07-01","Ontario","2021A000235","Study permit holders only","Persons","249","units","0","v1566927664","7.9","235607","","","","0"
"2025-10-01","Ontario","2021A000235","Study permit holders only","Persons","249","units","0","v1566927664","7.9","198070","","","","0"
"2026-01-01","Ontario","2021A000235","Study permit holders only","Persons","249","units","0","v1566927664","7.9","175589","","","","0"
"2026-04-01","Ontario","2021A000235","Study permit holders only","Persons","249","units","0","v1566927664","7.9","163966","","","","0"
"2026-07-01","Ontario","2021A000235","Study permit holders only","Persons","249","units","0","v1566927664","7.9","154270","","","","0"
"2021-07-01","Ontario","2021A000235","Work and study permit holders","Persons","249","units","0","v1566927665","7.10","86300","","","","0"
"2021-10-01","Ontario","2021A000235","Work and study permit holders","Persons","249","units","0","v1566927665","7.10","86978","","","","0"
"2022-01-01","Ontario","2021A000235","Work and study permit holders","Persons","249","units","0","v1566927665","7.10","88006","","","","0"
"2022-04-01","Ontario","2021A000235","Work and study permit holders","Persons","249","units","0","v1566927665","7.10","94394","","","","0"
"2022-07-01","Ontario","2021A000235","Work and study permit holders","Persons","249","units","0","v1566927665","7.10","106438","","","","0"
"2022-10-01","Ontario","2021A000235","Work and study permit holders","Persons","249","units","0","v1566927665","7.10","118428","","","","0"
"2023-01-01","Ontario","2021A000235","Work and study permit holders","Persons","249","units","0","v1566927665","7.10","127959","","","","0"
"2023-04-01","Ontario","2021A000235","Work and study permit holders","Persons","249","units","0","v1566927665","7.10","135955","","","","0"
"2023-07-01","Ontario","2021A000235","Work and study permit holders","Persons","249","units","0","v1566927665","7.10","158614","","","","0"
"2023-10-01","Ontario","2021A000235","Work and study permit holders","Persons","249","units","0","v1566927665","7.10","170829","","","","0"
"2024-01-01","Ontario","2021A000235","Work and study permit holders","Persons","249","units","0","v1566927665","7.10","181479","","","","0"
"2024-04-01","Ontario","2021A000235","Work and study permit holders","Persons","249","units","0","v1566927665","7.10","192431","","","","0"
"2024-07-01","Ontario","2021A000235","Work and study permit holders","Persons","249","units","0","v1566927665","7.10","207222","","","","0"
"2024-10-01","Ontario","2021A000235","Work and study permit holders","Persons","249","units","0","v1566927665","7.10","180543","","","","0"
"2025-01-01","Ontario","2021A000235","Work and study permit holders","Persons","249","units","0","v1566927665","7.10","168817","","","","0"
"2025-04-01","Ontario","2021A000235","Work and study permit holders","Persons","249","units","0","v1566927665","7.10","166621","","","","0"
"2025-07-01","Ontario","2021A000235","Work and study permit holders","Persons","249","units","0","v1566927665","7.10","153256","","","","0"
"2025-10-01","Ontario","2021A000235","Work and study permit holders","Persons","249","units","0","v1566927665","7.10","114523","","","","0"
"2026-01-01","Ontario","2021A000235","Work and study permit holders","Persons","249","units","0","v1566927665","7.10","99870","","","","0"
"2026-04-01","Ontario","2021A000235","Work and study permit holders","Persons","249","units","0","v1566927665","7.10","98717","","","","0"
"2026-07-01","Ontario","2021A000235","Work and study permit holders","Persons","249","units","0","v1566927665","7.10","97435","","","","0"
"2021-07-01","Ontario","2021A000235","Other","Persons","249","units","0","v1566927666","7.11","18603","","","","0"
"2021-10-01","Ontario","2021A000235","Other","Persons","249","units","0","v1566927666","7.11","20772","","","","0"
"2022-01-01","Ontario","2021A000235","Other","Persons","249","units","0","v1566927666","7.11","19931","","","","0"
"2022-04-01","Ontario","2021A000235","Other","Persons","249","units","0","v1566927666","7.11","22633","","","","0"
"2022-07-01","Ontario","2021A000235","Other","Persons","249","units","0","v1566927666","7.11","25397","","","","0"
"2022-10-01","Ontario","2021A000235","Other","Persons","249","units","0","v1566927666","7.11","29252","","","","0"
"2023-01-01","Ontario","2021A000235","Other","Persons","249","units","0","v1566927666","7.11","31764","","","","0"
"2023-04-01","Ontario","2021A000235","Other","Persons","249","units","0","v1566927666","7.11","33505","","","","0"
"2023-07-01","Ontario","2021A000235","Other","Persons","249","units","0","v1566927666","7.11","37303","","","","0"
"2023-10-01","Ontario","2021A000235","Other","Persons","249","units","0","v1566927666","7.11","43026","","","","0"
"2024-01-01","Ontario","2021A000235","Other","Persons","249","units","0","v1566927666","7.11","49727","","","","0"
"2024-04-01","Ontario","2021A000235","Other","Persons","249","units","0","v1566927666","7.11","56748","","","","0"
"2024-07-01","Ontario","2021A000235","Other","Persons","249","units","0","v1566927666","7.11","57655","","","","0"
"2024-10-01","Ontario","2021A000235","Other","Persons","249","units","0","v1566927666","7.11","58707","","","","0"
"2025-01-01","Ontario","2021A000235","Other","Persons","249","units","0","v1566927666","7.11","56951","","","","0"
"2025-04-01","Ontario","2021A000235","Other","Persons","249","units","0","v1566927666","7.11","56616","","","","0"
"2025-07-01","Ontario","2021A000235","Other","Persons","249","units","0","v1566927666","7.11","54373","","","","0"
"2025-10-01","Ontario","2021A000235","Other","Persons","249","units","0","v1566927666","7.11","55298","","","","0"
"2026-01-01","Ontario","2021A000235","Other","Persons","249","units","0","v1566927666","7.11","53922","","","","0"
"2026-04-01","Ontario","2021A000235","Other","Persons","249","units","0","v1566927666","7.11","51453","","","","0"
"2026-07-01","Ontario","2021A000235","Other","Persons","249","units","0","v1566927666","7.11","51955","","","","0"
"2021-07-01","Manitoba","2021A000246","Total, non-permanent residents","Persons","249","units","0","v1566927667","8.1","39079","","","","0"
"2021-10-01","Manitoba","2021A000246","Total, non-permanent residents","Persons","249","units","0","v1566927667","8.1","40606","","","","0"
"2022-01-01","Manitoba","2021A000246","Total, non-permanent residents","Persons","249","units","0","v1566927667","8.1","40244","","","","0"
"2022-04-01","Manitoba","2021A000246","Total, non-permanent residents","Persons","249","units","0","v1566927667","8.1","40573","","","","0"
"2022-07-01","Manitoba","2021A000246","Total, non-permanent residents","Persons","249","units","0","v1566927667","8.1","45581","","","","0"
"2022-10-01","Manitoba","2021A000246","Total, non-permanent residents","Persons","249","units","0","v1566927667","8.1","51677","","","","0"
"2023-01-01","Manitoba","2021A000246","Total, non-permanent residents","Persons","249","units","0","v1566927667","8.1","57567","","","","0"
"2023-04-01","Manitoba","2021A000246","Total, non-permanent residents","Persons","249","units","0","v1566927667","8.1","60943","","","","0"
"2023-07-01","Manitoba","2021A000246","Total, non-permanent residents","Persons","249","units","0","v1566927667","8.1","67475","","","","0"
"2023-10-01","Manitoba","2021A000246","Total, non-permanent residents","Persons","249","units","0","v1566927667","8.1","73748","","","","0"
"2024-01-01","Manitoba","2021A000246","Total, non-permanent residents","Persons","249","units","0","v1566927667","8.1","78644","","","","0"
"2024-04-01","Manitoba","2021A000246","Total, non-permanent residents","Persons","249","units","0","v1566927667","8.1","84998","","","","0"
"2024-07-01","Manitoba","2021A000246","Total, non-permanent residents","Persons","249","units","0","v1566927667","8.1","86460","","","","0"
"2024-10-01","Manitoba","2021A000246","Total, non-permanent residents","Persons","249","units","0","v1566927667","8.1","87967","","","","0"
"2025-01-01","Manitoba","2021A000246","Total, non-permanent residents","Persons","249","units","0","v1566927667","8.1","88460","","","","0"
"2025-04-01","Manitoba","2021A000246","Total, non-permanent residents","Persons","249","units","0","v1566927667","8.1","87259","","","","0"
"2025-07-01","Manitoba","2021A000246","Total, non-permanent residents","Persons","249","units","0","v1566927667","8.1","87246","","","","0"
"2025-10-01","Manitoba","2021A000246","Total, non-permanent residents","Persons","249","units","0","v1566927667","8.1","87524","","","","0"
"2026-01-01","Manitoba","2021A000246","Total, non-permanent residents","Persons","249","units","0","v1566927667","8.1","86029","","","","0"
"2026-04-01","Manitoba","2021A000246","Total, non-permanent residents","Persons","249","units","0","v1566927667","8.1","81343","","","","0"
"2026-07-01","Manitoba","2021A000246","Total, non-permanent residents","Persons","249","units","0","v1566927667","8.1","80432","","","","0"
"2021-07-01","Manitoba","2021A000246","Total, asylum claimants, protected persons and related groups","Persons","249","units","0","v1566927668","8.2","1148","","","","0"
"2021-10-01","Manitoba","2021A000246","Total, asylum claimants, protected persons and related groups","Persons","249","units","0","v1566927668","8.2","1048","","","","0"
"2022-01-01","Manitoba","2021A000246","Total, asylum claimants, protected persons and related groups","Persons","249","units","0","v1566927668","8.2","966","","","","0"
"2022-04-01","Manitoba","2021A000246","Total, asylum claimants, protected persons and related groups","Persons","249","units","0","v1566927668","8.2","925","","","","0"
"2022-07-01","Manitoba","2021A000246","Total, asylum claimants, protected persons and related groups","Persons","249","units","0","v1566927668","8.2","947","","","","0"
"2022-10-01","Manitoba","2021A000246","Total, asylum claimants, protected persons and related groups","Persons","249","units","0","v1566927668","8.2","977","","","","0"
"2023-01-01","Manitoba","2021A000246","Total, asylum claimants, protected persons and related groups","Persons","249","units","0","v1566927668","8.2","1064","","","","0"
"2023-04-01","Manitoba","2021A000246","Total, asylum claimants, protected persons and related groups","Persons","249","units","0","v1566927668","8.2","1081","","","","0"
"2023-07-01","Manitoba","2021A000246","Total, asylum claimants, protected persons and related groups","Persons","249","units","0","v1566927668","8.2","1144","","","","0"
"2023-10-01","Manitoba","2021A000246","Total, asylum claimants, protected persons and related groups","Persons","249","units","0","v1566927668","8.2","1366","","","","0"
"2024-01-01","Manitoba","2021A000246","Total, asylum claimants, protected persons and related groups","Persons","249","units","0","v1566927668","8.2","1763","","","","0"
"2024-04-01","Manitoba","2021A000246","Total, asylum claimants, protected persons and related groups","Persons","249","units","0","v1566927668","8.2","2212","","","","0"
"2024-07-01","Manitoba","2021A000246","Total, asylum claimants, protected persons and related groups","Persons","249","units","0","v1566927668","8.2","2605","","","","0"
"2024-10-01","Manitoba","2021A000246","Total, asylum claimants, protected persons and related groups","Persons","249","units","0","v1566927668","8.2","3163","","","","0"
"2025-01-01","Manitoba","2021A000246","Total, asylum claimants, protected persons and related groups","Persons","249","units","0","v1566927668","8.2","3759","","","","0"
"2025-04-01","Manitoba","2021A000246","Total, asylum claimants, protected persons and related groups","Persons","249","units","0","v1566927668","8.2","4147","","","","0"
"2025-07-01","Manitoba","2021A000246","Total, asylum claimants, protected persons and related groups","Persons","249","units","0","v1566927668","8.2","4487","","","","0"
"2025-10-01","Manitoba","2021A000246","Total, asylum claimants, protected persons and related groups","Persons","249","units","0","v1566927668","8.2","4869","","","","0"
"2026-01-01","Manitoba","2021A000246","Total, asylum claimants, protected persons and related groups","Persons","249","units","0","v1566927668","8.2","5296","","","","0"
"2026-04-01","Manitoba","2021A000246","Total, asylum claimants, protected persons and related groups","Persons","249","units","0","v1566927668","8.2","5593","","","","0"
"2026-07-01","Manitoba","2021A000246","Total, asylum claimants, protected persons and related groups","Persons","249","units","0","v1566927668","8.2","5675","","","","0"
"2021-07-01","Manitoba","2021A000246","Asylum claimants, protected persons and related groups with work permit only","Persons","249","units","0","v1566927669","8.3","707","","","","0"
"2021-10-01","Manitoba","2021A000246","Asylum claimants, protected persons and related groups with work permit only","Persons","249","units","0","v1566927669","8.3","599","","","","0"
"2022-01-01","Manitoba","2021A000246","Asylum claimants, protected persons and related groups with work permit only","Persons","249","units","0","v1566927669","8.3","542","","","","0"
"2022-04-01","Manitoba","2021A000246","Asylum claimants, protected persons and related groups with work permit only","Persons","249","units","0","v1566927669","8.3","475","","","","0"
"2022-07-01","Manitoba","2021A000246","Asylum claimants, protected persons and related groups with work permit only","Persons","249","units","0","v1566927669","8.3","477","","","","0"
"2022-10-01","Manitoba","2021A000246","Asylum claimants, protected persons and related groups with work permit only","Persons","249","units","0","v1566927669","8.3","536","","","","0"
"2023-01-01","Manitoba","2021A000246","Asylum claimants, protected persons and related groups with work permit only","Persons","249","units","0","v1566927669","8.3","612","","","","0"
"2023-04-01","Manitoba","2021A000246","Asylum claimants, protected persons and related groups with work permit only","Persons","249","units","0","v1566927669","8.3","629","","","","0"
"2023-07-01","Manitoba","2021A000246","Asylum claimants, protected persons and related groups with work permit only","Persons","249","units","0","v1566927669","8.3","658","","","","0"
"2023-10-01","Manitoba","2021A000246","Asylum claimants, protected persons and related groups with work permit only","Persons","249","units","0","v1566927669","8.3","802","","","","0"
"2024-01-01","Manitoba","2021A000246","Asylum claimants, protected persons and related groups with work permit only","Persons","249","units","0","v1566927669","8.3","1027","","","","0"
"2024-04-01","Manitoba","2021A000246","Asylum claimants, protected persons and related groups with work permit only","Persons","249","units","0","v1566927669","8.3","1405","","","","0"
"2024-07-01","Manitoba","2021A000246","Asylum claimants, protected persons and related groups with work permit only","Persons","249","units","0","v1566927669","8.3","1724","","","","0"
"2024-10-01","Manitoba","2021A000246","Asylum claimants, protected persons and related groups with work permit only","Persons","249","units","0","v1566927669","8.3","2170","","","","0"
"2025-01-01","Manitoba","2021A000246","Asylum claimants, protected persons and related groups with work permit only","Persons","249","units","0","v1566927669","8.3","2679","","","","0"
"2025-04-01","Manitoba","2021A000246","Asylum claimants, protected persons and related groups with work permit only","Persons","249","units","0","v1566927669","8.3","3082","","","","0"
"2025-07-01","Manitoba","2021A000246","Asylum claimants, protected persons and related groups with work permit only","Persons","249","units","0","v1566927669","8.3","3336","","","","0"
"2025-10-01","Manitoba","2021A000246","Asylum claimants, protected persons and related groups with work permit only","Persons","249","units","0","v1566927669","8.3","3611","","","","0"
"2026-01-01","Manitoba","2021A000246","Asylum claimants, protected persons and related groups with work permit only","Persons","249","units","0","v1566927669","8.3","3877","","","","0"
"2026-04-01","Manitoba","2021A000246","Asylum claimants, protected persons and related groups with work permit only","Persons","249","units","0","v1566927669","8.3","4161","","","","0"
"2026-07-01","Manitoba","2021A000246","Asylum claimants, protected persons and related groups with work permit only","Persons","249","units","0","v1566927669","8.3","4134","","","","0"
"2021-07-01","Manitoba","2021A000246","Asylum claimants, protected persons and related groups with study permit only","Persons","249","units","0","v1566927670","8.4","17","","","","0"
"2021-10-01","Manitoba","2021A000246","Asylum claimants, protected persons and related groups with study permit only","Persons","249","units","0","v1566927670","8.4","8","","","","0"
"2022-01-01","Manitoba","2021A000246","Asylum claimants, protected persons and related groups with study permit only","Persons","249","units","0","v1566927670","8.4","15","","","","0"
"2022-04-01","Manitoba","2021A000246","Asylum claimants, protected persons and related groups with study permit only","Persons","249","units","0","v1566927670","8.4","17","","","","0"
"2022-07-01","Manitoba","2021A000246","Asylum claimants, protected persons and related groups with study permit only","Persons","249","units","0","v1566927670","8.4","23","","","","0"
"2022-10-01","Manitoba","2021A000246","Asylum claimants, protected persons and related groups with study permit only","Persons","249","units","0","v1566927670","8.4","9","","","","0"
"2023-01-01","Manitoba","2021A000246","Asylum claimants, protected persons and related groups with study permit only","Persons","249","units","0","v1566927670","8.4","12","","","","0"
"2023-04-01","Manitoba","2021A000246","Asylum claimants, protected persons and related groups with study permit only","Persons","249","units","0","v1566927670","8.4","14","","","","0"
"2023-07-01","Manitoba","2021A000246","Asylum claimants, protected persons and related groups with study permit only","Persons","249","units","0","v1566927670","8.4","16","","","","0"
"2023-10-01","Manitoba","2021A000246","Asylum claimants, protected persons and related groups with study permit only","Persons","249","units","0","v1566927670","8.4","16","","","","0"
"2024-01-01","Manitoba","2021A000246","Asylum claimants, protected persons and related groups with study permit only","Persons","249","units","0","v1566927670","8.4","26","","","","0"
"2024-04-01","Manitoba","2021A000246","Asylum claimants, protected persons and related groups with study permit only","Persons","249","units","0","v1566927670","8.4","26","","","","0"
"2024-07-01","Manitoba","2021A000246","Asylum claimants, protected persons and related groups with study permit only","Persons","249","units","0","v1566927670","8.4","27","","","","0"
"2024-10-01","Manitoba","2021A000246","Asylum claimants, protected persons and related groups with study permit only","Persons","249","units","0","v1566927670","8.4","38","","","","0"
"2025-01-01","Manitoba","2021A000246","Asylum claimants, protected persons and related groups with study permit only","Persons","249","units","0","v1566927670","8.4","24","","","","0"
"2025-04-01","Manitoba","2021A000246","Asylum claimants, protected persons and related groups with study permit only","Persons","249","units","0","v1566927670","8.4","19","","","","0"
"2025-07-01","Manitoba","2021A000246","Asylum claimants, protected persons and related groups with study permit only","Persons","249","units","0","v1566927670","8.4","31","","","","0"
"2025-10-01","Manitoba","2021A000246","Asylum claimants, protected persons and related groups with study permit only","Persons","249","units","0","v1566927670","8.4","18","","","","0"
"2026-01-01","Manitoba","2021A000246","Asylum claimants, protected persons and related groups with study permit only","Persons","249","units","0","v1566927670","8.4","24","","","","0"
"2026-04-01","Manitoba","2021A000246","Asylum claimants, protected persons and related groups with study permit only","Persons","249","units","0","v1566927670","8.4","33","","","","0"
"2026-07-01","Manitoba","2021A000246","Asylum claimants, protected persons and related groups with study permit only","Persons","249","units","0","v1566927670","8.4","32","","","","0"
"2021-07-01","Manitoba","2021A000246","Asylum claimants, protected persons and related groups with work and study permits","Persons","249","units","0","v1566927671","8.5","28","","","","0"
"2021-10-01","Manitoba","2021A000246","Asylum claimants, protected persons and related groups with work and study permits","Persons","249","units","0","v1566927671","8.5","17","","","","0"
"2022-01-01","Manitoba","2021A000246","Asylum claimants, protected persons and related groups with work and study permits","Persons","249","units","0","v1566927671","8.5","16","","","","0"
"2022-04-01","Manitoba","2021A000246","Asylum claimants, protected persons and related groups with work and study permits","Persons","249","units","0","v1566927671","8.5","16","","","","0"
"2022-07-01","Manitoba","2021A000246","Asylum claimants, protected persons and related groups with work and study permits","Persons","249","units","0","v1566927671","8.5","18","","","","0"
"2022-10-01","Manitoba","2021A000246","Asylum claimants, protected persons and related groups with work and study permits","Persons","249","units","0","v1566927671","8.5","26","","","","0"
"2023-01-01","Manitoba","2021A000246","Asylum claimants, protected persons and related groups with work and study permits","Persons","249","units","0","v1566927671","8.5","26","","","","0"
"2023-04-01","Manitoba","2021A000246","Asylum claimants, protected persons and related groups with work and study permits","Persons","249","units","0","v1566927671","8.5","23","","","","0"
"2023-07-01","Manitoba","2021A000246","Asylum claimants, protected persons and related groups with work and study permits","Persons","249","units","0","v1566927671","8.5","26","","","","0"
"2023-10-01","Manitoba","2021A000246","Asylum claimants, protected persons and related groups with work and study permits","Persons","249","units","0","v1566927671","8.5","30","","","","0"
"2024-01-01","Manitoba","2021A000246","Asylum claimants, protected persons and related groups with work and study permits","Persons","249","units","0","v1566927671","8.5","52","","","","0"
"2024-04-01","Manitoba","2021A000246","Asylum claimants, protected persons and related groups with work and study permits","Persons","249","units","0","v1566927671","8.5","92","","","","0"
"2024-07-01","Manitoba","2021A000246","Asylum claimants, protected persons and related groups with work and study permits","Persons","249","units","0","v1566927671","8.5","122","","","","0"
"2024-10-01","Manitoba","2021A000246","Asylum claimants, protected persons and related groups with work and study permits","Persons","249","units","0","v1566927671","8.5","160","","","","0"
"2025-01-01","Manitoba","2021A000246","Asylum claimants, protected persons and related groups with work and study permits","Persons","249","units","0","v1566927671","8.5","230","","","","0"
"2025-04-01","Manitoba","2021A000246","Asylum claimants, protected persons and related groups with work and study permits","Persons","249","units","0","v1566927671","8.5","297","","","","0"
"2025-07-01","Manitoba","2021A000246","Asylum claimants, protected persons and related groups with work and study permits","Persons","249","units","0","v1566927671","8.5","331","","","","0"
"2025-10-01","Manitoba","2021A000246","Asylum claimants, protected persons and related groups with work and study permits","Persons","249","units","0","v1566927671","8.5","331","","","","0"
"2026-01-01","Manitoba","2021A000246","Asylum claimants, protected persons and related groups with work and study permits","Persons","249","units","0","v1566927671","8.5","333","","","","0"
"2026-04-01","Manitoba","2021A000246","Asylum claimants, protected persons and related groups with work and study permits","Persons","249","units","0","v1566927671","8.5","337","","","","0"
"2026-07-01","Manitoba","2021A000246","Asylum claimants, protected persons and related groups with work and study permits","Persons","249","units","0","v1566927671","8.5","317","","","","0"
"2021-07-01","Manitoba","2021A000246","Asylum claimants, protected persons and related groups without work or study permits","Persons","249","units","0","v1566927672","8.6","396","","","","0"
"2021-10-01","Manitoba","2021A000246","Asylum claimants, protected persons and related groups without work or study permits","Persons","249","units","0","v1566927672","8.6","424","","","","0"
"2022-01-01","Manitoba","2021A000246","Asylum claimants, protected persons and related groups without work or study permits","Persons","249","units","0","v1566927672","8.6","393","","","","0"
"2022-04-01","Manitoba","2021A000246","Asylum claimants, protected persons and related groups without work or study permits","Persons","249","units","0","v1566927672","8.6","417","","","","0"
"2022-07-01","Manitoba","2021A000246","Asylum claimants, protected persons and related groups without work or study permits","Persons","249","units","0","v1566927672","8.6","429","","","","0"
"2022-10-01","Manitoba","2021A000246","Asylum claimants, protected persons and related groups without work or study permits","Persons","249","units","0","v1566927672","8.6","406","","","","0"
"2023-01-01","Manitoba","2021A000246","Asylum claimants, protected persons and related groups without work or study permits","Persons","249","units","0","v1566927672","8.6","414","","","","0"
"2023-04-01","Manitoba","2021A000246","Asylum claimants, protected persons and related groups without work or study permits","Persons","249","units","0","v1566927672","8.6","415","","","","0"
"2023-07-01","Manitoba","2021A000246","Asylum claimants, protected persons and related groups without work or study permits","Persons","249","units","0","v1566927672","8.6","444","","","","0"
"2023-10-01","Manitoba","2021A000246","Asylum claimants, protected persons and related groups without work or study permits","Persons","249","units","0","v1566927672","8.6","518","","","","0"
"2024-01-01","Manitoba","2021A000246","Asylum claimants, protected persons and related groups without work or study permits","Persons","249","units","0","v1566927672","8.6","658","","","","0"
"2024-04-01","Manitoba","2021A000246","Asylum claimants, protected persons and related groups without work or study permits","Persons","249","units","0","v1566927672","8.6","689","","","","0"
"2024-07-01","Manitoba","2021A000246","Asylum claimants, protected persons and related groups without work or study permits","Persons","249","units","0","v1566927672","8.6","732","","","","0"
"2024-10-01","Manitoba","2021A000246","Asylum claimants, protected persons and related groups without work or study permits","Persons","249","units","0","v1566927672","8.6","795","","","","0"
"2025-01-01","Manitoba","2021A000246","Asylum claimants, protected persons and related groups without work or study permits","Persons","249","units","0","v1566927672","8.6","826","","","","0"
"2025-04-01","Manitoba","2021A000246","Asylum claimants, protected persons and related groups without work or study permits","Persons","249","units","0","v1566927672","8.6","749","","","","0"
"2025-07-01","Manitoba","2021A000246","Asylum claimants, protected persons and related groups without work or study permits","Persons","249","units","0","v1566927672","8.6","789","","","","0"
"2025-10-01","Manitoba","2021A000246","Asylum claimants, protected persons and related groups without work or study permits","Persons","249","units","0","v1566927672","8.6","909","","","","0"
"2026-01-01","Manitoba","2021A000246","Asylum claimants, protected persons and related groups without work or study permits","Persons","249","units","0","v1566927672","8.6","1062","","","","0"
"2026-04-01","Manitoba","2021A000246","Asylum claimants, protected persons and related groups without work or study permits","Persons","249","units","0","v1566927672","8.6","1062","","","","0"
"2026-07-01","Manitoba","2021A000246","Asylum claimants, protected persons and related groups without work or study permits","Persons","249","units","0","v1566927672","8.6","1192","","","","0"
"2021-07-01","Manitoba","2021A000246","Total, permit holders and their family members","Persons","249","units","0","v1566927673","8.7","37931","","","","0"
"2021-10-01","Manitoba","2021A000246","Total, permit holders and their family members","Persons","249","units","0","v1566927673","8.7","39558","","","","0"
"2022-01-01","Manitoba","2021A000246","Total, permit holders and their family members","Persons","249","units","0","v1566927673","8.7","39278","","","","0"
"2022-04-01","Manitoba","2021A000246","Total, permit holders and their family members","Persons","249","units","0","v1566927673","8.7","39648","","","","0"
"2022-07-01","Manitoba","2021A000246","Total, permit holders and their family members","Persons","249","units","0","v1566927673","8.7","44634","","","","0"
"2022-10-01","Manitoba","2021A000246","Total, permit holders and their family members","Persons","249","units","0","v1566927673","8.7","50700","","","","0"
"2023-01-01","Manitoba","2021A000246","Total, permit holders and their family members","Persons","249","units","0","v1566927673","8.7","56503","","","","0"
"2023-04-01","Manitoba","2021A000246","Total, permit holders and their family members","Persons","249","units","0","v1566927673","8.7","59862","","","","0"
"2023-07-01","Manitoba","2021A000246","Total, permit holders and their family members","Persons","249","units","0","v1566927673","8.7","66331","","","","0"
"2023-10-01","Manitoba","2021A000246","Total, permit holders and their family members","Persons","249","units","0","v1566927673","8.7","72382","","","","0"
"2024-01-01","Manitoba","2021A000246","Total, permit holders and their family members","Persons","249","units","0","v1566927673","8.7","76881","","","","0"
"2024-04-01","Manitoba","2021A000246","Total, permit holders and their family members","Persons","249","units","0","v1566927673","8.7","82786","","","","0"
"2024-07-01","Manitoba","2021A000246","Total, permit holders and their family members","Persons","249","units","0","v1566927673","8.7","83855","","","","0"
"2024-10-01","Manitoba","2021A000246","Total, permit holders and their family members","Persons","249","units","0","v1566927673","8.7","84804","","","","0"
"2025-01-01","Manitoba","2021A000246","Total, permit holders and their family members","Persons","249","units","0","v1566927673","8.7","84701","","","","0"
"2025-04-01","Manitoba","2021A000246","Total, permit holders and their family members","Persons","249","units","0","v1566927673","8.7","83112","","","","0"
"2025-07-01","Manitoba","2021A000246","Total, permit holders and their family members","Persons","249","units","0","v1566927673","8.7","82759","","","","0"
"2025-10-01","Manitoba","2021A000246","Total, permit holders and their family members","Persons","249","units","0","v1566927673","8.7","82655","","","","0"
"2026-01-01","Manitoba","2021A000246","Total, permit holders and their family members","Persons","249","units","0","v1566927673","8.7","80733","","","","0"
"2026-04-01","Manitoba","2021A000246","Total, permit holders and their family members","Persons","249","units","0","v1566927673","8.7","75750","","","","0"
"2026-07-01","Manitoba","2021A000246","Total, permit holders and their family members","Persons","249","units","0","v1566927673","8.7","74757","","","","0"
"2021-07-01","Manitoba","2021A000246","Work permit holders only","Persons","249","units","0","v1566927674","8.8","19138","","","","0"
"2021-10-01","Manitoba","2021A000246","Work permit holders only","Persons","249","units","0","v1566927674","8.8","19928","","","","0"
"2022-01-01","Manitoba","2021A000246","Work permit holders only","Persons","249","units","0","v1566927674","8.8","19190","","","","0"
"2022-04-01","Manitoba","2021A000246","Work permit holders only","Persons","249","units","0","v1566927674","8.8","19333","","","","0"
"2022-07-01","Manitoba","2021A000246","Work permit holders only","Persons","249","units","0","v1566927674","8.8","22833","","","","0"
"2022-10-01","Manitoba","2021A000246","Work permit holders only","Persons","249","units","0","v1566927674","8.8","27505","","","","0"
"2023-01-01","Manitoba","2021A000246","Work permit holders only","Persons","249","units","0","v1566927674","8.8","31423","","","","0"
"2023-04-01","Manitoba","2021A000246","Work permit holders only","Persons","249","units","0","v1566927674","8.8","34033","","","","0"
"2023-07-01","Manitoba","2021A000246","Work permit holders only","Persons","249","units","0","v1566927674","8.8","38083","","","","0"
"2023-10-01","Manitoba","2021A000246","Work permit holders only","Persons","249","units","0","v1566927674","8.8","41566","","","","0"
"2024-01-01","Manitoba","2021A000246","Work permit holders only","Persons","249","units","0","v1566927674","8.8","43304","","","","0"
"2024-04-01","Manitoba","2021A000246","Work permit holders only","Persons","249","units","0","v1566927674","8.8","47308","","","","0"
"2024-07-01","Manitoba","2021A000246","Work permit holders only","Persons","249","units","0","v1566927674","8.8","47312","","","","0"
"2024-10-01","Manitoba","2021A000246","Work permit holders only","Persons","249","units","0","v1566927674","8.8","49006","","","","0"
"2025-01-01","Manitoba","2021A000246","Work permit holders only","Persons","249","units","0","v1566927674","8.8","49513","","","","0"
"2025-04-01","Manitoba","2021A000246","Work permit holders only","Persons","249","units","0","v1566927674","8.8","48601","","","","0"
"2025-07-01","Manitoba","2021A000246","Work permit holders only","Persons","249","units","0","v1566927674","8.8","49496","","","","0"
"2025-10-01","Manitoba","2021A000246","Work permit holders only","Persons","249","units","0","v1566927674","8.8","52279","","","","0"
"2026-01-01","Manitoba","2021A000246","Work permit holders only","Persons","249","units","0","v1566927674","8.8","51584","","","","0"
"2026-04-01","Manitoba","2021A000246","Work permit holders only","Persons","249","units","0","v1566927674","8.8","48003","","","","0"
"2026-07-01","Manitoba","2021A000246","Work permit holders only","Persons","249","units","0","v1566927674","8.8","47099","","","","0"
"2021-07-01","Manitoba","2021A000246","Study permit holders only","Persons","249","units","0","v1566927675","8.9","12737","","","","0"
"2021-10-01","Manitoba","2021A000246","Study permit holders only","Persons","249","units","0","v1566927675","8.9","13730","","","","0"
"2022-01-01","Manitoba","2021A000246","Study permit holders only","Persons","249","units","0","v1566927675","8.9","14208","","","","0"
"2022-04-01","Manitoba","2021A000246","Study permit holders only","Persons","249","units","0","v1566927675","8.9","14246","","","","0"
"2022-07-01","Manitoba","2021A000246","Study permit holders only","Persons","249","units","0","v1566927675","8.9","15183","","","","0"
"2022-10-01","Manitoba","2021A000246","Study permit holders only","Persons","249","units","0","v1566927675","8.9","16157","","","","0"
"2023-01-01","Manitoba","2021A000246","Study permit holders only","Persons","249","units","0","v1566927675","8.9","17032","","","","0"
"2023-04-01","Manitoba","2021A000246","Study permit holders only","Persons","249","units","0","v1566927675","8.9","16696","","","","0"
"2023-07-01","Manitoba","2021A000246","Study permit holders only","Persons","249","units","0","v1566927675","8.9","18023","","","","0"
"2023-10-01","Manitoba","2021A000246","Study permit holders only","Persons","249","units","0","v1566927675","8.9","19853","","","","0"
"2024-01-01","Manitoba","2021A000246","Study permit holders only","Persons","249","units","0","v1566927675","8.9","20109","","","","0"
"2024-04-01","Manitoba","2021A000246","Study permit holders only","Persons","249","units","0","v1566927675","8.9","19785","","","","0"
"2024-07-01","Manitoba","2021A000246","Study permit holders only","Persons","249","units","0","v1566927675","8.9","20201","","","","0"
"2024-10-01","Manitoba","2021A000246","Study permit holders only","Persons","249","units","0","v1566927675","8.9","20309","","","","0"
"2025-01-01","Manitoba","2021A000246","Study permit holders only","Persons","249","units","0","v1566927675","8.9","19856","","","","0"
"2025-04-01","Manitoba","2021A000246","Study permit holders only","Persons","249","units","0","v1566927675","8.9","19034","","","","0"
"2025-07-01","Manitoba","2021A000246","Study permit holders only","Persons","249","units","0","v1566927675","8.9","18756","","","","0"
"2025-10-01","Manitoba","2021A000246","Study permit holders only","Persons","249","units","0","v1566927675","8.9","17902","","","","0"
"2026-01-01","Manitoba","2021A000246","Study permit holders only","Persons","249","units","0","v1566927675","8.9","17175","","","","0"
"2026-04-01","Manitoba","2021A000246","Study permit holders only","Persons","249","units","0","v1566927675","8.9","16114","","","","0"
"2026-07-01","Manitoba","2021A000246","Study permit holders only","Persons","249","units","0","v1566927675","8.9","15615","","","","0"
"2021-07-01","Manitoba","2021A000246","Work and study permit holders","Persons","249","units","0","v1566927676","8.10","4914","","","","0"
"2021-10-01","Manitoba","2021A000246","Work and study permit holders","Persons","249","units","0","v1566927676","8.10","4702","","","","0"
"2022-01-01","Manitoba","2021A000246","Work and study permit holders","Persons","249","units","0","v1566927676","8.10","4705","","","","0"
"2022-04-01","Manitoba","2021A000246","Work and study permit holders","Persons","249","units","0","v1566927676","8.10","4661","","","","0"
"2022-07-01","Manitoba","2021A000246","Work and study permit holders","Persons","249","units","0","v1566927676","8.10","4881","","","","0"
"2022-10-01","Manitoba","2021A000246","Work and study permit holders","Persons","249","units","0","v1566927676","8.10","4787","","","","0"
"2023-01-01","Manitoba","2021A000246","Work and study permit holders","Persons","249","units","0","v1566927676","8.10","5343","","","","0"
"2023-04-01","Manitoba","2021A000246","Work and study permit holders","Persons","249","units","0","v1566927676","8.10","5930","","","","0"
"2023-07-01","Manitoba","2021A000246","Work and study permit holders","Persons","249","units","0","v1566927676","8.10","6663","","","","0"
"2023-10-01","Manitoba","2021A000246","Work and study permit holders","Persons","249","units","0","v1566927676","8.10","7067","","","","0"
"2024-01-01","Manitoba","2021A000246","Work and study permit holders","Persons","249","units","0","v1566927676","8.10","8198","","","","0"
"2024-04-01","Manitoba","2021A000246","Work and study permit holders","Persons","249","units","0","v1566927676","8.10","8981","","","","0"
"2024-07-01","Manitoba","2021A000246","Work and study permit holders","Persons","249","units","0","v1566927676","8.10","9566","","","","0"
"2024-10-01","Manitoba","2021A000246","Work and study permit holders","Persons","249","units","0","v1566927676","8.10","8759","","","","0"
"2025-01-01","Manitoba","2021A000246","Work and study permit holders","Persons","249","units","0","v1566927676","8.10","8803","","","","0"
"2025-04-01","Manitoba","2021A000246","Work and study permit holders","Persons","249","units","0","v1566927676","8.10","8828","","","","0"
"2025-07-01","Manitoba","2021A000246","Work and study permit holders","Persons","249","units","0","v1566927676","8.10","8313","","","","0"
"2025-10-01","Manitoba","2021A000246","Work and study permit holders","Persons","249","units","0","v1566927676","8.10","6430","","","","0"
"2026-01-01","Manitoba","2021A000246","Work and study permit holders","Persons","249","units","0","v1566927676","8.10","6150","","","","0"
"2026-04-01","Manitoba","2021A000246","Work and study permit holders","Persons","249","units","0","v1566927676","8.10","6285","","","","0"
"2026-07-01","Manitoba","2021A000246","Work and study permit holders","Persons","249","units","0","v1566927676","8.10","6425","","","","0"
"2021-07-01","Manitoba","2021A000246","Other","Persons","249","units","0","v1566927677","8.11","1142","","","","0"
"2021-10-01","Manitoba","2021A000246","Other","Persons","249","units","0","v1566927677","8.11","1198","","","","0"
"2022-01-01","Manitoba","2021A000246","Other","Persons","249","units","0","v1566927677","8.11","1175","","","","0"
"2022-04-01","Manitoba","2021A000246","Other","Persons","249","units","0","v1566927677","8.11","1408","","","","0"
"2022-07-01","Manitoba","2021A000246","Other","Persons","249","units","0","v1566927677","8.11","1737","","","","0"
"2022-10-01","Manitoba","2021A000246","Other","Persons","249","units","0","v1566927677","8.11","2251","","","","0"
"2023-01-01","Manitoba","2021A000246","Other","Persons","249","units","0","v1566927677","8.11","2705","","","","0"
"2023-04-01","Manitoba","2021A000246","Other","Persons","249","units","0","v1566927677","8.11","3203","","","","0"
"2023-07-01","Manitoba","2021A000246","Other","Persons","249","units","0","v1566927677","8.11","3562","","","","0"
"2023-10-01","Manitoba","2021A000246","Other","Persons","249","units","0","v1566927677","8.11","3896","","","","0"
"2024-01-01","Manitoba","2021A000246","Other","Persons","249","units","0","v1566927677","8.11","5270","","","","0"
"2024-04-01","Manitoba","2021A000246","Other","Persons","249","units","0","v1566927677","8.11","6712","","","","0"
"2024-07-01","Manitoba","2021A000246","Other","Persons","249","units","0","v1566927677","8.11","6776","","","","0"
"2024-10-01","Manitoba","2021A000246","Other","Persons","249","units","0","v1566927677","8.11","6730","","","","0"
"2025-01-01","Manitoba","2021A000246","Other","Persons","249","units","0","v1566927677","8.11","6529","","","","0"
"2025-04-01","Manitoba","2021A000246","Other","Persons","249","units","0","v1566927677","8.11","6649","","","","0"
"2025-07-01","Manitoba","2021A000246","Other","Persons","249","units","0","v1566927677","8.11","6194","","","","0"
"2025-10-01","Manitoba","2021A000246","Other","Persons","249","units","0","v1566927677","8.11","6044","","","","0"
"2026-01-01","Manitoba","2021A000246","Other","Persons","249","units","0","v1566927677","8.11","5824","","","","0"
"2026-04-01","Manitoba","2021A000246","Other","Persons","249","units","0","v1566927677","8.11","5348","","","","0"
"2026-07-01","Manitoba","2021A000246","Other","Persons","249","units","0","v1566927677","8.11","5618","","","","0"
"2021-07-01","Saskatchewan","2021A000247","Total, non-permanent residents","Persons","249","units","0","v1566927678","9.1","18840","","","","0"
"2021-10-01","Saskatchewan","2021A000247","Total, non-permanent residents","Persons","249","units","0","v1566927678","9.1","19858","","","","0"
"2022-01-01","Saskatchewan","2021A000247","Total, non-permanent residents","Persons","249","units","0","v1566927678","9.1","19738","","","","0"
"2022-04-01","Saskatchewan","2021A000247","Total, non-permanent residents","Persons","249","units","0","v1566927678","9.1","19649","","","","0"
"2022-07-01","Saskatchewan","2021A000247","Total, non-permanent residents","Persons","249","units","0","v1566927678","9.1","21604","","","","0"
"2022-10-01","Saskatchewan","2021A000247","Total, non-permanent residents","Persons","249","units","0","v1566927678","9.1","24850","","","","0"
"2023-01-01","Saskatchewan","2021A000247","Total, non-permanent residents","Persons","249","units","0","v1566927678","9.1","27946","","","","0"
"2023-04-01","Saskatchewan","2021A000247","Total, non-permanent residents","Persons","249","units","0","v1566927678","9.1","28189","","","","0"
"2023-07-01","Saskatchewan","2021A000247","Total, non-permanent residents","Persons","249","units","0","v1566927678","9.1","31466","","","","0"
"2023-10-01","Saskatchewan","2021A000247","Total, non-permanent residents","Persons","249","units","0","v1566927678","9.1","37585","","","","0"
"2024-01-01","Saskatchewan","2021A000247","Total, non-permanent residents","Persons","249","units","0","v1566927678","9.1","40911","","","","0"
"2024-04-01","Saskatchewan","2021A000247","Total, non-permanent residents","Persons","249","units","0","v1566927678","9.1","43282","","","","0"
"2024-07-01","Saskatchewan","2021A000247","Total, non-permanent residents","Persons","249","units","0","v1566927678","9.1","45033","","","","0"
"2024-10-01","Saskatchewan","2021A000247","Total, non-permanent residents","Persons","249","units","0","v1566927678","9.1","47913","","","","0"
"2025-01-01","Saskatchewan","2021A000247","Total, non-permanent residents","Persons","249","units","0","v1566927678","9.1","49537","","","","0"
"2025-04-01","Saskatchewan","2021A000247","Total, non-permanent residents","Persons","249","units","0","v1566927678","9.1","49764","","","","0"
"2025-07-01","Saskatchewan","2021A000247","Total, non-permanent residents","Persons","249","units","0","v1566927678","9.1","49363","","","","0"
"2025-10-01","Saskatchewan","2021A000247","Total, non-permanent residents","Persons","249","units","0","v1566927678","9.1","50369","","","","0"
"2026-01-01","Saskatchewan","2021A000247","Total, non-permanent residents","Persons","249","units","0","v1566927678","9.1","50096","","","","0"
"2026-04-01","Saskatchewan","2021A000247","Total, non-permanent residents","Persons","249","units","0","v1566927678","9.1","48516","","","","0"
"2026-07-01","Saskatchewan","2021A000247","Total, non-permanent residents","Persons","249","units","0","v1566927678","9.1","48514","","","","0"
"2021-07-01","Saskatchewan","2021A000247","Total, asylum claimants, protected persons and related groups","Persons","249","units","0","v1566927679","9.2","300","","","","0"
"2021-10-01","Saskatchewan","2021A000247","Total, asylum claimants, protected persons and related groups","Persons","249","units","0","v1566927679","9.2","292","","","","0"
"2022-01-01","Saskatchewan","2021A000247","Total, asylum claimants, protected persons and related groups","Persons","249","units","0","v1566927679","9.2","282","","","","0"
"2022-04-01","Saskatchewan","2021A000247","Total, asylum claimants, protected persons and related groups","Persons","249","units","0","v1566927679","9.2","266","","","","0"
"2022-07-01","Saskatchewan","2021A000247","Total, asylum claimants, protected persons and related groups","Persons","249","units","0","v1566927679","9.2","266","","","","0"
"2022-10-01","Saskatchewan","2021A000247","Total, asylum claimants, protected persons and related groups","Persons","249","units","0","v1566927679","9.2","271","","","","0"
"2023-01-01","Saskatchewan","2021A000247","Total, asylum claimants, protected persons and related groups","Persons","249","units","0","v1566927679","9.2","285","","","","0"
"2023-04-01","Saskatchewan","2021A000247","Total, asylum claimants, protected persons and related groups","Persons","249","units","0","v1566927679","9.2","308","","","","0"
"2023-07-01","Saskatchewan","2021A000247","Total, asylum claimants, protected persons and related groups","Persons","249","units","0","v1566927679","9.2","343","","","","0"
"2023-10-01","Saskatchewan","2021A000247","Total, asylum claimants, protected persons and related groups","Persons","249","units","0","v1566927679","9.2","410","","","","0"
"2024-01-01","Saskatchewan","2021A000247","Total, asylum claimants, protected persons and related groups","Persons","249","units","0","v1566927679","9.2","508","","","","0"
"2024-04-01","Saskatchewan","2021A000247","Total, asylum claimants, protected persons and related groups","Persons","249","units","0","v1566927679","9.2","669","","","","0"
"2024-07-01","Saskatchewan","2021A000247","Total, asylum claimants, protected persons and related groups","Persons","249","units","0","v1566927679","9.2","778","","","","0"
"2024-10-01","Saskatchewan","2021A000247","Total, asylum claimants, protected persons and related groups","Persons","249","units","0","v1566927679","9.2","959","","","","0"
"2025-01-01","Saskatchewan","2021A000247","Total, asylum claimants, protected persons and related groups","Persons","249","units","0","v1566927679","9.2","1163","","","","0"
"2025-04-01","Saskatchewan","2021A000247","Total, asylum claimants, protected persons and related groups","Persons","249","units","0","v1566927679","9.2","1288","","","","0"
"2025-07-01","Saskatchewan","2021A000247","Total, asylum claimants, protected persons and related groups","Persons","249","units","0","v1566927679","9.2","1463","","","","0"
"2025-10-01","Saskatchewan","2021A000247","Total, asylum claimants, protected persons and related groups","Persons","249","units","0","v1566927679","9.2","1645","","","","0"
"2026-01-01","Saskatchewan","2021A000247","Total, asylum claimants, protected persons and related groups","Persons","249","units","0","v1566927679","9.2","1861","","","","0"
"2026-04-01","Saskatchewan","2021A000247","Total, asylum claimants, protected persons and related groups","Persons","249","units","0","v1566927679","9.2","2037","","","","0"
"2026-07-01","Saskatchewan","2021A000247","Total, asylum claimants, protected persons and related groups","Persons","249","units","0","v1566927679","9.2","2098","","","","0"
"2021-07-01","Saskatchewan","2021A000247","Asylum claimants, protected persons and related groups with work permit only","Persons","249","units","0","v1566927680","9.3","165","","","","0"
"2021-10-01","Saskatchewan","2021A000247","Asylum claimants, protected persons and related groups with work permit only","Persons","249","units","0","v1566927680","9.3","158","","","","0"
"2022-01-01","Saskatchewan","2021A000247","Asylum claimants, protected persons and related groups with work permit only","Persons","249","units","0","v1566927680","9.3","119","","","","0"
"2022-04-01","Saskatchewan","2021A000247","Asylum claimants, protected persons and related groups with work permit only","Persons","249","units","0","v1566927680","9.3","108","","","","0"
"2022-07-01","Saskatchewan","2021A000247","Asylum claimants, protected persons and related groups with work permit only","Persons","249","units","0","v1566927680","9.3","126","","","","0"
"2022-10-01","Saskatchewan","2021A000247","Asylum claimants, protected persons and related groups with work permit only","Persons","249","units","0","v1566927680","9.3","125","","","","0"
"2023-01-01","Saskatchewan","2021A000247","Asylum claimants, protected persons and related groups with work permit only","Persons","249","units","0","v1566927680","9.3","138","","","","0"
"2023-04-01","Saskatchewan","2021A000247","Asylum claimants, protected persons and related groups with work permit only","Persons","249","units","0","v1566927680","9.3","150","","","","0"
"2023-07-01","Saskatchewan","2021A000247","Asylum claimants, protected persons and related groups with work permit only","Persons","249","units","0","v1566927680","9.3","176","","","","0"
"2023-10-01","Saskatchewan","2021A000247","Asylum claimants, protected persons and related groups with work permit only","Persons","249","units","0","v1566927680","9.3","219","","","","0"
"2024-01-01","Saskatchewan","2021A000247","Asylum claimants, protected persons and related groups with work permit only","Persons","249","units","0","v1566927680","9.3","295","","","","0"
"2024-04-01","Saskatchewan","2021A000247","Asylum claimants, protected persons and related groups with work permit only","Persons","249","units","0","v1566927680","9.3","371","","","","0"
"2024-07-01","Saskatchewan","2021A000247","Asylum claimants, protected persons and related groups with work permit only","Persons","249","units","0","v1566927680","9.3","482","","","","0"
"2024-10-01","Saskatchewan","2021A000247","Asylum claimants, protected persons and related groups with work permit only","Persons","249","units","0","v1566927680","9.3","623","","","","0"
"2025-01-01","Saskatchewan","2021A000247","Asylum claimants, protected persons and related groups with work permit only","Persons","249","units","0","v1566927680","9.3","791","","","","0"
"2025-04-01","Saskatchewan","2021A000247","Asylum claimants, protected persons and related groups with work permit only","Persons","249","units","0","v1566927680","9.3","896","","","","0"
"2025-07-01","Saskatchewan","2021A000247","Asylum claimants, protected persons and related groups with work permit only","Persons","249","units","0","v1566927680","9.3","1025","","","","0"
"2025-10-01","Saskatchewan","2021A000247","Asylum claimants, protected persons and related groups with work permit only","Persons","249","units","0","v1566927680","9.3","1174","","","","0"
"2026-01-01","Saskatchewan","2021A000247","Asylum claimants, protected persons and related groups with work permit only","Persons","249","units","0","v1566927680","9.3","1344","","","","0"
"2026-04-01","Saskatchewan","2021A000247","Asylum claimants, protected persons and related groups with work permit only","Persons","249","units","0","v1566927680","9.3","1460","","","","0"
"2026-07-01","Saskatchewan","2021A000247","Asylum claimants, protected persons and related groups with work permit only","Persons","249","units","0","v1566927680","9.3","1486","","","","0"
"2021-07-01","Saskatchewan","2021A000247","Asylum claimants, protected persons and related groups with study permit only","Persons","249","units","0","v1566927681","9.4","2","","","","0"
"2021-10-01","Saskatchewan","2021A000247","Asylum claimants, protected persons and related groups with study permit only","Persons","249","units","0","v1566927681","9.4","1","","","","0"
"2022-01-01","Saskatchewan","2021A000247","Asylum claimants, protected persons and related groups with study permit only","Persons","249","units","0","v1566927681","9.4","6","","","","0"
"2022-04-01","Saskatchewan","2021A000247","Asylum claimants, protected persons and related groups with study permit only","Persons","249","units","0","v1566927681","9.4","7","","","","0"
"2022-07-01","Saskatchewan","2021A000247","Asylum claimants, protected persons and related groups with study permit only","Persons","249","units","0","v1566927681","9.4","6","","","","0"
"2022-10-01","Saskatchewan","2021A000247","Asylum claimants, protected persons and related groups with study permit only","Persons","249","units","0","v1566927681","9.4","3","","","","0"
"2023-01-01","Saskatchewan","2021A000247","Asylum claimants, protected persons and related groups with study permit only","Persons","249","units","0","v1566927681","9.4","4","","","","0"
"2023-04-01","Saskatchewan","2021A000247","Asylum claimants, protected persons and related groups with study permit only","Persons","249","units","0","v1566927681","9.4","2","","","","0"
"2023-07-01","Saskatchewan","2021A000247","Asylum claimants, protected persons and related groups with study permit only","Persons","249","units","0","v1566927681","9.4","5","","","","0"
"2023-10-01","Saskatchewan","2021A000247","Asylum claimants, protected persons and related groups with study permit only","Persons","249","units","0","v1566927681","9.4","7","","","","0"
"2024-01-01","Saskatchewan","2021A000247","Asylum claimants, protected persons and related groups with study permit only","Persons","249","units","0","v1566927681","9.4","11","","","","0"
"2024-04-01","Saskatchewan","2021A000247","Asylum claimants, protected persons and related groups with study permit only","Persons","249","units","0","v1566927681","9.4","14","","","","0"
"2024-07-01","Saskatchewan","2021A000247","Asylum claimants, protected persons and related groups with study permit only","Persons","249","units","0","v1566927681","9.4","15","","","","0"
"2024-10-01","Saskatchewan","2021A000247","Asylum claimants, protected persons and related groups with study permit only","Persons","249","units","0","v1566927681","9.4","19","","","","0"
"2025-01-01","Saskatchewan","2021A000247","Asylum claimants, protected persons and related groups with study permit only","Persons","249","units","0","v1566927681","9.4","25","","","","0"
"2025-04-01","Saskatchewan","2021A000247","Asylum claimants, protected persons and related groups with study permit only","Persons","249","units","0","v1566927681","9.4","24","","","","0"
"2025-07-01","Saskatchewan","2021A000247","Asylum claimants, protected persons and related groups with study permit only","Persons","249","units","0","v1566927681","9.4","28","","","","0"
"2025-10-01","Saskatchewan","2021A000247","Asylum claimants, protected persons and related groups with study permit only","Persons","249","units","0","v1566927681","9.4","27","","","","0"
"2026-01-01","Saskatchewan","2021A000247","Asylum claimants, protected persons and related groups with study permit only","Persons","249","units","0","v1566927681","9.4","25","","","","0"
"2026-04-01","Saskatchewan","2021A000247","Asylum claimants, protected persons and related groups with study permit only","Persons","249","units","0","v1566927681","9.4","34","","","","0"
"2026-07-01","Saskatchewan","2021A000247","Asylum claimants, protected persons and related groups with study permit only","Persons","249","units","0","v1566927681","9.4","34","","","","0"
"2021-07-01","Saskatchewan","2021A000247","Asylum claimants, protected persons and related groups with work and study permits","Persons","249","units","0","v1566927682","9.5","12","","","","0"
"2021-10-01","Saskatchewan","2021A000247","Asylum claimants, protected persons and related groups with work and study permits","Persons","249","units","0","v1566927682","9.5","12","","","","0"
"2022-01-01","Saskatchewan","2021A000247","Asylum claimants, protected persons and related groups with work and study permits","Persons","249","units","0","v1566927682","9.5","7","","","","0"
"2022-04-01","Saskatchewan","2021A000247","Asylum claimants, protected persons and related groups with work and study permits","Persons","249","units","0","v1566927682","9.5","7","","","","0"
"2022-07-01","Saskatchewan","2021A000247","Asylum claimants, protected persons and related groups with work and study permits","Persons","249","units","0","v1566927682","9.5","5","","","","0"
"2022-10-01","Saskatchewan","2021A000247","Asylum claimants, protected persons and related groups with work and study permits","Persons","249","units","0","v1566927682","9.5","2","","","","0"
"2023-01-01","Saskatchewan","2021A000247","Asylum claimants, protected persons and related groups with work and study permits","Persons","249","units","0","v1566927682","9.5","5","","","","0"
"2023-04-01","Saskatchewan","2021A000247","Asylum claimants, protected persons and related groups with work and study permits","Persons","249","units","0","v1566927682","9.5","8","","","","0"
"2023-07-01","Saskatchewan","2021A000247","Asylum claimants, protected persons and related groups with work and study permits","Persons","249","units","0","v1566927682","9.5","7","","","","0"
"2023-10-01","Saskatchewan","2021A000247","Asylum claimants, protected persons and related groups with work and study permits","Persons","249","units","0","v1566927682","9.5","5","","","","0"
"2024-01-01","Saskatchewan","2021A000247","Asylum claimants, protected persons and related groups with work and study permits","Persons","249","units","0","v1566927682","9.5","8","","","","0"
"2024-04-01","Saskatchewan","2021A000247","Asylum claimants, protected persons and related groups with work and study permits","Persons","249","units","0","v1566927682","9.5","24","","","","0"
"2024-07-01","Saskatchewan","2021A000247","Asylum claimants, protected persons and related groups with work and study permits","Persons","249","units","0","v1566927682","9.5","33","","","","0"
"2024-10-01","Saskatchewan","2021A000247","Asylum claimants, protected persons and related groups with work and study permits","Persons","249","units","0","v1566927682","9.5","47","","","","0"
"2025-01-01","Saskatchewan","2021A000247","Asylum claimants, protected persons and related groups with work and study permits","Persons","249","units","0","v1566927682","9.5","81","","","","0"
"2025-04-01","Saskatchewan","2021A000247","Asylum claimants, protected persons and related groups with work and study permits","Persons","249","units","0","v1566927682","9.5","114","","","","0"
"2025-07-01","Saskatchewan","2021A000247","Asylum claimants, protected persons and related groups with work and study permits","Persons","249","units","0","v1566927682","9.5","132","","","","0"
"2025-10-01","Saskatchewan","2021A000247","Asylum claimants, protected persons and related groups with work and study permits","Persons","249","units","0","v1566927682","9.5","131","","","","0"
"2026-01-01","Saskatchewan","2021A000247","Asylum claimants, protected persons and related groups with work and study permits","Persons","249","units","0","v1566927682","9.5","165","","","","0"
"2026-04-01","Saskatchewan","2021A000247","Asylum claimants, protected persons and related groups with work and study permits","Persons","249","units","0","v1566927682","9.5","202","","","","0"
"2026-07-01","Saskatchewan","2021A000247","Asylum claimants, protected persons and related groups with work and study permits","Persons","249","units","0","v1566927682","9.5","190","","","","0"
"2021-07-01","Saskatchewan","2021A000247","Asylum claimants, protected persons and related groups without work or study permits","Persons","249","units","0","v1566927683","9.6","121","","","","0"
"2021-10-01","Saskatchewan","2021A000247","Asylum claimants, protected persons and related groups without work or study permits","Persons","249","units","0","v1566927683","9.6","121","","","","0"
"2022-01-01","Saskatchewan","2021A000247","Asylum claimants, protected persons and related groups without work or study permits","Persons","249","units","0","v1566927683","9.6","150","","","","0"
"2022-04-01","Saskatchewan","2021A000247","Asylum claimants, protected persons and related groups without work or study permits","Persons","249","units","0","v1566927683","9.6","144","","","","0"
"2022-07-01","Saskatchewan","2021A000247","Asylum claimants, protected persons and related groups without work or study permits","Persons","249","units","0","v1566927683","9.6","129","","","","0"
"2022-10-01","Saskatchewan","2021A000247","Asylum claimants, protected persons and related groups without work or study permits","Persons","249","units","0","v1566927683","9.6","141","","","","0"
"2023-01-01","Saskatchewan","2021A000247","Asylum claimants, protected persons and related groups without work or study permits","Persons","249","units","0","v1566927683","9.6","138","","","","0"
"2023-04-01","Saskatchewan","2021A000247","Asylum claimants, protected persons and related groups without work or study permits","Persons","249","units","0","v1566927683","9.6","148","","","","0"
"2023-07-01","Saskatchewan","2021A000247","Asylum claimants, protected persons and related groups without work or study permits","Persons","249","units","0","v1566927683","9.6","155","","","","0"
"2023-10-01","Saskatchewan","2021A000247","Asylum claimants, protected persons and related groups without work or study permits","Persons","249","units","0","v1566927683","9.6","179","","","","0"
"2024-01-01","Saskatchewan","2021A000247","Asylum claimants, protected persons and related groups without work or study permits","Persons","249","units","0","v1566927683","9.6","194","","","","0"
"2024-04-01","Saskatchewan","2021A000247","Asylum claimants, protected persons and related groups without work or study permits","Persons","249","units","0","v1566927683","9.6","260","","","","0"
"2024-07-01","Saskatchewan","2021A000247","Asylum claimants, protected persons and related groups without work or study permits","Persons","249","units","0","v1566927683","9.6","248","","","","0"
"2024-10-01","Saskatchewan","2021A000247","Asylum claimants, protected persons and related groups without work or study permits","Persons","249","units","0","v1566927683","9.6","270","","","","0"
"2025-01-01","Saskatchewan","2021A000247","Asylum claimants, protected persons and related groups without work or study permits","Persons","249","units","0","v1566927683","9.6","266","","","","0"
"2025-04-01","Saskatchewan","2021A000247","Asylum claimants, protected persons and related groups without work or study permits","Persons","249","units","0","v1566927683","9.6","254","","","","0"
"2025-07-01","Saskatchewan","2021A000247","Asylum claimants, protected persons and related groups without work or study permits","Persons","249","units","0","v1566927683","9.6","278","","","","0"
"2025-10-01","Saskatchewan","2021A000247","Asylum claimants, protected persons and related groups without work or study permits","Persons","249","units","0","v1566927683","9.6","313","","","","0"
"2026-01-01","Saskatchewan","2021A000247","Asylum claimants, protected persons and related groups without work or study permits","Persons","249","units","0","v1566927683","9.6","327","","","","0"
"2026-04-01","Saskatchewan","2021A000247","Asylum claimants, protected persons and related groups without work or study permits","Persons","249","units","0","v1566927683","9.6","341","","","","0"
"2026-07-01","Saskatchewan","2021A000247","Asylum claimants, protected persons and related groups without work or study permits","Persons","249","units","0","v1566927683","9.6","388","","","","0"
"2021-07-01","Saskatchewan","2021A000247","Total, permit holders and their family members","Persons","249","units","0","v1566927684","9.7","18540","","","","0"
"2021-10-01","Saskatchewan","2021A000247","Total, permit holders and their family members","Persons","249","units","0","v1566927684","9.7","19566","","","","0"
"2022-01-01","Saskatchewan","2021A000247","Total, permit holders and their family members","Persons","249","units","0","v1566927684","9.7","19456","","","","0"
"2022-04-01","Saskatchewan","2021A000247","Total, permit holders and their family members","Persons","249","units","0","v1566927684","9.7","19383","","","","0"
"2022-07-01","Saskatchewan","2021A000247","Total, permit holders and their family members","Persons","249","units","0","v1566927684","9.7","21338","","","","0"
"2022-10-01","Saskatchewan","2021A000247","Total, permit holders and their family members","Persons","249","units","0","v1566927684","9.7","24579","","","","0"
"2023-01-01","Saskatchewan","2021A000247","Total, permit holders and their family members","Persons","249","units","0","v1566927684","9.7","27661","","","","0"
"2023-04-01","Saskatchewan","2021A000247","Total, permit holders and their family members","Persons","249","units","0","v1566927684","9.7","27881","","","","0"
"2023-07-01","Saskatchewan","2021A000247","Total, permit holders and their family members","Persons","249","units","0","v1566927684","9.7","31123","","","","0"
"2023-10-01","Saskatchewan","2021A000247","Total, permit holders and their family members","Persons","249","units","0","v1566927684","9.7","37175","","","","0"
"2024-01-01","Saskatchewan","2021A000247","Total, permit holders and their family members","Persons","249","units","0","v1566927684","9.7","40403","","","","0"
"2024-04-01","Saskatchewan","2021A000247","Total, permit holders and their family members","Persons","249","units","0","v1566927684","9.7","42613","","","","0"
"2024-07-01","Saskatchewan","2021A000247","Total, permit holders and their family members","Persons","249","units","0","v1566927684","9.7","44255","","","","0"
"2024-10-01","Saskatchewan","2021A000247","Total, permit holders and their family members","Persons","249","units","0","v1566927684","9.7","46954","","","","0"
"2025-01-01","Saskatchewan","2021A000247","Total, permit holders and their family members","Persons","249","units","0","v1566927684","9.7","48374","","","","0"
"2025-04-01","Saskatchewan","2021A000247","Total, permit holders and their family members","Persons","249","units","0","v1566927684","9.7","48476","","","","0"
"2025-07-01","Saskatchewan","2021A000247","Total, permit holders and their family members","Persons","249","units","0","v1566927684","9.7","47900","","","","0"
"2025-10-01","Saskatchewan","2021A000247","Total, permit holders and their family members","Persons","249","units","0","v1566927684","9.7","48724","","","","0"
"2026-01-01","Saskatchewan","2021A000247","Total, permit holders and their family members","Persons","249","units","0","v1566927684","9.7","48235","","","","0"
"2026-04-01","Saskatchewan","2021A000247","Total, permit holders and their family members","Persons","249","units","0","v1566927684","9.7","46479","","","","0"
"2026-07-01","Saskatchewan","2021A000247","Total, permit holders and their family members","Persons","249","units","0","v1566927684","9.7","46416","","","","0"
"2021-07-01","Saskatchewan","2021A000247","Work permit holders only","Persons","249","units","0","v1566927685","9.8","8857","","","","0"
"2021-10-01","Saskatchewan","2021A000247","Work permit holders only","Persons","249","units","0","v1566927685","9.8","9513","","","","0"
"2022-01-01","Saskatchewan","2021A000247","Work permit holders only","Persons","249","units","0","v1566927685","9.8","8976","","","","0"
"2022-04-01","Saskatchewan","2021A000247","Work permit holders only","Persons","249","units","0","v1566927685","9.8","8784","","","","0"
"2022-07-01","Saskatchewan","2021A000247","Work permit holders only","Persons","249","units","0","v1566927685","9.8","10249","","","","0"
"2022-10-01","Saskatchewan","2021A000247","Work permit holders only","Persons","249","units","0","v1566927685","9.8","12295","","","","0"
"2023-01-01","Saskatchewan","2021A000247","Work permit holders only","Persons","249","units","0","v1566927685","9.8","13701","","","","0"
"2023-04-01","Saskatchewan","2021A000247","Work permit holders only","Persons","249","units","0","v1566927685","9.8","14009","","","","0"
"2023-07-01","Saskatchewan","2021A000247","Work permit holders only","Persons","249","units","0","v1566927685","9.8","16175","","","","0"
"2023-10-01","Saskatchewan","2021A000247","Work permit holders only","Persons","249","units","0","v1566927685","9.8","19795","","","","0"
"2024-01-01","Saskatchewan","2021A000247","Work permit holders only","Persons","249","units","0","v1566927685","9.8","20911","","","","0"
"2024-04-01","Saskatchewan","2021A000247","Work permit holders only","Persons","249","units","0","v1566927685","9.8","22724","","","","0"
"2024-07-01","Saskatchewan","2021A000247","Work permit holders only","Persons","249","units","0","v1566927685","9.8","23986","","","","0"
"2024-10-01","Saskatchewan","2021A000247","Work permit holders only","Persons","249","units","0","v1566927685","9.8","26583","","","","0"
"2025-01-01","Saskatchewan","2021A000247","Work permit holders only","Persons","249","units","0","v1566927685","9.8","27429","","","","0"
"2025-04-01","Saskatchewan","2021A000247","Work permit holders only","Persons","249","units","0","v1566927685","9.8","27930","","","","0"
"2025-07-01","Saskatchewan","2021A000247","Work permit holders only","Persons","249","units","0","v1566927685","9.8","27741","","","","0"
"2025-10-01","Saskatchewan","2021A000247","Work permit holders only","Persons","249","units","0","v1566927685","9.8","30215","","","","0"
"2026-01-01","Saskatchewan","2021A000247","Work permit holders only","Persons","249","units","0","v1566927685","9.8","30027","","","","0"
"2026-04-01","Saskatchewan","2021A000247","Work permit holders only","Persons","249","units","0","v1566927685","9.8","28931","","","","0"
"2026-07-01","Saskatchewan","2021A000247","Work permit holders only","Persons","249","units","0","v1566927685","9.8","28920","","","","0"
"2021-07-01","Saskatchewan","2021A000247","Study permit holders only","Persons","249","units","0","v1566927686","9.9","6679","","","","0"
"2021-10-01","Saskatchewan","2021A000247","Study permit holders only","Persons","249","units","0","v1566927686","9.9","7288","","","","0"
"2022-01-01","Saskatchewan","2021A000247","Study permit holders only","Persons","249","units","0","v1566927686","9.9","7821","","","","0"
"2022-04-01","Saskatchewan","2021A000247","Study permit holders only","Persons","249","units","0","v1566927686","9.9","7766","","","","0"
"2022-07-01","Saskatchewan","2021A000247","Study permit holders only","Persons","249","units","0","v1566927686","9.9","8005","","","","0"
"2022-10-01","Saskatchewan","2021A000247","Study permit holders only","Persons","249","units","0","v1566927686","9.9","8844","","","","0"
"2023-01-01","Saskatchewan","2021A000247","Study permit holders only","Persons","249","units","0","v1566927686","9.9","10037","","","","0"
"2023-04-01","Saskatchewan","2021A000247","Study permit holders only","Persons","249","units","0","v1566927686","9.9","9628","","","","0"
"2023-07-01","Saskatchewan","2021A000247","Study permit holders only","Persons","249","units","0","v1566927686","9.9","10124","","","","0"
"2023-10-01","Saskatchewan","2021A000247","Study permit holders only","Persons","249","units","0","v1566927686","9.9","11934","","","","0"
"2024-01-01","Saskatchewan","2021A000247","Study permit holders only","Persons","249","units","0","v1566927686","9.9","12970","","","","0"
"2024-04-01","Saskatchewan","2021A000247","Study permit holders only","Persons","249","units","0","v1566927686","9.9","12392","","","","0"
"2024-07-01","Saskatchewan","2021A000247","Study permit holders only","Persons","249","units","0","v1566927686","9.9","12653","","","","0"
"2024-10-01","Saskatchewan","2021A000247","Study permit holders only","Persons","249","units","0","v1566927686","9.9","12997","","","","0"
"2025-01-01","Saskatchewan","2021A000247","Study permit holders only","Persons","249","units","0","v1566927686","9.9","13340","","","","0"
"2025-04-01","Saskatchewan","2021A000247","Study permit holders only","Persons","249","units","0","v1566927686","9.9","12696","","","","0"
"2025-07-01","Saskatchewan","2021A000247","Study permit holders only","Persons","249","units","0","v1566927686","9.9","12598","","","","0"
"2025-10-01","Saskatchewan","2021A000247","Study permit holders only","Persons","249","units","0","v1566927686","9.9","11830","","","","0"
"2026-01-01","Saskatchewan","2021A000247","Study permit holders only","Persons","249","units","0","v1566927686","9.9","11484","","","","0"
"2026-04-01","Saskatchewan","2021A000247","Study permit holders only","Persons","249","units","0","v1566927686","9.9","10671","","","","0"
"2026-07-01","Saskatchewan","2021A000247","Study permit holders only","Persons","249","units","0","v1566927686","9.9","10214","","","","0"
"2021-07-01","Saskatchewan","2021A000247","Work and study permit holders","Persons","249","units","0","v1566927687","9.10","2141","","","","0"
"2021-10-01","Saskatchewan","2021A000247","Work and study permit holders","Persons","249","units","0","v1566927687","9.10","1841","","","","0"
"2022-01-01","Saskatchewan","2021A000247","Work and study permit holders","Persons","249","units","0","v1566927687","9.10","1745","","","","0"
"2022-04-01","Saskatchewan","2021A000247","Work and study permit holders","Persons","249","units","0","v1566927687","9.10","1810","","","","0"
"2022-07-01","Saskatchewan","2021A000247","Work and study permit holders","Persons","249","units","0","v1566927687","9.10","1922","","","","0"
"2022-10-01","Saskatchewan","2021A000247","Work and study permit holders","Persons","249","units","0","v1566927687","9.10","2102","","","","0"
"2023-01-01","Saskatchewan","2021A000247","Work and study permit holders","Persons","249","units","0","v1566927687","9.10","2413","","","","0"
"2023-04-01","Saskatchewan","2021A000247","Work and study permit holders","Persons","249","units","0","v1566927687","9.10","2666","","","","0"
"2023-07-01","Saskatchewan","2021A000247","Work and study permit holders","Persons","249","units","0","v1566927687","9.10","3046","","","","0"
"2023-10-01","Saskatchewan","2021A000247","Work and study permit holders","Persons","249","units","0","v1566927687","9.10","3336","","","","0"
"2024-01-01","Saskatchewan","2021A000247","Work and study permit holders","Persons","249","units","0","v1566927687","9.10","3953","","","","0"
"2024-04-01","Saskatchewan","2021A000247","Work and study permit holders","Persons","249","units","0","v1566927687","9.10","4510","","","","0"
"2024-07-01","Saskatchewan","2021A000247","Work and study permit holders","Persons","249","units","0","v1566927687","9.10","4519","","","","0"
"2024-10-01","Saskatchewan","2021A000247","Work and study permit holders","Persons","249","units","0","v1566927687","9.10","4142","","","","0"
"2025-01-01","Saskatchewan","2021A000247","Work and study permit holders","Persons","249","units","0","v1566927687","9.10","4353","","","","0"
"2025-04-01","Saskatchewan","2021A000247","Work and study permit holders","Persons","249","units","0","v1566927687","9.10","4541","","","","0"
"2025-07-01","Saskatchewan","2021A000247","Work and study permit holders","Persons","249","units","0","v1566927687","9.10","4395","","","","0"
"2025-10-01","Saskatchewan","2021A000247","Work and study permit holders","Persons","249","units","0","v1566927687","9.10","3449","","","","0"
"2026-01-01","Saskatchewan","2021A000247","Work and study permit holders","Persons","249","units","0","v1566927687","9.10","3551","","","","0"
"2026-04-01","Saskatchewan","2021A000247","Work and study permit holders","Persons","249","units","0","v1566927687","9.10","3864","","","","0"
"2026-07-01","Saskatchewan","2021A000247","Work and study permit holders","Persons","249","units","0","v1566927687","9.10","4181","","","","0"
"2021-07-01","Saskatchewan","2021A000247","Other","Persons","249","units","0","v1566927688","9.11","863","","","","0"
"2021-10-01","Saskatchewan","2021A000247","Other","Persons","249","units","0","v1566927688","9.11","924","","","","0"
"2022-01-01","Saskatchewan","2021A000247","Other","Persons","249","units","0","v1566927688","9.11","914","","","","0"
"2022-04-01","Saskatchewan","2021A000247","Other","Persons","249","units","0","v1566927688","9.11","1023","","","","0"
"2022-07-01","Saskatchewan","2021A000247","Other","Persons","249","units","0","v1566927688","9.11","1162","","","","0"
"2022-10-01","Saskatchewan","2021A000247","Other","Persons","249","units","0","v1566927688","9.11","1338","","","","0"
"2023-01-01","Saskatchewan","2021A000247","Other","Persons","249","units","0","v1566927688","9.11","1510","","","","0"
"2023-04-01","Saskatchewan","2021A000247","Other","Persons","249","units","0","v1566927688","9.11","1578","","","","0"
"2023-07-01","Saskatchewan","2021A000247","Other","Persons","249","units","0","v1566927688","9.11","1778","","","","0"
"2023-10-01","Saskatchewan","2021A000247","Other","Persons","249","units","0","v1566927688","9.11","2110","","","","0"
"2024-01-01","Saskatchewan","2021A000247","Other","Persons","249","units","0","v1566927688","9.11","2569","","","","0"
"2024-04-01","Saskatchewan","2021A000247","Other","Persons","249","units","0","v1566927688","9.11","2987","","","","0"
"2024-07-01","Saskatchewan","2021A000247","Other","Persons","249","units","0","v1566927688","9.11","3097","","","","0"
"2024-10-01","Saskatchewan","2021A000247","Other","Persons","249","units","0","v1566927688","9.11","3232","","","","0"
"2025-01-01","Saskatchewan","2021A000247","Other","Persons","249","units","0","v1566927688","9.11","3252","","","","0"
"2025-04-01","Saskatchewan","2021A000247","Other","Persons","249","units","0","v1566927688","9.11","3309","","","","0"
"2025-07-01","Saskatchewan","2021A000247","Other","Persons","249","units","0","v1566927688","9.11","3166","","","","0"
"2025-10-01","Saskatchewan","2021A000247","Other","Persons","249","units","0","v1566927688","9.11","3230","","","","0"
"2026-01-01","Saskatchewan","2021A000247","Other","Persons","249","units","0","v1566927688","9.11","3173","","","","0"
"2026-04-01","Saskatchewan","2021A000247","Other","Persons","249","units","0","v1566927688","9.11","3013","","","","0"
"2026-07-01","Saskatchewan","2021A000247","Other","Persons","249","units","0","v1566927688","9.11","3101","","","","0"
"2021-07-01","Alberta","2021A000248","Total, non-permanent residents","Persons","249","units","0","v1566927689","10.1","82226","","","","0"
"2021-10-01","Alberta","2021A000248","Total, non-permanent residents","Persons","249","units","0","v1566927689","10.1","85984","","","","0"
"2022-01-01","Alberta","2021A000248","Total, non-permanent residents","Persons","249","units","0","v1566927689","10.1","84066","","","","0"
"2022-04-01","Alberta","2021A000248","Total, non-permanent residents","Persons","249","units","0","v1566927689","10.1","84892","","","","0"
"2022-07-01","Alberta","2021A000248","Total, non-permanent residents","Persons","249","units","0","v1566927689","10.1","96561","","","","0"
"2022-10-01","Alberta","2021A000248","Total, non-permanent residents","Persons","249","units","0","v1566927689","10.1","114991","","","","0"
"2023-01-01","Alberta","2021A000248","Total, non-permanent residents","Persons","249","units","0","v1566927689","10.1","131218","","","","0"
"2023-04-01","Alberta","2021A000248","Total, non-permanent residents","Persons","249","units","0","v1566927689","10.1","146414","","","","0"
"2023-07-01","Alberta","2021A000248","Total, non-permanent residents","Persons","249","units","0","v1566927689","10.1","168167","","","","0"
"2023-10-01","Alberta","2021A000248","Total, non-permanent residents","Persons","249","units","0","v1566927689","10.1","199410","","","","0"
"2024-01-01","Alberta","2021A000248","Total, non-permanent residents","Persons","249","units","0","v1566927689","10.1","220970","","","","0"
"2024-04-01","Alberta","2021A000248","Total, non-permanent residents","Persons","249","units","0","v1566927689","10.1","246540","","","","0"
"2024-07-01","Alberta","2021A000248","Total, non-permanent residents","Persons","249","units","0","v1566927689","10.1","261962","","","","0"
"2024-10-01","Alberta","2021A000248","Total, non-permanent residents","Persons","249","units","0","v1566927689","10.1","275152","","","","0"
"2025-01-01","Alberta","2021A000248","Total, non-permanent residents","Persons","249","units","0","v1566927689","10.1","280771","","","","0"
"2025-04-01","Alberta","2021A000248","Total, non-permanent residents","Persons","249","units","0","v1566927689","10.1","281595","","","","0"
"2025-07-01","Alberta","2021A000248","Total, non-permanent residents","Persons","249","units","0","v1566927689","10.1","287434","","","","0"
"2025-10-01","Alberta","2021A000248","Total, non-permanent residents","Persons","249","units","0","v1566927689","10.1","292366","","","","0"
"2026-01-01","Alberta","2021A000248","Total, non-permanent residents","Persons","249","units","0","v1566927689","10.1","288761","","","","0"
"2026-04-01","Alberta","2021A000248","Total, non-permanent residents","Persons","249","units","0","v1566927689","10.1","281105","","","","0"
"2026-07-01","Alberta","2021A000248","Total, non-permanent residents","Persons","249","units","0","v1566927689","10.1","279477","","","","0"
"2021-07-01","Alberta","2021A000248","Total, asylum claimants, protected persons and related groups","Persons","249","units","0","v1566927690","10.2","6429","","","","0"
"2021-10-01","Alberta","2021A000248","Total, asylum claimants, protected persons and related groups","Persons","249","units","0","v1566927690","10.2","6082","","","","0"
"2022-01-01","Alberta","2021A000248","Total, asylum claimants, protected persons and related groups","Persons","249","units","0","v1566927690","10.2","5809","","","","0"
"2022-04-01","Alberta","2021A000248","Total, asylum claimants, protected persons and related groups","Persons","249","units","0","v1566927690","10.2","5812","","","","0"
"2022-07-01","Alberta","2021A000248","Total, asylum claimants, protected persons and related groups","Persons","249","units","0","v1566927690","10.2","6086","","","","0"
"2022-10-01","Alberta","2021A000248","Total, asylum claimants, protected persons and related groups","Persons","249","units","0","v1566927690","10.2","6582","","","","0"
"2023-01-01","Alberta","2021A000248","Total, asylum claimants, protected persons and related groups","Persons","249","units","0","v1566927690","10.2","7506","","","","0"
"2023-04-01","Alberta","2021A000248","Total, asylum claimants, protected persons and related groups","Persons","249","units","0","v1566927690","10.2","8211","","","","0"
"2023-07-01","Alberta","2021A000248","Total, asylum claimants, protected persons and related groups","Persons","249","units","0","v1566927690","10.2","9363","","","","0"
"2023-10-01","Alberta","2021A000248","Total, asylum claimants, protected persons and related groups","Persons","249","units","0","v1566927690","10.2","11736","","","","0"
"2024-01-01","Alberta","2021A000248","Total, asylum claimants, protected persons and related groups","Persons","249","units","0","v1566927690","10.2","14384","","","","0"
"2024-04-01","Alberta","2021A000248","Total, asylum claimants, protected persons and related groups","Persons","249","units","0","v1566927690","10.2","16696","","","","0"
"2024-07-01","Alberta","2021A000248","Total, asylum claimants, protected persons and related groups","Persons","249","units","0","v1566927690","10.2","19209","","","","0"
"2024-10-01","Alberta","2021A000248","Total, asylum claimants, protected persons and related groups","Persons","249","units","0","v1566927690","10.2","21902","","","","0"
"2025-01-01","Alberta","2021A000248","Total, asylum claimants, protected persons and related groups","Persons","249","units","0","v1566927690","10.2","24620","","","","0"
"2025-04-01","Alberta","2021A000248","Total, asylum claimants, protected persons and related groups","Persons","249","units","0","v1566927690","10.2","26469","","","","0"
"2025-07-01","Alberta","2021A000248","Total, asylum claimants, protected persons and related groups","Persons","249","units","0","v1566927690","10.2","28420","","","","0"
"2025-10-01","Alberta","2021A000248","Total, asylum claimants, protected persons and related groups","Persons","249","units","0","v1566927690","10.2","30541","","","","0"
"2026-01-01","Alberta","2021A000248","Total, asylum claimants, protected persons and related groups","Persons","249","units","0","v1566927690","10.2","32354","","","","0"
"2026-04-01","Alberta","2021A000248","Total, asylum claimants, protected persons and related groups","Persons","249","units","0","v1566927690","10.2","33643","","","","0"
"2026-07-01","Alberta","2021A000248","Total, asylum claimants, protected persons and related groups","Persons","249","units","0","v1566927690","10.2","33157","","","","0"
"2021-07-01","Alberta","2021A000248","Asylum claimants, protected persons and related groups with work permit only","Persons","249","units","0","v1566927691","10.3","3907","","","","0"
"2021-10-01","Alberta","2021A000248","Asylum claimants, protected persons and related groups with work permit only","Persons","249","units","0","v1566927691","10.3","3534","","","","0"
"2022-01-01","Alberta","2021A000248","Asylum claimants, protected persons and related groups with work permit only","Persons","249","units","0","v1566927691","10.3","2911","","","","0"
"2022-04-01","Alberta","2021A000248","Asylum claimants, protected persons and related groups with work permit only","Persons","249","units","0","v1566927691","10.3","2695","","","","0"
"2022-07-01","Alberta","2021A000248","Asylum claimants, protected persons and related groups with work permit only","Persons","249","units","0","v1566927691","10.3","2973","","","","0"
"2022-10-01","Alberta","2021A000248","Asylum claimants, protected persons and related groups with work permit only","Persons","249","units","0","v1566927691","10.3","3482","","","","0"
"2023-01-01","Alberta","2021A000248","Asylum claimants, protected persons and related groups with work permit only","Persons","249","units","0","v1566927691","10.3","4071","","","","0"
"2023-04-01","Alberta","2021A000248","Asylum claimants, protected persons and related groups with work permit only","Persons","249","units","0","v1566927691","10.3","4571","","","","0"
"2023-07-01","Alberta","2021A000248","Asylum claimants, protected persons and related groups with work permit only","Persons","249","units","0","v1566927691","10.3","5219","","","","0"
"2023-10-01","Alberta","2021A000248","Asylum claimants, protected persons and related groups with work permit only","Persons","249","units","0","v1566927691","10.3","6586","","","","0"
"2024-01-01","Alberta","2021A000248","Asylum claimants, protected persons and related groups with work permit only","Persons","249","units","0","v1566927691","10.3","8730","","","","0"
"2024-04-01","Alberta","2021A000248","Asylum claimants, protected persons and related groups with work permit only","Persons","249","units","0","v1566927691","10.3","11006","","","","0"
"2024-07-01","Alberta","2021A000248","Asylum claimants, protected persons and related groups with work permit only","Persons","249","units","0","v1566927691","10.3","13011","","","","0"
"2024-10-01","Alberta","2021A000248","Asylum claimants, protected persons and related groups with work permit only","Persons","249","units","0","v1566927691","10.3","15268","","","","0"
"2025-01-01","Alberta","2021A000248","Asylum claimants, protected persons and related groups with work permit only","Persons","249","units","0","v1566927691","10.3","17407","","","","0"
"2025-04-01","Alberta","2021A000248","Asylum claimants, protected persons and related groups with work permit only","Persons","249","units","0","v1566927691","10.3","19043","","","","0"
"2025-07-01","Alberta","2021A000248","Asylum claimants, protected persons and related groups with work permit only","Persons","249","units","0","v1566927691","10.3","20626","","","","0"
"2025-10-01","Alberta","2021A000248","Asylum claimants, protected persons and related groups with work permit only","Persons","249","units","0","v1566927691","10.3","22110","","","","0"
"2026-01-01","Alberta","2021A000248","Asylum claimants, protected persons and related groups with work permit only","Persons","249","units","0","v1566927691","10.3","23637","","","","0"
"2026-04-01","Alberta","2021A000248","Asylum claimants, protected persons and related groups with work permit only","Persons","249","units","0","v1566927691","10.3","24829","","","","0"
"2026-07-01","Alberta","2021A000248","Asylum claimants, protected persons and related groups with work permit only","Persons","249","units","0","v1566927691","10.3","24147","","","","0"
"2021-07-01","Alberta","2021A000248","Asylum claimants, protected persons and related groups with study permit only","Persons","249","units","0","v1566927692","10.4","68","","","","0"
"2021-10-01","Alberta","2021A000248","Asylum claimants, protected persons and related groups with study permit only","Persons","249","units","0","v1566927692","10.4","41","","","","0"
"2022-01-01","Alberta","2021A000248","Asylum claimants, protected persons and related groups with study permit only","Persons","249","units","0","v1566927692","10.4","40","","","","0"
"2022-04-01","Alberta","2021A000248","Asylum claimants, protected persons and related groups with study permit only","Persons","249","units","0","v1566927692","10.4","49","","","","0"
"2022-07-01","Alberta","2021A000248","Asylum claimants, protected persons and related groups with study permit only","Persons","249","units","0","v1566927692","10.4","60","","","","0"
"2022-10-01","Alberta","2021A000248","Asylum claimants, protected persons and related groups with study permit only","Persons","249","units","0","v1566927692","10.4","56","","","","0"
"2023-01-01","Alberta","2021A000248","Asylum claimants, protected persons and related groups with study permit only","Persons","249","units","0","v1566927692","10.4","52","","","","0"
"2023-04-01","Alberta","2021A000248","Asylum claimants, protected persons and related groups with study permit only","Persons","249","units","0","v1566927692","10.4","47","","","","0"
"2023-07-01","Alberta","2021A000248","Asylum claimants, protected persons and related groups with study permit only","Persons","249","units","0","v1566927692","10.4","79","","","","0"
"2023-10-01","Alberta","2021A000248","Asylum claimants, protected persons and related groups with study permit only","Persons","249","units","0","v1566927692","10.4","96","","","","0"
"2024-01-01","Alberta","2021A000248","Asylum claimants, protected persons and related groups with study permit only","Persons","249","units","0","v1566927692","10.4","94","","","","0"
"2024-04-01","Alberta","2021A000248","Asylum claimants, protected persons and related groups with study permit only","Persons","249","units","0","v1566927692","10.4","106","","","","0"
"2024-07-01","Alberta","2021A000248","Asylum claimants, protected persons and related groups with study permit only","Persons","249","units","0","v1566927692","10.4","128","","","","0"
"2024-10-01","Alberta","2021A000248","Asylum claimants, protected persons and related groups with study permit only","Persons","249","units","0","v1566927692","10.4","129","","","","0"
"2025-01-01","Alberta","2021A000248","Asylum claimants, protected persons and related groups with study permit only","Persons","249","units","0","v1566927692","10.4","171","","","","0"
"2025-04-01","Alberta","2021A000248","Asylum claimants, protected persons and related groups with study permit only","Persons","249","units","0","v1566927692","10.4","155","","","","0"
"2025-07-01","Alberta","2021A000248","Asylum claimants, protected persons and related groups with study permit only","Persons","249","units","0","v1566927692","10.4","165","","","","0"
"2025-10-01","Alberta","2021A000248","Asylum claimants, protected persons and related groups with study permit only","Persons","249","units","0","v1566927692","10.4","179","","","","0"
"2026-01-01","Alberta","2021A000248","Asylum claimants, protected persons and related groups with study permit only","Persons","249","units","0","v1566927692","10.4","197","","","","0"
"2026-04-01","Alberta","2021A000248","Asylum claimants, protected persons and related groups with study permit only","Persons","249","units","0","v1566927692","10.4","205","","","","0"
"2026-07-01","Alberta","2021A000248","Asylum claimants, protected persons and related groups with study permit only","Persons","249","units","0","v1566927692","10.4","224","","","","0"
"2021-07-01","Alberta","2021A000248","Asylum claimants, protected persons and related groups with work and study permits","Persons","249","units","0","v1566927693","10.5","172","","","","0"
"2021-10-01","Alberta","2021A000248","Asylum claimants, protected persons and related groups with work and study permits","Persons","249","units","0","v1566927693","10.5","145","","","","0"
"2022-01-01","Alberta","2021A000248","Asylum claimants, protected persons and related groups with work and study permits","Persons","249","units","0","v1566927693","10.5","124","","","","0"
"2022-04-01","Alberta","2021A000248","Asylum claimants, protected persons and related groups with work and study permits","Persons","249","units","0","v1566927693","10.5","102","","","","0"
"2022-07-01","Alberta","2021A000248","Asylum claimants, protected persons and related groups with work and study permits","Persons","249","units","0","v1566927693","10.5","126","","","","0"
"2022-10-01","Alberta","2021A000248","Asylum claimants, protected persons and related groups with work and study permits","Persons","249","units","0","v1566927693","10.5","131","","","","0"
"2023-01-01","Alberta","2021A000248","Asylum claimants, protected persons and related groups with work and study permits","Persons","249","units","0","v1566927693","10.5","166","","","","0"
"2023-04-01","Alberta","2021A000248","Asylum claimants, protected persons and related groups with work and study permits","Persons","249","units","0","v1566927693","10.5","187","","","","0"
"2023-07-01","Alberta","2021A000248","Asylum claimants, protected persons and related groups with work and study permits","Persons","249","units","0","v1566927693","10.5","235","","","","0"
"2023-10-01","Alberta","2021A000248","Asylum claimants, protected persons and related groups with work and study permits","Persons","249","units","0","v1566927693","10.5","289","","","","0"
"2024-01-01","Alberta","2021A000248","Asylum claimants, protected persons and related groups with work and study permits","Persons","249","units","0","v1566927693","10.5","368","","","","0"
"2024-04-01","Alberta","2021A000248","Asylum claimants, protected persons and related groups with work and study permits","Persons","249","units","0","v1566927693","10.5","558","","","","0"
"2024-07-01","Alberta","2021A000248","Asylum claimants, protected persons and related groups with work and study permits","Persons","249","units","0","v1566927693","10.5","720","","","","0"
"2024-10-01","Alberta","2021A000248","Asylum claimants, protected persons and related groups with work and study permits","Persons","249","units","0","v1566927693","10.5","852","","","","0"
"2025-01-01","Alberta","2021A000248","Asylum claimants, protected persons and related groups with work and study permits","Persons","249","units","0","v1566927693","10.5","981","","","","0"
"2025-04-01","Alberta","2021A000248","Asylum claimants, protected persons and related groups with work and study permits","Persons","249","units","0","v1566927693","10.5","1115","","","","0"
"2025-07-01","Alberta","2021A000248","Asylum claimants, protected persons and related groups with work and study permits","Persons","249","units","0","v1566927693","10.5","1206","","","","0"
"2025-10-01","Alberta","2021A000248","Asylum claimants, protected persons and related groups with work and study permits","Persons","249","units","0","v1566927693","10.5","1160","","","","0"
"2026-01-01","Alberta","2021A000248","Asylum claimants, protected persons and related groups with work and study permits","Persons","249","units","0","v1566927693","10.5","1150","","","","0"
"2026-04-01","Alberta","2021A000248","Asylum claimants, protected persons and related groups with work and study permits","Persons","249","units","0","v1566927693","10.5","1165","","","","0"
"2026-07-01","Alberta","2021A000248","Asylum claimants, protected persons and related groups with work and study permits","Persons","249","units","0","v1566927693","10.5","1050","","","","0"
"2021-07-01","Alberta","2021A000248","Asylum claimants, protected persons and related groups without work or study permits","Persons","249","units","0","v1566927694","10.6","2282","","","","0"
"2021-10-01","Alberta","2021A000248","Asylum claimants, protected persons and related groups without work or study permits","Persons","249","units","0","v1566927694","10.6","2362","","","","0"
"2022-01-01","Alberta","2021A000248","Asylum claimants, protected persons and related groups without work or study permits","Persons","249","units","0","v1566927694","10.6","2734","","","","0"
"2022-04-01","Alberta","2021A000248","Asylum claimants, protected persons and related groups without work or study permits","Persons","249","units","0","v1566927694","10.6","2966","","","","0"
"2022-07-01","Alberta","2021A000248","Asylum claimants, protected persons and related groups without work or study permits","Persons","249","units","0","v1566927694","10.6","2927","","","","0"
"2022-10-01","Alberta","2021A000248","Asylum claimants, protected persons and related groups without work or study permits","Persons","249","units","0","v1566927694","10.6","2913","","","","0"
"2023-01-01","Alberta","2021A000248","Asylum claimants, protected persons and related groups without work or study permits","Persons","249","units","0","v1566927694","10.6","3217","","","","0"
"2023-04-01","Alberta","2021A000248","Asylum claimants, protected persons and related groups without work or study permits","Persons","249","units","0","v1566927694","10.6","3406","","","","0"
"2023-07-01","Alberta","2021A000248","Asylum claimants, protected persons and related groups without work or study permits","Persons","249","units","0","v1566927694","10.6","3830","","","","0"
"2023-10-01","Alberta","2021A000248","Asylum claimants, protected persons and related groups without work or study permits","Persons","249","units","0","v1566927694","10.6","4765","","","","0"
"2024-01-01","Alberta","2021A000248","Asylum claimants, protected persons and related groups without work or study permits","Persons","249","units","0","v1566927694","10.6","5192","","","","0"
"2024-04-01","Alberta","2021A000248","Asylum claimants, protected persons and related groups without work or study permits","Persons","249","units","0","v1566927694","10.6","5026","","","","0"
"2024-07-01","Alberta","2021A000248","Asylum claimants, protected persons and related groups without work or study permits","Persons","249","units","0","v1566927694","10.6","5350","","","","0"
"2024-10-01","Alberta","2021A000248","Asylum claimants, protected persons and related groups without work or study permits","Persons","249","units","0","v1566927694","10.6","5653","","","","0"
"2025-01-01","Alberta","2021A000248","Asylum claimants, protected persons and related groups without work or study permits","Persons","249","units","0","v1566927694","10.6","6061","","","","0"
"2025-04-01","Alberta","2021A000248","Asylum claimants, protected persons and related groups without work or study permits","Persons","249","units","0","v1566927694","10.6","6156","","","","0"
"2025-07-01","Alberta","2021A000248","Asylum claimants, protected persons and related groups without work or study permits","Persons","249","units","0","v1566927694","10.6","6423","","","","0"
"2025-10-01","Alberta","2021A000248","Asylum claimants, protected persons and related groups without work or study permits","Persons","249","units","0","v1566927694","10.6","7092","","","","0"
"2026-01-01","Alberta","2021A000248","Asylum claimants, protected persons and related groups without work or study permits","Persons","249","units","0","v1566927694","10.6","7370","","","","0"
"2026-04-01","Alberta","2021A000248","Asylum claimants, protected persons and related groups without work or study permits","Persons","249","units","0","v1566927694","10.6","7444","","","","0"
"2026-07-01","Alberta","2021A000248","Asylum claimants, protected persons and related groups without work or study permits","Persons","249","units","0","v1566927694","10.6","7736","","","","0"
"2021-07-01","Alberta","2021A000248","Total, permit holders and their family members","Persons","249","units","0","v1566927695","10.7","75797","","","","0"
"2021-10-01","Alberta","2021A000248","Total, permit holders and their family members","Persons","249","units","0","v1566927695","10.7","79902","","","","0"
"2022-01-01","Alberta","2021A000248","Total, permit holders and their family members","Persons","249","units","0","v1566927695","10.7","78257","","","","0"
"2022-04-01","Alberta","2021A000248","Total, permit holders and their family members","Persons","249","units","0","v1566927695","10.7","79080","","","","0"
"2022-07-01","Alberta","2021A000248","Total, permit holders and their family members","Persons","249","units","0","v1566927695","10.7","90475","","","","0"
"2022-10-01","Alberta","2021A000248","Total, permit holders and their family members","Persons","249","units","0","v1566927695","10.7","108409","","","","0"
"2023-01-01","Alberta","2021A000248","Total, permit holders and their family members","Persons","249","units","0","v1566927695","10.7","123712","","","","0"
"2023-04-01","Alberta","2021A000248","Total, permit holders and their family members","Persons","249","units","0","v1566927695","10.7","138203","","","","0"
"2023-07-01","Alberta","2021A000248","Total, permit holders and their family members","Persons","249","units","0","v1566927695","10.7","158804","","","","0"
"2023-10-01","Alberta","2021A000248","Total, permit holders and their family members","Persons","249","units","0","v1566927695","10.7","187674","","","","0"
"2024-01-01","Alberta","2021A000248","Total, permit holders and their family members","Persons","249","units","0","v1566927695","10.7","206586","","","","0"
"2024-04-01","Alberta","2021A000248","Total, permit holders and their family members","Persons","249","units","0","v1566927695","10.7","229844","","","","0"
"2024-07-01","Alberta","2021A000248","Total, permit holders and their family members","Persons","249","units","0","v1566927695","10.7","242753","","","","0"
"2024-10-01","Alberta","2021A000248","Total, permit holders and their family members","Persons","249","units","0","v1566927695","10.7","253250","","","","0"
"2025-01-01","Alberta","2021A000248","Total, permit holders and their family members","Persons","249","units","0","v1566927695","10.7","256151","","","","0"
"2025-04-01","Alberta","2021A000248","Total, permit holders and their family members","Persons","249","units","0","v1566927695","10.7","255126","","","","0"
"2025-07-01","Alberta","2021A000248","Total, permit holders and their family members","Persons","249","units","0","v1566927695","10.7","259014","","","","0"
"2025-10-01","Alberta","2021A000248","Total, permit holders and their family members","Persons","249","units","0","v1566927695","10.7","261825","","","","0"
"2026-01-01","Alberta","2021A000248","Total, permit holders and their family members","Persons","249","units","0","v1566927695","10.7","256407","","","","0"
"2026-04-01","Alberta","2021A000248","Total, permit holders and their family members","Persons","249","units","0","v1566927695","10.7","247462","","","","0"
"2026-07-01","Alberta","2021A000248","Total, permit holders and their family members","Persons","249","units","0","v1566927695","10.7","246320","","","","0"
"2021-07-01","Alberta","2021A000248","Work permit holders only","Persons","249","units","0","v1566927696","10.8","44069","","","","0"
"2021-10-01","Alberta","2021A000248","Work permit holders only","Persons","249","units","0","v1566927696","10.8","44169","","","","0"
"2022-01-01","Alberta","2021A000248","Work permit holders only","Persons","249","units","0","v1566927696","10.8","42294","","","","0"
"2022-04-01","Alberta","2021A000248","Work permit holders only","Persons","249","units","0","v1566927696","10.8","42603","","","","0"
"2022-07-01","Alberta","2021A000248","Work permit holders only","Persons","249","units","0","v1566927696","10.8","51297","","","","0"
"2022-10-01","Alberta","2021A000248","Work permit holders only","Persons","249","units","0","v1566927696","10.8","62319","","","","0"
"2023-01-01","Alberta","2021A000248","Work permit holders only","Persons","249","units","0","v1566927696","10.8","73051","","","","0"
"2023-04-01","Alberta","2021A000248","Work permit holders only","Persons","249","units","0","v1566927696","10.8","85165","","","","0"
"2023-07-01","Alberta","2021A000248","Work permit holders only","Persons","249","units","0","v1566927696","10.8","100729","","","","0"
"2023-10-01","Alberta","2021A000248","Work permit holders only","Persons","249","units","0","v1566927696","10.8","117661","","","","0"
"2024-01-01","Alberta","2021A000248","Work permit holders only","Persons","249","units","0","v1566927696","10.8","128148","","","","0"
"2024-04-01","Alberta","2021A000248","Work permit holders only","Persons","249","units","0","v1566927696","10.8","145504","","","","0"
"2024-07-01","Alberta","2021A000248","Work permit holders only","Persons","249","units","0","v1566927696","10.8","152551","","","","0"
"2024-10-01","Alberta","2021A000248","Work permit holders only","Persons","249","units","0","v1566927696","10.8","160310","","","","0"
"2025-01-01","Alberta","2021A000248","Work permit holders only","Persons","249","units","0","v1566927696","10.8","164253","","","","0"
"2025-04-01","Alberta","2021A000248","Work permit holders only","Persons","249","units","0","v1566927696","10.8","163857","","","","0"
"2025-07-01","Alberta","2021A000248","Work permit holders only","Persons","249","units","0","v1566927696","10.8","168848","","","","0"
"2025-10-01","Alberta","2021A000248","Work permit holders only","Persons","249","units","0","v1566927696","10.8","175990","","","","0"
"2026-01-01","Alberta","2021A000248","Work permit holders only","Persons","249","units","0","v1566927696","10.8","174957","","","","0"
"2026-04-01","Alberta","2021A000248","Work permit holders only","Persons","249","units","0","v1566927696","10.8","168503","","","","0"
"2026-07-01","Alberta","2021A000248","Work permit holders only","Persons","249","units","0","v1566927696","10.8","168142","","","","0"
"2021-07-01","Alberta","2021A000248","Study permit holders only","Persons","249","units","0","v1566927697","10.9","21830","","","","0"
"2021-10-01","Alberta","2021A000248","Study permit holders only","Persons","249","units","0","v1566927697","10.9","25647","","","","0"
"2022-01-01","Alberta","2021A000248","Study permit holders only","Persons","249","units","0","v1566927697","10.9","26729","","","","0"
"2022-04-01","Alberta","2021A000248","Study permit holders only","Persons","249","units","0","v1566927697","10.9","26394","","","","0"
"2022-07-01","Alberta","2021A000248","Study permit holders only","Persons","249","units","0","v1566927697","10.9","27479","","","","0"
"2022-10-01","Alberta","2021A000248","Study permit holders only","Persons","249","units","0","v1566927697","10.9","32421","","","","0"
"2023-01-01","Alberta","2021A000248","Study permit holders only","Persons","249","units","0","v1566927697","10.9","35275","","","","0"
"2023-04-01","Alberta","2021A000248","Study permit holders only","Persons","249","units","0","v1566927697","10.9","35062","","","","0"
"2023-07-01","Alberta","2021A000248","Study permit holders only","Persons","249","units","0","v1566927697","10.9","36937","","","","0"
"2023-10-01","Alberta","2021A000248","Study permit holders only","Persons","249","units","0","v1566927697","10.9","44624","","","","0"
"2024-01-01","Alberta","2021A000248","Study permit holders only","Persons","249","units","0","v1566927697","10.9","47836","","","","0"
"2024-04-01","Alberta","2021A000248","Study permit holders only","Persons","249","units","0","v1566927697","10.9","47577","","","","0"
"2024-07-01","Alberta","2021A000248","Study permit holders only","Persons","249","units","0","v1566927697","10.9","49529","","","","0"
"2024-10-01","Alberta","2021A000248","Study permit holders only","Persons","249","units","0","v1566927697","10.9","51684","","","","0"
"2025-01-01","Alberta","2021A000248","Study permit holders only","Persons","249","units","0","v1566927697","10.9","51172","","","","0"
"2025-04-01","Alberta","2021A000248","Study permit holders only","Persons","249","units","0","v1566927697","10.9","49670","","","","0"
"2025-07-01","Alberta","2021A000248","Study permit holders only","Persons","249","units","0","v1566927697","10.9","49419","","","","0"
"2025-10-01","Alberta","2021A000248","Study permit holders only","Persons","249","units","0","v1566927697","10.9","47542","","","","0"
"2026-01-01","Alberta","2021A000248","Study permit holders only","Persons","249","units","0","v1566927697","10.9","44851","","","","0"
"2026-04-01","Alberta","2021A000248","Study permit holders only","Persons","249","units","0","v1566927697","10.9","41600","","","","0"
"2026-07-01","Alberta","2021A000248","Study permit holders only","Persons","249","units","0","v1566927697","10.9","40245","","","","0"
"2021-07-01","Alberta","2021A000248","Work and study permit holders","Persons","249","units","0","v1566927698","10.10","6176","","","","0"
"2021-10-01","Alberta","2021A000248","Work and study permit holders","Persons","249","units","0","v1566927698","10.10","6209","","","","0"
"2022-01-01","Alberta","2021A000248","Work and study permit holders","Persons","249","units","0","v1566927698","10.10","5454","","","","0"
"2022-04-01","Alberta","2021A000248","Work and study permit holders","Persons","249","units","0","v1566927698","10.10","5595","","","","0"
"2022-07-01","Alberta","2021A000248","Work and study permit holders","Persons","249","units","0","v1566927698","10.10","6226","","","","0"
"2022-10-01","Alberta","2021A000248","Work and study permit holders","Persons","249","units","0","v1566927698","10.10","7254","","","","0"
"2023-01-01","Alberta","2021A000248","Work and study permit holders","Persons","249","units","0","v1566927698","10.10","7996","","","","0"
"2023-04-01","Alberta","2021A000248","Work and study permit holders","Persons","249","units","0","v1566927698","10.10","9270","","","","0"
"2023-07-01","Alberta","2021A000248","Work and study permit holders","Persons","249","units","0","v1566927698","10.10","11072","","","","0"
"2023-10-01","Alberta","2021A000248","Work and study permit holders","Persons","249","units","0","v1566927698","10.10","13679","","","","0"
"2024-01-01","Alberta","2021A000248","Work and study permit holders","Persons","249","units","0","v1566927698","10.10","15541","","","","0"
"2024-04-01","Alberta","2021A000248","Work and study permit holders","Persons","249","units","0","v1566927698","10.10","17792","","","","0"
"2024-07-01","Alberta","2021A000248","Work and study permit holders","Persons","249","units","0","v1566927698","10.10","20897","","","","0"
"2024-10-01","Alberta","2021A000248","Work and study permit holders","Persons","249","units","0","v1566927698","10.10","21094","","","","0"
"2025-01-01","Alberta","2021A000248","Work and study permit holders","Persons","249","units","0","v1566927698","10.10","20727","","","","0"
"2025-04-01","Alberta","2021A000248","Work and study permit holders","Persons","249","units","0","v1566927698","10.10","21121","","","","0"
"2025-07-01","Alberta","2021A000248","Work and study permit holders","Persons","249","units","0","v1566927698","10.10","20943","","","","0"
"2025-10-01","Alberta","2021A000248","Work and study permit holders","Persons","249","units","0","v1566927698","10.10","18243","","","","0"
"2026-01-01","Alberta","2021A000248","Work and study permit holders","Persons","249","units","0","v1566927698","10.10","16861","","","","0"
"2026-04-01","Alberta","2021A000248","Work and study permit holders","Persons","249","units","0","v1566927698","10.10","18574","","","","0"
"2026-07-01","Alberta","2021A000248","Work and study permit holders","Persons","249","units","0","v1566927698","10.10","18265","","","","0"
"2021-07-01","Alberta","2021A000248","Other","Persons","249","units","0","v1566927699","10.11","3722","","","","0"
"2021-10-01","Alberta","2021A000248","Other","Persons","249","units","0","v1566927699","10.11","3877","","","","0"
"2022-01-01","Alberta","2021A000248","Other","Persons","249","units","0","v1566927699","10.11","3780","","","","0"
"2022-04-01","Alberta","2021A000248","Other","Persons","249","units","0","v1566927699","10.11","4488","","","","0"
"2022-07-01","Alberta","2021A000248","Other","Persons","249","units","0","v1566927699","10.11","5473","","","","0"
"2022-10-01","Alberta","2021A000248","Other","Persons","249","units","0","v1566927699","10.11","6415","","","","0"
"2023-01-01","Alberta","2021A000248","Other","Persons","249","units","0","v1566927699","10.11","7390","","","","0"
"2023-04-01","Alberta","2021A000248","Other","Persons","249","units","0","v1566927699","10.11","8706","","","","0"
"2023-07-01","Alberta","2021A000248","Other","Persons","249","units","0","v1566927699","10.11","10066","","","","0"
"2023-10-01","Alberta","2021A000248","Other","Persons","249","units","0","v1566927699","10.11","11710","","","","0"
"2024-01-01","Alberta","2021A000248","Other","Persons","249","units","0","v1566927699","10.11","15061","","","","0"
"2024-04-01","Alberta","2021A000248","Other","Persons","249","units","0","v1566927699","10.11","18971","","","","0"
"2024-07-01","Alberta","2021A000248","Other","Persons","249","units","0","v1566927699","10.11","19776","","","","0"
"2024-10-01","Alberta","2021A000248","Other","Persons","249","units","0","v1566927699","10.11","20162","","","","0"
"2025-01-01","Alberta","2021A000248","Other","Persons","249","units","0","v1566927699","10.11","19999","","","","0"
"2025-04-01","Alberta","2021A000248","Other","Persons","249","units","0","v1566927699","10.11","20478","","","","0"
"2025-07-01","Alberta","2021A000248","Other","Persons","249","units","0","v1566927699","10.11","19804","","","","0"
"2025-10-01","Alberta","2021A000248","Other","Persons","249","units","0","v1566927699","10.11","20050","","","","0"
"2026-01-01","Alberta","2021A000248","Other","Persons","249","units","0","v1566927699","10.11","19738","","","","0"
"2026-04-01","Alberta","2021A000248","Other","Persons","249","units","0","v1566927699","10.11","18785","","","","0"
"2026-07-01","Alberta","2021A000248","Other","Persons","249","units","0","v1566927699","10.11","19668","","","","0"
"2021-07-01","British Columbia","2021A000259","Total, non-permanent residents","Persons","249","units","0","v1566927700","11.1","257409","","","","0"
"2021-10-01","British Columbia","2021A000259","Total, non-permanent residents","Persons","249","units","0","v1566927700","11.1","270550","","","","0"
"2022-01-01","British Columbia","2021A000259","Total, non-permanent residents","Persons","249","units","0","v1566927700","11.1","262105","","","","0"
"2022-04-01","British Columbia","2021A000259","Total, non-permanent residents","Persons","249","units","0","v1566927700","11.1","266097","","","","0"
"2022-07-01","British Columbia","2021A000259","Total, non-permanent residents","Persons","249","units","0","v1566927700","11.1","290764","","","","0"
"2022-10-01","British Columbia","2021A000259","Total, non-permanent residents","Persons","249","units","0","v1566927700","11.1","326911","","","","0"
"2023-01-01","British Columbia","2021A000259","Total, non-permanent residents","Persons","249","units","0","v1566927700","11.1","347762","","","","0"
"2023-04-01","British Columbia","2021A000259","Total, non-permanent residents","Persons","249","units","0","v1566927700","11.1","357979","","","","0"
"2023-07-01","British Columbia","2021A000259","Total, non-permanent residents","Persons","249","units","0","v1566927700","11.1","394408","","","","0"
"2023-10-01","British Columbia","2021A000259","Total, non-permanent residents","Persons","249","units","0","v1566927700","11.1","444272","","","","0"
"2024-01-01","British Columbia","2021A000259","Total, non-permanent residents","Persons","249","units","0","v1566927700","11.1","460918","","","","0"
"2024-04-01","British Columbia","2021A000259","Total, non-permanent residents","Persons","249","units","0","v1566927700","11.1","482765","","","","0"
"2024-07-01","British Columbia","2021A000259","Total, non-permanent residents","Persons","249","units","0","v1566927700","11.1","498203","","","","0"
"2024-10-01","British Columbia","2021A000259","Total, non-permanent residents","Persons","249","units","0","v1566927700","11.1","511542","","","","0"
"2025-01-01","British Columbia","2021A000259","Total, non-permanent residents","Persons","249","units","0","v1566927700","11.1","503000","","","","0"
"2025-04-01","British Columbia","2021A000259","Total, non-permanent residents","Persons","249","units","0","v1566927700","11.1","496329","","","","0"
"2025-07-01","British Columbia","2021A000259","Total, non-permanent residents","Persons","249","units","0","v1566927700","11.1","497321","","","","0"
"2025-10-01","British Columbia","2021A000259","Total, non-permanent residents","Persons","249","units","0","v1566927700","11.1","498780","","","","0"
"2026-01-01","British Columbia","2021A000259","Total, non-permanent residents","Persons","249","units","0","v1566927700","11.1","482064","","","","0"
"2026-04-01","British Columbia","2021A000259","Total, non-permanent residents","Persons","249","units","0","v1566927700","11.1","471997","","","","0"
"2026-07-01","British Columbia","2021A000259","Total, non-permanent residents","Persons","249","units","0","v1566927700","11.1","465514","","","","0"
"2021-07-01","British Columbia","2021A000259","Total, asylum claimants, protected persons and related groups","Persons","249","units","0","v1566927701","11.2","8932","","","","0"
"2021-10-01","British Columbia","2021A000259","Total, asylum claimants, protected persons and related groups","Persons","249","units","0","v1566927701","11.2","8672","","","","0"
"2022-01-01","British Columbia","2021A000259","Total, asylum claimants, protected persons and related groups","Persons","249","units","0","v1566927701","11.2","8351","","","","0"
"2022-04-01","British Columbia","2021A000259","Total, asylum claimants, protected persons and related groups","Persons","249","units","0","v1566927701","11.2","8335","","","","0"
"2022-07-01","British Columbia","2021A000259","Total, asylum claimants, protected persons and related groups","Persons","249","units","0","v1566927701","11.2","8756","","","","0"
"2022-10-01","British Columbia","2021A000259","Total, asylum claimants, protected persons and related groups","Persons","249","units","0","v1566927701","11.2","9158","","","","0"
"2023-01-01","British Columbia","2021A000259","Total, asylum claimants, protected persons and related groups","Persons","249","units","0","v1566927701","11.2","10335","","","","0"
"2023-04-01","British Columbia","2021A000259","Total, asylum claimants, protected persons and related groups","Persons","249","units","0","v1566927701","11.2","11277","","","","0"
"2023-07-01","British Columbia","2021A000259","Total, asylum claimants, protected persons and related groups","Persons","249","units","0","v1566927701","11.2","12618","","","","0"
"2023-10-01","British Columbia","2021A000259","Total, asylum claimants, protected persons and related groups","Persons","249","units","0","v1566927701","11.2","14404","","","","0"
"2024-01-01","British Columbia","2021A000259","Total, asylum claimants, protected persons and related groups","Persons","249","units","0","v1566927701","11.2","16496","","","","0"
"2024-04-01","British Columbia","2021A000259","Total, asylum claimants, protected persons and related groups","Persons","249","units","0","v1566927701","11.2","18552","","","","0"
"2024-07-01","British Columbia","2021A000259","Total, asylum claimants, protected persons and related groups","Persons","249","units","0","v1566927701","11.2","20811","","","","0"
"2024-10-01","British Columbia","2021A000259","Total, asylum claimants, protected persons and related groups","Persons","249","units","0","v1566927701","11.2","22841","","","","0"
"2025-01-01","British Columbia","2021A000259","Total, asylum claimants, protected persons and related groups","Persons","249","units","0","v1566927701","11.2","25960","","","","0"
"2025-04-01","British Columbia","2021A000259","Total, asylum claimants, protected persons and related groups","Persons","249","units","0","v1566927701","11.2","28430","","","","0"
"2025-07-01","British Columbia","2021A000259","Total, asylum claimants, protected persons and related groups","Persons","249","units","0","v1566927701","11.2","30879","","","","0"
"2025-10-01","British Columbia","2021A000259","Total, asylum claimants, protected persons and related groups","Persons","249","units","0","v1566927701","11.2","33365","","","","0"
"2026-01-01","British Columbia","2021A000259","Total, asylum claimants, protected persons and related groups","Persons","249","units","0","v1566927701","11.2","35827","","","","0"
"2026-04-01","British Columbia","2021A000259","Total, asylum claimants, protected persons and related groups","Persons","249","units","0","v1566927701","11.2","37947","","","","0"
"2026-07-01","British Columbia","2021A000259","Total, asylum claimants, protected persons and related groups","Persons","249","units","0","v1566927701","11.2","37897","","","","0"
"2021-07-01","British Columbia","2021A000259","Asylum claimants, protected persons and related groups with work permit only","Persons","249","units","0","v1566927702","11.3","5001","","","","0"
"2021-10-01","British Columbia","2021A000259","Asylum claimants, protected persons and related groups with work permit only","Persons","249","units","0","v1566927702","11.3","4729","","","","0"
"2022-01-01","British Columbia","2021A000259","Asylum claimants, protected persons and related groups with work permit only","Persons","249","units","0","v1566927702","11.3","4172","","","","0"
"2022-04-01","British Columbia","2021A000259","Asylum claimants, protected persons and related groups with work permit only","Persons","249","units","0","v1566927702","11.3","3781","","","","0"
"2022-07-01","British Columbia","2021A000259","Asylum claimants, protected persons and related groups with work permit only","Persons","249","units","0","v1566927702","11.3","4333","","","","0"
"2022-10-01","British Columbia","2021A000259","Asylum claimants, protected persons and related groups with work permit only","Persons","249","units","0","v1566927702","11.3","5150","","","","0"
"2023-01-01","British Columbia","2021A000259","Asylum claimants, protected persons and related groups with work permit only","Persons","249","units","0","v1566927702","11.3","6235","","","","0"
"2023-04-01","British Columbia","2021A000259","Asylum claimants, protected persons and related groups with work permit only","Persons","249","units","0","v1566927702","11.3","7013","","","","0"
"2023-07-01","British Columbia","2021A000259","Asylum claimants, protected persons and related groups with work permit only","Persons","249","units","0","v1566927702","11.3","7775","","","","0"
"2023-10-01","British Columbia","2021A000259","Asylum claimants, protected persons and related groups with work permit only","Persons","249","units","0","v1566927702","11.3","8882","","","","0"
"2024-01-01","British Columbia","2021A000259","Asylum claimants, protected persons and related groups with work permit only","Persons","249","units","0","v1566927702","11.3","10284","","","","0"
"2024-04-01","British Columbia","2021A000259","Asylum claimants, protected persons and related groups with work permit only","Persons","249","units","0","v1566927702","11.3","12206","","","","0"
"2024-07-01","British Columbia","2021A000259","Asylum claimants, protected persons and related groups with work permit only","Persons","249","units","0","v1566927702","11.3","13868","","","","0"
"2024-10-01","British Columbia","2021A000259","Asylum claimants, protected persons and related groups with work permit only","Persons","249","units","0","v1566927702","11.3","15597","","","","0"
"2025-01-01","British Columbia","2021A000259","Asylum claimants, protected persons and related groups with work permit only","Persons","249","units","0","v1566927702","11.3","17762","","","","0"
"2025-04-01","British Columbia","2021A000259","Asylum claimants, protected persons and related groups with work permit only","Persons","249","units","0","v1566927702","11.3","19662","","","","0"
"2025-07-01","British Columbia","2021A000259","Asylum claimants, protected persons and related groups with work permit only","Persons","249","units","0","v1566927702","11.3","21928","","","","0"
"2025-10-01","British Columbia","2021A000259","Asylum claimants, protected persons and related groups with work permit only","Persons","249","units","0","v1566927702","11.3","24074","","","","0"
"2026-01-01","British Columbia","2021A000259","Asylum claimants, protected persons and related groups with work permit only","Persons","249","units","0","v1566927702","11.3","26144","","","","0"
"2026-04-01","British Columbia","2021A000259","Asylum claimants, protected persons and related groups with work permit only","Persons","249","units","0","v1566927702","11.3","27859","","","","0"
"2026-07-01","British Columbia","2021A000259","Asylum claimants, protected persons and related groups with work permit only","Persons","249","units","0","v1566927702","11.3","27614","","","","0"
"2021-07-01","British Columbia","2021A000259","Asylum claimants, protected persons and related groups with study permit only","Persons","249","units","0","v1566927703","11.4","206","","","","0"
"2021-10-01","British Columbia","2021A000259","Asylum claimants, protected persons and related groups with study permit only","Persons","249","units","0","v1566927703","11.4","180","","","","0"
"2022-01-01","British Columbia","2021A000259","Asylum claimants, protected persons and related groups with study permit only","Persons","249","units","0","v1566927703","11.4","158","","","","0"
"2022-04-01","British Columbia","2021A000259","Asylum claimants, protected persons and related groups with study permit only","Persons","249","units","0","v1566927703","11.4","175","","","","0"
"2022-07-01","British Columbia","2021A000259","Asylum claimants, protected persons and related groups with study permit only","Persons","249","units","0","v1566927703","11.4","171","","","","0"
"2022-10-01","British Columbia","2021A000259","Asylum claimants, protected persons and related groups with study permit only","Persons","249","units","0","v1566927703","11.4","117","","","","0"
"2023-01-01","British Columbia","2021A000259","Asylum claimants, protected persons and related groups with study permit only","Persons","249","units","0","v1566927703","11.4","108","","","","0"
"2023-04-01","British Columbia","2021A000259","Asylum claimants, protected persons and related groups with study permit only","Persons","249","units","0","v1566927703","11.4","163","","","","0"
"2023-07-01","British Columbia","2021A000259","Asylum claimants, protected persons and related groups with study permit only","Persons","249","units","0","v1566927703","11.4","174","","","","0"
"2023-10-01","British Columbia","2021A000259","Asylum claimants, protected persons and related groups with study permit only","Persons","249","units","0","v1566927703","11.4","169","","","","0"
"2024-01-01","British Columbia","2021A000259","Asylum claimants, protected persons and related groups with study permit only","Persons","249","units","0","v1566927703","11.4","182","","","","0"
"2024-04-01","British Columbia","2021A000259","Asylum claimants, protected persons and related groups with study permit only","Persons","249","units","0","v1566927703","11.4","230","","","","0"
"2024-07-01","British Columbia","2021A000259","Asylum claimants, protected persons and related groups with study permit only","Persons","249","units","0","v1566927703","11.4","257","","","","0"
"2024-10-01","British Columbia","2021A000259","Asylum claimants, protected persons and related groups with study permit only","Persons","249","units","0","v1566927703","11.4","260","","","","0"
"2025-01-01","British Columbia","2021A000259","Asylum claimants, protected persons and related groups with study permit only","Persons","249","units","0","v1566927703","11.4","313","","","","0"
"2025-04-01","British Columbia","2021A000259","Asylum claimants, protected persons and related groups with study permit only","Persons","249","units","0","v1566927703","11.4","305","","","","0"
"2025-07-01","British Columbia","2021A000259","Asylum claimants, protected persons and related groups with study permit only","Persons","249","units","0","v1566927703","11.4","351","","","","0"
"2025-10-01","British Columbia","2021A000259","Asylum claimants, protected persons and related groups with study permit only","Persons","249","units","0","v1566927703","11.4","316","","","","0"
"2026-01-01","British Columbia","2021A000259","Asylum claimants, protected persons and related groups with study permit only","Persons","249","units","0","v1566927703","11.4","356","","","","0"
"2026-04-01","British Columbia","2021A000259","Asylum claimants, protected persons and related groups with study permit only","Persons","249","units","0","v1566927703","11.4","376","","","","0"
"2026-07-01","British Columbia","2021A000259","Asylum claimants, protected persons and related groups with study permit only","Persons","249","units","0","v1566927703","11.4","354","","","","0"
"2021-07-01","British Columbia","2021A000259","Asylum claimants, protected persons and related groups with work and study permits","Persons","249","units","0","v1566927704","11.5","255","","","","0"
"2021-10-01","British Columbia","2021A000259","Asylum claimants, protected persons and related groups with work and study permits","Persons","249","units","0","v1566927704","11.5","246","","","","0"
"2022-01-01","British Columbia","2021A000259","Asylum claimants, protected persons and related groups with work and study permits","Persons","249","units","0","v1566927704","11.5","243","","","","0"
"2022-04-01","British Columbia","2021A000259","Asylum claimants, protected persons and related groups with work and study permits","Persons","249","units","0","v1566927704","11.5","219","","","","0"
"2022-07-01","British Columbia","2021A000259","Asylum claimants, protected persons and related groups with work and study permits","Persons","249","units","0","v1566927704","11.5","236","","","","0"
"2022-10-01","British Columbia","2021A000259","Asylum claimants, protected persons and related groups with work and study permits","Persons","249","units","0","v1566927704","11.5","259","","","","0"
"2023-01-01","British Columbia","2021A000259","Asylum claimants, protected persons and related groups with work and study permits","Persons","249","units","0","v1566927704","11.5","332","","","","0"
"2023-04-01","British Columbia","2021A000259","Asylum claimants, protected persons and related groups with work and study permits","Persons","249","units","0","v1566927704","11.5","410","","","","0"
"2023-07-01","British Columbia","2021A000259","Asylum claimants, protected persons and related groups with work and study permits","Persons","249","units","0","v1566927704","11.5","509","","","","0"
"2023-10-01","British Columbia","2021A000259","Asylum claimants, protected persons and related groups with work and study permits","Persons","249","units","0","v1566927704","11.5","599","","","","0"
"2024-01-01","British Columbia","2021A000259","Asylum claimants, protected persons and related groups with work and study permits","Persons","249","units","0","v1566927704","11.5","728","","","","0"
"2024-04-01","British Columbia","2021A000259","Asylum claimants, protected persons and related groups with work and study permits","Persons","249","units","0","v1566927704","11.5","882","","","","0"
"2024-07-01","British Columbia","2021A000259","Asylum claimants, protected persons and related groups with work and study permits","Persons","249","units","0","v1566927704","11.5","1076","","","","0"
"2024-10-01","British Columbia","2021A000259","Asylum claimants, protected persons and related groups with work and study permits","Persons","249","units","0","v1566927704","11.5","1127","","","","0"
"2025-01-01","British Columbia","2021A000259","Asylum claimants, protected persons and related groups with work and study permits","Persons","249","units","0","v1566927704","11.5","1527","","","","0"
"2025-04-01","British Columbia","2021A000259","Asylum claimants, protected persons and related groups with work and study permits","Persons","249","units","0","v1566927704","11.5","2016","","","","0"
"2025-07-01","British Columbia","2021A000259","Asylum claimants, protected persons and related groups with work and study permits","Persons","249","units","0","v1566927704","11.5","2325","","","","0"
"2025-10-01","British Columbia","2021A000259","Asylum claimants, protected persons and related groups with work and study permits","Persons","249","units","0","v1566927704","11.5","2205","","","","0"
"2026-01-01","British Columbia","2021A000259","Asylum claimants, protected persons and related groups with work and study permits","Persons","249","units","0","v1566927704","11.5","2270","","","","0"
"2026-04-01","British Columbia","2021A000259","Asylum claimants, protected persons and related groups with work and study permits","Persons","249","units","0","v1566927704","11.5","2488","","","","0"
"2026-07-01","British Columbia","2021A000259","Asylum claimants, protected persons and related groups with work and study permits","Persons","249","units","0","v1566927704","11.5","2070","","","","0"
"2021-07-01","British Columbia","2021A000259","Asylum claimants, protected persons and related groups without work or study permits","Persons","249","units","0","v1566927705","11.6","3470","","","","0"
"2021-10-01","British Columbia","2021A000259","Asylum claimants, protected persons and related groups without work or study permits","Persons","249","units","0","v1566927705","11.6","3517","","","","0"
"2022-01-01","British Columbia","2021A000259","Asylum claimants, protected persons and related groups without work or study permits","Persons","249","units","0","v1566927705","11.6","3778","","","","0"
"2022-04-01","British Columbia","2021A000259","Asylum claimants, protected persons and related groups without work or study permits","Persons","249","units","0","v1566927705","11.6","4160","","","","0"
"2022-07-01","British Columbia","2021A000259","Asylum claimants, protected persons and related groups without work or study permits","Persons","249","units","0","v1566927705","11.6","4016","","","","0"
"2022-10-01","British Columbia","2021A000259","Asylum claimants, protected persons and related groups without work or study permits","Persons","249","units","0","v1566927705","11.6","3632","","","","0"
"2023-01-01","British Columbia","2021A000259","Asylum claimants, protected persons and related groups without work or study permits","Persons","249","units","0","v1566927705","11.6","3660","","","","0"
"2023-04-01","British Columbia","2021A000259","Asylum claimants, protected persons and related groups without work or study permits","Persons","249","units","0","v1566927705","11.6","3691","","","","0"
"2023-07-01","British Columbia","2021A000259","Asylum claimants, protected persons and related groups without work or study permits","Persons","249","units","0","v1566927705","11.6","4160","","","","0"
"2023-10-01","British Columbia","2021A000259","Asylum claimants, protected persons and related groups without work or study permits","Persons","249","units","0","v1566927705","11.6","4754","","","","0"
"2024-01-01","British Columbia","2021A000259","Asylum claimants, protected persons and related groups without work or study permits","Persons","249","units","0","v1566927705","11.6","5302","","","","0"
"2024-04-01","British Columbia","2021A000259","Asylum claimants, protected persons and related groups without work or study permits","Persons","249","units","0","v1566927705","11.6","5234","","","","0"
"2024-07-01","British Columbia","2021A000259","Asylum claimants, protected persons and related groups without work or study permits","Persons","249","units","0","v1566927705","11.6","5610","","","","0"
"2024-10-01","British Columbia","2021A000259","Asylum claimants, protected persons and related groups without work or study permits","Persons","249","units","0","v1566927705","11.6","5857","","","","0"
"2025-01-01","British Columbia","2021A000259","Asylum claimants, protected persons and related groups without work or study permits","Persons","249","units","0","v1566927705","11.6","6358","","","","0"
"2025-04-01","British Columbia","2021A000259","Asylum claimants, protected persons and related groups without work or study permits","Persons","249","units","0","v1566927705","11.6","6447","","","","0"
"2025-07-01","British Columbia","2021A000259","Asylum claimants, protected persons and related groups without work or study permits","Persons","249","units","0","v1566927705","11.6","6275","","","","0"
"2025-10-01","British Columbia","2021A000259","Asylum claimants, protected persons and related groups without work or study permits","Persons","249","units","0","v1566927705","11.6","6770","","","","0"
"2026-01-01","British Columbia","2021A000259","Asylum claimants, protected persons and related groups without work or study permits","Persons","249","units","0","v1566927705","11.6","7057","","","","0"
"2026-04-01","British Columbia","2021A000259","Asylum claimants, protected persons and related groups without work or study permits","Persons","249","units","0","v1566927705","11.6","7224","","","","0"
"2026-07-01","British Columbia","2021A000259","Asylum claimants, protected persons and related groups without work or study permits","Persons","249","units","0","v1566927705","11.6","7859","","","","0"
"2021-07-01","British Columbia","2021A000259","Total, permit holders and their family members","Persons","249","units","0","v1566927706","11.7","248477","","","","0"
"2021-10-01","British Columbia","2021A000259","Total, permit holders and their family members","Persons","249","units","0","v1566927706","11.7","261878","","","","0"
"2022-01-01","British Columbia","2021A000259","Total, permit holders and their family members","Persons","249","units","0","v1566927706","11.7","253754","","","","0"
"2022-04-01","British Columbia","2021A000259","Total, permit holders and their family members","Persons","249","units","0","v1566927706","11.7","257762","","","","0"
"2022-07-01","British Columbia","2021A000259","Total, permit holders and their family members","Persons","249","units","0","v1566927706","11.7","282008","","","","0"
"2022-10-01","British Columbia","2021A000259","Total, permit holders and their family members","Persons","249","units","0","v1566927706","11.7","317753","","","","0"
"2023-01-01","British Columbia","2021A000259","Total, permit holders and their family members","Persons","249","units","0","v1566927706","11.7","337427","","","","0"
"2023-04-01","British Columbia","2021A000259","Total, permit holders and their family members","Persons","249","units","0","v1566927706","11.7","346702","","","","0"
"2023-07-01","British Columbia","2021A000259","Total, permit holders and their family members","Persons","249","units","0","v1566927706","11.7","381790","","","","0"
"2023-10-01","British Columbia","2021A000259","Total, permit holders and their family members","Persons","249","units","0","v1566927706","11.7","429868","","","","0"
"2024-01-01","British Columbia","2021A000259","Total, permit holders and their family members","Persons","249","units","0","v1566927706","11.7","444422","","","","0"
"2024-04-01","British Columbia","2021A000259","Total, permit holders and their family members","Persons","249","units","0","v1566927706","11.7","464213","","","","0"
"2024-07-01","British Columbia","2021A000259","Total, permit holders and their family members","Persons","249","units","0","v1566927706","11.7","477392","","","","0"
"2024-10-01","British Columbia","2021A000259","Total, permit holders and their family members","Persons","249","units","0","v1566927706","11.7","488701","","","","0"
"2025-01-01","British Columbia","2021A000259","Total, permit holders and their family members","Persons","249","units","0","v1566927706","11.7","477040","","","","0"
"2025-04-01","British Columbia","2021A000259","Total, permit holders and their family members","Persons","249","units","0","v1566927706","11.7","467899","","","","0"
"2025-07-01","British Columbia","2021A000259","Total, permit holders and their family members","Persons","249","units","0","v1566927706","11.7","466442","","","","0"
"2025-10-01","British Columbia","2021A000259","Total, permit holders and their family members","Persons","249","units","0","v1566927706","11.7","465415","","","","0"
"2026-01-01","British Columbia","2021A000259","Total, permit holders and their family members","Persons","249","units","0","v1566927706","11.7","446237","","","","0"
"2026-04-01","British Columbia","2021A000259","Total, permit holders and their family members","Persons","249","units","0","v1566927706","11.7","434050","","","","0"
"2026-07-01","British Columbia","2021A000259","Total, permit holders and their family members","Persons","249","units","0","v1566927706","11.7","427617","","","","0"
"2021-07-01","British Columbia","2021A000259","Work permit holders only","Persons","249","units","0","v1566927707","11.8","119387","","","","0"
"2021-10-01","British Columbia","2021A000259","Work permit holders only","Persons","249","units","0","v1566927707","11.8","118875","","","","0"
"2022-01-01","British Columbia","2021A000259","Work permit holders only","Persons","249","units","0","v1566927707","11.8","110012","","","","0"
"2022-04-01","British Columbia","2021A000259","Work permit holders only","Persons","249","units","0","v1566927707","11.8","112365","","","","0"
"2022-07-01","British Columbia","2021A000259","Work permit holders only","Persons","249","units","0","v1566927707","11.8","126594","","","","0"
"2022-10-01","British Columbia","2021A000259","Work permit holders only","Persons","249","units","0","v1566927707","11.8","149097","","","","0"
"2023-01-01","British Columbia","2021A000259","Work permit holders only","Persons","249","units","0","v1566927707","11.8","159564","","","","0"
"2023-04-01","British Columbia","2021A000259","Work permit holders only","Persons","249","units","0","v1566927707","11.8","167629","","","","0"
"2023-07-01","British Columbia","2021A000259","Work permit holders only","Persons","249","units","0","v1566927707","11.8","189216","","","","0"
"2023-10-01","British Columbia","2021A000259","Work permit holders only","Persons","249","units","0","v1566927707","11.8","219696","","","","0"
"2024-01-01","British Columbia","2021A000259","Work permit holders only","Persons","249","units","0","v1566927707","11.8","225067","","","","0"
"2024-04-01","British Columbia","2021A000259","Work permit holders only","Persons","249","units","0","v1566927707","11.8","238489","","","","0"
"2024-07-01","British Columbia","2021A000259","Work permit holders only","Persons","249","units","0","v1566927707","11.8","247598","","","","0"
"2024-10-01","British Columbia","2021A000259","Work permit holders only","Persons","249","units","0","v1566927707","11.8","261459","","","","0"
"2025-01-01","British Columbia","2021A000259","Work permit holders only","Persons","249","units","0","v1566927707","11.8","259395","","","","0"
"2025-04-01","British Columbia","2021A000259","Work permit holders only","Persons","249","units","0","v1566927707","11.8","257626","","","","0"
"2025-07-01","British Columbia","2021A000259","Work permit holders only","Persons","249","units","0","v1566927707","11.8","266529","","","","0"
"2025-10-01","British Columbia","2021A000259","Work permit holders only","Persons","249","units","0","v1566927707","11.8","280524","","","","0"
"2026-01-01","British Columbia","2021A000259","Work permit holders only","Persons","249","units","0","v1566927707","11.8","275266","","","","0"
"2026-04-01","British Columbia","2021A000259","Work permit holders only","Persons","249","units","0","v1566927707","11.8","268875","","","","0"
"2026-07-01","British Columbia","2021A000259","Work permit holders only","Persons","249","units","0","v1566927707","11.8","270105","","","","0"
"2021-07-01","British Columbia","2021A000259","Study permit holders only","Persons","249","units","0","v1566927708","11.9","92608","","","","0"
"2021-10-01","British Columbia","2021A000259","Study permit holders only","Persons","249","units","0","v1566927708","11.9","107364","","","","0"
"2022-01-01","British Columbia","2021A000259","Study permit holders only","Persons","249","units","0","v1566927708","11.9","109854","","","","0"
"2022-04-01","British Columbia","2021A000259","Study permit holders only","Persons","249","units","0","v1566927708","11.9","109934","","","","0"
"2022-07-01","British Columbia","2021A000259","Study permit holders only","Persons","249","units","0","v1566927708","11.9","115621","","","","0"
"2022-10-01","British Columbia","2021A000259","Study permit holders only","Persons","249","units","0","v1566927708","11.9","125203","","","","0"
"2023-01-01","British Columbia","2021A000259","Study permit holders only","Persons","249","units","0","v1566927708","11.9","132198","","","","0"
"2023-04-01","British Columbia","2021A000259","Study permit holders only","Persons","249","units","0","v1566927708","11.9","129723","","","","0"
"2023-07-01","British Columbia","2021A000259","Study permit holders only","Persons","249","units","0","v1566927708","11.9","136970","","","","0"
"2023-10-01","British Columbia","2021A000259","Study permit holders only","Persons","249","units","0","v1566927708","11.9","149501","","","","0"
"2024-01-01","British Columbia","2021A000259","Study permit holders only","Persons","249","units","0","v1566927708","11.9","153383","","","","0"
"2024-04-01","British Columbia","2021A000259","Study permit holders only","Persons","249","units","0","v1566927708","11.9","151118","","","","0"
"2024-07-01","British Columbia","2021A000259","Study permit holders only","Persons","249","units","0","v1566927708","11.9","150344","","","","0"
"2024-10-01","British Columbia","2021A000259","Study permit holders only","Persons","249","units","0","v1566927708","11.9","151872","","","","0"
"2025-01-01","British Columbia","2021A000259","Study permit holders only","Persons","249","units","0","v1566927708","11.9","145624","","","","0"
"2025-04-01","British Columbia","2021A000259","Study permit holders only","Persons","249","units","0","v1566927708","11.9","136427","","","","0"
"2025-07-01","British Columbia","2021A000259","Study permit holders only","Persons","249","units","0","v1566927708","11.9","130437","","","","0"
"2025-10-01","British Columbia","2021A000259","Study permit holders only","Persons","249","units","0","v1566927708","11.9","121739","","","","0"
"2026-01-01","British Columbia","2021A000259","Study permit holders only","Persons","249","units","0","v1566927708","11.9","112576","","","","0"
"2026-04-01","British Columbia","2021A000259","Study permit holders only","Persons","249","units","0","v1566927708","11.9","104885","","","","0"
"2026-07-01","British Columbia","2021A000259","Study permit holders only","Persons","249","units","0","v1566927708","11.9","95156","","","","0"
"2021-07-01","British Columbia","2021A000259","Work and study permit holders","Persons","249","units","0","v1566927709","11.10","26554","","","","0"
"2021-10-01","British Columbia","2021A000259","Work and study permit holders","Persons","249","units","0","v1566927709","11.10","25292","","","","0"
"2022-01-01","British Columbia","2021A000259","Work and study permit holders","Persons","249","units","0","v1566927709","11.10","23950","","","","0"
"2022-04-01","British Columbia","2021A000259","Work and study permit holders","Persons","249","units","0","v1566927709","11.10","24648","","","","0"
"2022-07-01","British Columbia","2021A000259","Work and study permit holders","Persons","249","units","0","v1566927709","11.10","27909","","","","0"
"2022-10-01","British Columbia","2021A000259","Work and study permit holders","Persons","249","units","0","v1566927709","11.10","30023","","","","0"
"2023-01-01","British Columbia","2021A000259","Work and study permit holders","Persons","249","units","0","v1566927709","11.10","31383","","","","0"
"2023-04-01","British Columbia","2021A000259","Work and study permit holders","Persons","249","units","0","v1566927709","11.10","34472","","","","0"
"2023-07-01","British Columbia","2021A000259","Work and study permit holders","Persons","249","units","0","v1566927709","11.10","39089","","","","0"
"2023-10-01","British Columbia","2021A000259","Work and study permit holders","Persons","249","units","0","v1566927709","11.10","41935","","","","0"
"2024-01-01","British Columbia","2021A000259","Work and study permit holders","Persons","249","units","0","v1566927709","11.10","45408","","","","0"
"2024-04-01","British Columbia","2021A000259","Work and study permit holders","Persons","249","units","0","v1566927709","11.10","51869","","","","0"
"2024-07-01","British Columbia","2021A000259","Work and study permit holders","Persons","249","units","0","v1566927709","11.10","56064","","","","0"
"2024-10-01","British Columbia","2021A000259","Work and study permit holders","Persons","249","units","0","v1566927709","11.10","51382","","","","0"
"2025-01-01","British Columbia","2021A000259","Work and study permit holders","Persons","249","units","0","v1566927709","11.10","48618","","","","0"
"2025-04-01","British Columbia","2021A000259","Work and study permit holders","Persons","249","units","0","v1566927709","11.10","50555","","","","0"
"2025-07-01","British Columbia","2021A000259","Work and study permit holders","Persons","249","units","0","v1566927709","11.10","46606","","","","0"
"2025-10-01","British Columbia","2021A000259","Work and study permit holders","Persons","249","units","0","v1566927709","11.10","40060","","","","0"
"2026-01-01","British Columbia","2021A000259","Work and study permit holders","Persons","249","units","0","v1566927709","11.10","36082","","","","0"
"2026-04-01","British Columbia","2021A000259","Work and study permit holders","Persons","249","units","0","v1566927709","11.10","38791","","","","0"
"2026-07-01","British Columbia","2021A000259","Work and study permit holders","Persons","249","units","0","v1566927709","11.10","40602","","","","0"
"2021-07-01","British Columbia","2021A000259","Other","Persons","249","units","0","v1566927710","11.11","9928","","","","0"
"2021-10-01","British Columbia","2021A000259","Other","Persons","249","units","0","v1566927710","11.11","10347","","","","0"
"2022-01-01","British Columbia","2021A000259","Other","Persons","249","units","0","v1566927710","11.11","9938","","","","0"
"2022-04-01","British Columbia","2021A000259","Other","Persons","249","units","0","v1566927710","11.11","10815","","","","0"
"2022-07-01","British Columbia","2021A000259","Other","Persons","249","units","0","v1566927710","11.11","11884","","","","0"
"2022-10-01","British Columbia","2021A000259","Other","Persons","249","units","0","v1566927710","11.11","13430","","","","0"
"2023-01-01","British Columbia","2021A000259","Other","Persons","249","units","0","v1566927710","11.11","14282","","","","0"
"2023-04-01","British Columbia","2021A000259","Other","Persons","249","units","0","v1566927710","11.11","14878","","","","0"
"2023-07-01","British Columbia","2021A000259","Other","Persons","249","units","0","v1566927710","11.11","16515","","","","0"
"2023-10-01","British Columbia","2021A000259","Other","Persons","249","units","0","v1566927710","11.11","18736","","","","0"
"2024-01-01","British Columbia","2021A000259","Other","Persons","249","units","0","v1566927710","11.11","20564","","","","0"
"2024-04-01","British Columbia","2021A000259","Other","Persons","249","units","0","v1566927710","11.11","22737","","","","0"
"2024-07-01","British Columbia","2021A000259","Other","Persons","249","units","0","v1566927710","11.11","23386","","","","0"
"2024-10-01","British Columbia","2021A000259","Other","Persons","249","units","0","v1566927710","11.11","23988","","","","0"
"2025-01-01","British Columbia","2021A000259","Other","Persons","249","units","0","v1566927710","11.11","23403","","","","0"
"2025-04-01","British Columbia","2021A000259","Other","Persons","249","units","0","v1566927710","11.11","23291","","","","0"
"2025-07-01","British Columbia","2021A000259","Other","Persons","249","units","0","v1566927710","11.11","22870","","","","0"
"2025-10-01","British Columbia","2021A000259","Other","Persons","249","units","0","v1566927710","11.11","23092","","","","0"
"2026-01-01","British Columbia","2021A000259","Other","Persons","249","units","0","v1566927710","11.11","22313","","","","0"
"2026-04-01","British Columbia","2021A000259","Other","Persons","249","units","0","v1566927710","11.11","21499","","","","0"
"2026-07-01","British Columbia","2021A000259","Other","Persons","249","units","0","v1566927710","11.11","21754","","","","0"
"2021-07-01","Yukon","2021A000260","Total, non-permanent residents","Persons","249","units","0","v1566927711","12.1","1110","","","","0"
"2021-10-01","Yukon","2021A000260","Total, non-permanent residents","Persons","249","units","0","v1566927711","12.1","1143","","","","0"
"2022-01-01","Yukon","2021A000260","Total, non-permanent residents","Persons","249","units","0","v1566927711","12.1","1027","","","","0"
"2022-04-01","Yukon","2021A000260","Total, non-permanent residents","Persons","249","units","0","v1566927711","12.1","930","","","","0"
"2022-07-01","Yukon","2021A000260","Total, non-permanent residents","Persons","249","units","0","v1566927711","12.1","1059","","","","0"
"2022-10-01","Yukon","2021A000260","Total, non-permanent residents","Persons","249","units","0","v1566927711","12.1","1231","","","","0"
"2023-01-01","Yukon","2021A000260","Total, non-permanent residents","Persons","249","units","0","v1566927711","12.1","1368","","","","0"
"2023-04-01","Yukon","2021A000260","Total, non-permanent residents","Persons","249","units","0","v1566927711","12.1","1273","","","","0"
"2023-07-01","Yukon","2021A000260","Total, non-permanent residents","Persons","249","units","0","v1566927711","12.1","1552","","","","0"
"2023-10-01","Yukon","2021A000260","Total, non-permanent residents","Persons","249","units","0","v1566927711","12.1","1841","","","","0"
"2024-01-01","Yukon","2021A000260","Total, non-permanent residents","Persons","249","units","0","v1566927711","12.1","1910","","","","0"
"2024-04-01","Yukon","2021A000260","Total, non-permanent residents","Persons","249","units","0","v1566927711","12.1","1993","","","","0"
"2024-07-01","Yukon","2021A000260","Total, non-permanent residents","Persons","249","units","0","v1566927711","12.1","2147","","","","0"
"2024-10-01","Yukon","2021A000260","Total, non-permanent residents","Persons","249","units","0","v1566927711","12.1","2202","","","","0"
"2025-01-01","Yukon","2021A000260","Total, non-permanent residents","Persons","249","units","0","v1566927711","12.1","2325","","","","0"
"2025-04-01","Yukon","2021A000260","Total, non-permanent residents","Persons","249","units","0","v1566927711","12.1","2080","","","","0"
"2025-07-01","Yukon","2021A000260","Total, non-permanent residents","Persons","249","units","0","v1566927711","12.1","2268","","","","0"
"2025-10-01","Yukon","2021A000260","Total, non-permanent residents","Persons","249","units","0","v1566927711","12.1","2339","","","","0"
"2026-01-01","Yukon","2021A000260","Total, non-permanent residents","Persons","249","units","0","v1566927711","12.1","2332","","","","0"
"2026-04-01","Yukon","2021A000260","Total, non-permanent residents","Persons","249","units","0","v1566927711","12.1","2107","","","","0"
"2026-07-01","Yukon","2021A000260","Total, non-permanent residents","Persons","249","units","0","v1566927711","12.1","2079","","","","0"
"2021-07-01","Yukon","2021A000260","Total, asylum claimants, protected persons and related groups","Persons","249","units","0","v1566927712","12.2","5","","","","0"
"2021-10-01","Yukon","2021A000260","Total, asylum claimants, protected persons and related groups","Persons","249","units","0","v1566927712","12.2","3","","","","0"
"2022-01-01","Yukon","2021A000260","Total, asylum claimants, protected persons and related groups","Persons","249","units","0","v1566927712","12.2","8","","","","0"
"2022-04-01","Yukon","2021A000260","Total, asylum claimants, protected persons and related groups","Persons","249","units","0","v1566927712","12.2","8","","","","0"
"2022-07-01","Yukon","2021A000260","Total, asylum claimants, protected persons and related groups","Persons","249","units","0","v1566927712","12.2","13","","","","0"
"2022-10-01","Yukon","2021A000260","Total, asylum claimants, protected persons and related groups","Persons","249","units","0","v1566927712","12.2","17","","","","0"
"2023-01-01","Yukon","2021A000260","Total, asylum claimants, protected persons and related groups","Persons","249","units","0","v1566927712","12.2","11","","","","0"
"2023-04-01","Yukon","2021A000260","Total, asylum claimants, protected persons and related groups","Persons","249","units","0","v1566927712","12.2","13","","","","0"
"2023-07-01","Yukon","2021A000260","Total, asylum claimants, protected persons and related groups","Persons","249","units","0","v1566927712","12.2","13","","","","0"
"2023-10-01","Yukon","2021A000260","Total, asylum claimants, protected persons and related groups","Persons","249","units","0","v1566927712","12.2","8","","","","0"
"2024-01-01","Yukon","2021A000260","Total, asylum claimants, protected persons and related groups","Persons","249","units","0","v1566927712","12.2","11","","","","0"
"2024-04-01","Yukon","2021A000260","Total, asylum claimants, protected persons and related groups","Persons","249","units","0","v1566927712","12.2","12","","","","0"
"2024-07-01","Yukon","2021A000260","Total, asylum claimants, protected persons and related groups","Persons","249","units","0","v1566927712","12.2","21","","","","0"
"2024-10-01","Yukon","2021A000260","Total, asylum claimants, protected persons and related groups","Persons","249","units","0","v1566927712","12.2","25","","","","0"
"2025-01-01","Yukon","2021A000260","Total, asylum claimants, protected persons and related groups","Persons","249","units","0","v1566927712","12.2","29","","","","0"
"2025-04-01","Yukon","2021A000260","Total, asylum claimants, protected persons and related groups","Persons","249","units","0","v1566927712","12.2","37","","","","0"
"2025-07-01","Yukon","2021A000260","Total, asylum claimants, protected persons and related groups","Persons","249","units","0","v1566927712","12.2","47","","","","0"
"2025-10-01","Yukon","2021A000260","Total, asylum claimants, protected persons and related groups","Persons","249","units","0","v1566927712","12.2","55","","","","0"
"2026-01-01","Yukon","2021A000260","Total, asylum claimants, protected persons and related groups","Persons","249","units","0","v1566927712","12.2","67","","","","0"
"2026-04-01","Yukon","2021A000260","Total, asylum claimants, protected persons and related groups","Persons","249","units","0","v1566927712","12.2","78","","","","0"
"2026-07-01","Yukon","2021A000260","Total, asylum claimants, protected persons and related groups","Persons","249","units","0","v1566927712","12.2","78","","","","0"
"2021-07-01","Yukon","2021A000260","Asylum claimants, protected persons and related groups with work permit only","Persons","249","units","0","v1566927713","12.3","1","","","","0"
"2021-10-01","Yukon","2021A000260","Asylum claimants, protected persons and related groups with work permit only","Persons","249","units","0","v1566927713","12.3","2","","","","0"
"2022-01-01","Yukon","2021A000260","Asylum claimants, protected persons and related groups with work permit only","Persons","249","units","0","v1566927713","12.3","5","","","","0"
"2022-04-01","Yukon","2021A000260","Asylum claimants, protected persons and related groups with work permit only","Persons","249","units","0","v1566927713","12.3","8","","","","0"
"2022-07-01","Yukon","2021A000260","Asylum claimants, protected persons and related groups with work permit only","Persons","249","units","0","v1566927713","12.3","9","","","","0"
"2022-10-01","Yukon","2021A000260","Asylum claimants, protected persons and related groups with work permit only","Persons","249","units","0","v1566927713","12.3","13","","","","0"
"2023-01-01","Yukon","2021A000260","Asylum claimants, protected persons and related groups with work permit only","Persons","249","units","0","v1566927713","12.3","10","","","","0"
"2023-04-01","Yukon","2021A000260","Asylum claimants, protected persons and related groups with work permit only","Persons","249","units","0","v1566927713","12.3","9","","","","0"
"2023-07-01","Yukon","2021A000260","Asylum claimants, protected persons and related groups with work permit only","Persons","249","units","0","v1566927713","12.3","9","","","","0"
"2023-10-01","Yukon","2021A000260","Asylum claimants, protected persons and related groups with work permit only","Persons","249","units","0","v1566927713","12.3","6","","","","0"
"2024-01-01","Yukon","2021A000260","Asylum claimants, protected persons and related groups with work permit only","Persons","249","units","0","v1566927713","12.3","6","","","","0"
"2024-04-01","Yukon","2021A000260","Asylum claimants, protected persons and related groups with work permit only","Persons","249","units","0","v1566927713","12.3","9","","","","0"
"2024-07-01","Yukon","2021A000260","Asylum claimants, protected persons and related groups with work permit only","Persons","249","units","0","v1566927713","12.3","16","","","","0"
"2024-10-01","Yukon","2021A000260","Asylum claimants, protected persons and related groups with work permit only","Persons","249","units","0","v1566927713","12.3","18","","","","0"
"2025-01-01","Yukon","2021A000260","Asylum claimants, protected persons and related groups with work permit only","Persons","249","units","0","v1566927713","12.3","20","","","","0"
"2025-04-01","Yukon","2021A000260","Asylum claimants, protected persons and related groups with work permit only","Persons","249","units","0","v1566927713","12.3","31","","","","0"
"2025-07-01","Yukon","2021A000260","Asylum claimants, protected persons and related groups with work permit only","Persons","249","units","0","v1566927713","12.3","37","","","","0"
"2025-10-01","Yukon","2021A000260","Asylum claimants, protected persons and related groups with work permit only","Persons","249","units","0","v1566927713","12.3","45","","","","0"
"2026-01-01","Yukon","2021A000260","Asylum claimants, protected persons and related groups with work permit only","Persons","249","units","0","v1566927713","12.3","52","","","","0"
"2026-04-01","Yukon","2021A000260","Asylum claimants, protected persons and related groups with work permit only","Persons","249","units","0","v1566927713","12.3","64","","","","0"
"2026-07-01","Yukon","2021A000260","Asylum claimants, protected persons and related groups with work permit only","Persons","249","units","0","v1566927713","12.3","57","","","","0"
"2021-07-01","Yukon","2021A000260","Asylum claimants, protected persons and related groups with study permit only","Persons","249","units","0","v1566927714","12.4","4","","","","0"
"2021-10-01","Yukon","2021A000260","Asylum claimants, protected persons and related groups with study permit only","Persons","249","units","0","v1566927714","12.4","0","","","","0"
"2022-01-01","Yukon","2021A000260","Asylum claimants, protected persons and related groups with study permit only","Persons","249","units","0","v1566927714","12.4","0","","","","0"
"2022-04-01","Yukon","2021A000260","Asylum claimants, protected persons and related groups with study permit only","Persons","249","units","0","v1566927714","12.4","0","","","","0"
"2022-07-01","Yukon","2021A000260","Asylum claimants, protected persons and related groups with study permit only","Persons","249","units","0","v1566927714","12.4","0","","","","0"
"2022-10-01","Yukon","2021A000260","Asylum claimants, protected persons and related groups with study permit only","Persons","249","units","0","v1566927714","12.4","0","","","","0"
"2023-01-01","Yukon","2021A000260","Asylum claimants, protected persons and related groups with study permit only","Persons","249","units","0","v1566927714","12.4","0","","","","0"
"2023-04-01","Yukon","2021A000260","Asylum claimants, protected persons and related groups with study permit only","Persons","249","units","0","v1566927714","12.4","0","","","","0"
"2023-07-01","Yukon","2021A000260","Asylum claimants, protected persons and related groups with study permit only","Persons","249","units","0","v1566927714","12.4","0","","","","0"
"2023-10-01","Yukon","2021A000260","Asylum claimants, protected persons and related groups with study permit only","Persons","249","units","0","v1566927714","12.4","0","","","","0"
"2024-01-01","Yukon","2021A000260","Asylum claimants, protected persons and related groups with study permit only","Persons","249","units","0","v1566927714","12.4","0","","","","0"
"2024-04-01","Yukon","2021A000260","Asylum claimants, protected persons and related groups with study permit only","Persons","249","units","0","v1566927714","12.4","0","","","","0"
"2024-07-01","Yukon","2021A000260","Asylum claimants, protected persons and related groups with study permit only","Persons","249","units","0","v1566927714","12.4","0","","","","0"
"2024-10-01","Yukon","2021A000260","Asylum claimants, protected persons and related groups with study permit only","Persons","249","units","0","v1566927714","12.4","0","","","","0"
"2025-01-01","Yukon","2021A000260","Asylum claimants, protected persons and related groups with study permit only","Persons","249","units","0","v1566927714","12.4","0","","","","0"
"2025-04-01","Yukon","2021A000260","Asylum claimants, protected persons and related groups with study permit only","Persons","249","units","0","v1566927714","12.4","2","","","","0"
"2025-07-01","Yukon","2021A000260","Asylum claimants, protected persons and related groups with study permit only","Persons","249","units","0","v1566927714","12.4","0","","","","0"
"2025-10-01","Yukon","2021A000260","Asylum claimants, protected persons and related groups with study permit only","Persons","249","units","0","v1566927714","12.4","2","","","","0"
"2026-01-01","Yukon","2021A000260","Asylum claimants, protected persons and related groups with study permit only","Persons","249","units","0","v1566927714","12.4","0","","","","0"
"2026-04-01","Yukon","2021A000260","Asylum claimants, protected persons and related groups with study permit only","Persons","249","units","0","v1566927714","12.4","2","","","","0"
"2026-07-01","Yukon","2021A000260","Asylum claimants, protected persons and related groups with study permit only","Persons","249","units","0","v1566927714","12.4","0","","","","0"
"2021-07-01","Yukon","2021A000260","Asylum claimants, protected persons and related groups with work and study permits","Persons","249","units","0","v1566927715","12.5","0","","","","0"
"2021-10-01","Yukon","2021A000260","Asylum claimants, protected persons and related groups with work and study permits","Persons","249","units","0","v1566927715","12.5","0","","","","0"
"2022-01-01","Yukon","2021A000260","Asylum claimants, protected persons and related groups with work and study permits","Persons","249","units","0","v1566927715","12.5","0","","","","0"
"2022-04-01","Yukon","2021A000260","Asylum claimants, protected persons and related groups with work and study permits","Persons","249","units","0","v1566927715","12.5","0","","","","0"
"2022-07-01","Yukon","2021A000260","Asylum claimants, protected persons and related groups with work and study permits","Persons","249","units","0","v1566927715","12.5","0","","","","0"
"2022-10-01","Yukon","2021A000260","Asylum claimants, protected persons and related groups with work and study permits","Persons","249","units","0","v1566927715","12.5","0","","","","0"
"2023-01-01","Yukon","2021A000260","Asylum claimants, protected persons and related groups with work and study permits","Persons","249","units","0","v1566927715","12.5","0","","","","0"
"2023-04-01","Yukon","2021A000260","Asylum claimants, protected persons and related groups with work and study permits","Persons","249","units","0","v1566927715","12.5","0","","","","0"
"2023-07-01","Yukon","2021A000260","Asylum claimants, protected persons and related groups with work and study permits","Persons","249","units","0","v1566927715","12.5","1","","","","0"
"2023-10-01","Yukon","2021A000260","Asylum claimants, protected persons and related groups with work and study permits","Persons","249","units","0","v1566927715","12.5","0","","","","0"
"2024-01-01","Yukon","2021A000260","Asylum claimants, protected persons and related groups with work and study permits","Persons","249","units","0","v1566927715","12.5","0","","","","0"
"2024-04-01","Yukon","2021A000260","Asylum claimants, protected persons and related groups with work and study permits","Persons","249","units","0","v1566927715","12.5","0","","","","0"
"2024-07-01","Yukon","2021A000260","Asylum claimants, protected persons and related groups with work and study permits","Persons","249","units","0","v1566927715","12.5","3","","","","0"
"2024-10-01","Yukon","2021A000260","Asylum claimants, protected persons and related groups with work and study permits","Persons","249","units","0","v1566927715","12.5","4","","","","0"
"2025-01-01","Yukon","2021A000260","Asylum claimants, protected persons and related groups with work and study permits","Persons","249","units","0","v1566927715","12.5","1","","","","0"
"2025-04-01","Yukon","2021A000260","Asylum claimants, protected persons and related groups with work and study permits","Persons","249","units","0","v1566927715","12.5","0","","","","0"
"2025-07-01","Yukon","2021A000260","Asylum claimants, protected persons and related groups with work and study permits","Persons","249","units","0","v1566927715","12.5","0","","","","0"
"2025-10-01","Yukon","2021A000260","Asylum claimants, protected persons and related groups with work and study permits","Persons","249","units","0","v1566927715","12.5","0","","","","0"
"2026-01-01","Yukon","2021A000260","Asylum claimants, protected persons and related groups with work and study permits","Persons","249","units","0","v1566927715","12.5","0","","","","0"
"2026-04-01","Yukon","2021A000260","Asylum claimants, protected persons and related groups with work and study permits","Persons","249","units","0","v1566927715","12.5","1","","","","0"
"2026-07-01","Yukon","2021A000260","Asylum claimants, protected persons and related groups with work and study permits","Persons","249","units","0","v1566927715","12.5","5","","","","0"
"2021-07-01","Yukon","2021A000260","Asylum claimants, protected persons and related groups without work or study permits","Persons","249","units","0","v1566927716","12.6","0","","","","0"
"2021-10-01","Yukon","2021A000260","Asylum claimants, protected persons and related groups without work or study permits","Persons","249","units","0","v1566927716","12.6","1","","","","0"
"2022-01-01","Yukon","2021A000260","Asylum claimants, protected persons and related groups without work or study permits","Persons","249","units","0","v1566927716","12.6","3","","","","0"
"2022-04-01","Yukon","2021A000260","Asylum claimants, protected persons and related groups without work or study permits","Persons","249","units","0","v1566927716","12.6","0","","","","0"
"2022-07-01","Yukon","2021A000260","Asylum claimants, protected persons and related groups without work or study permits","Persons","249","units","0","v1566927716","12.6","4","","","","0"
"2022-10-01","Yukon","2021A000260","Asylum claimants, protected persons and related groups without work or study permits","Persons","249","units","0","v1566927716","12.6","4","","","","0"
"2023-01-01","Yukon","2021A000260","Asylum claimants, protected persons and related groups without work or study permits","Persons","249","units","0","v1566927716","12.6","1","","","","0"
"2023-04-01","Yukon","2021A000260","Asylum claimants, protected persons and related groups without work or study permits","Persons","249","units","0","v1566927716","12.6","4","","","","0"
"2023-07-01","Yukon","2021A000260","Asylum claimants, protected persons and related groups without work or study permits","Persons","249","units","0","v1566927716","12.6","3","","","","0"
"2023-10-01","Yukon","2021A000260","Asylum claimants, protected persons and related groups without work or study permits","Persons","249","units","0","v1566927716","12.6","2","","","","0"
"2024-01-01","Yukon","2021A000260","Asylum claimants, protected persons and related groups without work or study permits","Persons","249","units","0","v1566927716","12.6","5","","","","0"
"2024-04-01","Yukon","2021A000260","Asylum claimants, protected persons and related groups without work or study permits","Persons","249","units","0","v1566927716","12.6","3","","","","0"
"2024-07-01","Yukon","2021A000260","Asylum claimants, protected persons and related groups without work or study permits","Persons","249","units","0","v1566927716","12.6","2","","","","0"
"2024-10-01","Yukon","2021A000260","Asylum claimants, protected persons and related groups without work or study permits","Persons","249","units","0","v1566927716","12.6","3","","","","0"
"2025-01-01","Yukon","2021A000260","Asylum claimants, protected persons and related groups without work or study permits","Persons","249","units","0","v1566927716","12.6","8","","","","0"
"2025-04-01","Yukon","2021A000260","Asylum claimants, protected persons and related groups without work or study permits","Persons","249","units","0","v1566927716","12.6","4","","","","0"
"2025-07-01","Yukon","2021A000260","Asylum claimants, protected persons and related groups without work or study permits","Persons","249","units","0","v1566927716","12.6","10","","","","0"
"2025-10-01","Yukon","2021A000260","Asylum claimants, protected persons and related groups without work or study permits","Persons","249","units","0","v1566927716","12.6","8","","","","0"
"2026-01-01","Yukon","2021A000260","Asylum claimants, protected persons and related groups without work or study permits","Persons","249","units","0","v1566927716","12.6","15","","","","0"
"2026-04-01","Yukon","2021A000260","Asylum claimants, protected persons and related groups without work or study permits","Persons","249","units","0","v1566927716","12.6","11","","","","0"
"2026-07-01","Yukon","2021A000260","Asylum claimants, protected persons and related groups without work or study permits","Persons","249","units","0","v1566927716","12.6","16","","","","0"
"2021-07-01","Yukon","2021A000260","Total, permit holders and their family members","Persons","249","units","0","v1566927717","12.7","1105","","","","0"
"2021-10-01","Yukon","2021A000260","Total, permit holders and their family members","Persons","249","units","0","v1566927717","12.7","1140","","","","0"
"2022-01-01","Yukon","2021A000260","Total, permit holders and their family members","Persons","249","units","0","v1566927717","12.7","1019","","","","0"
"2022-04-01","Yukon","2021A000260","Total, permit holders and their family members","Persons","249","units","0","v1566927717","12.7","922","","","","0"
"2022-07-01","Yukon","2021A000260","Total, permit holders and their family members","Persons","249","units","0","v1566927717","12.7","1046","","","","0"
"2022-10-01","Yukon","2021A000260","Total, permit holders and their family members","Persons","249","units","0","v1566927717","12.7","1214","","","","0"
"2023-01-01","Yukon","2021A000260","Total, permit holders and their family members","Persons","249","units","0","v1566927717","12.7","1357","","","","0"
"2023-04-01","Yukon","2021A000260","Total, permit holders and their family members","Persons","249","units","0","v1566927717","12.7","1260","","","","0"
"2023-07-01","Yukon","2021A000260","Total, permit holders and their family members","Persons","249","units","0","v1566927717","12.7","1539","","","","0"
"2023-10-01","Yukon","2021A000260","Total, permit holders and their family members","Persons","249","units","0","v1566927717","12.7","1833","","","","0"
"2024-01-01","Yukon","2021A000260","Total, permit holders and their family members","Persons","249","units","0","v1566927717","12.7","1899","","","","0"
"2024-04-01","Yukon","2021A000260","Total, permit holders and their family members","Persons","249","units","0","v1566927717","12.7","1981","","","","0"
"2024-07-01","Yukon","2021A000260","Total, permit holders and their family members","Persons","249","units","0","v1566927717","12.7","2126","","","","0"
"2024-10-01","Yukon","2021A000260","Total, permit holders and their family members","Persons","249","units","0","v1566927717","12.7","2177","","","","0"
"2025-01-01","Yukon","2021A000260","Total, permit holders and their family members","Persons","249","units","0","v1566927717","12.7","2296","","","","0"
"2025-04-01","Yukon","2021A000260","Total, permit holders and their family members","Persons","249","units","0","v1566927717","12.7","2043","","","","0"
"2025-07-01","Yukon","2021A000260","Total, permit holders and their family members","Persons","249","units","0","v1566927717","12.7","2221","","","","0"
"2025-10-01","Yukon","2021A000260","Total, permit holders and their family members","Persons","249","units","0","v1566927717","12.7","2284","","","","0"
"2026-01-01","Yukon","2021A000260","Total, permit holders and their family members","Persons","249","units","0","v1566927717","12.7","2265","","","","0"
"2026-04-01","Yukon","2021A000260","Total, permit holders and their family members","Persons","249","units","0","v1566927717","12.7","2029","","","","0"
"2026-07-01","Yukon","2021A000260","Total, permit holders and their family members","Persons","249","units","0","v1566927717","12.7","2001","","","","0"
"2021-07-01","Yukon","2021A000260","Work permit holders only","Persons","249","units","0","v1566927718","12.8","883","","","","0"
"2021-10-01","Yukon","2021A000260","Work permit holders only","Persons","249","units","0","v1566927718","12.8","907","","","","0"
"2022-01-01","Yukon","2021A000260","Work permit holders only","Persons","249","units","0","v1566927718","12.8","776","","","","0"
"2022-04-01","Yukon","2021A000260","Work permit holders only","Persons","249","units","0","v1566927718","12.8","702","","","","0"
"2022-07-01","Yukon","2021A000260","Work permit holders only","Persons","249","units","0","v1566927718","12.8","806","","","","0"
"2022-10-01","Yukon","2021A000260","Work permit holders only","Persons","249","units","0","v1566927718","12.8","956","","","","0"
"2023-01-01","Yukon","2021A000260","Work permit holders only","Persons","249","units","0","v1566927718","12.8","1063","","","","0"
"2023-04-01","Yukon","2021A000260","Work permit holders only","Persons","249","units","0","v1566927718","12.8","962","","","","0"
"2023-07-01","Yukon","2021A000260","Work permit holders only","Persons","249","units","0","v1566927718","12.8","1210","","","","0"
"2023-10-01","Yukon","2021A000260","Work permit holders only","Persons","249","units","0","v1566927718","12.8","1449","","","","0"
"2024-01-01","Yukon","2021A000260","Work permit holders only","Persons","249","units","0","v1566927718","12.8","1499","","","","0"
"2024-04-01","Yukon","2021A000260","Work permit holders only","Persons","249","units","0","v1566927718","12.8","1565","","","","0"
"2024-07-01","Yukon","2021A000260","Work permit holders only","Persons","249","units","0","v1566927718","12.8","1692","","","","0"
"2024-10-01","Yukon","2021A000260","Work permit holders only","Persons","249","units","0","v1566927718","12.8","1748","","","","0"
"2025-01-01","Yukon","2021A000260","Work permit holders only","Persons","249","units","0","v1566927718","12.8","1840","","","","0"
"2025-04-01","Yukon","2021A000260","Work permit holders only","Persons","249","units","0","v1566927718","12.8","1604","","","","0"
"2025-07-01","Yukon","2021A000260","Work permit holders only","Persons","249","units","0","v1566927718","12.8","1758","","","","0"
"2025-10-01","Yukon","2021A000260","Work permit holders only","Persons","249","units","0","v1566927718","12.8","1868","","","","0"
"2026-01-01","Yukon","2021A000260","Work permit holders only","Persons","249","units","0","v1566927718","12.8","1850","","","","0"
"2026-04-01","Yukon","2021A000260","Work permit holders only","Persons","249","units","0","v1566927718","12.8","1625","","","","0"
"2026-07-01","Yukon","2021A000260","Work permit holders only","Persons","249","units","0","v1566927718","12.8","1609","","","","0"
"2021-07-01","Yukon","2021A000260","Study permit holders only","Persons","249","units","0","v1566927719","12.9","143","","","","0"
"2021-10-01","Yukon","2021A000260","Study permit holders only","Persons","249","units","0","v1566927719","12.9","171","","","","0"
"2022-01-01","Yukon","2021A000260","Study permit holders only","Persons","249","units","0","v1566927719","12.9","190","","","","0"
"2022-04-01","Yukon","2021A000260","Study permit holders only","Persons","249","units","0","v1566927719","12.9","171","","","","0"
"2022-07-01","Yukon","2021A000260","Study permit holders only","Persons","249","units","0","v1566927719","12.9","171","","","","0"
"2022-10-01","Yukon","2021A000260","Study permit holders only","Persons","249","units","0","v1566927719","12.9","193","","","","0"
"2023-01-01","Yukon","2021A000260","Study permit holders only","Persons","249","units","0","v1566927719","12.9","224","","","","0"
"2023-04-01","Yukon","2021A000260","Study permit holders only","Persons","249","units","0","v1566927719","12.9","221","","","","0"
"2023-07-01","Yukon","2021A000260","Study permit holders only","Persons","249","units","0","v1566927719","12.9","206","","","","0"
"2023-10-01","Yukon","2021A000260","Study permit holders only","Persons","249","units","0","v1566927719","12.9","266","","","","0"
"2024-01-01","Yukon","2021A000260","Study permit holders only","Persons","249","units","0","v1566927719","12.9","280","","","","0"
"2024-04-01","Yukon","2021A000260","Study permit holders only","Persons","249","units","0","v1566927719","12.9","262","","","","0"
"2024-07-01","Yukon","2021A000260","Study permit holders only","Persons","249","units","0","v1566927719","12.9","257","","","","0"
"2024-10-01","Yukon","2021A000260","Study permit holders only","Persons","249","units","0","v1566927719","12.9","282","","","","0"
"2025-01-01","Yukon","2021A000260","Study permit holders only","Persons","249","units","0","v1566927719","12.9","306","","","","0"
"2025-04-01","Yukon","2021A000260","Study permit holders only","Persons","249","units","0","v1566927719","12.9","289","","","","0"
"2025-07-01","Yukon","2021A000260","Study permit holders only","Persons","249","units","0","v1566927719","12.9","313","","","","0"
"2025-10-01","Yukon","2021A000260","Study permit holders only","Persons","249","units","0","v1566927719","12.9","275","","","","0"
"2026-01-01","Yukon","2021A000260","Study permit holders only","Persons","249","units","0","v1566927719","12.9","280","","","","0"
"2026-04-01","Yukon","2021A000260","Study permit holders only","Persons","249","units","0","v1566927719","12.9","251","","","","0"
"2026-07-01","Yukon","2021A000260","Study permit holders only","Persons","249","units","0","v1566927719","12.9","229","","","","0"
"2021-07-01","Yukon","2021A000260","Work and study permit holders","Persons","249","units","0","v1566927720","12.10","58","","","","0"
"2021-10-01","Yukon","2021A000260","Work and study permit holders","Persons","249","units","0","v1566927720","12.10","40","","","","0"
"2022-01-01","Yukon","2021A000260","Work and study permit holders","Persons","249","units","0","v1566927720","12.10","35","","","","0"
"2022-04-01","Yukon","2021A000260","Work and study permit holders","Persons","249","units","0","v1566927720","12.10","34","","","","0"
"2022-07-01","Yukon","2021A000260","Work and study permit holders","Persons","249","units","0","v1566927720","12.10","46","","","","0"
"2022-10-01","Yukon","2021A000260","Work and study permit holders","Persons","249","units","0","v1566927720","12.10","42","","","","0"
"2023-01-01","Yukon","2021A000260","Work and study permit holders","Persons","249","units","0","v1566927720","12.10","43","","","","0"
"2023-04-01","Yukon","2021A000260","Work and study permit holders","Persons","249","units","0","v1566927720","12.10","49","","","","0"
"2023-07-01","Yukon","2021A000260","Work and study permit holders","Persons","249","units","0","v1566927720","12.10","90","","","","0"
"2023-10-01","Yukon","2021A000260","Work and study permit holders","Persons","249","units","0","v1566927720","12.10","75","","","","0"
"2024-01-01","Yukon","2021A000260","Work and study permit holders","Persons","249","units","0","v1566927720","12.10","68","","","","0"
"2024-04-01","Yukon","2021A000260","Work and study permit holders","Persons","249","units","0","v1566927720","12.10","82","","","","0"
"2024-07-01","Yukon","2021A000260","Work and study permit holders","Persons","249","units","0","v1566927720","12.10","98","","","","0"
"2024-10-01","Yukon","2021A000260","Work and study permit holders","Persons","249","units","0","v1566927720","12.10","71","","","","0"
"2025-01-01","Yukon","2021A000260","Work and study permit holders","Persons","249","units","0","v1566927720","12.10","71","","","","0"
"2025-04-01","Yukon","2021A000260","Work and study permit holders","Persons","249","units","0","v1566927720","12.10","73","","","","0"
"2025-07-01","Yukon","2021A000260","Work and study permit holders","Persons","249","units","0","v1566927720","12.10","72","","","","0"
"2025-10-01","Yukon","2021A000260","Work and study permit holders","Persons","249","units","0","v1566927720","12.10","62","","","","0"
"2026-01-01","Yukon","2021A000260","Work and study permit holders","Persons","249","units","0","v1566927720","12.10","57","","","","0"
"2026-04-01","Yukon","2021A000260","Work and study permit holders","Persons","249","units","0","v1566927720","12.10","82","","","","0"
"2026-07-01","Yukon","2021A000260","Work and study permit holders","Persons","249","units","0","v1566927720","12.10","96","","","","0"
"2021-07-01","Yukon","2021A000260","Other","Persons","249","units","0","v1566927721","12.11","21","","","","0"
"2021-10-01","Yukon","2021A000260","Other","Persons","249","units","0","v1566927721","12.11","22","","","","0"
"2022-01-01","Yukon","2021A000260","Other","Persons","249","units","0","v1566927721","12.11","18","","","","0"
"2022-04-01","Yukon","2021A000260","Other","Persons","249","units","0","v1566927721","12.11","15","","","","0"
"2022-07-01","Yukon","2021A000260","Other","Persons","249","units","0","v1566927721","12.11","23","","","","0"
"2022-10-01","Yukon","2021A000260","Other","Persons","249","units","0","v1566927721","12.11","23","","","","0"
"2023-01-01","Yukon","2021A000260","Other","Persons","249","units","0","v1566927721","12.11","27","","","","0"
"2023-04-01","Yukon","2021A000260","Other","Persons","249","units","0","v1566927721","12.11","28","","","","0"
"2023-07-01","Yukon","2021A000260","Other","Persons","249","units","0","v1566927721","12.11","33","","","","0"
"2023-10-01","Yukon","2021A000260","Other","Persons","249","units","0","v1566927721","12.11","43","","","","0"
"2024-01-01","Yukon","2021A000260","Other","Persons","249","units","0","v1566927721","12.11","52","","","","0"
"2024-04-01","Yukon","2021A000260","Other","Persons","249","units","0","v1566927721","12.11","72","","","","0"
"2024-07-01","Yukon","2021A000260","Other","Persons","249","units","0","v1566927721","12.11","79","","","","0"
"2024-10-01","Yukon","2021A000260","Other","Persons","249","units","0","v1566927721","12.11","76","","","","0"
"2025-01-01","Yukon","2021A000260","Other","Persons","249","units","0","v1566927721","12.11","79","","","","0"
"2025-04-01","Yukon","2021A000260","Other","Persons","249","units","0","v1566927721","12.11","77","","","","0"
"2025-07-01","Yukon","2021A000260","Other","Persons","249","units","0","v1566927721","12.11","78","","","","0"
"2025-10-01","Yukon","2021A000260","Other","Persons","249","units","0","v1566927721","12.11","79","","","","0"
"2026-01-01","Yukon","2021A000260","Other","Persons","249","units","0","v1566927721","12.11","78","","","","0"
"2026-04-01","Yukon","2021A000260","Other","Persons","249","units","0","v1566927721","12.11","71","","","","0"
"2026-07-01","Yukon","2021A000260","Other","Persons","249","units","0","v1566927721","12.11","67","","","","0"
"2021-07-01","Northwest Territories","2021A000261","Total, non-permanent residents","Persons","249","units","0","v1566927722","13.1","470","","","","0"
"2021-10-01","Northwest Territories","2021A000261","Total, non-permanent residents","Persons","249","units","0","v1566927722","13.1","418","","","","0"
"2022-01-01","Northwest Territories","2021A000261","Total, non-permanent residents","Persons","249","units","0","v1566927722","13.1","391","","","","0"
"2022-04-01","Northwest Territories","2021A000261","Total, non-permanent residents","Persons","249","units","0","v1566927722","13.1","362","","","","0"
"2022-07-01","Northwest Territories","2021A000261","Total, non-permanent residents","Persons","249","units","0","v1566927722","13.1","391","","","","0"
"2022-10-01","Northwest Territories","2021A000261","Total, non-permanent residents","Persons","249","units","0","v1566927722","13.1","399","","","","0"
"2023-01-01","Northwest Territories","2021A000261","Total, non-permanent residents","Persons","249","units","0","v1566927722","13.1","473","","","","0"
"2023-04-01","Northwest Territories","2021A000261","Total, non-permanent residents","Persons","249","units","0","v1566927722","13.1","455","","","","0"
"2023-07-01","Northwest Territories","2021A000261","Total, non-permanent residents","Persons","249","units","0","v1566927722","13.1","560","","","","0"
"2023-10-01","Northwest Territories","2021A000261","Total, non-permanent residents","Persons","249","units","0","v1566927722","13.1","657","","","","0"
"2024-01-01","Northwest Territories","2021A000261","Total, non-permanent residents","Persons","249","units","0","v1566927722","13.1","782","","","","0"
"2024-04-01","Northwest Territories","2021A000261","Total, non-permanent residents","Persons","249","units","0","v1566927722","13.1","871","","","","0"
"2024-07-01","Northwest Territories","2021A000261","Total, non-permanent residents","Persons","249","units","0","v1566927722","13.1","918","","","","0"
"2024-10-01","Northwest Territories","2021A000261","Total, non-permanent residents","Persons","249","units","0","v1566927722","13.1","1000","","","","0"
"2025-01-01","Northwest Territories","2021A000261","Total, non-permanent residents","Persons","249","units","0","v1566927722","13.1","1082","","","","0"
"2025-04-01","Northwest Territories","2021A000261","Total, non-permanent residents","Persons","249","units","0","v1566927722","13.1","1132","","","","0"
"2025-07-01","Northwest Territories","2021A000261","Total, non-permanent residents","Persons","249","units","0","v1566927722","13.1","1156","","","","0"
"2025-10-01","Northwest Territories","2021A000261","Total, non-permanent residents","Persons","249","units","0","v1566927722","13.1","1245","","","","0"
"2026-01-01","Northwest Territories","2021A000261","Total, non-permanent residents","Persons","249","units","0","v1566927722","13.1","1293","","","","0"
"2026-04-01","Northwest Territories","2021A000261","Total, non-permanent residents","Persons","249","units","0","v1566927722","13.1","1210","","","","0"
"2026-07-01","Northwest Territories","2021A000261","Total, non-permanent residents","Persons","249","units","0","v1566927722","13.1","1216","","","","0"
"2021-07-01","Northwest Territories","2021A000261","Total, asylum claimants, protected persons and related groups","Persons","249","units","0","v1566927723","13.2","23","","","","0"
"2021-10-01","Northwest Territories","2021A000261","Total, asylum claimants, protected persons and related groups","Persons","249","units","0","v1566927723","13.2","17","","","","0"
"2022-01-01","Northwest Territories","2021A000261","Total, asylum claimants, protected persons and related groups","Persons","249","units","0","v1566927723","13.2","17","","","","0"
"2022-04-01","Northwest Territories","2021A000261","Total, asylum claimants, protected persons and related groups","Persons","249","units","0","v1566927723","13.2","16","","","","0"
"2022-07-01","Northwest Territories","2021A000261","Total, asylum claimants, protected persons and related groups","Persons","249","units","0","v1566927723","13.2","15","","","","0"
"2022-10-01","Northwest Territories","2021A000261","Total, asylum claimants, protected persons and related groups","Persons","249","units","0","v1566927723","13.2","14","","","","0"
"2023-01-01","Northwest Territories","2021A000261","Total, asylum claimants, protected persons and related groups","Persons","249","units","0","v1566927723","13.2","15","","","","0"
"2023-04-01","Northwest Territories","2021A000261","Total, asylum claimants, protected persons and related groups","Persons","249","units","0","v1566927723","13.2","17","","","","0"
"2023-07-01","Northwest Territories","2021A000261","Total, asylum claimants, protected persons and related groups","Persons","249","units","0","v1566927723","13.2","21","","","","0"
"2023-10-01","Northwest Territories","2021A000261","Total, asylum claimants, protected persons and related groups","Persons","249","units","0","v1566927723","13.2","28","","","","0"
"2024-01-01","Northwest Territories","2021A000261","Total, asylum claimants, protected persons and related groups","Persons","249","units","0","v1566927723","13.2","34","","","","0"
"2024-04-01","Northwest Territories","2021A000261","Total, asylum claimants, protected persons and related groups","Persons","249","units","0","v1566927723","13.2","43","","","","0"
"2024-07-01","Northwest Territories","2021A000261","Total, asylum claimants, protected persons and related groups","Persons","249","units","0","v1566927723","13.2","45","","","","0"
"2024-10-01","Northwest Territories","2021A000261","Total, asylum claimants, protected persons and related groups","Persons","249","units","0","v1566927723","13.2","64","","","","0"
"2025-01-01","Northwest Territories","2021A000261","Total, asylum claimants, protected persons and related groups","Persons","249","units","0","v1566927723","13.2","71","","","","0"
"2025-04-01","Northwest Territories","2021A000261","Total, asylum claimants, protected persons and related groups","Persons","249","units","0","v1566927723","13.2","84","","","","0"
"2025-07-01","Northwest Territories","2021A000261","Total, asylum claimants, protected persons and related groups","Persons","249","units","0","v1566927723","13.2","85","","","","0"
"2025-10-01","Northwest Territories","2021A000261","Total, asylum claimants, protected persons and related groups","Persons","249","units","0","v1566927723","13.2","105","","","","0"
"2026-01-01","Northwest Territories","2021A000261","Total, asylum claimants, protected persons and related groups","Persons","249","units","0","v1566927723","13.2","114","","","","0"
"2026-04-01","Northwest Territories","2021A000261","Total, asylum claimants, protected persons and related groups","Persons","249","units","0","v1566927723","13.2","125","","","","0"
"2026-07-01","Northwest Territories","2021A000261","Total, asylum claimants, protected persons and related groups","Persons","249","units","0","v1566927723","13.2","117","","","","0"
"2021-07-01","Northwest Territories","2021A000261","Asylum claimants, protected persons and related groups with work permit only","Persons","249","units","0","v1566927724","13.3","16","","","","0"
"2021-10-01","Northwest Territories","2021A000261","Asylum claimants, protected persons and related groups with work permit only","Persons","249","units","0","v1566927724","13.3","13","","","","0"
"2022-01-01","Northwest Territories","2021A000261","Asylum claimants, protected persons and related groups with work permit only","Persons","249","units","0","v1566927724","13.3","12","","","","0"
"2022-04-01","Northwest Territories","2021A000261","Asylum claimants, protected persons and related groups with work permit only","Persons","249","units","0","v1566927724","13.3","7","","","","0"
"2022-07-01","Northwest Territories","2021A000261","Asylum claimants, protected persons and related groups with work permit only","Persons","249","units","0","v1566927724","13.3","12","","","","0"
"2022-10-01","Northwest Territories","2021A000261","Asylum claimants, protected persons and related groups with work permit only","Persons","249","units","0","v1566927724","13.3","13","","","","0"
"2023-01-01","Northwest Territories","2021A000261","Asylum claimants, protected persons and related groups with work permit only","Persons","249","units","0","v1566927724","13.3","14","","","","0"
"2023-04-01","Northwest Territories","2021A000261","Asylum claimants, protected persons and related groups with work permit only","Persons","249","units","0","v1566927724","13.3","12","","","","0"
"2023-07-01","Northwest Territories","2021A000261","Asylum claimants, protected persons and related groups with work permit only","Persons","249","units","0","v1566927724","13.3","18","","","","0"
"2023-10-01","Northwest Territories","2021A000261","Asylum claimants, protected persons and related groups with work permit only","Persons","249","units","0","v1566927724","13.3","25","","","","0"
"2024-01-01","Northwest Territories","2021A000261","Asylum claimants, protected persons and related groups with work permit only","Persons","249","units","0","v1566927724","13.3","24","","","","0"
"2024-04-01","Northwest Territories","2021A000261","Asylum claimants, protected persons and related groups with work permit only","Persons","249","units","0","v1566927724","13.3","30","","","","0"
"2024-07-01","Northwest Territories","2021A000261","Asylum claimants, protected persons and related groups with work permit only","Persons","249","units","0","v1566927724","13.3","32","","","","0"
"2024-10-01","Northwest Territories","2021A000261","Asylum claimants, protected persons and related groups with work permit only","Persons","249","units","0","v1566927724","13.3","49","","","","0"
"2025-01-01","Northwest Territories","2021A000261","Asylum claimants, protected persons and related groups with work permit only","Persons","249","units","0","v1566927724","13.3","55","","","","0"
"2025-04-01","Northwest Territories","2021A000261","Asylum claimants, protected persons and related groups with work permit only","Persons","249","units","0","v1566927724","13.3","61","","","","0"
"2025-07-01","Northwest Territories","2021A000261","Asylum claimants, protected persons and related groups with work permit only","Persons","249","units","0","v1566927724","13.3","71","","","","0"
"2025-10-01","Northwest Territories","2021A000261","Asylum claimants, protected persons and related groups with work permit only","Persons","249","units","0","v1566927724","13.3","86","","","","0"
"2026-01-01","Northwest Territories","2021A000261","Asylum claimants, protected persons and related groups with work permit only","Persons","249","units","0","v1566927724","13.3","95","","","","0"
"2026-04-01","Northwest Territories","2021A000261","Asylum claimants, protected persons and related groups with work permit only","Persons","249","units","0","v1566927724","13.3","102","","","","0"
"2026-07-01","Northwest Territories","2021A000261","Asylum claimants, protected persons and related groups with work permit only","Persons","249","units","0","v1566927724","13.3","95","","","","0"
"2021-07-01","Northwest Territories","2021A000261","Asylum claimants, protected persons and related groups with study permit only","Persons","249","units","0","v1566927725","13.4","0","","","","0"
"2021-10-01","Northwest Territories","2021A000261","Asylum claimants, protected persons and related groups with study permit only","Persons","249","units","0","v1566927725","13.4","0","","","","0"
"2022-01-01","Northwest Territories","2021A000261","Asylum claimants, protected persons and related groups with study permit only","Persons","249","units","0","v1566927725","13.4","0","","","","0"
"2022-04-01","Northwest Territories","2021A000261","Asylum claimants, protected persons and related groups with study permit only","Persons","249","units","0","v1566927725","13.4","0","","","","0"
"2022-07-01","Northwest Territories","2021A000261","Asylum claimants, protected persons and related groups with study permit only","Persons","249","units","0","v1566927725","13.4","0","","","","0"
"2022-10-01","Northwest Territories","2021A000261","Asylum claimants, protected persons and related groups with study permit only","Persons","249","units","0","v1566927725","13.4","0","","","","0"
"2023-01-01","Northwest Territories","2021A000261","Asylum claimants, protected persons and related groups with study permit only","Persons","249","units","0","v1566927725","13.4","0","","","","0"
"2023-04-01","Northwest Territories","2021A000261","Asylum claimants, protected persons and related groups with study permit only","Persons","249","units","0","v1566927725","13.4","0","","","","0"
"2023-07-01","Northwest Territories","2021A000261","Asylum claimants, protected persons and related groups with study permit only","Persons","249","units","0","v1566927725","13.4","0","","","","0"
"2023-10-01","Northwest Territories","2021A000261","Asylum claimants, protected persons and related groups with study permit only","Persons","249","units","0","v1566927725","13.4","0","","","","0"
"2024-01-01","Northwest Territories","2021A000261","Asylum claimants, protected persons and related groups with study permit only","Persons","249","units","0","v1566927725","13.4","0","","","","0"
"2024-04-01","Northwest Territories","2021A000261","Asylum claimants, protected persons and related groups with study permit only","Persons","249","units","0","v1566927725","13.4","1","","","","0"
"2024-07-01","Northwest Territories","2021A000261","Asylum claimants, protected persons and related groups with study permit only","Persons","249","units","0","v1566927725","13.4","1","","","","0"
"2024-10-01","Northwest Territories","2021A000261","Asylum claimants, protected persons and related groups with study permit only","Persons","249","units","0","v1566927725","13.4","4","","","","0"
"2025-01-01","Northwest Territories","2021A000261","Asylum claimants, protected persons and related groups with study permit only","Persons","249","units","0","v1566927725","13.4","0","","","","0"
"2025-04-01","Northwest Territories","2021A000261","Asylum claimants, protected persons and related groups with study permit only","Persons","249","units","0","v1566927725","13.4","0","","","","0"
"2025-07-01","Northwest Territories","2021A000261","Asylum claimants, protected persons and related groups with study permit only","Persons","249","units","0","v1566927725","13.4","0","","","","0"
"2025-10-01","Northwest Territories","2021A000261","Asylum claimants, protected persons and related groups with study permit only","Persons","249","units","0","v1566927725","13.4","0","","","","0"
"2026-01-01","Northwest Territories","2021A000261","Asylum claimants, protected persons and related groups with study permit only","Persons","249","units","0","v1566927725","13.4","0","","","","0"
"2026-04-01","Northwest Territories","2021A000261","Asylum claimants, protected persons and related groups with study permit only","Persons","249","units","0","v1566927725","13.4","0","","","","0"
"2026-07-01","Northwest Territories","2021A000261","Asylum claimants, protected persons and related groups with study permit only","Persons","249","units","0","v1566927725","13.4","0","","","","0"
"2021-07-01","Northwest Territories","2021A000261","Asylum claimants, protected persons and related groups with work and study permits","Persons","249","units","0","v1566927726","13.5","4","","","","0"
"2021-10-01","Northwest Territories","2021A000261","Asylum claimants, protected persons and related groups with work and study permits","Persons","249","units","0","v1566927726","13.5","0","","","","0"
"2022-01-01","Northwest Territories","2021A000261","Asylum claimants, protected persons and related groups with work and study permits","Persons","249","units","0","v1566927726","13.5","0","","","","0"
"2022-04-01","Northwest Territories","2021A000261","Asylum claimants, protected persons and related groups with work and study permits","Persons","249","units","0","v1566927726","13.5","0","","","","0"
"2022-07-01","Northwest Territories","2021A000261","Asylum claimants, protected persons and related groups with work and study permits","Persons","249","units","0","v1566927726","13.5","0","","","","0"
"2022-10-01","Northwest Territories","2021A000261","Asylum claimants, protected persons and related groups with work and study permits","Persons","249","units","0","v1566927726","13.5","0","","","","0"
"2023-01-01","Northwest Territories","2021A000261","Asylum claimants, protected persons and related groups with work and study permits","Persons","249","units","0","v1566927726","13.5","0","","","","0"
"2023-04-01","Northwest Territories","2021A000261","Asylum claimants, protected persons and related groups with work and study permits","Persons","249","units","0","v1566927726","13.5","0","","","","0"
"2023-07-01","Northwest Territories","2021A000261","Asylum claimants, protected persons and related groups with work and study permits","Persons","249","units","0","v1566927726","13.5","0","","","","0"
"2023-10-01","Northwest Territories","2021A000261","Asylum claimants, protected persons and related groups with work and study permits","Persons","249","units","0","v1566927726","13.5","0","","","","0"
"2024-01-01","Northwest Territories","2021A000261","Asylum claimants, protected persons and related groups with work and study permits","Persons","249","units","0","v1566927726","13.5","1","","","","0"
"2024-04-01","Northwest Territories","2021A000261","Asylum claimants, protected persons and related groups with work and study permits","Persons","249","units","0","v1566927726","13.5","4","","","","0"
"2024-07-01","Northwest Territories","2021A000261","Asylum claimants, protected persons and related groups with work and study permits","Persons","249","units","0","v1566927726","13.5","2","","","","0"
"2024-10-01","Northwest Territories","2021A000261","Asylum claimants, protected persons and related groups with work and study permits","Persons","249","units","0","v1566927726","13.5","4","","","","0"
"2025-01-01","Northwest Territories","2021A000261","Asylum claimants, protected persons and related groups with work and study permits","Persons","249","units","0","v1566927726","13.5","2","","","","0"
"2025-04-01","Northwest Territories","2021A000261","Asylum claimants, protected persons and related groups with work and study permits","Persons","249","units","0","v1566927726","13.5","2","","","","0"
"2025-07-01","Northwest Territories","2021A000261","Asylum claimants, protected persons and related groups with work and study permits","Persons","249","units","0","v1566927726","13.5","2","","","","0"
"2025-10-01","Northwest Territories","2021A000261","Asylum claimants, protected persons and related groups with work and study permits","Persons","249","units","0","v1566927726","13.5","1","","","","0"
"2026-01-01","Northwest Territories","2021A000261","Asylum claimants, protected persons and related groups with work and study permits","Persons","249","units","0","v1566927726","13.5","4","","","","0"
"2026-04-01","Northwest Territories","2021A000261","Asylum claimants, protected persons and related groups with work and study permits","Persons","249","units","0","v1566927726","13.5","3","","","","0"
"2026-07-01","Northwest Territories","2021A000261","Asylum claimants, protected persons and related groups with work and study permits","Persons","249","units","0","v1566927726","13.5","4","","","","0"
"2021-07-01","Northwest Territories","2021A000261","Asylum claimants, protected persons and related groups without work or study permits","Persons","249","units","0","v1566927727","13.6","3","","","","0"
"2021-10-01","Northwest Territories","2021A000261","Asylum claimants, protected persons and related groups without work or study permits","Persons","249","units","0","v1566927727","13.6","4","","","","0"
"2022-01-01","Northwest Territories","2021A000261","Asylum claimants, protected persons and related groups without work or study permits","Persons","249","units","0","v1566927727","13.6","5","","","","0"
"2022-04-01","Northwest Territories","2021A000261","Asylum claimants, protected persons and related groups without work or study permits","Persons","249","units","0","v1566927727","13.6","9","","","","0"
"2022-07-01","Northwest Territories","2021A000261","Asylum claimants, protected persons and related groups without work or study permits","Persons","249","units","0","v1566927727","13.6","3","","","","0"
"2022-10-01","Northwest Territories","2021A000261","Asylum claimants, protected persons and related groups without work or study permits","Persons","249","units","0","v1566927727","13.6","1","","","","0"
"2023-01-01","Northwest Territories","2021A000261","Asylum claimants, protected persons and related groups without work or study permits","Persons","249","units","0","v1566927727","13.6","1","","","","0"
"2023-04-01","Northwest Territories","2021A000261","Asylum claimants, protected persons and related groups without work or study permits","Persons","249","units","0","v1566927727","13.6","5","","","","0"
"2023-07-01","Northwest Territories","2021A000261","Asylum claimants, protected persons and related groups without work or study permits","Persons","249","units","0","v1566927727","13.6","3","","","","0"
"2023-10-01","Northwest Territories","2021A000261","Asylum claimants, protected persons and related groups without work or study permits","Persons","249","units","0","v1566927727","13.6","3","","","","0"
"2024-01-01","Northwest Territories","2021A000261","Asylum claimants, protected persons and related groups without work or study permits","Persons","249","units","0","v1566927727","13.6","9","","","","0"
"2024-04-01","Northwest Territories","2021A000261","Asylum claimants, protected persons and related groups without work or study permits","Persons","249","units","0","v1566927727","13.6","8","","","","0"
"2024-07-01","Northwest Territories","2021A000261","Asylum claimants, protected persons and related groups without work or study permits","Persons","249","units","0","v1566927727","13.6","10","","","","0"
"2024-10-01","Northwest Territories","2021A000261","Asylum claimants, protected persons and related groups without work or study permits","Persons","249","units","0","v1566927727","13.6","7","","","","0"
"2025-01-01","Northwest Territories","2021A000261","Asylum claimants, protected persons and related groups without work or study permits","Persons","249","units","0","v1566927727","13.6","14","","","","0"
"2025-04-01","Northwest Territories","2021A000261","Asylum claimants, protected persons and related groups without work or study permits","Persons","249","units","0","v1566927727","13.6","21","","","","0"
"2025-07-01","Northwest Territories","2021A000261","Asylum claimants, protected persons and related groups without work or study permits","Persons","249","units","0","v1566927727","13.6","12","","","","0"
"2025-10-01","Northwest Territories","2021A000261","Asylum claimants, protected persons and related groups without work or study permits","Persons","249","units","0","v1566927727","13.6","18","","","","0"
"2026-01-01","Northwest Territories","2021A000261","Asylum claimants, protected persons and related groups without work or study permits","Persons","249","units","0","v1566927727","13.6","15","","","","0"
"2026-04-01","Northwest Territories","2021A000261","Asylum claimants, protected persons and related groups without work or study permits","Persons","249","units","0","v1566927727","13.6","20","","","","0"
"2026-07-01","Northwest Territories","2021A000261","Asylum claimants, protected persons and related groups without work or study permits","Persons","249","units","0","v1566927727","13.6","18","","","","0"
"2021-07-01","Northwest Territories","2021A000261","Total, permit holders and their family members","Persons","249","units","0","v1566927728","13.7","447","","","","0"
"2021-10-01","Northwest Territories","2021A000261","Total, permit holders and their family members","Persons","249","units","0","v1566927728","13.7","401","","","","0"
"2022-01-01","Northwest Territories","2021A000261","Total, permit holders and their family members","Persons","249","units","0","v1566927728","13.7","374","","","","0"
"2022-04-01","Northwest Territories","2021A000261","Total, permit holders and their family members","Persons","249","units","0","v1566927728","13.7","346","","","","0"
"2022-07-01","Northwest Territories","2021A000261","Total, permit holders and their family members","Persons","249","units","0","v1566927728","13.7","376","","","","0"
"2022-10-01","Northwest Territories","2021A000261","Total, permit holders and their family members","Persons","249","units","0","v1566927728","13.7","385","","","","0"
"2023-01-01","Northwest Territories","2021A000261","Total, permit holders and their family members","Persons","249","units","0","v1566927728","13.7","458","","","","0"
"2023-04-01","Northwest Territories","2021A000261","Total, permit holders and their family members","Persons","249","units","0","v1566927728","13.7","438","","","","0"
"2023-07-01","Northwest Territories","2021A000261","Total, permit holders and their family members","Persons","249","units","0","v1566927728","13.7","539","","","","0"
"2023-10-01","Northwest Territories","2021A000261","Total, permit holders and their family members","Persons","249","units","0","v1566927728","13.7","629","","","","0"
"2024-01-01","Northwest Territories","2021A000261","Total, permit holders and their family members","Persons","249","units","0","v1566927728","13.7","748","","","","0"
"2024-04-01","Northwest Territories","2021A000261","Total, permit holders and their family members","Persons","249","units","0","v1566927728","13.7","828","","","","0"
"2024-07-01","Northwest Territories","2021A000261","Total, permit holders and their family members","Persons","249","units","0","v1566927728","13.7","873","","","","0"
"2024-10-01","Northwest Territories","2021A000261","Total, permit holders and their family members","Persons","249","units","0","v1566927728","13.7","936","","","","0"
"2025-01-01","Northwest Territories","2021A000261","Total, permit holders and their family members","Persons","249","units","0","v1566927728","13.7","1011","","","","0"
"2025-04-01","Northwest Territories","2021A000261","Total, permit holders and their family members","Persons","249","units","0","v1566927728","13.7","1048","","","","0"
"2025-07-01","Northwest Territories","2021A000261","Total, permit holders and their family members","Persons","249","units","0","v1566927728","13.7","1071","","","","0"
"2025-10-01","Northwest Territories","2021A000261","Total, permit holders and their family members","Persons","249","units","0","v1566927728","13.7","1140","","","","0"
"2026-01-01","Northwest Territories","2021A000261","Total, permit holders and their family members","Persons","249","units","0","v1566927728","13.7","1179","","","","0"
"2026-04-01","Northwest Territories","2021A000261","Total, permit holders and their family members","Persons","249","units","0","v1566927728","13.7","1085","","","","0"
"2026-07-01","Northwest Territories","2021A000261","Total, permit holders and their family members","Persons","249","units","0","v1566927728","13.7","1099","","","","0"
"2021-07-01","Northwest Territories","2021A000261","Work permit holders only","Persons","249","units","0","v1566927729","13.8","385","","","","0"
"2021-10-01","Northwest Territories","2021A000261","Work permit holders only","Persons","249","units","0","v1566927729","13.8","342","","","","0"
"2022-01-01","Northwest Territories","2021A000261","Work permit holders only","Persons","249","units","0","v1566927729","13.8","323","","","","0"
"2022-04-01","Northwest Territories","2021A000261","Work permit holders only","Persons","249","units","0","v1566927729","13.8","293","","","","0"
"2022-07-01","Northwest Territories","2021A000261","Work permit holders only","Persons","249","units","0","v1566927729","13.8","302","","","","0"
"2022-10-01","Northwest Territories","2021A000261","Work permit holders only","Persons","249","units","0","v1566927729","13.8","329","","","","0"
"2023-01-01","Northwest Territories","2021A000261","Work permit holders only","Persons","249","units","0","v1566927729","13.8","392","","","","0"
"2023-04-01","Northwest Territories","2021A000261","Work permit holders only","Persons","249","units","0","v1566927729","13.8","372","","","","0"
"2023-07-01","Northwest Territories","2021A000261","Work permit holders only","Persons","249","units","0","v1566927729","13.8","442","","","","0"
"2023-10-01","Northwest Territories","2021A000261","Work permit holders only","Persons","249","units","0","v1566927729","13.8","532","","","","0"
"2024-01-01","Northwest Territories","2021A000261","Work permit holders only","Persons","249","units","0","v1566927729","13.8","649","","","","0"
"2024-04-01","Northwest Territories","2021A000261","Work permit holders only","Persons","249","units","0","v1566927729","13.8","690","","","","0"
"2024-07-01","Northwest Territories","2021A000261","Work permit holders only","Persons","249","units","0","v1566927729","13.8","729","","","","0"
"2024-10-01","Northwest Territories","2021A000261","Work permit holders only","Persons","249","units","0","v1566927729","13.8","805","","","","0"
"2025-01-01","Northwest Territories","2021A000261","Work permit holders only","Persons","249","units","0","v1566927729","13.8","874","","","","0"
"2025-04-01","Northwest Territories","2021A000261","Work permit holders only","Persons","249","units","0","v1566927729","13.8","902","","","","0"
"2025-07-01","Northwest Territories","2021A000261","Work permit holders only","Persons","249","units","0","v1566927729","13.8","924","","","","0"
"2025-10-01","Northwest Territories","2021A000261","Work permit holders only","Persons","249","units","0","v1566927729","13.8","984","","","","0"
"2026-01-01","Northwest Territories","2021A000261","Work permit holders only","Persons","249","units","0","v1566927729","13.8","1022","","","","0"
"2026-04-01","Northwest Territories","2021A000261","Work permit holders only","Persons","249","units","0","v1566927729","13.8","925","","","","0"
"2026-07-01","Northwest Territories","2021A000261","Work permit holders only","Persons","249","units","0","v1566927729","13.8","939","","","","0"
"2021-07-01","Northwest Territories","2021A000261","Study permit holders only","Persons","249","units","0","v1566927730","13.9","32","","","","0"
"2021-10-01","Northwest Territories","2021A000261","Study permit holders only","Persons","249","units","0","v1566927730","13.9","30","","","","0"
"2022-01-01","Northwest Territories","2021A000261","Study permit holders only","Persons","249","units","0","v1566927730","13.9","30","","","","0"
"2022-04-01","Northwest Territories","2021A000261","Study permit holders only","Persons","249","units","0","v1566927730","13.9","32","","","","0"
"2022-07-01","Northwest Territories","2021A000261","Study permit holders only","Persons","249","units","0","v1566927730","13.9","36","","","","0"
"2022-10-01","Northwest Territories","2021A000261","Study permit holders only","Persons","249","units","0","v1566927730","13.9","33","","","","0"
"2023-01-01","Northwest Territories","2021A000261","Study permit holders only","Persons","249","units","0","v1566927730","13.9","37","","","","0"
"2023-04-01","Northwest Territories","2021A000261","Study permit holders only","Persons","249","units","0","v1566927730","13.9","30","","","","0"
"2023-07-01","Northwest Territories","2021A000261","Study permit holders only","Persons","249","units","0","v1566927730","13.9","41","","","","0"
"2023-10-01","Northwest Territories","2021A000261","Study permit holders only","Persons","249","units","0","v1566927730","13.9","52","","","","0"
"2024-01-01","Northwest Territories","2021A000261","Study permit holders only","Persons","249","units","0","v1566927730","13.9","56","","","","0"
"2024-04-01","Northwest Territories","2021A000261","Study permit holders only","Persons","249","units","0","v1566927730","13.9","79","","","","0"
"2024-07-01","Northwest Territories","2021A000261","Study permit holders only","Persons","249","units","0","v1566927730","13.9","81","","","","0"
"2024-10-01","Northwest Territories","2021A000261","Study permit holders only","Persons","249","units","0","v1566927730","13.9","78","","","","0"
"2025-01-01","Northwest Territories","2021A000261","Study permit holders only","Persons","249","units","0","v1566927730","13.9","83","","","","0"
"2025-04-01","Northwest Territories","2021A000261","Study permit holders only","Persons","249","units","0","v1566927730","13.9","89","","","","0"
"2025-07-01","Northwest Territories","2021A000261","Study permit holders only","Persons","249","units","0","v1566927730","13.9","89","","","","0"
"2025-10-01","Northwest Territories","2021A000261","Study permit holders only","Persons","249","units","0","v1566927730","13.9","92","","","","0"
"2026-01-01","Northwest Territories","2021A000261","Study permit holders only","Persons","249","units","0","v1566927730","13.9","95","","","","0"
"2026-04-01","Northwest Territories","2021A000261","Study permit holders only","Persons","249","units","0","v1566927730","13.9","88","","","","0"
"2026-07-01","Northwest Territories","2021A000261","Study permit holders only","Persons","249","units","0","v1566927730","13.9","93","","","","0"
"2021-07-01","Northwest Territories","2021A000261","Work and study permit holders","Persons","249","units","0","v1566927731","13.10","18","","","","0"
"2021-10-01","Northwest Territories","2021A000261","Work and study permit holders","Persons","249","units","0","v1566927731","13.10","18","","","","0"
"2022-01-01","Northwest Territories","2021A000261","Work and study permit holders","Persons","249","units","0","v1566927731","13.10","13","","","","0"
"2022-04-01","Northwest Territories","2021A000261","Work and study permit holders","Persons","249","units","0","v1566927731","13.10","13","","","","0"
"2022-07-01","Northwest Territories","2021A000261","Work and study permit holders","Persons","249","units","0","v1566927731","13.10","27","","","","0"
"2022-10-01","Northwest Territories","2021A000261","Work and study permit holders","Persons","249","units","0","v1566927731","13.10","13","","","","0"
"2023-01-01","Northwest Territories","2021A000261","Work and study permit holders","Persons","249","units","0","v1566927731","13.10","18","","","","0"
"2023-04-01","Northwest Territories","2021A000261","Work and study permit holders","Persons","249","units","0","v1566927731","13.10","23","","","","0"
"2023-07-01","Northwest Territories","2021A000261","Work and study permit holders","Persons","249","units","0","v1566927731","13.10","38","","","","0"
"2023-10-01","Northwest Territories","2021A000261","Work and study permit holders","Persons","249","units","0","v1566927731","13.10","26","","","","0"
"2024-01-01","Northwest Territories","2021A000261","Work and study permit holders","Persons","249","units","0","v1566927731","13.10","16","","","","0"
"2024-04-01","Northwest Territories","2021A000261","Work and study permit holders","Persons","249","units","0","v1566927731","13.10","27","","","","0"
"2024-07-01","Northwest Territories","2021A000261","Work and study permit holders","Persons","249","units","0","v1566927731","13.10","28","","","","0"
"2024-10-01","Northwest Territories","2021A000261","Work and study permit holders","Persons","249","units","0","v1566927731","13.10","19","","","","0"
"2025-01-01","Northwest Territories","2021A000261","Work and study permit holders","Persons","249","units","0","v1566927731","13.10","19","","","","0"
"2025-04-01","Northwest Territories","2021A000261","Work and study permit holders","Persons","249","units","0","v1566927731","13.10","21","","","","0"
"2025-07-01","Northwest Territories","2021A000261","Work and study permit holders","Persons","249","units","0","v1566927731","13.10","23","","","","0"
"2025-10-01","Northwest Territories","2021A000261","Work and study permit holders","Persons","249","units","0","v1566927731","13.10","25","","","","0"
"2026-01-01","Northwest Territories","2021A000261","Work and study permit holders","Persons","249","units","0","v1566927731","13.10","23","","","","0"
"2026-04-01","Northwest Territories","2021A000261","Work and study permit holders","Persons","249","units","0","v1566927731","13.10","36","","","","0"
"2026-07-01","Northwest Territories","2021A000261","Work and study permit holders","Persons","249","units","0","v1566927731","13.10","33","","","","0"
"2021-07-01","Northwest Territories","2021A000261","Other","Persons","249","units","0","v1566927732","13.11","12","","","","0"
"2021-10-01","Northwest Territories","2021A000261","Other","Persons","249","units","0","v1566927732","13.11","11","","","","0"
"2022-01-01","Northwest Territories","2021A000261","Other","Persons","249","units","0","v1566927732","13.11","8","","","","0"
"2022-04-01","Northwest Territories","2021A000261","Other","Persons","249","units","0","v1566927732","13.11","8","","","","0"
"2022-07-01","Northwest Territories","2021A000261","Other","Persons","249","units","0","v1566927732","13.11","11","","","","0"
"2022-10-01","Northwest Territories","2021A000261","Other","Persons","249","units","0","v1566927732","13.11","10","","","","0"
"2023-01-01","Northwest Territories","2021A000261","Other","Persons","249","units","0","v1566927732","13.11","11","","","","0"
"2023-04-01","Northwest Territories","2021A000261","Other","Persons","249","units","0","v1566927732","13.11","13","","","","0"
"2023-07-01","Northwest Territories","2021A000261","Other","Persons","249","units","0","v1566927732","13.11","18","","","","0"
"2023-10-01","Northwest Territories","2021A000261","Other","Persons","249","units","0","v1566927732","13.11","19","","","","0"
"2024-01-01","Northwest Territories","2021A000261","Other","Persons","249","units","0","v1566927732","13.11","27","","","","0"
"2024-04-01","Northwest Territories","2021A000261","Other","Persons","249","units","0","v1566927732","13.11","32","","","","0"
"2024-07-01","Northwest Territories","2021A000261","Other","Persons","249","units","0","v1566927732","13.11","35","","","","0"
"2024-10-01","Northwest Territories","2021A000261","Other","Persons","249","units","0","v1566927732","13.11","34","","","","0"
"2025-01-01","Northwest Territories","2021A000261","Other","Persons","249","units","0","v1566927732","13.11","35","","","","0"
"2025-04-01","Northwest Territories","2021A000261","Other","Persons","249","units","0","v1566927732","13.11","36","","","","0"
"2025-07-01","Northwest Territories","2021A000261","Other","Persons","249","units","0","v1566927732","13.11","35","","","","0"
"2025-10-01","Northwest Territories","2021A000261","Other","Persons","249","units","0","v1566927732","13.11","39","","","","0"
"2026-01-01","Northwest Territories","2021A000261","Other","Persons","249","units","0","v1566927732","13.11","39","","","","0"
"2026-04-01","Northwest Territories","2021A000261","Other","Persons","249","units","0","v1566927732","13.11","36","","","","0"
"2026-07-01","Northwest Territories","2021A000261","Other","Persons","249","units","0","v1566927732","13.11","34","","","","0"
"2021-07-01","Nunavut","2021A000262","Total, non-permanent residents","Persons","249","units","0","v1566927733","14.1","82","","","","0"
"2021-10-01","Nunavut","2021A000262","Total, non-permanent residents","Persons","249","units","0","v1566927733","14.1","87","","","","0"
"2022-01-01","Nunavut","2021A000262","Total, non-permanent residents","Persons","249","units","0","v1566927733","14.1","85","","","","0"
"2022-04-01","Nunavut","2021A000262","Total, non-permanent residents","Persons","249","units","0","v1566927733","14.1","65","","","","0"
"2022-07-01","Nunavut","2021A000262","Total, non-permanent residents","Persons","249","units","0","v1566927733","14.1","49","","","","0"
"2022-10-01","Nunavut","2021A000262","Total, non-permanent residents","Persons","249","units","0","v1566927733","14.1","75","","","","0"
"2023-01-01","Nunavut","2021A000262","Total, non-permanent residents","Persons","249","units","0","v1566927733","14.1","74","","","","0"
"2023-04-01","Nunavut","2021A000262","Total, non-permanent residents","Persons","249","units","0","v1566927733","14.1","90","","","","0"
"2023-07-01","Nunavut","2021A000262","Total, non-permanent residents","Persons","249","units","0","v1566927733","14.1","108","","","","0"
"2023-10-01","Nunavut","2021A000262","Total, non-permanent residents","Persons","249","units","0","v1566927733","14.1","175","","","","0"
"2024-01-01","Nunavut","2021A000262","Total, non-permanent residents","Persons","249","units","0","v1566927733","14.1","159","","","","0"
"2024-04-01","Nunavut","2021A000262","Total, non-permanent residents","Persons","249","units","0","v1566927733","14.1","195","","","","0"
"2024-07-01","Nunavut","2021A000262","Total, non-permanent residents","Persons","249","units","0","v1566927733","14.1","208","","","","0"
"2024-10-01","Nunavut","2021A000262","Total, non-permanent residents","Persons","249","units","0","v1566927733","14.1","270","","","","0"
"2025-01-01","Nunavut","2021A000262","Total, non-permanent residents","Persons","249","units","0","v1566927733","14.1","237","","","","0"
"2025-04-01","Nunavut","2021A000262","Total, non-permanent residents","Persons","249","units","0","v1566927733","14.1","271","","","","0"
"2025-07-01","Nunavut","2021A000262","Total, non-permanent residents","Persons","249","units","0","v1566927733","14.1","297","","","","0"
"2025-10-01","Nunavut","2021A000262","Total, non-permanent residents","Persons","249","units","0","v1566927733","14.1","303","","","","0"
"2026-01-01","Nunavut","2021A000262","Total, non-permanent residents","Persons","249","units","0","v1566927733","14.1","316","","","","0"
"2026-04-01","Nunavut","2021A000262","Total, non-permanent residents","Persons","249","units","0","v1566927733","14.1","333","","","","0"
"2026-07-01","Nunavut","2021A000262","Total, non-permanent residents","Persons","249","units","0","v1566927733","14.1","333","","","","0"
"2021-07-01","Nunavut","2021A000262","Total, asylum claimants, protected persons and related groups","Persons","249","units","0","v1566927734","14.2","11","","","","0"
"2021-10-01","Nunavut","2021A000262","Total, asylum claimants, protected persons and related groups","Persons","249","units","0","v1566927734","14.2","11","","","","0"
"2022-01-01","Nunavut","2021A000262","Total, asylum claimants, protected persons and related groups","Persons","249","units","0","v1566927734","14.2","10","","","","0"
"2022-04-01","Nunavut","2021A000262","Total, asylum claimants, protected persons and related groups","Persons","249","units","0","v1566927734","14.2","8","","","","0"
"2022-07-01","Nunavut","2021A000262","Total, asylum claimants, protected persons and related groups","Persons","249","units","0","v1566927734","14.2","6","","","","0"
"2022-10-01","Nunavut","2021A000262","Total, asylum claimants, protected persons and related groups","Persons","249","units","0","v1566927734","14.2","8","","","","0"
"2023-01-01","Nunavut","2021A000262","Total, asylum claimants, protected persons and related groups","Persons","249","units","0","v1566927734","14.2","13","","","","0"
"2023-04-01","Nunavut","2021A000262","Total, asylum claimants, protected persons and related groups","Persons","249","units","0","v1566927734","14.2","10","","","","0"
"2023-07-01","Nunavut","2021A000262","Total, asylum claimants, protected persons and related groups","Persons","249","units","0","v1566927734","14.2","14","","","","0"
"2023-10-01","Nunavut","2021A000262","Total, asylum claimants, protected persons and related groups","Persons","249","units","0","v1566927734","14.2","17","","","","0"
"2024-01-01","Nunavut","2021A000262","Total, asylum claimants, protected persons and related groups","Persons","249","units","0","v1566927734","14.2","15","","","","0"
"2024-04-01","Nunavut","2021A000262","Total, asylum claimants, protected persons and related groups","Persons","249","units","0","v1566927734","14.2","18","","","","0"
"2024-07-01","Nunavut","2021A000262","Total, asylum claimants, protected persons and related groups","Persons","249","units","0","v1566927734","14.2","24","","","","0"
"2024-10-01","Nunavut","2021A000262","Total, asylum claimants, protected persons and related groups","Persons","249","units","0","v1566927734","14.2","35","","","","0"
"2025-01-01","Nunavut","2021A000262","Total, asylum claimants, protected persons and related groups","Persons","249","units","0","v1566927734","14.2","46","","","","0"
"2025-04-01","Nunavut","2021A000262","Total, asylum claimants, protected persons and related groups","Persons","249","units","0","v1566927734","14.2","50","","","","0"
"2025-07-01","Nunavut","2021A000262","Total, asylum claimants, protected persons and related groups","Persons","249","units","0","v1566927734","14.2","67","","","","0"
"2025-10-01","Nunavut","2021A000262","Total, asylum claimants, protected persons and related groups","Persons","249","units","0","v1566927734","14.2","76","","","","0"
"2026-01-01","Nunavut","2021A000262","Total, asylum claimants, protected persons and related groups","Persons","249","units","0","v1566927734","14.2","94","","","","0"
"2026-04-01","Nunavut","2021A000262","Total, asylum claimants, protected persons and related groups","Persons","249","units","0","v1566927734","14.2","121","","","","0"
"2026-07-01","Nunavut","2021A000262","Total, asylum claimants, protected persons and related groups","Persons","249","units","0","v1566927734","14.2","119","","","","0"
"2021-07-01","Nunavut","2021A000262","Asylum claimants, protected persons and related groups with work permit only","Persons","249","units","0","v1566927735","14.3","10","","","","0"
"2021-10-01","Nunavut","2021A000262","Asylum claimants, protected persons and related groups with work permit only","Persons","249","units","0","v1566927735","14.3","9","","","","0"
"2022-01-01","Nunavut","2021A000262","Asylum claimants, protected persons and related groups with work permit only","Persons","249","units","0","v1566927735","14.3","6","","","","0"
"2022-04-01","Nunavut","2021A000262","Asylum claimants, protected persons and related groups with work permit only","Persons","249","units","0","v1566927735","14.3","3","","","","0"
"2022-07-01","Nunavut","2021A000262","Asylum claimants, protected persons and related groups with work permit only","Persons","249","units","0","v1566927735","14.3","2","","","","0"
"2022-10-01","Nunavut","2021A000262","Asylum claimants, protected persons and related groups with work permit only","Persons","249","units","0","v1566927735","14.3","7","","","","0"
"2023-01-01","Nunavut","2021A000262","Asylum claimants, protected persons and related groups with work permit only","Persons","249","units","0","v1566927735","14.3","10","","","","0"
"2023-04-01","Nunavut","2021A000262","Asylum claimants, protected persons and related groups with work permit only","Persons","249","units","0","v1566927735","14.3","8","","","","0"
"2023-07-01","Nunavut","2021A000262","Asylum claimants, protected persons and related groups with work permit only","Persons","249","units","0","v1566927735","14.3","11","","","","0"
"2023-10-01","Nunavut","2021A000262","Asylum claimants, protected persons and related groups with work permit only","Persons","249","units","0","v1566927735","14.3","13","","","","0"
"2024-01-01","Nunavut","2021A000262","Asylum claimants, protected persons and related groups with work permit only","Persons","249","units","0","v1566927735","14.3","13","","","","0"
"2024-04-01","Nunavut","2021A000262","Asylum claimants, protected persons and related groups with work permit only","Persons","249","units","0","v1566927735","14.3","11","","","","0"
"2024-07-01","Nunavut","2021A000262","Asylum claimants, protected persons and related groups with work permit only","Persons","249","units","0","v1566927735","14.3","18","","","","0"
"2024-10-01","Nunavut","2021A000262","Asylum claimants, protected persons and related groups with work permit only","Persons","249","units","0","v1566927735","14.3","27","","","","0"
"2025-01-01","Nunavut","2021A000262","Asylum claimants, protected persons and related groups with work permit only","Persons","249","units","0","v1566927735","14.3","41","","","","0"
"2025-04-01","Nunavut","2021A000262","Asylum claimants, protected persons and related groups with work permit only","Persons","249","units","0","v1566927735","14.3","48","","","","0"
"2025-07-01","Nunavut","2021A000262","Asylum claimants, protected persons and related groups with work permit only","Persons","249","units","0","v1566927735","14.3","57","","","","0"
"2025-10-01","Nunavut","2021A000262","Asylum claimants, protected persons and related groups with work permit only","Persons","249","units","0","v1566927735","14.3","70","","","","0"
"2026-01-01","Nunavut","2021A000262","Asylum claimants, protected persons and related groups with work permit only","Persons","249","units","0","v1566927735","14.3","85","","","","0"
"2026-04-01","Nunavut","2021A000262","Asylum claimants, protected persons and related groups with work permit only","Persons","249","units","0","v1566927735","14.3","106","","","","0"
"2026-07-01","Nunavut","2021A000262","Asylum claimants, protected persons and related groups with work permit only","Persons","249","units","0","v1566927735","14.3","105","","","","0"
"2021-07-01","Nunavut","2021A000262","Asylum claimants, protected persons and related groups with study permit only","Persons","249","units","0","v1566927736","14.4","0","","","","0"
"2021-10-01","Nunavut","2021A000262","Asylum claimants, protected persons and related groups with study permit only","Persons","249","units","0","v1566927736","14.4","0","","","","0"
"2022-01-01","Nunavut","2021A000262","Asylum claimants, protected persons and related groups with study permit only","Persons","249","units","0","v1566927736","14.4","0","","","","0"
"2022-04-01","Nunavut","2021A000262","Asylum claimants, protected persons and related groups with study permit only","Persons","249","units","0","v1566927736","14.4","0","","","","0"
"2022-07-01","Nunavut","2021A000262","Asylum claimants, protected persons and related groups with study permit only","Persons","249","units","0","v1566927736","14.4","0","","","","0"
"2022-10-01","Nunavut","2021A000262","Asylum claimants, protected persons and related groups with study permit only","Persons","249","units","0","v1566927736","14.4","0","","","","0"
"2023-01-01","Nunavut","2021A000262","Asylum claimants, protected persons and related groups with study permit only","Persons","249","units","0","v1566927736","14.4","0","","","","0"
"2023-04-01","Nunavut","2021A000262","Asylum claimants, protected persons and related groups with study permit only","Persons","249","units","0","v1566927736","14.4","0","","","","0"
"2023-07-01","Nunavut","2021A000262","Asylum claimants, protected persons and related groups with study permit only","Persons","249","units","0","v1566927736","14.4","0","","","","0"
"2023-10-01","Nunavut","2021A000262","Asylum claimants, protected persons and related groups with study permit only","Persons","249","units","0","v1566927736","14.4","0","","","","0"
"2024-01-01","Nunavut","2021A000262","Asylum claimants, protected persons and related groups with study permit only","Persons","249","units","0","v1566927736","14.4","0","","","","0"
"2024-04-01","Nunavut","2021A000262","Asylum claimants, protected persons and related groups with study permit only","Persons","249","units","0","v1566927736","14.4","0","","","","0"
"2024-07-01","Nunavut","2021A000262","Asylum claimants, protected persons and related groups with study permit only","Persons","249","units","0","v1566927736","14.4","0","","","","0"
"2024-10-01","Nunavut","2021A000262","Asylum claimants, protected persons and related groups with study permit only","Persons","249","units","0","v1566927736","14.4","0","","","","0"
"2025-01-01","Nunavut","2021A000262","Asylum claimants, protected persons and related groups with study permit only","Persons","249","units","0","v1566927736","14.4","0","","","","0"
"2025-04-01","Nunavut","2021A000262","Asylum claimants, protected persons and related groups with study permit only","Persons","249","units","0","v1566927736","14.4","0","","","","0"
"2025-07-01","Nunavut","2021A000262","Asylum claimants, protected persons and related groups with study permit only","Persons","249","units","0","v1566927736","14.4","0","","","","0"
"2025-10-01","Nunavut","2021A000262","Asylum claimants, protected persons and related groups with study permit only","Persons","249","units","0","v1566927736","14.4","0","","","","0"
"2026-01-01","Nunavut","2021A000262","Asylum claimants, protected persons and related groups with study permit only","Persons","249","units","0","v1566927736","14.4","0","","","","0"
"2026-04-01","Nunavut","2021A000262","Asylum claimants, protected persons and related groups with study permit only","Persons","249","units","0","v1566927736","14.4","3","","","","0"
"2026-07-01","Nunavut","2021A000262","Asylum claimants, protected persons and related groups with study permit only","Persons","249","units","0","v1566927736","14.4","0","","","","0"
"2021-07-01","Nunavut","2021A000262","Asylum claimants, protected persons and related groups with work and study permits","Persons","249","units","0","v1566927737","14.5","0","","","","0"
"2021-10-01","Nunavut","2021A000262","Asylum claimants, protected persons and related groups with work and study permits","Persons","249","units","0","v1566927737","14.5","0","","","","0"
"2022-01-01","Nunavut","2021A000262","Asylum claimants, protected persons and related groups with work and study permits","Persons","249","units","0","v1566927737","14.5","0","","","","0"
"2022-04-01","Nunavut","2021A000262","Asylum claimants, protected persons and related groups with work and study permits","Persons","249","units","0","v1566927737","14.5","0","","","","0"
"2022-07-01","Nunavut","2021A000262","Asylum claimants, protected persons and related groups with work and study permits","Persons","249","units","0","v1566927737","14.5","0","","","","0"
"2022-10-01","Nunavut","2021A000262","Asylum claimants, protected persons and related groups with work and study permits","Persons","249","units","0","v1566927737","14.5","0","","","","0"
"2023-01-01","Nunavut","2021A000262","Asylum claimants, protected persons and related groups with work and study permits","Persons","249","units","0","v1566927737","14.5","0","","","","0"
"2023-04-01","Nunavut","2021A000262","Asylum claimants, protected persons and related groups with work and study permits","Persons","249","units","0","v1566927737","14.5","0","","","","0"
"2023-07-01","Nunavut","2021A000262","Asylum claimants, protected persons and related groups with work and study permits","Persons","249","units","0","v1566927737","14.5","0","","","","0"
"2023-10-01","Nunavut","2021A000262","Asylum claimants, protected persons and related groups with work and study permits","Persons","249","units","0","v1566927737","14.5","0","","","","0"
"2024-01-01","Nunavut","2021A000262","Asylum claimants, protected persons and related groups with work and study permits","Persons","249","units","0","v1566927737","14.5","1","","","","0"
"2024-04-01","Nunavut","2021A000262","Asylum claimants, protected persons and related groups with work and study permits","Persons","249","units","0","v1566927737","14.5","4","","","","0"
"2024-07-01","Nunavut","2021A000262","Asylum claimants, protected persons and related groups with work and study permits","Persons","249","units","0","v1566927737","14.5","0","","","","0"
"2024-10-01","Nunavut","2021A000262","Asylum claimants, protected persons and related groups with work and study permits","Persons","249","units","0","v1566927737","14.5","0","","","","0"
"2025-01-01","Nunavut","2021A000262","Asylum claimants, protected persons and related groups with work and study permits","Persons","249","units","0","v1566927737","14.5","0","","","","0"
"2025-04-01","Nunavut","2021A000262","Asylum claimants, protected persons and related groups with work and study permits","Persons","249","units","0","v1566927737","14.5","0","","","","0"
"2025-07-01","Nunavut","2021A000262","Asylum claimants, protected persons and related groups with work and study permits","Persons","249","units","0","v1566927737","14.5","3","","","","0"
"2025-10-01","Nunavut","2021A000262","Asylum claimants, protected persons and related groups with work and study permits","Persons","249","units","0","v1566927737","14.5","0","","","","0"
"2026-01-01","Nunavut","2021A000262","Asylum claimants, protected persons and related groups with work and study permits","Persons","249","units","0","v1566927737","14.5","2","","","","0"
"2026-04-01","Nunavut","2021A000262","Asylum claimants, protected persons and related groups with work and study permits","Persons","249","units","0","v1566927737","14.5","4","","","","0"
"2026-07-01","Nunavut","2021A000262","Asylum claimants, protected persons and related groups with work and study permits","Persons","249","units","0","v1566927737","14.5","4","","","","0"
"2021-07-01","Nunavut","2021A000262","Asylum claimants, protected persons and related groups without work or study permits","Persons","249","units","0","v1566927738","14.6","1","","","","0"
"2021-10-01","Nunavut","2021A000262","Asylum claimants, protected persons and related groups without work or study permits","Persons","249","units","0","v1566927738","14.6","2","","","","0"
"2022-01-01","Nunavut","2021A000262","Asylum claimants, protected persons and related groups without work or study permits","Persons","249","units","0","v1566927738","14.6","4","","","","0"
"2022-04-01","Nunavut","2021A000262","Asylum claimants, protected persons and related groups without work or study permits","Persons","249","units","0","v1566927738","14.6","5","","","","0"
"2022-07-01","Nunavut","2021A000262","Asylum claimants, protected persons and related groups without work or study permits","Persons","249","units","0","v1566927738","14.6","4","","","","0"
"2022-10-01","Nunavut","2021A000262","Asylum claimants, protected persons and related groups without work or study permits","Persons","249","units","0","v1566927738","14.6","1","","","","0"
"2023-01-01","Nunavut","2021A000262","Asylum claimants, protected persons and related groups without work or study permits","Persons","249","units","0","v1566927738","14.6","3","","","","0"
"2023-04-01","Nunavut","2021A000262","Asylum claimants, protected persons and related groups without work or study permits","Persons","249","units","0","v1566927738","14.6","2","","","","0"
"2023-07-01","Nunavut","2021A000262","Asylum claimants, protected persons and related groups without work or study permits","Persons","249","units","0","v1566927738","14.6","3","","","","0"
"2023-10-01","Nunavut","2021A000262","Asylum claimants, protected persons and related groups without work or study permits","Persons","249","units","0","v1566927738","14.6","4","","","","0"
"2024-01-01","Nunavut","2021A000262","Asylum claimants, protected persons and related groups without work or study permits","Persons","249","units","0","v1566927738","14.6","1","","","","0"
"2024-04-01","Nunavut","2021A000262","Asylum claimants, protected persons and related groups without work or study permits","Persons","249","units","0","v1566927738","14.6","3","","","","0"
"2024-07-01","Nunavut","2021A000262","Asylum claimants, protected persons and related groups without work or study permits","Persons","249","units","0","v1566927738","14.6","6","","","","0"
"2024-10-01","Nunavut","2021A000262","Asylum claimants, protected persons and related groups without work or study permits","Persons","249","units","0","v1566927738","14.6","8","","","","0"
"2025-01-01","Nunavut","2021A000262","Asylum claimants, protected persons and related groups without work or study permits","Persons","249","units","0","v1566927738","14.6","5","","","","0"
"2025-04-01","Nunavut","2021A000262","Asylum claimants, protected persons and related groups without work or study permits","Persons","249","units","0","v1566927738","14.6","2","","","","0"
"2025-07-01","Nunavut","2021A000262","Asylum claimants, protected persons and related groups without work or study permits","Persons","249","units","0","v1566927738","14.6","7","","","","0"
"2025-10-01","Nunavut","2021A000262","Asylum claimants, protected persons and related groups without work or study permits","Persons","249","units","0","v1566927738","14.6","6","","","","0"
"2026-01-01","Nunavut","2021A000262","Asylum claimants, protected persons and related groups without work or study permits","Persons","249","units","0","v1566927738","14.6","7","","","","0"
"2026-04-01","Nunavut","2021A000262","Asylum claimants, protected persons and related groups without work or study permits","Persons","249","units","0","v1566927738","14.6","8","","","","0"
"2026-07-01","Nunavut","2021A000262","Asylum claimants, protected persons and related groups without work or study permits","Persons","249","units","0","v1566927738","14.6","10","","","","0"
"2021-07-01","Nunavut","2021A000262","Total, permit holders and their family members","Persons","249","units","0","v1566927739","14.7","71","","","","0"
"2021-10-01","Nunavut","2021A000262","Total, permit holders and their family members","Persons","249","units","0","v1566927739","14.7","76","","","","0"
"2022-01-01","Nunavut","2021A000262","Total, permit holders and their family members","Persons","249","units","0","v1566927739","14.7","75","","","","0"
"2022-04-01","Nunavut","2021A000262","Total, permit holders and their family members","Persons","249","units","0","v1566927739","14.7","57","","","","0"
"2022-07-01","Nunavut","2021A000262","Total, permit holders and their family members","Persons","249","units","0","v1566927739","14.7","43","","","","0"
"2022-10-01","Nunavut","2021A000262","Total, permit holders and their family members","Persons","249","units","0","v1566927739","14.7","67","","","","0"
"2023-01-01","Nunavut","2021A000262","Total, permit holders and their family members","Persons","249","units","0","v1566927739","14.7","61","","","","0"
"2023-04-01","Nunavut","2021A000262","Total, permit holders and their family members","Persons","249","units","0","v1566927739","14.7","80","","","","0"
"2023-07-01","Nunavut","2021A000262","Total, permit holders and their family members","Persons","249","units","0","v1566927739","14.7","94","","","","0"
"2023-10-01","Nunavut","2021A000262","Total, permit holders and their family members","Persons","249","units","0","v1566927739","14.7","158","","","","0"
"2024-01-01","Nunavut","2021A000262","Total, permit holders and their family members","Persons","249","units","0","v1566927739","14.7","144","","","","0"
"2024-04-01","Nunavut","2021A000262","Total, permit holders and their family members","Persons","249","units","0","v1566927739","14.7","177","","","","0"
"2024-07-01","Nunavut","2021A000262","Total, permit holders and their family members","Persons","249","units","0","v1566927739","14.7","184","","","","0"
"2024-10-01","Nunavut","2021A000262","Total, permit holders and their family members","Persons","249","units","0","v1566927739","14.7","235","","","","0"
"2025-01-01","Nunavut","2021A000262","Total, permit holders and their family members","Persons","249","units","0","v1566927739","14.7","191","","","","0"
"2025-04-01","Nunavut","2021A000262","Total, permit holders and their family members","Persons","249","units","0","v1566927739","14.7","221","","","","0"
"2025-07-01","Nunavut","2021A000262","Total, permit holders and their family members","Persons","249","units","0","v1566927739","14.7","230","","","","0"
"2025-10-01","Nunavut","2021A000262","Total, permit holders and their family members","Persons","249","units","0","v1566927739","14.7","227","","","","0"
"2026-01-01","Nunavut","2021A000262","Total, permit holders and their family members","Persons","249","units","0","v1566927739","14.7","222","","","","0"
"2026-04-01","Nunavut","2021A000262","Total, permit holders and their family members","Persons","249","units","0","v1566927739","14.7","212","","","","0"
"2026-07-01","Nunavut","2021A000262","Total, permit holders and their family members","Persons","249","units","0","v1566927739","14.7","214","","","","0"
"2021-07-01","Nunavut","2021A000262","Work permit holders only","Persons","249","units","0","v1566927740","14.8","57","","","","0"
"2021-10-01","Nunavut","2021A000262","Work permit holders only","Persons","249","units","0","v1566927740","14.8","59","","","","0"
"2022-01-01","Nunavut","2021A000262","Work permit holders only","Persons","249","units","0","v1566927740","14.8","64","","","","0"
"2022-04-01","Nunavut","2021A000262","Work permit holders only","Persons","249","units","0","v1566927740","14.8","50","","","","0"
"2022-07-01","Nunavut","2021A000262","Work permit holders only","Persons","249","units","0","v1566927740","14.8","40","","","","0"
"2022-10-01","Nunavut","2021A000262","Work permit holders only","Persons","249","units","0","v1566927740","14.8","59","","","","0"
"2023-01-01","Nunavut","2021A000262","Work permit holders only","Persons","249","units","0","v1566927740","14.8","52","","","","0"
"2023-04-01","Nunavut","2021A000262","Work permit holders only","Persons","249","units","0","v1566927740","14.8","66","","","","0"
"2023-07-01","Nunavut","2021A000262","Work permit holders only","Persons","249","units","0","v1566927740","14.8","73","","","","0"
"2023-10-01","Nunavut","2021A000262","Work permit holders only","Persons","249","units","0","v1566927740","14.8","133","","","","0"
"2024-01-01","Nunavut","2021A000262","Work permit holders only","Persons","249","units","0","v1566927740","14.8","118","","","","0"
"2024-04-01","Nunavut","2021A000262","Work permit holders only","Persons","249","units","0","v1566927740","14.8","142","","","","0"
"2024-07-01","Nunavut","2021A000262","Work permit holders only","Persons","249","units","0","v1566927740","14.8","143","","","","0"
"2024-10-01","Nunavut","2021A000262","Work permit holders only","Persons","249","units","0","v1566927740","14.8","191","","","","0"
"2025-01-01","Nunavut","2021A000262","Work permit holders only","Persons","249","units","0","v1566927740","14.8","152","","","","0"
"2025-04-01","Nunavut","2021A000262","Work permit holders only","Persons","249","units","0","v1566927740","14.8","177","","","","0"
"2025-07-01","Nunavut","2021A000262","Work permit holders only","Persons","249","units","0","v1566927740","14.8","189","","","","0"
"2025-10-01","Nunavut","2021A000262","Work permit holders only","Persons","249","units","0","v1566927740","14.8","183","","","","0"
"2026-01-01","Nunavut","2021A000262","Work permit holders only","Persons","249","units","0","v1566927740","14.8","177","","","","0"
"2026-04-01","Nunavut","2021A000262","Work permit holders only","Persons","249","units","0","v1566927740","14.8","176","","","","0"
"2026-07-01","Nunavut","2021A000262","Work permit holders only","Persons","249","units","0","v1566927740","14.8","177","","","","0"
"2021-07-01","Nunavut","2021A000262","Study permit holders only","Persons","249","units","0","v1566927741","14.9","1","","","","0"
"2021-10-01","Nunavut","2021A000262","Study permit holders only","Persons","249","units","0","v1566927741","14.9","4","","","","0"
"2022-01-01","Nunavut","2021A000262","Study permit holders only","Persons","249","units","0","v1566927741","14.9","2","","","","0"
"2022-04-01","Nunavut","2021A000262","Study permit holders only","Persons","249","units","0","v1566927741","14.9","2","","","","0"
"2022-07-01","Nunavut","2021A000262","Study permit holders only","Persons","249","units","0","v1566927741","14.9","1","","","","0"
"2022-10-01","Nunavut","2021A000262","Study permit holders only","Persons","249","units","0","v1566927741","14.9","1","","","","0"
"2023-01-01","Nunavut","2021A000262","Study permit holders only","Persons","249","units","0","v1566927741","14.9","2","","","","0"
"2023-04-01","Nunavut","2021A000262","Study permit holders only","Persons","249","units","0","v1566927741","14.9","4","","","","0"
"2023-07-01","Nunavut","2021A000262","Study permit holders only","Persons","249","units","0","v1566927741","14.9","7","","","","0"
"2023-10-01","Nunavut","2021A000262","Study permit holders only","Persons","249","units","0","v1566927741","14.9","6","","","","0"
"2024-01-01","Nunavut","2021A000262","Study permit holders only","Persons","249","units","0","v1566927741","14.9","7","","","","0"
"2024-04-01","Nunavut","2021A000262","Study permit holders only","Persons","249","units","0","v1566927741","14.9","10","","","","0"
"2024-07-01","Nunavut","2021A000262","Study permit holders only","Persons","249","units","0","v1566927741","14.9","15","","","","0"
"2024-10-01","Nunavut","2021A000262","Study permit holders only","Persons","249","units","0","v1566927741","14.9","13","","","","0"
"2025-01-01","Nunavut","2021A000262","Study permit holders only","Persons","249","units","0","v1566927741","14.9","15","","","","0"
"2025-04-01","Nunavut","2021A000262","Study permit holders only","Persons","249","units","0","v1566927741","14.9","15","","","","0"
"2025-07-01","Nunavut","2021A000262","Study permit holders only","Persons","249","units","0","v1566927741","14.9","13","","","","0"
"2025-10-01","Nunavut","2021A000262","Study permit holders only","Persons","249","units","0","v1566927741","14.9","12","","","","0"
"2026-01-01","Nunavut","2021A000262","Study permit holders only","Persons","249","units","0","v1566927741","14.9","14","","","","0"
"2026-04-01","Nunavut","2021A000262","Study permit holders only","Persons","249","units","0","v1566927741","14.9","11","","","","0"
"2026-07-01","Nunavut","2021A000262","Study permit holders only","Persons","249","units","0","v1566927741","14.9","8","","","","0"
"2021-07-01","Nunavut","2021A000262","Work and study permit holders","Persons","249","units","0","v1566927742","14.10","7","","","","0"
"2021-10-01","Nunavut","2021A000262","Work and study permit holders","Persons","249","units","0","v1566927742","14.10","7","","","","0"
"2022-01-01","Nunavut","2021A000262","Work and study permit holders","Persons","249","units","0","v1566927742","14.10","4","","","","0"
"2022-04-01","Nunavut","2021A000262","Work and study permit holders","Persons","249","units","0","v1566927742","14.10","3","","","","0"
"2022-07-01","Nunavut","2021A000262","Work and study permit holders","Persons","249","units","0","v1566927742","14.10","1","","","","0"
"2022-10-01","Nunavut","2021A000262","Work and study permit holders","Persons","249","units","0","v1566927742","14.10","1","","","","0"
"2023-01-01","Nunavut","2021A000262","Work and study permit holders","Persons","249","units","0","v1566927742","14.10","2","","","","0"
"2023-04-01","Nunavut","2021A000262","Work and study permit holders","Persons","249","units","0","v1566927742","14.10","1","","","","0"
"2023-07-01","Nunavut","2021A000262","Work and study permit holders","Persons","249","units","0","v1566927742","14.10","5","","","","0"
"2023-10-01","Nunavut","2021A000262","Work and study permit holders","Persons","249","units","0","v1566927742","14.10","3","","","","0"
"2024-01-01","Nunavut","2021A000262","Work and study permit holders","Persons","249","units","0","v1566927742","14.10","2","","","","0"
"2024-04-01","Nunavut","2021A000262","Work and study permit holders","Persons","249","units","0","v1566927742","14.10","4","","","","0"
"2024-07-01","Nunavut","2021A000262","Work and study permit holders","Persons","249","units","0","v1566927742","14.10","6","","","","0"
"2024-10-01","Nunavut","2021A000262","Work and study permit holders","Persons","249","units","0","v1566927742","14.10","6","","","","0"
"2025-01-01","Nunavut","2021A000262","Work and study permit holders","Persons","249","units","0","v1566927742","14.10","5","","","","0"
"2025-04-01","Nunavut","2021A000262","Work and study permit holders","Persons","249","units","0","v1566927742","14.10","5","","","","0"
"2025-07-01","Nunavut","2021A000262","Work and study permit holders","Persons","249","units","0","v1566927742","14.10","6","","","","0"
"2025-10-01","Nunavut","2021A000262","Work and study permit holders","Persons","249","units","0","v1566927742","14.10","7","","","","0"
"2026-01-01","Nunavut","2021A000262","Work and study permit holders","Persons","249","units","0","v1566927742","14.10","7","","","","0"
"2026-04-01","Nunavut","2021A000262","Work and study permit holders","Persons","249","units","0","v1566927742","14.10","5","","","","0"
"2026-07-01","Nunavut","2021A000262","Work and study permit holders","Persons","249","units","0","v1566927742","14.10","8","","","","0"
"2021-07-01","Nunavut","2021A000262","Other","Persons","249","units","0","v1566927743","14.11","6","","","","0"
"2021-10-01","Nunavut","2021A000262","Other","Persons","249","units","0","v1566927743","14.11","6","","","","0"
"2022-01-01","Nunavut","2021A000262","Other","Persons","249","units","0","v1566927743","14.11","5","","","","0"
"2022-04-01","Nunavut","2021A000262","Other","Persons","249","units","0","v1566927743","14.11","2","","","","0"
"2022-07-01","Nunavut","2021A000262","Other","Persons","249","units","0","v1566927743","14.11","1","","","","0"
"2022-10-01","Nunavut","2021A000262","Other","Persons","249","units","0","v1566927743","14.11","6","","","","0"
"2023-01-01","Nunavut","2021A000262","Other","Persons","249","units","0","v1566927743","14.11","5","","","","0"
"2023-04-01","Nunavut","2021A000262","Other","Persons","249","units","0","v1566927743","14.11","9","","","","0"
"2023-07-01","Nunavut","2021A000262","Other","Persons","249","units","0","v1566927743","14.11","9","","","","0"
"2023-10-01","Nunavut","2021A000262","Other","Persons","249","units","0","v1566927743","14.11","16","","","","0"
"2024-01-01","Nunavut","2021A000262","Other","Persons","249","units","0","v1566927743","14.11","17","","","","0"
"2024-04-01","Nunavut","2021A000262","Other","Persons","249","units","0","v1566927743","14.11","21","","","","0"
"2024-07-01","Nunavut","2021A000262","Other","Persons","249","units","0","v1566927743","14.11","20","","","","0"
"2024-10-01","Nunavut","2021A000262","Other","Persons","249","units","0","v1566927743","14.11","25","","","","0"
"2025-01-01","Nunavut","2021A000262","Other","Persons","249","units","0","v1566927743","14.11","19","","","","0"
"2025-04-01","Nunavut","2021A000262","Other","Persons","249","units","0","v1566927743","14.11","24","","","","0"
"2025-07-01","Nunavut","2021A000262","Other","Persons","249","units","0","v1566927743","14.11","22","","","","0"
"2025-10-01","Nunavut","2021A000262","Other","Persons","249","units","0","v1566927743","14.11","25","","","","0"
"2026-01-01","Nunavut","2021A000262","Other","Persons","249","units","0","v1566927743","14.11","24","","","","0"
"2026-04-01","Nunavut","2021A000262","Other","Persons","249","units","0","v1566927743","14.11","20","","","","0"
"2026-07-01","Nunavut","2021A000262","Other","Persons","249","units","0","v1566927743","14.11","21","","","","0"


