"REF_DATE","GEO","DGUID","Age (15C)","Gender (3)","Statistics (2)","Religion (25)","UOM","UOM_ID","SCALAR_FACTOR","SCALAR_ID","VECTOR","COORDINATE","VALUE","STATUS","SYMBOL","TERMINATED","DECIMALS"
"2021","Canada","2021A000011124","Total - Age","Total - Gender","2021 Counts","Total - Religion","","0","units","0","","1.1.1.1.1","36328480","","","","0"
"2021","Canada","2021A000011124","Total - Age","Total - Gender","2021 Counts","Buddhist","","0","units","0","","1.1.1.1.2","356975","","","","0"
"2021","Canada","2021A000011124","Total - Age","Total - Gender","2021 Counts","Christian","","0","units","0","","1.1.1.1.3","19373330","","","","0"
"2021","Canada","2021A000011124","Total - Age","Total - Gender","2021 Counts","Hindu","","0","units","0","","1.1.1.1.19","828195","","","","0"
"2021","Canada","2021A000011124","Total - Age","Total - Gender","2021 Counts","Jewish","","0","units","0","","1.1.1.1.20","335295","","","","0"
"2021","Canada","2021A000011124","Total - Age","Total - Gender","2021 Counts","Muslim","","0","units","0","","1.1.1.1.21","1775715","","","","0"
"2021","Canada","2021A000011124","Total - Age","Total - Gender","2021 Counts","Sikh","","0","units","0","","1.1.1.1.22","771790","","","","0"
"2021","Canada","2021A000011124","Total - Age","Total - Gender","2021 Counts","Traditional (North American Indigenous) spirituality","","0","units","0","","1.1.1.1.23","80690","","","","0"
"2021","Canada","2021A000011124","Total - Age","Total - Gender","2021 Counts","Other religions and spiritual traditions","","0","units","0","","1.1.1.1.24","229015","","","","0"
"2021","Canada","2021A000011124","Total - Age","Total - Gender","2021 Counts","No religion and secular perspectives","","0","units","0","","1.1.1.1.25","12577475","","","","0"
"2021","Canada","2021A000011124","Total - Age","Total - Gender","% distribution (2021)","Total - Religion","","0","units","0","","1.1.1.2.1","100.0","","","","1"
"2021","Canada","2021A000011124","Total - Age","Total - Gender","% distribution (2021)","Buddhist","","0","units","0","","1.1.1.2.2","1.0","","","","1"
"2021","Canada","2021A000011124","Total - Age","Total - Gender","% distribution (2021)","Christian","","0","units","0","","1.1.1.2.3","53.3","","","","1"
"2021","Canada","2021A000011124","Total - Age","Total - Gender","% distribution (2021)","Hindu","","0","units","0","","1.1.1.2.19","2.3","","","","1"
"2021","Canada","2021A000011124","Total - Age","Total - Gender","% distribution (2021)","Jewish","","0","units","0","","1.1.1.2.20","0.9","","","","1"
"2021","Canada","2021A000011124","Total - Age","Total - Gender","% distribution (2021)","Muslim","","0","units","0","","1.1.1.2.21","4.9","","","","1"
"2021","Canada","2021A000011124","Total - Age","Total - Gender","% distribution (2021)","Sikh","","0","units","0","","1.1.1.2.22","2.1","","","","1"
"2021","Canada","2021A000011124","Total - Age","Total - Gender","% distribution (2021)","Traditional (North American Indigenous) spirituality","","0","units","0","","1.1.1.2.23","0.2","","","","1"
"2021","Canada","2021A000011124","Total - Age","Total - Gender","% distribution (2021)","Other religions and spiritual traditions","","0","units","0","","1.1.1.2.24","0.6","","","","1"
"2021","Canada","2021A000011124","Total - Age","Total - Gender","% distribution (2021)","No religion and secular perspectives","","0","units","0","","1.1.1.2.25","34.6","","","","1"
"2021","Canada","2021A000011124","Total - Age","Men+","2021 Counts","Total - Religion","","0","units","0","","1.1.2.1.1","17937165","","","","0"
"2021","Canada","2021A000011124","Total - Age","Men+","2021 Counts","Buddhist","","0","units","0","","1.1.2.1.2","157435","","","","0"
"2021","Canada","2021A000011124","Total - Age","Men+","2021 Counts","Christian","","0","units","0","","1.1.2.1.3","9131320","","","","0"
"2021","Canada","2021A000011124","Total - Age","Men+","2021 Counts","Hindu","","0","units","0","","1.1.2.1.19","430140","","","","0"
"2021","Canada","2021A000011124","Total - Age","Men+","2021 Counts","Jewish","","0","units","0","","1.1.2.1.20","164225","","","","0"
"2021","Canada","2021A000011124","Total - Age","Men+","2021 Counts","Muslim","","0","units","0","","1.1.2.1.21","904205","","","","0"
"2021","Canada","2021A000011124","Total - Age","Men+","2021 Counts","Sikh","","0","units","0","","1.1.2.1.22","394345","","","","0"
"2021","Canada","2021A000011124","Total - Age","Men+","2021 Counts","Traditional (North American Indigenous) spirituality","","0","units","0","","1.1.2.1.23","38455","","","","0"
"2021","Canada","2021A000011124","Total - Age","Men+","2021 Counts","Other religions and spiritual traditions","","0","units","0","","1.1.2.1.24","97645","","","","0"
"2021","Canada","2021A000011124","Total - Age","Men+","2021 Counts","No religion and secular perspectives","","0","units","0","","1.1.2.1.25","6619395","","","","0"
"2021","Canada","2021A000011124","Total - Age","Men+","% distribution (2021)","Total - Religion","","0","units","0","","1.1.2.2.1","49.4","","","","1"
"2021","Canada","2021A000011124","Total - Age","Men+","% distribution (2021)","Buddhist","","0","units","0","","1.1.2.2.2","0.4","","","","1"
"2021","Canada","2021A000011124","Total - Age","Men+","% distribution (2021)","Christian","","0","units","0","","1.1.2.2.3","25.1","","","","1"
"2021","Canada","2021A000011124","Total - Age","Men+","% distribution (2021)","Hindu","","0","units","0","","1.1.2.2.19","1.2","","","","1"
"2021","Canada","2021A000011124","Total - Age","Men+","% distribution (2021)","Jewish","","0","units","0","","1.1.2.2.20","0.5","","","","1"
"2021","Canada","2021A000011124","Total - Age","Men+","% distribution (2021)","Muslim","","0","units","0","","1.1.2.2.21","2.5","","","","1"
"2021","Canada","2021A000011124","Total - Age","Men+","% distribution (2021)","Sikh","","0","units","0","","1.1.2.2.22","1.1","","","","1"
"2021","Canada","2021A000011124","Total - Age","Men+","% distribution (2021)","Traditional (North American Indigenous) spirituality","","0","units","0","","1.1.2.2.23","0.1","","","","1"
"2021","Canada","2021A000011124","Total - Age","Men+","% distribution (2021)","Other religions and spiritual traditions","","0","units","0","","1.1.2.2.24","0.3","","","","1"
"2021","Canada","2021A000011124","Total - Age","Men+","% distribution (2021)","No religion and secular perspectives","","0","units","0","","1.1.2.2.25","18.2","","","","1"
"2021","Canada","2021A000011124","Total - Age","Women+","2021 Counts","Total - Religion","","0","units","0","","1.1.3.1.1","18391315","","","","0"
"2021","Canada","2021A000011124","Total - Age","Women+","2021 Counts","Buddhist","","0","units","0","","1.1.3.1.2","199540","","","","0"
"2021","Canada","2021A000011124","Total - Age","Women+","2021 Counts","Christian","","0","units","0","","1.1.3.1.3","10242010","","","","0"
"2021","Canada","2021A000011124","Total - Age","Women+","2021 Counts","Hindu","","0","units","0","","1.1.3.1.19","398060","","","","0"
"2021","Canada","2021A000011124","Total - Age","Women+","2021 Counts","Jewish","","0","units","0","","1.1.3.1.20","171070","","","","0"
"2021","Canada","2021A000011124","Total - Age","Women+","2021 Counts","Muslim","","0","units","0","","1.1.3.1.21","871505","","","","0"
"2021","Canada","2021A000011124","Total - Age","Women+","2021 Counts","Sikh","","0","units","0","","1.1.3.1.22","377445","","","","0"
"2021","Canada","2021A000011124","Total - Age","Women+","2021 Counts","Traditional (North American Indigenous) spirituality","","0","units","0","","1.1.3.1.23","42225","","","","0"
"2021","Canada","2021A000011124","Total - Age","Women+","2021 Counts","Other religions and spiritual traditions","","0","units","0","","1.1.3.1.24","131370","","","","0"
"2021","Canada","2021A000011124","Total - Age","Women+","2021 Counts","No religion and secular perspectives","","0","units","0","","1.1.3.1.25","5958080","","","","0"
"2021","Canada","2021A000011124","Total - Age","Women+","% distribution (2021)","Total - Religion","","0","units","0","","1.1.3.2.1","50.6","","","","1"
"2021","Canada","2021A000011124","Total - Age","Women+","% distribution (2021)","Buddhist","","0","units","0","","1.1.3.2.2","0.5","","","","1"
"2021","Canada","2021A000011124","Total - Age","Women+","% distribution (2021)","Christian","","0","units","0","","1.1.3.2.3","28.2","","","","1"
"2021","Canada","2021A000011124","Total - Age","Women+","% distribution (2021)","Hindu","","0","units","0","","1.1.3.2.19","1.1","","","","1"
"2021","Canada","2021A000011124","Total - Age","Women+","% distribution (2021)","Jewish","","0","units","0","","1.1.3.2.20","0.5","","","","1"
"2021","Canada","2021A000011124","Total - Age","Women+","% distribution (2021)","Muslim","","0","units","0","","1.1.3.2.21","2.4","","","","1"
"2021","Canada","2021A000011124","Total - Age","Women+","% distribution (2021)","Sikh","","0","units","0","","1.1.3.2.22","1.0","","","","1"
"2021","Canada","2021A000011124","Total - Age","Women+","% distribution (2021)","Traditional (North American Indigenous) spirituality","","0","units","0","","1.1.3.2.23","0.1","","","","1"
"2021","Canada","2021A000011124","Total - Age","Women+","% distribution (2021)","Other religions and spiritual traditions","","0","units","0","","1.1.3.2.24","0.4","","","","1"
"2021","Canada","2021A000011124","Total - Age","Women+","% distribution (2021)","No religion and secular perspectives","","0","units","0","","1.1.3.2.25","16.4","","","","1"
"2021","Canada","2021A000011124","0 to 14 years","Total - Gender","2021 Counts","Total - Religion","","0","units","0","","1.2.1.1.1","5992555","","","","0"
"2021","Canada","2021A000011124","0 to 14 years","Total - Gender","2021 Counts","Buddhist","","0","units","0","","1.2.1.1.2","31605","","","","0"
"2021","Canada","2021A000011124","0 to 14 years","Total - Gender","2021 Counts","Christian","","0","units","0","","1.2.1.1.3","2570485","","","","0"
"2021","Canada","2021A000011124","0 to 14 years","Total - Gender","2021 Counts","Hindu","","0","units","0","","1.2.1.1.19","142820","","","","0"
"2021","Canada","2021A000011124","0 to 14 years","Total - Gender","2021 Counts","Jewish","","0","units","0","","1.2.1.1.20","57445","","","","0"
"2021","Canada","2021A000011124","0 to 14 years","Total - Gender","2021 Counts","Muslim","","0","units","0","","1.2.1.1.21","466230","","","","0"
"2021","Canada","2021A000011124","0 to 14 years","Total - Gender","2021 Counts","Sikh","","0","units","0","","1.2.1.1.22","129870","","","","0"
"2021","Canada","2021A000011124","0 to 14 years","Total - Gender","2021 Counts","Traditional (North American Indigenous) spirituality","","0","units","0","","1.2.1.1.23","23415","","","","0"
"2021","Canada","2021A000011124","0 to 14 years","Total - Gender","2021 Counts","Other religions and spiritual traditions","","0","units","0","","1.2.1.1.24","25055","","","","0"
"2021","Canada","2021A000011124","0 to 14 years","Total - Gender","2021 Counts","No religion and secular perspectives","","0","units","0","","1.2.1.1.25","2545640","","","","0"
"2021","Canada","2021A000011124","0 to 14 years","Total - Gender","% distribution (2021)","Total - Religion","","0","units","0","","1.2.1.2.1","16.5","","","","1"
"2021","Canada","2021A000011124","0 to 14 years","Total - Gender","% distribution (2021)","Buddhist","","0","units","0","","1.2.1.2.2","0.1","","","","1"
"2021","Canada","2021A000011124","0 to 14 years","Total - Gender","% distribution (2021)","Christian","","0","units","0","","1.2.1.2.3","7.1","","","","1"
"2021","Canada","2021A000011124","0 to 14 years","Total - Gender","% distribution (2021)","Hindu","","0","units","0","","1.2.1.2.19","0.4","","","","1"
"2021","Canada","2021A000011124","0 to 14 years","Total - Gender","% distribution (2021)","Jewish","","0","units","0","","1.2.1.2.20","0.2","","","","1"
"2021","Canada","2021A000011124","0 to 14 years","Total - Gender","% distribution (2021)","Muslim","","0","units","0","","1.2.1.2.21","1.3","","","","1"
"2021","Canada","2021A000011124","0 to 14 years","Total - Gender","% distribution (2021)","Sikh","","0","units","0","","1.2.1.2.22","0.4","","","","1"
"2021","Canada","2021A000011124","0 to 14 years","Total - Gender","% distribution (2021)","Traditional (North American Indigenous) spirituality","","0","units","0","","1.2.1.2.23","0.1","","","","1"
"2021","Canada","2021A000011124","0 to 14 years","Total - Gender","% distribution (2021)","Other religions and spiritual traditions","","0","units","0","","1.2.1.2.24","0.1","","","","1"
"2021","Canada","2021A000011124","0 to 14 years","Total - Gender","% distribution (2021)","No religion and secular perspectives","","0","units","0","","1.2.1.2.25","7.0","","","","1"
"2021","Canada","2021A000011124","0 to 14 years","Men+","2021 Counts","Total - Religion","","0","units","0","","1.2.2.1.1","3075915","","","","0"
"2021","Canada","2021A000011124","0 to 14 years","Men+","2021 Counts","Buddhist","","0","units","0","","1.2.2.1.2","16330","","","","0"
"2021","Canada","2021A000011124","0 to 14 years","Men+","2021 Counts","Christian","","0","units","0","","1.2.2.1.3","1310455","","","","0"
"2021","Canada","2021A000011124","0 to 14 years","Men+","2021 Counts","Hindu","","0","units","0","","1.2.2.1.19","73270","","","","0"
"2021","Canada","2021A000011124","0 to 14 years","Men+","2021 Counts","Jewish","","0","units","0","","1.2.2.1.20","29575","","","","0"
"2021","Canada","2021A000011124","0 to 14 years","Men+","2021 Counts","Muslim","","0","units","0","","1.2.2.1.21","238755","","","","0"
"2021","Canada","2021A000011124","0 to 14 years","Men+","2021 Counts","Sikh","","0","units","0","","1.2.2.1.22","68030","","","","0"
"2021","Canada","2021A000011124","0 to 14 years","Men+","2021 Counts","Traditional (North American Indigenous) spirituality","","0","units","0","","1.2.2.1.23","11875","","","","0"
"2021","Canada","2021A000011124","0 to 14 years","Men+","2021 Counts","Other religions and spiritual traditions","","0","units","0","","1.2.2.1.24","12595","","","","0"
"2021","Canada","2021A000011124","0 to 14 years","Men+","2021 Counts","No religion and secular perspectives","","0","units","0","","1.2.2.1.25","1315035","","","","0"
"2021","Canada","2021A000011124","0 to 14 years","Men+","% distribution (2021)","Total - Religion","","0","units","0","","1.2.2.2.1","8.5","","","","1"
"2021","Canada","2021A000011124","0 to 14 years","Men+","% distribution (2021)","Buddhist","","0","units","0","","1.2.2.2.2","0.0","","","","1"
"2021","Canada","2021A000011124","0 to 14 years","Men+","% distribution (2021)","Christian","","0","units","0","","1.2.2.2.3","3.6","","","","1"
"2021","Canada","2021A000011124","0 to 14 years","Men+","% distribution (2021)","Hindu","","0","units","0","","1.2.2.2.19","0.2","","","","1"
"2021","Canada","2021A000011124","0 to 14 years","Men+","% distribution (2021)","Jewish","","0","units","0","","1.2.2.2.20","0.1","","","","1"
"2021","Canada","2021A000011124","0 to 14 years","Men+","% distribution (2021)","Muslim","","0","units","0","","1.2.2.2.21","0.7","","","","1"
"2021","Canada","2021A000011124","0 to 14 years","Men+","% distribution (2021)","Sikh","","0","units","0","","1.2.2.2.22","0.2","","","","1"
"2021","Canada","2021A000011124","0 to 14 years","Men+","% distribution (2021)","Traditional (North American Indigenous) spirituality","","0","units","0","","1.2.2.2.23","0.0","","","","1"
"2021","Canada","2021A000011124","0 to 14 years","Men+","% distribution (2021)","Other religions and spiritual traditions","","0","units","0","","1.2.2.2.24","0.0","","","","1"
"2021","Canada","2021A000011124","0 to 14 years","Men+","% distribution (2021)","No religion and secular perspectives","","0","units","0","","1.2.2.2.25","3.6","","","","1"
"2021","Canada","2021A000011124","0 to 14 years","Women+","2021 Counts","Total - Religion","","0","units","0","","1.2.3.1.1","2916640","","","","0"
"2021","Canada","2021A000011124","0 to 14 years","Women+","2021 Counts","Buddhist","","0","units","0","","1.2.3.1.2","15280","","","","0"
"2021","Canada","2021A000011124","0 to 14 years","Women+","2021 Counts","Christian","","0","units","0","","1.2.3.1.3","1260035","","","","0"
"2021","Canada","2021A000011124","0 to 14 years","Women+","2021 Counts","Hindu","","0","units","0","","1.2.3.1.19","69550","","","","0"
"2021","Canada","2021A000011124","0 to 14 years","Women+","2021 Counts","Jewish","","0","units","0","","1.2.3.1.20","27865","","","","0"
"2021","Canada","2021A000011124","0 to 14 years","Women+","2021 Counts","Muslim","","0","units","0","","1.2.3.1.21","227475","","","","0"
"2021","Canada","2021A000011124","0 to 14 years","Women+","2021 Counts","Sikh","","0","units","0","","1.2.3.1.22","61840","","","","0"
"2021","Canada","2021A000011124","0 to 14 years","Women+","2021 Counts","Traditional (North American Indigenous) spirituality","","0","units","0","","1.2.3.1.23","11535","","","","0"
"2021","Canada","2021A000011124","0 to 14 years","Women+","2021 Counts","Other religions and spiritual traditions","","0","units","0","","1.2.3.1.24","12455","","","","0"
"2021","Canada","2021A000011124","0 to 14 years","Women+","2021 Counts","No religion and secular perspectives","","0","units","0","","1.2.3.1.25","1230605","","","","0"
"2021","Canada","2021A000011124","0 to 14 years","Women+","% distribution (2021)","Total - Religion","","0","units","0","","1.2.3.2.1","8.0","","","","1"
"2021","Canada","2021A000011124","0 to 14 years","Women+","% distribution (2021)","Buddhist","","0","units","0","","1.2.3.2.2","0.0","","","","1"
"2021","Canada","2021A000011124","0 to 14 years","Women+","% distribution (2021)","Christian","","0","units","0","","1.2.3.2.3","3.5","","","","1"
"2021","Canada","2021A000011124","0 to 14 years","Women+","% distribution (2021)","Hindu","","0","units","0","","1.2.3.2.19","0.2","","","","1"
"2021","Canada","2021A000011124","0 to 14 years","Women+","% distribution (2021)","Jewish","","0","units","0","","1.2.3.2.20","0.1","","","","1"
"2021","Canada","2021A000011124","0 to 14 years","Women+","% distribution (2021)","Muslim","","0","units","0","","1.2.3.2.21","0.6","","","","1"
"2021","Canada","2021A000011124","0 to 14 years","Women+","% distribution (2021)","Sikh","","0","units","0","","1.2.3.2.22","0.2","","","","1"
"2021","Canada","2021A000011124","0 to 14 years","Women+","% distribution (2021)","Traditional (North American Indigenous) spirituality","","0","units","0","","1.2.3.2.23","0.0","","","","1"
"2021","Canada","2021A000011124","0 to 14 years","Women+","% distribution (2021)","Other religions and spiritual traditions","","0","units","0","","1.2.3.2.24","0.0","","","","1"
"2021","Canada","2021A000011124","0 to 14 years","Women+","% distribution (2021)","No religion and secular perspectives","","0","units","0","","1.2.3.2.25","3.4","","","","1"
"2021","Canada","2021A000011124","15 years and over","Total - Gender","2021 Counts","Total - Religion","","0","units","0","","1.3.1.1.1","30335915","","","","0"
"2021","Canada","2021A000011124","15 years and over","Total - Gender","2021 Counts","Buddhist","","0","units","0","","1.3.1.1.2","325370","","","","0"
"2021","Canada","2021A000011124","15 years and over","Total - Gender","2021 Counts","Christian","","0","units","0","","1.3.1.1.3","16802840","","","","0"
"2021","Canada","2021A000011124","15 years and over","Total - Gender","2021 Counts","Hindu","","0","units","0","","1.3.1.1.19","685380","","","","0"
"2021","Canada","2021A000011124","15 years and over","Total - Gender","2021 Counts","Jewish","","0","units","0","","1.3.1.1.20","277850","","","","0"
"2021","Canada","2021A000011124","15 years and over","Total - Gender","2021 Counts","Muslim","","0","units","0","","1.3.1.1.21","1309485","","","","0"
"2021","Canada","2021A000011124","15 years and over","Total - Gender","2021 Counts","Sikh","","0","units","0","","1.3.1.1.22","641925","","","","0"
"2021","Canada","2021A000011124","15 years and over","Total - Gender","2021 Counts","Traditional (North American Indigenous) spirituality","","0","units","0","","1.3.1.1.23","57275","","","","0"
"2021","Canada","2021A000011124","15 years and over","Total - Gender","2021 Counts","Other religions and spiritual traditions","","0","units","0","","1.3.1.1.24","203960","","","","0"
"2021","Canada","2021A000011124","15 years and over","Total - Gender","2021 Counts","No religion and secular perspectives","","0","units","0","","1.3.1.1.25","10031835","","","","0"
"2021","Canada","2021A000011124","15 years and over","Total - Gender","% distribution (2021)","Total - Religion","","0","units","0","","1.3.1.2.1","83.5","","","","1"
"2021","Canada","2021A000011124","15 years and over","Total - Gender","% distribution (2021)","Buddhist","","0","units","0","","1.3.1.2.2","0.9","","","","1"
"2021","Canada","2021A000011124","15 years and over","Total - Gender","% distribution (2021)","Christian","","0","units","0","","1.3.1.2.3","46.3","","","","1"
"2021","Canada","2021A000011124","15 years and over","Total - Gender","% distribution (2021)","Hindu","","0","units","0","","1.3.1.2.19","1.9","","","","1"
"2021","Canada","2021A000011124","15 years and over","Total - Gender","% distribution (2021)","Jewish","","0","units","0","","1.3.1.2.20","0.8","","","","1"
"2021","Canada","2021A000011124","15 years and over","Total - Gender","% distribution (2021)","Muslim","","0","units","0","","1.3.1.2.21","3.6","","","","1"
"2021","Canada","2021A000011124","15 years and over","Total - Gender","% distribution (2021)","Sikh","","0","units","0","","1.3.1.2.22","1.8","","","","1"
"2021","Canada","2021A000011124","15 years and over","Total - Gender","% distribution (2021)","Traditional (North American Indigenous) spirituality","","0","units","0","","1.3.1.2.23","0.2","","","","1"
"2021","Canada","2021A000011124","15 years and over","Total - Gender","% distribution (2021)","Other religions and spiritual traditions","","0","units","0","","1.3.1.2.24","0.6","","","","1"
"2021","Canada","2021A000011124","15 years and over","Total - Gender","% distribution (2021)","No religion and secular perspectives","","0","units","0","","1.3.1.2.25","27.6","","","","1"
"2021","Canada","2021A000011124","15 years and over","Men+","2021 Counts","Total - Religion","","0","units","0","","1.3.2.1.1","14861245","","","","0"
"2021","Canada","2021A000011124","15 years and over","Men+","2021 Counts","Buddhist","","0","units","0","","1.3.2.1.2","141105","","","","0"
"2021","Canada","2021A000011124","15 years and over","Men+","2021 Counts","Christian","","0","units","0","","1.3.2.1.3","7820865","","","","0"
"2021","Canada","2021A000011124","15 years and over","Men+","2021 Counts","Hindu","","0","units","0","","1.3.2.1.19","356870","","","","0"
"2021","Canada","2021A000011124","15 years and over","Men+","2021 Counts","Jewish","","0","units","0","","1.3.2.1.20","134645","","","","0"
"2021","Canada","2021A000011124","15 years and over","Men+","2021 Counts","Muslim","","0","units","0","","1.3.2.1.21","665460","","","","0"
"2021","Canada","2021A000011124","15 years and over","Men+","2021 Counts","Sikh","","0","units","0","","1.3.2.1.22","326315","","","","0"
"2021","Canada","2021A000011124","15 years and over","Men+","2021 Counts","Traditional (North American Indigenous) spirituality","","0","units","0","","1.3.2.1.23","26580","","","","0"
"2021","Canada","2021A000011124","15 years and over","Men+","2021 Counts","Other religions and spiritual traditions","","0","units","0","","1.3.2.1.24","85050","","","","0"
"2021","Canada","2021A000011124","15 years and over","Men+","2021 Counts","No religion and secular perspectives","","0","units","0","","1.3.2.1.25","5304360","","","","0"
"2021","Canada","2021A000011124","15 years and over","Men+","% distribution (2021)","Total - Religion","","0","units","0","","1.3.2.2.1","40.9","","","","1"
"2021","Canada","2021A000011124","15 years and over","Men+","% distribution (2021)","Buddhist","","0","units","0","","1.3.2.2.2","0.4","","","","1"
"2021","Canada","2021A000011124","15 years and over","Men+","% distribution (2021)","Christian","","0","units","0","","1.3.2.2.3","21.5","","","","1"
"2021","Canada","2021A000011124","15 years and over","Men+","% distribution (2021)","Hindu","","0","units","0","","1.3.2.2.19","1.0","","","","1"
"2021","Canada","2021A000011124","15 years and over","Men+","% distribution (2021)","Jewish","","0","units","0","","1.3.2.2.20","0.4","","","","1"
"2021","Canada","2021A000011124","15 years and over","Men+","% distribution (2021)","Muslim","","0","units","0","","1.3.2.2.21","1.8","","","","1"
"2021","Canada","2021A000011124","15 years and over","Men+","% distribution (2021)","Sikh","","0","units","0","","1.3.2.2.22","0.9","","","","1"
"2021","Canada","2021A000011124","15 years and over","Men+","% distribution (2021)","Traditional (North American Indigenous) spirituality","","0","units","0","","1.3.2.2.23","0.1","","","","1"
"2021","Canada","2021A000011124","15 years and over","Men+","% distribution (2021)","Other religions and spiritual traditions","","0","units","0","","1.3.2.2.24","0.2","","","","1"
"2021","Canada","2021A000011124","15 years and over","Men+","% distribution (2021)","No religion and secular perspectives","","0","units","0","","1.3.2.2.25","14.6","","","","1"
"2021","Canada","2021A000011124","15 years and over","Women+","2021 Counts","Total - Religion","","0","units","0","","1.3.3.1.1","15474670","","","","0"
"2021","Canada","2021A000011124","15 years and over","Women+","2021 Counts","Buddhist","","0","units","0","","1.3.3.1.2","184265","","","","0"
"2021","Canada","2021A000011124","15 years and over","Women+","2021 Counts","Christian","","0","units","0","","1.3.3.1.3","8981975","","","","0"
"2021","Canada","2021A000011124","15 years and over","Women+","2021 Counts","Hindu","","0","units","0","","1.3.3.1.19","328510","","","","0"
"2021","Canada","2021A000011124","15 years and over","Women+","2021 Counts","Jewish","","0","units","0","","1.3.3.1.20","143205","","","","0"
"2021","Canada","2021A000011124","15 years and over","Women+","2021 Counts","Muslim","","0","units","0","","1.3.3.1.21","644030","","","","0"
"2021","Canada","2021A000011124","15 years and over","Women+","2021 Counts","Sikh","","0","units","0","","1.3.3.1.22","315605","","","","0"
"2021","Canada","2021A000011124","15 years and over","Women+","2021 Counts","Traditional (North American Indigenous) spirituality","","0","units","0","","1.3.3.1.23","30695","","","","0"
"2021","Canada","2021A000011124","15 years and over","Women+","2021 Counts","Other religions and spiritual traditions","","0","units","0","","1.3.3.1.24","118915","","","","0"
"2021","Canada","2021A000011124","15 years and over","Women+","2021 Counts","No religion and secular perspectives","","0","units","0","","1.3.3.1.25","4727475","","","","0"
"2021","Canada","2021A000011124","15 years and over","Women+","% distribution (2021)","Total - Religion","","0","units","0","","1.3.3.2.1","42.6","","","","1"
"2021","Canada","2021A000011124","15 years and over","Women+","% distribution (2021)","Buddhist","","0","units","0","","1.3.3.2.2","0.5","","","","1"
"2021","Canada","2021A000011124","15 years and over","Women+","% distribution (2021)","Christian","","0","units","0","","1.3.3.2.3","24.7","","","","1"
"2021","Canada","2021A000011124","15 years and over","Women+","% distribution (2021)","Hindu","","0","units","0","","1.3.3.2.19","0.9","","","","1"
"2021","Canada","2021A000011124","15 years and over","Women+","% distribution (2021)","Jewish","","0","units","0","","1.3.3.2.20","0.4","","","","1"
"2021","Canada","2021A000011124","15 years and over","Women+","% distribution (2021)","Muslim","","0","units","0","","1.3.3.2.21","1.8","","","","1"
"2021","Canada","2021A000011124","15 years and over","Women+","% distribution (2021)","Sikh","","0","units","0","","1.3.3.2.22","0.9","","","","1"
"2021","Canada","2021A000011124","15 years and over","Women+","% distribution (2021)","Traditional (North American Indigenous) spirituality","","0","units","0","","1.3.3.2.23","0.1","","","","1"
"2021","Canada","2021A000011124","15 years and over","Women+","% distribution (2021)","Other religions and spiritual traditions","","0","units","0","","1.3.3.2.24","0.3","","","","1"
"2021","Canada","2021A000011124","15 years and over","Women+","% distribution (2021)","No religion and secular perspectives","","0","units","0","","1.3.3.2.25","13.0","","","","1"
"2021","Canada","2021A000011124","15 to 24 years","Total - Gender","2021 Counts","Total - Religion","","0","units","0","","1.4.1.1.1","4181060","","","","0"
"2021","Canada","2021A000011124","15 to 24 years","Total - Gender","2021 Counts","Buddhist","","0","units","0","","1.4.1.1.2","34000","","","","0"
"2021","Canada","2021A000011124","15 to 24 years","Total - Gender","2021 Counts","Christian","","0","units","0","","1.4.1.1.3","1923945","","","","0"
"2021","Canada","2021A000011124","15 to 24 years","Total - Gender","2021 Counts","Hindu","","0","units","0","","1.4.1.1.19","118350","","","","0"
"2021","Canada","2021A000011124","15 to 24 years","Total - Gender","2021 Counts","Jewish","","0","units","0","","1.4.1.1.20","37325","","","","0"
"2021","Canada","2021A000011124","15 to 24 years","Total - Gender","2021 Counts","Muslim","","0","units","0","","1.4.1.1.21","272820","","","","0"
"2021","Canada","2021A000011124","15 to 24 years","Total - Gender","2021 Counts","Sikh","","0","units","0","","1.4.1.1.22","145760","","","","0"
"2021","Canada","2021A000011124","15 to 24 years","Total - Gender","2021 Counts","Traditional (North American Indigenous) spirituality","","0","units","0","","1.4.1.1.23","12880","","","","0"
"2021","Canada","2021A000011124","15 to 24 years","Total - Gender","2021 Counts","Other religions and spiritual traditions","","0","units","0","","1.4.1.1.24","24830","","","","0"
"2021","Canada","2021A000011124","15 to 24 years","Total - Gender","2021 Counts","No religion and secular perspectives","","0","units","0","","1.4.1.1.25","1611155","","","","0"
"2021","Canada","2021A000011124","15 to 24 years","Total - Gender","% distribution (2021)","Total - Religion","","0","units","0","","1.4.1.2.1","11.5","","","","1"
"2021","Canada","2021A000011124","15 to 24 years","Total - Gender","% distribution (2021)","Buddhist","","0","units","0","","1.4.1.2.2","0.1","","","","1"
"2021","Canada","2021A000011124","15 to 24 years","Total - Gender","% distribution (2021)","Christian","","0","units","0","","1.4.1.2.3","5.3","","","","1"
"2021","Canada","2021A000011124","15 to 24 years","Total - Gender","% distribution (2021)","Hindu","","0","units","0","","1.4.1.2.19","0.3","","","","1"
"2021","Canada","2021A000011124","15 to 24 years","Total - Gender","% distribution (2021)","Jewish","","0","units","0","","1.4.1.2.20","0.1","","","","1"
"2021","Canada","2021A000011124","15 to 24 years","Total - Gender","% distribution (2021)","Muslim","","0","units","0","","1.4.1.2.21","0.8","","","","1"
"2021","Canada","2021A000011124","15 to 24 years","Total - Gender","% distribution (2021)","Sikh","","0","units","0","","1.4.1.2.22","0.4","","","","1"
"2021","Canada","2021A000011124","15 to 24 years","Total - Gender","% distribution (2021)","Traditional (North American Indigenous) spirituality","","0","units","0","","1.4.1.2.23","0.0","","","","1"
"2021","Canada","2021A000011124","15 to 24 years","Total - Gender","% distribution (2021)","Other religions and spiritual traditions","","0","units","0","","1.4.1.2.24","0.1","","","","1"
"2021","Canada","2021A000011124","15 to 24 years","Total - Gender","% distribution (2021)","No religion and secular perspectives","","0","units","0","","1.4.1.2.25","4.4","","","","1"
"2021","Canada","2021A000011124","15 to 24 years","Men+","2021 Counts","Total - Religion","","0","units","0","","1.4.2.1.1","2161145","","","","0"
"2021","Canada","2021A000011124","15 to 24 years","Men+","2021 Counts","Buddhist","","0","units","0","","1.4.2.1.2","16485","","","","0"
"2021","Canada","2021A000011124","15 to 24 years","Men+","2021 Counts","Christian","","0","units","0","","1.4.2.1.3","985160","","","","0"
"2021","Canada","2021A000011124","15 to 24 years","Men+","2021 Counts","Hindu","","0","units","0","","1.4.2.1.19","66805","","","","0"
"2021","Canada","2021A000011124","15 to 24 years","Men+","2021 Counts","Jewish","","0","units","0","","1.4.2.1.20","19225","","","","0"
"2021","Canada","2021A000011124","15 to 24 years","Men+","2021 Counts","Muslim","","0","units","0","","1.4.2.1.21","142350","","","","0"
"2021","Canada","2021A000011124","15 to 24 years","Men+","2021 Counts","Sikh","","0","units","0","","1.4.2.1.22","79520","","","","0"
"2021","Canada","2021A000011124","15 to 24 years","Men+","2021 Counts","Traditional (North American Indigenous) spirituality","","0","units","0","","1.4.2.1.23","6410","","","","0"
"2021","Canada","2021A000011124","15 to 24 years","Men+","2021 Counts","Other religions and spiritual traditions","","0","units","0","","1.4.2.1.24","10765","","","","0"
"2021","Canada","2021A000011124","15 to 24 years","Men+","2021 Counts","No religion and secular perspectives","","0","units","0","","1.4.2.1.25","834435","","","","0"
"2021","Canada","2021A000011124","15 to 24 years","Men+","% distribution (2021)","Total - Religion","","0","units","0","","1.4.2.2.1","5.9","","","","1"
"2021","Canada","2021A000011124","15 to 24 years","Men+","% distribution (2021)","Buddhist","","0","units","0","","1.4.2.2.2","0.0","","","","1"
"2021","Canada","2021A000011124","15 to 24 years","Men+","% distribution (2021)","Christian","","0","units","0","","1.4.2.2.3","2.7","","","","1"
"2021","Canada","2021A000011124","15 to 24 years","Men+","% distribution (2021)","Hindu","","0","units","0","","1.4.2.2.19","0.2","","","","1"
"2021","Canada","2021A000011124","15 to 24 years","Men+","% distribution (2021)","Jewish","","0","units","0","","1.4.2.2.20","0.1","","","","1"
"2021","Canada","2021A000011124","15 to 24 years","Men+","% distribution (2021)","Muslim","","0","units","0","","1.4.2.2.21","0.4","","","","1"
"2021","Canada","2021A000011124","15 to 24 years","Men+","% distribution (2021)","Sikh","","0","units","0","","1.4.2.2.22","0.2","","","","1"
"2021","Canada","2021A000011124","15 to 24 years","Men+","% distribution (2021)","Traditional (North American Indigenous) spirituality","","0","units","0","","1.4.2.2.23","0.0","","","","1"
"2021","Canada","2021A000011124","15 to 24 years","Men+","% distribution (2021)","Other religions and spiritual traditions","","0","units","0","","1.4.2.2.24","0.0","","","","1"
"2021","Canada","2021A000011124","15 to 24 years","Men+","% distribution (2021)","No religion and secular perspectives","","0","units","0","","1.4.2.2.25","2.3","","","","1"
"2021","Canada","2021A000011124","15 to 24 years","Women+","2021 Counts","Total - Religion","","0","units","0","","1.4.3.1.1","2019915","","","","0"
"2021","Canada","2021A000011124","15 to 24 years","Women+","2021 Counts","Buddhist","","0","units","0","","1.4.3.1.2","17515","","","","0"
"2021","Canada","2021A000011124","15 to 24 years","Women+","2021 Counts","Christian","","0","units","0","","1.4.3.1.3","938785","","","","0"
"2021","Canada","2021A000011124","15 to 24 years","Women+","2021 Counts","Hindu","","0","units","0","","1.4.3.1.19","51550","","","","0"
"2021","Canada","2021A000011124","15 to 24 years","Women+","2021 Counts","Jewish","","0","units","0","","1.4.3.1.20","18100","","","","0"
"2021","Canada","2021A000011124","15 to 24 years","Women+","2021 Counts","Muslim","","0","units","0","","1.4.3.1.21","130475","","","","0"
"2021","Canada","2021A000011124","15 to 24 years","Women+","2021 Counts","Sikh","","0","units","0","","1.4.3.1.22","66240","","","","0"
"2021","Canada","2021A000011124","15 to 24 years","Women+","2021 Counts","Traditional (North American Indigenous) spirituality","","0","units","0","","1.4.3.1.23","6470","","","","0"
"2021","Canada","2021A000011124","15 to 24 years","Women+","2021 Counts","Other religions and spiritual traditions","","0","units","0","","1.4.3.1.24","14060","","","","0"
"2021","Canada","2021A000011124","15 to 24 years","Women+","2021 Counts","No religion and secular perspectives","","0","units","0","","1.4.3.1.25","776720","","","","0"
"2021","Canada","2021A000011124","15 to 24 years","Women+","% distribution (2021)","Total - Religion","","0","units","0","","1.4.3.2.1","5.6","","","","1"
"2021","Canada","2021A000011124","15 to 24 years","Women+","% distribution (2021)","Buddhist","","0","units","0","","1.4.3.2.2","0.0","","","","1"
"2021","Canada","2021A000011124","15 to 24 years","Women+","% distribution (2021)","Christian","","0","units","0","","1.4.3.2.3","2.6","","","","1"
"2021","Canada","2021A000011124","15 to 24 years","Women+","% distribution (2021)","Hindu","","0","units","0","","1.4.3.2.19","0.1","","","","1"
"2021","Canada","2021A000011124","15 to 24 years","Women+","% distribution (2021)","Jewish","","0","units","0","","1.4.3.2.20","0.0","","","","1"
"2021","Canada","2021A000011124","15 to 24 years","Women+","% distribution (2021)","Muslim","","0","units","0","","1.4.3.2.21","0.4","","","","1"
"2021","Canada","2021A000011124","15 to 24 years","Women+","% distribution (2021)","Sikh","","0","units","0","","1.4.3.2.22","0.2","","","","1"
"2021","Canada","2021A000011124","15 to 24 years","Women+","% distribution (2021)","Traditional (North American Indigenous) spirituality","","0","units","0","","1.4.3.2.23","0.0","","","","1"
"2021","Canada","2021A000011124","15 to 24 years","Women+","% distribution (2021)","Other religions and spiritual traditions","","0","units","0","","1.4.3.2.24","0.0","","","","1"
"2021","Canada","2021A000011124","15 to 24 years","Women+","% distribution (2021)","No religion and secular perspectives","","0","units","0","","1.4.3.2.25","2.1","","","","1"
"2021","Canada","2021A000011124","25 to 64 years","Total - Gender","2021 Counts","Total - Religion","","0","units","0","","1.7.1.1.1","19568265","","","","0"
"2021","Canada","2021A000011124","25 to 64 years","Total - Gender","2021 Counts","Buddhist","","0","units","0","","1.7.1.1.2","221385","","","","0"
"2021","Canada","2021A000011124","25 to 64 years","Total - Gender","2021 Counts","Christian","","0","units","0","","1.7.1.1.3","10024060","","","","0"
"2021","Canada","2021A000011124","25 to 64 years","Total - Gender","2021 Counts","Hindu","","0","units","0","","1.7.1.1.19","490225","","","","0"
"2021","Canada","2021A000011124","25 to 64 years","Total - Gender","2021 Counts","Jewish","","0","units","0","","1.7.1.1.20","154400","","","","0"
"2021","Canada","2021A000011124","25 to 64 years","Total - Gender","2021 Counts","Muslim","","0","units","0","","1.7.1.1.21","923645","","","","0"
"2021","Canada","2021A000011124","25 to 64 years","Total - Gender","2021 Counts","Sikh","","0","units","0","","1.7.1.1.22","407830","","","","0"
"2021","Canada","2021A000011124","25 to 64 years","Total - Gender","2021 Counts","Traditional (North American Indigenous) spirituality","","0","units","0","","1.7.1.1.23","38980","","","","0"
"2021","Canada","2021A000011124","25 to 64 years","Total - Gender","2021 Counts","Other religions and spiritual traditions","","0","units","0","","1.7.1.1.24","148070","","","","0"
"2021","Canada","2021A000011124","25 to 64 years","Total - Gender","2021 Counts","No religion and secular perspectives","","0","units","0","","1.7.1.1.25","7159650","","","","0"
"2021","Canada","2021A000011124","25 to 64 years","Total - Gender","% distribution (2021)","Total - Religion","","0","units","0","","1.7.1.2.1","53.9","","","","1"
"2021","Canada","2021A000011124","25 to 64 years","Total - Gender","% distribution (2021)","Buddhist","","0","units","0","","1.7.1.2.2","0.6","","","","1"
"2021","Canada","2021A000011124","25 to 64 years","Total - Gender","% distribution (2021)","Christian","","0","units","0","","1.7.1.2.3","27.6","","","","1"
"2021","Canada","2021A000011124","25 to 64 years","Total - Gender","% distribution (2021)","Hindu","","0","units","0","","1.7.1.2.19","1.3","","","","1"
"2021","Canada","2021A000011124","25 to 64 years","Total - Gender","% distribution (2021)","Jewish","","0","units","0","","1.7.1.2.20","0.4","","","","1"
"2021","Canada","2021A000011124","25 to 64 years","Total - Gender","% distribution (2021)","Muslim","","0","units","0","","1.7.1.2.21","2.5","","","","1"
"2021","Canada","2021A000011124","25 to 64 years","Total - Gender","% distribution (2021)","Sikh","","0","units","0","","1.7.1.2.22","1.1","","","","1"
"2021","Canada","2021A000011124","25 to 64 years","Total - Gender","% distribution (2021)","Traditional (North American Indigenous) spirituality","","0","units","0","","1.7.1.2.23","0.1","","","","1"
"2021","Canada","2021A000011124","25 to 64 years","Total - Gender","% distribution (2021)","Other religions and spiritual traditions","","0","units","0","","1.7.1.2.24","0.4","","","","1"
"2021","Canada","2021A000011124","25 to 64 years","Total - Gender","% distribution (2021)","No religion and secular perspectives","","0","units","0","","1.7.1.2.25","19.7","","","","1"
"2021","Canada","2021A000011124","25 to 64 years","Men+","2021 Counts","Total - Religion","","0","units","0","","1.7.2.1.1","9620340","","","","0"
"2021","Canada","2021A000011124","25 to 64 years","Men+","2021 Counts","Buddhist","","0","units","0","","1.7.2.1.2","94885","","","","0"
"2021","Canada","2021A000011124","25 to 64 years","Men+","2021 Counts","Christian","","0","units","0","","1.7.2.1.3","4669790","","","","0"
"2021","Canada","2021A000011124","25 to 64 years","Men+","2021 Counts","Hindu","","0","units","0","","1.7.2.1.19","252580","","","","0"
"2021","Canada","2021A000011124","25 to 64 years","Men+","2021 Counts","Jewish","","0","units","0","","1.7.2.1.20","75030","","","","0"
"2021","Canada","2021A000011124","25 to 64 years","Men+","2021 Counts","Muslim","","0","units","0","","1.7.2.1.21","463800","","","","0"
"2021","Canada","2021A000011124","25 to 64 years","Men+","2021 Counts","Sikh","","0","units","0","","1.7.2.1.22","204295","","","","0"
"2021","Canada","2021A000011124","25 to 64 years","Men+","2021 Counts","Traditional (North American Indigenous) spirituality","","0","units","0","","1.7.2.1.23","17630","","","","0"
"2021","Canada","2021A000011124","25 to 64 years","Men+","2021 Counts","Other religions and spiritual traditions","","0","units","0","","1.7.2.1.24","60980","","","","0"
"2021","Canada","2021A000011124","25 to 64 years","Men+","2021 Counts","No religion and secular perspectives","","0","units","0","","1.7.2.1.25","3781340","","","","0"
"2021","Canada","2021A000011124","25 to 64 years","Men+","% distribution (2021)","Total - Religion","","0","units","0","","1.7.2.2.1","26.5","","","","1"
"2021","Canada","2021A000011124","25 to 64 years","Men+","% distribution (2021)","Buddhist","","0","units","0","","1.7.2.2.2","0.3","","","","1"
"2021","Canada","2021A000011124","25 to 64 years","Men+","% distribution (2021)","Christian","","0","units","0","","1.7.2.2.3","12.9","","","","1"
"2021","Canada","2021A000011124","25 to 64 years","Men+","% distribution (2021)","Hindu","","0","units","0","","1.7.2.2.19","0.7","","","","1"
"2021","Canada","2021A000011124","25 to 64 years","Men+","% distribution (2021)","Jewish","","0","units","0","","1.7.2.2.20","0.2","","","","1"
"2021","Canada","2021A000011124","25 to 64 years","Men+","% distribution (2021)","Muslim","","0","units","0","","1.7.2.2.21","1.3","","","","1"
"2021","Canada","2021A000011124","25 to 64 years","Men+","% distribution (2021)","Sikh","","0","units","0","","1.7.2.2.22","0.6","","","","1"
"2021","Canada","2021A000011124","25 to 64 years","Men+","% distribution (2021)","Traditional (North American Indigenous) spirituality","","0","units","0","","1.7.2.2.23","0.0","","","","1"
"2021","Canada","2021A000011124","25 to 64 years","Men+","% distribution (2021)","Other religions and spiritual traditions","","0","units","0","","1.7.2.2.24","0.2","","","","1"
"2021","Canada","2021A000011124","25 to 64 years","Men+","% distribution (2021)","No religion and secular perspectives","","0","units","0","","1.7.2.2.25","10.4","","","","1"
"2021","Canada","2021A000011124","25 to 64 years","Women+","2021 Counts","Total - Religion","","0","units","0","","1.7.3.1.1","9947925","","","","0"
"2021","Canada","2021A000011124","25 to 64 years","Women+","2021 Counts","Buddhist","","0","units","0","","1.7.3.1.2","126500","","","","0"
"2021","Canada","2021A000011124","25 to 64 years","Women+","2021 Counts","Christian","","0","units","0","","1.7.3.1.3","5354270","","","","0"
"2021","Canada","2021A000011124","25 to 64 years","Women+","2021 Counts","Hindu","","0","units","0","","1.7.3.1.19","237650","","","","0"
"2021","Canada","2021A000011124","25 to 64 years","Women+","2021 Counts","Jewish","","0","units","0","","1.7.3.1.20","79375","","","","0"
"2021","Canada","2021A000011124","25 to 64 years","Women+","2021 Counts","Muslim","","0","units","0","","1.7.3.1.21","459850","","","","0"
"2021","Canada","2021A000011124","25 to 64 years","Women+","2021 Counts","Sikh","","0","units","0","","1.7.3.1.22","203535","","","","0"
"2021","Canada","2021A000011124","25 to 64 years","Women+","2021 Counts","Traditional (North American Indigenous) spirituality","","0","units","0","","1.7.3.1.23","21345","","","","0"
"2021","Canada","2021A000011124","25 to 64 years","Women+","2021 Counts","Other religions and spiritual traditions","","0","units","0","","1.7.3.1.24","87090","","","","0"
"2021","Canada","2021A000011124","25 to 64 years","Women+","2021 Counts","No religion and secular perspectives","","0","units","0","","1.7.3.1.25","3378315","","","","0"
"2021","Canada","2021A000011124","25 to 64 years","Women+","% distribution (2021)","Total - Religion","","0","units","0","","1.7.3.2.1","27.4","","","","1"
"2021","Canada","2021A000011124","25 to 64 years","Women+","% distribution (2021)","Buddhist","","0","units","0","","1.7.3.2.2","0.3","","","","1"
"2021","Canada","2021A000011124","25 to 64 years","Women+","% distribution (2021)","Christian","","0","units","0","","1.7.3.2.3","14.7","","","","1"
"2021","Canada","2021A000011124","25 to 64 years","Women+","% distribution (2021)","Hindu","","0","units","0","","1.7.3.2.19","0.7","","","","1"
"2021","Canada","2021A000011124","25 to 64 years","Women+","% distribution (2021)","Jewish","","0","units","0","","1.7.3.2.20","0.2","","","","1"
"2021","Canada","2021A000011124","25 to 64 years","Women+","% distribution (2021)","Muslim","","0","units","0","","1.7.3.2.21","1.3","","","","1"
"2021","Canada","2021A000011124","25 to 64 years","Women+","% distribution (2021)","Sikh","","0","units","0","","1.7.3.2.22","0.6","","","","1"
"2021","Canada","2021A000011124","25 to 64 years","Women+","% distribution (2021)","Traditional (North American Indigenous) spirituality","","0","units","0","","1.7.3.2.23","0.1","","","","1"
"2021","Canada","2021A000011124","25 to 64 years","Women+","% distribution (2021)","Other religions and spiritual traditions","","0","units","0","","1.7.3.2.24","0.2","","","","1"
"2021","Canada","2021A000011124","25 to 64 years","Women+","% distribution (2021)","No religion and secular perspectives","","0","units","0","","1.7.3.2.25","9.3","","","","1"
"2021","Canada","2021A000011124","65 years and over","Total - Gender","2021 Counts","Total - Religion","","0","units","0","","1.13.1.1.1","6586600","","","","0"
"2021","Canada","2021A000011124","65 years and over","Total - Gender","2021 Counts","Buddhist","","0","units","0","","1.13.1.1.2","69980","","","","0"
"2021","Canada","2021A000011124","65 years and over","Total - Gender","2021 Counts","Christian","","0","units","0","","1.13.1.1.3","4854835","","","","0"
"2021","Canada","2021A000011124","65 years and over","Total - Gender","2021 Counts","Hindu","","0","units","0","","1.13.1.1.19","76805","","","","0"
"2021","Canada","2021A000011124","65 years and over","Total - Gender","2021 Counts","Jewish","","0","units","0","","1.13.1.1.20","86125","","","","0"
"2021","Canada","2021A000011124","65 years and over","Total - Gender","2021 Counts","Muslim","","0","units","0","","1.13.1.1.21","113020","","","","0"
"2021","Canada","2021A000011124","65 years and over","Total - Gender","2021 Counts","Sikh","","0","units","0","","1.13.1.1.22","88330","","","","0"
"2021","Canada","2021A000011124","65 years and over","Total - Gender","2021 Counts","Traditional (North American Indigenous) spirituality","","0","units","0","","1.13.1.1.23","5410","","","","0"
"2021","Canada","2021A000011124","65 years and over","Total - Gender","2021 Counts","Other religions and spiritual traditions","","0","units","0","","1.13.1.1.24","31060","","","","0"
"2021","Canada","2021A000011124","65 years and over","Total - Gender","2021 Counts","No religion and secular perspectives","","0","units","0","","1.13.1.1.25","1261030","","","","0"
"2021","Canada","2021A000011124","65 years and over","Total - Gender","% distribution (2021)","Total - Religion","","0","units","0","","1.13.1.2.1","18.1","","","","1"
"2021","Canada","2021A000011124","65 years and over","Total - Gender","% distribution (2021)","Buddhist","","0","units","0","","1.13.1.2.2","0.2","","","","1"
"2021","Canada","2021A000011124","65 years and over","Total - Gender","% distribution (2021)","Christian","","0","units","0","","1.13.1.2.3","13.4","","","","1"
"2021","Canada","2021A000011124","65 years and over","Total - Gender","% distribution (2021)","Hindu","","0","units","0","","1.13.1.2.19","0.2","","","","1"
"2021","Canada","2021A000011124","65 years and over","Total - Gender","% distribution (2021)","Jewish","","0","units","0","","1.13.1.2.20","0.2","","","","1"
"2021","Canada","2021A000011124","65 years and over","Total - Gender","% distribution (2021)","Muslim","","0","units","0","","1.13.1.2.21","0.3","","","","1"
"2021","Canada","2021A000011124","65 years and over","Total - Gender","% distribution (2021)","Sikh","","0","units","0","","1.13.1.2.22","0.2","","","","1"
"2021","Canada","2021A000011124","65 years and over","Total - Gender","% distribution (2021)","Traditional (North American Indigenous) spirituality","","0","units","0","","1.13.1.2.23","0.0","","","","1"
"2021","Canada","2021A000011124","65 years and over","Total - Gender","% distribution (2021)","Other religions and spiritual traditions","","0","units","0","","1.13.1.2.24","0.1","","","","1"
"2021","Canada","2021A000011124","65 years and over","Total - Gender","% distribution (2021)","No religion and secular perspectives","","0","units","0","","1.13.1.2.25","3.5","","","","1"
"2021","Canada","2021A000011124","65 years and over","Men+","2021 Counts","Total - Religion","","0","units","0","","1.13.2.1.1","3079765","","","","0"
"2021","Canada","2021A000011124","65 years and over","Men+","2021 Counts","Buddhist","","0","units","0","","1.13.2.1.2","29735","","","","0"
"2021","Canada","2021A000011124","65 years and over","Men+","2021 Counts","Christian","","0","units","0","","1.13.2.1.3","2165915","","","","0"
"2021","Canada","2021A000011124","65 years and over","Men+","2021 Counts","Hindu","","0","units","0","","1.13.2.1.19","37485","","","","0"
"2021","Canada","2021A000011124","65 years and over","Men+","2021 Counts","Jewish","","0","units","0","","1.13.2.1.20","40395","","","","0"
"2021","Canada","2021A000011124","65 years and over","Men+","2021 Counts","Muslim","","0","units","0","","1.13.2.1.21","59310","","","","0"
"2021","Canada","2021A000011124","65 years and over","Men+","2021 Counts","Sikh","","0","units","0","","1.13.2.1.22","42500","","","","0"
"2021","Canada","2021A000011124","65 years and over","Men+","2021 Counts","Traditional (North American Indigenous) spirituality","","0","units","0","","1.13.2.1.23","2535","","","","0"
"2021","Canada","2021A000011124","65 years and over","Men+","2021 Counts","Other religions and spiritual traditions","","0","units","0","","1.13.2.1.24","13300","","","","0"
"2021","Canada","2021A000011124","65 years and over","Men+","2021 Counts","No religion and secular perspectives","","0","units","0","","1.13.2.1.25","688590","","","","0"
"2021","Canada","2021A000011124","65 years and over","Men+","% distribution (2021)","Total - Religion","","0","units","0","","1.13.2.2.1","8.5","","","","1"
"2021","Canada","2021A000011124","65 years and over","Men+","% distribution (2021)","Buddhist","","0","units","0","","1.13.2.2.2","0.1","","","","1"
"2021","Canada","2021A000011124","65 years and over","Men+","% distribution (2021)","Christian","","0","units","0","","1.13.2.2.3","6.0","","","","1"
"2021","Canada","2021A000011124","65 years and over","Men+","% distribution (2021)","Hindu","","0","units","0","","1.13.2.2.19","0.1","","","","1"
"2021","Canada","2021A000011124","65 years and over","Men+","% distribution (2021)","Jewish","","0","units","0","","1.13.2.2.20","0.1","","","","1"
"2021","Canada","2021A000011124","65 years and over","Men+","% distribution (2021)","Muslim","","0","units","0","","1.13.2.2.21","0.2","","","","1"
"2021","Canada","2021A000011124","65 years and over","Men+","% distribution (2021)","Sikh","","0","units","0","","1.13.2.2.22","0.1","","","","1"
"2021","Canada","2021A000011124","65 years and over","Men+","% distribution (2021)","Traditional (North American Indigenous) spirituality","","0","units","0","","1.13.2.2.23","0.0","","","","1"
"2021","Canada","2021A000011124","65 years and over","Men+","% distribution (2021)","Other religions and spiritual traditions","","0","units","0","","1.13.2.2.24","0.0","","","","1"
"2021","Canada","2021A000011124","65 years and over","Men+","% distribution (2021)","No religion and secular perspectives","","0","units","0","","1.13.2.2.25","1.9","","","","1"
"2021","Canada","2021A000011124","65 years and over","Women+","2021 Counts","Total - Religion","","0","units","0","","1.13.3.1.1","3506835","","","","0"
"2021","Canada","2021A000011124","65 years and over","Women+","2021 Counts","Buddhist","","0","units","0","","1.13.3.1.2","40245","","","","0"
"2021","Canada","2021A000011124","65 years and over","Women+","2021 Counts","Christian","","0","units","0","","1.13.3.1.3","2688925","","","","0"
"2021","Canada","2021A000011124","65 years and over","Women+","2021 Counts","Hindu","","0","units","0","","1.13.3.1.19","39315","","","","0"
"2021","Canada","2021A000011124","65 years and over","Women+","2021 Counts","Jewish","","0","units","0","","1.13.3.1.20","45730","","","","0"
"2021","Canada","2021A000011124","65 years and over","Women+","2021 Counts","Muslim","","0","units","0","","1.13.3.1.21","53710","","","","0"
"2021","Canada","2021A000011124","65 years and over","Women+","2021 Counts","Sikh","","0","units","0","","1.13.3.1.22","45835","","","","0"
"2021","Canada","2021A000011124","65 years and over","Women+","2021 Counts","Traditional (North American Indigenous) spirituality","","0","units","0","","1.13.3.1.23","2875","","","","0"
"2021","Canada","2021A000011124","65 years and over","Women+","2021 Counts","Other religions and spiritual traditions","","0","units","0","","1.13.3.1.24","17760","","","","0"
"2021","Canada","2021A000011124","65 years and over","Women+","2021 Counts","No religion and secular perspectives","","0","units","0","","1.13.3.1.25","572440","","","","0"
"2021","Canada","2021A000011124","65 years and over","Women+","% distribution (2021)","Total - Religion","","0","units","0","","1.13.3.2.1","9.7","","","","1"
"2021","Canada","2021A000011124","65 years and over","Women+","% distribution (2021)","Buddhist","","0","units","0","","1.13.3.2.2","0.1","","","","1"
"2021","Canada","2021A000011124","65 years and over","Women+","% distribution (2021)","Christian","","0","units","0","","1.13.3.2.3","7.4","","","","1"
"2021","Canada","2021A000011124","65 years and over","Women+","% distribution (2021)","Hindu","","0","units","0","","1.13.3.2.19","0.1","","","","1"
"2021","Canada","2021A000011124","65 years and over","Women+","% distribution (2021)","Jewish","","0","units","0","","1.13.3.2.20","0.1","","","","1"
"2021","Canada","2021A000011124","65 years and over","Women+","% distribution (2021)","Muslim","","0","units","0","","1.13.3.2.21","0.1","","","","1"
"2021","Canada","2021A000011124","65 years and over","Women+","% distribution (2021)","Sikh","","0","units","0","","1.13.3.2.22","0.1","","","","1"
"2021","Canada","2021A000011124","65 years and over","Women+","% distribution (2021)","Traditional (North American Indigenous) spirituality","","0","units","0","","1.13.3.2.23","0.0","","","","1"
"2021","Canada","2021A000011124","65 years and over","Women+","% distribution (2021)","Other religions and spiritual traditions","","0","units","0","","1.13.3.2.24","0.0","","","","1"
"2021","Canada","2021A000011124","65 years and over","Women+","% distribution (2021)","No religion and secular perspectives","","0","units","0","","1.13.3.2.25","1.6","","","","1"
"2021","Newfoundland and Labrador","2021A000210","Total - Age","Total - Gender","2021 Counts","Total - Religion","","0","units","0","","2.1.1.1.1","502095","","","","0"
"2021","Newfoundland and Labrador","2021A000210","Total - Age","Total - Gender","2021 Counts","Buddhist","","0","units","0","","2.1.1.1.2","490","","","","0"
"2021","Newfoundland and Labrador","2021A000210","Total - Age","Total - Gender","2021 Counts","Christian","","0","units","0","","2.1.1.1.3","413915","","","","0"
"2021","Newfoundland and Labrador","2021A000210","Total - Age","Total - Gender","2021 Counts","Hindu","","0","units","0","","2.1.1.1.19","1205","","","","0"
"2021","Newfoundland and Labrador","2021A000210","Total - Age","Total - Gender","2021 Counts","Jewish","","0","units","0","","2.1.1.1.20","240","","","","0"
"2021","Newfoundland and Labrador","2021A000210","Total - Age","Total - Gender","2021 Counts","Muslim","","0","units","0","","2.1.1.1.21","4000","","","","0"
"2021","Newfoundland and Labrador","2021A000210","Total - Age","Total - Gender","2021 Counts","Sikh","","0","units","0","","2.1.1.1.22","850","","","","0"
"2021","Newfoundland and Labrador","2021A000210","Total - Age","Total - Gender","2021 Counts","Traditional (North American Indigenous) spirituality","","0","units","0","","2.1.1.1.23","105","","","","0"
"2021","Newfoundland and Labrador","2021A000210","Total - Age","Total - Gender","2021 Counts","Other religions and spiritual traditions","","0","units","0","","2.1.1.1.24","965","","","","0"
"2021","Newfoundland and Labrador","2021A000210","Total - Age","Total - Gender","2021 Counts","No religion and secular perspectives","","0","units","0","","2.1.1.1.25","80335","","","","0"
"2021","Newfoundland and Labrador","2021A000210","Total - Age","Total - Gender","% distribution (2021)","Total - Religion","","0","units","0","","2.1.1.2.1","1.4","","","","1"
"2021","Newfoundland and Labrador","2021A000210","Total - Age","Total - Gender","% distribution (2021)","Buddhist","","0","units","0","","2.1.1.2.2","0.0","","","","1"
"2021","Newfoundland and Labrador","2021A000210","Total - Age","Total - Gender","% distribution (2021)","Christian","","0","units","0","","2.1.1.2.3","1.1","","","","1"
"2021","Newfoundland and Labrador","2021A000210","Total - Age","Total - Gender","% distribution (2021)","Hindu","","0","units","0","","2.1.1.2.19","0.0","","","","1"
"2021","Newfoundland and Labrador","2021A000210","Total - Age","Total - Gender","% distribution (2021)","Jewish","","0","units","0","","2.1.1.2.20","0.0","","","","1"
"2021","Newfoundland and Labrador","2021A000210","Total - Age","Total - Gender","% distribution (2021)","Muslim","","0","units","0","","2.1.1.2.21","0.0","","","","1"
"2021","Newfoundland and Labrador","2021A000210","Total - Age","Total - Gender","% distribution (2021)","Sikh","","0","units","0","","2.1.1.2.22","0.0","","","","1"
"2021","Newfoundland and Labrador","2021A000210","Total - Age","Total - Gender","% distribution (2021)","Traditional (North American Indigenous) spirituality","","0","units","0","","2.1.1.2.23","0.0","","","","1"
"2021","Newfoundland and Labrador","2021A000210","Total - Age","Total - Gender","% distribution (2021)","Other religions and spiritual traditions","","0","units","0","","2.1.1.2.24","0.0","","","","1"
"2021","Newfoundland and Labrador","2021A000210","Total - Age","Total - Gender","% distribution (2021)","No religion and secular perspectives","","0","units","0","","2.1.1.2.25","0.2","","","","1"
"2021","Newfoundland and Labrador","2021A000210","Total - Age","Men+","2021 Counts","Total - Religion","","0","units","0","","2.1.2.1.1","246190","","","","0"
"2021","Newfoundland and Labrador","2021A000210","Total - Age","Men+","2021 Counts","Buddhist","","0","units","0","","2.1.2.1.2","240","","","","0"
"2021","Newfoundland and Labrador","2021A000210","Total - Age","Men+","2021 Counts","Christian","","0","units","0","","2.1.2.1.3","199150","","","","0"
"2021","Newfoundland and Labrador","2021A000210","Total - Age","Men+","2021 Counts","Hindu","","0","units","0","","2.1.2.1.19","715","","","","0"
"2021","Newfoundland and Labrador","2021A000210","Total - Age","Men+","2021 Counts","Jewish","","0","units","0","","2.1.2.1.20","115","","","","0"
"2021","Newfoundland and Labrador","2021A000210","Total - Age","Men+","2021 Counts","Muslim","","0","units","0","","2.1.2.1.21","2090","","","","0"
"2021","Newfoundland and Labrador","2021A000210","Total - Age","Men+","2021 Counts","Sikh","","0","units","0","","2.1.2.1.22","490","","","","0"
"2021","Newfoundland and Labrador","2021A000210","Total - Age","Men+","2021 Counts","Traditional (North American Indigenous) spirituality","","0","units","0","","2.1.2.1.23","55","","","","0"
"2021","Newfoundland and Labrador","2021A000210","Total - Age","Men+","2021 Counts","Other religions and spiritual traditions","","0","units","0","","2.1.2.1.24","375","","","","0"
"2021","Newfoundland and Labrador","2021A000210","Total - Age","Men+","2021 Counts","No religion and secular perspectives","","0","units","0","","2.1.2.1.25","42960","","","","0"
"2021","Newfoundland and Labrador","2021A000210","Total - Age","Men+","% distribution (2021)","Total - Religion","","0","units","0","","2.1.2.2.1","0.7","","","","1"
"2021","Newfoundland and Labrador","2021A000210","Total - Age","Men+","% distribution (2021)","Buddhist","","0","units","0","","2.1.2.2.2","0.0","","","","1"
"2021","Newfoundland and Labrador","2021A000210","Total - Age","Men+","% distribution (2021)","Christian","","0","units","0","","2.1.2.2.3","0.5","","","","1"
"2021","Newfoundland and Labrador","2021A000210","Total - Age","Men+","% distribution (2021)","Hindu","","0","units","0","","2.1.2.2.19","0.0","","","","1"
"2021","Newfoundland and Labrador","2021A000210","Total - Age","Men+","% distribution (2021)","Jewish","","0","units","0","","2.1.2.2.20","0.0","","","","1"
"2021","Newfoundland and Labrador","2021A000210","Total - Age","Men+","% distribution (2021)","Muslim","","0","units","0","","2.1.2.2.21","0.0","","","","1"
"2021","Newfoundland and Labrador","2021A000210","Total - Age","Men+","% distribution (2021)","Sikh","","0","units","0","","2.1.2.2.22","0.0","","","","1"
"2021","Newfoundland and Labrador","2021A000210","Total - Age","Men+","% distribution (2021)","Traditional (North American Indigenous) spirituality","","0","units","0","","2.1.2.2.23","0.0","","","","1"
"2021","Newfoundland and Labrador","2021A000210","Total - Age","Men+","% distribution (2021)","Other religions and spiritual traditions","","0","units","0","","2.1.2.2.24","0.0","","","","1"
"2021","Newfoundland and Labrador","2021A000210","Total - Age","Men+","% distribution (2021)","No religion and secular perspectives","","0","units","0","","2.1.2.2.25","0.1","","","","1"
"2021","Newfoundland and Labrador","2021A000210","Total - Age","Women+","2021 Counts","Total - Religion","","0","units","0","","2.1.3.1.1","255905","","","","0"
"2021","Newfoundland and Labrador","2021A000210","Total - Age","Women+","2021 Counts","Buddhist","","0","units","0","","2.1.3.1.2","250","","","","0"
"2021","Newfoundland and Labrador","2021A000210","Total - Age","Women+","2021 Counts","Christian","","0","units","0","","2.1.3.1.3","214765","","","","0"
"2021","Newfoundland and Labrador","2021A000210","Total - Age","Women+","2021 Counts","Hindu","","0","units","0","","2.1.3.1.19","485","","","","0"
"2021","Newfoundland and Labrador","2021A000210","Total - Age","Women+","2021 Counts","Jewish","","0","units","0","","2.1.3.1.20","130","","","","0"
"2021","Newfoundland and Labrador","2021A000210","Total - Age","Women+","2021 Counts","Muslim","","0","units","0","","2.1.3.1.21","1910","","","","0"
"2021","Newfoundland and Labrador","2021A000210","Total - Age","Women+","2021 Counts","Sikh","","0","units","0","","2.1.3.1.22","360","","","","0"
"2021","Newfoundland and Labrador","2021A000210","Total - Age","Women+","2021 Counts","Traditional (North American Indigenous) spirituality","","0","units","0","","2.1.3.1.23","55","","","","0"
"2021","Newfoundland and Labrador","2021A000210","Total - Age","Women+","2021 Counts","Other religions and spiritual traditions","","0","units","0","","2.1.3.1.24","590","","","","0"
"2021","Newfoundland and Labrador","2021A000210","Total - Age","Women+","2021 Counts","No religion and secular perspectives","","0","units","0","","2.1.3.1.25","37370","","","","0"
"2021","Newfoundland and Labrador","2021A000210","Total - Age","Women+","% distribution (2021)","Total - Religion","","0","units","0","","2.1.3.2.1","0.7","","","","1"
"2021","Newfoundland and Labrador","2021A000210","Total - Age","Women+","% distribution (2021)","Buddhist","","0","units","0","","2.1.3.2.2","0.0","","","","1"
"2021","Newfoundland and Labrador","2021A000210","Total - Age","Women+","% distribution (2021)","Christian","","0","units","0","","2.1.3.2.3","0.6","","","","1"
"2021","Newfoundland and Labrador","2021A000210","Total - Age","Women+","% distribution (2021)","Hindu","","0","units","0","","2.1.3.2.19","0.0","","","","1"
"2021","Newfoundland and Labrador","2021A000210","Total - Age","Women+","% distribution (2021)","Jewish","","0","units","0","","2.1.3.2.20","0.0","","","","1"
"2021","Newfoundland and Labrador","2021A000210","Total - Age","Women+","% distribution (2021)","Muslim","","0","units","0","","2.1.3.2.21","0.0","","","","1"
"2021","Newfoundland and Labrador","2021A000210","Total - Age","Women+","% distribution (2021)","Sikh","","0","units","0","","2.1.3.2.22","0.0","","","","1"
"2021","Newfoundland and Labrador","2021A000210","Total - Age","Women+","% distribution (2021)","Traditional (North American Indigenous) spirituality","","0","units","0","","2.1.3.2.23","0.0","","","","1"
"2021","Newfoundland and Labrador","2021A000210","Total - Age","Women+","% distribution (2021)","Other religions and spiritual traditions","","0","units","0","","2.1.3.2.24","0.0","","","","1"
"2021","Newfoundland and Labrador","2021A000210","Total - Age","Women+","% distribution (2021)","No religion and secular perspectives","","0","units","0","","2.1.3.2.25","0.1","","","","1"
"2021","Newfoundland and Labrador","2021A000210","0 to 14 years","Total - Gender","2021 Counts","Total - Religion","","0","units","0","","2.2.1.1.1","68145","","","","0"
"2021","Newfoundland and Labrador","2021A000210","0 to 14 years","Total - Gender","2021 Counts","Buddhist","","0","units","0","","2.2.1.1.2","30","","","","0"
"2021","Newfoundland and Labrador","2021A000210","0 to 14 years","Total - Gender","2021 Counts","Christian","","0","units","0","","2.2.1.1.3","49360","","","","0"
"2021","Newfoundland and Labrador","2021A000210","0 to 14 years","Total - Gender","2021 Counts","Hindu","","0","units","0","","2.2.1.1.19","140","","","","0"
"2021","Newfoundland and Labrador","2021A000210","0 to 14 years","Total - Gender","2021 Counts","Jewish","","0","units","0","","2.2.1.1.20","35","","","","0"
"2021","Newfoundland and Labrador","2021A000210","0 to 14 years","Total - Gender","2021 Counts","Muslim","","0","units","0","","2.2.1.1.21","1325","","","","0"
"2021","Newfoundland and Labrador","2021A000210","0 to 14 years","Total - Gender","2021 Counts","Sikh","","0","units","0","","2.2.1.1.22","45","","","","0"
"2021","Newfoundland and Labrador","2021A000210","0 to 14 years","Total - Gender","2021 Counts","Traditional (North American Indigenous) spirituality","","0","units","0","","2.2.1.1.23","20","","","","0"
"2021","Newfoundland and Labrador","2021A000210","0 to 14 years","Total - Gender","2021 Counts","Other religions and spiritual traditions","","0","units","0","","2.2.1.1.24","60","","","","0"
"2021","Newfoundland and Labrador","2021A000210","0 to 14 years","Total - Gender","2021 Counts","No religion and secular perspectives","","0","units","0","","2.2.1.1.25","17125","","","","0"
"2021","Newfoundland and Labrador","2021A000210","0 to 14 years","Total - Gender","% distribution (2021)","Total - Religion","","0","units","0","","2.2.1.2.1","0.2","","","","1"
"2021","Newfoundland and Labrador","2021A000210","0 to 14 years","Total - Gender","% distribution (2021)","Buddhist","","0","units","0","","2.2.1.2.2","0.0","","","","1"
"2021","Newfoundland and Labrador","2021A000210","0 to 14 years","Total - Gender","% distribution (2021)","Christian","","0","units","0","","2.2.1.2.3","0.1","","","","1"
"2021","Newfoundland and Labrador","2021A000210","0 to 14 years","Total - Gender","% distribution (2021)","Hindu","","0","units","0","","2.2.1.2.19","0.0","","","","1"
"2021","Newfoundland and Labrador","2021A000210","0 to 14 years","Total - Gender","% distribution (2021)","Jewish","","0","units","0","","2.2.1.2.20","0.0","","","","1"
"2021","Newfoundland and Labrador","2021A000210","0 to 14 years","Total - Gender","% distribution (2021)","Muslim","","0","units","0","","2.2.1.2.21","0.0","","","","1"
"2021","Newfoundland and Labrador","2021A000210","0 to 14 years","Total - Gender","% distribution (2021)","Sikh","","0","units","0","","2.2.1.2.22","0.0","","","","1"
"2021","Newfoundland and Labrador","2021A000210","0 to 14 years","Total - Gender","% distribution (2021)","Traditional (North American Indigenous) spirituality","","0","units","0","","2.2.1.2.23","0.0","","","","1"
"2021","Newfoundland and Labrador","2021A000210","0 to 14 years","Total - Gender","% distribution (2021)","Other religions and spiritual traditions","","0","units","0","","2.2.1.2.24","0.0","","","","1"
"2021","Newfoundland and Labrador","2021A000210","0 to 14 years","Total - Gender","% distribution (2021)","No religion and secular perspectives","","0","units","0","","2.2.1.2.25","0.0","","","","1"
"2021","Newfoundland and Labrador","2021A000210","0 to 14 years","Men+","2021 Counts","Total - Religion","","0","units","0","","2.2.2.1.1","35010","","","","0"
"2021","Newfoundland and Labrador","2021A000210","0 to 14 years","Men+","2021 Counts","Buddhist","","0","units","0","","2.2.2.1.2","15","","","","0"
"2021","Newfoundland and Labrador","2021A000210","0 to 14 years","Men+","2021 Counts","Christian","","0","units","0","","2.2.2.1.3","25285","","","","0"
"2021","Newfoundland and Labrador","2021A000210","0 to 14 years","Men+","2021 Counts","Hindu","","0","units","0","","2.2.2.1.19","60","","","","0"
"2021","Newfoundland and Labrador","2021A000210","0 to 14 years","Men+","2021 Counts","Jewish","","0","units","0","","2.2.2.1.20","15","","","","0"
"2021","Newfoundland and Labrador","2021A000210","0 to 14 years","Men+","2021 Counts","Muslim","","0","units","0","","2.2.2.1.21","630","","","","0"
"2021","Newfoundland and Labrador","2021A000210","0 to 14 years","Men+","2021 Counts","Sikh","","0","units","0","","2.2.2.1.22","25","","","","0"
"2021","Newfoundland and Labrador","2021A000210","0 to 14 years","Men+","2021 Counts","Other religions and spiritual traditions","","0","units","0","","2.2.2.1.24","25","","","","0"
"2021","Newfoundland and Labrador","2021A000210","0 to 14 years","Men+","2021 Counts","No religion and secular perspectives","","0","units","0","","2.2.2.1.25","8950","","","","0"
"2021","Newfoundland and Labrador","2021A000210","0 to 14 years","Men+","% distribution (2021)","Total - Religion","","0","units","0","","2.2.2.2.1","0.1","","","","1"
"2021","Newfoundland and Labrador","2021A000210","0 to 14 years","Men+","% distribution (2021)","Buddhist","","0","units","0","","2.2.2.2.2","0.0","","","","1"
"2021","Newfoundland and Labrador","2021A000210","0 to 14 years","Men+","% distribution (2021)","Christian","","0","units","0","","2.2.2.2.3","0.1","","","","1"
"2021","Newfoundland and Labrador","2021A000210","0 to 14 years","Men+","% distribution (2021)","Hindu","","0","units","0","","2.2.2.2.19","0.0","","","","1"
"2021","Newfoundland and Labrador","2021A000210","0 to 14 years","Men+","% distribution (2021)","Jewish","","0","units","0","","2.2.2.2.20","0.0","","","","1"
"2021","Newfoundland and Labrador","2021A000210","0 to 14 years","Men+","% distribution (2021)","Muslim","","0","units","0","","2.2.2.2.21","0.0","","","","1"
"2021","Newfoundland and Labrador","2021A000210","0 to 14 years","Men+","% distribution (2021)","Sikh","","0","units","0","","2.2.2.2.22","0.0","","","","1"
"2021","Newfoundland and Labrador","2021A000210","0 to 14 years","Men+","% distribution (2021)","Traditional (North American Indigenous) spirituality","","0","units","0","","2.2.2.2.23","0.0","","","","1"
"2021","Newfoundland and Labrador","2021A000210","0 to 14 years","Men+","% distribution (2021)","Other religions and spiritual traditions","","0","units","0","","2.2.2.2.24","0.0","","","","1"
"2021","Newfoundland and Labrador","2021A000210","0 to 14 years","Men+","% distribution (2021)","No religion and secular perspectives","","0","units","0","","2.2.2.2.25","0.0","","","","1"
"2021","Newfoundland and Labrador","2021A000210","0 to 14 years","Women+","2021 Counts","Total - Religion","","0","units","0","","2.2.3.1.1","33130","","","","0"
"2021","Newfoundland and Labrador","2021A000210","0 to 14 years","Women+","2021 Counts","Buddhist","","0","units","0","","2.2.3.1.2","15","","","","0"
"2021","Newfoundland and Labrador","2021A000210","0 to 14 years","Women+","2021 Counts","Christian","","0","units","0","","2.2.3.1.3","24075","","","","0"
"2021","Newfoundland and Labrador","2021A000210","0 to 14 years","Women+","2021 Counts","Hindu","","0","units","0","","2.2.3.1.19","85","","","","0"
"2021","Newfoundland and Labrador","2021A000210","0 to 14 years","Women+","2021 Counts","Jewish","","0","units","0","","2.2.3.1.20","20","","","","0"
"2021","Newfoundland and Labrador","2021A000210","0 to 14 years","Women+","2021 Counts","Muslim","","0","units","0","","2.2.3.1.21","695","","","","0"
"2021","Newfoundland and Labrador","2021A000210","0 to 14 years","Women+","2021 Counts","Sikh","","0","units","0","","2.2.3.1.22","20","","","","0"
"2021","Newfoundland and Labrador","2021A000210","0 to 14 years","Women+","2021 Counts","Traditional (North American Indigenous) spirituality","","0","units","0","","2.2.3.1.23","15","","","","0"
"2021","Newfoundland and Labrador","2021A000210","0 to 14 years","Women+","2021 Counts","Other religions and spiritual traditions","","0","units","0","","2.2.3.1.24","35","","","","0"
"2021","Newfoundland and Labrador","2021A000210","0 to 14 years","Women+","2021 Counts","No religion and secular perspectives","","0","units","0","","2.2.3.1.25","8175","","","","0"
"2021","Newfoundland and Labrador","2021A000210","0 to 14 years","Women+","% distribution (2021)","Total - Religion","","0","units","0","","2.2.3.2.1","0.1","","","","1"
"2021","Newfoundland and Labrador","2021A000210","0 to 14 years","Women+","% distribution (2021)","Buddhist","","0","units","0","","2.2.3.2.2","0.0","","","","1"
"2021","Newfoundland and Labrador","2021A000210","0 to 14 years","Women+","% distribution (2021)","Christian","","0","units","0","","2.2.3.2.3","0.1","","","","1"
"2021","Newfoundland and Labrador","2021A000210","0 to 14 years","Women+","% distribution (2021)","Hindu","","0","units","0","","2.2.3.2.19","0.0","","","","1"
"2021","Newfoundland and Labrador","2021A000210","0 to 14 years","Women+","% distribution (2021)","Jewish","","0","units","0","","2.2.3.2.20","0.0","","","","1"
"2021","Newfoundland and Labrador","2021A000210","0 to 14 years","Women+","% distribution (2021)","Muslim","","0","units","0","","2.2.3.2.21","0.0","","","","1"
"2021","Newfoundland and Labrador","2021A000210","0 to 14 years","Women+","% distribution (2021)","Sikh","","0","units","0","","2.2.3.2.22","0.0","","","","1"
"2021","Newfoundland and Labrador","2021A000210","0 to 14 years","Women+","% distribution (2021)","Traditional (North American Indigenous) spirituality","","0","units","0","","2.2.3.2.23","0.0","","","","1"
"2021","Newfoundland and Labrador","2021A000210","0 to 14 years","Women+","% distribution (2021)","Other religions and spiritual traditions","","0","units","0","","2.2.3.2.24","0.0","","","","1"
"2021","Newfoundland and Labrador","2021A000210","0 to 14 years","Women+","% distribution (2021)","No religion and secular perspectives","","0","units","0","","2.2.3.2.25","0.0","","","","1"
"2021","Newfoundland and Labrador","2021A000210","15 years and over","Total - Gender","2021 Counts","Total - Religion","","0","units","0","","2.3.1.1.1","433960","","","","0"
"2021","Newfoundland and Labrador","2021A000210","15 years and over","Total - Gender","2021 Counts","Buddhist","","0","units","0","","2.3.1.1.2","460","","","","0"
"2021","Newfoundland and Labrador","2021A000210","15 years and over","Total - Gender","2021 Counts","Christian","","0","units","0","","2.3.1.1.3","364555","","","","0"
"2021","Newfoundland and Labrador","2021A000210","15 years and over","Total - Gender","2021 Counts","Hindu","","0","units","0","","2.3.1.1.19","1055","","","","0"
"2021","Newfoundland and Labrador","2021A000210","15 years and over","Total - Gender","2021 Counts","Jewish","","0","units","0","","2.3.1.1.20","205","","","","0"
"2021","Newfoundland and Labrador","2021A000210","15 years and over","Total - Gender","2021 Counts","Muslim","","0","units","0","","2.3.1.1.21","2675","","","","0"
"2021","Newfoundland and Labrador","2021A000210","15 years and over","Total - Gender","2021 Counts","Sikh","","0","units","0","","2.3.1.1.22","805","","","","0"
"2021","Newfoundland and Labrador","2021A000210","15 years and over","Total - Gender","2021 Counts","Traditional (North American Indigenous) spirituality","","0","units","0","","2.3.1.1.23","80","","","","0"
"2021","Newfoundland and Labrador","2021A000210","15 years and over","Total - Gender","2021 Counts","Other religions and spiritual traditions","","0","units","0","","2.3.1.1.24","900","","","","0"
"2021","Newfoundland and Labrador","2021A000210","15 years and over","Total - Gender","2021 Counts","No religion and secular perspectives","","0","units","0","","2.3.1.1.25","63205","","","","0"
"2021","Newfoundland and Labrador","2021A000210","15 years and over","Total - Gender","% distribution (2021)","Total - Religion","","0","units","0","","2.3.1.2.1","1.2","","","","1"
"2021","Newfoundland and Labrador","2021A000210","15 years and over","Total - Gender","% distribution (2021)","Buddhist","","0","units","0","","2.3.1.2.2","0.0","","","","1"
"2021","Newfoundland and Labrador","2021A000210","15 years and over","Total - Gender","% distribution (2021)","Christian","","0","units","0","","2.3.1.2.3","1.0","","","","1"
"2021","Newfoundland and Labrador","2021A000210","15 years and over","Total - Gender","% distribution (2021)","Hindu","","0","units","0","","2.3.1.2.19","0.0","","","","1"
"2021","Newfoundland and Labrador","2021A000210","15 years and over","Total - Gender","% distribution (2021)","Jewish","","0","units","0","","2.3.1.2.20","0.0","","","","1"
"2021","Newfoundland and Labrador","2021A000210","15 years and over","Total - Gender","% distribution (2021)","Muslim","","0","units","0","","2.3.1.2.21","0.0","","","","1"
"2021","Newfoundland and Labrador","2021A000210","15 years and over","Total - Gender","% distribution (2021)","Sikh","","0","units","0","","2.3.1.2.22","0.0","","","","1"
"2021","Newfoundland and Labrador","2021A000210","15 years and over","Total - Gender","% distribution (2021)","Traditional (North American Indigenous) spirituality","","0","units","0","","2.3.1.2.23","0.0","","","","1"
"2021","Newfoundland and Labrador","2021A000210","15 years and over","Total - Gender","% distribution (2021)","Other religions and spiritual traditions","","0","units","0","","2.3.1.2.24","0.0","","","","1"
"2021","Newfoundland and Labrador","2021A000210","15 years and over","Total - Gender","% distribution (2021)","No religion and secular perspectives","","0","units","0","","2.3.1.2.25","0.2","","","","1"
"2021","Newfoundland and Labrador","2021A000210","15 years and over","Men+","2021 Counts","Total - Religion","","0","units","0","","2.3.2.1.1","211180","","","","0"
"2021","Newfoundland and Labrador","2021A000210","15 years and over","Men+","2021 Counts","Buddhist","","0","units","0","","2.3.2.1.2","225","","","","0"
"2021","Newfoundland and Labrador","2021A000210","15 years and over","Men+","2021 Counts","Christian","","0","units","0","","2.3.2.1.3","173865","","","","0"
"2021","Newfoundland and Labrador","2021A000210","15 years and over","Men+","2021 Counts","Hindu","","0","units","0","","2.3.2.1.19","660","","","","0"
"2021","Newfoundland and Labrador","2021A000210","15 years and over","Men+","2021 Counts","Jewish","","0","units","0","","2.3.2.1.20","100","","","","0"
"2021","Newfoundland and Labrador","2021A000210","15 years and over","Men+","2021 Counts","Muslim","","0","units","0","","2.3.2.1.21","1455","","","","0"
"2021","Newfoundland and Labrador","2021A000210","15 years and over","Men+","2021 Counts","Sikh","","0","units","0","","2.3.2.1.22","465","","","","0"
"2021","Newfoundland and Labrador","2021A000210","15 years and over","Men+","2021 Counts","Traditional (North American Indigenous) spirituality","","0","units","0","","2.3.2.1.23","50","","","","0"
"2021","Newfoundland and Labrador","2021A000210","15 years and over","Men+","2021 Counts","Other religions and spiritual traditions","","0","units","0","","2.3.2.1.24","355","","","","0"
"2021","Newfoundland and Labrador","2021A000210","15 years and over","Men+","2021 Counts","No religion and secular perspectives","","0","units","0","","2.3.2.1.25","34010","","","","0"
"2021","Newfoundland and Labrador","2021A000210","15 years and over","Men+","% distribution (2021)","Total - Religion","","0","units","0","","2.3.2.2.1","0.6","","","","1"
"2021","Newfoundland and Labrador","2021A000210","15 years and over","Men+","% distribution (2021)","Buddhist","","0","units","0","","2.3.2.2.2","0.0","","","","1"
"2021","Newfoundland and Labrador","2021A000210","15 years and over","Men+","% distribution (2021)","Christian","","0","units","0","","2.3.2.2.3","0.5","","","","1"
"2021","Newfoundland and Labrador","2021A000210","15 years and over","Men+","% distribution (2021)","Hindu","","0","units","0","","2.3.2.2.19","0.0","","","","1"
"2021","Newfoundland and Labrador","2021A000210","15 years and over","Men+","% distribution (2021)","Jewish","","0","units","0","","2.3.2.2.20","0.0","","","","1"
"2021","Newfoundland and Labrador","2021A000210","15 years and over","Men+","% distribution (2021)","Muslim","","0","units","0","","2.3.2.2.21","0.0","","","","1"
"2021","Newfoundland and Labrador","2021A000210","15 years and over","Men+","% distribution (2021)","Sikh","","0","units","0","","2.3.2.2.22","0.0","","","","1"
"2021","Newfoundland and Labrador","2021A000210","15 years and over","Men+","% distribution (2021)","Traditional (North American Indigenous) spirituality","","0","units","0","","2.3.2.2.23","0.0","","","","1"
"2021","Newfoundland and Labrador","2021A000210","15 years and over","Men+","% distribution (2021)","Other religions and spiritual traditions","","0","units","0","","2.3.2.2.24","0.0","","","","1"
"2021","Newfoundland and Labrador","2021A000210","15 years and over","Men+","% distribution (2021)","No religion and secular perspectives","","0","units","0","","2.3.2.2.25","0.1","","","","1"
"2021","Newfoundland and Labrador","2021A000210","15 years and over","Women+","2021 Counts","Total - Religion","","0","units","0","","2.3.3.1.1","222775","","","","0"
"2021","Newfoundland and Labrador","2021A000210","15 years and over","Women+","2021 Counts","Buddhist","","0","units","0","","2.3.3.1.2","240","","","","0"
"2021","Newfoundland and Labrador","2021A000210","15 years and over","Women+","2021 Counts","Christian","","0","units","0","","2.3.3.1.3","190690","","","","0"
"2021","Newfoundland and Labrador","2021A000210","15 years and over","Women+","2021 Counts","Hindu","","0","units","0","","2.3.3.1.19","400","","","","0"
"2021","Newfoundland and Labrador","2021A000210","15 years and over","Women+","2021 Counts","Jewish","","0","units","0","","2.3.3.1.20","110","","","","0"
"2021","Newfoundland and Labrador","2021A000210","15 years and over","Women+","2021 Counts","Muslim","","0","units","0","","2.3.3.1.21","1220","","","","0"
"2021","Newfoundland and Labrador","2021A000210","15 years and over","Women+","2021 Counts","Sikh","","0","units","0","","2.3.3.1.22","340","","","","0"
"2021","Newfoundland and Labrador","2021A000210","15 years and over","Women+","2021 Counts","Traditional (North American Indigenous) spirituality","","0","units","0","","2.3.3.1.23","40","","","","0"
"2021","Newfoundland and Labrador","2021A000210","15 years and over","Women+","2021 Counts","Other religions and spiritual traditions","","0","units","0","","2.3.3.1.24","550","","","","0"
"2021","Newfoundland and Labrador","2021A000210","15 years and over","Women+","2021 Counts","No religion and secular perspectives","","0","units","0","","2.3.3.1.25","29195","","","","0"
"2021","Newfoundland and Labrador","2021A000210","15 years and over","Women+","% distribution (2021)","Total - Religion","","0","units","0","","2.3.3.2.1","0.6","","","","1"
"2021","Newfoundland and Labrador","2021A000210","15 years and over","Women+","% distribution (2021)","Buddhist","","0","units","0","","2.3.3.2.2","0.0","","","","1"
"2021","Newfoundland and Labrador","2021A000210","15 years and over","Women+","% distribution (2021)","Christian","","0","units","0","","2.3.3.2.3","0.5","","","","1"
"2021","Newfoundland and Labrador","2021A000210","15 years and over","Women+","% distribution (2021)","Hindu","","0","units","0","","2.3.3.2.19","0.0","","","","1"
"2021","Newfoundland and Labrador","2021A000210","15 years and over","Women+","% distribution (2021)","Jewish","","0","units","0","","2.3.3.2.20","0.0","","","","1"
"2021","Newfoundland and Labrador","2021A000210","15 years and over","Women+","% distribution (2021)","Muslim","","0","units","0","","2.3.3.2.21","0.0","","","","1"
"2021","Newfoundland and Labrador","2021A000210","15 years and over","Women+","% distribution (2021)","Sikh","","0","units","0","","2.3.3.2.22","0.0","","","","1"
"2021","Newfoundland and Labrador","2021A000210","15 years and over","Women+","% distribution (2021)","Traditional (North American Indigenous) spirituality","","0","units","0","","2.3.3.2.23","0.0","","","","1"
"2021","Newfoundland and Labrador","2021A000210","15 years and over","Women+","% distribution (2021)","Other religions and spiritual traditions","","0","units","0","","2.3.3.2.24","0.0","","","","1"
"2021","Newfoundland and Labrador","2021A000210","15 years and over","Women+","% distribution (2021)","No religion and secular perspectives","","0","units","0","","2.3.3.2.25","0.1","","","","1"
"2021","Newfoundland and Labrador","2021A000210","15 to 24 years","Total - Gender","2021 Counts","Total - Religion","","0","units","0","","2.4.1.1.1","51425","","","","0"
"2021","Newfoundland and Labrador","2021A000210","15 to 24 years","Total - Gender","2021 Counts","Buddhist","","0","units","0","","2.4.1.1.2","35","","","","0"
"2021","Newfoundland and Labrador","2021A000210","15 to 24 years","Total - Gender","2021 Counts","Christian","","0","units","0","","2.4.1.1.3","39525","","","","0"
"2021","Newfoundland and Labrador","2021A000210","15 to 24 years","Total - Gender","2021 Counts","Hindu","","0","units","0","","2.4.1.1.19","320","","","","0"
"2021","Newfoundland and Labrador","2021A000210","15 to 24 years","Total - Gender","2021 Counts","Jewish","","0","units","0","","2.4.1.1.20","25","","","","0"
"2021","Newfoundland and Labrador","2021A000210","15 to 24 years","Total - Gender","2021 Counts","Muslim","","0","units","0","","2.4.1.1.21","710","","","","0"
"2021","Newfoundland and Labrador","2021A000210","15 to 24 years","Total - Gender","2021 Counts","Sikh","","0","units","0","","2.4.1.1.22","500","","","","0"
"2021","Newfoundland and Labrador","2021A000210","15 to 24 years","Total - Gender","2021 Counts","Traditional (North American Indigenous) spirituality","","0","units","0","","2.4.1.1.23","10","","","","0"
"2021","Newfoundland and Labrador","2021A000210","15 to 24 years","Total - Gender","2021 Counts","Other religions and spiritual traditions","","0","units","0","","2.4.1.1.24","195","","","","0"
"2021","Newfoundland and Labrador","2021A000210","15 to 24 years","Total - Gender","2021 Counts","No religion and secular perspectives","","0","units","0","","2.4.1.1.25","10110","","","","0"
"2021","Newfoundland and Labrador","2021A000210","15 to 24 years","Total - Gender","% distribution (2021)","Total - Religion","","0","units","0","","2.4.1.2.1","0.1","","","","1"
"2021","Newfoundland and Labrador","2021A000210","15 to 24 years","Total - Gender","% distribution (2021)","Buddhist","","0","units","0","","2.4.1.2.2","0.0","","","","1"
"2021","Newfoundland and Labrador","2021A000210","15 to 24 years","Total - Gender","% distribution (2021)","Christian","","0","units","0","","2.4.1.2.3","0.1","","","","1"
"2021","Newfoundland and Labrador","2021A000210","15 to 24 years","Total - Gender","% distribution (2021)","Hindu","","0","units","0","","2.4.1.2.19","0.0","","","","1"
"2021","Newfoundland and Labrador","2021A000210","15 to 24 years","Total - Gender","% distribution (2021)","Jewish","","0","units","0","","2.4.1.2.20","0.0","","","","1"
"2021","Newfoundland and Labrador","2021A000210","15 to 24 years","Total - Gender","% distribution (2021)","Muslim","","0","units","0","","2.4.1.2.21","0.0","","","","1"
"2021","Newfoundland and Labrador","2021A000210","15 to 24 years","Total - Gender","% distribution (2021)","Sikh","","0","units","0","","2.4.1.2.22","0.0","","","","1"
"2021","Newfoundland and Labrador","2021A000210","15 to 24 years","Total - Gender","% distribution (2021)","Traditional (North American Indigenous) spirituality","","0","units","0","","2.4.1.2.23","0.0","","","","1"
"2021","Newfoundland and Labrador","2021A000210","15 to 24 years","Total - Gender","% distribution (2021)","Other religions and spiritual traditions","","0","units","0","","2.4.1.2.24","0.0","","","","1"
"2021","Newfoundland and Labrador","2021A000210","15 to 24 years","Total - Gender","% distribution (2021)","No religion and secular perspectives","","0","units","0","","2.4.1.2.25","0.0","","","","1"
"2021","Newfoundland and Labrador","2021A000210","15 to 24 years","Men+","2021 Counts","Total - Religion","","0","units","0","","2.4.2.1.1","26780","","","","0"
"2021","Newfoundland and Labrador","2021A000210","15 to 24 years","Men+","2021 Counts","Buddhist","","0","units","0","","2.4.2.1.2","25","","","","0"
"2021","Newfoundland and Labrador","2021A000210","15 to 24 years","Men+","2021 Counts","Christian","","0","units","0","","2.4.2.1.3","20540","","","","0"
"2021","Newfoundland and Labrador","2021A000210","15 to 24 years","Men+","2021 Counts","Hindu","","0","units","0","","2.4.2.1.19","225","","","","0"
"2021","Newfoundland and Labrador","2021A000210","15 to 24 years","Men+","2021 Counts","Jewish","","0","units","0","","2.4.2.1.20","10","","","","0"
"2021","Newfoundland and Labrador","2021A000210","15 to 24 years","Men+","2021 Counts","Muslim","","0","units","0","","2.4.2.1.21","460","","","","0"
"2021","Newfoundland and Labrador","2021A000210","15 to 24 years","Men+","2021 Counts","Sikh","","0","units","0","","2.4.2.1.22","315","","","","0"
"2021","Newfoundland and Labrador","2021A000210","15 to 24 years","Men+","2021 Counts","Other religions and spiritual traditions","","0","units","0","","2.4.2.1.24","65","","","","0"
"2021","Newfoundland and Labrador","2021A000210","15 to 24 years","Men+","2021 Counts","No religion and secular perspectives","","0","units","0","","2.4.2.1.25","5140","","","","0"
"2021","Newfoundland and Labrador","2021A000210","15 to 24 years","Men+","% distribution (2021)","Total - Religion","","0","units","0","","2.4.2.2.1","0.1","","","","1"
"2021","Newfoundland and Labrador","2021A000210","15 to 24 years","Men+","% distribution (2021)","Buddhist","","0","units","0","","2.4.2.2.2","0.0","","","","1"
"2021","Newfoundland and Labrador","2021A000210","15 to 24 years","Men+","% distribution (2021)","Christian","","0","units","0","","2.4.2.2.3","0.1","","","","1"
"2021","Newfoundland and Labrador","2021A000210","15 to 24 years","Men+","% distribution (2021)","Hindu","","0","units","0","","2.4.2.2.19","0.0","","","","1"
"2021","Newfoundland and Labrador","2021A000210","15 to 24 years","Men+","% distribution (2021)","Jewish","","0","units","0","","2.4.2.2.20","0.0","","","","1"
"2021","Newfoundland and Labrador","2021A000210","15 to 24 years","Men+","% distribution (2021)","Muslim","","0","units","0","","2.4.2.2.21","0.0","","","","1"
"2021","Newfoundland and Labrador","2021A000210","15 to 24 years","Men+","% distribution (2021)","Sikh","","0","units","0","","2.4.2.2.22","0.0","","","","1"
"2021","Newfoundland and Labrador","2021A000210","15 to 24 years","Men+","% distribution (2021)","Traditional (North American Indigenous) spirituality","","0","units","0","","2.4.2.2.23","0.0","","","","1"
"2021","Newfoundland and Labrador","2021A000210","15 to 24 years","Men+","% distribution (2021)","Other religions and spiritual traditions","","0","units","0","","2.4.2.2.24","0.0","","","","1"
"2021","Newfoundland and Labrador","2021A000210","15 to 24 years","Men+","% distribution (2021)","No religion and secular perspectives","","0","units","0","","2.4.2.2.25","0.0","","","","1"
"2021","Newfoundland and Labrador","2021A000210","15 to 24 years","Women+","2021 Counts","Total - Religion","","0","units","0","","2.4.3.1.1","24655","","","","0"
"2021","Newfoundland and Labrador","2021A000210","15 to 24 years","Women+","2021 Counts","Buddhist","","0","units","0","","2.4.3.1.2","10","","","","0"
"2021","Newfoundland and Labrador","2021A000210","15 to 24 years","Women+","2021 Counts","Christian","","0","units","0","","2.4.3.1.3","18980","","","","0"
"2021","Newfoundland and Labrador","2021A000210","15 to 24 years","Women+","2021 Counts","Hindu","","0","units","0","","2.4.3.1.19","95","","","","0"
"2021","Newfoundland and Labrador","2021A000210","15 to 24 years","Women+","2021 Counts","Jewish","","0","units","0","","2.4.3.1.20","15","","","","0"
"2021","Newfoundland and Labrador","2021A000210","15 to 24 years","Women+","2021 Counts","Muslim","","0","units","0","","2.4.3.1.21","250","","","","0"
"2021","Newfoundland and Labrador","2021A000210","15 to 24 years","Women+","2021 Counts","Sikh","","0","units","0","","2.4.3.1.22","185","","","","0"
"2021","Newfoundland and Labrador","2021A000210","15 to 24 years","Women+","2021 Counts","Traditional (North American Indigenous) spirituality","","0","units","0","","2.4.3.1.23","10","","","","0"
"2021","Newfoundland and Labrador","2021A000210","15 to 24 years","Women+","2021 Counts","Other religions and spiritual traditions","","0","units","0","","2.4.3.1.24","135","","","","0"
"2021","Newfoundland and Labrador","2021A000210","15 to 24 years","Women+","2021 Counts","No religion and secular perspectives","","0","units","0","","2.4.3.1.25","4970","","","","0"
"2021","Newfoundland and Labrador","2021A000210","15 to 24 years","Women+","% distribution (2021)","Total - Religion","","0","units","0","","2.4.3.2.1","0.1","","","","1"
"2021","Newfoundland and Labrador","2021A000210","15 to 24 years","Women+","% distribution (2021)","Buddhist","","0","units","0","","2.4.3.2.2","0.0","","","","1"
"2021","Newfoundland and Labrador","2021A000210","15 to 24 years","Women+","% distribution (2021)","Christian","","0","units","0","","2.4.3.2.3","0.1","","","","1"
"2021","Newfoundland and Labrador","2021A000210","15 to 24 years","Women+","% distribution (2021)","Hindu","","0","units","0","","2.4.3.2.19","0.0","","","","1"
"2021","Newfoundland and Labrador","2021A000210","15 to 24 years","Women+","% distribution (2021)","Jewish","","0","units","0","","2.4.3.2.20","0.0","","","","1"
"2021","Newfoundland and Labrador","2021A000210","15 to 24 years","Women+","% distribution (2021)","Muslim","","0","units","0","","2.4.3.2.21","0.0","","","","1"
"2021","Newfoundland and Labrador","2021A000210","15 to 24 years","Women+","% distribution (2021)","Sikh","","0","units","0","","2.4.3.2.22","0.0","","","","1"
"2021","Newfoundland and Labrador","2021A000210","15 to 24 years","Women+","% distribution (2021)","Traditional (North American Indigenous) spirituality","","0","units","0","","2.4.3.2.23","0.0","","","","1"
"2021","Newfoundland and Labrador","2021A000210","15 to 24 years","Women+","% distribution (2021)","Other religions and spiritual traditions","","0","units","0","","2.4.3.2.24","0.0","","","","1"
"2021","Newfoundland and Labrador","2021A000210","15 to 24 years","Women+","% distribution (2021)","No religion and secular perspectives","","0","units","0","","2.4.3.2.25","0.0","","","","1"
"2021","Newfoundland and Labrador","2021A000210","25 to 64 years","Total - Gender","2021 Counts","Total - Religion","","0","units","0","","2.7.1.1.1","267785","","","","0"
"2021","Newfoundland and Labrador","2021A000210","25 to 64 years","Total - Gender","2021 Counts","Buddhist","","0","units","0","","2.7.1.1.2","370","","","","0"
"2021","Newfoundland and Labrador","2021A000210","25 to 64 years","Total - Gender","2021 Counts","Christian","","0","units","0","","2.7.1.1.3","217320","","","","0"
"2021","Newfoundland and Labrador","2021A000210","25 to 64 years","Total - Gender","2021 Counts","Hindu","","0","units","0","","2.7.1.1.19","650","","","","0"
"2021","Newfoundland and Labrador","2021A000210","25 to 64 years","Total - Gender","2021 Counts","Jewish","","0","units","0","","2.7.1.1.20","125","","","","0"
"2021","Newfoundland and Labrador","2021A000210","25 to 64 years","Total - Gender","2021 Counts","Muslim","","0","units","0","","2.7.1.1.21","1905","","","","0"
"2021","Newfoundland and Labrador","2021A000210","25 to 64 years","Total - Gender","2021 Counts","Sikh","","0","units","0","","2.7.1.1.22","290","","","","0"
"2021","Newfoundland and Labrador","2021A000210","25 to 64 years","Total - Gender","2021 Counts","Traditional (North American Indigenous) spirituality","","0","units","0","","2.7.1.1.23","65","","","","0"
"2021","Newfoundland and Labrador","2021A000210","25 to 64 years","Total - Gender","2021 Counts","Other religions and spiritual traditions","","0","units","0","","2.7.1.1.24","630","","","","0"
"2021","Newfoundland and Labrador","2021A000210","25 to 64 years","Total - Gender","2021 Counts","No religion and secular perspectives","","0","units","0","","2.7.1.1.25","46425","","","","0"
"2021","Newfoundland and Labrador","2021A000210","25 to 64 years","Total - Gender","% distribution (2021)","Total - Religion","","0","units","0","","2.7.1.2.1","0.7","","","","1"
"2021","Newfoundland and Labrador","2021A000210","25 to 64 years","Total - Gender","% distribution (2021)","Buddhist","","0","units","0","","2.7.1.2.2","0.0","","","","1"
"2021","Newfoundland and Labrador","2021A000210","25 to 64 years","Total - Gender","% distribution (2021)","Christian","","0","units","0","","2.7.1.2.3","0.6","","","","1"
"2021","Newfoundland and Labrador","2021A000210","25 to 64 years","Total - Gender","% distribution (2021)","Hindu","","0","units","0","","2.7.1.2.19","0.0","","","","1"
"2021","Newfoundland and Labrador","2021A000210","25 to 64 years","Total - Gender","% distribution (2021)","Jewish","","0","units","0","","2.7.1.2.20","0.0","","","","1"
"2021","Newfoundland and Labrador","2021A000210","25 to 64 years","Total - Gender","% distribution (2021)","Muslim","","0","units","0","","2.7.1.2.21","0.0","","","","1"
"2021","Newfoundland and Labrador","2021A000210","25 to 64 years","Total - Gender","% distribution (2021)","Sikh","","0","units","0","","2.7.1.2.22","0.0","","","","1"
"2021","Newfoundland and Labrador","2021A000210","25 to 64 years","Total - Gender","% distribution (2021)","Traditional (North American Indigenous) spirituality","","0","units","0","","2.7.1.2.23","0.0","","","","1"
"2021","Newfoundland and Labrador","2021A000210","25 to 64 years","Total - Gender","% distribution (2021)","Other religions and spiritual traditions","","0","units","0","","2.7.1.2.24","0.0","","","","1"
"2021","Newfoundland and Labrador","2021A000210","25 to 64 years","Total - Gender","% distribution (2021)","No religion and secular perspectives","","0","units","0","","2.7.1.2.25","0.1","","","","1"
"2021","Newfoundland and Labrador","2021A000210","25 to 64 years","Men+","2021 Counts","Total - Religion","","0","units","0","","2.7.2.1.1","129445","","","","0"
"2021","Newfoundland and Labrador","2021A000210","25 to 64 years","Men+","2021 Counts","Buddhist","","0","units","0","","2.7.2.1.2","175","","","","0"
"2021","Newfoundland and Labrador","2021A000210","25 to 64 years","Men+","2021 Counts","Christian","","0","units","0","","2.7.2.1.3","102510","","","","0"
"2021","Newfoundland and Labrador","2021A000210","25 to 64 years","Men+","2021 Counts","Hindu","","0","units","0","","2.7.2.1.19","390","","","","0"
"2021","Newfoundland and Labrador","2021A000210","25 to 64 years","Men+","2021 Counts","Jewish","","0","units","0","","2.7.2.1.20","50","","","","0"
"2021","Newfoundland and Labrador","2021A000210","25 to 64 years","Men+","2021 Counts","Muslim","","0","units","0","","2.7.2.1.21","975","","","","0"
"2021","Newfoundland and Labrador","2021A000210","25 to 64 years","Men+","2021 Counts","Sikh","","0","units","0","","2.7.2.1.22","140","","","","0"
"2021","Newfoundland and Labrador","2021A000210","25 to 64 years","Men+","2021 Counts","Traditional (North American Indigenous) spirituality","","0","units","0","","2.7.2.1.23","40","","","","0"
"2021","Newfoundland and Labrador","2021A000210","25 to 64 years","Men+","2021 Counts","Other religions and spiritual traditions","","0","units","0","","2.7.2.1.24","245","","","","0"
"2021","Newfoundland and Labrador","2021A000210","25 to 64 years","Men+","2021 Counts","No religion and secular perspectives","","0","units","0","","2.7.2.1.25","24915","","","","0"
"2021","Newfoundland and Labrador","2021A000210","25 to 64 years","Men+","% distribution (2021)","Total - Religion","","0","units","0","","2.7.2.2.1","0.4","","","","1"
"2021","Newfoundland and Labrador","2021A000210","25 to 64 years","Men+","% distribution (2021)","Buddhist","","0","units","0","","2.7.2.2.2","0.0","","","","1"
"2021","Newfoundland and Labrador","2021A000210","25 to 64 years","Men+","% distribution (2021)","Christian","","0","units","0","","2.7.2.2.3","0.3","","","","1"
"2021","Newfoundland and Labrador","2021A000210","25 to 64 years","Men+","% distribution (2021)","Hindu","","0","units","0","","2.7.2.2.19","0.0","","","","1"
"2021","Newfoundland and Labrador","2021A000210","25 to 64 years","Men+","% distribution (2021)","Jewish","","0","units","0","","2.7.2.2.20","0.0","","","","1"
"2021","Newfoundland and Labrador","2021A000210","25 to 64 years","Men+","% distribution (2021)","Muslim","","0","units","0","","2.7.2.2.21","0.0","","","","1"
"2021","Newfoundland and Labrador","2021A000210","25 to 64 years","Men+","% distribution (2021)","Sikh","","0","units","0","","2.7.2.2.22","0.0","","","","1"
"2021","Newfoundland and Labrador","2021A000210","25 to 64 years","Men+","% distribution (2021)","Traditional (North American Indigenous) spirituality","","0","units","0","","2.7.2.2.23","0.0","","","","1"
"2021","Newfoundland and Labrador","2021A000210","25 to 64 years","Men+","% distribution (2021)","Other religions and spiritual traditions","","0","units","0","","2.7.2.2.24","0.0","","","","1"
"2021","Newfoundland and Labrador","2021A000210","25 to 64 years","Men+","% distribution (2021)","No religion and secular perspectives","","0","units","0","","2.7.2.2.25","0.1","","","","1"
"2021","Newfoundland and Labrador","2021A000210","25 to 64 years","Women+","2021 Counts","Total - Religion","","0","units","0","","2.7.3.1.1","138340","","","","0"
"2021","Newfoundland and Labrador","2021A000210","25 to 64 years","Women+","2021 Counts","Buddhist","","0","units","0","","2.7.3.1.2","195","","","","0"
"2021","Newfoundland and Labrador","2021A000210","25 to 64 years","Women+","2021 Counts","Christian","","0","units","0","","2.7.3.1.3","114810","","","","0"
"2021","Newfoundland and Labrador","2021A000210","25 to 64 years","Women+","2021 Counts","Hindu","","0","units","0","","2.7.3.1.19","260","","","","0"
"2021","Newfoundland and Labrador","2021A000210","25 to 64 years","Women+","2021 Counts","Jewish","","0","units","0","","2.7.3.1.20","75","","","","0"
"2021","Newfoundland and Labrador","2021A000210","25 to 64 years","Women+","2021 Counts","Muslim","","0","units","0","","2.7.3.1.21","935","","","","0"
"2021","Newfoundland and Labrador","2021A000210","25 to 64 years","Women+","2021 Counts","Sikh","","0","units","0","","2.7.3.1.22","150","","","","0"
"2021","Newfoundland and Labrador","2021A000210","25 to 64 years","Women+","2021 Counts","Traditional (North American Indigenous) spirituality","","0","units","0","","2.7.3.1.23","25","","","","0"
"2021","Newfoundland and Labrador","2021A000210","25 to 64 years","Women+","2021 Counts","Other religions and spiritual traditions","","0","units","0","","2.7.3.1.24","385","","","","0"
"2021","Newfoundland and Labrador","2021A000210","25 to 64 years","Women+","2021 Counts","No religion and secular perspectives","","0","units","0","","2.7.3.1.25","21510","","","","0"
"2021","Newfoundland and Labrador","2021A000210","25 to 64 years","Women+","% distribution (2021)","Total - Religion","","0","units","0","","2.7.3.2.1","0.4","","","","1"
"2021","Newfoundland and Labrador","2021A000210","25 to 64 years","Women+","% distribution (2021)","Buddhist","","0","units","0","","2.7.3.2.2","0.0","","","","1"
"2021","Newfoundland and Labrador","2021A000210","25 to 64 years","Women+","% distribution (2021)","Christian","","0","units","0","","2.7.3.2.3","0.3","","","","1"
"2021","Newfoundland and Labrador","2021A000210","25 to 64 years","Women+","% distribution (2021)","Hindu","","0","units","0","","2.7.3.2.19","0.0","","","","1"
"2021","Newfoundland and Labrador","2021A000210","25 to 64 years","Women+","% distribution (2021)","Jewish","","0","units","0","","2.7.3.2.20","0.0","","","","1"
"2021","Newfoundland and Labrador","2021A000210","25 to 64 years","Women+","% distribution (2021)","Muslim","","0","units","0","","2.7.3.2.21","0.0","","","","1"
"2021","Newfoundland and Labrador","2021A000210","25 to 64 years","Women+","% distribution (2021)","Sikh","","0","units","0","","2.7.3.2.22","0.0","","","","1"
"2021","Newfoundland and Labrador","2021A000210","25 to 64 years","Women+","% distribution (2021)","Traditional (North American Indigenous) spirituality","","0","units","0","","2.7.3.2.23","0.0","","","","1"
"2021","Newfoundland and Labrador","2021A000210","25 to 64 years","Women+","% distribution (2021)","Other religions and spiritual traditions","","0","units","0","","2.7.3.2.24","0.0","","","","1"
"2021","Newfoundland and Labrador","2021A000210","25 to 64 years","Women+","% distribution (2021)","No religion and secular perspectives","","0","units","0","","2.7.3.2.25","0.1","","","","1"
"2021","Newfoundland and Labrador","2021A000210","65 years and over","Total - Gender","2021 Counts","Total - Religion","","0","units","0","","2.13.1.1.1","114740","","","","0"
"2021","Newfoundland and Labrador","2021A000210","65 years and over","Total - Gender","2021 Counts","Buddhist","","0","units","0","","2.13.1.1.2","55","","","","0"
"2021","Newfoundland and Labrador","2021A000210","65 years and over","Total - Gender","2021 Counts","Christian","","0","units","0","","2.13.1.1.3","107715","","","","0"
"2021","Newfoundland and Labrador","2021A000210","65 years and over","Total - Gender","2021 Counts","Hindu","","0","units","0","","2.13.1.1.19","85","","","","0"
"2021","Newfoundland and Labrador","2021A000210","65 years and over","Total - Gender","2021 Counts","Jewish","","0","units","0","","2.13.1.1.20","60","","","","0"
"2021","Newfoundland and Labrador","2021A000210","65 years and over","Total - Gender","2021 Counts","Muslim","","0","units","0","","2.13.1.1.21","60","","","","0"
"2021","Newfoundland and Labrador","2021A000210","65 years and over","Total - Gender","2021 Counts","Sikh","","0","units","0","","2.13.1.1.22","15","","","","0"
"2021","Newfoundland and Labrador","2021A000210","65 years and over","Total - Gender","2021 Counts","Traditional (North American Indigenous) spirituality","","0","units","0","","2.13.1.1.23","10","","","","0"
"2021","Newfoundland and Labrador","2021A000210","65 years and over","Total - Gender","2021 Counts","Other religions and spiritual traditions","","0","units","0","","2.13.1.1.24","75","","","","0"
"2021","Newfoundland and Labrador","2021A000210","65 years and over","Total - Gender","2021 Counts","No religion and secular perspectives","","0","units","0","","2.13.1.1.25","6670","","","","0"
"2021","Newfoundland and Labrador","2021A000210","65 years and over","Total - Gender","% distribution (2021)","Total - Religion","","0","units","0","","2.13.1.2.1","0.3","","","","1"
"2021","Newfoundland and Labrador","2021A000210","65 years and over","Total - Gender","% distribution (2021)","Buddhist","","0","units","0","","2.13.1.2.2","0.0","","","","1"
"2021","Newfoundland and Labrador","2021A000210","65 years and over","Total - Gender","% distribution (2021)","Christian","","0","units","0","","2.13.1.2.3","0.3","","","","1"
"2021","Newfoundland and Labrador","2021A000210","65 years and over","Total - Gender","% distribution (2021)","Hindu","","0","units","0","","2.13.1.2.19","0.0","","","","1"
"2021","Newfoundland and Labrador","2021A000210","65 years and over","Total - Gender","% distribution (2021)","Jewish","","0","units","0","","2.13.1.2.20","0.0","","","","1"
"2021","Newfoundland and Labrador","2021A000210","65 years and over","Total - Gender","% distribution (2021)","Muslim","","0","units","0","","2.13.1.2.21","0.0","","","","1"
"2021","Newfoundland and Labrador","2021A000210","65 years and over","Total - Gender","% distribution (2021)","Sikh","","0","units","0","","2.13.1.2.22","0.0","","","","1"
"2021","Newfoundland and Labrador","2021A000210","65 years and over","Total - Gender","% distribution (2021)","Traditional (North American Indigenous) spirituality","","0","units","0","","2.13.1.2.23","0.0","","","","1"
"2021","Newfoundland and Labrador","2021A000210","65 years and over","Total - Gender","% distribution (2021)","Other religions and spiritual traditions","","0","units","0","","2.13.1.2.24","0.0","","","","1"
"2021","Newfoundland and Labrador","2021A000210","65 years and over","Total - Gender","% distribution (2021)","No religion and secular perspectives","","0","units","0","","2.13.1.2.25","0.0","","","","1"
"2021","Newfoundland and Labrador","2021A000210","65 years and over","Men+","2021 Counts","Total - Religion","","0","units","0","","2.13.2.1.1","54960","","","","0"
"2021","Newfoundland and Labrador","2021A000210","65 years and over","Men+","2021 Counts","Buddhist","","0","units","0","","2.13.2.1.2","25","","","","0"
"2021","Newfoundland and Labrador","2021A000210","65 years and over","Men+","2021 Counts","Christian","","0","units","0","","2.13.2.1.3","50815","","","","0"
"2021","Newfoundland and Labrador","2021A000210","65 years and over","Men+","2021 Counts","Hindu","","0","units","0","","2.13.2.1.19","45","","","","0"
"2021","Newfoundland and Labrador","2021A000210","65 years and over","Men+","2021 Counts","Jewish","","0","units","0","","2.13.2.1.20","40","","","","0"
"2021","Newfoundland and Labrador","2021A000210","65 years and over","Men+","2021 Counts","Muslim","","0","units","0","","2.13.2.1.21","25","","","","0"
"2021","Newfoundland and Labrador","2021A000210","65 years and over","Men+","2021 Counts","Sikh","","0","units","0","","2.13.2.1.22","10","","","","0"
"2021","Newfoundland and Labrador","2021A000210","65 years and over","Men+","2021 Counts","Other religions and spiritual traditions","","0","units","0","","2.13.2.1.24","40","","","","0"
"2021","Newfoundland and Labrador","2021A000210","65 years and over","Men+","2021 Counts","No religion and secular perspectives","","0","units","0","","2.13.2.1.25","3960","","","","0"
"2021","Newfoundland and Labrador","2021A000210","65 years and over","Men+","% distribution (2021)","Total - Religion","","0","units","0","","2.13.2.2.1","0.2","","","","1"
"2021","Newfoundland and Labrador","2021A000210","65 years and over","Men+","% distribution (2021)","Buddhist","","0","units","0","","2.13.2.2.2","0.0","","","","1"
"2021","Newfoundland and Labrador","2021A000210","65 years and over","Men+","% distribution (2021)","Christian","","0","units","0","","2.13.2.2.3","0.1","","","","1"
"2021","Newfoundland and Labrador","2021A000210","65 years and over","Men+","% distribution (2021)","Hindu","","0","units","0","","2.13.2.2.19","0.0","","","","1"
"2021","Newfoundland and Labrador","2021A000210","65 years and over","Men+","% distribution (2021)","Jewish","","0","units","0","","2.13.2.2.20","0.0","","","","1"
"2021","Newfoundland and Labrador","2021A000210","65 years and over","Men+","% distribution (2021)","Muslim","","0","units","0","","2.13.2.2.21","0.0","","","","1"
"2021","Newfoundland and Labrador","2021A000210","65 years and over","Men+","% distribution (2021)","Sikh","","0","units","0","","2.13.2.2.22","0.0","","","","1"
"2021","Newfoundland and Labrador","2021A000210","65 years and over","Men+","% distribution (2021)","Traditional (North American Indigenous) spirituality","","0","units","0","","2.13.2.2.23","0.0","","","","1"
"2021","Newfoundland and Labrador","2021A000210","65 years and over","Men+","% distribution (2021)","Other religions and spiritual traditions","","0","units","0","","2.13.2.2.24","0.0","","","","1"
"2021","Newfoundland and Labrador","2021A000210","65 years and over","Men+","% distribution (2021)","No religion and secular perspectives","","0","units","0","","2.13.2.2.25","0.0","","","","1"
"2021","Newfoundland and Labrador","2021A000210","65 years and over","Women+","2021 Counts","Total - Religion","","0","units","0","","2.13.3.1.1","59785","","","","0"
"2021","Newfoundland and Labrador","2021A000210","65 years and over","Women+","2021 Counts","Buddhist","","0","units","0","","2.13.3.1.2","30","","","","0"
"2021","Newfoundland and Labrador","2021A000210","65 years and over","Women+","2021 Counts","Christian","","0","units","0","","2.13.3.1.3","56905","","","","0"
"2021","Newfoundland and Labrador","2021A000210","65 years and over","Women+","2021 Counts","Hindu","","0","units","0","","2.13.3.1.19","40","","","","0"
"2021","Newfoundland and Labrador","2021A000210","65 years and over","Women+","2021 Counts","Jewish","","0","units","0","","2.13.3.1.20","20","","","","0"
"2021","Newfoundland and Labrador","2021A000210","65 years and over","Women+","2021 Counts","Muslim","","0","units","0","","2.13.3.1.21","35","","","","0"
"2021","Newfoundland and Labrador","2021A000210","65 years and over","Women+","2021 Counts","Sikh","","0","units","0","","2.13.3.1.22","10","","","","0"
"2021","Newfoundland and Labrador","2021A000210","65 years and over","Women+","2021 Counts","Other religions and spiritual traditions","","0","units","0","","2.13.3.1.24","35","","","","0"
"2021","Newfoundland and Labrador","2021A000210","65 years and over","Women+","2021 Counts","No religion and secular perspectives","","0","units","0","","2.13.3.1.25","2710","","","","0"
"2021","Newfoundland and Labrador","2021A000210","65 years and over","Women+","% distribution (2021)","Total - Religion","","0","units","0","","2.13.3.2.1","0.2","","","","1"
"2021","Newfoundland and Labrador","2021A000210","65 years and over","Women+","% distribution (2021)","Buddhist","","0","units","0","","2.13.3.2.2","0.0","","","","1"
"2021","Newfoundland and Labrador","2021A000210","65 years and over","Women+","% distribution (2021)","Christian","","0","units","0","","2.13.3.2.3","0.2","","","","1"
"2021","Newfoundland and Labrador","2021A000210","65 years and over","Women+","% distribution (2021)","Hindu","","0","units","0","","2.13.3.2.19","0.0","","","","1"
"2021","Newfoundland and Labrador","2021A000210","65 years and over","Women+","% distribution (2021)","Jewish","","0","units","0","","2.13.3.2.20","0.0","","","","1"
"2021","Newfoundland and Labrador","2021A000210","65 years and over","Women+","% distribution (2021)","Muslim","","0","units","0","","2.13.3.2.21","0.0","","","","1"
"2021","Newfoundland and Labrador","2021A000210","65 years and over","Women+","% distribution (2021)","Sikh","","0","units","0","","2.13.3.2.22","0.0","","","","1"
"2021","Newfoundland and Labrador","2021A000210","65 years and over","Women+","% distribution (2021)","Traditional (North American Indigenous) spirituality","","0","units","0","","2.13.3.2.23","0.0","","","","1"
"2021","Newfoundland and Labrador","2021A000210","65 years and over","Women+","% distribution (2021)","Other religions and spiritual traditions","","0","units","0","","2.13.3.2.24","0.0","","","","1"
"2021","Newfoundland and Labrador","2021A000210","65 years and over","Women+","% distribution (2021)","No religion and secular perspectives","","0","units","0","","2.13.3.2.25","0.0","","","","1"
"2021","Prince Edward Island","2021A000211","Total - Age","Total - Gender","2021 Counts","Total - Religion","","0","units","0","","7.1.1.1.1","150485","","","","0"
"2021","Prince Edward Island","2021A000211","Total - Age","Total - Gender","2021 Counts","Buddhist","","0","units","0","","7.1.1.1.2","755","","","","0"
"2021","Prince Edward Island","2021A000211","Total - Age","Total - Gender","2021 Counts","Christian","","0","units","0","","7.1.1.1.3","101755","","","","0"
"2021","Prince Edward Island","2021A000211","Total - Age","Total - Gender","2021 Counts","Hindu","","0","units","0","","7.1.1.1.19","1245","","","","0"
"2021","Prince Edward Island","2021A000211","Total - Age","Total - Gender","2021 Counts","Jewish","","0","units","0","","7.1.1.1.20","165","","","","0"
"2021","Prince Edward Island","2021A000211","Total - Age","Total - Gender","2021 Counts","Muslim","","0","units","0","","7.1.1.1.21","1720","","","","0"
"2021","Prince Edward Island","2021A000211","Total - Age","Total - Gender","2021 Counts","Sikh","","0","units","0","","7.1.1.1.22","1165","","","","0"
"2021","Prince Edward Island","2021A000211","Total - Age","Total - Gender","2021 Counts","Traditional (North American Indigenous) spirituality","","0","units","0","","7.1.1.1.23","75","","","","0"
"2021","Prince Edward Island","2021A000211","Total - Age","Total - Gender","2021 Counts","Other religions and spiritual traditions","","0","units","0","","7.1.1.1.24","765","","","","0"
"2021","Prince Edward Island","2021A000211","Total - Age","Total - Gender","2021 Counts","No religion and secular perspectives","","0","units","0","","7.1.1.1.25","42830","","","","0"
"2021","Prince Edward Island","2021A000211","Total - Age","Total - Gender","% distribution (2021)","Total - Religion","","0","units","0","","7.1.1.2.1","0.4","","","","1"
"2021","Prince Edward Island","2021A000211","Total - Age","Total - Gender","% distribution (2021)","Buddhist","","0","units","0","","7.1.1.2.2","0.0","","","","1"
"2021","Prince Edward Island","2021A000211","Total - Age","Total - Gender","% distribution (2021)","Christian","","0","units","0","","7.1.1.2.3","0.3","","","","1"
"2021","Prince Edward Island","2021A000211","Total - Age","Total - Gender","% distribution (2021)","Hindu","","0","units","0","","7.1.1.2.19","0.0","","","","1"
"2021","Prince Edward Island","2021A000211","Total - Age","Total - Gender","% distribution (2021)","Jewish","","0","units","0","","7.1.1.2.20","0.0","","","","1"
"2021","Prince Edward Island","2021A000211","Total - Age","Total - Gender","% distribution (2021)","Muslim","","0","units","0","","7.1.1.2.21","0.0","","","","1"
"2021","Prince Edward Island","2021A000211","Total - Age","Total - Gender","% distribution (2021)","Sikh","","0","units","0","","7.1.1.2.22","0.0","","","","1"
"2021","Prince Edward Island","2021A000211","Total - Age","Total - Gender","% distribution (2021)","Traditional (North American Indigenous) spirituality","","0","units","0","","7.1.1.2.23","0.0","","","","1"
"2021","Prince Edward Island","2021A000211","Total - Age","Total - Gender","% distribution (2021)","Other religions and spiritual traditions","","0","units","0","","7.1.1.2.24","0.0","","","","1"
"2021","Prince Edward Island","2021A000211","Total - Age","Total - Gender","% distribution (2021)","No religion and secular perspectives","","0","units","0","","7.1.1.2.25","0.1","","","","1"
"2021","Prince Edward Island","2021A000211","Total - Age","Men+","2021 Counts","Total - Religion","","0","units","0","","7.1.2.1.1","73545","","","","0"
"2021","Prince Edward Island","2021A000211","Total - Age","Men+","2021 Counts","Buddhist","","0","units","0","","7.1.2.1.2","320","","","","0"
"2021","Prince Edward Island","2021A000211","Total - Age","Men+","2021 Counts","Christian","","0","units","0","","7.1.2.1.3","47920","","","","0"
"2021","Prince Edward Island","2021A000211","Total - Age","Men+","2021 Counts","Hindu","","0","units","0","","7.1.2.1.19","835","","","","0"
"2021","Prince Edward Island","2021A000211","Total - Age","Men+","2021 Counts","Jewish","","0","units","0","","7.1.2.1.20","85","","","","0"
"2021","Prince Edward Island","2021A000211","Total - Age","Men+","2021 Counts","Muslim","","0","units","0","","7.1.2.1.21","985","","","","0"
"2021","Prince Edward Island","2021A000211","Total - Age","Men+","2021 Counts","Sikh","","0","units","0","","7.1.2.1.22","685","","","","0"
"2021","Prince Edward Island","2021A000211","Total - Age","Men+","2021 Counts","Traditional (North American Indigenous) spirituality","","0","units","0","","7.1.2.1.23","30","","","","0"
"2021","Prince Edward Island","2021A000211","Total - Age","Men+","2021 Counts","Other religions and spiritual traditions","","0","units","0","","7.1.2.1.24","295","","","","0"
"2021","Prince Edward Island","2021A000211","Total - Age","Men+","2021 Counts","No religion and secular perspectives","","0","units","0","","7.1.2.1.25","22390","","","","0"
"2021","Prince Edward Island","2021A000211","Total - Age","Men+","% distribution (2021)","Total - Religion","","0","units","0","","7.1.2.2.1","0.2","","","","1"
"2021","Prince Edward Island","2021A000211","Total - Age","Men+","% distribution (2021)","Buddhist","","0","units","0","","7.1.2.2.2","0.0","","","","1"
"2021","Prince Edward Island","2021A000211","Total - Age","Men+","% distribution (2021)","Christian","","0","units","0","","7.1.2.2.3","0.1","","","","1"
"2021","Prince Edward Island","2021A000211","Total - Age","Men+","% distribution (2021)","Hindu","","0","units","0","","7.1.2.2.19","0.0","","","","1"
"2021","Prince Edward Island","2021A000211","Total - Age","Men+","% distribution (2021)","Jewish","","0","units","0","","7.1.2.2.20","0.0","","","","1"
"2021","Prince Edward Island","2021A000211","Total - Age","Men+","% distribution (2021)","Muslim","","0","units","0","","7.1.2.2.21","0.0","","","","1"
"2021","Prince Edward Island","2021A000211","Total - Age","Men+","% distribution (2021)","Sikh","","0","units","0","","7.1.2.2.22","0.0","","","","1"
"2021","Prince Edward Island","2021A000211","Total - Age","Men+","% distribution (2021)","Traditional (North American Indigenous) spirituality","","0","units","0","","7.1.2.2.23","0.0","","","","1"
"2021","Prince Edward Island","2021A000211","Total - Age","Men+","% distribution (2021)","Other religions and spiritual traditions","","0","units","0","","7.1.2.2.24","0.0","","","","1"
"2021","Prince Edward Island","2021A000211","Total - Age","Men+","% distribution (2021)","No religion and secular perspectives","","0","units","0","","7.1.2.2.25","0.1","","","","1"
"2021","Prince Edward Island","2021A000211","Total - Age","Women+","2021 Counts","Total - Religion","","0","units","0","","7.1.3.1.1","76940","","","","0"
"2021","Prince Edward Island","2021A000211","Total - Age","Women+","2021 Counts","Buddhist","","0","units","0","","7.1.3.1.2","435","","","","0"
"2021","Prince Edward Island","2021A000211","Total - Age","Women+","2021 Counts","Christian","","0","units","0","","7.1.3.1.3","53835","","","","0"
"2021","Prince Edward Island","2021A000211","Total - Age","Women+","2021 Counts","Hindu","","0","units","0","","7.1.3.1.19","410","","","","0"
"2021","Prince Edward Island","2021A000211","Total - Age","Women+","2021 Counts","Jewish","","0","units","0","","7.1.3.1.20","85","","","","0"
"2021","Prince Edward Island","2021A000211","Total - Age","Women+","2021 Counts","Muslim","","0","units","0","","7.1.3.1.21","735","","","","0"
"2021","Prince Edward Island","2021A000211","Total - Age","Women+","2021 Counts","Sikh","","0","units","0","","7.1.3.1.22","480","","","","0"
"2021","Prince Edward Island","2021A000211","Total - Age","Women+","2021 Counts","Traditional (North American Indigenous) spirituality","","0","units","0","","7.1.3.1.23","45","","","","0"
"2021","Prince Edward Island","2021A000211","Total - Age","Women+","2021 Counts","Other religions and spiritual traditions","","0","units","0","","7.1.3.1.24","470","","","","0"
"2021","Prince Edward Island","2021A000211","Total - Age","Women+","2021 Counts","No religion and secular perspectives","","0","units","0","","7.1.3.1.25","20440","","","","0"
"2021","Prince Edward Island","2021A000211","Total - Age","Women+","% distribution (2021)","Total - Religion","","0","units","0","","7.1.3.2.1","0.2","","","","1"
"2021","Prince Edward Island","2021A000211","Total - Age","Women+","% distribution (2021)","Buddhist","","0","units","0","","7.1.3.2.2","0.0","","","","1"
"2021","Prince Edward Island","2021A000211","Total - Age","Women+","% distribution (2021)","Christian","","0","units","0","","7.1.3.2.3","0.1","","","","1"
"2021","Prince Edward Island","2021A000211","Total - Age","Women+","% distribution (2021)","Hindu","","0","units","0","","7.1.3.2.19","0.0","","","","1"
"2021","Prince Edward Island","2021A000211","Total - Age","Women+","% distribution (2021)","Jewish","","0","units","0","","7.1.3.2.20","0.0","","","","1"
"2021","Prince Edward Island","2021A000211","Total - Age","Women+","% distribution (2021)","Muslim","","0","units","0","","7.1.3.2.21","0.0","","","","1"
"2021","Prince Edward Island","2021A000211","Total - Age","Women+","% distribution (2021)","Sikh","","0","units","0","","7.1.3.2.22","0.0","","","","1"
"2021","Prince Edward Island","2021A000211","Total - Age","Women+","% distribution (2021)","Traditional (North American Indigenous) spirituality","","0","units","0","","7.1.3.2.23","0.0","","","","1"
"2021","Prince Edward Island","2021A000211","Total - Age","Women+","% distribution (2021)","Other religions and spiritual traditions","","0","units","0","","7.1.3.2.24","0.0","","","","1"
"2021","Prince Edward Island","2021A000211","Total - Age","Women+","% distribution (2021)","No religion and secular perspectives","","0","units","0","","7.1.3.2.25","0.1","","","","1"
"2021","Prince Edward Island","2021A000211","0 to 14 years","Total - Gender","2021 Counts","Total - Religion","","0","units","0","","7.2.1.1.1","23580","","","","0"
"2021","Prince Edward Island","2021A000211","0 to 14 years","Total - Gender","2021 Counts","Buddhist","","0","units","0","","7.2.1.1.2","70","","","","0"
"2021","Prince Edward Island","2021A000211","0 to 14 years","Total - Gender","2021 Counts","Christian","","0","units","0","","7.2.1.1.3","12985","","","","0"
"2021","Prince Edward Island","2021A000211","0 to 14 years","Total - Gender","2021 Counts","Hindu","","0","units","0","","7.2.1.1.19","115","","","","0"
"2021","Prince Edward Island","2021A000211","0 to 14 years","Total - Gender","2021 Counts","Muslim","","0","units","0","","7.2.1.1.21","485","","","","0"
"2021","Prince Edward Island","2021A000211","0 to 14 years","Total - Gender","2021 Counts","Sikh","","0","units","0","","7.2.1.1.22","45","","","","0"
"2021","Prince Edward Island","2021A000211","0 to 14 years","Total - Gender","2021 Counts","Traditional (North American Indigenous) spirituality","","0","units","0","","7.2.1.1.23","15","","","","0"
"2021","Prince Edward Island","2021A000211","0 to 14 years","Total - Gender","2021 Counts","Other religions and spiritual traditions","","0","units","0","","7.2.1.1.24","95","","","","0"
"2021","Prince Edward Island","2021A000211","0 to 14 years","Total - Gender","2021 Counts","No religion and secular perspectives","","0","units","0","","7.2.1.1.25","9770","","","","0"
"2021","Prince Edward Island","2021A000211","0 to 14 years","Total - Gender","% distribution (2021)","Total - Religion","","0","units","0","","7.2.1.2.1","0.1","","","","1"
"2021","Prince Edward Island","2021A000211","0 to 14 years","Total - Gender","% distribution (2021)","Buddhist","","0","units","0","","7.2.1.2.2","0.0","","","","1"
"2021","Prince Edward Island","2021A000211","0 to 14 years","Total - Gender","% distribution (2021)","Christian","","0","units","0","","7.2.1.2.3","0.0","","","","1"
"2021","Prince Edward Island","2021A000211","0 to 14 years","Total - Gender","% distribution (2021)","Hindu","","0","units","0","","7.2.1.2.19","0.0","","","","1"
"2021","Prince Edward Island","2021A000211","0 to 14 years","Total - Gender","% distribution (2021)","Jewish","","0","units","0","","7.2.1.2.20","0.0","","","","1"
"2021","Prince Edward Island","2021A000211","0 to 14 years","Total - Gender","% distribution (2021)","Muslim","","0","units","0","","7.2.1.2.21","0.0","","","","1"
"2021","Prince Edward Island","2021A000211","0 to 14 years","Total - Gender","% distribution (2021)","Sikh","","0","units","0","","7.2.1.2.22","0.0","","","","1"
"2021","Prince Edward Island","2021A000211","0 to 14 years","Total - Gender","% distribution (2021)","Traditional (North American Indigenous) spirituality","","0","units","0","","7.2.1.2.23","0.0","","","","1"
"2021","Prince Edward Island","2021A000211","0 to 14 years","Total - Gender","% distribution (2021)","Other religions and spiritual traditions","","0","units","0","","7.2.1.2.24","0.0","","","","1"
"2021","Prince Edward Island","2021A000211","0 to 14 years","Total - Gender","% distribution (2021)","No religion and secular perspectives","","0","units","0","","7.2.1.2.25","0.0","","","","1"
"2021","Prince Edward Island","2021A000211","0 to 14 years","Men+","2021 Counts","Total - Religion","","0","units","0","","7.2.2.1.1","12095","","","","0"
"2021","Prince Edward Island","2021A000211","0 to 14 years","Men+","2021 Counts","Buddhist","","0","units","0","","7.2.2.1.2","40","","","","0"
"2021","Prince Edward Island","2021A000211","0 to 14 years","Men+","2021 Counts","Christian","","0","units","0","","7.2.2.1.3","6745","","","","0"
"2021","Prince Edward Island","2021A000211","0 to 14 years","Men+","2021 Counts","Hindu","","0","units","0","","7.2.2.1.19","45","","","","0"
"2021","Prince Edward Island","2021A000211","0 to 14 years","Men+","2021 Counts","Muslim","","0","units","0","","7.2.2.1.21","275","","","","0"
"2021","Prince Edward Island","2021A000211","0 to 14 years","Men+","2021 Counts","Sikh","","0","units","0","","7.2.2.1.22","25","","","","0"
"2021","Prince Edward Island","2021A000211","0 to 14 years","Men+","2021 Counts","Traditional (North American Indigenous) spirituality","","0","units","0","","7.2.2.1.23","10","","","","0"
"2021","Prince Edward Island","2021A000211","0 to 14 years","Men+","2021 Counts","Other religions and spiritual traditions","","0","units","0","","7.2.2.1.24","40","","","","0"
"2021","Prince Edward Island","2021A000211","0 to 14 years","Men+","2021 Counts","No religion and secular perspectives","","0","units","0","","7.2.2.1.25","4915","","","","0"
"2021","Prince Edward Island","2021A000211","0 to 14 years","Men+","% distribution (2021)","Total - Religion","","0","units","0","","7.2.2.2.1","0.0","","","","1"
"2021","Prince Edward Island","2021A000211","0 to 14 years","Men+","% distribution (2021)","Buddhist","","0","units","0","","7.2.2.2.2","0.0","","","","1"
"2021","Prince Edward Island","2021A000211","0 to 14 years","Men+","% distribution (2021)","Christian","","0","units","0","","7.2.2.2.3","0.0","","","","1"
"2021","Prince Edward Island","2021A000211","0 to 14 years","Men+","% distribution (2021)","Hindu","","0","units","0","","7.2.2.2.19","0.0","","","","1"
"2021","Prince Edward Island","2021A000211","0 to 14 years","Men+","% distribution (2021)","Jewish","","0","units","0","","7.2.2.2.20","0.0","","","","1"
"2021","Prince Edward Island","2021A000211","0 to 14 years","Men+","% distribution (2021)","Muslim","","0","units","0","","7.2.2.2.21","0.0","","","","1"
"2021","Prince Edward Island","2021A000211","0 to 14 years","Men+","% distribution (2021)","Sikh","","0","units","0","","7.2.2.2.22","0.0","","","","1"
"2021","Prince Edward Island","2021A000211","0 to 14 years","Men+","% distribution (2021)","Traditional (North American Indigenous) spirituality","","0","units","0","","7.2.2.2.23","0.0","","","","1"
"2021","Prince Edward Island","2021A000211","0 to 14 years","Men+","% distribution (2021)","Other religions and spiritual traditions","","0","units","0","","7.2.2.2.24","0.0","","","","1"
"2021","Prince Edward Island","2021A000211","0 to 14 years","Men+","% distribution (2021)","No religion and secular perspectives","","0","units","0","","7.2.2.2.25","0.0","","","","1"
"2021","Prince Edward Island","2021A000211","0 to 14 years","Women+","2021 Counts","Total - Religion","","0","units","0","","7.2.3.1.1","11490","","","","0"
"2021","Prince Edward Island","2021A000211","0 to 14 years","Women+","2021 Counts","Buddhist","","0","units","0","","7.2.3.1.2","30","","","","0"
"2021","Prince Edward Island","2021A000211","0 to 14 years","Women+","2021 Counts","Christian","","0","units","0","","7.2.3.1.3","6245","","","","0"
"2021","Prince Edward Island","2021A000211","0 to 14 years","Women+","2021 Counts","Hindu","","0","units","0","","7.2.3.1.19","65","","","","0"
"2021","Prince Edward Island","2021A000211","0 to 14 years","Women+","2021 Counts","Muslim","","0","units","0","","7.2.3.1.21","210","","","","0"
"2021","Prince Edward Island","2021A000211","0 to 14 years","Women+","2021 Counts","Sikh","","0","units","0","","7.2.3.1.22","25","","","","0"
"2021","Prince Edward Island","2021A000211","0 to 14 years","Women+","2021 Counts","Traditional (North American Indigenous) spirituality","","0","units","0","","7.2.3.1.23","10","","","","0"
"2021","Prince Edward Island","2021A000211","0 to 14 years","Women+","2021 Counts","Other religions and spiritual traditions","","0","units","0","","7.2.3.1.24","55","","","","0"
"2021","Prince Edward Island","2021A000211","0 to 14 years","Women+","2021 Counts","No religion and secular perspectives","","0","units","0","","7.2.3.1.25","4855","","","","0"
"2021","Prince Edward Island","2021A000211","0 to 14 years","Women+","% distribution (2021)","Total - Religion","","0","units","0","","7.2.3.2.1","0.0","","","","1"
"2021","Prince Edward Island","2021A000211","0 to 14 years","Women+","% distribution (2021)","Buddhist","","0","units","0","","7.2.3.2.2","0.0","","","","1"
"2021","Prince Edward Island","2021A000211","0 to 14 years","Women+","% distribution (2021)","Christian","","0","units","0","","7.2.3.2.3","0.0","","","","1"
"2021","Prince Edward Island","2021A000211","0 to 14 years","Women+","% distribution (2021)","Hindu","","0","units","0","","7.2.3.2.19","0.0","","","","1"
"2021","Prince Edward Island","2021A000211","0 to 14 years","Women+","% distribution (2021)","Jewish","","0","units","0","","7.2.3.2.20","0.0","","","","1"
"2021","Prince Edward Island","2021A000211","0 to 14 years","Women+","% distribution (2021)","Muslim","","0","units","0","","7.2.3.2.21","0.0","","","","1"
"2021","Prince Edward Island","2021A000211","0 to 14 years","Women+","% distribution (2021)","Sikh","","0","units","0","","7.2.3.2.22","0.0","","","","1"
"2021","Prince Edward Island","2021A000211","0 to 14 years","Women+","% distribution (2021)","Traditional (North American Indigenous) spirituality","","0","units","0","","7.2.3.2.23","0.0","","","","1"
"2021","Prince Edward Island","2021A000211","0 to 14 years","Women+","% distribution (2021)","Other religions and spiritual traditions","","0","units","0","","7.2.3.2.24","0.0","","","","1"
"2021","Prince Edward Island","2021A000211","0 to 14 years","Women+","% distribution (2021)","No religion and secular perspectives","","0","units","0","","7.2.3.2.25","0.0","","","","1"
"2021","Prince Edward Island","2021A000211","15 years and over","Total - Gender","2021 Counts","Total - Religion","","0","units","0","","7.3.1.1.1","126895","","","","0"
"2021","Prince Edward Island","2021A000211","15 years and over","Total - Gender","2021 Counts","Buddhist","","0","units","0","","7.3.1.1.2","685","","","","0"
"2021","Prince Edward Island","2021A000211","15 years and over","Total - Gender","2021 Counts","Christian","","0","units","0","","7.3.1.1.3","88770","","","","0"
"2021","Prince Edward Island","2021A000211","15 years and over","Total - Gender","2021 Counts","Hindu","","0","units","0","","7.3.1.1.19","1135","","","","0"
"2021","Prince Edward Island","2021A000211","15 years and over","Total - Gender","2021 Counts","Jewish","","0","units","0","","7.3.1.1.20","165","","","","0"
"2021","Prince Edward Island","2021A000211","15 years and over","Total - Gender","2021 Counts","Muslim","","0","units","0","","7.3.1.1.21","1235","","","","0"
"2021","Prince Edward Island","2021A000211","15 years and over","Total - Gender","2021 Counts","Sikh","","0","units","0","","7.3.1.1.22","1125","","","","0"
"2021","Prince Edward Island","2021A000211","15 years and over","Total - Gender","2021 Counts","Traditional (North American Indigenous) spirituality","","0","units","0","","7.3.1.1.23","60","","","","0"
"2021","Prince Edward Island","2021A000211","15 years and over","Total - Gender","2021 Counts","Other religions and spiritual traditions","","0","units","0","","7.3.1.1.24","665","","","","0"
"2021","Prince Edward Island","2021A000211","15 years and over","Total - Gender","2021 Counts","No religion and secular perspectives","","0","units","0","","7.3.1.1.25","33065","","","","0"
"2021","Prince Edward Island","2021A000211","15 years and over","Total - Gender","% distribution (2021)","Total - Religion","","0","units","0","","7.3.1.2.1","0.3","","","","1"
"2021","Prince Edward Island","2021A000211","15 years and over","Total - Gender","% distribution (2021)","Buddhist","","0","units","0","","7.3.1.2.2","0.0","","","","1"
"2021","Prince Edward Island","2021A000211","15 years and over","Total - Gender","% distribution (2021)","Christian","","0","units","0","","7.3.1.2.3","0.2","","","","1"
"2021","Prince Edward Island","2021A000211","15 years and over","Total - Gender","% distribution (2021)","Hindu","","0","units","0","","7.3.1.2.19","0.0","","","","1"
"2021","Prince Edward Island","2021A000211","15 years and over","Total - Gender","% distribution (2021)","Jewish","","0","units","0","","7.3.1.2.20","0.0","","","","1"
"2021","Prince Edward Island","2021A000211","15 years and over","Total - Gender","% distribution (2021)","Muslim","","0","units","0","","7.3.1.2.21","0.0","","","","1"
"2021","Prince Edward Island","2021A000211","15 years and over","Total - Gender","% distribution (2021)","Sikh","","0","units","0","","7.3.1.2.22","0.0","","","","1"
"2021","Prince Edward Island","2021A000211","15 years and over","Total - Gender","% distribution (2021)","Traditional (North American Indigenous) spirituality","","0","units","0","","7.3.1.2.23","0.0","","","","1"
"2021","Prince Edward Island","2021A000211","15 years and over","Total - Gender","% distribution (2021)","Other religions and spiritual traditions","","0","units","0","","7.3.1.2.24","0.0","","","","1"
"2021","Prince Edward Island","2021A000211","15 years and over","Total - Gender","% distribution (2021)","No religion and secular perspectives","","0","units","0","","7.3.1.2.25","0.1","","","","1"
"2021","Prince Edward Island","2021A000211","15 years and over","Men+","2021 Counts","Total - Religion","","0","units","0","","7.3.2.1.1","61450","","","","0"
"2021","Prince Edward Island","2021A000211","15 years and over","Men+","2021 Counts","Buddhist","","0","units","0","","7.3.2.1.2","275","","","","0"
"2021","Prince Edward Island","2021A000211","15 years and over","Men+","2021 Counts","Christian","","0","units","0","","7.3.2.1.3","41175","","","","0"
"2021","Prince Edward Island","2021A000211","15 years and over","Men+","2021 Counts","Hindu","","0","units","0","","7.3.2.1.19","790","","","","0"
"2021","Prince Edward Island","2021A000211","15 years and over","Men+","2021 Counts","Jewish","","0","units","0","","7.3.2.1.20","85","","","","0"
"2021","Prince Edward Island","2021A000211","15 years and over","Men+","2021 Counts","Muslim","","0","units","0","","7.3.2.1.21","710","","","","0"
"2021","Prince Edward Island","2021A000211","15 years and over","Men+","2021 Counts","Sikh","","0","units","0","","7.3.2.1.22","660","","","","0"
"2021","Prince Edward Island","2021A000211","15 years and over","Men+","2021 Counts","Traditional (North American Indigenous) spirituality","","0","units","0","","7.3.2.1.23","30","","","","0"
"2021","Prince Edward Island","2021A000211","15 years and over","Men+","2021 Counts","Other religions and spiritual traditions","","0","units","0","","7.3.2.1.24","255","","","","0"
"2021","Prince Edward Island","2021A000211","15 years and over","Men+","2021 Counts","No religion and secular perspectives","","0","units","0","","7.3.2.1.25","17475","","","","0"
"2021","Prince Edward Island","2021A000211","15 years and over","Men+","% distribution (2021)","Total - Religion","","0","units","0","","7.3.2.2.1","0.2","","","","1"
"2021","Prince Edward Island","2021A000211","15 years and over","Men+","% distribution (2021)","Buddhist","","0","units","0","","7.3.2.2.2","0.0","","","","1"
"2021","Prince Edward Island","2021A000211","15 years and over","Men+","% distribution (2021)","Christian","","0","units","0","","7.3.2.2.3","0.1","","","","1"
"2021","Prince Edward Island","2021A000211","15 years and over","Men+","% distribution (2021)","Hindu","","0","units","0","","7.3.2.2.19","0.0","","","","1"
"2021","Prince Edward Island","2021A000211","15 years and over","Men+","% distribution (2021)","Jewish","","0","units","0","","7.3.2.2.20","0.0","","","","1"
"2021","Prince Edward Island","2021A000211","15 years and over","Men+","% distribution (2021)","Muslim","","0","units","0","","7.3.2.2.21","0.0","","","","1"
"2021","Prince Edward Island","2021A000211","15 years and over","Men+","% distribution (2021)","Sikh","","0","units","0","","7.3.2.2.22","0.0","","","","1"
"2021","Prince Edward Island","2021A000211","15 years and over","Men+","% distribution (2021)","Traditional (North American Indigenous) spirituality","","0","units","0","","7.3.2.2.23","0.0","","","","1"
"2021","Prince Edward Island","2021A000211","15 years and over","Men+","% distribution (2021)","Other religions and spiritual traditions","","0","units","0","","7.3.2.2.24","0.0","","","","1"
"2021","Prince Edward Island","2021A000211","15 years and over","Men+","% distribution (2021)","No religion and secular perspectives","","0","units","0","","7.3.2.2.25","0.0","","","","1"
"2021","Prince Edward Island","2021A000211","15 years and over","Women+","2021 Counts","Total - Religion","","0","units","0","","7.3.3.1.1","65445","","","","0"
"2021","Prince Edward Island","2021A000211","15 years and over","Women+","2021 Counts","Buddhist","","0","units","0","","7.3.3.1.2","405","","","","0"
"2021","Prince Edward Island","2021A000211","15 years and over","Women+","2021 Counts","Christian","","0","units","0","","7.3.3.1.3","47595","","","","0"
"2021","Prince Edward Island","2021A000211","15 years and over","Women+","2021 Counts","Hindu","","0","units","0","","7.3.3.1.19","345","","","","0"
"2021","Prince Edward Island","2021A000211","15 years and over","Women+","2021 Counts","Jewish","","0","units","0","","7.3.3.1.20","85","","","","0"
"2021","Prince Edward Island","2021A000211","15 years and over","Women+","2021 Counts","Muslim","","0","units","0","","7.3.3.1.21","525","","","","0"
"2021","Prince Edward Island","2021A000211","15 years and over","Women+","2021 Counts","Sikh","","0","units","0","","7.3.3.1.22","460","","","","0"
"2021","Prince Edward Island","2021A000211","15 years and over","Women+","2021 Counts","Traditional (North American Indigenous) spirituality","","0","units","0","","7.3.3.1.23","30","","","","0"
"2021","Prince Edward Island","2021A000211","15 years and over","Women+","2021 Counts","Other religions and spiritual traditions","","0","units","0","","7.3.3.1.24","415","","","","0"
"2021","Prince Edward Island","2021A000211","15 years and over","Women+","2021 Counts","No religion and secular perspectives","","0","units","0","","7.3.3.1.25","15590","","","","0"
"2021","Prince Edward Island","2021A000211","15 years and over","Women+","% distribution (2021)","Total - Religion","","0","units","0","","7.3.3.2.1","0.2","","","","1"
"2021","Prince Edward Island","2021A000211","15 years and over","Women+","% distribution (2021)","Buddhist","","0","units","0","","7.3.3.2.2","0.0","","","","1"
"2021","Prince Edward Island","2021A000211","15 years and over","Women+","% distribution (2021)","Christian","","0","units","0","","7.3.3.2.3","0.1","","","","1"
"2021","Prince Edward Island","2021A000211","15 years and over","Women+","% distribution (2021)","Hindu","","0","units","0","","7.3.3.2.19","0.0","","","","1"
"2021","Prince Edward Island","2021A000211","15 years and over","Women+","% distribution (2021)","Jewish","","0","units","0","","7.3.3.2.20","0.0","","","","1"
"2021","Prince Edward Island","2021A000211","15 years and over","Women+","% distribution (2021)","Muslim","","0","units","0","","7.3.3.2.21","0.0","","","","1"
"2021","Prince Edward Island","2021A000211","15 years and over","Women+","% distribution (2021)","Sikh","","0","units","0","","7.3.3.2.22","0.0","","","","1"
"2021","Prince Edward Island","2021A000211","15 years and over","Women+","% distribution (2021)","Traditional (North American Indigenous) spirituality","","0","units","0","","7.3.3.2.23","0.0","","","","1"
"2021","Prince Edward Island","2021A000211","15 years and over","Women+","% distribution (2021)","Other religions and spiritual traditions","","0","units","0","","7.3.3.2.24","0.0","","","","1"
"2021","Prince Edward Island","2021A000211","15 years and over","Women+","% distribution (2021)","No religion and secular perspectives","","0","units","0","","7.3.3.2.25","0.0","","","","1"
"2021","Prince Edward Island","2021A000211","15 to 24 years","Total - Gender","2021 Counts","Total - Religion","","0","units","0","","7.4.1.1.1","18635","","","","0"
"2021","Prince Edward Island","2021A000211","15 to 24 years","Total - Gender","2021 Counts","Buddhist","","0","units","0","","7.4.1.1.2","125","","","","0"
"2021","Prince Edward Island","2021A000211","15 to 24 years","Total - Gender","2021 Counts","Christian","","0","units","0","","7.4.1.1.3","10840","","","","0"
"2021","Prince Edward Island","2021A000211","15 to 24 years","Total - Gender","2021 Counts","Hindu","","0","units","0","","7.4.1.1.19","535","","","","0"
"2021","Prince Edward Island","2021A000211","15 to 24 years","Total - Gender","2021 Counts","Jewish","","0","units","0","","7.4.1.1.20","10","","","","0"
"2021","Prince Edward Island","2021A000211","15 to 24 years","Total - Gender","2021 Counts","Muslim","","0","units","0","","7.4.1.1.21","435","","","","0"
"2021","Prince Edward Island","2021A000211","15 to 24 years","Total - Gender","2021 Counts","Sikh","","0","units","0","","7.4.1.1.22","765","","","","0"
"2021","Prince Edward Island","2021A000211","15 to 24 years","Total - Gender","2021 Counts","Traditional (North American Indigenous) spirituality","","0","units","0","","7.4.1.1.23","10","","","","0"
"2021","Prince Edward Island","2021A000211","15 to 24 years","Total - Gender","2021 Counts","Other religions and spiritual traditions","","0","units","0","","7.4.1.1.24","70","","","","0"
"2021","Prince Edward Island","2021A000211","15 to 24 years","Total - Gender","2021 Counts","No religion and secular perspectives","","0","units","0","","7.4.1.1.25","5850","","","","0"
"2021","Prince Edward Island","2021A000211","15 to 24 years","Total - Gender","% distribution (2021)","Total - Religion","","0","units","0","","7.4.1.2.1","0.1","","","","1"
"2021","Prince Edward Island","2021A000211","15 to 24 years","Total - Gender","% distribution (2021)","Buddhist","","0","units","0","","7.4.1.2.2","0.0","","","","1"
"2021","Prince Edward Island","2021A000211","15 to 24 years","Total - Gender","% distribution (2021)","Christian","","0","units","0","","7.4.1.2.3","0.0","","","","1"
"2021","Prince Edward Island","2021A000211","15 to 24 years","Total - Gender","% distribution (2021)","Hindu","","0","units","0","","7.4.1.2.19","0.0","","","","1"
"2021","Prince Edward Island","2021A000211","15 to 24 years","Total - Gender","% distribution (2021)","Jewish","","0","units","0","","7.4.1.2.20","0.0","","","","1"
"2021","Prince Edward Island","2021A000211","15 to 24 years","Total - Gender","% distribution (2021)","Muslim","","0","units","0","","7.4.1.2.21","0.0","","","","1"
"2021","Prince Edward Island","2021A000211","15 to 24 years","Total - Gender","% distribution (2021)","Sikh","","0","units","0","","7.4.1.2.22","0.0","","","","1"
"2021","Prince Edward Island","2021A000211","15 to 24 years","Total - Gender","% distribution (2021)","Traditional (North American Indigenous) spirituality","","0","units","0","","7.4.1.2.23","0.0","","","","1"
"2021","Prince Edward Island","2021A000211","15 to 24 years","Total - Gender","% distribution (2021)","Other religions and spiritual traditions","","0","units","0","","7.4.1.2.24","0.0","","","","1"
"2021","Prince Edward Island","2021A000211","15 to 24 years","Total - Gender","% distribution (2021)","No religion and secular perspectives","","0","units","0","","7.4.1.2.25","0.0","","","","1"
"2021","Prince Edward Island","2021A000211","15 to 24 years","Men+","2021 Counts","Total - Religion","","0","units","0","","7.4.2.1.1","9825","","","","0"
"2021","Prince Edward Island","2021A000211","15 to 24 years","Men+","2021 Counts","Buddhist","","0","units","0","","7.4.2.1.2","65","","","","0"
"2021","Prince Edward Island","2021A000211","15 to 24 years","Men+","2021 Counts","Christian","","0","units","0","","7.4.2.1.3","5535","","","","0"
"2021","Prince Edward Island","2021A000211","15 to 24 years","Men+","2021 Counts","Hindu","","0","units","0","","7.4.2.1.19","405","","","","0"
"2021","Prince Edward Island","2021A000211","15 to 24 years","Men+","2021 Counts","Muslim","","0","units","0","","7.4.2.1.21","295","","","","0"
"2021","Prince Edward Island","2021A000211","15 to 24 years","Men+","2021 Counts","Sikh","","0","units","0","","7.4.2.1.22","445","","","","0"
"2021","Prince Edward Island","2021A000211","15 to 24 years","Men+","2021 Counts","Other religions and spiritual traditions","","0","units","0","","7.4.2.1.24","40","","","","0"
"2021","Prince Edward Island","2021A000211","15 to 24 years","Men+","2021 Counts","No religion and secular perspectives","","0","units","0","","7.4.2.1.25","3035","","","","0"
"2021","Prince Edward Island","2021A000211","15 to 24 years","Men+","% distribution (2021)","Total - Religion","","0","units","0","","7.4.2.2.1","0.0","","","","1"
"2021","Prince Edward Island","2021A000211","15 to 24 years","Men+","% distribution (2021)","Buddhist","","0","units","0","","7.4.2.2.2","0.0","","","","1"
"2021","Prince Edward Island","2021A000211","15 to 24 years","Men+","% distribution (2021)","Christian","","0","units","0","","7.4.2.2.3","0.0","","","","1"
"2021","Prince Edward Island","2021A000211","15 to 24 years","Men+","% distribution (2021)","Hindu","","0","units","0","","7.4.2.2.19","0.0","","","","1"
"2021","Prince Edward Island","2021A000211","15 to 24 years","Men+","% distribution (2021)","Jewish","","0","units","0","","7.4.2.2.20","0.0","","","","1"
"2021","Prince Edward Island","2021A000211","15 to 24 years","Men+","% distribution (2021)","Muslim","","0","units","0","","7.4.2.2.21","0.0","","","","1"
"2021","Prince Edward Island","2021A000211","15 to 24 years","Men+","% distribution (2021)","Sikh","","0","units","0","","7.4.2.2.22","0.0","","","","1"
"2021","Prince Edward Island","2021A000211","15 to 24 years","Men+","% distribution (2021)","Traditional (North American Indigenous) spirituality","","0","units","0","","7.4.2.2.23","0.0","","","","1"
"2021","Prince Edward Island","2021A000211","15 to 24 years","Men+","% distribution (2021)","Other religions and spiritual traditions","","0","units","0","","7.4.2.2.24","0.0","","","","1"
"2021","Prince Edward Island","2021A000211","15 to 24 years","Men+","% distribution (2021)","No religion and secular perspectives","","0","units","0","","7.4.2.2.25","0.0","","","","1"
"2021","Prince Edward Island","2021A000211","15 to 24 years","Women+","2021 Counts","Total - Religion","","0","units","0","","7.4.3.1.1","8810","","","","0"
"2021","Prince Edward Island","2021A000211","15 to 24 years","Women+","2021 Counts","Buddhist","","0","units","0","","7.4.3.1.2","60","","","","0"
"2021","Prince Edward Island","2021A000211","15 to 24 years","Women+","2021 Counts","Christian","","0","units","0","","7.4.3.1.3","5305","","","","0"
"2021","Prince Edward Island","2021A000211","15 to 24 years","Women+","2021 Counts","Hindu","","0","units","0","","7.4.3.1.19","140","","","","0"
"2021","Prince Edward Island","2021A000211","15 to 24 years","Women+","2021 Counts","Muslim","","0","units","0","","7.4.3.1.21","135","","","","0"
"2021","Prince Edward Island","2021A000211","15 to 24 years","Women+","2021 Counts","Sikh","","0","units","0","","7.4.3.1.22","315","","","","0"
"2021","Prince Edward Island","2021A000211","15 to 24 years","Women+","2021 Counts","Traditional (North American Indigenous) spirituality","","0","units","0","","7.4.3.1.23","10","","","","0"
"2021","Prince Edward Island","2021A000211","15 to 24 years","Women+","2021 Counts","Other religions and spiritual traditions","","0","units","0","","7.4.3.1.24","30","","","","0"
"2021","Prince Edward Island","2021A000211","15 to 24 years","Women+","2021 Counts","No religion and secular perspectives","","0","units","0","","7.4.3.1.25","2810","","","","0"
"2021","Prince Edward Island","2021A000211","15 to 24 years","Women+","% distribution (2021)","Total - Religion","","0","units","0","","7.4.3.2.1","0.0","","","","1"
"2021","Prince Edward Island","2021A000211","15 to 24 years","Women+","% distribution (2021)","Buddhist","","0","units","0","","7.4.3.2.2","0.0","","","","1"
"2021","Prince Edward Island","2021A000211","15 to 24 years","Women+","% distribution (2021)","Christian","","0","units","0","","7.4.3.2.3","0.0","","","","1"
"2021","Prince Edward Island","2021A000211","15 to 24 years","Women+","% distribution (2021)","Hindu","","0","units","0","","7.4.3.2.19","0.0","","","","1"
"2021","Prince Edward Island","2021A000211","15 to 24 years","Women+","% distribution (2021)","Jewish","","0","units","0","","7.4.3.2.20","0.0","","","","1"
"2021","Prince Edward Island","2021A000211","15 to 24 years","Women+","% distribution (2021)","Muslim","","0","units","0","","7.4.3.2.21","0.0","","","","1"
"2021","Prince Edward Island","2021A000211","15 to 24 years","Women+","% distribution (2021)","Sikh","","0","units","0","","7.4.3.2.22","0.0","","","","1"
"2021","Prince Edward Island","2021A000211","15 to 24 years","Women+","% distribution (2021)","Traditional (North American Indigenous) spirituality","","0","units","0","","7.4.3.2.23","0.0","","","","1"
"2021","Prince Edward Island","2021A000211","15 to 24 years","Women+","% distribution (2021)","Other religions and spiritual traditions","","0","units","0","","7.4.3.2.24","0.0","","","","1"
"2021","Prince Edward Island","2021A000211","15 to 24 years","Women+","% distribution (2021)","No religion and secular perspectives","","0","units","0","","7.4.3.2.25","0.0","","","","1"
"2021","Prince Edward Island","2021A000211","25 to 64 years","Total - Gender","2021 Counts","Total - Religion","","0","units","0","","7.7.1.1.1","77465","","","","0"
"2021","Prince Edward Island","2021A000211","25 to 64 years","Total - Gender","2021 Counts","Buddhist","","0","units","0","","7.7.1.1.2","525","","","","0"
"2021","Prince Edward Island","2021A000211","25 to 64 years","Total - Gender","2021 Counts","Christian","","0","units","0","","7.7.1.1.3","51010","","","","0"
"2021","Prince Edward Island","2021A000211","25 to 64 years","Total - Gender","2021 Counts","Hindu","","0","units","0","","7.7.1.1.19","580","","","","0"
"2021","Prince Edward Island","2021A000211","25 to 64 years","Total - Gender","2021 Counts","Jewish","","0","units","0","","7.7.1.1.20","80","","","","0"
"2021","Prince Edward Island","2021A000211","25 to 64 years","Total - Gender","2021 Counts","Muslim","","0","units","0","","7.7.1.1.21","765","","","","0"
"2021","Prince Edward Island","2021A000211","25 to 64 years","Total - Gender","2021 Counts","Sikh","","0","units","0","","7.7.1.1.22","355","","","","0"
"2021","Prince Edward Island","2021A000211","25 to 64 years","Total - Gender","2021 Counts","Traditional (North American Indigenous) spirituality","","0","units","0","","7.7.1.1.23","45","","","","0"
"2021","Prince Edward Island","2021A000211","25 to 64 years","Total - Gender","2021 Counts","Other religions and spiritual traditions","","0","units","0","","7.7.1.1.24","505","","","","0"
"2021","Prince Edward Island","2021A000211","25 to 64 years","Total - Gender","2021 Counts","No religion and secular perspectives","","0","units","0","","7.7.1.1.25","23605","","","","0"
"2021","Prince Edward Island","2021A000211","25 to 64 years","Total - Gender","% distribution (2021)","Total - Religion","","0","units","0","","7.7.1.2.1","0.2","","","","1"
"2021","Prince Edward Island","2021A000211","25 to 64 years","Total - Gender","% distribution (2021)","Buddhist","","0","units","0","","7.7.1.2.2","0.0","","","","1"
"2021","Prince Edward Island","2021A000211","25 to 64 years","Total - Gender","% distribution (2021)","Christian","","0","units","0","","7.7.1.2.3","0.1","","","","1"
"2021","Prince Edward Island","2021A000211","25 to 64 years","Total - Gender","% distribution (2021)","Hindu","","0","units","0","","7.7.1.2.19","0.0","","","","1"
"2021","Prince Edward Island","2021A000211","25 to 64 years","Total - Gender","% distribution (2021)","Jewish","","0","units","0","","7.7.1.2.20","0.0","","","","1"
"2021","Prince Edward Island","2021A000211","25 to 64 years","Total - Gender","% distribution (2021)","Muslim","","0","units","0","","7.7.1.2.21","0.0","","","","1"
"2021","Prince Edward Island","2021A000211","25 to 64 years","Total - Gender","% distribution (2021)","Sikh","","0","units","0","","7.7.1.2.22","0.0","","","","1"
"2021","Prince Edward Island","2021A000211","25 to 64 years","Total - Gender","% distribution (2021)","Traditional (North American Indigenous) spirituality","","0","units","0","","7.7.1.2.23","0.0","","","","1"
"2021","Prince Edward Island","2021A000211","25 to 64 years","Total - Gender","% distribution (2021)","Other religions and spiritual traditions","","0","units","0","","7.7.1.2.24","0.0","","","","1"
"2021","Prince Edward Island","2021A000211","25 to 64 years","Total - Gender","% distribution (2021)","No religion and secular perspectives","","0","units","0","","7.7.1.2.25","0.1","","","","1"
"2021","Prince Edward Island","2021A000211","25 to 64 years","Men+","2021 Counts","Total - Religion","","0","units","0","","7.7.2.1.1","37380","","","","0"
"2021","Prince Edward Island","2021A000211","25 to 64 years","Men+","2021 Counts","Buddhist","","0","units","0","","7.7.2.1.2","195","","","","0"
"2021","Prince Edward Island","2021A000211","25 to 64 years","Men+","2021 Counts","Christian","","0","units","0","","7.7.2.1.3","23580","","","","0"
"2021","Prince Edward Island","2021A000211","25 to 64 years","Men+","2021 Counts","Hindu","","0","units","0","","7.7.2.1.19","375","","","","0"
"2021","Prince Edward Island","2021A000211","25 to 64 years","Men+","2021 Counts","Jewish","","0","units","0","","7.7.2.1.20","40","","","","0"
"2021","Prince Edward Island","2021A000211","25 to 64 years","Men+","2021 Counts","Muslim","","0","units","0","","7.7.2.1.21","390","","","","0"
"2021","Prince Edward Island","2021A000211","25 to 64 years","Men+","2021 Counts","Sikh","","0","units","0","","7.7.2.1.22","215","","","","0"
"2021","Prince Edward Island","2021A000211","25 to 64 years","Men+","2021 Counts","Traditional (North American Indigenous) spirituality","","0","units","0","","7.7.2.1.23","25","","","","0"
"2021","Prince Edward Island","2021A000211","25 to 64 years","Men+","2021 Counts","Other religions and spiritual traditions","","0","units","0","","7.7.2.1.24","180","","","","0"
"2021","Prince Edward Island","2021A000211","25 to 64 years","Men+","2021 Counts","No religion and secular perspectives","","0","units","0","","7.7.2.1.25","12375","","","","0"
"2021","Prince Edward Island","2021A000211","25 to 64 years","Men+","% distribution (2021)","Total - Religion","","0","units","0","","7.7.2.2.1","0.1","","","","1"
"2021","Prince Edward Island","2021A000211","25 to 64 years","Men+","% distribution (2021)","Buddhist","","0","units","0","","7.7.2.2.2","0.0","","","","1"
"2021","Prince Edward Island","2021A000211","25 to 64 years","Men+","% distribution (2021)","Christian","","0","units","0","","7.7.2.2.3","0.1","","","","1"
"2021","Prince Edward Island","2021A000211","25 to 64 years","Men+","% distribution (2021)","Hindu","","0","units","0","","7.7.2.2.19","0.0","","","","1"
"2021","Prince Edward Island","2021A000211","25 to 64 years","Men+","% distribution (2021)","Jewish","","0","units","0","","7.7.2.2.20","0.0","","","","1"
"2021","Prince Edward Island","2021A000211","25 to 64 years","Men+","% distribution (2021)","Muslim","","0","units","0","","7.7.2.2.21","0.0","","","","1"
"2021","Prince Edward Island","2021A000211","25 to 64 years","Men+","% distribution (2021)","Sikh","","0","units","0","","7.7.2.2.22","0.0","","","","1"
"2021","Prince Edward Island","2021A000211","25 to 64 years","Men+","% distribution (2021)","Traditional (North American Indigenous) spirituality","","0","units","0","","7.7.2.2.23","0.0","","","","1"
"2021","Prince Edward Island","2021A000211","25 to 64 years","Men+","% distribution (2021)","Other religions and spiritual traditions","","0","units","0","","7.7.2.2.24","0.0","","","","1"
"2021","Prince Edward Island","2021A000211","25 to 64 years","Men+","% distribution (2021)","No religion and secular perspectives","","0","units","0","","7.7.2.2.25","0.0","","","","1"
"2021","Prince Edward Island","2021A000211","25 to 64 years","Women+","2021 Counts","Total - Religion","","0","units","0","","7.7.3.1.1","40090","","","","0"
"2021","Prince Edward Island","2021A000211","25 to 64 years","Women+","2021 Counts","Buddhist","","0","units","0","","7.7.3.1.2","330","","","","0"
"2021","Prince Edward Island","2021A000211","25 to 64 years","Women+","2021 Counts","Christian","","0","units","0","","7.7.3.1.3","27425","","","","0"
"2021","Prince Edward Island","2021A000211","25 to 64 years","Women+","2021 Counts","Hindu","","0","units","0","","7.7.3.1.19","205","","","","0"
"2021","Prince Edward Island","2021A000211","25 to 64 years","Women+","2021 Counts","Jewish","","0","units","0","","7.7.3.1.20","40","","","","0"
"2021","Prince Edward Island","2021A000211","25 to 64 years","Women+","2021 Counts","Muslim","","0","units","0","","7.7.3.1.21","375","","","","0"
"2021","Prince Edward Island","2021A000211","25 to 64 years","Women+","2021 Counts","Sikh","","0","units","0","","7.7.3.1.22","140","","","","0"
"2021","Prince Edward Island","2021A000211","25 to 64 years","Women+","2021 Counts","Traditional (North American Indigenous) spirituality","","0","units","0","","7.7.3.1.23","15","","","","0"
"2021","Prince Edward Island","2021A000211","25 to 64 years","Women+","2021 Counts","Other religions and spiritual traditions","","0","units","0","","7.7.3.1.24","320","","","","0"
"2021","Prince Edward Island","2021A000211","25 to 64 years","Women+","2021 Counts","No religion and secular perspectives","","0","units","0","","7.7.3.1.25","11230","","","","0"
"2021","Prince Edward Island","2021A000211","25 to 64 years","Women+","% distribution (2021)","Total - Religion","","0","units","0","","7.7.3.2.1","0.1","","","","1"
"2021","Prince Edward Island","2021A000211","25 to 64 years","Women+","% distribution (2021)","Buddhist","","0","units","0","","7.7.3.2.2","0.0","","","","1"
"2021","Prince Edward Island","2021A000211","25 to 64 years","Women+","% distribution (2021)","Christian","","0","units","0","","7.7.3.2.3","0.1","","","","1"
"2021","Prince Edward Island","2021A000211","25 to 64 years","Women+","% distribution (2021)","Hindu","","0","units","0","","7.7.3.2.19","0.0","","","","1"
"2021","Prince Edward Island","2021A000211","25 to 64 years","Women+","% distribution (2021)","Jewish","","0","units","0","","7.7.3.2.20","0.0","","","","1"
"2021","Prince Edward Island","2021A000211","25 to 64 years","Women+","% distribution (2021)","Muslim","","0","units","0","","7.7.3.2.21","0.0","","","","1"
"2021","Prince Edward Island","2021A000211","25 to 64 years","Women+","% distribution (2021)","Sikh","","0","units","0","","7.7.3.2.22","0.0","","","","1"
"2021","Prince Edward Island","2021A000211","25 to 64 years","Women+","% distribution (2021)","Traditional (North American Indigenous) spirituality","","0","units","0","","7.7.3.2.23","0.0","","","","1"
"2021","Prince Edward Island","2021A000211","25 to 64 years","Women+","% distribution (2021)","Other religions and spiritual traditions","","0","units","0","","7.7.3.2.24","0.0","","","","1"
"2021","Prince Edward Island","2021A000211","25 to 64 years","Women+","% distribution (2021)","No religion and secular perspectives","","0","units","0","","7.7.3.2.25","0.0","","","","1"
"2021","Prince Edward Island","2021A000211","65 years and over","Total - Gender","2021 Counts","Total - Religion","","0","units","0","","7.13.1.1.1","30795","","","","0"
"2021","Prince Edward Island","2021A000211","65 years and over","Total - Gender","2021 Counts","Buddhist","","0","units","0","","7.13.1.1.2","35","","","","0"
"2021","Prince Edward Island","2021A000211","65 years and over","Total - Gender","2021 Counts","Christian","","0","units","0","","7.13.1.1.3","26920","","","","0"
"2021","Prince Edward Island","2021A000211","65 years and over","Total - Gender","2021 Counts","Hindu","","0","units","0","","7.13.1.1.19","10","","","","0"
"2021","Prince Edward Island","2021A000211","65 years and over","Total - Gender","2021 Counts","Jewish","","0","units","0","","7.13.1.1.20","80","","","","0"
"2021","Prince Edward Island","2021A000211","65 years and over","Total - Gender","2021 Counts","Muslim","","0","units","0","","7.13.1.1.21","35","","","","0"
"2021","Prince Edward Island","2021A000211","65 years and over","Total - Gender","2021 Counts","Traditional (North American Indigenous) spirituality","","0","units","0","","7.13.1.1.23","10","","","","0"
"2021","Prince Edward Island","2021A000211","65 years and over","Total - Gender","2021 Counts","Other religions and spiritual traditions","","0","units","0","","7.13.1.1.24","95","","","","0"
"2021","Prince Edward Island","2021A000211","65 years and over","Total - Gender","2021 Counts","No religion and secular perspectives","","0","units","0","","7.13.1.1.25","3610","","","","0"
"2021","Prince Edward Island","2021A000211","65 years and over","Total - Gender","% distribution (2021)","Total - Religion","","0","units","0","","7.13.1.2.1","0.1","","","","1"
"2021","Prince Edward Island","2021A000211","65 years and over","Total - Gender","% distribution (2021)","Buddhist","","0","units","0","","7.13.1.2.2","0.0","","","","1"
"2021","Prince Edward Island","2021A000211","65 years and over","Total - Gender","% distribution (2021)","Christian","","0","units","0","","7.13.1.2.3","0.1","","","","1"
"2021","Prince Edward Island","2021A000211","65 years and over","Total - Gender","% distribution (2021)","Hindu","","0","units","0","","7.13.1.2.19","0.0","","","","1"
"2021","Prince Edward Island","2021A000211","65 years and over","Total - Gender","% distribution (2021)","Jewish","","0","units","0","","7.13.1.2.20","0.0","","","","1"
"2021","Prince Edward Island","2021A000211","65 years and over","Total - Gender","% distribution (2021)","Muslim","","0","units","0","","7.13.1.2.21","0.0","","","","1"
"2021","Prince Edward Island","2021A000211","65 years and over","Total - Gender","% distribution (2021)","Sikh","","0","units","0","","7.13.1.2.22","0.0","","","","1"
"2021","Prince Edward Island","2021A000211","65 years and over","Total - Gender","% distribution (2021)","Traditional (North American Indigenous) spirituality","","0","units","0","","7.13.1.2.23","0.0","","","","1"
"2021","Prince Edward Island","2021A000211","65 years and over","Total - Gender","% distribution (2021)","Other religions and spiritual traditions","","0","units","0","","7.13.1.2.24","0.0","","","","1"
"2021","Prince Edward Island","2021A000211","65 years and over","Total - Gender","% distribution (2021)","No religion and secular perspectives","","0","units","0","","7.13.1.2.25","0.0","","","","1"
"2021","Prince Edward Island","2021A000211","65 years and over","Men+","2021 Counts","Total - Religion","","0","units","0","","7.13.2.1.1","14250","","","","0"
"2021","Prince Edward Island","2021A000211","65 years and over","Men+","2021 Counts","Buddhist","","0","units","0","","7.13.2.1.2","15","","","","0"
"2021","Prince Edward Island","2021A000211","65 years and over","Men+","2021 Counts","Christian","","0","units","0","","7.13.2.1.3","12060","","","","0"
"2021","Prince Edward Island","2021A000211","65 years and over","Men+","2021 Counts","Hindu","","0","units","0","","7.13.2.1.19","10","","","","0"
"2021","Prince Edward Island","2021A000211","65 years and over","Men+","2021 Counts","Jewish","","0","units","0","","7.13.2.1.20","45","","","","0"
"2021","Prince Edward Island","2021A000211","65 years and over","Men+","2021 Counts","Muslim","","0","units","0","","7.13.2.1.21","25","","","","0"
"2021","Prince Edward Island","2021A000211","65 years and over","Men+","2021 Counts","Other religions and spiritual traditions","","0","units","0","","7.13.2.1.24","35","","","","0"
"2021","Prince Edward Island","2021A000211","65 years and over","Men+","2021 Counts","No religion and secular perspectives","","0","units","0","","7.13.2.1.25","2060","","","","0"
"2021","Prince Edward Island","2021A000211","65 years and over","Men+","% distribution (2021)","Total - Religion","","0","units","0","","7.13.2.2.1","0.0","","","","1"
"2021","Prince Edward Island","2021A000211","65 years and over","Men+","% distribution (2021)","Buddhist","","0","units","0","","7.13.2.2.2","0.0","","","","1"
"2021","Prince Edward Island","2021A000211","65 years and over","Men+","% distribution (2021)","Christian","","0","units","0","","7.13.2.2.3","0.0","","","","1"
"2021","Prince Edward Island","2021A000211","65 years and over","Men+","% distribution (2021)","Hindu","","0","units","0","","7.13.2.2.19","0.0","","","","1"
"2021","Prince Edward Island","2021A000211","65 years and over","Men+","% distribution (2021)","Jewish","","0","units","0","","7.13.2.2.20","0.0","","","","1"
"2021","Prince Edward Island","2021A000211","65 years and over","Men+","% distribution (2021)","Muslim","","0","units","0","","7.13.2.2.21","0.0","","","","1"
"2021","Prince Edward Island","2021A000211","65 years and over","Men+","% distribution (2021)","Sikh","","0","units","0","","7.13.2.2.22","0.0","","","","1"
"2021","Prince Edward Island","2021A000211","65 years and over","Men+","% distribution (2021)","Traditional (North American Indigenous) spirituality","","0","units","0","","7.13.2.2.23","0.0","","","","1"
"2021","Prince Edward Island","2021A000211","65 years and over","Men+","% distribution (2021)","Other religions and spiritual traditions","","0","units","0","","7.13.2.2.24","0.0","","","","1"
"2021","Prince Edward Island","2021A000211","65 years and over","Men+","% distribution (2021)","No religion and secular perspectives","","0","units","0","","7.13.2.2.25","0.0","","","","1"
"2021","Prince Edward Island","2021A000211","65 years and over","Women+","2021 Counts","Total - Religion","","0","units","0","","7.13.3.1.1","16550","","","","0"
"2021","Prince Edward Island","2021A000211","65 years and over","Women+","2021 Counts","Buddhist","","0","units","0","","7.13.3.1.2","15","","","","0"
"2021","Prince Edward Island","2021A000211","65 years and over","Women+","2021 Counts","Christian","","0","units","0","","7.13.3.1.3","14860","","","","0"
"2021","Prince Edward Island","2021A000211","65 years and over","Women+","2021 Counts","Jewish","","0","units","0","","7.13.3.1.20","35","","","","0"
"2021","Prince Edward Island","2021A000211","65 years and over","Women+","2021 Counts","Muslim","","0","units","0","","7.13.3.1.21","15","","","","0"
"2021","Prince Edward Island","2021A000211","65 years and over","Women+","2021 Counts","Other religions and spiritual traditions","","0","units","0","","7.13.3.1.24","60","","","","0"
"2021","Prince Edward Island","2021A000211","65 years and over","Women+","2021 Counts","No religion and secular perspectives","","0","units","0","","7.13.3.1.25","1550","","","","0"
"2021","Prince Edward Island","2021A000211","65 years and over","Women+","% distribution (2021)","Total - Religion","","0","units","0","","7.13.3.2.1","0.0","","","","1"
"2021","Prince Edward Island","2021A000211","65 years and over","Women+","% distribution (2021)","Buddhist","","0","units","0","","7.13.3.2.2","0.0","","","","1"
"2021","Prince Edward Island","2021A000211","65 years and over","Women+","% distribution (2021)","Christian","","0","units","0","","7.13.3.2.3","0.0","","","","1"
"2021","Prince Edward Island","2021A000211","65 years and over","Women+","% distribution (2021)","Hindu","","0","units","0","","7.13.3.2.19","0.0","","","","1"
"2021","Prince Edward Island","2021A000211","65 years and over","Women+","% distribution (2021)","Jewish","","0","units","0","","7.13.3.2.20","0.0","","","","1"
"2021","Prince Edward Island","2021A000211","65 years and over","Women+","% distribution (2021)","Muslim","","0","units","0","","7.13.3.2.21","0.0","","","","1"
"2021","Prince Edward Island","2021A000211","65 years and over","Women+","% distribution (2021)","Sikh","","0","units","0","","7.13.3.2.22","0.0","","","","1"
"2021","Prince Edward Island","2021A000211","65 years and over","Women+","% distribution (2021)","Traditional (North American Indigenous) spirituality","","0","units","0","","7.13.3.2.23","0.0","","","","1"
"2021","Prince Edward Island","2021A000211","65 years and over","Women+","% distribution (2021)","Other religions and spiritual traditions","","0","units","0","","7.13.3.2.24","0.0","","","","1"
"2021","Prince Edward Island","2021A000211","65 years and over","Women+","% distribution (2021)","No religion and secular perspectives","","0","units","0","","7.13.3.2.25","0.0","","","","1"
"2021","Nova Scotia","2021A000212","Total - Age","Total - Gender","2021 Counts","Total - Religion","","0","units","0","","10.1.1.1.1","955855","","","","0"
"2021","Nova Scotia","2021A000212","Total - Age","Total - Gender","2021 Counts","Buddhist","","0","units","0","","10.1.1.1.2","2955","","","","0"
"2021","Nova Scotia","2021A000212","Total - Age","Total - Gender","2021 Counts","Christian","","0","units","0","","10.1.1.1.3","556115","","","","0"
"2021","Nova Scotia","2021A000212","Total - Age","Total - Gender","2021 Counts","Hindu","","0","units","0","","10.1.1.1.19","8460","","","","0"
"2021","Nova Scotia","2021A000212","Total - Age","Total - Gender","2021 Counts","Jewish","","0","units","0","","10.1.1.1.20","2200","","","","0"
"2021","Nova Scotia","2021A000212","Total - Age","Total - Gender","2021 Counts","Muslim","","0","units","0","","10.1.1.1.21","14715","","","","0"
"2021","Nova Scotia","2021A000212","Total - Age","Total - Gender","2021 Counts","Sikh","","0","units","0","","10.1.1.1.22","4730","","","","0"
"2021","Nova Scotia","2021A000212","Total - Age","Total - Gender","2021 Counts","Traditional (North American Indigenous) spirituality","","0","units","0","","10.1.1.1.23","1090","","","","0"
"2021","Nova Scotia","2021A000212","Total - Age","Total - Gender","2021 Counts","Other religions and spiritual traditions","","0","units","0","","10.1.1.1.24","6195","","","","0"
"2021","Nova Scotia","2021A000212","Total - Age","Total - Gender","2021 Counts","No religion and secular perspectives","","0","units","0","","10.1.1.1.25","359395","","","","0"
"2021","Nova Scotia","2021A000212","Total - Age","Total - Gender","% distribution (2021)","Total - Religion","","0","units","0","","10.1.1.2.1","2.6","","","","1"
"2021","Nova Scotia","2021A000212","Total - Age","Total - Gender","% distribution (2021)","Buddhist","","0","units","0","","10.1.1.2.2","0.0","","","","1"
"2021","Nova Scotia","2021A000212","Total - Age","Total - Gender","% distribution (2021)","Christian","","0","units","0","","10.1.1.2.3","1.5","","","","1"
"2021","Nova Scotia","2021A000212","Total - Age","Total - Gender","% distribution (2021)","Hindu","","0","units","0","","10.1.1.2.19","0.0","","","","1"
"2021","Nova Scotia","2021A000212","Total - Age","Total - Gender","% distribution (2021)","Jewish","","0","units","0","","10.1.1.2.20","0.0","","","","1"
"2021","Nova Scotia","2021A000212","Total - Age","Total - Gender","% distribution (2021)","Muslim","","0","units","0","","10.1.1.2.21","0.0","","","","1"
"2021","Nova Scotia","2021A000212","Total - Age","Total - Gender","% distribution (2021)","Sikh","","0","units","0","","10.1.1.2.22","0.0","","","","1"
"2021","Nova Scotia","2021A000212","Total - Age","Total - Gender","% distribution (2021)","Traditional (North American Indigenous) spirituality","","0","units","0","","10.1.1.2.23","0.0","","","","1"
"2021","Nova Scotia","2021A000212","Total - Age","Total - Gender","% distribution (2021)","Other religions and spiritual traditions","","0","units","0","","10.1.1.2.24","0.0","","","","1"
"2021","Nova Scotia","2021A000212","Total - Age","Total - Gender","% distribution (2021)","No religion and secular perspectives","","0","units","0","","10.1.1.2.25","1.0","","","","1"
"2021","Nova Scotia","2021A000212","Total - Age","Men+","2021 Counts","Total - Religion","","0","units","0","","10.1.2.1.1","465855","","","","0"
"2021","Nova Scotia","2021A000212","Total - Age","Men+","2021 Counts","Buddhist","","0","units","0","","10.1.2.1.2","1300","","","","0"
"2021","Nova Scotia","2021A000212","Total - Age","Men+","2021 Counts","Christian","","0","units","0","","10.1.2.1.3","256255","","","","0"
"2021","Nova Scotia","2021A000212","Total - Age","Men+","2021 Counts","Hindu","","0","units","0","","10.1.2.1.19","4895","","","","0"
"2021","Nova Scotia","2021A000212","Total - Age","Men+","2021 Counts","Jewish","","0","units","0","","10.1.2.1.20","1130","","","","0"
"2021","Nova Scotia","2021A000212","Total - Age","Men+","2021 Counts","Muslim","","0","units","0","","10.1.2.1.21","8025","","","","0"
"2021","Nova Scotia","2021A000212","Total - Age","Men+","2021 Counts","Sikh","","0","units","0","","10.1.2.1.22","2620","","","","0"
"2021","Nova Scotia","2021A000212","Total - Age","Men+","2021 Counts","Traditional (North American Indigenous) spirituality","","0","units","0","","10.1.2.1.23","485","","","","0"
"2021","Nova Scotia","2021A000212","Total - Age","Men+","2021 Counts","Other religions and spiritual traditions","","0","units","0","","10.1.2.1.24","2570","","","","0"
"2021","Nova Scotia","2021A000212","Total - Age","Men+","2021 Counts","No religion and secular perspectives","","0","units","0","","10.1.2.1.25","188575","","","","0"
"2021","Nova Scotia","2021A000212","Total - Age","Men+","% distribution (2021)","Total - Religion","","0","units","0","","10.1.2.2.1","1.3","","","","1"
"2021","Nova Scotia","2021A000212","Total - Age","Men+","% distribution (2021)","Buddhist","","0","units","0","","10.1.2.2.2","0.0","","","","1"
"2021","Nova Scotia","2021A000212","Total - Age","Men+","% distribution (2021)","Christian","","0","units","0","","10.1.2.2.3","0.7","","","","1"
"2021","Nova Scotia","2021A000212","Total - Age","Men+","% distribution (2021)","Hindu","","0","units","0","","10.1.2.2.19","0.0","","","","1"
"2021","Nova Scotia","2021A000212","Total - Age","Men+","% distribution (2021)","Jewish","","0","units","0","","10.1.2.2.20","0.0","","","","1"
"2021","Nova Scotia","2021A000212","Total - Age","Men+","% distribution (2021)","Muslim","","0","units","0","","10.1.2.2.21","0.0","","","","1"
"2021","Nova Scotia","2021A000212","Total - Age","Men+","% distribution (2021)","Sikh","","0","units","0","","10.1.2.2.22","0.0","","","","1"
"2021","Nova Scotia","2021A000212","Total - Age","Men+","% distribution (2021)","Traditional (North American Indigenous) spirituality","","0","units","0","","10.1.2.2.23","0.0","","","","1"
"2021","Nova Scotia","2021A000212","Total - Age","Men+","% distribution (2021)","Other religions and spiritual traditions","","0","units","0","","10.1.2.2.24","0.0","","","","1"
"2021","Nova Scotia","2021A000212","Total - Age","Men+","% distribution (2021)","No religion and secular perspectives","","0","units","0","","10.1.2.2.25","0.5","","","","1"
"2021","Nova Scotia","2021A000212","Total - Age","Women+","2021 Counts","Total - Religion","","0","units","0","","10.1.3.1.1","490005","","","","0"
"2021","Nova Scotia","2021A000212","Total - Age","Women+","2021 Counts","Buddhist","","0","units","0","","10.1.3.1.2","1655","","","","0"
"2021","Nova Scotia","2021A000212","Total - Age","Women+","2021 Counts","Christian","","0","units","0","","10.1.3.1.3","299860","","","","0"
"2021","Nova Scotia","2021A000212","Total - Age","Women+","2021 Counts","Hindu","","0","units","0","","10.1.3.1.19","3565","","","","0"
"2021","Nova Scotia","2021A000212","Total - Age","Women+","2021 Counts","Jewish","","0","units","0","","10.1.3.1.20","1070","","","","0"
"2021","Nova Scotia","2021A000212","Total - Age","Women+","2021 Counts","Muslim","","0","units","0","","10.1.3.1.21","6690","","","","0"
"2021","Nova Scotia","2021A000212","Total - Age","Women+","2021 Counts","Sikh","","0","units","0","","10.1.3.1.22","2115","","","","0"
"2021","Nova Scotia","2021A000212","Total - Age","Women+","2021 Counts","Traditional (North American Indigenous) spirituality","","0","units","0","","10.1.3.1.23","605","","","","0"
"2021","Nova Scotia","2021A000212","Total - Age","Women+","2021 Counts","Other religions and spiritual traditions","","0","units","0","","10.1.3.1.24","3625","","","","0"
"2021","Nova Scotia","2021A000212","Total - Age","Women+","2021 Counts","No religion and secular perspectives","","0","units","0","","10.1.3.1.25","170815","","","","0"
"2021","Nova Scotia","2021A000212","Total - Age","Women+","% distribution (2021)","Total - Religion","","0","units","0","","10.1.3.2.1","1.3","","","","1"
"2021","Nova Scotia","2021A000212","Total - Age","Women+","% distribution (2021)","Buddhist","","0","units","0","","10.1.3.2.2","0.0","","","","1"
"2021","Nova Scotia","2021A000212","Total - Age","Women+","% distribution (2021)","Christian","","0","units","0","","10.1.3.2.3","0.8","","","","1"
"2021","Nova Scotia","2021A000212","Total - Age","Women+","% distribution (2021)","Hindu","","0","units","0","","10.1.3.2.19","0.0","","","","1"
"2021","Nova Scotia","2021A000212","Total - Age","Women+","% distribution (2021)","Jewish","","0","units","0","","10.1.3.2.20","0.0","","","","1"
"2021","Nova Scotia","2021A000212","Total - Age","Women+","% distribution (2021)","Muslim","","0","units","0","","10.1.3.2.21","0.0","","","","1"
"2021","Nova Scotia","2021A000212","Total - Age","Women+","% distribution (2021)","Sikh","","0","units","0","","10.1.3.2.22","0.0","","","","1"
"2021","Nova Scotia","2021A000212","Total - Age","Women+","% distribution (2021)","Traditional (North American Indigenous) spirituality","","0","units","0","","10.1.3.2.23","0.0","","","","1"
"2021","Nova Scotia","2021A000212","Total - Age","Women+","% distribution (2021)","Other religions and spiritual traditions","","0","units","0","","10.1.3.2.24","0.0","","","","1"
"2021","Nova Scotia","2021A000212","Total - Age","Women+","% distribution (2021)","No religion and secular perspectives","","0","units","0","","10.1.3.2.25","0.5","","","","1"
"2021","Nova Scotia","2021A000212","0 to 14 years","Total - Gender","2021 Counts","Total - Religion","","0","units","0","","10.2.1.1.1","136540","","","","0"
"2021","Nova Scotia","2021A000212","0 to 14 years","Total - Gender","2021 Counts","Buddhist","","0","units","0","","10.2.1.1.2","180","","","","0"
"2021","Nova Scotia","2021A000212","0 to 14 years","Total - Gender","2021 Counts","Christian","","0","units","0","","10.2.1.1.3","53925","","","","0"
"2021","Nova Scotia","2021A000212","0 to 14 years","Total - Gender","2021 Counts","Hindu","","0","units","0","","10.2.1.1.19","1220","","","","0"
"2021","Nova Scotia","2021A000212","0 to 14 years","Total - Gender","2021 Counts","Jewish","","0","units","0","","10.2.1.1.20","330","","","","0"
"2021","Nova Scotia","2021A000212","0 to 14 years","Total - Gender","2021 Counts","Muslim","","0","units","0","","10.2.1.1.21","4180","","","","0"
"2021","Nova Scotia","2021A000212","0 to 14 years","Total - Gender","2021 Counts","Sikh","","0","units","0","","10.2.1.1.22","255","","","","0"
"2021","Nova Scotia","2021A000212","0 to 14 years","Total - Gender","2021 Counts","Traditional (North American Indigenous) spirituality","","0","units","0","","10.2.1.1.23","310","","","","0"
"2021","Nova Scotia","2021A000212","0 to 14 years","Total - Gender","2021 Counts","Other religions and spiritual traditions","","0","units","0","","10.2.1.1.24","515","","","","0"
"2021","Nova Scotia","2021A000212","0 to 14 years","Total - Gender","2021 Counts","No religion and secular perspectives","","0","units","0","","10.2.1.1.25","75630","","","","0"
"2021","Nova Scotia","2021A000212","0 to 14 years","Total - Gender","% distribution (2021)","Total - Religion","","0","units","0","","10.2.1.2.1","0.4","","","","1"
"2021","Nova Scotia","2021A000212","0 to 14 years","Total - Gender","% distribution (2021)","Buddhist","","0","units","0","","10.2.1.2.2","0.0","","","","1"
"2021","Nova Scotia","2021A000212","0 to 14 years","Total - Gender","% distribution (2021)","Christian","","0","units","0","","10.2.1.2.3","0.1","","","","1"
"2021","Nova Scotia","2021A000212","0 to 14 years","Total - Gender","% distribution (2021)","Hindu","","0","units","0","","10.2.1.2.19","0.0","","","","1"
"2021","Nova Scotia","2021A000212","0 to 14 years","Total - Gender","% distribution (2021)","Jewish","","0","units","0","","10.2.1.2.20","0.0","","","","1"
"2021","Nova Scotia","2021A000212","0 to 14 years","Total - Gender","% distribution (2021)","Muslim","","0","units","0","","10.2.1.2.21","0.0","","","","1"
"2021","Nova Scotia","2021A000212","0 to 14 years","Total - Gender","% distribution (2021)","Sikh","","0","units","0","","10.2.1.2.22","0.0","","","","1"
"2021","Nova Scotia","2021A000212","0 to 14 years","Total - Gender","% distribution (2021)","Traditional (North American Indigenous) spirituality","","0","units","0","","10.2.1.2.23","0.0","","","","1"
"2021","Nova Scotia","2021A000212","0 to 14 years","Total - Gender","% distribution (2021)","Other religions and spiritual traditions","","0","units","0","","10.2.1.2.24","0.0","","","","1"
"2021","Nova Scotia","2021A000212","0 to 14 years","Total - Gender","% distribution (2021)","No religion and secular perspectives","","0","units","0","","10.2.1.2.25","0.2","","","","1"
"2021","Nova Scotia","2021A000212","0 to 14 years","Men+","2021 Counts","Total - Religion","","0","units","0","","10.2.2.1.1","70050","","","","0"
"2021","Nova Scotia","2021A000212","0 to 14 years","Men+","2021 Counts","Buddhist","","0","units","0","","10.2.2.1.2","110","","","","0"
"2021","Nova Scotia","2021A000212","0 to 14 years","Men+","2021 Counts","Christian","","0","units","0","","10.2.2.1.3","27060","","","","0"
"2021","Nova Scotia","2021A000212","0 to 14 years","Men+","2021 Counts","Hindu","","0","units","0","","10.2.2.1.19","595","","","","0"
"2021","Nova Scotia","2021A000212","0 to 14 years","Men+","2021 Counts","Jewish","","0","units","0","","10.2.2.1.20","195","","","","0"
"2021","Nova Scotia","2021A000212","0 to 14 years","Men+","2021 Counts","Muslim","","0","units","0","","10.2.2.1.21","2275","","","","0"
"2021","Nova Scotia","2021A000212","0 to 14 years","Men+","2021 Counts","Sikh","","0","units","0","","10.2.2.1.22","170","","","","0"
"2021","Nova Scotia","2021A000212","0 to 14 years","Men+","2021 Counts","Traditional (North American Indigenous) spirituality","","0","units","0","","10.2.2.1.23","145","","","","0"
"2021","Nova Scotia","2021A000212","0 to 14 years","Men+","2021 Counts","Other religions and spiritual traditions","","0","units","0","","10.2.2.1.24","280","","","","0"
"2021","Nova Scotia","2021A000212","0 to 14 years","Men+","2021 Counts","No religion and secular perspectives","","0","units","0","","10.2.2.1.25","39225","","","","0"
"2021","Nova Scotia","2021A000212","0 to 14 years","Men+","% distribution (2021)","Total - Religion","","0","units","0","","10.2.2.2.1","0.2","","","","1"
"2021","Nova Scotia","2021A000212","0 to 14 years","Men+","% distribution (2021)","Buddhist","","0","units","0","","10.2.2.2.2","0.0","","","","1"
"2021","Nova Scotia","2021A000212","0 to 14 years","Men+","% distribution (2021)","Christian","","0","units","0","","10.2.2.2.3","0.1","","","","1"
"2021","Nova Scotia","2021A000212","0 to 14 years","Men+","% distribution (2021)","Hindu","","0","units","0","","10.2.2.2.19","0.0","","","","1"
"2021","Nova Scotia","2021A000212","0 to 14 years","Men+","% distribution (2021)","Jewish","","0","units","0","","10.2.2.2.20","0.0","","","","1"
"2021","Nova Scotia","2021A000212","0 to 14 years","Men+","% distribution (2021)","Muslim","","0","units","0","","10.2.2.2.21","0.0","","","","1"
"2021","Nova Scotia","2021A000212","0 to 14 years","Men+","% distribution (2021)","Sikh","","0","units","0","","10.2.2.2.22","0.0","","","","1"
"2021","Nova Scotia","2021A000212","0 to 14 years","Men+","% distribution (2021)","Traditional (North American Indigenous) spirituality","","0","units","0","","10.2.2.2.23","0.0","","","","1"
"2021","Nova Scotia","2021A000212","0 to 14 years","Men+","% distribution (2021)","Other religions and spiritual traditions","","0","units","0","","10.2.2.2.24","0.0","","","","1"
"2021","Nova Scotia","2021A000212","0 to 14 years","Men+","% distribution (2021)","No religion and secular perspectives","","0","units","0","","10.2.2.2.25","0.1","","","","1"
"2021","Nova Scotia","2021A000212","0 to 14 years","Women+","2021 Counts","Total - Religion","","0","units","0","","10.2.3.1.1","66490","","","","0"
"2021","Nova Scotia","2021A000212","0 to 14 years","Women+","2021 Counts","Buddhist","","0","units","0","","10.2.3.1.2","70","","","","0"
"2021","Nova Scotia","2021A000212","0 to 14 years","Women+","2021 Counts","Christian","","0","units","0","","10.2.3.1.3","26865","","","","0"
"2021","Nova Scotia","2021A000212","0 to 14 years","Women+","2021 Counts","Hindu","","0","units","0","","10.2.3.1.19","620","","","","0"
"2021","Nova Scotia","2021A000212","0 to 14 years","Women+","2021 Counts","Jewish","","0","units","0","","10.2.3.1.20","145","","","","0"
"2021","Nova Scotia","2021A000212","0 to 14 years","Women+","2021 Counts","Muslim","","0","units","0","","10.2.3.1.21","1900","","","","0"
"2021","Nova Scotia","2021A000212","0 to 14 years","Women+","2021 Counts","Sikh","","0","units","0","","10.2.3.1.22","90","","","","0"
"2021","Nova Scotia","2021A000212","0 to 14 years","Women+","2021 Counts","Traditional (North American Indigenous) spirituality","","0","units","0","","10.2.3.1.23","165","","","","0"
"2021","Nova Scotia","2021A000212","0 to 14 years","Women+","2021 Counts","Other religions and spiritual traditions","","0","units","0","","10.2.3.1.24","235","","","","0"
"2021","Nova Scotia","2021A000212","0 to 14 years","Women+","2021 Counts","No religion and secular perspectives","","0","units","0","","10.2.3.1.25","36405","","","","0"
"2021","Nova Scotia","2021A000212","0 to 14 years","Women+","% distribution (2021)","Total - Religion","","0","units","0","","10.2.3.2.1","0.2","","","","1"
"2021","Nova Scotia","2021A000212","0 to 14 years","Women+","% distribution (2021)","Buddhist","","0","units","0","","10.2.3.2.2","0.0","","","","1"
"2021","Nova Scotia","2021A000212","0 to 14 years","Women+","% distribution (2021)","Christian","","0","units","0","","10.2.3.2.3","0.1","","","","1"
"2021","Nova Scotia","2021A000212","0 to 14 years","Women+","% distribution (2021)","Hindu","","0","units","0","","10.2.3.2.19","0.0","","","","1"
"2021","Nova Scotia","2021A000212","0 to 14 years","Women+","% distribution (2021)","Jewish","","0","units","0","","10.2.3.2.20","0.0","","","","1"
"2021","Nova Scotia","2021A000212","0 to 14 years","Women+","% distribution (2021)","Muslim","","0","units","0","","10.2.3.2.21","0.0","","","","1"
"2021","Nova Scotia","2021A000212","0 to 14 years","Women+","% distribution (2021)","Sikh","","0","units","0","","10.2.3.2.22","0.0","","","","1"
"2021","Nova Scotia","2021A000212","0 to 14 years","Women+","% distribution (2021)","Traditional (North American Indigenous) spirituality","","0","units","0","","10.2.3.2.23","0.0","","","","1"
"2021","Nova Scotia","2021A000212","0 to 14 years","Women+","% distribution (2021)","Other religions and spiritual traditions","","0","units","0","","10.2.3.2.24","0.0","","","","1"
"2021","Nova Scotia","2021A000212","0 to 14 years","Women+","% distribution (2021)","No religion and secular perspectives","","0","units","0","","10.2.3.2.25","0.1","","","","1"
"2021","Nova Scotia","2021A000212","15 years and over","Total - Gender","2021 Counts","Total - Religion","","0","units","0","","10.3.1.1.1","819315","","","","0"
"2021","Nova Scotia","2021A000212","15 years and over","Total - Gender","2021 Counts","Buddhist","","0","units","0","","10.3.1.1.2","2780","","","","0"
"2021","Nova Scotia","2021A000212","15 years and over","Total - Gender","2021 Counts","Christian","","0","units","0","","10.3.1.1.3","502190","","","","0"
"2021","Nova Scotia","2021A000212","15 years and over","Total - Gender","2021 Counts","Hindu","","0","units","0","","10.3.1.1.19","7240","","","","0"
"2021","Nova Scotia","2021A000212","15 years and over","Total - Gender","2021 Counts","Jewish","","0","units","0","","10.3.1.1.20","1865","","","","0"
"2021","Nova Scotia","2021A000212","15 years and over","Total - Gender","2021 Counts","Muslim","","0","units","0","","10.3.1.1.21","10535","","","","0"
"2021","Nova Scotia","2021A000212","15 years and over","Total - Gender","2021 Counts","Sikh","","0","units","0","","10.3.1.1.22","4480","","","","0"
"2021","Nova Scotia","2021A000212","15 years and over","Total - Gender","2021 Counts","Traditional (North American Indigenous) spirituality","","0","units","0","","10.3.1.1.23","775","","","","0"
"2021","Nova Scotia","2021A000212","15 years and over","Total - Gender","2021 Counts","Other religions and spiritual traditions","","0","units","0","","10.3.1.1.24","5680","","","","0"
"2021","Nova Scotia","2021A000212","15 years and over","Total - Gender","2021 Counts","No religion and secular perspectives","","0","units","0","","10.3.1.1.25","283770","","","","0"
"2021","Nova Scotia","2021A000212","15 years and over","Total - Gender","% distribution (2021)","Total - Religion","","0","units","0","","10.3.1.2.1","2.3","","","","1"
"2021","Nova Scotia","2021A000212","15 years and over","Total - Gender","% distribution (2021)","Buddhist","","0","units","0","","10.3.1.2.2","0.0","","","","1"
"2021","Nova Scotia","2021A000212","15 years and over","Total - Gender","% distribution (2021)","Christian","","0","units","0","","10.3.1.2.3","1.4","","","","1"
"2021","Nova Scotia","2021A000212","15 years and over","Total - Gender","% distribution (2021)","Hindu","","0","units","0","","10.3.1.2.19","0.0","","","","1"
"2021","Nova Scotia","2021A000212","15 years and over","Total - Gender","% distribution (2021)","Jewish","","0","units","0","","10.3.1.2.20","0.0","","","","1"
"2021","Nova Scotia","2021A000212","15 years and over","Total - Gender","% distribution (2021)","Muslim","","0","units","0","","10.3.1.2.21","0.0","","","","1"
"2021","Nova Scotia","2021A000212","15 years and over","Total - Gender","% distribution (2021)","Sikh","","0","units","0","","10.3.1.2.22","0.0","","","","1"
"2021","Nova Scotia","2021A000212","15 years and over","Total - Gender","% distribution (2021)","Traditional (North American Indigenous) spirituality","","0","units","0","","10.3.1.2.23","0.0","","","","1"
"2021","Nova Scotia","2021A000212","15 years and over","Total - Gender","% distribution (2021)","Other religions and spiritual traditions","","0","units","0","","10.3.1.2.24","0.0","","","","1"
"2021","Nova Scotia","2021A000212","15 years and over","Total - Gender","% distribution (2021)","No religion and secular perspectives","","0","units","0","","10.3.1.2.25","0.8","","","","1"
"2021","Nova Scotia","2021A000212","15 years and over","Men+","2021 Counts","Total - Religion","","0","units","0","","10.3.2.1.1","395805","","","","0"
"2021","Nova Scotia","2021A000212","15 years and over","Men+","2021 Counts","Buddhist","","0","units","0","","10.3.2.1.2","1190","","","","0"
"2021","Nova Scotia","2021A000212","15 years and over","Men+","2021 Counts","Christian","","0","units","0","","10.3.2.1.3","229195","","","","0"
"2021","Nova Scotia","2021A000212","15 years and over","Men+","2021 Counts","Hindu","","0","units","0","","10.3.2.1.19","4300","","","","0"
"2021","Nova Scotia","2021A000212","15 years and over","Men+","2021 Counts","Jewish","","0","units","0","","10.3.2.1.20","935","","","","0"
"2021","Nova Scotia","2021A000212","15 years and over","Men+","2021 Counts","Muslim","","0","units","0","","10.3.2.1.21","5745","","","","0"
"2021","Nova Scotia","2021A000212","15 years and over","Men+","2021 Counts","Sikh","","0","units","0","","10.3.2.1.22","2455","","","","0"
"2021","Nova Scotia","2021A000212","15 years and over","Men+","2021 Counts","Traditional (North American Indigenous) spirituality","","0","units","0","","10.3.2.1.23","335","","","","0"
"2021","Nova Scotia","2021A000212","15 years and over","Men+","2021 Counts","Other religions and spiritual traditions","","0","units","0","","10.3.2.1.24","2290","","","","0"
"2021","Nova Scotia","2021A000212","15 years and over","Men+","2021 Counts","No religion and secular perspectives","","0","units","0","","10.3.2.1.25","149360","","","","0"
"2021","Nova Scotia","2021A000212","15 years and over","Men+","% distribution (2021)","Total - Religion","","0","units","0","","10.3.2.2.1","1.1","","","","1"
"2021","Nova Scotia","2021A000212","15 years and over","Men+","% distribution (2021)","Buddhist","","0","units","0","","10.3.2.2.2","0.0","","","","1"
"2021","Nova Scotia","2021A000212","15 years and over","Men+","% distribution (2021)","Christian","","0","units","0","","10.3.2.2.3","0.6","","","","1"
"2021","Nova Scotia","2021A000212","15 years and over","Men+","% distribution (2021)","Hindu","","0","units","0","","10.3.2.2.19","0.0","","","","1"
"2021","Nova Scotia","2021A000212","15 years and over","Men+","% distribution (2021)","Jewish","","0","units","0","","10.3.2.2.20","0.0","","","","1"
"2021","Nova Scotia","2021A000212","15 years and over","Men+","% distribution (2021)","Muslim","","0","units","0","","10.3.2.2.21","0.0","","","","1"
"2021","Nova Scotia","2021A000212","15 years and over","Men+","% distribution (2021)","Sikh","","0","units","0","","10.3.2.2.22","0.0","","","","1"
"2021","Nova Scotia","2021A000212","15 years and over","Men+","% distribution (2021)","Traditional (North American Indigenous) spirituality","","0","units","0","","10.3.2.2.23","0.0","","","","1"
"2021","Nova Scotia","2021A000212","15 years and over","Men+","% distribution (2021)","Other religions and spiritual traditions","","0","units","0","","10.3.2.2.24","0.0","","","","1"
"2021","Nova Scotia","2021A000212","15 years and over","Men+","% distribution (2021)","No religion and secular perspectives","","0","units","0","","10.3.2.2.25","0.4","","","","1"
"2021","Nova Scotia","2021A000212","15 years and over","Women+","2021 Counts","Total - Religion","","0","units","0","","10.3.3.1.1","423510","","","","0"
"2021","Nova Scotia","2021A000212","15 years and over","Women+","2021 Counts","Buddhist","","0","units","0","","10.3.3.1.2","1585","","","","0"
"2021","Nova Scotia","2021A000212","15 years and over","Women+","2021 Counts","Christian","","0","units","0","","10.3.3.1.3","272995","","","","0"
"2021","Nova Scotia","2021A000212","15 years and over","Women+","2021 Counts","Hindu","","0","units","0","","10.3.3.1.19","2935","","","","0"
"2021","Nova Scotia","2021A000212","15 years and over","Women+","2021 Counts","Jewish","","0","units","0","","10.3.3.1.20","925","","","","0"
"2021","Nova Scotia","2021A000212","15 years and over","Women+","2021 Counts","Muslim","","0","units","0","","10.3.3.1.21","4790","","","","0"
"2021","Nova Scotia","2021A000212","15 years and over","Women+","2021 Counts","Sikh","","0","units","0","","10.3.3.1.22","2025","","","","0"
"2021","Nova Scotia","2021A000212","15 years and over","Women+","2021 Counts","Traditional (North American Indigenous) spirituality","","0","units","0","","10.3.3.1.23","440","","","","0"
"2021","Nova Scotia","2021A000212","15 years and over","Women+","2021 Counts","Other religions and spiritual traditions","","0","units","0","","10.3.3.1.24","3390","","","","0"
"2021","Nova Scotia","2021A000212","15 years and over","Women+","2021 Counts","No religion and secular perspectives","","0","units","0","","10.3.3.1.25","134410","","","","0"
"2021","Nova Scotia","2021A000212","15 years and over","Women+","% distribution (2021)","Total - Religion","","0","units","0","","10.3.3.2.1","1.2","","","","1"
"2021","Nova Scotia","2021A000212","15 years and over","Women+","% distribution (2021)","Buddhist","","0","units","0","","10.3.3.2.2","0.0","","","","1"
"2021","Nova Scotia","2021A000212","15 years and over","Women+","% distribution (2021)","Christian","","0","units","0","","10.3.3.2.3","0.8","","","","1"
"2021","Nova Scotia","2021A000212","15 years and over","Women+","% distribution (2021)","Hindu","","0","units","0","","10.3.3.2.19","0.0","","","","1"
"2021","Nova Scotia","2021A000212","15 years and over","Women+","% distribution (2021)","Jewish","","0","units","0","","10.3.3.2.20","0.0","","","","1"
"2021","Nova Scotia","2021A000212","15 years and over","Women+","% distribution (2021)","Muslim","","0","units","0","","10.3.3.2.21","0.0","","","","1"
"2021","Nova Scotia","2021A000212","15 years and over","Women+","% distribution (2021)","Sikh","","0","units","0","","10.3.3.2.22","0.0","","","","1"
"2021","Nova Scotia","2021A000212","15 years and over","Women+","% distribution (2021)","Traditional (North American Indigenous) spirituality","","0","units","0","","10.3.3.2.23","0.0","","","","1"
"2021","Nova Scotia","2021A000212","15 years and over","Women+","% distribution (2021)","Other religions and spiritual traditions","","0","units","0","","10.3.3.2.24","0.0","","","","1"
"2021","Nova Scotia","2021A000212","15 years and over","Women+","% distribution (2021)","No religion and secular perspectives","","0","units","0","","10.3.3.2.25","0.4","","","","1"
"2021","Nova Scotia","2021A000212","15 to 24 years","Total - Gender","2021 Counts","Total - Religion","","0","units","0","","10.4.1.1.1","105605","","","","0"
"2021","Nova Scotia","2021A000212","15 to 24 years","Total - Gender","2021 Counts","Buddhist","","0","units","0","","10.4.1.1.2","300","","","","0"
"2021","Nova Scotia","2021A000212","15 to 24 years","Total - Gender","2021 Counts","Christian","","0","units","0","","10.4.1.1.3","48600","","","","0"
"2021","Nova Scotia","2021A000212","15 to 24 years","Total - Gender","2021 Counts","Hindu","","0","units","0","","10.4.1.1.19","2160","","","","0"
"2021","Nova Scotia","2021A000212","15 to 24 years","Total - Gender","2021 Counts","Jewish","","0","units","0","","10.4.1.1.20","260","","","","0"
"2021","Nova Scotia","2021A000212","15 to 24 years","Total - Gender","2021 Counts","Muslim","","0","units","0","","10.4.1.1.21","2740","","","","0"
"2021","Nova Scotia","2021A000212","15 to 24 years","Total - Gender","2021 Counts","Sikh","","0","units","0","","10.4.1.1.22","2460","","","","0"
"2021","Nova Scotia","2021A000212","15 to 24 years","Total - Gender","2021 Counts","Traditional (North American Indigenous) spirituality","","0","units","0","","10.4.1.1.23","145","","","","0"
"2021","Nova Scotia","2021A000212","15 to 24 years","Total - Gender","2021 Counts","Other religions and spiritual traditions","","0","units","0","","10.4.1.1.24","785","","","","0"
"2021","Nova Scotia","2021A000212","15 to 24 years","Total - Gender","2021 Counts","No religion and secular perspectives","","0","units","0","","10.4.1.1.25","48160","","","","0"
"2021","Nova Scotia","2021A000212","15 to 24 years","Total - Gender","% distribution (2021)","Total - Religion","","0","units","0","","10.4.1.2.1","0.3","","","","1"
"2021","Nova Scotia","2021A000212","15 to 24 years","Total - Gender","% distribution (2021)","Buddhist","","0","units","0","","10.4.1.2.2","0.0","","","","1"
"2021","Nova Scotia","2021A000212","15 to 24 years","Total - Gender","% distribution (2021)","Christian","","0","units","0","","10.4.1.2.3","0.1","","","","1"
"2021","Nova Scotia","2021A000212","15 to 24 years","Total - Gender","% distribution (2021)","Hindu","","0","units","0","","10.4.1.2.19","0.0","","","","1"
"2021","Nova Scotia","2021A000212","15 to 24 years","Total - Gender","% distribution (2021)","Jewish","","0","units","0","","10.4.1.2.20","0.0","","","","1"
"2021","Nova Scotia","2021A000212","15 to 24 years","Total - Gender","% distribution (2021)","Muslim","","0","units","0","","10.4.1.2.21","0.0","","","","1"
"2021","Nova Scotia","2021A000212","15 to 24 years","Total - Gender","% distribution (2021)","Sikh","","0","units","0","","10.4.1.2.22","0.0","","","","1"
"2021","Nova Scotia","2021A000212","15 to 24 years","Total - Gender","% distribution (2021)","Traditional (North American Indigenous) spirituality","","0","units","0","","10.4.1.2.23","0.0","","","","1"
"2021","Nova Scotia","2021A000212","15 to 24 years","Total - Gender","% distribution (2021)","Other religions and spiritual traditions","","0","units","0","","10.4.1.2.24","0.0","","","","1"
"2021","Nova Scotia","2021A000212","15 to 24 years","Total - Gender","% distribution (2021)","No religion and secular perspectives","","0","units","0","","10.4.1.2.25","0.1","","","","1"
"2021","Nova Scotia","2021A000212","15 to 24 years","Men+","2021 Counts","Total - Religion","","0","units","0","","10.4.2.1.1","54760","","","","0"
"2021","Nova Scotia","2021A000212","15 to 24 years","Men+","2021 Counts","Buddhist","","0","units","0","","10.4.2.1.2","125","","","","0"
"2021","Nova Scotia","2021A000212","15 to 24 years","Men+","2021 Counts","Christian","","0","units","0","","10.4.2.1.3","24960","","","","0"
"2021","Nova Scotia","2021A000212","15 to 24 years","Men+","2021 Counts","Hindu","","0","units","0","","10.4.2.1.19","1380","","","","0"
"2021","Nova Scotia","2021A000212","15 to 24 years","Men+","2021 Counts","Jewish","","0","units","0","","10.4.2.1.20","140","","","","0"
"2021","Nova Scotia","2021A000212","15 to 24 years","Men+","2021 Counts","Muslim","","0","units","0","","10.4.2.1.21","1535","","","","0"
"2021","Nova Scotia","2021A000212","15 to 24 years","Men+","2021 Counts","Sikh","","0","units","0","","10.4.2.1.22","1325","","","","0"
"2021","Nova Scotia","2021A000212","15 to 24 years","Men+","2021 Counts","Traditional (North American Indigenous) spirituality","","0","units","0","","10.4.2.1.23","70","","","","0"
"2021","Nova Scotia","2021A000212","15 to 24 years","Men+","2021 Counts","Other religions and spiritual traditions","","0","units","0","","10.4.2.1.24","360","","","","0"
"2021","Nova Scotia","2021A000212","15 to 24 years","Men+","2021 Counts","No religion and secular perspectives","","0","units","0","","10.4.2.1.25","24860","","","","0"
"2021","Nova Scotia","2021A000212","15 to 24 years","Men+","% distribution (2021)","Total - Religion","","0","units","0","","10.4.2.2.1","0.2","","","","1"
"2021","Nova Scotia","2021A000212","15 to 24 years","Men+","% distribution (2021)","Buddhist","","0","units","0","","10.4.2.2.2","0.0","","","","1"
"2021","Nova Scotia","2021A000212","15 to 24 years","Men+","% distribution (2021)","Christian","","0","units","0","","10.4.2.2.3","0.1","","","","1"
"2021","Nova Scotia","2021A000212","15 to 24 years","Men+","% distribution (2021)","Hindu","","0","units","0","","10.4.2.2.19","0.0","","","","1"
"2021","Nova Scotia","2021A000212","15 to 24 years","Men+","% distribution (2021)","Jewish","","0","units","0","","10.4.2.2.20","0.0","","","","1"
"2021","Nova Scotia","2021A000212","15 to 24 years","Men+","% distribution (2021)","Muslim","","0","units","0","","10.4.2.2.21","0.0","","","","1"
"2021","Nova Scotia","2021A000212","15 to 24 years","Men+","% distribution (2021)","Sikh","","0","units","0","","10.4.2.2.22","0.0","","","","1"
"2021","Nova Scotia","2021A000212","15 to 24 years","Men+","% distribution (2021)","Traditional (North American Indigenous) spirituality","","0","units","0","","10.4.2.2.23","0.0","","","","1"
"2021","Nova Scotia","2021A000212","15 to 24 years","Men+","% distribution (2021)","Other religions and spiritual traditions","","0","units","0","","10.4.2.2.24","0.0","","","","1"
"2021","Nova Scotia","2021A000212","15 to 24 years","Men+","% distribution (2021)","No religion and secular perspectives","","0","units","0","","10.4.2.2.25","0.1","","","","1"
"2021","Nova Scotia","2021A000212","15 to 24 years","Women+","2021 Counts","Total - Religion","","0","units","0","","10.4.3.1.1","50840","","","","0"
"2021","Nova Scotia","2021A000212","15 to 24 years","Women+","2021 Counts","Buddhist","","0","units","0","","10.4.3.1.2","170","","","","0"
"2021","Nova Scotia","2021A000212","15 to 24 years","Women+","2021 Counts","Christian","","0","units","0","","10.4.3.1.3","23635","","","","0"
"2021","Nova Scotia","2021A000212","15 to 24 years","Women+","2021 Counts","Hindu","","0","units","0","","10.4.3.1.19","780","","","","0"
"2021","Nova Scotia","2021A000212","15 to 24 years","Women+","2021 Counts","Jewish","","0","units","0","","10.4.3.1.20","120","","","","0"
"2021","Nova Scotia","2021A000212","15 to 24 years","Women+","2021 Counts","Muslim","","0","units","0","","10.4.3.1.21","1200","","","","0"
"2021","Nova Scotia","2021A000212","15 to 24 years","Women+","2021 Counts","Sikh","","0","units","0","","10.4.3.1.22","1135","","","","0"
"2021","Nova Scotia","2021A000212","15 to 24 years","Women+","2021 Counts","Traditional (North American Indigenous) spirituality","","0","units","0","","10.4.3.1.23","65","","","","0"
"2021","Nova Scotia","2021A000212","15 to 24 years","Women+","2021 Counts","Other religions and spiritual traditions","","0","units","0","","10.4.3.1.24","425","","","","0"
"2021","Nova Scotia","2021A000212","15 to 24 years","Women+","2021 Counts","No religion and secular perspectives","","0","units","0","","10.4.3.1.25","23295","","","","0"
"2021","Nova Scotia","2021A000212","15 to 24 years","Women+","% distribution (2021)","Total - Religion","","0","units","0","","10.4.3.2.1","0.1","","","","1"
"2021","Nova Scotia","2021A000212","15 to 24 years","Women+","% distribution (2021)","Buddhist","","0","units","0","","10.4.3.2.2","0.0","","","","1"
"2021","Nova Scotia","2021A000212","15 to 24 years","Women+","% distribution (2021)","Christian","","0","units","0","","10.4.3.2.3","0.1","","","","1"
"2021","Nova Scotia","2021A000212","15 to 24 years","Women+","% distribution (2021)","Hindu","","0","units","0","","10.4.3.2.19","0.0","","","","1"
"2021","Nova Scotia","2021A000212","15 to 24 years","Women+","% distribution (2021)","Jewish","","0","units","0","","10.4.3.2.20","0.0","","","","1"
"2021","Nova Scotia","2021A000212","15 to 24 years","Women+","% distribution (2021)","Muslim","","0","units","0","","10.4.3.2.21","0.0","","","","1"
"2021","Nova Scotia","2021A000212","15 to 24 years","Women+","% distribution (2021)","Sikh","","0","units","0","","10.4.3.2.22","0.0","","","","1"
"2021","Nova Scotia","2021A000212","15 to 24 years","Women+","% distribution (2021)","Traditional (North American Indigenous) spirituality","","0","units","0","","10.4.3.2.23","0.0","","","","1"
"2021","Nova Scotia","2021A000212","15 to 24 years","Women+","% distribution (2021)","Other religions and spiritual traditions","","0","units","0","","10.4.3.2.24","0.0","","","","1"
"2021","Nova Scotia","2021A000212","15 to 24 years","Women+","% distribution (2021)","No religion and secular perspectives","","0","units","0","","10.4.3.2.25","0.1","","","","1"
"2021","Nova Scotia","2021A000212","25 to 64 years","Total - Gender","2021 Counts","Total - Religion","","0","units","0","","10.7.1.1.1","507465","","","","0"
"2021","Nova Scotia","2021A000212","25 to 64 years","Total - Gender","2021 Counts","Buddhist","","0","units","0","","10.7.1.1.2","1885","","","","0"
"2021","Nova Scotia","2021A000212","25 to 64 years","Total - Gender","2021 Counts","Christian","","0","units","0","","10.7.1.1.3","283025","","","","0"
"2021","Nova Scotia","2021A000212","25 to 64 years","Total - Gender","2021 Counts","Hindu","","0","units","0","","10.7.1.1.19","4835","","","","0"
"2021","Nova Scotia","2021A000212","25 to 64 years","Total - Gender","2021 Counts","Jewish","","0","units","0","","10.7.1.1.20","1015","","","","0"
"2021","Nova Scotia","2021A000212","25 to 64 years","Total - Gender","2021 Counts","Muslim","","0","units","0","","10.7.1.1.21","7170","","","","0"
"2021","Nova Scotia","2021A000212","25 to 64 years","Total - Gender","2021 Counts","Sikh","","0","units","0","","10.7.1.1.22","1900","","","","0"
"2021","Nova Scotia","2021A000212","25 to 64 years","Total - Gender","2021 Counts","Traditional (North American Indigenous) spirituality","","0","units","0","","10.7.1.1.23","570","","","","0"
"2021","Nova Scotia","2021A000212","25 to 64 years","Total - Gender","2021 Counts","Other religions and spiritual traditions","","0","units","0","","10.7.1.1.24","4170","","","","0"
"2021","Nova Scotia","2021A000212","25 to 64 years","Total - Gender","2021 Counts","No religion and secular perspectives","","0","units","0","","10.7.1.1.25","202895","","","","0"
"2021","Nova Scotia","2021A000212","25 to 64 years","Total - Gender","% distribution (2021)","Total - Religion","","0","units","0","","10.7.1.2.1","1.4","","","","1"
"2021","Nova Scotia","2021A000212","25 to 64 years","Total - Gender","% distribution (2021)","Buddhist","","0","units","0","","10.7.1.2.2","0.0","","","","1"
"2021","Nova Scotia","2021A000212","25 to 64 years","Total - Gender","% distribution (2021)","Christian","","0","units","0","","10.7.1.2.3","0.8","","","","1"
"2021","Nova Scotia","2021A000212","25 to 64 years","Total - Gender","% distribution (2021)","Hindu","","0","units","0","","10.7.1.2.19","0.0","","","","1"
"2021","Nova Scotia","2021A000212","25 to 64 years","Total - Gender","% distribution (2021)","Jewish","","0","units","0","","10.7.1.2.20","0.0","","","","1"
"2021","Nova Scotia","2021A000212","25 to 64 years","Total - Gender","% distribution (2021)","Muslim","","0","units","0","","10.7.1.2.21","0.0","","","","1"
"2021","Nova Scotia","2021A000212","25 to 64 years","Total - Gender","% distribution (2021)","Sikh","","0","units","0","","10.7.1.2.22","0.0","","","","1"
"2021","Nova Scotia","2021A000212","25 to 64 years","Total - Gender","% distribution (2021)","Traditional (North American Indigenous) spirituality","","0","units","0","","10.7.1.2.23","0.0","","","","1"
"2021","Nova Scotia","2021A000212","25 to 64 years","Total - Gender","% distribution (2021)","Other religions and spiritual traditions","","0","units","0","","10.7.1.2.24","0.0","","","","1"
"2021","Nova Scotia","2021A000212","25 to 64 years","Total - Gender","% distribution (2021)","No religion and secular perspectives","","0","units","0","","10.7.1.2.25","0.6","","","","1"
"2021","Nova Scotia","2021A000212","25 to 64 years","Men+","2021 Counts","Total - Religion","","0","units","0","","10.7.2.1.1","245000","","","","0"
"2021","Nova Scotia","2021A000212","25 to 64 years","Men+","2021 Counts","Buddhist","","0","units","0","","10.7.2.1.2","780","","","","0"
"2021","Nova Scotia","2021A000212","25 to 64 years","Men+","2021 Counts","Christian","","0","units","0","","10.7.2.1.3","128140","","","","0"
"2021","Nova Scotia","2021A000212","25 to 64 years","Men+","2021 Counts","Hindu","","0","units","0","","10.7.2.1.19","2800","","","","0"
"2021","Nova Scotia","2021A000212","25 to 64 years","Men+","2021 Counts","Jewish","","0","units","0","","10.7.2.1.20","470","","","","0"
"2021","Nova Scotia","2021A000212","25 to 64 years","Men+","2021 Counts","Muslim","","0","units","0","","10.7.2.1.21","3845","","","","0"
"2021","Nova Scotia","2021A000212","25 to 64 years","Men+","2021 Counts","Sikh","","0","units","0","","10.7.2.1.22","1070","","","","0"
"2021","Nova Scotia","2021A000212","25 to 64 years","Men+","2021 Counts","Traditional (North American Indigenous) spirituality","","0","units","0","","10.7.2.1.23","230","","","","0"
"2021","Nova Scotia","2021A000212","25 to 64 years","Men+","2021 Counts","Other religions and spiritual traditions","","0","units","0","","10.7.2.1.24","1595","","","","0"
"2021","Nova Scotia","2021A000212","25 to 64 years","Men+","2021 Counts","No religion and secular perspectives","","0","units","0","","10.7.2.1.25","106070","","","","0"
"2021","Nova Scotia","2021A000212","25 to 64 years","Men+","% distribution (2021)","Total - Religion","","0","units","0","","10.7.2.2.1","0.7","","","","1"
"2021","Nova Scotia","2021A000212","25 to 64 years","Men+","% distribution (2021)","Buddhist","","0","units","0","","10.7.2.2.2","0.0","","","","1"
"2021","Nova Scotia","2021A000212","25 to 64 years","Men+","% distribution (2021)","Christian","","0","units","0","","10.7.2.2.3","0.4","","","","1"
"2021","Nova Scotia","2021A000212","25 to 64 years","Men+","% distribution (2021)","Hindu","","0","units","0","","10.7.2.2.19","0.0","","","","1"
"2021","Nova Scotia","2021A000212","25 to 64 years","Men+","% distribution (2021)","Jewish","","0","units","0","","10.7.2.2.20","0.0","","","","1"
"2021","Nova Scotia","2021A000212","25 to 64 years","Men+","% distribution (2021)","Muslim","","0","units","0","","10.7.2.2.21","0.0","","","","1"
"2021","Nova Scotia","2021A000212","25 to 64 years","Men+","% distribution (2021)","Sikh","","0","units","0","","10.7.2.2.22","0.0","","","","1"
"2021","Nova Scotia","2021A000212","25 to 64 years","Men+","% distribution (2021)","Traditional (North American Indigenous) spirituality","","0","units","0","","10.7.2.2.23","0.0","","","","1"
"2021","Nova Scotia","2021A000212","25 to 64 years","Men+","% distribution (2021)","Other religions and spiritual traditions","","0","units","0","","10.7.2.2.24","0.0","","","","1"
"2021","Nova Scotia","2021A000212","25 to 64 years","Men+","% distribution (2021)","No religion and secular perspectives","","0","units","0","","10.7.2.2.25","0.3","","","","1"
"2021","Nova Scotia","2021A000212","25 to 64 years","Women+","2021 Counts","Total - Religion","","0","units","0","","10.7.3.1.1","262465","","","","0"
"2021","Nova Scotia","2021A000212","25 to 64 years","Women+","2021 Counts","Buddhist","","0","units","0","","10.7.3.1.2","1105","","","","0"
"2021","Nova Scotia","2021A000212","25 to 64 years","Women+","2021 Counts","Christian","","0","units","0","","10.7.3.1.3","154880","","","","0"
"2021","Nova Scotia","2021A000212","25 to 64 years","Women+","2021 Counts","Hindu","","0","units","0","","10.7.3.1.19","2035","","","","0"
"2021","Nova Scotia","2021A000212","25 to 64 years","Women+","2021 Counts","Jewish","","0","units","0","","10.7.3.1.20","550","","","","0"
"2021","Nova Scotia","2021A000212","25 to 64 years","Women+","2021 Counts","Muslim","","0","units","0","","10.7.3.1.21","3330","","","","0"
"2021","Nova Scotia","2021A000212","25 to 64 years","Women+","2021 Counts","Sikh","","0","units","0","","10.7.3.1.22","835","","","","0"
"2021","Nova Scotia","2021A000212","25 to 64 years","Women+","2021 Counts","Traditional (North American Indigenous) spirituality","","0","units","0","","10.7.3.1.23","340","","","","0"
"2021","Nova Scotia","2021A000212","25 to 64 years","Women+","2021 Counts","Other religions and spiritual traditions","","0","units","0","","10.7.3.1.24","2575","","","","0"
"2021","Nova Scotia","2021A000212","25 to 64 years","Women+","2021 Counts","No religion and secular perspectives","","0","units","0","","10.7.3.1.25","96820","","","","0"
"2021","Nova Scotia","2021A000212","25 to 64 years","Women+","% distribution (2021)","Total - Religion","","0","units","0","","10.7.3.2.1","0.7","","","","1"
"2021","Nova Scotia","2021A000212","25 to 64 years","Women+","% distribution (2021)","Buddhist","","0","units","0","","10.7.3.2.2","0.0","","","","1"
"2021","Nova Scotia","2021A000212","25 to 64 years","Women+","% distribution (2021)","Christian","","0","units","0","","10.7.3.2.3","0.4","","","","1"
"2021","Nova Scotia","2021A000212","25 to 64 years","Women+","% distribution (2021)","Hindu","","0","units","0","","10.7.3.2.19","0.0","","","","1"
"2021","Nova Scotia","2021A000212","25 to 64 years","Women+","% distribution (2021)","Jewish","","0","units","0","","10.7.3.2.20","0.0","","","","1"
"2021","Nova Scotia","2021A000212","25 to 64 years","Women+","% distribution (2021)","Muslim","","0","units","0","","10.7.3.2.21","0.0","","","","1"
"2021","Nova Scotia","2021A000212","25 to 64 years","Women+","% distribution (2021)","Sikh","","0","units","0","","10.7.3.2.22","0.0","","","","1"
"2021","Nova Scotia","2021A000212","25 to 64 years","Women+","% distribution (2021)","Traditional (North American Indigenous) spirituality","","0","units","0","","10.7.3.2.23","0.0","","","","1"
"2021","Nova Scotia","2021A000212","25 to 64 years","Women+","% distribution (2021)","Other religions and spiritual traditions","","0","units","0","","10.7.3.2.24","0.0","","","","1"
"2021","Nova Scotia","2021A000212","25 to 64 years","Women+","% distribution (2021)","No religion and secular perspectives","","0","units","0","","10.7.3.2.25","0.3","","","","1"
"2021","Nova Scotia","2021A000212","65 years and over","Total - Gender","2021 Counts","Total - Religion","","0","units","0","","10.13.1.1.1","206245","","","","0"
"2021","Nova Scotia","2021A000212","65 years and over","Total - Gender","2021 Counts","Buddhist","","0","units","0","","10.13.1.1.2","595","","","","0"
"2021","Nova Scotia","2021A000212","65 years and over","Total - Gender","2021 Counts","Christian","","0","units","0","","10.13.1.1.3","170575","","","","0"
"2021","Nova Scotia","2021A000212","65 years and over","Total - Gender","2021 Counts","Hindu","","0","units","0","","10.13.1.1.19","245","","","","0"
"2021","Nova Scotia","2021A000212","65 years and over","Total - Gender","2021 Counts","Jewish","","0","units","0","","10.13.1.1.20","585","","","","0"
"2021","Nova Scotia","2021A000212","65 years and over","Total - Gender","2021 Counts","Muslim","","0","units","0","","10.13.1.1.21","620","","","","0"
"2021","Nova Scotia","2021A000212","65 years and over","Total - Gender","2021 Counts","Sikh","","0","units","0","","10.13.1.1.22","115","","","","0"
"2021","Nova Scotia","2021A000212","65 years and over","Total - Gender","2021 Counts","Traditional (North American Indigenous) spirituality","","0","units","0","","10.13.1.1.23","65","","","","0"
"2021","Nova Scotia","2021A000212","65 years and over","Total - Gender","2021 Counts","Other religions and spiritual traditions","","0","units","0","","10.13.1.1.24","725","","","","0"
"2021","Nova Scotia","2021A000212","65 years and over","Total - Gender","2021 Counts","No religion and secular perspectives","","0","units","0","","10.13.1.1.25","32715","","","","0"
"2021","Nova Scotia","2021A000212","65 years and over","Total - Gender","% distribution (2021)","Total - Religion","","0","units","0","","10.13.1.2.1","0.6","","","","1"
"2021","Nova Scotia","2021A000212","65 years and over","Total - Gender","% distribution (2021)","Buddhist","","0","units","0","","10.13.1.2.2","0.0","","","","1"
"2021","Nova Scotia","2021A000212","65 years and over","Total - Gender","% distribution (2021)","Christian","","0","units","0","","10.13.1.2.3","0.5","","","","1"
"2021","Nova Scotia","2021A000212","65 years and over","Total - Gender","% distribution (2021)","Hindu","","0","units","0","","10.13.1.2.19","0.0","","","","1"
"2021","Nova Scotia","2021A000212","65 years and over","Total - Gender","% distribution (2021)","Jewish","","0","units","0","","10.13.1.2.20","0.0","","","","1"
"2021","Nova Scotia","2021A000212","65 years and over","Total - Gender","% distribution (2021)","Muslim","","0","units","0","","10.13.1.2.21","0.0","","","","1"
"2021","Nova Scotia","2021A000212","65 years and over","Total - Gender","% distribution (2021)","Sikh","","0","units","0","","10.13.1.2.22","0.0","","","","1"
"2021","Nova Scotia","2021A000212","65 years and over","Total - Gender","% distribution (2021)","Traditional (North American Indigenous) spirituality","","0","units","0","","10.13.1.2.23","0.0","","","","1"
"2021","Nova Scotia","2021A000212","65 years and over","Total - Gender","% distribution (2021)","Other religions and spiritual traditions","","0","units","0","","10.13.1.2.24","0.0","","","","1"
"2021","Nova Scotia","2021A000212","65 years and over","Total - Gender","% distribution (2021)","No religion and secular perspectives","","0","units","0","","10.13.1.2.25","0.1","","","","1"
"2021","Nova Scotia","2021A000212","65 years and over","Men+","2021 Counts","Total - Religion","","0","units","0","","10.13.2.1.1","96040","","","","0"
"2021","Nova Scotia","2021A000212","65 years and over","Men+","2021 Counts","Buddhist","","0","units","0","","10.13.2.1.2","285","","","","0"
"2021","Nova Scotia","2021A000212","65 years and over","Men+","2021 Counts","Christian","","0","units","0","","10.13.2.1.3","76090","","","","0"
"2021","Nova Scotia","2021A000212","65 years and over","Men+","2021 Counts","Hindu","","0","units","0","","10.13.2.1.19","125","","","","0"
"2021","Nova Scotia","2021A000212","65 years and over","Men+","2021 Counts","Jewish","","0","units","0","","10.13.2.1.20","325","","","","0"
"2021","Nova Scotia","2021A000212","65 years and over","Men+","2021 Counts","Muslim","","0","units","0","","10.13.2.1.21","365","","","","0"
"2021","Nova Scotia","2021A000212","65 years and over","Men+","2021 Counts","Sikh","","0","units","0","","10.13.2.1.22","60","","","","0"
"2021","Nova Scotia","2021A000212","65 years and over","Men+","2021 Counts","Traditional (North American Indigenous) spirituality","","0","units","0","","10.13.2.1.23","35","","","","0"
"2021","Nova Scotia","2021A000212","65 years and over","Men+","2021 Counts","Other religions and spiritual traditions","","0","units","0","","10.13.2.1.24","335","","","","0"
"2021","Nova Scotia","2021A000212","65 years and over","Men+","2021 Counts","No religion and secular perspectives","","0","units","0","","10.13.2.1.25","18425","","","","0"
"2021","Nova Scotia","2021A000212","65 years and over","Men+","% distribution (2021)","Total - Religion","","0","units","0","","10.13.2.2.1","0.3","","","","1"
"2021","Nova Scotia","2021A000212","65 years and over","Men+","% distribution (2021)","Buddhist","","0","units","0","","10.13.2.2.2","0.0","","","","1"
"2021","Nova Scotia","2021A000212","65 years and over","Men+","% distribution (2021)","Christian","","0","units","0","","10.13.2.2.3","0.2","","","","1"
"2021","Nova Scotia","2021A000212","65 years and over","Men+","% distribution (2021)","Hindu","","0","units","0","","10.13.2.2.19","0.0","","","","1"
"2021","Nova Scotia","2021A000212","65 years and over","Men+","% distribution (2021)","Jewish","","0","units","0","","10.13.2.2.20","0.0","","","","1"
"2021","Nova Scotia","2021A000212","65 years and over","Men+","% distribution (2021)","Muslim","","0","units","0","","10.13.2.2.21","0.0","","","","1"
"2021","Nova Scotia","2021A000212","65 years and over","Men+","% distribution (2021)","Sikh","","0","units","0","","10.13.2.2.22","0.0","","","","1"
"2021","Nova Scotia","2021A000212","65 years and over","Men+","% distribution (2021)","Traditional (North American Indigenous) spirituality","","0","units","0","","10.13.2.2.23","0.0","","","","1"
"2021","Nova Scotia","2021A000212","65 years and over","Men+","% distribution (2021)","Other religions and spiritual traditions","","0","units","0","","10.13.2.2.24","0.0","","","","1"
"2021","Nova Scotia","2021A000212","65 years and over","Men+","% distribution (2021)","No religion and secular perspectives","","0","units","0","","10.13.2.2.25","0.1","","","","1"
"2021","Nova Scotia","2021A000212","65 years and over","Women+","2021 Counts","Total - Religion","","0","units","0","","10.13.3.1.1","110205","","","","0"
"2021","Nova Scotia","2021A000212","65 years and over","Women+","2021 Counts","Buddhist","","0","units","0","","10.13.3.1.2","310","","","","0"
"2021","Nova Scotia","2021A000212","65 years and over","Women+","2021 Counts","Christian","","0","units","0","","10.13.3.1.3","94480","","","","0"
"2021","Nova Scotia","2021A000212","65 years and over","Women+","2021 Counts","Hindu","","0","units","0","","10.13.3.1.19","120","","","","0"
"2021","Nova Scotia","2021A000212","65 years and over","Women+","2021 Counts","Jewish","","0","units","0","","10.13.3.1.20","260","","","","0"
"2021","Nova Scotia","2021A000212","65 years and over","Women+","2021 Counts","Muslim","","0","units","0","","10.13.3.1.21","255","","","","0"
"2021","Nova Scotia","2021A000212","65 years and over","Women+","2021 Counts","Sikh","","0","units","0","","10.13.3.1.22","55","","","","0"
"2021","Nova Scotia","2021A000212","65 years and over","Women+","2021 Counts","Traditional (North American Indigenous) spirituality","","0","units","0","","10.13.3.1.23","35","","","","0"
"2021","Nova Scotia","2021A000212","65 years and over","Women+","2021 Counts","Other religions and spiritual traditions","","0","units","0","","10.13.3.1.24","390","","","","0"
"2021","Nova Scotia","2021A000212","65 years and over","Women+","2021 Counts","No religion and secular perspectives","","0","units","0","","10.13.3.1.25","14295","","","","0"
"2021","Nova Scotia","2021A000212","65 years and over","Women+","% distribution (2021)","Total - Religion","","0","units","0","","10.13.3.2.1","0.3","","","","1"
"2021","Nova Scotia","2021A000212","65 years and over","Women+","% distribution (2021)","Buddhist","","0","units","0","","10.13.3.2.2","0.0","","","","1"
"2021","Nova Scotia","2021A000212","65 years and over","Women+","% distribution (2021)","Christian","","0","units","0","","10.13.3.2.3","0.3","","","","1"
"2021","Nova Scotia","2021A000212","65 years and over","Women+","% distribution (2021)","Hindu","","0","units","0","","10.13.3.2.19","0.0","","","","1"
"2021","Nova Scotia","2021A000212","65 years and over","Women+","% distribution (2021)","Jewish","","0","units","0","","10.13.3.2.20","0.0","","","","1"
"2021","Nova Scotia","2021A000212","65 years and over","Women+","% distribution (2021)","Muslim","","0","units","0","","10.13.3.2.21","0.0","","","","1"
"2021","Nova Scotia","2021A000212","65 years and over","Women+","% distribution (2021)","Sikh","","0","units","0","","10.13.3.2.22","0.0","","","","1"
"2021","Nova Scotia","2021A000212","65 years and over","Women+","% distribution (2021)","Traditional (North American Indigenous) spirituality","","0","units","0","","10.13.3.2.23","0.0","","","","1"
"2021","Nova Scotia","2021A000212","65 years and over","Women+","% distribution (2021)","Other religions and spiritual traditions","","0","units","0","","10.13.3.2.24","0.0","","","","1"
"2021","Nova Scotia","2021A000212","65 years and over","Women+","% distribution (2021)","No religion and secular perspectives","","0","units","0","","10.13.3.2.25","0.0","","","","1"
"2021","New Brunswick","2021A000213","Total - Age","Total - Gender","2021 Counts","Total - Religion","","0","units","0","","16.1.1.1.1","759195","","","","0"
"2021","New Brunswick","2021A000213","Total - Age","Total - Gender","2021 Counts","Buddhist","","0","units","0","","16.1.1.1.2","1115","","","","0"
"2021","New Brunswick","2021A000213","Total - Age","Total - Gender","2021 Counts","Christian","","0","units","0","","16.1.1.1.3","512645","","","","0"
"2021","New Brunswick","2021A000213","Total - Age","Total - Gender","2021 Counts","Hindu","","0","units","0","","16.1.1.1.19","3340","","","","0"
"2021","New Brunswick","2021A000213","Total - Age","Total - Gender","2021 Counts","Jewish","","0","units","0","","16.1.1.1.20","1005","","","","0"
"2021","New Brunswick","2021A000213","Total - Age","Total - Gender","2021 Counts","Muslim","","0","units","0","","16.1.1.1.21","9190","","","","0"
"2021","New Brunswick","2021A000213","Total - Age","Total - Gender","2021 Counts","Sikh","","0","units","0","","16.1.1.1.22","1780","","","","0"
"2021","New Brunswick","2021A000213","Total - Age","Total - Gender","2021 Counts","Traditional (North American Indigenous) spirituality","","0","units","0","","16.1.1.1.23","1005","","","","0"
"2021","New Brunswick","2021A000213","Total - Age","Total - Gender","2021 Counts","Other religions and spiritual traditions","","0","units","0","","16.1.1.1.24","3985","","","","0"
"2021","New Brunswick","2021A000213","Total - Age","Total - Gender","2021 Counts","No religion and secular perspectives","","0","units","0","","16.1.1.1.25","225125","","","","0"
"2021","New Brunswick","2021A000213","Total - Age","Total - Gender","% distribution (2021)","Total - Religion","","0","units","0","","16.1.1.2.1","2.1","","","","1"
"2021","New Brunswick","2021A000213","Total - Age","Total - Gender","% distribution (2021)","Buddhist","","0","units","0","","16.1.1.2.2","0.0","","","","1"
"2021","New Brunswick","2021A000213","Total - Age","Total - Gender","% distribution (2021)","Christian","","0","units","0","","16.1.1.2.3","1.4","","","","1"
"2021","New Brunswick","2021A000213","Total - Age","Total - Gender","% distribution (2021)","Hindu","","0","units","0","","16.1.1.2.19","0.0","","","","1"
"2021","New Brunswick","2021A000213","Total - Age","Total - Gender","% distribution (2021)","Jewish","","0","units","0","","16.1.1.2.20","0.0","","","","1"
"2021","New Brunswick","2021A000213","Total - Age","Total - Gender","% distribution (2021)","Muslim","","0","units","0","","16.1.1.2.21","0.0","","","","1"
"2021","New Brunswick","2021A000213","Total - Age","Total - Gender","% distribution (2021)","Sikh","","0","units","0","","16.1.1.2.22","0.0","","","","1"
"2021","New Brunswick","2021A000213","Total - Age","Total - Gender","% distribution (2021)","Traditional (North American Indigenous) spirituality","","0","units","0","","16.1.1.2.23","0.0","","","","1"
"2021","New Brunswick","2021A000213","Total - Age","Total - Gender","% distribution (2021)","Other religions and spiritual traditions","","0","units","0","","16.1.1.2.24","0.0","","","","1"
"2021","New Brunswick","2021A000213","Total - Age","Total - Gender","% distribution (2021)","No religion and secular perspectives","","0","units","0","","16.1.1.2.25","0.6","","","","1"
"2021","New Brunswick","2021A000213","Total - Age","Men+","2021 Counts","Total - Religion","","0","units","0","","16.1.2.1.1","373580","","","","0"
"2021","New Brunswick","2021A000213","Total - Age","Men+","2021 Counts","Buddhist","","0","units","0","","16.1.2.1.2","615","","","","0"
"2021","New Brunswick","2021A000213","Total - Age","Men+","2021 Counts","Christian","","0","units","0","","16.1.2.1.3","241975","","","","0"
"2021","New Brunswick","2021A000213","Total - Age","Men+","2021 Counts","Hindu","","0","units","0","","16.1.2.1.19","1980","","","","0"
"2021","New Brunswick","2021A000213","Total - Age","Men+","2021 Counts","Jewish","","0","units","0","","16.1.2.1.20","540","","","","0"
"2021","New Brunswick","2021A000213","Total - Age","Men+","2021 Counts","Muslim","","0","units","0","","16.1.2.1.21","4990","","","","0"
"2021","New Brunswick","2021A000213","Total - Age","Men+","2021 Counts","Sikh","","0","units","0","","16.1.2.1.22","940","","","","0"
"2021","New Brunswick","2021A000213","Total - Age","Men+","2021 Counts","Traditional (North American Indigenous) spirituality","","0","units","0","","16.1.2.1.23","490","","","","0"
"2021","New Brunswick","2021A000213","Total - Age","Men+","2021 Counts","Other religions and spiritual traditions","","0","units","0","","16.1.2.1.24","1590","","","","0"
"2021","New Brunswick","2021A000213","Total - Age","Men+","2021 Counts","No religion and secular perspectives","","0","units","0","","16.1.2.1.25","120465","","","","0"
"2021","New Brunswick","2021A000213","Total - Age","Men+","% distribution (2021)","Total - Religion","","0","units","0","","16.1.2.2.1","1.0","","","","1"
"2021","New Brunswick","2021A000213","Total - Age","Men+","% distribution (2021)","Buddhist","","0","units","0","","16.1.2.2.2","0.0","","","","1"
"2021","New Brunswick","2021A000213","Total - Age","Men+","% distribution (2021)","Christian","","0","units","0","","16.1.2.2.3","0.7","","","","1"
"2021","New Brunswick","2021A000213","Total - Age","Men+","% distribution (2021)","Hindu","","0","units","0","","16.1.2.2.19","0.0","","","","1"
"2021","New Brunswick","2021A000213","Total - Age","Men+","% distribution (2021)","Jewish","","0","units","0","","16.1.2.2.20","0.0","","","","1"
"2021","New Brunswick","2021A000213","Total - Age","Men+","% distribution (2021)","Muslim","","0","units","0","","16.1.2.2.21","0.0","","","","1"
"2021","New Brunswick","2021A000213","Total - Age","Men+","% distribution (2021)","Sikh","","0","units","0","","16.1.2.2.22","0.0","","","","1"
"2021","New Brunswick","2021A000213","Total - Age","Men+","% distribution (2021)","Traditional (North American Indigenous) spirituality","","0","units","0","","16.1.2.2.23","0.0","","","","1"
"2021","New Brunswick","2021A000213","Total - Age","Men+","% distribution (2021)","Other religions and spiritual traditions","","0","units","0","","16.1.2.2.24","0.0","","","","1"
"2021","New Brunswick","2021A000213","Total - Age","Men+","% distribution (2021)","No religion and secular perspectives","","0","units","0","","16.1.2.2.25","0.3","","","","1"
"2021","New Brunswick","2021A000213","Total - Age","Women+","2021 Counts","Total - Religion","","0","units","0","","16.1.3.1.1","385615","","","","0"
"2021","New Brunswick","2021A000213","Total - Age","Women+","2021 Counts","Buddhist","","0","units","0","","16.1.3.1.2","505","","","","0"
"2021","New Brunswick","2021A000213","Total - Age","Women+","2021 Counts","Christian","","0","units","0","","16.1.3.1.3","270670","","","","0"
"2021","New Brunswick","2021A000213","Total - Age","Women+","2021 Counts","Hindu","","0","units","0","","16.1.3.1.19","1360","","","","0"
"2021","New Brunswick","2021A000213","Total - Age","Women+","2021 Counts","Jewish","","0","units","0","","16.1.3.1.20","460","","","","0"
"2021","New Brunswick","2021A000213","Total - Age","Women+","2021 Counts","Muslim","","0","units","0","","16.1.3.1.21","4205","","","","0"
"2021","New Brunswick","2021A000213","Total - Age","Women+","2021 Counts","Sikh","","0","units","0","","16.1.3.1.22","840","","","","0"
"2021","New Brunswick","2021A000213","Total - Age","Women+","2021 Counts","Traditional (North American Indigenous) spirituality","","0","units","0","","16.1.3.1.23","515","","","","0"
"2021","New Brunswick","2021A000213","Total - Age","Women+","2021 Counts","Other religions and spiritual traditions","","0","units","0","","16.1.3.1.24","2395","","","","0"
"2021","New Brunswick","2021A000213","Total - Age","Women+","2021 Counts","No religion and secular perspectives","","0","units","0","","16.1.3.1.25","104665","","","","0"
"2021","New Brunswick","2021A000213","Total - Age","Women+","% distribution (2021)","Total - Religion","","0","units","0","","16.1.3.2.1","1.1","","","","1"
"2021","New Brunswick","2021A000213","Total - Age","Women+","% distribution (2021)","Buddhist","","0","units","0","","16.1.3.2.2","0.0","","","","1"
"2021","New Brunswick","2021A000213","Total - Age","Women+","% distribution (2021)","Christian","","0","units","0","","16.1.3.2.3","0.7","","","","1"
"2021","New Brunswick","2021A000213","Total - Age","Women+","% distribution (2021)","Hindu","","0","units","0","","16.1.3.2.19","0.0","","","","1"
"2021","New Brunswick","2021A000213","Total - Age","Women+","% distribution (2021)","Jewish","","0","units","0","","16.1.3.2.20","0.0","","","","1"
"2021","New Brunswick","2021A000213","Total - Age","Women+","% distribution (2021)","Muslim","","0","units","0","","16.1.3.2.21","0.0","","","","1"
"2021","New Brunswick","2021A000213","Total - Age","Women+","% distribution (2021)","Sikh","","0","units","0","","16.1.3.2.22","0.0","","","","1"
"2021","New Brunswick","2021A000213","Total - Age","Women+","% distribution (2021)","Traditional (North American Indigenous) spirituality","","0","units","0","","16.1.3.2.23","0.0","","","","1"
"2021","New Brunswick","2021A000213","Total - Age","Women+","% distribution (2021)","Other religions and spiritual traditions","","0","units","0","","16.1.3.2.24","0.0","","","","1"
"2021","New Brunswick","2021A000213","Total - Age","Women+","% distribution (2021)","No religion and secular perspectives","","0","units","0","","16.1.3.2.25","0.3","","","","1"
"2021","New Brunswick","2021A000213","0 to 14 years","Total - Gender","2021 Counts","Total - Religion","","0","units","0","","16.2.1.1.1","110945","","","","0"
"2021","New Brunswick","2021A000213","0 to 14 years","Total - Gender","2021 Counts","Buddhist","","0","units","0","","16.2.1.1.2","65","","","","0"
"2021","New Brunswick","2021A000213","0 to 14 years","Total - Gender","2021 Counts","Christian","","0","units","0","","16.2.1.1.3","55890","","","","0"
"2021","New Brunswick","2021A000213","0 to 14 years","Total - Gender","2021 Counts","Hindu","","0","units","0","","16.2.1.1.19","510","","","","0"
"2021","New Brunswick","2021A000213","0 to 14 years","Total - Gender","2021 Counts","Jewish","","0","units","0","","16.2.1.1.20","145","","","","0"
"2021","New Brunswick","2021A000213","0 to 14 years","Total - Gender","2021 Counts","Muslim","","0","units","0","","16.2.1.1.21","3085","","","","0"
"2021","New Brunswick","2021A000213","0 to 14 years","Total - Gender","2021 Counts","Sikh","","0","units","0","","16.2.1.1.22","105","","","","0"
"2021","New Brunswick","2021A000213","0 to 14 years","Total - Gender","2021 Counts","Traditional (North American Indigenous) spirituality","","0","units","0","","16.2.1.1.23","255","","","","0"
"2021","New Brunswick","2021A000213","0 to 14 years","Total - Gender","2021 Counts","Other religions and spiritual traditions","","0","units","0","","16.2.1.1.24","455","","","","0"
"2021","New Brunswick","2021A000213","0 to 14 years","Total - Gender","2021 Counts","No religion and secular perspectives","","0","units","0","","16.2.1.1.25","50430","","","","0"
"2021","New Brunswick","2021A000213","0 to 14 years","Total - Gender","% distribution (2021)","Total - Religion","","0","units","0","","16.2.1.2.1","0.3","","","","1"
"2021","New Brunswick","2021A000213","0 to 14 years","Total - Gender","% distribution (2021)","Buddhist","","0","units","0","","16.2.1.2.2","0.0","","","","1"
"2021","New Brunswick","2021A000213","0 to 14 years","Total - Gender","% distribution (2021)","Christian","","0","units","0","","16.2.1.2.3","0.2","","","","1"
"2021","New Brunswick","2021A000213","0 to 14 years","Total - Gender","% distribution (2021)","Hindu","","0","units","0","","16.2.1.2.19","0.0","","","","1"
"2021","New Brunswick","2021A000213","0 to 14 years","Total - Gender","% distribution (2021)","Jewish","","0","units","0","","16.2.1.2.20","0.0","","","","1"
"2021","New Brunswick","2021A000213","0 to 14 years","Total - Gender","% distribution (2021)","Muslim","","0","units","0","","16.2.1.2.21","0.0","","","","1"
"2021","New Brunswick","2021A000213","0 to 14 years","Total - Gender","% distribution (2021)","Sikh","","0","units","0","","16.2.1.2.22","0.0","","","","1"
"2021","New Brunswick","2021A000213","0 to 14 years","Total - Gender","% distribution (2021)","Traditional (North American Indigenous) spirituality","","0","units","0","","16.2.1.2.23","0.0","","","","1"
"2021","New Brunswick","2021A000213","0 to 14 years","Total - Gender","% distribution (2021)","Other religions and spiritual traditions","","0","units","0","","16.2.1.2.24","0.0","","","","1"
"2021","New Brunswick","2021A000213","0 to 14 years","Total - Gender","% distribution (2021)","No religion and secular perspectives","","0","units","0","","16.2.1.2.25","0.1","","","","1"
"2021","New Brunswick","2021A000213","0 to 14 years","Men+","2021 Counts","Total - Religion","","0","units","0","","16.2.2.1.1","56630","","","","0"
"2021","New Brunswick","2021A000213","0 to 14 years","Men+","2021 Counts","Buddhist","","0","units","0","","16.2.2.1.2","35","","","","0"
"2021","New Brunswick","2021A000213","0 to 14 years","Men+","2021 Counts","Christian","","0","units","0","","16.2.2.1.3","28215","","","","0"
"2021","New Brunswick","2021A000213","0 to 14 years","Men+","2021 Counts","Hindu","","0","units","0","","16.2.2.1.19","260","","","","0"
"2021","New Brunswick","2021A000213","0 to 14 years","Men+","2021 Counts","Jewish","","0","units","0","","16.2.2.1.20","90","","","","0"
"2021","New Brunswick","2021A000213","0 to 14 years","Men+","2021 Counts","Muslim","","0","units","0","","16.2.2.1.21","1585","","","","0"
"2021","New Brunswick","2021A000213","0 to 14 years","Men+","2021 Counts","Sikh","","0","units","0","","16.2.2.1.22","65","","","","0"
"2021","New Brunswick","2021A000213","0 to 14 years","Men+","2021 Counts","Traditional (North American Indigenous) spirituality","","0","units","0","","16.2.2.1.23","140","","","","0"
"2021","New Brunswick","2021A000213","0 to 14 years","Men+","2021 Counts","Other religions and spiritual traditions","","0","units","0","","16.2.2.1.24","245","","","","0"
"2021","New Brunswick","2021A000213","0 to 14 years","Men+","2021 Counts","No religion and secular perspectives","","0","units","0","","16.2.2.1.25","26000","","","","0"
"2021","New Brunswick","2021A000213","0 to 14 years","Men+","% distribution (2021)","Total - Religion","","0","units","0","","16.2.2.2.1","0.2","","","","1"
"2021","New Brunswick","2021A000213","0 to 14 years","Men+","% distribution (2021)","Buddhist","","0","units","0","","16.2.2.2.2","0.0","","","","1"
"2021","New Brunswick","2021A000213","0 to 14 years","Men+","% distribution (2021)","Christian","","0","units","0","","16.2.2.2.3","0.1","","","","1"
"2021","New Brunswick","2021A000213","0 to 14 years","Men+","% distribution (2021)","Hindu","","0","units","0","","16.2.2.2.19","0.0","","","","1"
"2021","New Brunswick","2021A000213","0 to 14 years","Men+","% distribution (2021)","Jewish","","0","units","0","","16.2.2.2.20","0.0","","","","1"
"2021","New Brunswick","2021A000213","0 to 14 years","Men+","% distribution (2021)","Muslim","","0","units","0","","16.2.2.2.21","0.0","","","","1"
"2021","New Brunswick","2021A000213","0 to 14 years","Men+","% distribution (2021)","Sikh","","0","units","0","","16.2.2.2.22","0.0","","","","1"
"2021","New Brunswick","2021A000213","0 to 14 years","Men+","% distribution (2021)","Traditional (North American Indigenous) spirituality","","0","units","0","","16.2.2.2.23","0.0","","","","1"
"2021","New Brunswick","2021A000213","0 to 14 years","Men+","% distribution (2021)","Other religions and spiritual traditions","","0","units","0","","16.2.2.2.24","0.0","","","","1"
"2021","New Brunswick","2021A000213","0 to 14 years","Men+","% distribution (2021)","No religion and secular perspectives","","0","units","0","","16.2.2.2.25","0.1","","","","1"
"2021","New Brunswick","2021A000213","0 to 14 years","Women+","2021 Counts","Total - Religion","","0","units","0","","16.2.3.1.1","54315","","","","0"
"2021","New Brunswick","2021A000213","0 to 14 years","Women+","2021 Counts","Buddhist","","0","units","0","","16.2.3.1.2","40","","","","0"
"2021","New Brunswick","2021A000213","0 to 14 years","Women+","2021 Counts","Christian","","0","units","0","","16.2.3.1.3","27680","","","","0"
"2021","New Brunswick","2021A000213","0 to 14 years","Women+","2021 Counts","Hindu","","0","units","0","","16.2.3.1.19","250","","","","0"
"2021","New Brunswick","2021A000213","0 to 14 years","Women+","2021 Counts","Jewish","","0","units","0","","16.2.3.1.20","55","","","","0"
"2021","New Brunswick","2021A000213","0 to 14 years","Women+","2021 Counts","Muslim","","0","units","0","","16.2.3.1.21","1500","","","","0"
"2021","New Brunswick","2021A000213","0 to 14 years","Women+","2021 Counts","Sikh","","0","units","0","","16.2.3.1.22","40","","","","0"
"2021","New Brunswick","2021A000213","0 to 14 years","Women+","2021 Counts","Traditional (North American Indigenous) spirituality","","0","units","0","","16.2.3.1.23","115","","","","0"
"2021","New Brunswick","2021A000213","0 to 14 years","Women+","2021 Counts","Other religions and spiritual traditions","","0","units","0","","16.2.3.1.24","210","","","","0"
"2021","New Brunswick","2021A000213","0 to 14 years","Women+","2021 Counts","No religion and secular perspectives","","0","units","0","","16.2.3.1.25","24430","","","","0"
"2021","New Brunswick","2021A000213","0 to 14 years","Women+","% distribution (2021)","Total - Religion","","0","units","0","","16.2.3.2.1","0.1","","","","1"
"2021","New Brunswick","2021A000213","0 to 14 years","Women+","% distribution (2021)","Buddhist","","0","units","0","","16.2.3.2.2","0.0","","","","1"
"2021","New Brunswick","2021A000213","0 to 14 years","Women+","% distribution (2021)","Christian","","0","units","0","","16.2.3.2.3","0.1","","","","1"
"2021","New Brunswick","2021A000213","0 to 14 years","Women+","% distribution (2021)","Hindu","","0","units","0","","16.2.3.2.19","0.0","","","","1"
"2021","New Brunswick","2021A000213","0 to 14 years","Women+","% distribution (2021)","Jewish","","0","units","0","","16.2.3.2.20","0.0","","","","1"
"2021","New Brunswick","2021A000213","0 to 14 years","Women+","% distribution (2021)","Muslim","","0","units","0","","16.2.3.2.21","0.0","","","","1"
"2021","New Brunswick","2021A000213","0 to 14 years","Women+","% distribution (2021)","Sikh","","0","units","0","","16.2.3.2.22","0.0","","","","1"
"2021","New Brunswick","2021A000213","0 to 14 years","Women+","% distribution (2021)","Traditional (North American Indigenous) spirituality","","0","units","0","","16.2.3.2.23","0.0","","","","1"
"2021","New Brunswick","2021A000213","0 to 14 years","Women+","% distribution (2021)","Other religions and spiritual traditions","","0","units","0","","16.2.3.2.24","0.0","","","","1"
"2021","New Brunswick","2021A000213","0 to 14 years","Women+","% distribution (2021)","No religion and secular perspectives","","0","units","0","","16.2.3.2.25","0.1","","","","1"
"2021","New Brunswick","2021A000213","15 years and over","Total - Gender","2021 Counts","Total - Religion","","0","units","0","","16.3.1.1.1","648245","","","","0"
"2021","New Brunswick","2021A000213","15 years and over","Total - Gender","2021 Counts","Buddhist","","0","units","0","","16.3.1.1.2","1050","","","","0"
"2021","New Brunswick","2021A000213","15 years and over","Total - Gender","2021 Counts","Christian","","0","units","0","","16.3.1.1.3","456755","","","","0"
"2021","New Brunswick","2021A000213","15 years and over","Total - Gender","2021 Counts","Hindu","","0","units","0","","16.3.1.1.19","2830","","","","0"
"2021","New Brunswick","2021A000213","15 years and over","Total - Gender","2021 Counts","Jewish","","0","units","0","","16.3.1.1.20","855","","","","0"
"2021","New Brunswick","2021A000213","15 years and over","Total - Gender","2021 Counts","Muslim","","0","units","0","","16.3.1.1.21","6105","","","","0"
"2021","New Brunswick","2021A000213","15 years and over","Total - Gender","2021 Counts","Sikh","","0","units","0","","16.3.1.1.22","1675","","","","0"
"2021","New Brunswick","2021A000213","15 years and over","Total - Gender","2021 Counts","Traditional (North American Indigenous) spirituality","","0","units","0","","16.3.1.1.23","750","","","","0"
"2021","New Brunswick","2021A000213","15 years and over","Total - Gender","2021 Counts","Other religions and spiritual traditions","","0","units","0","","16.3.1.1.24","3535","","","","0"
"2021","New Brunswick","2021A000213","15 years and over","Total - Gender","2021 Counts","No religion and secular perspectives","","0","units","0","","16.3.1.1.25","174695","","","","0"
"2021","New Brunswick","2021A000213","15 years and over","Total - Gender","% distribution (2021)","Total - Religion","","0","units","0","","16.3.1.2.1","1.8","","","","1"
"2021","New Brunswick","2021A000213","15 years and over","Total - Gender","% distribution (2021)","Buddhist","","0","units","0","","16.3.1.2.2","0.0","","","","1"
"2021","New Brunswick","2021A000213","15 years and over","Total - Gender","% distribution (2021)","Christian","","0","units","0","","16.3.1.2.3","1.3","","","","1"
"2021","New Brunswick","2021A000213","15 years and over","Total - Gender","% distribution (2021)","Hindu","","0","units","0","","16.3.1.2.19","0.0","","","","1"
"2021","New Brunswick","2021A000213","15 years and over","Total - Gender","% distribution (2021)","Jewish","","0","units","0","","16.3.1.2.20","0.0","","","","1"
"2021","New Brunswick","2021A000213","15 years and over","Total - Gender","% distribution (2021)","Muslim","","0","units","0","","16.3.1.2.21","0.0","","","","1"
"2021","New Brunswick","2021A000213","15 years and over","Total - Gender","% distribution (2021)","Sikh","","0","units","0","","16.3.1.2.22","0.0","","","","1"
"2021","New Brunswick","2021A000213","15 years and over","Total - Gender","% distribution (2021)","Traditional (North American Indigenous) spirituality","","0","units","0","","16.3.1.2.23","0.0","","","","1"
"2021","New Brunswick","2021A000213","15 years and over","Total - Gender","% distribution (2021)","Other religions and spiritual traditions","","0","units","0","","16.3.1.2.24","0.0","","","","1"
"2021","New Brunswick","2021A000213","15 years and over","Total - Gender","% distribution (2021)","No religion and secular perspectives","","0","units","0","","16.3.1.2.25","0.5","","","","1"
"2021","New Brunswick","2021A000213","15 years and over","Men+","2021 Counts","Total - Religion","","0","units","0","","16.3.2.1.1","316950","","","","0"
"2021","New Brunswick","2021A000213","15 years and over","Men+","2021 Counts","Buddhist","","0","units","0","","16.3.2.1.2","585","","","","0"
"2021","New Brunswick","2021A000213","15 years and over","Men+","2021 Counts","Christian","","0","units","0","","16.3.2.1.3","213760","","","","0"
"2021","New Brunswick","2021A000213","15 years and over","Men+","2021 Counts","Hindu","","0","units","0","","16.3.2.1.19","1720","","","","0"
"2021","New Brunswick","2021A000213","15 years and over","Men+","2021 Counts","Jewish","","0","units","0","","16.3.2.1.20","450","","","","0"
"2021","New Brunswick","2021A000213","15 years and over","Men+","2021 Counts","Muslim","","0","units","0","","16.3.2.1.21","3405","","","","0"
"2021","New Brunswick","2021A000213","15 years and over","Men+","2021 Counts","Sikh","","0","units","0","","16.3.2.1.22","875","","","","0"
"2021","New Brunswick","2021A000213","15 years and over","Men+","2021 Counts","Traditional (North American Indigenous) spirituality","","0","units","0","","16.3.2.1.23","350","","","","0"
"2021","New Brunswick","2021A000213","15 years and over","Men+","2021 Counts","Other religions and spiritual traditions","","0","units","0","","16.3.2.1.24","1345","","","","0"
"2021","New Brunswick","2021A000213","15 years and over","Men+","2021 Counts","No religion and secular perspectives","","0","units","0","","16.3.2.1.25","94455","","","","0"
"2021","New Brunswick","2021A000213","15 years and over","Men+","% distribution (2021)","Total - Religion","","0","units","0","","16.3.2.2.1","0.9","","","","1"
"2021","New Brunswick","2021A000213","15 years and over","Men+","% distribution (2021)","Buddhist","","0","units","0","","16.3.2.2.2","0.0","","","","1"
"2021","New Brunswick","2021A000213","15 years and over","Men+","% distribution (2021)","Christian","","0","units","0","","16.3.2.2.3","0.6","","","","1"
"2021","New Brunswick","2021A000213","15 years and over","Men+","% distribution (2021)","Hindu","","0","units","0","","16.3.2.2.19","0.0","","","","1"
"2021","New Brunswick","2021A000213","15 years and over","Men+","% distribution (2021)","Jewish","","0","units","0","","16.3.2.2.20","0.0","","","","1"
"2021","New Brunswick","2021A000213","15 years and over","Men+","% distribution (2021)","Muslim","","0","units","0","","16.3.2.2.21","0.0","","","","1"
"2021","New Brunswick","2021A000213","15 years and over","Men+","% distribution (2021)","Sikh","","0","units","0","","16.3.2.2.22","0.0","","","","1"
"2021","New Brunswick","2021A000213","15 years and over","Men+","% distribution (2021)","Traditional (North American Indigenous) spirituality","","0","units","0","","16.3.2.2.23","0.0","","","","1"
"2021","New Brunswick","2021A000213","15 years and over","Men+","% distribution (2021)","Other religions and spiritual traditions","","0","units","0","","16.3.2.2.24","0.0","","","","1"
"2021","New Brunswick","2021A000213","15 years and over","Men+","% distribution (2021)","No religion and secular perspectives","","0","units","0","","16.3.2.2.25","0.3","","","","1"
"2021","New Brunswick","2021A000213","15 years and over","Women+","2021 Counts","Total - Religion","","0","units","0","","16.3.3.1.1","331300","","","","0"
"2021","New Brunswick","2021A000213","15 years and over","Women+","2021 Counts","Buddhist","","0","units","0","","16.3.3.1.2","470","","","","0"
"2021","New Brunswick","2021A000213","15 years and over","Women+","2021 Counts","Christian","","0","units","0","","16.3.3.1.3","242995","","","","0"
"2021","New Brunswick","2021A000213","15 years and over","Women+","2021 Counts","Hindu","","0","units","0","","16.3.3.1.19","1110","","","","0"
"2021","New Brunswick","2021A000213","15 years and over","Women+","2021 Counts","Jewish","","0","units","0","","16.3.3.1.20","405","","","","0"
"2021","New Brunswick","2021A000213","15 years and over","Women+","2021 Counts","Muslim","","0","units","0","","16.3.3.1.21","2705","","","","0"
"2021","New Brunswick","2021A000213","15 years and over","Women+","2021 Counts","Sikh","","0","units","0","","16.3.3.1.22","800","","","","0"
"2021","New Brunswick","2021A000213","15 years and over","Women+","2021 Counts","Traditional (North American Indigenous) spirituality","","0","units","0","","16.3.3.1.23","400","","","","0"
"2021","New Brunswick","2021A000213","15 years and over","Women+","2021 Counts","Other religions and spiritual traditions","","0","units","0","","16.3.3.1.24","2190","","","","0"
"2021","New Brunswick","2021A000213","15 years and over","Women+","2021 Counts","No religion and secular perspectives","","0","units","0","","16.3.3.1.25","80235","","","","0"
"2021","New Brunswick","2021A000213","15 years and over","Women+","% distribution (2021)","Total - Religion","","0","units","0","","16.3.3.2.1","0.9","","","","1"
"2021","New Brunswick","2021A000213","15 years and over","Women+","% distribution (2021)","Buddhist","","0","units","0","","16.3.3.2.2","0.0","","","","1"
"2021","New Brunswick","2021A000213","15 years and over","Women+","% distribution (2021)","Christian","","0","units","0","","16.3.3.2.3","0.7","","","","1"
"2021","New Brunswick","2021A000213","15 years and over","Women+","% distribution (2021)","Hindu","","0","units","0","","16.3.3.2.19","0.0","","","","1"
"2021","New Brunswick","2021A000213","15 years and over","Women+","% distribution (2021)","Jewish","","0","units","0","","16.3.3.2.20","0.0","","","","1"
"2021","New Brunswick","2021A000213","15 years and over","Women+","% distribution (2021)","Muslim","","0","units","0","","16.3.3.2.21","0.0","","","","1"
"2021","New Brunswick","2021A000213","15 years and over","Women+","% distribution (2021)","Sikh","","0","units","0","","16.3.3.2.22","0.0","","","","1"
"2021","New Brunswick","2021A000213","15 years and over","Women+","% distribution (2021)","Traditional (North American Indigenous) spirituality","","0","units","0","","16.3.3.2.23","0.0","","","","1"
"2021","New Brunswick","2021A000213","15 years and over","Women+","% distribution (2021)","Other religions and spiritual traditions","","0","units","0","","16.3.3.2.24","0.0","","","","1"
"2021","New Brunswick","2021A000213","15 years and over","Women+","% distribution (2021)","No religion and secular perspectives","","0","units","0","","16.3.3.2.25","0.2","","","","1"
"2021","New Brunswick","2021A000213","15 to 24 years","Total - Gender","2021 Counts","Total - Religion","","0","units","0","","16.4.1.1.1","80510","","","","0"
"2021","New Brunswick","2021A000213","15 to 24 years","Total - Gender","2021 Counts","Buddhist","","0","units","0","","16.4.1.1.2","175","","","","0"
"2021","New Brunswick","2021A000213","15 to 24 years","Total - Gender","2021 Counts","Christian","","0","units","0","","16.4.1.1.3","45325","","","","0"
"2021","New Brunswick","2021A000213","15 to 24 years","Total - Gender","2021 Counts","Hindu","","0","units","0","","16.4.1.1.19","735","","","","0"
"2021","New Brunswick","2021A000213","15 to 24 years","Total - Gender","2021 Counts","Jewish","","0","units","0","","16.4.1.1.20","130","","","","0"
"2021","New Brunswick","2021A000213","15 to 24 years","Total - Gender","2021 Counts","Muslim","","0","units","0","","16.4.1.1.21","1390","","","","0"
"2021","New Brunswick","2021A000213","15 to 24 years","Total - Gender","2021 Counts","Sikh","","0","units","0","","16.4.1.1.22","980","","","","0"
"2021","New Brunswick","2021A000213","15 to 24 years","Total - Gender","2021 Counts","Traditional (North American Indigenous) spirituality","","0","units","0","","16.4.1.1.23","140","","","","0"
"2021","New Brunswick","2021A000213","15 to 24 years","Total - Gender","2021 Counts","Other religions and spiritual traditions","","0","units","0","","16.4.1.1.24","515","","","","0"
"2021","New Brunswick","2021A000213","15 to 24 years","Total - Gender","2021 Counts","No religion and secular perspectives","","0","units","0","","16.4.1.1.25","31125","","","","0"
"2021","New Brunswick","2021A000213","15 to 24 years","Total - Gender","% distribution (2021)","Total - Religion","","0","units","0","","16.4.1.2.1","0.2","","","","1"
"2021","New Brunswick","2021A000213","15 to 24 years","Total - Gender","% distribution (2021)","Buddhist","","0","units","0","","16.4.1.2.2","0.0","","","","1"
"2021","New Brunswick","2021A000213","15 to 24 years","Total - Gender","% distribution (2021)","Christian","","0","units","0","","16.4.1.2.3","0.1","","","","1"
"2021","New Brunswick","2021A000213","15 to 24 years","Total - Gender","% distribution (2021)","Hindu","","0","units","0","","16.4.1.2.19","0.0","","","","1"
"2021","New Brunswick","2021A000213","15 to 24 years","Total - Gender","% distribution (2021)","Jewish","","0","units","0","","16.4.1.2.20","0.0","","","","1"
"2021","New Brunswick","2021A000213","15 to 24 years","Total - Gender","% distribution (2021)","Muslim","","0","units","0","","16.4.1.2.21","0.0","","","","1"
"2021","New Brunswick","2021A000213","15 to 24 years","Total - Gender","% distribution (2021)","Sikh","","0","units","0","","16.4.1.2.22","0.0","","","","1"
"2021","New Brunswick","2021A000213","15 to 24 years","Total - Gender","% distribution (2021)","Traditional (North American Indigenous) spirituality","","0","units","0","","16.4.1.2.23","0.0","","","","1"
"2021","New Brunswick","2021A000213","15 to 24 years","Total - Gender","% distribution (2021)","Other religions and spiritual traditions","","0","units","0","","16.4.1.2.24","0.0","","","","1"
"2021","New Brunswick","2021A000213","15 to 24 years","Total - Gender","% distribution (2021)","No religion and secular perspectives","","0","units","0","","16.4.1.2.25","0.1","","","","1"
"2021","New Brunswick","2021A000213","15 to 24 years","Men+","2021 Counts","Total - Religion","","0","units","0","","16.4.2.1.1","41715","","","","0"
"2021","New Brunswick","2021A000213","15 to 24 years","Men+","2021 Counts","Buddhist","","0","units","0","","16.4.2.1.2","90","","","","0"
"2021","New Brunswick","2021A000213","15 to 24 years","Men+","2021 Counts","Christian","","0","units","0","","16.4.2.1.3","23145","","","","0"
"2021","New Brunswick","2021A000213","15 to 24 years","Men+","2021 Counts","Hindu","","0","units","0","","16.4.2.1.19","510","","","","0"
"2021","New Brunswick","2021A000213","15 to 24 years","Men+","2021 Counts","Jewish","","0","units","0","","16.4.2.1.20","75","","","","0"
"2021","New Brunswick","2021A000213","15 to 24 years","Men+","2021 Counts","Muslim","","0","units","0","","16.4.2.1.21","770","","","","0"
"2021","New Brunswick","2021A000213","15 to 24 years","Men+","2021 Counts","Sikh","","0","units","0","","16.4.2.1.22","500","","","","0"
"2021","New Brunswick","2021A000213","15 to 24 years","Men+","2021 Counts","Traditional (North American Indigenous) spirituality","","0","units","0","","16.4.2.1.23","65","","","","0"
"2021","New Brunswick","2021A000213","15 to 24 years","Men+","2021 Counts","Other religions and spiritual traditions","","0","units","0","","16.4.2.1.24","185","","","","0"
"2021","New Brunswick","2021A000213","15 to 24 years","Men+","2021 Counts","No religion and secular perspectives","","0","units","0","","16.4.2.1.25","16375","","","","0"
"2021","New Brunswick","2021A000213","15 to 24 years","Men+","% distribution (2021)","Total - Religion","","0","units","0","","16.4.2.2.1","0.1","","","","1"
"2021","New Brunswick","2021A000213","15 to 24 years","Men+","% distribution (2021)","Buddhist","","0","units","0","","16.4.2.2.2","0.0","","","","1"
"2021","New Brunswick","2021A000213","15 to 24 years","Men+","% distribution (2021)","Christian","","0","units","0","","16.4.2.2.3","0.1","","","","1"
"2021","New Brunswick","2021A000213","15 to 24 years","Men+","% distribution (2021)","Hindu","","0","units","0","","16.4.2.2.19","0.0","","","","1"
"2021","New Brunswick","2021A000213","15 to 24 years","Men+","% distribution (2021)","Jewish","","0","units","0","","16.4.2.2.20","0.0","","","","1"
"2021","New Brunswick","2021A000213","15 to 24 years","Men+","% distribution (2021)","Muslim","","0","units","0","","16.4.2.2.21","0.0","","","","1"
"2021","New Brunswick","2021A000213","15 to 24 years","Men+","% distribution (2021)","Sikh","","0","units","0","","16.4.2.2.22","0.0","","","","1"
"2021","New Brunswick","2021A000213","15 to 24 years","Men+","% distribution (2021)","Traditional (North American Indigenous) spirituality","","0","units","0","","16.4.2.2.23","0.0","","","","1"
"2021","New Brunswick","2021A000213","15 to 24 years","Men+","% distribution (2021)","Other religions and spiritual traditions","","0","units","0","","16.4.2.2.24","0.0","","","","1"
"2021","New Brunswick","2021A000213","15 to 24 years","Men+","% distribution (2021)","No religion and secular perspectives","","0","units","0","","16.4.2.2.25","0.0","","","","1"
"2021","New Brunswick","2021A000213","15 to 24 years","Women+","2021 Counts","Total - Religion","","0","units","0","","16.4.3.1.1","38800","","","","0"
"2021","New Brunswick","2021A000213","15 to 24 years","Women+","2021 Counts","Buddhist","","0","units","0","","16.4.3.1.2","80","","","","0"
"2021","New Brunswick","2021A000213","15 to 24 years","Women+","2021 Counts","Christian","","0","units","0","","16.4.3.1.3","22180","","","","0"
"2021","New Brunswick","2021A000213","15 to 24 years","Women+","2021 Counts","Hindu","","0","units","0","","16.4.3.1.19","220","","","","0"
"2021","New Brunswick","2021A000213","15 to 24 years","Women+","2021 Counts","Jewish","","0","units","0","","16.4.3.1.20","55","","","","0"
"2021","New Brunswick","2021A000213","15 to 24 years","Women+","2021 Counts","Muslim","","0","units","0","","16.4.3.1.21","625","","","","0"
"2021","New Brunswick","2021A000213","15 to 24 years","Women+","2021 Counts","Sikh","","0","units","0","","16.4.3.1.22","480","","","","0"
"2021","New Brunswick","2021A000213","15 to 24 years","Women+","2021 Counts","Traditional (North American Indigenous) spirituality","","0","units","0","","16.4.3.1.23","75","","","","0"
"2021","New Brunswick","2021A000213","15 to 24 years","Women+","2021 Counts","Other religions and spiritual traditions","","0","units","0","","16.4.3.1.24","335","","","","0"
"2021","New Brunswick","2021A000213","15 to 24 years","Women+","2021 Counts","No religion and secular perspectives","","0","units","0","","16.4.3.1.25","14745","","","","0"
"2021","New Brunswick","2021A000213","15 to 24 years","Women+","% distribution (2021)","Total - Religion","","0","units","0","","16.4.3.2.1","0.1","","","","1"
"2021","New Brunswick","2021A000213","15 to 24 years","Women+","% distribution (2021)","Buddhist","","0","units","0","","16.4.3.2.2","0.0","","","","1"
"2021","New Brunswick","2021A000213","15 to 24 years","Women+","% distribution (2021)","Christian","","0","units","0","","16.4.3.2.3","0.1","","","","1"
"2021","New Brunswick","2021A000213","15 to 24 years","Women+","% distribution (2021)","Hindu","","0","units","0","","16.4.3.2.19","0.0","","","","1"
"2021","New Brunswick","2021A000213","15 to 24 years","Women+","% distribution (2021)","Jewish","","0","units","0","","16.4.3.2.20","0.0","","","","1"
"2021","New Brunswick","2021A000213","15 to 24 years","Women+","% distribution (2021)","Muslim","","0","units","0","","16.4.3.2.21","0.0","","","","1"
"2021","New Brunswick","2021A000213","15 to 24 years","Women+","% distribution (2021)","Sikh","","0","units","0","","16.4.3.2.22","0.0","","","","1"
"2021","New Brunswick","2021A000213","15 to 24 years","Women+","% distribution (2021)","Traditional (North American Indigenous) spirituality","","0","units","0","","16.4.3.2.23","0.0","","","","1"
"2021","New Brunswick","2021A000213","15 to 24 years","Women+","% distribution (2021)","Other religions and spiritual traditions","","0","units","0","","16.4.3.2.24","0.0","","","","1"
"2021","New Brunswick","2021A000213","15 to 24 years","Women+","% distribution (2021)","No religion and secular perspectives","","0","units","0","","16.4.3.2.25","0.0","","","","1"
"2021","New Brunswick","2021A000213","25 to 64 years","Total - Gender","2021 Counts","Total - Religion","","0","units","0","","16.7.1.1.1","401000","","","","0"
"2021","New Brunswick","2021A000213","25 to 64 years","Total - Gender","2021 Counts","Buddhist","","0","units","0","","16.7.1.1.2","735","","","","0"
"2021","New Brunswick","2021A000213","25 to 64 years","Total - Gender","2021 Counts","Christian","","0","units","0","","16.7.1.1.3","264215","","","","0"
"2021","New Brunswick","2021A000213","25 to 64 years","Total - Gender","2021 Counts","Hindu","","0","units","0","","16.7.1.1.19","1990","","","","0"
"2021","New Brunswick","2021A000213","25 to 64 years","Total - Gender","2021 Counts","Jewish","","0","units","0","","16.7.1.1.20","530","","","","0"
"2021","New Brunswick","2021A000213","25 to 64 years","Total - Gender","2021 Counts","Muslim","","0","units","0","","16.7.1.1.21","4540","","","","0"
"2021","New Brunswick","2021A000213","25 to 64 years","Total - Gender","2021 Counts","Sikh","","0","units","0","","16.7.1.1.22","680","","","","0"
"2021","New Brunswick","2021A000213","25 to 64 years","Total - Gender","2021 Counts","Traditional (North American Indigenous) spirituality","","0","units","0","","16.7.1.1.23","545","","","","0"
"2021","New Brunswick","2021A000213","25 to 64 years","Total - Gender","2021 Counts","Other religions and spiritual traditions","","0","units","0","","16.7.1.1.24","2610","","","","0"
"2021","New Brunswick","2021A000213","25 to 64 years","Total - Gender","2021 Counts","No religion and secular perspectives","","0","units","0","","16.7.1.1.25","125150","","","","0"
"2021","New Brunswick","2021A000213","25 to 64 years","Total - Gender","% distribution (2021)","Total - Religion","","0","units","0","","16.7.1.2.1","1.1","","","","1"
"2021","New Brunswick","2021A000213","25 to 64 years","Total - Gender","% distribution (2021)","Buddhist","","0","units","0","","16.7.1.2.2","0.0","","","","1"
"2021","New Brunswick","2021A000213","25 to 64 years","Total - Gender","% distribution (2021)","Christian","","0","units","0","","16.7.1.2.3","0.7","","","","1"
"2021","New Brunswick","2021A000213","25 to 64 years","Total - Gender","% distribution (2021)","Hindu","","0","units","0","","16.7.1.2.19","0.0","","","","1"
"2021","New Brunswick","2021A000213","25 to 64 years","Total - Gender","% distribution (2021)","Jewish","","0","units","0","","16.7.1.2.20","0.0","","","","1"
"2021","New Brunswick","2021A000213","25 to 64 years","Total - Gender","% distribution (2021)","Muslim","","0","units","0","","16.7.1.2.21","0.0","","","","1"
"2021","New Brunswick","2021A000213","25 to 64 years","Total - Gender","% distribution (2021)","Sikh","","0","units","0","","16.7.1.2.22","0.0","","","","1"
"2021","New Brunswick","2021A000213","25 to 64 years","Total - Gender","% distribution (2021)","Traditional (North American Indigenous) spirituality","","0","units","0","","16.7.1.2.23","0.0","","","","1"
"2021","New Brunswick","2021A000213","25 to 64 years","Total - Gender","% distribution (2021)","Other religions and spiritual traditions","","0","units","0","","16.7.1.2.24","0.0","","","","1"
"2021","New Brunswick","2021A000213","25 to 64 years","Total - Gender","% distribution (2021)","No religion and secular perspectives","","0","units","0","","16.7.1.2.25","0.3","","","","1"
"2021","New Brunswick","2021A000213","25 to 64 years","Men+","2021 Counts","Total - Religion","","0","units","0","","16.7.2.1.1","196530","","","","0"
"2021","New Brunswick","2021A000213","25 to 64 years","Men+","2021 Counts","Buddhist","","0","units","0","","16.7.2.1.2","410","","","","0"
"2021","New Brunswick","2021A000213","25 to 64 years","Men+","2021 Counts","Christian","","0","units","0","","16.7.2.1.3","123180","","","","0"
"2021","New Brunswick","2021A000213","25 to 64 years","Men+","2021 Counts","Hindu","","0","units","0","","16.7.2.1.19","1160","","","","0"
"2021","New Brunswick","2021A000213","25 to 64 years","Men+","2021 Counts","Jewish","","0","units","0","","16.7.2.1.20","275","","","","0"
"2021","New Brunswick","2021A000213","25 to 64 years","Men+","2021 Counts","Muslim","","0","units","0","","16.7.2.1.21","2545","","","","0"
"2021","New Brunswick","2021A000213","25 to 64 years","Men+","2021 Counts","Sikh","","0","units","0","","16.7.2.1.22","365","","","","0"
"2021","New Brunswick","2021A000213","25 to 64 years","Men+","2021 Counts","Traditional (North American Indigenous) spirituality","","0","units","0","","16.7.2.1.23","250","","","","0"
"2021","New Brunswick","2021A000213","25 to 64 years","Men+","2021 Counts","Other religions and spiritual traditions","","0","units","0","","16.7.2.1.24","1010","","","","0"
"2021","New Brunswick","2021A000213","25 to 64 years","Men+","2021 Counts","No religion and secular perspectives","","0","units","0","","16.7.2.1.25","67320","","","","0"
"2021","New Brunswick","2021A000213","25 to 64 years","Men+","% distribution (2021)","Total - Religion","","0","units","0","","16.7.2.2.1","0.5","","","","1"
"2021","New Brunswick","2021A000213","25 to 64 years","Men+","% distribution (2021)","Buddhist","","0","units","0","","16.7.2.2.2","0.0","","","","1"
"2021","New Brunswick","2021A000213","25 to 64 years","Men+","% distribution (2021)","Christian","","0","units","0","","16.7.2.2.3","0.3","","","","1"
"2021","New Brunswick","2021A000213","25 to 64 years","Men+","% distribution (2021)","Hindu","","0","units","0","","16.7.2.2.19","0.0","","","","1"
"2021","New Brunswick","2021A000213","25 to 64 years","Men+","% distribution (2021)","Jewish","","0","units","0","","16.7.2.2.20","0.0","","","","1"
"2021","New Brunswick","2021A000213","25 to 64 years","Men+","% distribution (2021)","Muslim","","0","units","0","","16.7.2.2.21","0.0","","","","1"
"2021","New Brunswick","2021A000213","25 to 64 years","Men+","% distribution (2021)","Sikh","","0","units","0","","16.7.2.2.22","0.0","","","","1"
"2021","New Brunswick","2021A000213","25 to 64 years","Men+","% distribution (2021)","Traditional (North American Indigenous) spirituality","","0","units","0","","16.7.2.2.23","0.0","","","","1"
"2021","New Brunswick","2021A000213","25 to 64 years","Men+","% distribution (2021)","Other religions and spiritual traditions","","0","units","0","","16.7.2.2.24","0.0","","","","1"
"2021","New Brunswick","2021A000213","25 to 64 years","Men+","% distribution (2021)","No religion and secular perspectives","","0","units","0","","16.7.2.2.25","0.2","","","","1"
"2021","New Brunswick","2021A000213","25 to 64 years","Women+","2021 Counts","Total - Religion","","0","units","0","","16.7.3.1.1","204475","","","","0"
"2021","New Brunswick","2021A000213","25 to 64 years","Women+","2021 Counts","Buddhist","","0","units","0","","16.7.3.1.2","325","","","","0"
"2021","New Brunswick","2021A000213","25 to 64 years","Women+","2021 Counts","Christian","","0","units","0","","16.7.3.1.3","141030","","","","0"
"2021","New Brunswick","2021A000213","25 to 64 years","Women+","2021 Counts","Hindu","","0","units","0","","16.7.3.1.19","830","","","","0"
"2021","New Brunswick","2021A000213","25 to 64 years","Women+","2021 Counts","Jewish","","0","units","0","","16.7.3.1.20","255","","","","0"
"2021","New Brunswick","2021A000213","25 to 64 years","Women+","2021 Counts","Muslim","","0","units","0","","16.7.3.1.21","1995","","","","0"
"2021","New Brunswick","2021A000213","25 to 64 years","Women+","2021 Counts","Sikh","","0","units","0","","16.7.3.1.22","315","","","","0"
"2021","New Brunswick","2021A000213","25 to 64 years","Women+","2021 Counts","Traditional (North American Indigenous) spirituality","","0","units","0","","16.7.3.1.23","295","","","","0"
"2021","New Brunswick","2021A000213","25 to 64 years","Women+","2021 Counts","Other religions and spiritual traditions","","0","units","0","","16.7.3.1.24","1600","","","","0"
"2021","New Brunswick","2021A000213","25 to 64 years","Women+","2021 Counts","No religion and secular perspectives","","0","units","0","","16.7.3.1.25","57830","","","","0"
"2021","New Brunswick","2021A000213","25 to 64 years","Women+","% distribution (2021)","Total - Religion","","0","units","0","","16.7.3.2.1","0.6","","","","1"
"2021","New Brunswick","2021A000213","25 to 64 years","Women+","% distribution (2021)","Buddhist","","0","units","0","","16.7.3.2.2","0.0","","","","1"
"2021","New Brunswick","2021A000213","25 to 64 years","Women+","% distribution (2021)","Christian","","0","units","0","","16.7.3.2.3","0.4","","","","1"
"2021","New Brunswick","2021A000213","25 to 64 years","Women+","% distribution (2021)","Hindu","","0","units","0","","16.7.3.2.19","0.0","","","","1"
"2021","New Brunswick","2021A000213","25 to 64 years","Women+","% distribution (2021)","Jewish","","0","units","0","","16.7.3.2.20","0.0","","","","1"
"2021","New Brunswick","2021A000213","25 to 64 years","Women+","% distribution (2021)","Muslim","","0","units","0","","16.7.3.2.21","0.0","","","","1"
"2021","New Brunswick","2021A000213","25 to 64 years","Women+","% distribution (2021)","Sikh","","0","units","0","","16.7.3.2.22","0.0","","","","1"
"2021","New Brunswick","2021A000213","25 to 64 years","Women+","% distribution (2021)","Traditional (North American Indigenous) spirituality","","0","units","0","","16.7.3.2.23","0.0","","","","1"
"2021","New Brunswick","2021A000213","25 to 64 years","Women+","% distribution (2021)","Other religions and spiritual traditions","","0","units","0","","16.7.3.2.24","0.0","","","","1"
"2021","New Brunswick","2021A000213","25 to 64 years","Women+","% distribution (2021)","No religion and secular perspectives","","0","units","0","","16.7.3.2.25","0.2","","","","1"
"2021","New Brunswick","2021A000213","65 years and over","Total - Gender","2021 Counts","Total - Religion","","0","units","0","","16.13.1.1.1","166740","","","","0"
"2021","New Brunswick","2021A000213","65 years and over","Total - Gender","2021 Counts","Buddhist","","0","units","0","","16.13.1.1.2","140","","","","0"
"2021","New Brunswick","2021A000213","65 years and over","Total - Gender","2021 Counts","Christian","","0","units","0","","16.13.1.1.3","147220","","","","0"
"2021","New Brunswick","2021A000213","65 years and over","Total - Gender","2021 Counts","Hindu","","0","units","0","","16.13.1.1.19","105","","","","0"
"2021","New Brunswick","2021A000213","65 years and over","Total - Gender","2021 Counts","Jewish","","0","units","0","","16.13.1.1.20","200","","","","0"
"2021","New Brunswick","2021A000213","65 years and over","Total - Gender","2021 Counts","Muslim","","0","units","0","","16.13.1.1.21","170","","","","0"
"2021","New Brunswick","2021A000213","65 years and over","Total - Gender","2021 Counts","Sikh","","0","units","0","","16.13.1.1.22","15","","","","0"
"2021","New Brunswick","2021A000213","65 years and over","Total - Gender","2021 Counts","Traditional (North American Indigenous) spirituality","","0","units","0","","16.13.1.1.23","65","","","","0"
"2021","New Brunswick","2021A000213","65 years and over","Total - Gender","2021 Counts","Other religions and spiritual traditions","","0","units","0","","16.13.1.1.24","405","","","","0"
"2021","New Brunswick","2021A000213","65 years and over","Total - Gender","2021 Counts","No religion and secular perspectives","","0","units","0","","16.13.1.1.25","18420","","","","0"
"2021","New Brunswick","2021A000213","65 years and over","Total - Gender","% distribution (2021)","Total - Religion","","0","units","0","","16.13.1.2.1","0.5","","","","1"
"2021","New Brunswick","2021A000213","65 years and over","Total - Gender","% distribution (2021)","Buddhist","","0","units","0","","16.13.1.2.2","0.0","","","","1"
"2021","New Brunswick","2021A000213","65 years and over","Total - Gender","% distribution (2021)","Christian","","0","units","0","","16.13.1.2.3","0.4","","","","1"
"2021","New Brunswick","2021A000213","65 years and over","Total - Gender","% distribution (2021)","Hindu","","0","units","0","","16.13.1.2.19","0.0","","","","1"
"2021","New Brunswick","2021A000213","65 years and over","Total - Gender","% distribution (2021)","Jewish","","0","units","0","","16.13.1.2.20","0.0","","","","1"
"2021","New Brunswick","2021A000213","65 years and over","Total - Gender","% distribution (2021)","Muslim","","0","units","0","","16.13.1.2.21","0.0","","","","1"
"2021","New Brunswick","2021A000213","65 years and over","Total - Gender","% distribution (2021)","Sikh","","0","units","0","","16.13.1.2.22","0.0","","","","1"
"2021","New Brunswick","2021A000213","65 years and over","Total - Gender","% distribution (2021)","Traditional (North American Indigenous) spirituality","","0","units","0","","16.13.1.2.23","0.0","","","","1"
"2021","New Brunswick","2021A000213","65 years and over","Total - Gender","% distribution (2021)","Other religions and spiritual traditions","","0","units","0","","16.13.1.2.24","0.0","","","","1"
"2021","New Brunswick","2021A000213","65 years and over","Total - Gender","% distribution (2021)","No religion and secular perspectives","","0","units","0","","16.13.1.2.25","0.1","","","","1"
"2021","New Brunswick","2021A000213","65 years and over","Men+","2021 Counts","Total - Religion","","0","units","0","","16.13.2.1.1","78710","","","","0"
"2021","New Brunswick","2021A000213","65 years and over","Men+","2021 Counts","Buddhist","","0","units","0","","16.13.2.1.2","85","","","","0"
"2021","New Brunswick","2021A000213","65 years and over","Men+","2021 Counts","Christian","","0","units","0","","16.13.2.1.3","67435","","","","0"
"2021","New Brunswick","2021A000213","65 years and over","Men+","2021 Counts","Hindu","","0","units","0","","16.13.2.1.19","50","","","","0"
"2021","New Brunswick","2021A000213","65 years and over","Men+","2021 Counts","Jewish","","0","units","0","","16.13.2.1.20","100","","","","0"
"2021","New Brunswick","2021A000213","65 years and over","Men+","2021 Counts","Muslim","","0","units","0","","16.13.2.1.21","90","","","","0"
"2021","New Brunswick","2021A000213","65 years and over","Men+","2021 Counts","Sikh","","0","units","0","","16.13.2.1.22","10","","","","0"
"2021","New Brunswick","2021A000213","65 years and over","Men+","2021 Counts","Traditional (North American Indigenous) spirituality","","0","units","0","","16.13.2.1.23","35","","","","0"
"2021","New Brunswick","2021A000213","65 years and over","Men+","2021 Counts","Other religions and spiritual traditions","","0","units","0","","16.13.2.1.24","150","","","","0"
"2021","New Brunswick","2021A000213","65 years and over","Men+","2021 Counts","No religion and secular perspectives","","0","units","0","","16.13.2.1.25","10760","","","","0"
"2021","New Brunswick","2021A000213","65 years and over","Men+","% distribution (2021)","Total - Religion","","0","units","0","","16.13.2.2.1","0.2","","","","1"
"2021","New Brunswick","2021A000213","65 years and over","Men+","% distribution (2021)","Buddhist","","0","units","0","","16.13.2.2.2","0.0","","","","1"
"2021","New Brunswick","2021A000213","65 years and over","Men+","% distribution (2021)","Christian","","0","units","0","","16.13.2.2.3","0.2","","","","1"
"2021","New Brunswick","2021A000213","65 years and over","Men+","% distribution (2021)","Hindu","","0","units","0","","16.13.2.2.19","0.0","","","","1"
"2021","New Brunswick","2021A000213","65 years and over","Men+","% distribution (2021)","Jewish","","0","units","0","","16.13.2.2.20","0.0","","","","1"
"2021","New Brunswick","2021A000213","65 years and over","Men+","% distribution (2021)","Muslim","","0","units","0","","16.13.2.2.21","0.0","","","","1"
"2021","New Brunswick","2021A000213","65 years and over","Men+","% distribution (2021)","Sikh","","0","units","0","","16.13.2.2.22","0.0","","","","1"
"2021","New Brunswick","2021A000213","65 years and over","Men+","% distribution (2021)","Traditional (North American Indigenous) spirituality","","0","units","0","","16.13.2.2.23","0.0","","","","1"
"2021","New Brunswick","2021A000213","65 years and over","Men+","% distribution (2021)","Other religions and spiritual traditions","","0","units","0","","16.13.2.2.24","0.0","","","","1"
"2021","New Brunswick","2021A000213","65 years and over","Men+","% distribution (2021)","No religion and secular perspectives","","0","units","0","","16.13.2.2.25","0.0","","","","1"
"2021","New Brunswick","2021A000213","65 years and over","Women+","2021 Counts","Total - Religion","","0","units","0","","16.13.3.1.1","88030","","","","0"
"2021","New Brunswick","2021A000213","65 years and over","Women+","2021 Counts","Buddhist","","0","units","0","","16.13.3.1.2","60","","","","0"
"2021","New Brunswick","2021A000213","65 years and over","Women+","2021 Counts","Christian","","0","units","0","","16.13.3.1.3","79780","","","","0"
"2021","New Brunswick","2021A000213","65 years and over","Women+","2021 Counts","Hindu","","0","units","0","","16.13.3.1.19","55","","","","0"
"2021","New Brunswick","2021A000213","65 years and over","Women+","2021 Counts","Jewish","","0","units","0","","16.13.3.1.20","95","","","","0"
"2021","New Brunswick","2021A000213","65 years and over","Women+","2021 Counts","Muslim","","0","units","0","","16.13.3.1.21","80","","","","0"
"2021","New Brunswick","2021A000213","65 years and over","Women+","2021 Counts","Traditional (North American Indigenous) spirituality","","0","units","0","","16.13.3.1.23","30","","","","0"
"2021","New Brunswick","2021A000213","65 years and over","Women+","2021 Counts","Other religions and spiritual traditions","","0","units","0","","16.13.3.1.24","255","","","","0"
"2021","New Brunswick","2021A000213","65 years and over","Women+","2021 Counts","No religion and secular perspectives","","0","units","0","","16.13.3.1.25","7655","","","","0"
"2021","New Brunswick","2021A000213","65 years and over","Women+","% distribution (2021)","Total - Religion","","0","units","0","","16.13.3.2.1","0.2","","","","1"
"2021","New Brunswick","2021A000213","65 years and over","Women+","% distribution (2021)","Buddhist","","0","units","0","","16.13.3.2.2","0.0","","","","1"
"2021","New Brunswick","2021A000213","65 years and over","Women+","% distribution (2021)","Christian","","0","units","0","","16.13.3.2.3","0.2","","","","1"
"2021","New Brunswick","2021A000213","65 years and over","Women+","% distribution (2021)","Hindu","","0","units","0","","16.13.3.2.19","0.0","","","","1"
"2021","New Brunswick","2021A000213","65 years and over","Women+","% distribution (2021)","Jewish","","0","units","0","","16.13.3.2.20","0.0","","","","1"
"2021","New Brunswick","2021A000213","65 years and over","Women+","% distribution (2021)","Muslim","","0","units","0","","16.13.3.2.21","0.0","","","","1"
"2021","New Brunswick","2021A000213","65 years and over","Women+","% distribution (2021)","Sikh","","0","units","0","","16.13.3.2.22","0.0","","","","1"
"2021","New Brunswick","2021A000213","65 years and over","Women+","% distribution (2021)","Traditional (North American Indigenous) spirituality","","0","units","0","","16.13.3.2.23","0.0","","","","1"
"2021","New Brunswick","2021A000213","65 years and over","Women+","% distribution (2021)","Other religions and spiritual traditions","","0","units","0","","16.13.3.2.24","0.0","","","","1"
"2021","New Brunswick","2021A000213","65 years and over","Women+","% distribution (2021)","No religion and secular perspectives","","0","units","0","","16.13.3.2.25","0.0","","","","1"
"2021","Quebec","2021A000224","Total - Age","Total - Gender","2021 Counts","Total - Religion","","0","units","0","","26.1.1.1.1","8308475","","","","0"
"2021","Quebec","2021A000224","Total - Age","Total - Gender","2021 Counts","Buddhist","","0","units","0","","26.1.1.1.2","48370","","","","0"
"2021","Quebec","2021A000224","Total - Age","Total - Gender","2021 Counts","Christian","","0","units","0","","26.1.1.1.3","5385235","","","","0"
"2021","Quebec","2021A000224","Total - Age","Total - Gender","2021 Counts","Hindu","","0","units","0","","26.1.1.1.19","47390","","","","0"
"2021","Quebec","2021A000224","Total - Age","Total - Gender","2021 Counts","Jewish","","0","units","0","","26.1.1.1.20","84535","","","","0"
"2021","Quebec","2021A000224","Total - Age","Total - Gender","2021 Counts","Muslim","","0","units","0","","26.1.1.1.21","421710","","","","0"
"2021","Quebec","2021A000224","Total - Age","Total - Gender","2021 Counts","Sikh","","0","units","0","","26.1.1.1.22","23345","","","","0"
"2021","Quebec","2021A000224","Total - Age","Total - Gender","2021 Counts","Traditional (North American Indigenous) spirituality","","0","units","0","","26.1.1.1.23","3790","","","","0"
"2021","Quebec","2021A000224","Total - Age","Total - Gender","2021 Counts","Other religions and spiritual traditions","","0","units","0","","26.1.1.1.24","26380","","","","0"
"2021","Quebec","2021A000224","Total - Age","Total - Gender","2021 Counts","No religion and secular perspectives","","0","units","0","","26.1.1.1.25","2267715","","","","0"
"2021","Quebec","2021A000224","Total - Age","Total - Gender","% distribution (2021)","Total - Religion","","0","units","0","","26.1.1.2.1","22.9","","","","1"
"2021","Quebec","2021A000224","Total - Age","Total - Gender","% distribution (2021)","Buddhist","","0","units","0","","26.1.1.2.2","0.1","","","","1"
"2021","Quebec","2021A000224","Total - Age","Total - Gender","% distribution (2021)","Christian","","0","units","0","","26.1.1.2.3","14.8","","","","1"
"2021","Quebec","2021A000224","Total - Age","Total - Gender","% distribution (2021)","Hindu","","0","units","0","","26.1.1.2.19","0.1","","","","1"
"2021","Quebec","2021A000224","Total - Age","Total - Gender","% distribution (2021)","Jewish","","0","units","0","","26.1.1.2.20","0.2","","","","1"
"2021","Quebec","2021A000224","Total - Age","Total - Gender","% distribution (2021)","Muslim","","0","units","0","","26.1.1.2.21","1.2","","","","1"
"2021","Quebec","2021A000224","Total - Age","Total - Gender","% distribution (2021)","Sikh","","0","units","0","","26.1.1.2.22","0.1","","","","1"
"2021","Quebec","2021A000224","Total - Age","Total - Gender","% distribution (2021)","Traditional (North American Indigenous) spirituality","","0","units","0","","26.1.1.2.23","0.0","","","","1"
"2021","Quebec","2021A000224","Total - Age","Total - Gender","% distribution (2021)","Other religions and spiritual traditions","","0","units","0","","26.1.1.2.24","0.1","","","","1"
"2021","Quebec","2021A000224","Total - Age","Total - Gender","% distribution (2021)","No religion and secular perspectives","","0","units","0","","26.1.1.2.25","6.2","","","","1"
"2021","Quebec","2021A000224","Total - Age","Men+","2021 Counts","Total - Religion","","0","units","0","","26.1.2.1.1","4126860","","","","0"
"2021","Quebec","2021A000224","Total - Age","Men+","2021 Counts","Buddhist","","0","units","0","","26.1.2.1.2","21390","","","","0"
"2021","Quebec","2021A000224","Total - Age","Men+","2021 Counts","Christian","","0","units","0","","26.1.2.1.3","2596385","","","","0"
"2021","Quebec","2021A000224","Total - Age","Men+","2021 Counts","Hindu","","0","units","0","","26.1.2.1.19","25045","","","","0"
"2021","Quebec","2021A000224","Total - Age","Men+","2021 Counts","Jewish","","0","units","0","","26.1.2.1.20","41475","","","","0"
"2021","Quebec","2021A000224","Total - Age","Men+","2021 Counts","Muslim","","0","units","0","","26.1.2.1.21","218255","","","","0"
"2021","Quebec","2021A000224","Total - Age","Men+","2021 Counts","Sikh","","0","units","0","","26.1.2.1.22","12385","","","","0"
"2021","Quebec","2021A000224","Total - Age","Men+","2021 Counts","Traditional (North American Indigenous) spirituality","","0","units","0","","26.1.2.1.23","1900","","","","0"
"2021","Quebec","2021A000224","Total - Age","Men+","2021 Counts","Other religions and spiritual traditions","","0","units","0","","26.1.2.1.24","12370","","","","0"
"2021","Quebec","2021A000224","Total - Age","Men+","2021 Counts","No religion and secular perspectives","","0","units","0","","26.1.2.1.25","1197650","","","","0"
"2021","Quebec","2021A000224","Total - Age","Men+","% distribution (2021)","Total - Religion","","0","units","0","","26.1.2.2.1","11.4","","","","1"
"2021","Quebec","2021A000224","Total - Age","Men+","% distribution (2021)","Buddhist","","0","units","0","","26.1.2.2.2","0.1","","","","1"
"2021","Quebec","2021A000224","Total - Age","Men+","% distribution (2021)","Christian","","0","units","0","","26.1.2.2.3","7.1","","","","1"
"2021","Quebec","2021A000224","Total - Age","Men+","% distribution (2021)","Hindu","","0","units","0","","26.1.2.2.19","0.1","","","","1"
"2021","Quebec","2021A000224","Total - Age","Men+","% distribution (2021)","Jewish","","0","units","0","","26.1.2.2.20","0.1","","","","1"
"2021","Quebec","2021A000224","Total - Age","Men+","% distribution (2021)","Muslim","","0","units","0","","26.1.2.2.21","0.6","","","","1"
"2021","Quebec","2021A000224","Total - Age","Men+","% distribution (2021)","Sikh","","0","units","0","","26.1.2.2.22","0.0","","","","1"
"2021","Quebec","2021A000224","Total - Age","Men+","% distribution (2021)","Traditional (North American Indigenous) spirituality","","0","units","0","","26.1.2.2.23","0.0","","","","1"
"2021","Quebec","2021A000224","Total - Age","Men+","% distribution (2021)","Other religions and spiritual traditions","","0","units","0","","26.1.2.2.24","0.0","","","","1"
"2021","Quebec","2021A000224","Total - Age","Men+","% distribution (2021)","No religion and secular perspectives","","0","units","0","","26.1.2.2.25","3.3","","","","1"
"2021","Quebec","2021A000224","Total - Age","Women+","2021 Counts","Total - Religion","","0","units","0","","26.1.3.1.1","4181625","","","","0"
"2021","Quebec","2021A000224","Total - Age","Women+","2021 Counts","Buddhist","","0","units","0","","26.1.3.1.2","26980","","","","0"
"2021","Quebec","2021A000224","Total - Age","Women+","2021 Counts","Christian","","0","units","0","","26.1.3.1.3","2788855","","","","0"
"2021","Quebec","2021A000224","Total - Age","Women+","2021 Counts","Hindu","","0","units","0","","26.1.3.1.19","22340","","","","0"
"2021","Quebec","2021A000224","Total - Age","Women+","2021 Counts","Jewish","","0","units","0","","26.1.3.1.20","43065","","","","0"
"2021","Quebec","2021A000224","Total - Age","Women+","2021 Counts","Muslim","","0","units","0","","26.1.3.1.21","203460","","","","0"
"2021","Quebec","2021A000224","Total - Age","Women+","2021 Counts","Sikh","","0","units","0","","26.1.3.1.22","10960","","","","0"
"2021","Quebec","2021A000224","Total - Age","Women+","2021 Counts","Traditional (North American Indigenous) spirituality","","0","units","0","","26.1.3.1.23","1890","","","","0"
"2021","Quebec","2021A000224","Total - Age","Women+","2021 Counts","Other religions and spiritual traditions","","0","units","0","","26.1.3.1.24","14010","","","","0"
"2021","Quebec","2021A000224","Total - Age","Women+","2021 Counts","No religion and secular perspectives","","0","units","0","","26.1.3.1.25","1070065","","","","0"
"2021","Quebec","2021A000224","Total - Age","Women+","% distribution (2021)","Total - Religion","","0","units","0","","26.1.3.2.1","11.5","","","","1"
"2021","Quebec","2021A000224","Total - Age","Women+","% distribution (2021)","Buddhist","","0","units","0","","26.1.3.2.2","0.1","","","","1"
"2021","Quebec","2021A000224","Total - Age","Women+","% distribution (2021)","Christian","","0","units","0","","26.1.3.2.3","7.7","","","","1"
"2021","Quebec","2021A000224","Total - Age","Women+","% distribution (2021)","Hindu","","0","units","0","","26.1.3.2.19","0.1","","","","1"
"2021","Quebec","2021A000224","Total - Age","Women+","% distribution (2021)","Jewish","","0","units","0","","26.1.3.2.20","0.1","","","","1"
"2021","Quebec","2021A000224","Total - Age","Women+","% distribution (2021)","Muslim","","0","units","0","","26.1.3.2.21","0.6","","","","1"
"2021","Quebec","2021A000224","Total - Age","Women+","% distribution (2021)","Sikh","","0","units","0","","26.1.3.2.22","0.0","","","","1"
"2021","Quebec","2021A000224","Total - Age","Women+","% distribution (2021)","Traditional (North American Indigenous) spirituality","","0","units","0","","26.1.3.2.23","0.0","","","","1"
"2021","Quebec","2021A000224","Total - Age","Women+","% distribution (2021)","Other religions and spiritual traditions","","0","units","0","","26.1.3.2.24","0.0","","","","1"
"2021","Quebec","2021A000224","Total - Age","Women+","% distribution (2021)","No religion and secular perspectives","","0","units","0","","26.1.3.2.25","2.9","","","","1"
"2021","Quebec","2021A000224","0 to 14 years","Total - Gender","2021 Counts","Total - Religion","","0","units","0","","26.2.1.1.1","1389755","","","","0"
"2021","Quebec","2021A000224","0 to 14 years","Total - Gender","2021 Counts","Buddhist","","0","units","0","","26.2.1.1.2","4655","","","","0"
"2021","Quebec","2021A000224","0 to 14 years","Total - Gender","2021 Counts","Christian","","0","units","0","","26.2.1.1.3","654185","","","","0"
"2021","Quebec","2021A000224","0 to 14 years","Total - Gender","2021 Counts","Hindu","","0","units","0","","26.2.1.1.19","7925","","","","0"
"2021","Quebec","2021A000224","0 to 14 years","Total - Gender","2021 Counts","Jewish","","0","units","0","","26.2.1.1.20","17000","","","","0"
"2021","Quebec","2021A000224","0 to 14 years","Total - Gender","2021 Counts","Muslim","","0","units","0","","26.2.1.1.21","121510","","","","0"
"2021","Quebec","2021A000224","0 to 14 years","Total - Gender","2021 Counts","Sikh","","0","units","0","","26.2.1.1.22","3320","","","","0"
"2021","Quebec","2021A000224","0 to 14 years","Total - Gender","2021 Counts","Traditional (North American Indigenous) spirituality","","0","units","0","","26.2.1.1.23","1000","","","","0"
"2021","Quebec","2021A000224","0 to 14 years","Total - Gender","2021 Counts","Other religions and spiritual traditions","","0","units","0","","26.2.1.1.24","2995","","","","0"
"2021","Quebec","2021A000224","0 to 14 years","Total - Gender","2021 Counts","No religion and secular perspectives","","0","units","0","","26.2.1.1.25","577155","","","","0"
"2021","Quebec","2021A000224","0 to 14 years","Total - Gender","% distribution (2021)","Total - Religion","","0","units","0","","26.2.1.2.1","3.8","","","","1"
"2021","Quebec","2021A000224","0 to 14 years","Total - Gender","% distribution (2021)","Buddhist","","0","units","0","","26.2.1.2.2","0.0","","","","1"
"2021","Quebec","2021A000224","0 to 14 years","Total - Gender","% distribution (2021)","Christian","","0","units","0","","26.2.1.2.3","1.8","","","","1"
"2021","Quebec","2021A000224","0 to 14 years","Total - Gender","% distribution (2021)","Hindu","","0","units","0","","26.2.1.2.19","0.0","","","","1"
"2021","Quebec","2021A000224","0 to 14 years","Total - Gender","% distribution (2021)","Jewish","","0","units","0","","26.2.1.2.20","0.0","","","","1"
"2021","Quebec","2021A000224","0 to 14 years","Total - Gender","% distribution (2021)","Muslim","","0","units","0","","26.2.1.2.21","0.3","","","","1"
"2021","Quebec","2021A000224","0 to 14 years","Total - Gender","% distribution (2021)","Sikh","","0","units","0","","26.2.1.2.22","0.0","","","","1"
"2021","Quebec","2021A000224","0 to 14 years","Total - Gender","% distribution (2021)","Traditional (North American Indigenous) spirituality","","0","units","0","","26.2.1.2.23","0.0","","","","1"
"2021","Quebec","2021A000224","0 to 14 years","Total - Gender","% distribution (2021)","Other religions and spiritual traditions","","0","units","0","","26.2.1.2.24","0.0","","","","1"
"2021","Quebec","2021A000224","0 to 14 years","Total - Gender","% distribution (2021)","No religion and secular perspectives","","0","units","0","","26.2.1.2.25","1.6","","","","1"
"2021","Quebec","2021A000224","0 to 14 years","Men+","2021 Counts","Total - Religion","","0","units","0","","26.2.2.1.1","712340","","","","0"
"2021","Quebec","2021A000224","0 to 14 years","Men+","2021 Counts","Buddhist","","0","units","0","","26.2.2.1.2","2315","","","","0"
"2021","Quebec","2021A000224","0 to 14 years","Men+","2021 Counts","Christian","","0","units","0","","26.2.2.1.3","333385","","","","0"
"2021","Quebec","2021A000224","0 to 14 years","Men+","2021 Counts","Hindu","","0","units","0","","26.2.2.1.19","4045","","","","0"
"2021","Quebec","2021A000224","0 to 14 years","Men+","2021 Counts","Jewish","","0","units","0","","26.2.2.1.20","8685","","","","0"
"2021","Quebec","2021A000224","0 to 14 years","Men+","2021 Counts","Muslim","","0","units","0","","26.2.2.1.21","62330","","","","0"
"2021","Quebec","2021A000224","0 to 14 years","Men+","2021 Counts","Sikh","","0","units","0","","26.2.2.1.22","1715","","","","0"
"2021","Quebec","2021A000224","0 to 14 years","Men+","2021 Counts","Traditional (North American Indigenous) spirituality","","0","units","0","","26.2.2.1.23","535","","","","0"
"2021","Quebec","2021A000224","0 to 14 years","Men+","2021 Counts","Other religions and spiritual traditions","","0","units","0","","26.2.2.1.24","1510","","","","0"
"2021","Quebec","2021A000224","0 to 14 years","Men+","2021 Counts","No religion and secular perspectives","","0","units","0","","26.2.2.1.25","297830","","","","0"
"2021","Quebec","2021A000224","0 to 14 years","Men+","% distribution (2021)","Total - Religion","","0","units","0","","26.2.2.2.1","2.0","","","","1"
"2021","Quebec","2021A000224","0 to 14 years","Men+","% distribution (2021)","Buddhist","","0","units","0","","26.2.2.2.2","0.0","","","","1"
"2021","Quebec","2021A000224","0 to 14 years","Men+","% distribution (2021)","Christian","","0","units","0","","26.2.2.2.3","0.9","","","","1"
"2021","Quebec","2021A000224","0 to 14 years","Men+","% distribution (2021)","Hindu","","0","units","0","","26.2.2.2.19","0.0","","","","1"
"2021","Quebec","2021A000224","0 to 14 years","Men+","% distribution (2021)","Jewish","","0","units","0","","26.2.2.2.20","0.0","","","","1"
"2021","Quebec","2021A000224","0 to 14 years","Men+","% distribution (2021)","Muslim","","0","units","0","","26.2.2.2.21","0.2","","","","1"
"2021","Quebec","2021A000224","0 to 14 years","Men+","% distribution (2021)","Sikh","","0","units","0","","26.2.2.2.22","0.0","","","","1"
"2021","Quebec","2021A000224","0 to 14 years","Men+","% distribution (2021)","Traditional (North American Indigenous) spirituality","","0","units","0","","26.2.2.2.23","0.0","","","","1"
"2021","Quebec","2021A000224","0 to 14 years","Men+","% distribution (2021)","Other religions and spiritual traditions","","0","units","0","","26.2.2.2.24","0.0","","","","1"
"2021","Quebec","2021A000224","0 to 14 years","Men+","% distribution (2021)","No religion and secular perspectives","","0","units","0","","26.2.2.2.25","0.8","","","","1"
"2021","Quebec","2021A000224","0 to 14 years","Women+","2021 Counts","Total - Religion","","0","units","0","","26.2.3.1.1","677410","","","","0"
"2021","Quebec","2021A000224","0 to 14 years","Women+","2021 Counts","Buddhist","","0","units","0","","26.2.3.1.2","2345","","","","0"
"2021","Quebec","2021A000224","0 to 14 years","Women+","2021 Counts","Christian","","0","units","0","","26.2.3.1.3","320800","","","","0"
"2021","Quebec","2021A000224","0 to 14 years","Women+","2021 Counts","Hindu","","0","units","0","","26.2.3.1.19","3875","","","","0"
"2021","Quebec","2021A000224","0 to 14 years","Women+","2021 Counts","Jewish","","0","units","0","","26.2.3.1.20","8320","","","","0"
"2021","Quebec","2021A000224","0 to 14 years","Women+","2021 Counts","Muslim","","0","units","0","","26.2.3.1.21","59180","","","","0"
"2021","Quebec","2021A000224","0 to 14 years","Women+","2021 Counts","Sikh","","0","units","0","","26.2.3.1.22","1610","","","","0"
"2021","Quebec","2021A000224","0 to 14 years","Women+","2021 Counts","Traditional (North American Indigenous) spirituality","","0","units","0","","26.2.3.1.23","460","","","","0"
"2021","Quebec","2021A000224","0 to 14 years","Women+","2021 Counts","Other religions and spiritual traditions","","0","units","0","","26.2.3.1.24","1490","","","","0"
"2021","Quebec","2021A000224","0 to 14 years","Women+","2021 Counts","No religion and secular perspectives","","0","units","0","","26.2.3.1.25","279330","","","","0"
"2021","Quebec","2021A000224","0 to 14 years","Women+","% distribution (2021)","Total - Religion","","0","units","0","","26.2.3.2.1","1.9","","","","1"
"2021","Quebec","2021A000224","0 to 14 years","Women+","% distribution (2021)","Buddhist","","0","units","0","","26.2.3.2.2","0.0","","","","1"
"2021","Quebec","2021A000224","0 to 14 years","Women+","% distribution (2021)","Christian","","0","units","0","","26.2.3.2.3","0.9","","","","1"
"2021","Quebec","2021A000224","0 to 14 years","Women+","% distribution (2021)","Hindu","","0","units","0","","26.2.3.2.19","0.0","","","","1"
"2021","Quebec","2021A000224","0 to 14 years","Women+","% distribution (2021)","Jewish","","0","units","0","","26.2.3.2.20","0.0","","","","1"
"2021","Quebec","2021A000224","0 to 14 years","Women+","% distribution (2021)","Muslim","","0","units","0","","26.2.3.2.21","0.2","","","","1"
"2021","Quebec","2021A000224","0 to 14 years","Women+","% distribution (2021)","Sikh","","0","units","0","","26.2.3.2.22","0.0","","","","1"
"2021","Quebec","2021A000224","0 to 14 years","Women+","% distribution (2021)","Traditional (North American Indigenous) spirituality","","0","units","0","","26.2.3.2.23","0.0","","","","1"
"2021","Quebec","2021A000224","0 to 14 years","Women+","% distribution (2021)","Other religions and spiritual traditions","","0","units","0","","26.2.3.2.24","0.0","","","","1"
"2021","Quebec","2021A000224","0 to 14 years","Women+","% distribution (2021)","No religion and secular perspectives","","0","units","0","","26.2.3.2.25","0.8","","","","1"
"2021","Quebec","2021A000224","15 years and over","Total - Gender","2021 Counts","Total - Religion","","0","units","0","","26.3.1.1.1","6918730","","","","0"
"2021","Quebec","2021A000224","15 years and over","Total - Gender","2021 Counts","Buddhist","","0","units","0","","26.3.1.1.2","43710","","","","0"
"2021","Quebec","2021A000224","15 years and over","Total - Gender","2021 Counts","Christian","","0","units","0","","26.3.1.1.3","4731050","","","","0"
"2021","Quebec","2021A000224","15 years and over","Total - Gender","2021 Counts","Hindu","","0","units","0","","26.3.1.1.19","39470","","","","0"
"2021","Quebec","2021A000224","15 years and over","Total - Gender","2021 Counts","Jewish","","0","units","0","","26.3.1.1.20","67530","","","","0"
"2021","Quebec","2021A000224","15 years and over","Total - Gender","2021 Counts","Muslim","","0","units","0","","26.3.1.1.21","300200","","","","0"
"2021","Quebec","2021A000224","15 years and over","Total - Gender","2021 Counts","Sikh","","0","units","0","","26.3.1.1.22","20030","","","","0"
"2021","Quebec","2021A000224","15 years and over","Total - Gender","2021 Counts","Traditional (North American Indigenous) spirituality","","0","units","0","","26.3.1.1.23","2795","","","","0"
"2021","Quebec","2021A000224","15 years and over","Total - Gender","2021 Counts","Other religions and spiritual traditions","","0","units","0","","26.3.1.1.24","23385","","","","0"
"2021","Quebec","2021A000224","15 years and over","Total - Gender","2021 Counts","No religion and secular perspectives","","0","units","0","","26.3.1.1.25","1690560","","","","0"
"2021","Quebec","2021A000224","15 years and over","Total - Gender","% distribution (2021)","Total - Religion","","0","units","0","","26.3.1.2.1","19.0","","","","1"
"2021","Quebec","2021A000224","15 years and over","Total - Gender","% distribution (2021)","Buddhist","","0","units","0","","26.3.1.2.2","0.1","","","","1"
"2021","Quebec","2021A000224","15 years and over","Total - Gender","% distribution (2021)","Christian","","0","units","0","","26.3.1.2.3","13.0","","","","1"
"2021","Quebec","2021A000224","15 years and over","Total - Gender","% distribution (2021)","Hindu","","0","units","0","","26.3.1.2.19","0.1","","","","1"
"2021","Quebec","2021A000224","15 years and over","Total - Gender","% distribution (2021)","Jewish","","0","units","0","","26.3.1.2.20","0.2","","","","1"
"2021","Quebec","2021A000224","15 years and over","Total - Gender","% distribution (2021)","Muslim","","0","units","0","","26.3.1.2.21","0.8","","","","1"
"2021","Quebec","2021A000224","15 years and over","Total - Gender","% distribution (2021)","Sikh","","0","units","0","","26.3.1.2.22","0.1","","","","1"
"2021","Quebec","2021A000224","15 years and over","Total - Gender","% distribution (2021)","Traditional (North American Indigenous) spirituality","","0","units","0","","26.3.1.2.23","0.0","","","","1"
"2021","Quebec","2021A000224","15 years and over","Total - Gender","% distribution (2021)","Other religions and spiritual traditions","","0","units","0","","26.3.1.2.24","0.1","","","","1"
"2021","Quebec","2021A000224","15 years and over","Total - Gender","% distribution (2021)","No religion and secular perspectives","","0","units","0","","26.3.1.2.25","4.7","","","","1"
"2021","Quebec","2021A000224","15 years and over","Men+","2021 Counts","Total - Religion","","0","units","0","","26.3.2.1.1","3414515","","","","0"
"2021","Quebec","2021A000224","15 years and over","Men+","2021 Counts","Buddhist","","0","units","0","","26.3.2.1.2","19075","","","","0"
"2021","Quebec","2021A000224","15 years and over","Men+","2021 Counts","Christian","","0","units","0","","26.3.2.1.3","2262995","","","","0"
"2021","Quebec","2021A000224","15 years and over","Men+","2021 Counts","Hindu","","0","units","0","","26.3.2.1.19","21000","","","","0"
"2021","Quebec","2021A000224","15 years and over","Men+","2021 Counts","Jewish","","0","units","0","","26.3.2.1.20","32790","","","","0"
"2021","Quebec","2021A000224","15 years and over","Men+","2021 Counts","Muslim","","0","units","0","","26.3.2.1.21","155925","","","","0"
"2021","Quebec","2021A000224","15 years and over","Men+","2021 Counts","Sikh","","0","units","0","","26.3.2.1.22","10670","","","","0"
"2021","Quebec","2021A000224","15 years and over","Men+","2021 Counts","Traditional (North American Indigenous) spirituality","","0","units","0","","26.3.2.1.23","1360","","","","0"
"2021","Quebec","2021A000224","15 years and over","Men+","2021 Counts","Other religions and spiritual traditions","","0","units","0","","26.3.2.1.24","10860","","","","0"
"2021","Quebec","2021A000224","15 years and over","Men+","2021 Counts","No religion and secular perspectives","","0","units","0","","26.3.2.1.25","899820","","","","0"
"2021","Quebec","2021A000224","15 years and over","Men+","% distribution (2021)","Total - Religion","","0","units","0","","26.3.2.2.1","9.4","","","","1"
"2021","Quebec","2021A000224","15 years and over","Men+","% distribution (2021)","Buddhist","","0","units","0","","26.3.2.2.2","0.1","","","","1"
"2021","Quebec","2021A000224","15 years and over","Men+","% distribution (2021)","Christian","","0","units","0","","26.3.2.2.3","6.2","","","","1"
"2021","Quebec","2021A000224","15 years and over","Men+","% distribution (2021)","Hindu","","0","units","0","","26.3.2.2.19","0.1","","","","1"
"2021","Quebec","2021A000224","15 years and over","Men+","% distribution (2021)","Jewish","","0","units","0","","26.3.2.2.20","0.1","","","","1"
"2021","Quebec","2021A000224","15 years and over","Men+","% distribution (2021)","Muslim","","0","units","0","","26.3.2.2.21","0.4","","","","1"
"2021","Quebec","2021A000224","15 years and over","Men+","% distribution (2021)","Sikh","","0","units","0","","26.3.2.2.22","0.0","","","","1"
"2021","Quebec","2021A000224","15 years and over","Men+","% distribution (2021)","Traditional (North American Indigenous) spirituality","","0","units","0","","26.3.2.2.23","0.0","","","","1"
"2021","Quebec","2021A000224","15 years and over","Men+","% distribution (2021)","Other religions and spiritual traditions","","0","units","0","","26.3.2.2.24","0.0","","","","1"
"2021","Quebec","2021A000224","15 years and over","Men+","% distribution (2021)","No religion and secular perspectives","","0","units","0","","26.3.2.2.25","2.5","","","","1"
"2021","Quebec","2021A000224","15 years and over","Women+","2021 Counts","Total - Religion","","0","units","0","","26.3.3.1.1","3504210","","","","0"
"2021","Quebec","2021A000224","15 years and over","Women+","2021 Counts","Buddhist","","0","units","0","","26.3.3.1.2","24635","","","","0"
"2021","Quebec","2021A000224","15 years and over","Women+","2021 Counts","Christian","","0","units","0","","26.3.3.1.3","2468055","","","","0"
"2021","Quebec","2021A000224","15 years and over","Women+","2021 Counts","Hindu","","0","units","0","","26.3.3.1.19","18465","","","","0"
"2021","Quebec","2021A000224","15 years and over","Women+","2021 Counts","Jewish","","0","units","0","","26.3.3.1.20","34740","","","","0"
"2021","Quebec","2021A000224","15 years and over","Women+","2021 Counts","Muslim","","0","units","0","","26.3.3.1.21","144270","","","","0"
"2021","Quebec","2021A000224","15 years and over","Women+","2021 Counts","Sikh","","0","units","0","","26.3.3.1.22","9355","","","","0"
"2021","Quebec","2021A000224","15 years and over","Women+","2021 Counts","Traditional (North American Indigenous) spirituality","","0","units","0","","26.3.3.1.23","1430","","","","0"
"2021","Quebec","2021A000224","15 years and over","Women+","2021 Counts","Other religions and spiritual traditions","","0","units","0","","26.3.3.1.24","12525","","","","0"
"2021","Quebec","2021A000224","15 years and over","Women+","2021 Counts","No religion and secular perspectives","","0","units","0","","26.3.3.1.25","790735","","","","0"
"2021","Quebec","2021A000224","15 years and over","Women+","% distribution (2021)","Total - Religion","","0","units","0","","26.3.3.2.1","9.6","","","","1"
"2021","Quebec","2021A000224","15 years and over","Women+","% distribution (2021)","Buddhist","","0","units","0","","26.3.3.2.2","0.1","","","","1"
"2021","Quebec","2021A000224","15 years and over","Women+","% distribution (2021)","Christian","","0","units","0","","26.3.3.2.3","6.8","","","","1"
"2021","Quebec","2021A000224","15 years and over","Women+","% distribution (2021)","Hindu","","0","units","0","","26.3.3.2.19","0.1","","","","1"
"2021","Quebec","2021A000224","15 years and over","Women+","% distribution (2021)","Jewish","","0","units","0","","26.3.3.2.20","0.1","","","","1"
"2021","Quebec","2021A000224","15 years and over","Women+","% distribution (2021)","Muslim","","0","units","0","","26.3.3.2.21","0.4","","","","1"
"2021","Quebec","2021A000224","15 years and over","Women+","% distribution (2021)","Sikh","","0","units","0","","26.3.3.2.22","0.0","","","","1"
"2021","Quebec","2021A000224","15 years and over","Women+","% distribution (2021)","Traditional (North American Indigenous) spirituality","","0","units","0","","26.3.3.2.23","0.0","","","","1"
"2021","Quebec","2021A000224","15 years and over","Women+","% distribution (2021)","Other religions and spiritual traditions","","0","units","0","","26.3.3.2.24","0.0","","","","1"
"2021","Quebec","2021A000224","15 years and over","Women+","% distribution (2021)","No religion and secular perspectives","","0","units","0","","26.3.3.2.25","2.2","","","","1"
"2021","Quebec","2021A000224","15 to 24 years","Total - Gender","2021 Counts","Total - Religion","","0","units","0","","26.4.1.1.1","884210","","","","0"
"2021","Quebec","2021A000224","15 to 24 years","Total - Gender","2021 Counts","Buddhist","","0","units","0","","26.4.1.1.2","4485","","","","0"
"2021","Quebec","2021A000224","15 to 24 years","Total - Gender","2021 Counts","Christian","","0","units","0","","26.4.1.1.3","486600","","","","0"
"2021","Quebec","2021A000224","15 to 24 years","Total - Gender","2021 Counts","Hindu","","0","units","0","","26.4.1.1.19","7790","","","","0"
"2021","Quebec","2021A000224","15 to 24 years","Total - Gender","2021 Counts","Jewish","","0","units","0","","26.4.1.1.20","10670","","","","0"
"2021","Quebec","2021A000224","15 to 24 years","Total - Gender","2021 Counts","Muslim","","0","units","0","","26.4.1.1.21","59165","","","","0"
"2021","Quebec","2021A000224","15 to 24 years","Total - Gender","2021 Counts","Sikh","","0","units","0","","26.4.1.1.22","6175","","","","0"
"2021","Quebec","2021A000224","15 to 24 years","Total - Gender","2021 Counts","Traditional (North American Indigenous) spirituality","","0","units","0","","26.4.1.1.23","600","","","","0"
"2021","Quebec","2021A000224","15 to 24 years","Total - Gender","2021 Counts","Other religions and spiritual traditions","","0","units","0","","26.4.1.1.24","3030","","","","0"
"2021","Quebec","2021A000224","15 to 24 years","Total - Gender","2021 Counts","No religion and secular perspectives","","0","units","0","","26.4.1.1.25","305690","","","","0"
"2021","Quebec","2021A000224","15 to 24 years","Total - Gender","% distribution (2021)","Total - Religion","","0","units","0","","26.4.1.2.1","2.4","","","","1"
"2021","Quebec","2021A000224","15 to 24 years","Total - Gender","% distribution (2021)","Buddhist","","0","units","0","","26.4.1.2.2","0.0","","","","1"
"2021","Quebec","2021A000224","15 to 24 years","Total - Gender","% distribution (2021)","Christian","","0","units","0","","26.4.1.2.3","1.3","","","","1"
"2021","Quebec","2021A000224","15 to 24 years","Total - Gender","% distribution (2021)","Hindu","","0","units","0","","26.4.1.2.19","0.0","","","","1"
"2021","Quebec","2021A000224","15 to 24 years","Total - Gender","% distribution (2021)","Jewish","","0","units","0","","26.4.1.2.20","0.0","","","","1"
"2021","Quebec","2021A000224","15 to 24 years","Total - Gender","% distribution (2021)","Muslim","","0","units","0","","26.4.1.2.21","0.2","","","","1"
"2021","Quebec","2021A000224","15 to 24 years","Total - Gender","% distribution (2021)","Sikh","","0","units","0","","26.4.1.2.22","0.0","","","","1"
"2021","Quebec","2021A000224","15 to 24 years","Total - Gender","% distribution (2021)","Traditional (North American Indigenous) spirituality","","0","units","0","","26.4.1.2.23","0.0","","","","1"
"2021","Quebec","2021A000224","15 to 24 years","Total - Gender","% distribution (2021)","Other religions and spiritual traditions","","0","units","0","","26.4.1.2.24","0.0","","","","1"
"2021","Quebec","2021A000224","15 to 24 years","Total - Gender","% distribution (2021)","No religion and secular perspectives","","0","units","0","","26.4.1.2.25","0.8","","","","1"
"2021","Quebec","2021A000224","15 to 24 years","Men+","2021 Counts","Total - Religion","","0","units","0","","26.4.2.1.1","452290","","","","0"
"2021","Quebec","2021A000224","15 to 24 years","Men+","2021 Counts","Buddhist","","0","units","0","","26.4.2.1.2","2115","","","","0"
"2021","Quebec","2021A000224","15 to 24 years","Men+","2021 Counts","Christian","","0","units","0","","26.4.2.1.3","249735","","","","0"
"2021","Quebec","2021A000224","15 to 24 years","Men+","2021 Counts","Hindu","","0","units","0","","26.4.2.1.19","4380","","","","0"
"2021","Quebec","2021A000224","15 to 24 years","Men+","2021 Counts","Jewish","","0","units","0","","26.4.2.1.20","5475","","","","0"
"2021","Quebec","2021A000224","15 to 24 years","Men+","2021 Counts","Muslim","","0","units","0","","26.4.2.1.21","30845","","","","0"
"2021","Quebec","2021A000224","15 to 24 years","Men+","2021 Counts","Sikh","","0","units","0","","26.4.2.1.22","3315","","","","0"
"2021","Quebec","2021A000224","15 to 24 years","Men+","2021 Counts","Traditional (North American Indigenous) spirituality","","0","units","0","","26.4.2.1.23","315","","","","0"
"2021","Quebec","2021A000224","15 to 24 years","Men+","2021 Counts","Other religions and spiritual traditions","","0","units","0","","26.4.2.1.24","1290","","","","0"
"2021","Quebec","2021A000224","15 to 24 years","Men+","2021 Counts","No religion and secular perspectives","","0","units","0","","26.4.2.1.25","154820","","","","0"
"2021","Quebec","2021A000224","15 to 24 years","Men+","% distribution (2021)","Total - Religion","","0","units","0","","26.4.2.2.1","1.2","","","","1"
"2021","Quebec","2021A000224","15 to 24 years","Men+","% distribution (2021)","Buddhist","","0","units","0","","26.4.2.2.2","0.0","","","","1"
"2021","Quebec","2021A000224","15 to 24 years","Men+","% distribution (2021)","Christian","","0","units","0","","26.4.2.2.3","0.7","","","","1"
"2021","Quebec","2021A000224","15 to 24 years","Men+","% distribution (2021)","Hindu","","0","units","0","","26.4.2.2.19","0.0","","","","1"
"2021","Quebec","2021A000224","15 to 24 years","Men+","% distribution (2021)","Jewish","","0","units","0","","26.4.2.2.20","0.0","","","","1"
"2021","Quebec","2021A000224","15 to 24 years","Men+","% distribution (2021)","Muslim","","0","units","0","","26.4.2.2.21","0.1","","","","1"
"2021","Quebec","2021A000224","15 to 24 years","Men+","% distribution (2021)","Sikh","","0","units","0","","26.4.2.2.22","0.0","","","","1"
"2021","Quebec","2021A000224","15 to 24 years","Men+","% distribution (2021)","Traditional (North American Indigenous) spirituality","","0","units","0","","26.4.2.2.23","0.0","","","","1"
"2021","Quebec","2021A000224","15 to 24 years","Men+","% distribution (2021)","Other religions and spiritual traditions","","0","units","0","","26.4.2.2.24","0.0","","","","1"
"2021","Quebec","2021A000224","15 to 24 years","Men+","% distribution (2021)","No religion and secular perspectives","","0","units","0","","26.4.2.2.25","0.4","","","","1"
"2021","Quebec","2021A000224","15 to 24 years","Women+","2021 Counts","Total - Religion","","0","units","0","","26.4.3.1.1","431920","","","","0"
"2021","Quebec","2021A000224","15 to 24 years","Women+","2021 Counts","Buddhist","","0","units","0","","26.4.3.1.2","2370","","","","0"
"2021","Quebec","2021A000224","15 to 24 years","Women+","2021 Counts","Christian","","0","units","0","","26.4.3.1.3","236870","","","","0"
"2021","Quebec","2021A000224","15 to 24 years","Women+","2021 Counts","Hindu","","0","units","0","","26.4.3.1.19","3405","","","","0"
"2021","Quebec","2021A000224","15 to 24 years","Women+","2021 Counts","Jewish","","0","units","0","","26.4.3.1.20","5195","","","","0"
"2021","Quebec","2021A000224","15 to 24 years","Women+","2021 Counts","Muslim","","0","units","0","","26.4.3.1.21","28320","","","","0"
"2021","Quebec","2021A000224","15 to 24 years","Women+","2021 Counts","Sikh","","0","units","0","","26.4.3.1.22","2860","","","","0"
"2021","Quebec","2021A000224","15 to 24 years","Women+","2021 Counts","Traditional (North American Indigenous) spirituality","","0","units","0","","26.4.3.1.23","285","","","","0"
"2021","Quebec","2021A000224","15 to 24 years","Women+","2021 Counts","Other religions and spiritual traditions","","0","units","0","","26.4.3.1.24","1745","","","","0"
"2021","Quebec","2021A000224","15 to 24 years","Women+","2021 Counts","No religion and secular perspectives","","0","units","0","","26.4.3.1.25","150870","","","","0"
"2021","Quebec","2021A000224","15 to 24 years","Women+","% distribution (2021)","Total - Religion","","0","units","0","","26.4.3.2.1","1.2","","","","1"
"2021","Quebec","2021A000224","15 to 24 years","Women+","% distribution (2021)","Buddhist","","0","units","0","","26.4.3.2.2","0.0","","","","1"
"2021","Quebec","2021A000224","15 to 24 years","Women+","% distribution (2021)","Christian","","0","units","0","","26.4.3.2.3","0.7","","","","1"
"2021","Quebec","2021A000224","15 to 24 years","Women+","% distribution (2021)","Hindu","","0","units","0","","26.4.3.2.19","0.0","","","","1"
"2021","Quebec","2021A000224","15 to 24 years","Women+","% distribution (2021)","Jewish","","0","units","0","","26.4.3.2.20","0.0","","","","1"
"2021","Quebec","2021A000224","15 to 24 years","Women+","% distribution (2021)","Muslim","","0","units","0","","26.4.3.2.21","0.1","","","","1"
"2021","Quebec","2021A000224","15 to 24 years","Women+","% distribution (2021)","Sikh","","0","units","0","","26.4.3.2.22","0.0","","","","1"
"2021","Quebec","2021A000224","15 to 24 years","Women+","% distribution (2021)","Traditional (North American Indigenous) spirituality","","0","units","0","","26.4.3.2.23","0.0","","","","1"
"2021","Quebec","2021A000224","15 to 24 years","Women+","% distribution (2021)","Other religions and spiritual traditions","","0","units","0","","26.4.3.2.24","0.0","","","","1"
"2021","Quebec","2021A000224","15 to 24 years","Women+","% distribution (2021)","No religion and secular perspectives","","0","units","0","","26.4.3.2.25","0.4","","","","1"
"2021","Quebec","2021A000224","25 to 64 years","Total - Gender","2021 Counts","Total - Religion","","0","units","0","","26.7.1.1.1","4434525","","","","0"
"2021","Quebec","2021A000224","25 to 64 years","Total - Gender","2021 Counts","Buddhist","","0","units","0","","26.7.1.1.2","30375","","","","0"
"2021","Quebec","2021A000224","25 to 64 years","Total - Gender","2021 Counts","Christian","","0","units","0","","26.7.1.1.3","2840570","","","","0"
"2021","Quebec","2021A000224","25 to 64 years","Total - Gender","2021 Counts","Hindu","","0","units","0","","26.7.1.1.19","27520","","","","0"
"2021","Quebec","2021A000224","25 to 64 years","Total - Gender","2021 Counts","Jewish","","0","units","0","","26.7.1.1.20","35225","","","","0"
"2021","Quebec","2021A000224","25 to 64 years","Total - Gender","2021 Counts","Muslim","","0","units","0","","26.7.1.1.21","225030","","","","0"
"2021","Quebec","2021A000224","25 to 64 years","Total - Gender","2021 Counts","Sikh","","0","units","0","","26.7.1.1.22","12355","","","","0"
"2021","Quebec","2021A000224","25 to 64 years","Total - Gender","2021 Counts","Traditional (North American Indigenous) spirituality","","0","units","0","","26.7.1.1.23","1980","","","","0"
"2021","Quebec","2021A000224","25 to 64 years","Total - Gender","2021 Counts","Other religions and spiritual traditions","","0","units","0","","26.7.1.1.24","17340","","","","0"
"2021","Quebec","2021A000224","25 to 64 years","Total - Gender","2021 Counts","No religion and secular perspectives","","0","units","0","","26.7.1.1.25","1244125","","","","0"
"2021","Quebec","2021A000224","25 to 64 years","Total - Gender","% distribution (2021)","Total - Religion","","0","units","0","","26.7.1.2.1","12.2","","","","1"
"2021","Quebec","2021A000224","25 to 64 years","Total - Gender","% distribution (2021)","Buddhist","","0","units","0","","26.7.1.2.2","0.1","","","","1"
"2021","Quebec","2021A000224","25 to 64 years","Total - Gender","% distribution (2021)","Christian","","0","units","0","","26.7.1.2.3","7.8","","","","1"
"2021","Quebec","2021A000224","25 to 64 years","Total - Gender","% distribution (2021)","Hindu","","0","units","0","","26.7.1.2.19","0.1","","","","1"
"2021","Quebec","2021A000224","25 to 64 years","Total - Gender","% distribution (2021)","Jewish","","0","units","0","","26.7.1.2.20","0.1","","","","1"
"2021","Quebec","2021A000224","25 to 64 years","Total - Gender","% distribution (2021)","Muslim","","0","units","0","","26.7.1.2.21","0.6","","","","1"
"2021","Quebec","2021A000224","25 to 64 years","Total - Gender","% distribution (2021)","Sikh","","0","units","0","","26.7.1.2.22","0.0","","","","1"
"2021","Quebec","2021A000224","25 to 64 years","Total - Gender","% distribution (2021)","Traditional (North American Indigenous) spirituality","","0","units","0","","26.7.1.2.23","0.0","","","","1"
"2021","Quebec","2021A000224","25 to 64 years","Total - Gender","% distribution (2021)","Other religions and spiritual traditions","","0","units","0","","26.7.1.2.24","0.0","","","","1"
"2021","Quebec","2021A000224","25 to 64 years","Total - Gender","% distribution (2021)","No religion and secular perspectives","","0","units","0","","26.7.1.2.25","3.4","","","","1"
"2021","Quebec","2021A000224","25 to 64 years","Men+","2021 Counts","Total - Religion","","0","units","0","","26.7.2.1.1","2208755","","","","0"
"2021","Quebec","2021A000224","25 to 64 years","Men+","2021 Counts","Buddhist","","0","units","0","","26.7.2.1.2","12925","","","","0"
"2021","Quebec","2021A000224","25 to 64 years","Men+","2021 Counts","Christian","","0","units","0","","26.7.2.1.3","1365110","","","","0"
"2021","Quebec","2021A000224","25 to 64 years","Men+","2021 Counts","Hindu","","0","units","0","","26.7.2.1.19","14485","","","","0"
"2021","Quebec","2021A000224","25 to 64 years","Men+","2021 Counts","Jewish","","0","units","0","","26.7.2.1.20","17305","","","","0"
"2021","Quebec","2021A000224","25 to 64 years","Men+","2021 Counts","Muslim","","0","units","0","","26.7.2.1.21","115995","","","","0"
"2021","Quebec","2021A000224","25 to 64 years","Men+","2021 Counts","Sikh","","0","units","0","","26.7.2.1.22","6600","","","","0"
"2021","Quebec","2021A000224","25 to 64 years","Men+","2021 Counts","Traditional (North American Indigenous) spirituality","","0","units","0","","26.7.2.1.23","960","","","","0"
"2021","Quebec","2021A000224","25 to 64 years","Men+","2021 Counts","Other religions and spiritual traditions","","0","units","0","","26.7.2.1.24","8095","","","","0"
"2021","Quebec","2021A000224","25 to 64 years","Men+","2021 Counts","No religion and secular perspectives","","0","units","0","","26.7.2.1.25","667280","","","","0"
"2021","Quebec","2021A000224","25 to 64 years","Men+","% distribution (2021)","Total - Religion","","0","units","0","","26.7.2.2.1","6.1","","","","1"
"2021","Quebec","2021A000224","25 to 64 years","Men+","% distribution (2021)","Buddhist","","0","units","0","","26.7.2.2.2","0.0","","","","1"
"2021","Quebec","2021A000224","25 to 64 years","Men+","% distribution (2021)","Christian","","0","units","0","","26.7.2.2.3","3.8","","","","1"
"2021","Quebec","2021A000224","25 to 64 years","Men+","% distribution (2021)","Hindu","","0","units","0","","26.7.2.2.19","0.0","","","","1"
"2021","Quebec","2021A000224","25 to 64 years","Men+","% distribution (2021)","Jewish","","0","units","0","","26.7.2.2.20","0.0","","","","1"
"2021","Quebec","2021A000224","25 to 64 years","Men+","% distribution (2021)","Muslim","","0","units","0","","26.7.2.2.21","0.3","","","","1"
"2021","Quebec","2021A000224","25 to 64 years","Men+","% distribution (2021)","Sikh","","0","units","0","","26.7.2.2.22","0.0","","","","1"
"2021","Quebec","2021A000224","25 to 64 years","Men+","% distribution (2021)","Traditional (North American Indigenous) spirituality","","0","units","0","","26.7.2.2.23","0.0","","","","1"
"2021","Quebec","2021A000224","25 to 64 years","Men+","% distribution (2021)","Other religions and spiritual traditions","","0","units","0","","26.7.2.2.24","0.0","","","","1"
"2021","Quebec","2021A000224","25 to 64 years","Men+","% distribution (2021)","No religion and secular perspectives","","0","units","0","","26.7.2.2.25","1.8","","","","1"
"2021","Quebec","2021A000224","25 to 64 years","Women+","2021 Counts","Total - Religion","","0","units","0","","26.7.3.1.1","2225770","","","","0"
"2021","Quebec","2021A000224","25 to 64 years","Women+","2021 Counts","Buddhist","","0","units","0","","26.7.3.1.2","17450","","","","0"
"2021","Quebec","2021A000224","25 to 64 years","Women+","2021 Counts","Christian","","0","units","0","","26.7.3.1.3","1475460","","","","0"
"2021","Quebec","2021A000224","25 to 64 years","Women+","2021 Counts","Hindu","","0","units","0","","26.7.3.1.19","13040","","","","0"
"2021","Quebec","2021A000224","25 to 64 years","Women+","2021 Counts","Jewish","","0","units","0","","26.7.3.1.20","17920","","","","0"
"2021","Quebec","2021A000224","25 to 64 years","Women+","2021 Counts","Muslim","","0","units","0","","26.7.3.1.21","109035","","","","0"
"2021","Quebec","2021A000224","25 to 64 years","Women+","2021 Counts","Sikh","","0","units","0","","26.7.3.1.22","5750","","","","0"
"2021","Quebec","2021A000224","25 to 64 years","Women+","2021 Counts","Traditional (North American Indigenous) spirituality","","0","units","0","","26.7.3.1.23","1020","","","","0"
"2021","Quebec","2021A000224","25 to 64 years","Women+","2021 Counts","Other religions and spiritual traditions","","0","units","0","","26.7.3.1.24","9245","","","","0"
"2021","Quebec","2021A000224","25 to 64 years","Women+","2021 Counts","No religion and secular perspectives","","0","units","0","","26.7.3.1.25","576850","","","","0"
"2021","Quebec","2021A000224","25 to 64 years","Women+","% distribution (2021)","Total - Religion","","0","units","0","","26.7.3.2.1","6.1","","","","1"
"2021","Quebec","2021A000224","25 to 64 years","Women+","% distribution (2021)","Buddhist","","0","units","0","","26.7.3.2.2","0.0","","","","1"
"2021","Quebec","2021A000224","25 to 64 years","Women+","% distribution (2021)","Christian","","0","units","0","","26.7.3.2.3","4.1","","","","1"
"2021","Quebec","2021A000224","25 to 64 years","Women+","% distribution (2021)","Hindu","","0","units","0","","26.7.3.2.19","0.0","","","","1"
"2021","Quebec","2021A000224","25 to 64 years","Women+","% distribution (2021)","Jewish","","0","units","0","","26.7.3.2.20","0.0","","","","1"
"2021","Quebec","2021A000224","25 to 64 years","Women+","% distribution (2021)","Muslim","","0","units","0","","26.7.3.2.21","0.3","","","","1"
"2021","Quebec","2021A000224","25 to 64 years","Women+","% distribution (2021)","Sikh","","0","units","0","","26.7.3.2.22","0.0","","","","1"
"2021","Quebec","2021A000224","25 to 64 years","Women+","% distribution (2021)","Traditional (North American Indigenous) spirituality","","0","units","0","","26.7.3.2.23","0.0","","","","1"
"2021","Quebec","2021A000224","25 to 64 years","Women+","% distribution (2021)","Other religions and spiritual traditions","","0","units","0","","26.7.3.2.24","0.0","","","","1"
"2021","Quebec","2021A000224","25 to 64 years","Women+","% distribution (2021)","No religion and secular perspectives","","0","units","0","","26.7.3.2.25","1.6","","","","1"
"2021","Quebec","2021A000224","65 years and over","Total - Gender","2021 Counts","Total - Religion","","0","units","0","","26.13.1.1.1","1599990","","","","0"
"2021","Quebec","2021A000224","65 years and over","Total - Gender","2021 Counts","Buddhist","","0","units","0","","26.13.1.1.2","8850","","","","0"
"2021","Quebec","2021A000224","65 years and over","Total - Gender","2021 Counts","Christian","","0","units","0","","26.13.1.1.3","1403880","","","","0"
"2021","Quebec","2021A000224","65 years and over","Total - Gender","2021 Counts","Hindu","","0","units","0","","26.13.1.1.19","4160","","","","0"
"2021","Quebec","2021A000224","65 years and over","Total - Gender","2021 Counts","Jewish","","0","units","0","","26.13.1.1.20","21635","","","","0"
"2021","Quebec","2021A000224","65 years and over","Total - Gender","2021 Counts","Muslim","","0","units","0","","26.13.1.1.21","16005","","","","0"
"2021","Quebec","2021A000224","65 years and over","Total - Gender","2021 Counts","Sikh","","0","units","0","","26.13.1.1.22","1500","","","","0"
"2021","Quebec","2021A000224","65 years and over","Total - Gender","2021 Counts","Traditional (North American Indigenous) spirituality","","0","units","0","","26.13.1.1.23","210","","","","0"
"2021","Quebec","2021A000224","65 years and over","Total - Gender","2021 Counts","Other religions and spiritual traditions","","0","units","0","","26.13.1.1.24","3010","","","","0"
"2021","Quebec","2021A000224","65 years and over","Total - Gender","2021 Counts","No religion and secular perspectives","","0","units","0","","26.13.1.1.25","140745","","","","0"
"2021","Quebec","2021A000224","65 years and over","Total - Gender","% distribution (2021)","Total - Religion","","0","units","0","","26.13.1.2.1","4.4","","","","1"
"2021","Quebec","2021A000224","65 years and over","Total - Gender","% distribution (2021)","Buddhist","","0","units","0","","26.13.1.2.2","0.0","","","","1"
"2021","Quebec","2021A000224","65 years and over","Total - Gender","% distribution (2021)","Christian","","0","units","0","","26.13.1.2.3","3.9","","","","1"
"2021","Quebec","2021A000224","65 years and over","Total - Gender","% distribution (2021)","Hindu","","0","units","0","","26.13.1.2.19","0.0","","","","1"
"2021","Quebec","2021A000224","65 years and over","Total - Gender","% distribution (2021)","Jewish","","0","units","0","","26.13.1.2.20","0.1","","","","1"
"2021","Quebec","2021A000224","65 years and over","Total - Gender","% distribution (2021)","Muslim","","0","units","0","","26.13.1.2.21","0.0","","","","1"
"2021","Quebec","2021A000224","65 years and over","Total - Gender","% distribution (2021)","Sikh","","0","units","0","","26.13.1.2.22","0.0","","","","1"
"2021","Quebec","2021A000224","65 years and over","Total - Gender","% distribution (2021)","Traditional (North American Indigenous) spirituality","","0","units","0","","26.13.1.2.23","0.0","","","","1"
"2021","Quebec","2021A000224","65 years and over","Total - Gender","% distribution (2021)","Other religions and spiritual traditions","","0","units","0","","26.13.1.2.24","0.0","","","","1"
"2021","Quebec","2021A000224","65 years and over","Total - Gender","% distribution (2021)","No religion and secular perspectives","","0","units","0","","26.13.1.2.25","0.4","","","","1"
"2021","Quebec","2021A000224","65 years and over","Men+","2021 Counts","Total - Religion","","0","units","0","","26.13.2.1.1","753465","","","","0"
"2021","Quebec","2021A000224","65 years and over","Men+","2021 Counts","Buddhist","","0","units","0","","26.13.2.1.2","4035","","","","0"
"2021","Quebec","2021A000224","65 years and over","Men+","2021 Counts","Christian","","0","units","0","","26.13.2.1.3","648155","","","","0"
"2021","Quebec","2021A000224","65 years and over","Men+","2021 Counts","Hindu","","0","units","0","","26.13.2.1.19","2135","","","","0"
"2021","Quebec","2021A000224","65 years and over","Men+","2021 Counts","Jewish","","0","units","0","","26.13.2.1.20","10005","","","","0"
"2021","Quebec","2021A000224","65 years and over","Men+","2021 Counts","Muslim","","0","units","0","","26.13.2.1.21","9085","","","","0"
"2021","Quebec","2021A000224","65 years and over","Men+","2021 Counts","Sikh","","0","units","0","","26.13.2.1.22","755","","","","0"
"2021","Quebec","2021A000224","65 years and over","Men+","2021 Counts","Traditional (North American Indigenous) spirituality","","0","units","0","","26.13.2.1.23","95","","","","0"
"2021","Quebec","2021A000224","65 years and over","Men+","2021 Counts","Other religions and spiritual traditions","","0","units","0","","26.13.2.1.24","1480","","","","0"
"2021","Quebec","2021A000224","65 years and over","Men+","2021 Counts","No religion and secular perspectives","","0","units","0","","26.13.2.1.25","77725","","","","0"
"2021","Quebec","2021A000224","65 years and over","Men+","% distribution (2021)","Total - Religion","","0","units","0","","26.13.2.2.1","2.1","","","","1"
"2021","Quebec","2021A000224","65 years and over","Men+","% distribution (2021)","Buddhist","","0","units","0","","26.13.2.2.2","0.0","","","","1"
"2021","Quebec","2021A000224","65 years and over","Men+","% distribution (2021)","Christian","","0","units","0","","26.13.2.2.3","1.8","","","","1"
"2021","Quebec","2021A000224","65 years and over","Men+","% distribution (2021)","Hindu","","0","units","0","","26.13.2.2.19","0.0","","","","1"
"2021","Quebec","2021A000224","65 years and over","Men+","% distribution (2021)","Jewish","","0","units","0","","26.13.2.2.20","0.0","","","","1"
"2021","Quebec","2021A000224","65 years and over","Men+","% distribution (2021)","Muslim","","0","units","0","","26.13.2.2.21","0.0","","","","1"
"2021","Quebec","2021A000224","65 years and over","Men+","% distribution (2021)","Sikh","","0","units","0","","26.13.2.2.22","0.0","","","","1"
"2021","Quebec","2021A000224","65 years and over","Men+","% distribution (2021)","Traditional (North American Indigenous) spirituality","","0","units","0","","26.13.2.2.23","0.0","","","","1"
"2021","Quebec","2021A000224","65 years and over","Men+","% distribution (2021)","Other religions and spiritual traditions","","0","units","0","","26.13.2.2.24","0.0","","","","1"
"2021","Quebec","2021A000224","65 years and over","Men+","% distribution (2021)","No religion and secular perspectives","","0","units","0","","26.13.2.2.25","0.2","","","","1"
"2021","Quebec","2021A000224","65 years and over","Women+","2021 Counts","Total - Religion","","0","units","0","","26.13.3.1.1","846525","","","","0"
"2021","Quebec","2021A000224","65 years and over","Women+","2021 Counts","Buddhist","","0","units","0","","26.13.3.1.2","4815","","","","0"
"2021","Quebec","2021A000224","65 years and over","Women+","2021 Counts","Christian","","0","units","0","","26.13.3.1.3","755730","","","","0"
"2021","Quebec","2021A000224","65 years and over","Women+","2021 Counts","Hindu","","0","units","0","","26.13.3.1.19","2020","","","","0"
"2021","Quebec","2021A000224","65 years and over","Women+","2021 Counts","Jewish","","0","units","0","","26.13.3.1.20","11630","","","","0"
"2021","Quebec","2021A000224","65 years and over","Women+","2021 Counts","Muslim","","0","units","0","","26.13.3.1.21","6920","","","","0"
"2021","Quebec","2021A000224","65 years and over","Women+","2021 Counts","Sikh","","0","units","0","","26.13.3.1.22","740","","","","0"
"2021","Quebec","2021A000224","65 years and over","Women+","2021 Counts","Traditional (North American Indigenous) spirituality","","0","units","0","","26.13.3.1.23","120","","","","0"
"2021","Quebec","2021A000224","65 years and over","Women+","2021 Counts","Other religions and spiritual traditions","","0","units","0","","26.13.3.1.24","1530","","","","0"
"2021","Quebec","2021A000224","65 years and over","Women+","2021 Counts","No religion and secular perspectives","","0","units","0","","26.13.3.1.25","63020","","","","0"
"2021","Quebec","2021A000224","65 years and over","Women+","% distribution (2021)","Total - Religion","","0","units","0","","26.13.3.2.1","2.3","","","","1"
"2021","Quebec","2021A000224","65 years and over","Women+","% distribution (2021)","Buddhist","","0","units","0","","26.13.3.2.2","0.0","","","","1"
"2021","Quebec","2021A000224","65 years and over","Women+","% distribution (2021)","Christian","","0","units","0","","26.13.3.2.3","2.1","","","","1"
"2021","Quebec","2021A000224","65 years and over","Women+","% distribution (2021)","Hindu","","0","units","0","","26.13.3.2.19","0.0","","","","1"
"2021","Quebec","2021A000224","65 years and over","Women+","% distribution (2021)","Jewish","","0","units","0","","26.13.3.2.20","0.0","","","","1"
"2021","Quebec","2021A000224","65 years and over","Women+","% distribution (2021)","Muslim","","0","units","0","","26.13.3.2.21","0.0","","","","1"
"2021","Quebec","2021A000224","65 years and over","Women+","% distribution (2021)","Sikh","","0","units","0","","26.13.3.2.22","0.0","","","","1"
"2021","Quebec","2021A000224","65 years and over","Women+","% distribution (2021)","Traditional (North American Indigenous) spirituality","","0","units","0","","26.13.3.2.23","0.0","","","","1"
"2021","Quebec","2021A000224","65 years and over","Women+","% distribution (2021)","Other religions and spiritual traditions","","0","units","0","","26.13.3.2.24","0.0","","","","1"
"2021","Quebec","2021A000224","65 years and over","Women+","% distribution (2021)","No religion and secular perspectives","","0","units","0","","26.13.3.2.25","0.2","","","","1"
"2021","Ontario","2021A000235","Total - Age","Total - Gender","2021 Counts","Total - Religion","","0","units","0","","56.1.1.1.1","14031755","","","","0"
"2021","Ontario","2021A000235","Total - Age","Total - Gender","2021 Counts","Buddhist","","0","units","0","","56.1.1.1.2","164210","","","","0"
"2021","Ontario","2021A000235","Total - Age","Total - Gender","2021 Counts","Christian","","0","units","0","","56.1.1.1.3","7315815","","","","0"
"2021","Ontario","2021A000235","Total - Age","Total - Gender","2021 Counts","Hindu","","0","units","0","","56.1.1.1.19","573700","","","","0"
"2021","Ontario","2021A000235","Total - Age","Total - Gender","2021 Counts","Jewish","","0","units","0","","56.1.1.1.20","196100","","","","0"
"2021","Ontario","2021A000235","Total - Age","Total - Gender","2021 Counts","Muslim","","0","units","0","","56.1.1.1.21","942990","","","","0"
"2021","Ontario","2021A000235","Total - Age","Total - Gender","2021 Counts","Sikh","","0","units","0","","56.1.1.1.22","300435","","","","0"
"2021","Ontario","2021A000235","Total - Age","Total - Gender","2021 Counts","Traditional (North American Indigenous) spirituality","","0","units","0","","56.1.1.1.23","15985","","","","0"
"2021","Ontario","2021A000235","Total - Age","Total - Gender","2021 Counts","Other religions and spiritual traditions","","0","units","0","","56.1.1.1.24","88840","","","","0"
"2021","Ontario","2021A000235","Total - Age","Total - Gender","2021 Counts","No religion and secular perspectives","","0","units","0","","56.1.1.1.25","4433675","","","","0"
"2021","Ontario","2021A000235","Total - Age","Total - Gender","% distribution (2021)","Total - Religion","","0","units","0","","56.1.1.2.1","38.6","","","","1"
"2021","Ontario","2021A000235","Total - Age","Total - Gender","% distribution (2021)","Buddhist","","0","units","0","","56.1.1.2.2","0.5","","","","1"
"2021","Ontario","2021A000235","Total - Age","Total - Gender","% distribution (2021)","Christian","","0","units","0","","56.1.1.2.3","20.1","","","","1"
"2021","Ontario","2021A000235","Total - Age","Total - Gender","% distribution (2021)","Hindu","","0","units","0","","56.1.1.2.19","1.6","","","","1"
"2021","Ontario","2021A000235","Total - Age","Total - Gender","% distribution (2021)","Jewish","","0","units","0","","56.1.1.2.20","0.5","","","","1"
"2021","Ontario","2021A000235","Total - Age","Total - Gender","% distribution (2021)","Muslim","","0","units","0","","56.1.1.2.21","2.6","","","","1"
"2021","Ontario","2021A000235","Total - Age","Total - Gender","% distribution (2021)","Sikh","","0","units","0","","56.1.1.2.22","0.8","","","","1"
"2021","Ontario","2021A000235","Total - Age","Total - Gender","% distribution (2021)","Traditional (North American Indigenous) spirituality","","0","units","0","","56.1.1.2.23","0.0","","","","1"
"2021","Ontario","2021A000235","Total - Age","Total - Gender","% distribution (2021)","Other religions and spiritual traditions","","0","units","0","","56.1.1.2.24","0.2","","","","1"
"2021","Ontario","2021A000235","Total - Age","Total - Gender","% distribution (2021)","No religion and secular perspectives","","0","units","0","","56.1.1.2.25","12.2","","","","1"
"2021","Ontario","2021A000235","Total - Age","Men+","2021 Counts","Total - Religion","","0","units","0","","56.1.2.1.1","6887570","","","","0"
"2021","Ontario","2021A000235","Total - Age","Men+","2021 Counts","Buddhist","","0","units","0","","56.1.2.1.2","73715","","","","0"
"2021","Ontario","2021A000235","Total - Age","Men+","2021 Counts","Christian","","0","units","0","","56.1.2.1.3","3410290","","","","0"
"2021","Ontario","2021A000235","Total - Age","Men+","2021 Counts","Hindu","","0","units","0","","56.1.2.1.19","295980","","","","0"
"2021","Ontario","2021A000235","Total - Age","Men+","2021 Counts","Jewish","","0","units","0","","56.1.2.1.20","96080","","","","0"
"2021","Ontario","2021A000235","Total - Age","Men+","2021 Counts","Muslim","","0","units","0","","56.1.2.1.21","474965","","","","0"
"2021","Ontario","2021A000235","Total - Age","Men+","2021 Counts","Sikh","","0","units","0","","56.1.2.1.22","155395","","","","0"
"2021","Ontario","2021A000235","Total - Age","Men+","2021 Counts","Traditional (North American Indigenous) spirituality","","0","units","0","","56.1.2.1.23","7405","","","","0"
"2021","Ontario","2021A000235","Total - Age","Men+","2021 Counts","Other religions and spiritual traditions","","0","units","0","","56.1.2.1.24","37845","","","","0"
"2021","Ontario","2021A000235","Total - Age","Men+","2021 Counts","No religion and secular perspectives","","0","units","0","","56.1.2.1.25","2335905","","","","0"
"2021","Ontario","2021A000235","Total - Age","Men+","% distribution (2021)","Total - Religion","","0","units","0","","56.1.2.2.1","19.0","","","","1"
"2021","Ontario","2021A000235","Total - Age","Men+","% distribution (2021)","Buddhist","","0","units","0","","56.1.2.2.2","0.2","","","","1"
"2021","Ontario","2021A000235","Total - Age","Men+","% distribution (2021)","Christian","","0","units","0","","56.1.2.2.3","9.4","","","","1"
"2021","Ontario","2021A000235","Total - Age","Men+","% distribution (2021)","Hindu","","0","units","0","","56.1.2.2.19","0.8","","","","1"
"2021","Ontario","2021A000235","Total - Age","Men+","% distribution (2021)","Jewish","","0","units","0","","56.1.2.2.20","0.3","","","","1"
"2021","Ontario","2021A000235","Total - Age","Men+","% distribution (2021)","Muslim","","0","units","0","","56.1.2.2.21","1.3","","","","1"
"2021","Ontario","2021A000235","Total - Age","Men+","% distribution (2021)","Sikh","","0","units","0","","56.1.2.2.22","0.4","","","","1"
"2021","Ontario","2021A000235","Total - Age","Men+","% distribution (2021)","Traditional (North American Indigenous) spirituality","","0","units","0","","56.1.2.2.23","0.0","","","","1"
"2021","Ontario","2021A000235","Total - Age","Men+","% distribution (2021)","Other religions and spiritual traditions","","0","units","0","","56.1.2.2.24","0.1","","","","1"
"2021","Ontario","2021A000235","Total - Age","Men+","% distribution (2021)","No religion and secular perspectives","","0","units","0","","56.1.2.2.25","6.4","","","","1"
"2021","Ontario","2021A000235","Total - Age","Women+","2021 Counts","Total - Religion","","0","units","0","","56.1.3.1.1","7144185","","","","0"
"2021","Ontario","2021A000235","Total - Age","Women+","2021 Counts","Buddhist","","0","units","0","","56.1.3.1.2","90500","","","","0"
"2021","Ontario","2021A000235","Total - Age","Women+","2021 Counts","Christian","","0","units","0","","56.1.3.1.3","3905525","","","","0"
"2021","Ontario","2021A000235","Total - Age","Women+","2021 Counts","Hindu","","0","units","0","","56.1.3.1.19","277715","","","","0"
"2021","Ontario","2021A000235","Total - Age","Women+","2021 Counts","Jewish","","0","units","0","","56.1.3.1.20","100020","","","","0"
"2021","Ontario","2021A000235","Total - Age","Women+","2021 Counts","Muslim","","0","units","0","","56.1.3.1.21","468025","","","","0"
"2021","Ontario","2021A000235","Total - Age","Women+","2021 Counts","Sikh","","0","units","0","","56.1.3.1.22","145045","","","","0"
"2021","Ontario","2021A000235","Total - Age","Women+","2021 Counts","Traditional (North American Indigenous) spirituality","","0","units","0","","56.1.3.1.23","8585","","","","0"
"2021","Ontario","2021A000235","Total - Age","Women+","2021 Counts","Other religions and spiritual traditions","","0","units","0","","56.1.3.1.24","50995","","","","0"
"2021","Ontario","2021A000235","Total - Age","Women+","2021 Counts","No religion and secular perspectives","","0","units","0","","56.1.3.1.25","2097770","","","","0"
"2021","Ontario","2021A000235","Total - Age","Women+","% distribution (2021)","Total - Religion","","0","units","0","","56.1.3.2.1","19.7","","","","1"
"2021","Ontario","2021A000235","Total - Age","Women+","% distribution (2021)","Buddhist","","0","units","0","","56.1.3.2.2","0.2","","","","1"
"2021","Ontario","2021A000235","Total - Age","Women+","% distribution (2021)","Christian","","0","units","0","","56.1.3.2.3","10.8","","","","1"
"2021","Ontario","2021A000235","Total - Age","Women+","% distribution (2021)","Hindu","","0","units","0","","56.1.3.2.19","0.8","","","","1"
"2021","Ontario","2021A000235","Total - Age","Women+","% distribution (2021)","Jewish","","0","units","0","","56.1.3.2.20","0.3","","","","1"
"2021","Ontario","2021A000235","Total - Age","Women+","% distribution (2021)","Muslim","","0","units","0","","56.1.3.2.21","1.3","","","","1"
"2021","Ontario","2021A000235","Total - Age","Women+","% distribution (2021)","Sikh","","0","units","0","","56.1.3.2.22","0.4","","","","1"
"2021","Ontario","2021A000235","Total - Age","Women+","% distribution (2021)","Traditional (North American Indigenous) spirituality","","0","units","0","","56.1.3.2.23","0.0","","","","1"
"2021","Ontario","2021A000235","Total - Age","Women+","% distribution (2021)","Other religions and spiritual traditions","","0","units","0","","56.1.3.2.24","0.1","","","","1"
"2021","Ontario","2021A000235","Total - Age","Women+","% distribution (2021)","No religion and secular perspectives","","0","units","0","","56.1.3.2.25","5.8","","","","1"
"2021","Ontario","2021A000235","0 to 14 years","Total - Gender","2021 Counts","Total - Religion","","0","units","0","","56.2.1.1.1","2248930","","","","0"
"2021","Ontario","2021A000235","0 to 14 years","Total - Gender","2021 Counts","Buddhist","","0","units","0","","56.2.1.1.2","15145","","","","0"
"2021","Ontario","2021A000235","0 to 14 years","Total - Gender","2021 Counts","Christian","","0","units","0","","56.2.1.1.3","977865","","","","0"
"2021","Ontario","2021A000235","0 to 14 years","Total - Gender","2021 Counts","Hindu","","0","units","0","","56.2.1.1.19","97260","","","","0"
"2021","Ontario","2021A000235","0 to 14 years","Total - Gender","2021 Counts","Jewish","","0","units","0","","56.2.1.1.20","32370","","","","0"
"2021","Ontario","2021A000235","0 to 14 years","Total - Gender","2021 Counts","Muslim","","0","units","0","","56.2.1.1.21","232330","","","","0"
"2021","Ontario","2021A000235","0 to 14 years","Total - Gender","2021 Counts","Sikh","","0","units","0","","56.2.1.1.22","48720","","","","0"
"2021","Ontario","2021A000235","0 to 14 years","Total - Gender","2021 Counts","Traditional (North American Indigenous) spirituality","","0","units","0","","56.2.1.1.23","4225","","","","0"
"2021","Ontario","2021A000235","0 to 14 years","Total - Gender","2021 Counts","Other religions and spiritual traditions","","0","units","0","","56.2.1.1.24","9535","","","","0"
"2021","Ontario","2021A000235","0 to 14 years","Total - Gender","2021 Counts","No religion and secular perspectives","","0","units","0","","56.2.1.1.25","831475","","","","0"
"2021","Ontario","2021A000235","0 to 14 years","Total - Gender","% distribution (2021)","Total - Religion","","0","units","0","","56.2.1.2.1","6.2","","","","1"
"2021","Ontario","2021A000235","0 to 14 years","Total - Gender","% distribution (2021)","Buddhist","","0","units","0","","56.2.1.2.2","0.0","","","","1"
"2021","Ontario","2021A000235","0 to 14 years","Total - Gender","% distribution (2021)","Christian","","0","units","0","","56.2.1.2.3","2.7","","","","1"
"2021","Ontario","2021A000235","0 to 14 years","Total - Gender","% distribution (2021)","Hindu","","0","units","0","","56.2.1.2.19","0.3","","","","1"
"2021","Ontario","2021A000235","0 to 14 years","Total - Gender","% distribution (2021)","Jewish","","0","units","0","","56.2.1.2.20","0.1","","","","1"
"2021","Ontario","2021A000235","0 to 14 years","Total - Gender","% distribution (2021)","Muslim","","0","units","0","","56.2.1.2.21","0.6","","","","1"
"2021","Ontario","2021A000235","0 to 14 years","Total - Gender","% distribution (2021)","Sikh","","0","units","0","","56.2.1.2.22","0.1","","","","1"
"2021","Ontario","2021A000235","0 to 14 years","Total - Gender","% distribution (2021)","Traditional (North American Indigenous) spirituality","","0","units","0","","56.2.1.2.23","0.0","","","","1"
"2021","Ontario","2021A000235","0 to 14 years","Total - Gender","% distribution (2021)","Other religions and spiritual traditions","","0","units","0","","56.2.1.2.24","0.0","","","","1"
"2021","Ontario","2021A000235","0 to 14 years","Total - Gender","% distribution (2021)","No religion and secular perspectives","","0","units","0","","56.2.1.2.25","2.3","","","","1"
"2021","Ontario","2021A000235","0 to 14 years","Men+","2021 Counts","Total - Religion","","0","units","0","","56.2.2.1.1","1154210","","","","0"
"2021","Ontario","2021A000235","0 to 14 years","Men+","2021 Counts","Buddhist","","0","units","0","","56.2.2.1.2","7765","","","","0"
"2021","Ontario","2021A000235","0 to 14 years","Men+","2021 Counts","Christian","","0","units","0","","56.2.2.1.3","498580","","","","0"
"2021","Ontario","2021A000235","0 to 14 years","Men+","2021 Counts","Hindu","","0","units","0","","56.2.2.1.19","50035","","","","0"
"2021","Ontario","2021A000235","0 to 14 years","Men+","2021 Counts","Jewish","","0","units","0","","56.2.2.1.20","16750","","","","0"
"2021","Ontario","2021A000235","0 to 14 years","Men+","2021 Counts","Muslim","","0","units","0","","56.2.2.1.21","118515","","","","0"
"2021","Ontario","2021A000235","0 to 14 years","Men+","2021 Counts","Sikh","","0","units","0","","56.2.2.1.22","25795","","","","0"
"2021","Ontario","2021A000235","0 to 14 years","Men+","2021 Counts","Traditional (North American Indigenous) spirituality","","0","units","0","","56.2.2.1.23","2080","","","","0"
"2021","Ontario","2021A000235","0 to 14 years","Men+","2021 Counts","Other religions and spiritual traditions","","0","units","0","","56.2.2.1.24","4730","","","","0"
"2021","Ontario","2021A000235","0 to 14 years","Men+","2021 Counts","No religion and secular perspectives","","0","units","0","","56.2.2.1.25","429960","","","","0"
"2021","Ontario","2021A000235","0 to 14 years","Men+","% distribution (2021)","Total - Religion","","0","units","0","","56.2.2.2.1","3.2","","","","1"
"2021","Ontario","2021A000235","0 to 14 years","Men+","% distribution (2021)","Buddhist","","0","units","0","","56.2.2.2.2","0.0","","","","1"
"2021","Ontario","2021A000235","0 to 14 years","Men+","% distribution (2021)","Christian","","0","units","0","","56.2.2.2.3","1.4","","","","1"
"2021","Ontario","2021A000235","0 to 14 years","Men+","% distribution (2021)","Hindu","","0","units","0","","56.2.2.2.19","0.1","","","","1"
"2021","Ontario","2021A000235","0 to 14 years","Men+","% distribution (2021)","Jewish","","0","units","0","","56.2.2.2.20","0.0","","","","1"
"2021","Ontario","2021A000235","0 to 14 years","Men+","% distribution (2021)","Muslim","","0","units","0","","56.2.2.2.21","0.3","","","","1"
"2021","Ontario","2021A000235","0 to 14 years","Men+","% distribution (2021)","Sikh","","0","units","0","","56.2.2.2.22","0.1","","","","1"
"2021","Ontario","2021A000235","0 to 14 years","Men+","% distribution (2021)","Traditional (North American Indigenous) spirituality","","0","units","0","","56.2.2.2.23","0.0","","","","1"
"2021","Ontario","2021A000235","0 to 14 years","Men+","% distribution (2021)","Other religions and spiritual traditions","","0","units","0","","56.2.2.2.24","0.0","","","","1"
"2021","Ontario","2021A000235","0 to 14 years","Men+","% distribution (2021)","No religion and secular perspectives","","0","units","0","","56.2.2.2.25","1.2","","","","1"
"2021","Ontario","2021A000235","0 to 14 years","Women+","2021 Counts","Total - Religion","","0","units","0","","56.2.3.1.1","1094720","","","","0"
"2021","Ontario","2021A000235","0 to 14 years","Women+","2021 Counts","Buddhist","","0","units","0","","56.2.3.1.2","7380","","","","0"
"2021","Ontario","2021A000235","0 to 14 years","Women+","2021 Counts","Christian","","0","units","0","","56.2.3.1.3","479285","","","","0"
"2021","Ontario","2021A000235","0 to 14 years","Women+","2021 Counts","Hindu","","0","units","0","","56.2.3.1.19","47225","","","","0"
"2021","Ontario","2021A000235","0 to 14 years","Women+","2021 Counts","Jewish","","0","units","0","","56.2.3.1.20","15620","","","","0"
"2021","Ontario","2021A000235","0 to 14 years","Women+","2021 Counts","Muslim","","0","units","0","","56.2.3.1.21","113815","","","","0"
"2021","Ontario","2021A000235","0 to 14 years","Women+","2021 Counts","Sikh","","0","units","0","","56.2.3.1.22","22925","","","","0"
"2021","Ontario","2021A000235","0 to 14 years","Women+","2021 Counts","Traditional (North American Indigenous) spirituality","","0","units","0","","56.2.3.1.23","2145","","","","0"
"2021","Ontario","2021A000235","0 to 14 years","Women+","2021 Counts","Other religions and spiritual traditions","","0","units","0","","56.2.3.1.24","4810","","","","0"
"2021","Ontario","2021A000235","0 to 14 years","Women+","2021 Counts","No religion and secular perspectives","","0","units","0","","56.2.3.1.25","401520","","","","0"
"2021","Ontario","2021A000235","0 to 14 years","Women+","% distribution (2021)","Total - Religion","","0","units","0","","56.2.3.2.1","3.0","","","","1"
"2021","Ontario","2021A000235","0 to 14 years","Women+","% distribution (2021)","Buddhist","","0","units","0","","56.2.3.2.2","0.0","","","","1"
"2021","Ontario","2021A000235","0 to 14 years","Women+","% distribution (2021)","Christian","","0","units","0","","56.2.3.2.3","1.3","","","","1"
"2021","Ontario","2021A000235","0 to 14 years","Women+","% distribution (2021)","Hindu","","0","units","0","","56.2.3.2.19","0.1","","","","1"
"2021","Ontario","2021A000235","0 to 14 years","Women+","% distribution (2021)","Jewish","","0","units","0","","56.2.3.2.20","0.0","","","","1"
"2021","Ontario","2021A000235","0 to 14 years","Women+","% distribution (2021)","Muslim","","0","units","0","","56.2.3.2.21","0.3","","","","1"
"2021","Ontario","2021A000235","0 to 14 years","Women+","% distribution (2021)","Sikh","","0","units","0","","56.2.3.2.22","0.1","","","","1"
"2021","Ontario","2021A000235","0 to 14 years","Women+","% distribution (2021)","Traditional (North American Indigenous) spirituality","","0","units","0","","56.2.3.2.23","0.0","","","","1"
"2021","Ontario","2021A000235","0 to 14 years","Women+","% distribution (2021)","Other religions and spiritual traditions","","0","units","0","","56.2.3.2.24","0.0","","","","1"
"2021","Ontario","2021A000235","0 to 14 years","Women+","% distribution (2021)","No religion and secular perspectives","","0","units","0","","56.2.3.2.25","1.1","","","","1"
"2021","Ontario","2021A000235","15 years and over","Total - Gender","2021 Counts","Total - Religion","","0","units","0","","56.3.1.1.1","11782820","","","","0"
"2021","Ontario","2021A000235","15 years and over","Total - Gender","2021 Counts","Buddhist","","0","units","0","","56.3.1.1.2","149070","","","","0"
"2021","Ontario","2021A000235","15 years and over","Total - Gender","2021 Counts","Christian","","0","units","0","","56.3.1.1.3","6337950","","","","0"
"2021","Ontario","2021A000235","15 years and over","Total - Gender","2021 Counts","Hindu","","0","units","0","","56.3.1.1.19","476435","","","","0"
"2021","Ontario","2021A000235","15 years and over","Total - Gender","2021 Counts","Jewish","","0","units","0","","56.3.1.1.20","163725","","","","0"
"2021","Ontario","2021A000235","15 years and over","Total - Gender","2021 Counts","Muslim","","0","units","0","","56.3.1.1.21","710660","","","","0"
"2021","Ontario","2021A000235","15 years and over","Total - Gender","2021 Counts","Sikh","","0","units","0","","56.3.1.1.22","251710","","","","0"
"2021","Ontario","2021A000235","15 years and over","Total - Gender","2021 Counts","Traditional (North American Indigenous) spirituality","","0","units","0","","56.3.1.1.23","11760","","","","0"
"2021","Ontario","2021A000235","15 years and over","Total - Gender","2021 Counts","Other religions and spiritual traditions","","0","units","0","","56.3.1.1.24","79305","","","","0"
"2021","Ontario","2021A000235","15 years and over","Total - Gender","2021 Counts","No religion and secular perspectives","","0","units","0","","56.3.1.1.25","3602200","","","","0"
"2021","Ontario","2021A000235","15 years and over","Total - Gender","% distribution (2021)","Total - Religion","","0","units","0","","56.3.1.2.1","32.4","","","","1"
"2021","Ontario","2021A000235","15 years and over","Total - Gender","% distribution (2021)","Buddhist","","0","units","0","","56.3.1.2.2","0.4","","","","1"
"2021","Ontario","2021A000235","15 years and over","Total - Gender","% distribution (2021)","Christian","","0","units","0","","56.3.1.2.3","17.4","","","","1"
"2021","Ontario","2021A000235","15 years and over","Total - Gender","% distribution (2021)","Hindu","","0","units","0","","56.3.1.2.19","1.3","","","","1"
"2021","Ontario","2021A000235","15 years and over","Total - Gender","% distribution (2021)","Jewish","","0","units","0","","56.3.1.2.20","0.5","","","","1"
"2021","Ontario","2021A000235","15 years and over","Total - Gender","% distribution (2021)","Muslim","","0","units","0","","56.3.1.2.21","2.0","","","","1"
"2021","Ontario","2021A000235","15 years and over","Total - Gender","% distribution (2021)","Sikh","","0","units","0","","56.3.1.2.22","0.7","","","","1"
"2021","Ontario","2021A000235","15 years and over","Total - Gender","% distribution (2021)","Traditional (North American Indigenous) spirituality","","0","units","0","","56.3.1.2.23","0.0","","","","1"
"2021","Ontario","2021A000235","15 years and over","Total - Gender","% distribution (2021)","Other religions and spiritual traditions","","0","units","0","","56.3.1.2.24","0.2","","","","1"
"2021","Ontario","2021A000235","15 years and over","Total - Gender","% distribution (2021)","No religion and secular perspectives","","0","units","0","","56.3.1.2.25","9.9","","","","1"
"2021","Ontario","2021A000235","15 years and over","Men+","2021 Counts","Total - Religion","","0","units","0","","56.3.2.1.1","5733360","","","","0"
"2021","Ontario","2021A000235","15 years and over","Men+","2021 Counts","Buddhist","","0","units","0","","56.3.2.1.2","65950","","","","0"
"2021","Ontario","2021A000235","15 years and over","Men+","2021 Counts","Christian","","0","units","0","","56.3.2.1.3","2911710","","","","0"
"2021","Ontario","2021A000235","15 years and over","Men+","2021 Counts","Hindu","","0","units","0","","56.3.2.1.19","245940","","","","0"
"2021","Ontario","2021A000235","15 years and over","Men+","2021 Counts","Jewish","","0","units","0","","56.3.2.1.20","79330","","","","0"
"2021","Ontario","2021A000235","15 years and over","Men+","2021 Counts","Muslim","","0","units","0","","56.3.2.1.21","356445","","","","0"
"2021","Ontario","2021A000235","15 years and over","Men+","2021 Counts","Sikh","","0","units","0","","56.3.2.1.22","129595","","","","0"
"2021","Ontario","2021A000235","15 years and over","Men+","2021 Counts","Traditional (North American Indigenous) spirituality","","0","units","0","","56.3.2.1.23","5320","","","","0"
"2021","Ontario","2021A000235","15 years and over","Men+","2021 Counts","Other religions and spiritual traditions","","0","units","0","","56.3.2.1.24","33115","","","","0"
"2021","Ontario","2021A000235","15 years and over","Men+","2021 Counts","No religion and secular perspectives","","0","units","0","","56.3.2.1.25","1905950","","","","0"
"2021","Ontario","2021A000235","15 years and over","Men+","% distribution (2021)","Total - Religion","","0","units","0","","56.3.2.2.1","15.8","","","","1"
"2021","Ontario","2021A000235","15 years and over","Men+","% distribution (2021)","Buddhist","","0","units","0","","56.3.2.2.2","0.2","","","","1"
"2021","Ontario","2021A000235","15 years and over","Men+","% distribution (2021)","Christian","","0","units","0","","56.3.2.2.3","8.0","","","","1"
"2021","Ontario","2021A000235","15 years and over","Men+","% distribution (2021)","Hindu","","0","units","0","","56.3.2.2.19","0.7","","","","1"
"2021","Ontario","2021A000235","15 years and over","Men+","% distribution (2021)","Jewish","","0","units","0","","56.3.2.2.20","0.2","","","","1"
"2021","Ontario","2021A000235","15 years and over","Men+","% distribution (2021)","Muslim","","0","units","0","","56.3.2.2.21","1.0","","","","1"
"2021","Ontario","2021A000235","15 years and over","Men+","% distribution (2021)","Sikh","","0","units","0","","56.3.2.2.22","0.4","","","","1"
"2021","Ontario","2021A000235","15 years and over","Men+","% distribution (2021)","Traditional (North American Indigenous) spirituality","","0","units","0","","56.3.2.2.23","0.0","","","","1"
"2021","Ontario","2021A000235","15 years and over","Men+","% distribution (2021)","Other religions and spiritual traditions","","0","units","0","","56.3.2.2.24","0.1","","","","1"
"2021","Ontario","2021A000235","15 years and over","Men+","% distribution (2021)","No religion and secular perspectives","","0","units","0","","56.3.2.2.25","5.2","","","","1"
"2021","Ontario","2021A000235","15 years and over","Women+","2021 Counts","Total - Religion","","0","units","0","","56.3.3.1.1","6049460","","","","0"
"2021","Ontario","2021A000235","15 years and over","Women+","2021 Counts","Buddhist","","0","units","0","","56.3.3.1.2","83120","","","","0"
"2021","Ontario","2021A000235","15 years and over","Women+","2021 Counts","Christian","","0","units","0","","56.3.3.1.3","3426235","","","","0"
"2021","Ontario","2021A000235","15 years and over","Women+","2021 Counts","Hindu","","0","units","0","","56.3.3.1.19","230495","","","","0"
"2021","Ontario","2021A000235","15 years and over","Women+","2021 Counts","Jewish","","0","units","0","","56.3.3.1.20","84400","","","","0"
"2021","Ontario","2021A000235","15 years and over","Women+","2021 Counts","Muslim","","0","units","0","","56.3.3.1.21","354215","","","","0"
"2021","Ontario","2021A000235","15 years and over","Women+","2021 Counts","Sikh","","0","units","0","","56.3.3.1.22","122115","","","","0"
"2021","Ontario","2021A000235","15 years and over","Women+","2021 Counts","Traditional (North American Indigenous) spirituality","","0","units","0","","56.3.3.1.23","6440","","","","0"
"2021","Ontario","2021A000235","15 years and over","Women+","2021 Counts","Other religions and spiritual traditions","","0","units","0","","56.3.3.1.24","46190","","","","0"
"2021","Ontario","2021A000235","15 years and over","Women+","2021 Counts","No religion and secular perspectives","","0","units","0","","56.3.3.1.25","1696250","","","","0"
"2021","Ontario","2021A000235","15 years and over","Women+","% distribution (2021)","Total - Religion","","0","units","0","","56.3.3.2.1","16.7","","","","1"
"2021","Ontario","2021A000235","15 years and over","Women+","% distribution (2021)","Buddhist","","0","units","0","","56.3.3.2.2","0.2","","","","1"
"2021","Ontario","2021A000235","15 years and over","Women+","% distribution (2021)","Christian","","0","units","0","","56.3.3.2.3","9.4","","","","1"
"2021","Ontario","2021A000235","15 years and over","Women+","% distribution (2021)","Hindu","","0","units","0","","56.3.3.2.19","0.6","","","","1"
"2021","Ontario","2021A000235","15 years and over","Women+","% distribution (2021)","Jewish","","0","units","0","","56.3.3.2.20","0.2","","","","1"
"2021","Ontario","2021A000235","15 years and over","Women+","% distribution (2021)","Muslim","","0","units","0","","56.3.3.2.21","1.0","","","","1"
"2021","Ontario","2021A000235","15 years and over","Women+","% distribution (2021)","Sikh","","0","units","0","","56.3.3.2.22","0.3","","","","1"
"2021","Ontario","2021A000235","15 years and over","Women+","% distribution (2021)","Traditional (North American Indigenous) spirituality","","0","units","0","","56.3.3.2.23","0.0","","","","1"
"2021","Ontario","2021A000235","15 years and over","Women+","% distribution (2021)","Other religions and spiritual traditions","","0","units","0","","56.3.3.2.24","0.1","","","","1"
"2021","Ontario","2021A000235","15 years and over","Women+","% distribution (2021)","No religion and secular perspectives","","0","units","0","","56.3.3.2.25","4.7","","","","1"
"2021","Ontario","2021A000235","15 to 24 years","Total - Gender","2021 Counts","Total - Religion","","0","units","0","","56.4.1.1.1","1687900","","","","0"
"2021","Ontario","2021A000235","15 to 24 years","Total - Gender","2021 Counts","Buddhist","","0","units","0","","56.4.1.1.2","16090","","","","0"
"2021","Ontario","2021A000235","15 to 24 years","Total - Gender","2021 Counts","Christian","","0","units","0","","56.4.1.1.3","775380","","","","0"
"2021","Ontario","2021A000235","15 to 24 years","Total - Gender","2021 Counts","Hindu","","0","units","0","","56.4.1.1.19","79165","","","","0"
"2021","Ontario","2021A000235","15 to 24 years","Total - Gender","2021 Counts","Jewish","","0","units","0","","56.4.1.1.20","21105","","","","0"
"2021","Ontario","2021A000235","15 to 24 years","Total - Gender","2021 Counts","Muslim","","0","units","0","","56.4.1.1.21","152150","","","","0"
"2021","Ontario","2021A000235","15 to 24 years","Total - Gender","2021 Counts","Sikh","","0","units","0","","56.4.1.1.22","57340","","","","0"
"2021","Ontario","2021A000235","15 to 24 years","Total - Gender","2021 Counts","Traditional (North American Indigenous) spirituality","","0","units","0","","56.4.1.1.23","2380","","","","0"
"2021","Ontario","2021A000235","15 to 24 years","Total - Gender","2021 Counts","Other religions and spiritual traditions","","0","units","0","","56.4.1.1.24","9440","","","","0"
"2021","Ontario","2021A000235","15 to 24 years","Total - Gender","2021 Counts","No religion and secular perspectives","","0","units","0","","56.4.1.1.25","574845","","","","0"
"2021","Ontario","2021A000235","15 to 24 years","Total - Gender","% distribution (2021)","Total - Religion","","0","units","0","","56.4.1.2.1","4.6","","","","1"
"2021","Ontario","2021A000235","15 to 24 years","Total - Gender","% distribution (2021)","Buddhist","","0","units","0","","56.4.1.2.2","0.0","","","","1"
"2021","Ontario","2021A000235","15 to 24 years","Total - Gender","% distribution (2021)","Christian","","0","units","0","","56.4.1.2.3","2.1","","","","1"
"2021","Ontario","2021A000235","15 to 24 years","Total - Gender","% distribution (2021)","Hindu","","0","units","0","","56.4.1.2.19","0.2","","","","1"
"2021","Ontario","2021A000235","15 to 24 years","Total - Gender","% distribution (2021)","Jewish","","0","units","0","","56.4.1.2.20","0.1","","","","1"
"2021","Ontario","2021A000235","15 to 24 years","Total - Gender","% distribution (2021)","Muslim","","0","units","0","","56.4.1.2.21","0.4","","","","1"
"2021","Ontario","2021A000235","15 to 24 years","Total - Gender","% distribution (2021)","Sikh","","0","units","0","","56.4.1.2.22","0.2","","","","1"
"2021","Ontario","2021A000235","15 to 24 years","Total - Gender","% distribution (2021)","Traditional (North American Indigenous) spirituality","","0","units","0","","56.4.1.2.23","0.0","","","","1"
"2021","Ontario","2021A000235","15 to 24 years","Total - Gender","% distribution (2021)","Other religions and spiritual traditions","","0","units","0","","56.4.1.2.24","0.0","","","","1"
"2021","Ontario","2021A000235","15 to 24 years","Total - Gender","% distribution (2021)","No religion and secular perspectives","","0","units","0","","56.4.1.2.25","1.6","","","","1"
"2021","Ontario","2021A000235","15 to 24 years","Men+","2021 Counts","Total - Religion","","0","units","0","","56.4.2.1.1","874270","","","","0"
"2021","Ontario","2021A000235","15 to 24 years","Men+","2021 Counts","Buddhist","","0","units","0","","56.4.2.1.2","7840","","","","0"
"2021","Ontario","2021A000235","15 to 24 years","Men+","2021 Counts","Christian","","0","units","0","","56.4.2.1.3","396175","","","","0"
"2021","Ontario","2021A000235","15 to 24 years","Men+","2021 Counts","Hindu","","0","units","0","","56.4.2.1.19","44150","","","","0"
"2021","Ontario","2021A000235","15 to 24 years","Men+","2021 Counts","Jewish","","0","units","0","","56.4.2.1.20","10915","","","","0"
"2021","Ontario","2021A000235","15 to 24 years","Men+","2021 Counts","Muslim","","0","units","0","","56.4.2.1.21","78820","","","","0"
"2021","Ontario","2021A000235","15 to 24 years","Men+","2021 Counts","Sikh","","0","units","0","","56.4.2.1.22","32435","","","","0"
"2021","Ontario","2021A000235","15 to 24 years","Men+","2021 Counts","Traditional (North American Indigenous) spirituality","","0","units","0","","56.4.2.1.23","1175","","","","0"
"2021","Ontario","2021A000235","15 to 24 years","Men+","2021 Counts","Other religions and spiritual traditions","","0","units","0","","56.4.2.1.24","4200","","","","0"
"2021","Ontario","2021A000235","15 to 24 years","Men+","2021 Counts","No religion and secular perspectives","","0","units","0","","56.4.2.1.25","298565","","","","0"
"2021","Ontario","2021A000235","15 to 24 years","Men+","% distribution (2021)","Total - Religion","","0","units","0","","56.4.2.2.1","2.4","","","","1"
"2021","Ontario","2021A000235","15 to 24 years","Men+","% distribution (2021)","Buddhist","","0","units","0","","56.4.2.2.2","0.0","","","","1"
"2021","Ontario","2021A000235","15 to 24 years","Men+","% distribution (2021)","Christian","","0","units","0","","56.4.2.2.3","1.1","","","","1"
"2021","Ontario","2021A000235","15 to 24 years","Men+","% distribution (2021)","Hindu","","0","units","0","","56.4.2.2.19","0.1","","","","1"
"2021","Ontario","2021A000235","15 to 24 years","Men+","% distribution (2021)","Jewish","","0","units","0","","56.4.2.2.20","0.0","","","","1"
"2021","Ontario","2021A000235","15 to 24 years","Men+","% distribution (2021)","Muslim","","0","units","0","","56.4.2.2.21","0.2","","","","1"
"2021","Ontario","2021A000235","15 to 24 years","Men+","% distribution (2021)","Sikh","","0","units","0","","56.4.2.2.22","0.1","","","","1"
"2021","Ontario","2021A000235","15 to 24 years","Men+","% distribution (2021)","Traditional (North American Indigenous) spirituality","","0","units","0","","56.4.2.2.23","0.0","","","","1"
"2021","Ontario","2021A000235","15 to 24 years","Men+","% distribution (2021)","Other religions and spiritual traditions","","0","units","0","","56.4.2.2.24","0.0","","","","1"
"2021","Ontario","2021A000235","15 to 24 years","Men+","% distribution (2021)","No religion and secular perspectives","","0","units","0","","56.4.2.2.25","0.8","","","","1"
"2021","Ontario","2021A000235","15 to 24 years","Women+","2021 Counts","Total - Religion","","0","units","0","","56.4.3.1.1","813625","","","","0"
"2021","Ontario","2021A000235","15 to 24 years","Women+","2021 Counts","Buddhist","","0","units","0","","56.4.3.1.2","8250","","","","0"
"2021","Ontario","2021A000235","15 to 24 years","Women+","2021 Counts","Christian","","0","units","0","","56.4.3.1.3","379200","","","","0"
"2021","Ontario","2021A000235","15 to 24 years","Women+","2021 Counts","Hindu","","0","units","0","","56.4.3.1.19","35015","","","","0"
"2021","Ontario","2021A000235","15 to 24 years","Women+","2021 Counts","Jewish","","0","units","0","","56.4.3.1.20","10185","","","","0"
"2021","Ontario","2021A000235","15 to 24 years","Women+","2021 Counts","Muslim","","0","units","0","","56.4.3.1.21","73330","","","","0"
"2021","Ontario","2021A000235","15 to 24 years","Women+","2021 Counts","Sikh","","0","units","0","","56.4.3.1.22","24905","","","","0"
"2021","Ontario","2021A000235","15 to 24 years","Women+","2021 Counts","Traditional (North American Indigenous) spirituality","","0","units","0","","56.4.3.1.23","1205","","","","0"
"2021","Ontario","2021A000235","15 to 24 years","Women+","2021 Counts","Other religions and spiritual traditions","","0","units","0","","56.4.3.1.24","5245","","","","0"
"2021","Ontario","2021A000235","15 to 24 years","Women+","2021 Counts","No religion and secular perspectives","","0","units","0","","56.4.3.1.25","276285","","","","0"
"2021","Ontario","2021A000235","15 to 24 years","Women+","% distribution (2021)","Total - Religion","","0","units","0","","56.4.3.2.1","2.2","","","","1"
"2021","Ontario","2021A000235","15 to 24 years","Women+","% distribution (2021)","Buddhist","","0","units","0","","56.4.3.2.2","0.0","","","","1"
"2021","Ontario","2021A000235","15 to 24 years","Women+","% distribution (2021)","Christian","","0","units","0","","56.4.3.2.3","1.0","","","","1"
"2021","Ontario","2021A000235","15 to 24 years","Women+","% distribution (2021)","Hindu","","0","units","0","","56.4.3.2.19","0.1","","","","1"
"2021","Ontario","2021A000235","15 to 24 years","Women+","% distribution (2021)","Jewish","","0","units","0","","56.4.3.2.20","0.0","","","","1"
"2021","Ontario","2021A000235","15 to 24 years","Women+","% distribution (2021)","Muslim","","0","units","0","","56.4.3.2.21","0.2","","","","1"
"2021","Ontario","2021A000235","15 to 24 years","Women+","% distribution (2021)","Sikh","","0","units","0","","56.4.3.2.22","0.1","","","","1"
"2021","Ontario","2021A000235","15 to 24 years","Women+","% distribution (2021)","Traditional (North American Indigenous) spirituality","","0","units","0","","56.4.3.2.23","0.0","","","","1"
"2021","Ontario","2021A000235","15 to 24 years","Women+","% distribution (2021)","Other religions and spiritual traditions","","0","units","0","","56.4.3.2.24","0.0","","","","1"
"2021","Ontario","2021A000235","15 to 24 years","Women+","% distribution (2021)","No religion and secular perspectives","","0","units","0","","56.4.3.2.25","0.8","","","","1"
"2021","Ontario","2021A000235","25 to 64 years","Total - Gender","2021 Counts","Total - Religion","","0","units","0","","56.7.1.1.1","7584645","","","","0"
"2021","Ontario","2021A000235","25 to 64 years","Total - Gender","2021 Counts","Buddhist","","0","units","0","","56.7.1.1.2","101910","","","","0"
"2021","Ontario","2021A000235","25 to 64 years","Total - Gender","2021 Counts","Christian","","0","units","0","","56.7.1.1.3","3777715","","","","0"
"2021","Ontario","2021A000235","25 to 64 years","Total - Gender","2021 Counts","Hindu","","0","units","0","","56.7.1.1.19","340755","","","","0"
"2021","Ontario","2021A000235","25 to 64 years","Total - Gender","2021 Counts","Jewish","","0","units","0","","56.7.1.1.20","92380","","","","0"
"2021","Ontario","2021A000235","25 to 64 years","Total - Gender","2021 Counts","Muslim","","0","units","0","","56.7.1.1.21","488415","","","","0"
"2021","Ontario","2021A000235","25 to 64 years","Total - Gender","2021 Counts","Sikh","","0","units","0","","56.7.1.1.22","160785","","","","0"
"2021","Ontario","2021A000235","25 to 64 years","Total - Gender","2021 Counts","Traditional (North American Indigenous) spirituality","","0","units","0","","56.7.1.1.23","8155","","","","0"
"2021","Ontario","2021A000235","25 to 64 years","Total - Gender","2021 Counts","Other religions and spiritual traditions","","0","units","0","","56.7.1.1.24","57495","","","","0"
"2021","Ontario","2021A000235","25 to 64 years","Total - Gender","2021 Counts","No religion and secular perspectives","","0","units","0","","56.7.1.1.25","2557040","","","","0"
"2021","Ontario","2021A000235","25 to 64 years","Total - Gender","% distribution (2021)","Total - Religion","","0","units","0","","56.7.1.2.1","20.9","","","","1"
"2021","Ontario","2021A000235","25 to 64 years","Total - Gender","% distribution (2021)","Buddhist","","0","units","0","","56.7.1.2.2","0.3","","","","1"
"2021","Ontario","2021A000235","25 to 64 years","Total - Gender","% distribution (2021)","Christian","","0","units","0","","56.7.1.2.3","10.4","","","","1"
"2021","Ontario","2021A000235","25 to 64 years","Total - Gender","% distribution (2021)","Hindu","","0","units","0","","56.7.1.2.19","0.9","","","","1"
"2021","Ontario","2021A000235","25 to 64 years","Total - Gender","% distribution (2021)","Jewish","","0","units","0","","56.7.1.2.20","0.3","","","","1"
"2021","Ontario","2021A000235","25 to 64 years","Total - Gender","% distribution (2021)","Muslim","","0","units","0","","56.7.1.2.21","1.3","","","","1"
"2021","Ontario","2021A000235","25 to 64 years","Total - Gender","% distribution (2021)","Sikh","","0","units","0","","56.7.1.2.22","0.4","","","","1"
"2021","Ontario","2021A000235","25 to 64 years","Total - Gender","% distribution (2021)","Traditional (North American Indigenous) spirituality","","0","units","0","","56.7.1.2.23","0.0","","","","1"
"2021","Ontario","2021A000235","25 to 64 years","Total - Gender","% distribution (2021)","Other religions and spiritual traditions","","0","units","0","","56.7.1.2.24","0.2","","","","1"
"2021","Ontario","2021A000235","25 to 64 years","Total - Gender","% distribution (2021)","No religion and secular perspectives","","0","units","0","","56.7.1.2.25","7.0","","","","1"
"2021","Ontario","2021A000235","25 to 64 years","Men+","2021 Counts","Total - Religion","","0","units","0","","56.7.2.1.1","3700540","","","","0"
"2021","Ontario","2021A000235","25 to 64 years","Men+","2021 Counts","Buddhist","","0","units","0","","56.7.2.1.2","44880","","","","0"
"2021","Ontario","2021A000235","25 to 64 years","Men+","2021 Counts","Christian","","0","units","0","","56.7.2.1.3","1735450","","","","0"
"2021","Ontario","2021A000235","25 to 64 years","Men+","2021 Counts","Hindu","","0","units","0","","56.7.2.1.19","174410","","","","0"
"2021","Ontario","2021A000235","25 to 64 years","Men+","2021 Counts","Jewish","","0","units","0","","56.7.2.1.20","44935","","","","0"
"2021","Ontario","2021A000235","25 to 64 years","Men+","2021 Counts","Muslim","","0","units","0","","56.7.2.1.21","241070","","","","0"
"2021","Ontario","2021A000235","25 to 64 years","Men+","2021 Counts","Sikh","","0","units","0","","56.7.2.1.22","80735","","","","0"
"2021","Ontario","2021A000235","25 to 64 years","Men+","2021 Counts","Traditional (North American Indigenous) spirituality","","0","units","0","","56.7.2.1.23","3610","","","","0"
"2021","Ontario","2021A000235","25 to 64 years","Men+","2021 Counts","Other religions and spiritual traditions","","0","units","0","","56.7.2.1.24","23620","","","","0"
"2021","Ontario","2021A000235","25 to 64 years","Men+","2021 Counts","No religion and secular perspectives","","0","units","0","","56.7.2.1.25","1351830","","","","0"
"2021","Ontario","2021A000235","25 to 64 years","Men+","% distribution (2021)","Total - Religion","","0","units","0","","56.7.2.2.1","10.2","","","","1"
"2021","Ontario","2021A000235","25 to 64 years","Men+","% distribution (2021)","Buddhist","","0","units","0","","56.7.2.2.2","0.1","","","","1"
"2021","Ontario","2021A000235","25 to 64 years","Men+","% distribution (2021)","Christian","","0","units","0","","56.7.2.2.3","4.8","","","","1"
"2021","Ontario","2021A000235","25 to 64 years","Men+","% distribution (2021)","Hindu","","0","units","0","","56.7.2.2.19","0.5","","","","1"
"2021","Ontario","2021A000235","25 to 64 years","Men+","% distribution (2021)","Jewish","","0","units","0","","56.7.2.2.20","0.1","","","","1"
"2021","Ontario","2021A000235","25 to 64 years","Men+","% distribution (2021)","Muslim","","0","units","0","","56.7.2.2.21","0.7","","","","1"
"2021","Ontario","2021A000235","25 to 64 years","Men+","% distribution (2021)","Sikh","","0","units","0","","56.7.2.2.22","0.2","","","","1"
"2021","Ontario","2021A000235","25 to 64 years","Men+","% distribution (2021)","Traditional (North American Indigenous) spirituality","","0","units","0","","56.7.2.2.23","0.0","","","","1"
"2021","Ontario","2021A000235","25 to 64 years","Men+","% distribution (2021)","Other religions and spiritual traditions","","0","units","0","","56.7.2.2.24","0.1","","","","1"
"2021","Ontario","2021A000235","25 to 64 years","Men+","% distribution (2021)","No religion and secular perspectives","","0","units","0","","56.7.2.2.25","3.7","","","","1"
"2021","Ontario","2021A000235","25 to 64 years","Women+","2021 Counts","Total - Religion","","0","units","0","","56.7.3.1.1","3884105","","","","0"
"2021","Ontario","2021A000235","25 to 64 years","Women+","2021 Counts","Buddhist","","0","units","0","","56.7.3.1.2","57030","","","","0"
"2021","Ontario","2021A000235","25 to 64 years","Women+","2021 Counts","Christian","","0","units","0","","56.7.3.1.3","2042255","","","","0"
"2021","Ontario","2021A000235","25 to 64 years","Women+","2021 Counts","Hindu","","0","units","0","","56.7.3.1.19","166345","","","","0"
"2021","Ontario","2021A000235","25 to 64 years","Women+","2021 Counts","Jewish","","0","units","0","","56.7.3.1.20","47445","","","","0"
"2021","Ontario","2021A000235","25 to 64 years","Women+","2021 Counts","Muslim","","0","units","0","","56.7.3.1.21","247345","","","","0"
"2021","Ontario","2021A000235","25 to 64 years","Women+","2021 Counts","Sikh","","0","units","0","","56.7.3.1.22","80045","","","","0"
"2021","Ontario","2021A000235","25 to 64 years","Women+","2021 Counts","Traditional (North American Indigenous) spirituality","","0","units","0","","56.7.3.1.23","4545","","","","0"
"2021","Ontario","2021A000235","25 to 64 years","Women+","2021 Counts","Other religions and spiritual traditions","","0","units","0","","56.7.3.1.24","33875","","","","0"
"2021","Ontario","2021A000235","25 to 64 years","Women+","2021 Counts","No religion and secular perspectives","","0","units","0","","56.7.3.1.25","1205205","","","","0"
"2021","Ontario","2021A000235","25 to 64 years","Women+","% distribution (2021)","Total - Religion","","0","units","0","","56.7.3.2.1","10.7","","","","1"
"2021","Ontario","2021A000235","25 to 64 years","Women+","% distribution (2021)","Buddhist","","0","units","0","","56.7.3.2.2","0.2","","","","1"
"2021","Ontario","2021A000235","25 to 64 years","Women+","% distribution (2021)","Christian","","0","units","0","","56.7.3.2.3","5.6","","","","1"
"2021","Ontario","2021A000235","25 to 64 years","Women+","% distribution (2021)","Hindu","","0","units","0","","56.7.3.2.19","0.5","","","","1"
"2021","Ontario","2021A000235","25 to 64 years","Women+","% distribution (2021)","Jewish","","0","units","0","","56.7.3.2.20","0.1","","","","1"
"2021","Ontario","2021A000235","25 to 64 years","Women+","% distribution (2021)","Muslim","","0","units","0","","56.7.3.2.21","0.7","","","","1"
"2021","Ontario","2021A000235","25 to 64 years","Women+","% distribution (2021)","Sikh","","0","units","0","","56.7.3.2.22","0.2","","","","1"
"2021","Ontario","2021A000235","25 to 64 years","Women+","% distribution (2021)","Traditional (North American Indigenous) spirituality","","0","units","0","","56.7.3.2.23","0.0","","","","1"
"2021","Ontario","2021A000235","25 to 64 years","Women+","% distribution (2021)","Other religions and spiritual traditions","","0","units","0","","56.7.3.2.24","0.1","","","","1"
"2021","Ontario","2021A000235","25 to 64 years","Women+","% distribution (2021)","No religion and secular perspectives","","0","units","0","","56.7.3.2.25","3.3","","","","1"
"2021","Ontario","2021A000235","65 years and over","Total - Gender","2021 Counts","Total - Religion","","0","units","0","","56.13.1.1.1","2510280","","","","0"
"2021","Ontario","2021A000235","65 years and over","Total - Gender","2021 Counts","Buddhist","","0","units","0","","56.13.1.1.2","31070","","","","0"
"2021","Ontario","2021A000235","65 years and over","Total - Gender","2021 Counts","Christian","","0","units","0","","56.13.1.1.3","1784855","","","","0"
"2021","Ontario","2021A000235","65 years and over","Total - Gender","2021 Counts","Hindu","","0","units","0","","56.13.1.1.19","56515","","","","0"
"2021","Ontario","2021A000235","65 years and over","Total - Gender","2021 Counts","Jewish","","0","units","0","","56.13.1.1.20","50240","","","","0"
"2021","Ontario","2021A000235","65 years and over","Total - Gender","2021 Counts","Muslim","","0","units","0","","56.13.1.1.21","70095","","","","0"
"2021","Ontario","2021A000235","65 years and over","Total - Gender","2021 Counts","Sikh","","0","units","0","","56.13.1.1.22","33590","","","","0"
"2021","Ontario","2021A000235","65 years and over","Total - Gender","2021 Counts","Traditional (North American Indigenous) spirituality","","0","units","0","","56.13.1.1.23","1235","","","","0"
"2021","Ontario","2021A000235","65 years and over","Total - Gender","2021 Counts","Other religions and spiritual traditions","","0","units","0","","56.13.1.1.24","12370","","","","0"
"2021","Ontario","2021A000235","65 years and over","Total - Gender","2021 Counts","No religion and secular perspectives","","0","units","0","","56.13.1.1.25","470310","","","","0"
"2021","Ontario","2021A000235","65 years and over","Total - Gender","% distribution (2021)","Total - Religion","","0","units","0","","56.13.1.2.1","6.9","","","","1"
"2021","Ontario","2021A000235","65 years and over","Total - Gender","% distribution (2021)","Buddhist","","0","units","0","","56.13.1.2.2","0.1","","","","1"
"2021","Ontario","2021A000235","65 years and over","Total - Gender","% distribution (2021)","Christian","","0","units","0","","56.13.1.2.3","4.9","","","","1"
"2021","Ontario","2021A000235","65 years and over","Total - Gender","% distribution (2021)","Hindu","","0","units","0","","56.13.1.2.19","0.2","","","","1"
"2021","Ontario","2021A000235","65 years and over","Total - Gender","% distribution (2021)","Jewish","","0","units","0","","56.13.1.2.20","0.1","","","","1"
"2021","Ontario","2021A000235","65 years and over","Total - Gender","% distribution (2021)","Muslim","","0","units","0","","56.13.1.2.21","0.2","","","","1"
"2021","Ontario","2021A000235","65 years and over","Total - Gender","% distribution (2021)","Sikh","","0","units","0","","56.13.1.2.22","0.1","","","","1"
"2021","Ontario","2021A000235","65 years and over","Total - Gender","% distribution (2021)","Traditional (North American Indigenous) spirituality","","0","units","0","","56.13.1.2.23","0.0","","","","1"
"2021","Ontario","2021A000235","65 years and over","Total - Gender","% distribution (2021)","Other religions and spiritual traditions","","0","units","0","","56.13.1.2.24","0.0","","","","1"
"2021","Ontario","2021A000235","65 years and over","Total - Gender","% distribution (2021)","No religion and secular perspectives","","0","units","0","","56.13.1.2.25","1.3","","","","1"
"2021","Ontario","2021A000235","65 years and over","Men+","2021 Counts","Total - Religion","","0","units","0","","56.13.2.1.1","1158545","","","","0"
"2021","Ontario","2021A000235","65 years and over","Men+","2021 Counts","Buddhist","","0","units","0","","56.13.2.1.2","13230","","","","0"
"2021","Ontario","2021A000235","65 years and over","Men+","2021 Counts","Christian","","0","units","0","","56.13.2.1.3","780080","","","","0"
"2021","Ontario","2021A000235","65 years and over","Men+","2021 Counts","Hindu","","0","units","0","","56.13.2.1.19","27380","","","","0"
"2021","Ontario","2021A000235","65 years and over","Men+","2021 Counts","Jewish","","0","units","0","","56.13.2.1.20","23475","","","","0"
"2021","Ontario","2021A000235","65 years and over","Men+","2021 Counts","Muslim","","0","units","0","","56.13.2.1.21","36560","","","","0"
"2021","Ontario","2021A000235","65 years and over","Men+","2021 Counts","Sikh","","0","units","0","","56.13.2.1.22","16425","","","","0"
"2021","Ontario","2021A000235","65 years and over","Men+","2021 Counts","Traditional (North American Indigenous) spirituality","","0","units","0","","56.13.2.1.23","540","","","","0"
"2021","Ontario","2021A000235","65 years and over","Men+","2021 Counts","Other religions and spiritual traditions","","0","units","0","","56.13.2.1.24","5295","","","","0"
"2021","Ontario","2021A000235","65 years and over","Men+","2021 Counts","No religion and secular perspectives","","0","units","0","","56.13.2.1.25","255555","","","","0"
"2021","Ontario","2021A000235","65 years and over","Men+","% distribution (2021)","Total - Religion","","0","units","0","","56.13.2.2.1","3.2","","","","1"
"2021","Ontario","2021A000235","65 years and over","Men+","% distribution (2021)","Buddhist","","0","units","0","","56.13.2.2.2","0.0","","","","1"
"2021","Ontario","2021A000235","65 years and over","Men+","% distribution (2021)","Christian","","0","units","0","","56.13.2.2.3","2.1","","","","1"
"2021","Ontario","2021A000235","65 years and over","Men+","% distribution (2021)","Hindu","","0","units","0","","56.13.2.2.19","0.1","","","","1"
"2021","Ontario","2021A000235","65 years and over","Men+","% distribution (2021)","Jewish","","0","units","0","","56.13.2.2.20","0.1","","","","1"
"2021","Ontario","2021A000235","65 years and over","Men+","% distribution (2021)","Muslim","","0","units","0","","56.13.2.2.21","0.1","","","","1"
"2021","Ontario","2021A000235","65 years and over","Men+","% distribution (2021)","Sikh","","0","units","0","","56.13.2.2.22","0.0","","","","1"
"2021","Ontario","2021A000235","65 years and over","Men+","% distribution (2021)","Traditional (North American Indigenous) spirituality","","0","units","0","","56.13.2.2.23","0.0","","","","1"
"2021","Ontario","2021A000235","65 years and over","Men+","% distribution (2021)","Other religions and spiritual traditions","","0","units","0","","56.13.2.2.24","0.0","","","","1"
"2021","Ontario","2021A000235","65 years and over","Men+","% distribution (2021)","No religion and secular perspectives","","0","units","0","","56.13.2.2.25","0.7","","","","1"
"2021","Ontario","2021A000235","65 years and over","Women+","2021 Counts","Total - Religion","","0","units","0","","56.13.3.1.1","1351730","","","","0"
"2021","Ontario","2021A000235","65 years and over","Women+","2021 Counts","Buddhist","","0","units","0","","56.13.3.1.2","17840","","","","0"
"2021","Ontario","2021A000235","65 years and over","Women+","2021 Counts","Christian","","0","units","0","","56.13.3.1.3","1004775","","","","0"
"2021","Ontario","2021A000235","65 years and over","Women+","2021 Counts","Hindu","","0","units","0","","56.13.3.1.19","29140","","","","0"
"2021","Ontario","2021A000235","65 years and over","Women+","2021 Counts","Jewish","","0","units","0","","56.13.3.1.20","26765","","","","0"
"2021","Ontario","2021A000235","65 years and over","Women+","2021 Counts","Muslim","","0","units","0","","56.13.3.1.21","33530","","","","0"
"2021","Ontario","2021A000235","65 years and over","Women+","2021 Counts","Sikh","","0","units","0","","56.13.3.1.22","17165","","","","0"
"2021","Ontario","2021A000235","65 years and over","Women+","2021 Counts","Traditional (North American Indigenous) spirituality","","0","units","0","","56.13.3.1.23","695","","","","0"
"2021","Ontario","2021A000235","65 years and over","Women+","2021 Counts","Other religions and spiritual traditions","","0","units","0","","56.13.3.1.24","7065","","","","0"
"2021","Ontario","2021A000235","65 years and over","Women+","2021 Counts","No religion and secular perspectives","","0","units","0","","56.13.3.1.25","214755","","","","0"
"2021","Ontario","2021A000235","65 years and over","Women+","% distribution (2021)","Total - Religion","","0","units","0","","56.13.3.2.1","3.7","","","","1"
"2021","Ontario","2021A000235","65 years and over","Women+","% distribution (2021)","Buddhist","","0","units","0","","56.13.3.2.2","0.0","","","","1"
"2021","Ontario","2021A000235","65 years and over","Women+","% distribution (2021)","Christian","","0","units","0","","56.13.3.2.3","2.8","","","","1"
"2021","Ontario","2021A000235","65 years and over","Women+","% distribution (2021)","Hindu","","0","units","0","","56.13.3.2.19","0.1","","","","1"
"2021","Ontario","2021A000235","65 years and over","Women+","% distribution (2021)","Jewish","","0","units","0","","56.13.3.2.20","0.1","","","","1"
"2021","Ontario","2021A000235","65 years and over","Women+","% distribution (2021)","Muslim","","0","units","0","","56.13.3.2.21","0.1","","","","1"
"2021","Ontario","2021A000235","65 years and over","Women+","% distribution (2021)","Sikh","","0","units","0","","56.13.3.2.22","0.0","","","","1"
"2021","Ontario","2021A000235","65 years and over","Women+","% distribution (2021)","Traditional (North American Indigenous) spirituality","","0","units","0","","56.13.3.2.23","0.0","","","","1"
"2021","Ontario","2021A000235","65 years and over","Women+","% distribution (2021)","Other religions and spiritual traditions","","0","units","0","","56.13.3.2.24","0.0","","","","1"
"2021","Ontario","2021A000235","65 years and over","Women+","% distribution (2021)","No religion and secular perspectives","","0","units","0","","56.13.3.2.25","0.6","","","","1"
"2021","Manitoba","2021A000246","Total - Age","Total - Gender","2021 Counts","Total - Religion","","0","units","0","","104.1.1.1.1","1307190","","","","0"
"2021","Manitoba","2021A000246","Total - Age","Total - Gender","2021 Counts","Buddhist","","0","units","0","","104.1.1.1.2","7440","","","","0"
"2021","Manitoba","2021A000246","Total - Age","Total - Gender","2021 Counts","Christian","","0","units","0","","104.1.1.1.3","708850","","","","0"
"2021","Manitoba","2021A000246","Total - Age","Total - Gender","2021 Counts","Hindu","","0","units","0","","104.1.1.1.19","18355","","","","0"
"2021","Manitoba","2021A000246","Total - Age","Total - Gender","2021 Counts","Jewish","","0","units","0","","104.1.1.1.20","11565","","","","0"
"2021","Manitoba","2021A000246","Total - Age","Total - Gender","2021 Counts","Muslim","","0","units","0","","104.1.1.1.21","26430","","","","0"
"2021","Manitoba","2021A000246","Total - Age","Total - Gender","2021 Counts","Sikh","","0","units","0","","104.1.1.1.22","35470","","","","0"
"2021","Manitoba","2021A000246","Total - Age","Total - Gender","2021 Counts","Traditional (North American Indigenous) spirituality","","0","units","0","","104.1.1.1.23","10185","","","","0"
"2021","Manitoba","2021A000246","Total - Age","Total - Gender","2021 Counts","Other religions and spiritual traditions","","0","units","0","","104.1.1.1.24","8575","","","","0"
"2021","Manitoba","2021A000246","Total - Age","Total - Gender","2021 Counts","No religion and secular perspectives","","0","units","0","","104.1.1.1.25","480320","","","","0"
"2021","Manitoba","2021A000246","Total - Age","Total - Gender","% distribution (2021)","Total - Religion","","0","units","0","","104.1.1.2.1","3.6","","","","1"
"2021","Manitoba","2021A000246","Total - Age","Total - Gender","% distribution (2021)","Buddhist","","0","units","0","","104.1.1.2.2","0.0","","","","1"
"2021","Manitoba","2021A000246","Total - Age","Total - Gender","% distribution (2021)","Christian","","0","units","0","","104.1.1.2.3","2.0","","","","1"
"2021","Manitoba","2021A000246","Total - Age","Total - Gender","% distribution (2021)","Hindu","","0","units","0","","104.1.1.2.19","0.1","","","","1"
"2021","Manitoba","2021A000246","Total - Age","Total - Gender","% distribution (2021)","Jewish","","0","units","0","","104.1.1.2.20","0.0","","","","1"
"2021","Manitoba","2021A000246","Total - Age","Total - Gender","% distribution (2021)","Muslim","","0","units","0","","104.1.1.2.21","0.1","","","","1"
"2021","Manitoba","2021A000246","Total - Age","Total - Gender","% distribution (2021)","Sikh","","0","units","0","","104.1.1.2.22","0.1","","","","1"
"2021","Manitoba","2021A000246","Total - Age","Total - Gender","% distribution (2021)","Traditional (North American Indigenous) spirituality","","0","units","0","","104.1.1.2.23","0.0","","","","1"
"2021","Manitoba","2021A000246","Total - Age","Total - Gender","% distribution (2021)","Other religions and spiritual traditions","","0","units","0","","104.1.1.2.24","0.0","","","","1"
"2021","Manitoba","2021A000246","Total - Age","Total - Gender","% distribution (2021)","No religion and secular perspectives","","0","units","0","","104.1.1.2.25","1.3","","","","1"
"2021","Manitoba","2021A000246","Total - Age","Men+","2021 Counts","Total - Religion","","0","units","0","","104.1.2.1.1","650230","","","","0"
"2021","Manitoba","2021A000246","Total - Age","Men+","2021 Counts","Buddhist","","0","units","0","","104.1.2.1.2","3365","","","","0"
"2021","Manitoba","2021A000246","Total - Age","Men+","2021 Counts","Christian","","0","units","0","","104.1.2.1.3","335485","","","","0"
"2021","Manitoba","2021A000246","Total - Age","Men+","2021 Counts","Hindu","","0","units","0","","104.1.2.1.19","10005","","","","0"
"2021","Manitoba","2021A000246","Total - Age","Men+","2021 Counts","Jewish","","0","units","0","","104.1.2.1.20","5690","","","","0"
"2021","Manitoba","2021A000246","Total - Age","Men+","2021 Counts","Muslim","","0","units","0","","104.1.2.1.21","13960","","","","0"
"2021","Manitoba","2021A000246","Total - Age","Men+","2021 Counts","Sikh","","0","units","0","","104.1.2.1.22","18630","","","","0"
"2021","Manitoba","2021A000246","Total - Age","Men+","2021 Counts","Traditional (North American Indigenous) spirituality","","0","units","0","","104.1.2.1.23","4735","","","","0"
"2021","Manitoba","2021A000246","Total - Age","Men+","2021 Counts","Other religions and spiritual traditions","","0","units","0","","104.1.2.1.24","3665","","","","0"
"2021","Manitoba","2021A000246","Total - Age","Men+","2021 Counts","No religion and secular perspectives","","0","units","0","","104.1.2.1.25","254700","","","","0"
"2021","Manitoba","2021A000246","Total - Age","Men+","% distribution (2021)","Total - Religion","","0","units","0","","104.1.2.2.1","1.8","","","","1"
"2021","Manitoba","2021A000246","Total - Age","Men+","% distribution (2021)","Buddhist","","0","units","0","","104.1.2.2.2","0.0","","","","1"
"2021","Manitoba","2021A000246","Total - Age","Men+","% distribution (2021)","Christian","","0","units","0","","104.1.2.2.3","0.9","","","","1"
"2021","Manitoba","2021A000246","Total - Age","Men+","% distribution (2021)","Hindu","","0","units","0","","104.1.2.2.19","0.0","","","","1"
"2021","Manitoba","2021A000246","Total - Age","Men+","% distribution (2021)","Jewish","","0","units","0","","104.1.2.2.20","0.0","","","","1"
"2021","Manitoba","2021A000246","Total - Age","Men+","% distribution (2021)","Muslim","","0","units","0","","104.1.2.2.21","0.0","","","","1"
"2021","Manitoba","2021A000246","Total - Age","Men+","% distribution (2021)","Sikh","","0","units","0","","104.1.2.2.22","0.1","","","","1"
"2021","Manitoba","2021A000246","Total - Age","Men+","% distribution (2021)","Traditional (North American Indigenous) spirituality","","0","units","0","","104.1.2.2.23","0.0","","","","1"
"2021","Manitoba","2021A000246","Total - Age","Men+","% distribution (2021)","Other religions and spiritual traditions","","0","units","0","","104.1.2.2.24","0.0","","","","1"
"2021","Manitoba","2021A000246","Total - Age","Men+","% distribution (2021)","No religion and secular perspectives","","0","units","0","","104.1.2.2.25","0.7","","","","1"
"2021","Manitoba","2021A000246","Total - Age","Women+","2021 Counts","Total - Religion","","0","units","0","","104.1.3.1.1","656950","","","","0"
"2021","Manitoba","2021A000246","Total - Age","Women+","2021 Counts","Buddhist","","0","units","0","","104.1.3.1.2","4075","","","","0"
"2021","Manitoba","2021A000246","Total - Age","Women+","2021 Counts","Christian","","0","units","0","","104.1.3.1.3","373360","","","","0"
"2021","Manitoba","2021A000246","Total - Age","Women+","2021 Counts","Hindu","","0","units","0","","104.1.3.1.19","8345","","","","0"
"2021","Manitoba","2021A000246","Total - Age","Women+","2021 Counts","Jewish","","0","units","0","","104.1.3.1.20","5875","","","","0"
"2021","Manitoba","2021A000246","Total - Age","Women+","2021 Counts","Muslim","","0","units","0","","104.1.3.1.21","12470","","","","0"
"2021","Manitoba","2021A000246","Total - Age","Women+","2021 Counts","Sikh","","0","units","0","","104.1.3.1.22","16845","","","","0"
"2021","Manitoba","2021A000246","Total - Age","Women+","2021 Counts","Traditional (North American Indigenous) spirituality","","0","units","0","","104.1.3.1.23","5450","","","","0"
"2021","Manitoba","2021A000246","Total - Age","Women+","2021 Counts","Other religions and spiritual traditions","","0","units","0","","104.1.3.1.24","4910","","","","0"
"2021","Manitoba","2021A000246","Total - Age","Women+","2021 Counts","No religion and secular perspectives","","0","units","0","","104.1.3.1.25","225615","","","","0"
"2021","Manitoba","2021A000246","Total - Age","Women+","% distribution (2021)","Total - Religion","","0","units","0","","104.1.3.2.1","1.8","","","","1"
"2021","Manitoba","2021A000246","Total - Age","Women+","% distribution (2021)","Buddhist","","0","units","0","","104.1.3.2.2","0.0","","","","1"
"2021","Manitoba","2021A000246","Total - Age","Women+","% distribution (2021)","Christian","","0","units","0","","104.1.3.2.3","1.0","","","","1"
"2021","Manitoba","2021A000246","Total - Age","Women+","% distribution (2021)","Hindu","","0","units","0","","104.1.3.2.19","0.0","","","","1"
"2021","Manitoba","2021A000246","Total - Age","Women+","% distribution (2021)","Jewish","","0","units","0","","104.1.3.2.20","0.0","","","","1"
"2021","Manitoba","2021A000246","Total - Age","Women+","% distribution (2021)","Muslim","","0","units","0","","104.1.3.2.21","0.0","","","","1"
"2021","Manitoba","2021A000246","Total - Age","Women+","% distribution (2021)","Sikh","","0","units","0","","104.1.3.2.22","0.0","","","","1"
"2021","Manitoba","2021A000246","Total - Age","Women+","% distribution (2021)","Traditional (North American Indigenous) spirituality","","0","units","0","","104.1.3.2.23","0.0","","","","1"
"2021","Manitoba","2021A000246","Total - Age","Women+","% distribution (2021)","Other religions and spiritual traditions","","0","units","0","","104.1.3.2.24","0.0","","","","1"
"2021","Manitoba","2021A000246","Total - Age","Women+","% distribution (2021)","No religion and secular perspectives","","0","units","0","","104.1.3.2.25","0.6","","","","1"
"2021","Manitoba","2021A000246","0 to 14 years","Total - Gender","2021 Counts","Total - Religion","","0","units","0","","104.2.1.1.1","248775","","","","0"
"2021","Manitoba","2021A000246","0 to 14 years","Total - Gender","2021 Counts","Buddhist","","0","units","0","","104.2.1.1.2","815","","","","0"
"2021","Manitoba","2021A000246","0 to 14 years","Total - Gender","2021 Counts","Christian","","0","units","0","","104.2.1.1.3","116845","","","","0"
"2021","Manitoba","2021A000246","0 to 14 years","Total - Gender","2021 Counts","Hindu","","0","units","0","","104.2.1.1.19","3175","","","","0"
"2021","Manitoba","2021A000246","0 to 14 years","Total - Gender","2021 Counts","Jewish","","0","units","0","","104.2.1.1.20","1745","","","","0"
"2021","Manitoba","2021A000246","0 to 14 years","Total - Gender","2021 Counts","Muslim","","0","units","0","","104.2.1.1.21","7660","","","","0"
"2021","Manitoba","2021A000246","0 to 14 years","Total - Gender","2021 Counts","Sikh","","0","units","0","","104.2.1.1.22","6515","","","","0"
"2021","Manitoba","2021A000246","0 to 14 years","Total - Gender","2021 Counts","Traditional (North American Indigenous) spirituality","","0","units","0","","104.2.1.1.23","3300","","","","0"
"2021","Manitoba","2021A000246","0 to 14 years","Total - Gender","2021 Counts","Other religions and spiritual traditions","","0","units","0","","104.2.1.1.24","1320","","","","0"
"2021","Manitoba","2021A000246","0 to 14 years","Total - Gender","2021 Counts","No religion and secular perspectives","","0","units","0","","104.2.1.1.25","107405","","","","0"
"2021","Manitoba","2021A000246","0 to 14 years","Total - Gender","% distribution (2021)","Total - Religion","","0","units","0","","104.2.1.2.1","0.7","","","","1"
"2021","Manitoba","2021A000246","0 to 14 years","Total - Gender","% distribution (2021)","Buddhist","","0","units","0","","104.2.1.2.2","0.0","","","","1"
"2021","Manitoba","2021A000246","0 to 14 years","Total - Gender","% distribution (2021)","Christian","","0","units","0","","104.2.1.2.3","0.3","","","","1"
"2021","Manitoba","2021A000246","0 to 14 years","Total - Gender","% distribution (2021)","Hindu","","0","units","0","","104.2.1.2.19","0.0","","","","1"
"2021","Manitoba","2021A000246","0 to 14 years","Total - Gender","% distribution (2021)","Jewish","","0","units","0","","104.2.1.2.20","0.0","","","","1"
"2021","Manitoba","2021A000246","0 to 14 years","Total - Gender","% distribution (2021)","Muslim","","0","units","0","","104.2.1.2.21","0.0","","","","1"
"2021","Manitoba","2021A000246","0 to 14 years","Total - Gender","% distribution (2021)","Sikh","","0","units","0","","104.2.1.2.22","0.0","","","","1"
"2021","Manitoba","2021A000246","0 to 14 years","Total - Gender","% distribution (2021)","Traditional (North American Indigenous) spirituality","","0","units","0","","104.2.1.2.23","0.0","","","","1"
"2021","Manitoba","2021A000246","0 to 14 years","Total - Gender","% distribution (2021)","Other religions and spiritual traditions","","0","units","0","","104.2.1.2.24","0.0","","","","1"
"2021","Manitoba","2021A000246","0 to 14 years","Total - Gender","% distribution (2021)","No religion and secular perspectives","","0","units","0","","104.2.1.2.25","0.3","","","","1"
"2021","Manitoba","2021A000246","0 to 14 years","Men+","2021 Counts","Total - Religion","","0","units","0","","104.2.2.1.1","127725","","","","0"
"2021","Manitoba","2021A000246","0 to 14 years","Men+","2021 Counts","Buddhist","","0","units","0","","104.2.2.1.2","390","","","","0"
"2021","Manitoba","2021A000246","0 to 14 years","Men+","2021 Counts","Christian","","0","units","0","","104.2.2.1.3","59360","","","","0"
"2021","Manitoba","2021A000246","0 to 14 years","Men+","2021 Counts","Hindu","","0","units","0","","104.2.2.1.19","1635","","","","0"
"2021","Manitoba","2021A000246","0 to 14 years","Men+","2021 Counts","Jewish","","0","units","0","","104.2.2.1.20","865","","","","0"
"2021","Manitoba","2021A000246","0 to 14 years","Men+","2021 Counts","Muslim","","0","units","0","","104.2.2.1.21","4005","","","","0"
"2021","Manitoba","2021A000246","0 to 14 years","Men+","2021 Counts","Sikh","","0","units","0","","104.2.2.1.22","3320","","","","0"
"2021","Manitoba","2021A000246","0 to 14 years","Men+","2021 Counts","Traditional (North American Indigenous) spirituality","","0","units","0","","104.2.2.1.23","1650","","","","0"
"2021","Manitoba","2021A000246","0 to 14 years","Men+","2021 Counts","Other religions and spiritual traditions","","0","units","0","","104.2.2.1.24","690","","","","0"
"2021","Manitoba","2021A000246","0 to 14 years","Men+","2021 Counts","No religion and secular perspectives","","0","units","0","","104.2.2.1.25","55805","","","","0"
"2021","Manitoba","2021A000246","0 to 14 years","Men+","% distribution (2021)","Total - Religion","","0","units","0","","104.2.2.2.1","0.4","","","","1"
"2021","Manitoba","2021A000246","0 to 14 years","Men+","% distribution (2021)","Buddhist","","0","units","0","","104.2.2.2.2","0.0","","","","1"
"2021","Manitoba","2021A000246","0 to 14 years","Men+","% distribution (2021)","Christian","","0","units","0","","104.2.2.2.3","0.2","","","","1"
"2021","Manitoba","2021A000246","0 to 14 years","Men+","% distribution (2021)","Hindu","","0","units","0","","104.2.2.2.19","0.0","","","","1"
"2021","Manitoba","2021A000246","0 to 14 years","Men+","% distribution (2021)","Jewish","","0","units","0","","104.2.2.2.20","0.0","","","","1"
"2021","Manitoba","2021A000246","0 to 14 years","Men+","% distribution (2021)","Muslim","","0","units","0","","104.2.2.2.21","0.0","","","","1"
"2021","Manitoba","2021A000246","0 to 14 years","Men+","% distribution (2021)","Sikh","","0","units","0","","104.2.2.2.22","0.0","","","","1"
"2021","Manitoba","2021A000246","0 to 14 years","Men+","% distribution (2021)","Traditional (North American Indigenous) spirituality","","0","units","0","","104.2.2.2.23","0.0","","","","1"
"2021","Manitoba","2021A000246","0 to 14 years","Men+","% distribution (2021)","Other religions and spiritual traditions","","0","units","0","","104.2.2.2.24","0.0","","","","1"
"2021","Manitoba","2021A000246","0 to 14 years","Men+","% distribution (2021)","No religion and secular perspectives","","0","units","0","","104.2.2.2.25","0.2","","","","1"
"2021","Manitoba","2021A000246","0 to 14 years","Women+","2021 Counts","Total - Religion","","0","units","0","","104.2.3.1.1","121045","","","","0"
"2021","Manitoba","2021A000246","0 to 14 years","Women+","2021 Counts","Buddhist","","0","units","0","","104.2.3.1.2","420","","","","0"
"2021","Manitoba","2021A000246","0 to 14 years","Women+","2021 Counts","Christian","","0","units","0","","104.2.3.1.3","57490","","","","0"
"2021","Manitoba","2021A000246","0 to 14 years","Women+","2021 Counts","Hindu","","0","units","0","","104.2.3.1.19","1535","","","","0"
"2021","Manitoba","2021A000246","0 to 14 years","Women+","2021 Counts","Jewish","","0","units","0","","104.2.3.1.20","885","","","","0"
"2021","Manitoba","2021A000246","0 to 14 years","Women+","2021 Counts","Muslim","","0","units","0","","104.2.3.1.21","3655","","","","0"
"2021","Manitoba","2021A000246","0 to 14 years","Women+","2021 Counts","Sikh","","0","units","0","","104.2.3.1.22","3190","","","","0"
"2021","Manitoba","2021A000246","0 to 14 years","Women+","2021 Counts","Traditional (North American Indigenous) spirituality","","0","units","0","","104.2.3.1.23","1645","","","","0"
"2021","Manitoba","2021A000246","0 to 14 years","Women+","2021 Counts","Other religions and spiritual traditions","","0","units","0","","104.2.3.1.24","625","","","","0"
"2021","Manitoba","2021A000246","0 to 14 years","Women+","2021 Counts","No religion and secular perspectives","","0","units","0","","104.2.3.1.25","51600","","","","0"
"2021","Manitoba","2021A000246","0 to 14 years","Women+","% distribution (2021)","Total - Religion","","0","units","0","","104.2.3.2.1","0.3","","","","1"
"2021","Manitoba","2021A000246","0 to 14 years","Women+","% distribution (2021)","Buddhist","","0","units","0","","104.2.3.2.2","0.0","","","","1"
"2021","Manitoba","2021A000246","0 to 14 years","Women+","% distribution (2021)","Christian","","0","units","0","","104.2.3.2.3","0.2","","","","1"
"2021","Manitoba","2021A000246","0 to 14 years","Women+","% distribution (2021)","Hindu","","0","units","0","","104.2.3.2.19","0.0","","","","1"
"2021","Manitoba","2021A000246","0 to 14 years","Women+","% distribution (2021)","Jewish","","0","units","0","","104.2.3.2.20","0.0","","","","1"
"2021","Manitoba","2021A000246","0 to 14 years","Women+","% distribution (2021)","Muslim","","0","units","0","","104.2.3.2.21","0.0","","","","1"
"2021","Manitoba","2021A000246","0 to 14 years","Women+","% distribution (2021)","Sikh","","0","units","0","","104.2.3.2.22","0.0","","","","1"
"2021","Manitoba","2021A000246","0 to 14 years","Women+","% distribution (2021)","Traditional (North American Indigenous) spirituality","","0","units","0","","104.2.3.2.23","0.0","","","","1"
"2021","Manitoba","2021A000246","0 to 14 years","Women+","% distribution (2021)","Other religions and spiritual traditions","","0","units","0","","104.2.3.2.24","0.0","","","","1"
"2021","Manitoba","2021A000246","0 to 14 years","Women+","% distribution (2021)","No religion and secular perspectives","","0","units","0","","104.2.3.2.25","0.1","","","","1"
"2021","Manitoba","2021A000246","15 years and over","Total - Gender","2021 Counts","Total - Religion","","0","units","0","","104.3.1.1.1","1058415","","","","0"
"2021","Manitoba","2021A000246","15 years and over","Total - Gender","2021 Counts","Buddhist","","0","units","0","","104.3.1.1.2","6625","","","","0"
"2021","Manitoba","2021A000246","15 years and over","Total - Gender","2021 Counts","Christian","","0","units","0","","104.3.1.1.3","592005","","","","0"
"2021","Manitoba","2021A000246","15 years and over","Total - Gender","2021 Counts","Hindu","","0","units","0","","104.3.1.1.19","15180","","","","0"
"2021","Manitoba","2021A000246","15 years and over","Total - Gender","2021 Counts","Jewish","","0","units","0","","104.3.1.1.20","9820","","","","0"
"2021","Manitoba","2021A000246","15 years and over","Total - Gender","2021 Counts","Muslim","","0","units","0","","104.3.1.1.21","18765","","","","0"
"2021","Manitoba","2021A000246","15 years and over","Total - Gender","2021 Counts","Sikh","","0","units","0","","104.3.1.1.22","28965","","","","0"
"2021","Manitoba","2021A000246","15 years and over","Total - Gender","2021 Counts","Traditional (North American Indigenous) spirituality","","0","units","0","","104.3.1.1.23","6890","","","","0"
"2021","Manitoba","2021A000246","15 years and over","Total - Gender","2021 Counts","Other religions and spiritual traditions","","0","units","0","","104.3.1.1.24","7250","","","","0"
"2021","Manitoba","2021A000246","15 years and over","Total - Gender","2021 Counts","No religion and secular perspectives","","0","units","0","","104.3.1.1.25","372915","","","","0"
"2021","Manitoba","2021A000246","15 years and over","Total - Gender","% distribution (2021)","Total - Religion","","0","units","0","","104.3.1.2.1","2.9","","","","1"
"2021","Manitoba","2021A000246","15 years and over","Total - Gender","% distribution (2021)","Buddhist","","0","units","0","","104.3.1.2.2","0.0","","","","1"
"2021","Manitoba","2021A000246","15 years and over","Total - Gender","% distribution (2021)","Christian","","0","units","0","","104.3.1.2.3","1.6","","","","1"
"2021","Manitoba","2021A000246","15 years and over","Total - Gender","% distribution (2021)","Hindu","","0","units","0","","104.3.1.2.19","0.0","","","","1"
"2021","Manitoba","2021A000246","15 years and over","Total - Gender","% distribution (2021)","Jewish","","0","units","0","","104.3.1.2.20","0.0","","","","1"
"2021","Manitoba","2021A000246","15 years and over","Total - Gender","% distribution (2021)","Muslim","","0","units","0","","104.3.1.2.21","0.1","","","","1"
"2021","Manitoba","2021A000246","15 years and over","Total - Gender","% distribution (2021)","Sikh","","0","units","0","","104.3.1.2.22","0.1","","","","1"
"2021","Manitoba","2021A000246","15 years and over","Total - Gender","% distribution (2021)","Traditional (North American Indigenous) spirituality","","0","units","0","","104.3.1.2.23","0.0","","","","1"
"2021","Manitoba","2021A000246","15 years and over","Total - Gender","% distribution (2021)","Other religions and spiritual traditions","","0","units","0","","104.3.1.2.24","0.0","","","","1"
"2021","Manitoba","2021A000246","15 years and over","Total - Gender","% distribution (2021)","No religion and secular perspectives","","0","units","0","","104.3.1.2.25","1.0","","","","1"
"2021","Manitoba","2021A000246","15 years and over","Men+","2021 Counts","Total - Religion","","0","units","0","","104.3.2.1.1","522505","","","","0"
"2021","Manitoba","2021A000246","15 years and over","Men+","2021 Counts","Buddhist","","0","units","0","","104.3.2.1.2","2970","","","","0"
"2021","Manitoba","2021A000246","15 years and over","Men+","2021 Counts","Christian","","0","units","0","","104.3.2.1.3","276130","","","","0"
"2021","Manitoba","2021A000246","15 years and over","Men+","2021 Counts","Hindu","","0","units","0","","104.3.2.1.19","8370","","","","0"
"2021","Manitoba","2021A000246","15 years and over","Men+","2021 Counts","Jewish","","0","units","0","","104.3.2.1.20","4820","","","","0"
"2021","Manitoba","2021A000246","15 years and over","Men+","2021 Counts","Muslim","","0","units","0","","104.3.2.1.21","9955","","","","0"
"2021","Manitoba","2021A000246","15 years and over","Men+","2021 Counts","Sikh","","0","units","0","","104.3.2.1.22","15310","","","","0"
"2021","Manitoba","2021A000246","15 years and over","Men+","2021 Counts","Traditional (North American Indigenous) spirituality","","0","units","0","","104.3.2.1.23","3085","","","","0"
"2021","Manitoba","2021A000246","15 years and over","Men+","2021 Counts","Other religions and spiritual traditions","","0","units","0","","104.3.2.1.24","2970","","","","0"
"2021","Manitoba","2021A000246","15 years and over","Men+","2021 Counts","No religion and secular perspectives","","0","units","0","","104.3.2.1.25","198900","","","","0"
"2021","Manitoba","2021A000246","15 years and over","Men+","% distribution (2021)","Total - Religion","","0","units","0","","104.3.2.2.1","1.4","","","","1"
"2021","Manitoba","2021A000246","15 years and over","Men+","% distribution (2021)","Buddhist","","0","units","0","","104.3.2.2.2","0.0","","","","1"
"2021","Manitoba","2021A000246","15 years and over","Men+","% distribution (2021)","Christian","","0","units","0","","104.3.2.2.3","0.8","","","","1"
"2021","Manitoba","2021A000246","15 years and over","Men+","% distribution (2021)","Hindu","","0","units","0","","104.3.2.2.19","0.0","","","","1"
"2021","Manitoba","2021A000246","15 years and over","Men+","% distribution (2021)","Jewish","","0","units","0","","104.3.2.2.20","0.0","","","","1"
"2021","Manitoba","2021A000246","15 years and over","Men+","% distribution (2021)","Muslim","","0","units","0","","104.3.2.2.21","0.0","","","","1"
"2021","Manitoba","2021A000246","15 years and over","Men+","% distribution (2021)","Sikh","","0","units","0","","104.3.2.2.22","0.0","","","","1"
"2021","Manitoba","2021A000246","15 years and over","Men+","% distribution (2021)","Traditional (North American Indigenous) spirituality","","0","units","0","","104.3.2.2.23","0.0","","","","1"
"2021","Manitoba","2021A000246","15 years and over","Men+","% distribution (2021)","Other religions and spiritual traditions","","0","units","0","","104.3.2.2.24","0.0","","","","1"
"2021","Manitoba","2021A000246","15 years and over","Men+","% distribution (2021)","No religion and secular perspectives","","0","units","0","","104.3.2.2.25","0.5","","","","1"
"2021","Manitoba","2021A000246","15 years and over","Women+","2021 Counts","Total - Religion","","0","units","0","","104.3.3.1.1","535905","","","","0"
"2021","Manitoba","2021A000246","15 years and over","Women+","2021 Counts","Buddhist","","0","units","0","","104.3.3.1.2","3655","","","","0"
"2021","Manitoba","2021A000246","15 years and over","Women+","2021 Counts","Christian","","0","units","0","","104.3.3.1.3","315870","","","","0"
"2021","Manitoba","2021A000246","15 years and over","Women+","2021 Counts","Hindu","","0","units","0","","104.3.3.1.19","6810","","","","0"
"2021","Manitoba","2021A000246","15 years and over","Women+","2021 Counts","Jewish","","0","units","0","","104.3.3.1.20","4995","","","","0"
"2021","Manitoba","2021A000246","15 years and over","Women+","2021 Counts","Muslim","","0","units","0","","104.3.3.1.21","8815","","","","0"
"2021","Manitoba","2021A000246","15 years and over","Women+","2021 Counts","Sikh","","0","units","0","","104.3.3.1.22","13655","","","","0"
"2021","Manitoba","2021A000246","15 years and over","Women+","2021 Counts","Traditional (North American Indigenous) spirituality","","0","units","0","","104.3.3.1.23","3805","","","","0"
"2021","Manitoba","2021A000246","15 years and over","Women+","2021 Counts","Other religions and spiritual traditions","","0","units","0","","104.3.3.1.24","4280","","","","0"
"2021","Manitoba","2021A000246","15 years and over","Women+","2021 Counts","No religion and secular perspectives","","0","units","0","","104.3.3.1.25","174020","","","","0"
"2021","Manitoba","2021A000246","15 years and over","Women+","% distribution (2021)","Total - Religion","","0","units","0","","104.3.3.2.1","1.5","","","","1"
"2021","Manitoba","2021A000246","15 years and over","Women+","% distribution (2021)","Buddhist","","0","units","0","","104.3.3.2.2","0.0","","","","1"
"2021","Manitoba","2021A000246","15 years and over","Women+","% distribution (2021)","Christian","","0","units","0","","104.3.3.2.3","0.9","","","","1"
"2021","Manitoba","2021A000246","15 years and over","Women+","% distribution (2021)","Hindu","","0","units","0","","104.3.3.2.19","0.0","","","","1"
"2021","Manitoba","2021A000246","15 years and over","Women+","% distribution (2021)","Jewish","","0","units","0","","104.3.3.2.20","0.0","","","","1"
"2021","Manitoba","2021A000246","15 years and over","Women+","% distribution (2021)","Muslim","","0","units","0","","104.3.3.2.21","0.0","","","","1"
"2021","Manitoba","2021A000246","15 years and over","Women+","% distribution (2021)","Sikh","","0","units","0","","104.3.3.2.22","0.0","","","","1"
"2021","Manitoba","2021A000246","15 years and over","Women+","% distribution (2021)","Traditional (North American Indigenous) spirituality","","0","units","0","","104.3.3.2.23","0.0","","","","1"
"2021","Manitoba","2021A000246","15 years and over","Women+","% distribution (2021)","Other religions and spiritual traditions","","0","units","0","","104.3.3.2.24","0.0","","","","1"
"2021","Manitoba","2021A000246","15 years and over","Women+","% distribution (2021)","No religion and secular perspectives","","0","units","0","","104.3.3.2.25","0.5","","","","1"
"2021","Manitoba","2021A000246","15 to 24 years","Total - Gender","2021 Counts","Total - Religion","","0","units","0","","104.4.1.1.1","168995","","","","0"
"2021","Manitoba","2021A000246","15 to 24 years","Total - Gender","2021 Counts","Buddhist","","0","units","0","","104.4.1.1.2","830","","","","0"
"2021","Manitoba","2021A000246","15 to 24 years","Total - Gender","2021 Counts","Christian","","0","units","0","","104.4.1.1.3","79680","","","","0"
"2021","Manitoba","2021A000246","15 to 24 years","Total - Gender","2021 Counts","Hindu","","0","units","0","","104.4.1.1.19","3670","","","","0"
"2021","Manitoba","2021A000246","15 to 24 years","Total - Gender","2021 Counts","Jewish","","0","units","0","","104.4.1.1.20","1300","","","","0"
"2021","Manitoba","2021A000246","15 to 24 years","Total - Gender","2021 Counts","Muslim","","0","units","0","","104.4.1.1.21","4895","","","","0"
"2021","Manitoba","2021A000246","15 to 24 years","Total - Gender","2021 Counts","Sikh","","0","units","0","","104.4.1.1.22","9060","","","","0"
"2021","Manitoba","2021A000246","15 to 24 years","Total - Gender","2021 Counts","Traditional (North American Indigenous) spirituality","","0","units","0","","104.4.1.1.23","1700","","","","0"
"2021","Manitoba","2021A000246","15 to 24 years","Total - Gender","2021 Counts","Other religions and spiritual traditions","","0","units","0","","104.4.1.1.24","1155","","","","0"
"2021","Manitoba","2021A000246","15 to 24 years","Total - Gender","2021 Counts","No religion and secular perspectives","","0","units","0","","104.4.1.1.25","66700","","","","0"
"2021","Manitoba","2021A000246","15 to 24 years","Total - Gender","% distribution (2021)","Total - Religion","","0","units","0","","104.4.1.2.1","0.5","","","","1"
"2021","Manitoba","2021A000246","15 to 24 years","Total - Gender","% distribution (2021)","Buddhist","","0","units","0","","104.4.1.2.2","0.0","","","","1"
"2021","Manitoba","2021A000246","15 to 24 years","Total - Gender","% distribution (2021)","Christian","","0","units","0","","104.4.1.2.3","0.2","","","","1"
"2021","Manitoba","2021A000246","15 to 24 years","Total - Gender","% distribution (2021)","Hindu","","0","units","0","","104.4.1.2.19","0.0","","","","1"
"2021","Manitoba","2021A000246","15 to 24 years","Total - Gender","% distribution (2021)","Jewish","","0","units","0","","104.4.1.2.20","0.0","","","","1"
"2021","Manitoba","2021A000246","15 to 24 years","Total - Gender","% distribution (2021)","Muslim","","0","units","0","","104.4.1.2.21","0.0","","","","1"
"2021","Manitoba","2021A000246","15 to 24 years","Total - Gender","% distribution (2021)","Sikh","","0","units","0","","104.4.1.2.22","0.0","","","","1"
"2021","Manitoba","2021A000246","15 to 24 years","Total - Gender","% distribution (2021)","Traditional (North American Indigenous) spirituality","","0","units","0","","104.4.1.2.23","0.0","","","","1"
"2021","Manitoba","2021A000246","15 to 24 years","Total - Gender","% distribution (2021)","Other religions and spiritual traditions","","0","units","0","","104.4.1.2.24","0.0","","","","1"
"2021","Manitoba","2021A000246","15 to 24 years","Total - Gender","% distribution (2021)","No religion and secular perspectives","","0","units","0","","104.4.1.2.25","0.2","","","","1"
"2021","Manitoba","2021A000246","15 to 24 years","Men+","2021 Counts","Total - Religion","","0","units","0","","104.4.2.1.1","88305","","","","0"
"2021","Manitoba","2021A000246","15 to 24 years","Men+","2021 Counts","Buddhist","","0","units","0","","104.4.2.1.2","385","","","","0"
"2021","Manitoba","2021A000246","15 to 24 years","Men+","2021 Counts","Christian","","0","units","0","","104.4.2.1.3","40895","","","","0"
"2021","Manitoba","2021A000246","15 to 24 years","Men+","2021 Counts","Hindu","","0","units","0","","104.4.2.1.19","2250","","","","0"
"2021","Manitoba","2021A000246","15 to 24 years","Men+","2021 Counts","Jewish","","0","units","0","","104.4.2.1.20","705","","","","0"
"2021","Manitoba","2021A000246","15 to 24 years","Men+","2021 Counts","Muslim","","0","units","0","","104.4.2.1.21","2720","","","","0"
"2021","Manitoba","2021A000246","15 to 24 years","Men+","2021 Counts","Sikh","","0","units","0","","104.4.2.1.22","5065","","","","0"
"2021","Manitoba","2021A000246","15 to 24 years","Men+","2021 Counts","Traditional (North American Indigenous) spirituality","","0","units","0","","104.4.2.1.23","865","","","","0"
"2021","Manitoba","2021A000246","15 to 24 years","Men+","2021 Counts","Other religions and spiritual traditions","","0","units","0","","104.4.2.1.24","540","","","","0"
"2021","Manitoba","2021A000246","15 to 24 years","Men+","2021 Counts","No religion and secular perspectives","","0","units","0","","104.4.2.1.25","34880","","","","0"
"2021","Manitoba","2021A000246","15 to 24 years","Men+","% distribution (2021)","Total - Religion","","0","units","0","","104.4.2.2.1","0.2","","","","1"
"2021","Manitoba","2021A000246","15 to 24 years","Men+","% distribution (2021)","Buddhist","","0","units","0","","104.4.2.2.2","0.0","","","","1"
"2021","Manitoba","2021A000246","15 to 24 years","Men+","% distribution (2021)","Christian","","0","units","0","","104.4.2.2.3","0.1","","","","1"
"2021","Manitoba","2021A000246","15 to 24 years","Men+","% distribution (2021)","Hindu","","0","units","0","","104.4.2.2.19","0.0","","","","1"
"2021","Manitoba","2021A000246","15 to 24 years","Men+","% distribution (2021)","Jewish","","0","units","0","","104.4.2.2.20","0.0","","","","1"
"2021","Manitoba","2021A000246","15 to 24 years","Men+","% distribution (2021)","Muslim","","0","units","0","","104.4.2.2.21","0.0","","","","1"
"2021","Manitoba","2021A000246","15 to 24 years","Men+","% distribution (2021)","Sikh","","0","units","0","","104.4.2.2.22","0.0","","","","1"
"2021","Manitoba","2021A000246","15 to 24 years","Men+","% distribution (2021)","Traditional (North American Indigenous) spirituality","","0","units","0","","104.4.2.2.23","0.0","","","","1"
"2021","Manitoba","2021A000246","15 to 24 years","Men+","% distribution (2021)","Other religions and spiritual traditions","","0","units","0","","104.4.2.2.24","0.0","","","","1"
"2021","Manitoba","2021A000246","15 to 24 years","Men+","% distribution (2021)","No religion and secular perspectives","","0","units","0","","104.4.2.2.25","0.1","","","","1"
"2021","Manitoba","2021A000246","15 to 24 years","Women+","2021 Counts","Total - Religion","","0","units","0","","104.4.3.1.1","80695","","","","0"
"2021","Manitoba","2021A000246","15 to 24 years","Women+","2021 Counts","Buddhist","","0","units","0","","104.4.3.1.2","445","","","","0"
"2021","Manitoba","2021A000246","15 to 24 years","Women+","2021 Counts","Christian","","0","units","0","","104.4.3.1.3","38785","","","","0"
"2021","Manitoba","2021A000246","15 to 24 years","Women+","2021 Counts","Hindu","","0","units","0","","104.4.3.1.19","1425","","","","0"
"2021","Manitoba","2021A000246","15 to 24 years","Women+","2021 Counts","Jewish","","0","units","0","","104.4.3.1.20","595","","","","0"
"2021","Manitoba","2021A000246","15 to 24 years","Women+","2021 Counts","Muslim","","0","units","0","","104.4.3.1.21","2175","","","","0"
"2021","Manitoba","2021A000246","15 to 24 years","Women+","2021 Counts","Sikh","","0","units","0","","104.4.3.1.22","3990","","","","0"
"2021","Manitoba","2021A000246","15 to 24 years","Women+","2021 Counts","Traditional (North American Indigenous) spirituality","","0","units","0","","104.4.3.1.23","840","","","","0"
"2021","Manitoba","2021A000246","15 to 24 years","Women+","2021 Counts","Other religions and spiritual traditions","","0","units","0","","104.4.3.1.24","620","","","","0"
"2021","Manitoba","2021A000246","15 to 24 years","Women+","2021 Counts","No religion and secular perspectives","","0","units","0","","104.4.3.1.25","31825","","","","0"
"2021","Manitoba","2021A000246","15 to 24 years","Women+","% distribution (2021)","Total - Religion","","0","units","0","","104.4.3.2.1","0.2","","","","1"
"2021","Manitoba","2021A000246","15 to 24 years","Women+","% distribution (2021)","Buddhist","","0","units","0","","104.4.3.2.2","0.0","","","","1"
"2021","Manitoba","2021A000246","15 to 24 years","Women+","% distribution (2021)","Christian","","0","units","0","","104.4.3.2.3","0.1","","","","1"
"2021","Manitoba","2021A000246","15 to 24 years","Women+","% distribution (2021)","Hindu","","0","units","0","","104.4.3.2.19","0.0","","","","1"
"2021","Manitoba","2021A000246","15 to 24 years","Women+","% distribution (2021)","Jewish","","0","units","0","","104.4.3.2.20","0.0","","","","1"
"2021","Manitoba","2021A000246","15 to 24 years","Women+","% distribution (2021)","Muslim","","0","units","0","","104.4.3.2.21","0.0","","","","1"
"2021","Manitoba","2021A000246","15 to 24 years","Women+","% distribution (2021)","Sikh","","0","units","0","","104.4.3.2.22","0.0","","","","1"
"2021","Manitoba","2021A000246","15 to 24 years","Women+","% distribution (2021)","Traditional (North American Indigenous) spirituality","","0","units","0","","104.4.3.2.23","0.0","","","","1"
"2021","Manitoba","2021A000246","15 to 24 years","Women+","% distribution (2021)","Other religions and spiritual traditions","","0","units","0","","104.4.3.2.24","0.0","","","","1"
"2021","Manitoba","2021A000246","15 to 24 years","Women+","% distribution (2021)","No religion and secular perspectives","","0","units","0","","104.4.3.2.25","0.1","","","","1"
"2021","Manitoba","2021A000246","25 to 64 years","Total - Gender","2021 Counts","Total - Religion","","0","units","0","","104.7.1.1.1","675695","","","","0"
"2021","Manitoba","2021A000246","25 to 64 years","Total - Gender","2021 Counts","Buddhist","","0","units","0","","104.7.1.1.2","4625","","","","0"
"2021","Manitoba","2021A000246","25 to 64 years","Total - Gender","2021 Counts","Christian","","0","units","0","","104.7.1.1.3","351610","","","","0"
"2021","Manitoba","2021A000246","25 to 64 years","Total - Gender","2021 Counts","Hindu","","0","units","0","","104.7.1.1.19","10375","","","","0"
"2021","Manitoba","2021A000246","25 to 64 years","Total - Gender","2021 Counts","Jewish","","0","units","0","","104.7.1.1.20","5375","","","","0"
"2021","Manitoba","2021A000246","25 to 64 years","Total - Gender","2021 Counts","Muslim","","0","units","0","","104.7.1.1.21","12965","","","","0"
"2021","Manitoba","2021A000246","25 to 64 years","Total - Gender","2021 Counts","Sikh","","0","units","0","","104.7.1.1.22","18370","","","","0"
"2021","Manitoba","2021A000246","25 to 64 years","Total - Gender","2021 Counts","Traditional (North American Indigenous) spirituality","","0","units","0","","104.7.1.1.23","4670","","","","0"
"2021","Manitoba","2021A000246","25 to 64 years","Total - Gender","2021 Counts","Other religions and spiritual traditions","","0","units","0","","104.7.1.1.24","5325","","","","0"
"2021","Manitoba","2021A000246","25 to 64 years","Total - Gender","2021 Counts","No religion and secular perspectives","","0","units","0","","104.7.1.1.25","262385","","","","0"
"2021","Manitoba","2021A000246","25 to 64 years","Total - Gender","% distribution (2021)","Total - Religion","","0","units","0","","104.7.1.2.1","1.9","","","","1"
"2021","Manitoba","2021A000246","25 to 64 years","Total - Gender","% distribution (2021)","Buddhist","","0","units","0","","104.7.1.2.2","0.0","","","","1"
"2021","Manitoba","2021A000246","25 to 64 years","Total - Gender","% distribution (2021)","Christian","","0","units","0","","104.7.1.2.3","1.0","","","","1"
"2021","Manitoba","2021A000246","25 to 64 years","Total - Gender","% distribution (2021)","Hindu","","0","units","0","","104.7.1.2.19","0.0","","","","1"
"2021","Manitoba","2021A000246","25 to 64 years","Total - Gender","% distribution (2021)","Jewish","","0","units","0","","104.7.1.2.20","0.0","","","","1"
"2021","Manitoba","2021A000246","25 to 64 years","Total - Gender","% distribution (2021)","Muslim","","0","units","0","","104.7.1.2.21","0.0","","","","1"
"2021","Manitoba","2021A000246","25 to 64 years","Total - Gender","% distribution (2021)","Sikh","","0","units","0","","104.7.1.2.22","0.1","","","","1"
"2021","Manitoba","2021A000246","25 to 64 years","Total - Gender","% distribution (2021)","Traditional (North American Indigenous) spirituality","","0","units","0","","104.7.1.2.23","0.0","","","","1"
"2021","Manitoba","2021A000246","25 to 64 years","Total - Gender","% distribution (2021)","Other religions and spiritual traditions","","0","units","0","","104.7.1.2.24","0.0","","","","1"
"2021","Manitoba","2021A000246","25 to 64 years","Total - Gender","% distribution (2021)","No religion and secular perspectives","","0","units","0","","104.7.1.2.25","0.7","","","","1"
"2021","Manitoba","2021A000246","25 to 64 years","Men+","2021 Counts","Total - Religion","","0","units","0","","104.7.2.1.1","335160","","","","0"
"2021","Manitoba","2021A000246","25 to 64 years","Men+","2021 Counts","Buddhist","","0","units","0","","104.7.2.1.2","2025","","","","0"
"2021","Manitoba","2021A000246","25 to 64 years","Men+","2021 Counts","Christian","","0","units","0","","104.7.2.1.3","164945","","","","0"
"2021","Manitoba","2021A000246","25 to 64 years","Men+","2021 Counts","Hindu","","0","units","0","","104.7.2.1.19","5490","","","","0"
"2021","Manitoba","2021A000246","25 to 64 years","Men+","2021 Counts","Jewish","","0","units","0","","104.7.2.1.20","2615","","","","0"
"2021","Manitoba","2021A000246","25 to 64 years","Men+","2021 Counts","Muslim","","0","units","0","","104.7.2.1.21","6715","","","","0"
"2021","Manitoba","2021A000246","25 to 64 years","Men+","2021 Counts","Sikh","","0","units","0","","104.7.2.1.22","9545","","","","0"
"2021","Manitoba","2021A000246","25 to 64 years","Men+","2021 Counts","Traditional (North American Indigenous) spirituality","","0","units","0","","104.7.2.1.23","1975","","","","0"
"2021","Manitoba","2021A000246","25 to 64 years","Men+","2021 Counts","Other religions and spiritual traditions","","0","units","0","","104.7.2.1.24","2105","","","","0"
"2021","Manitoba","2021A000246","25 to 64 years","Men+","2021 Counts","No religion and secular perspectives","","0","units","0","","104.7.2.1.25","139740","","","","0"
"2021","Manitoba","2021A000246","25 to 64 years","Men+","% distribution (2021)","Total - Religion","","0","units","0","","104.7.2.2.1","0.9","","","","1"
"2021","Manitoba","2021A000246","25 to 64 years","Men+","% distribution (2021)","Buddhist","","0","units","0","","104.7.2.2.2","0.0","","","","1"
"2021","Manitoba","2021A000246","25 to 64 years","Men+","% distribution (2021)","Christian","","0","units","0","","104.7.2.2.3","0.5","","","","1"
"2021","Manitoba","2021A000246","25 to 64 years","Men+","% distribution (2021)","Hindu","","0","units","0","","104.7.2.2.19","0.0","","","","1"
"2021","Manitoba","2021A000246","25 to 64 years","Men+","% distribution (2021)","Jewish","","0","units","0","","104.7.2.2.20","0.0","","","","1"
"2021","Manitoba","2021A000246","25 to 64 years","Men+","% distribution (2021)","Muslim","","0","units","0","","104.7.2.2.21","0.0","","","","1"
"2021","Manitoba","2021A000246","25 to 64 years","Men+","% distribution (2021)","Sikh","","0","units","0","","104.7.2.2.22","0.0","","","","1"
"2021","Manitoba","2021A000246","25 to 64 years","Men+","% distribution (2021)","Traditional (North American Indigenous) spirituality","","0","units","0","","104.7.2.2.23","0.0","","","","1"
"2021","Manitoba","2021A000246","25 to 64 years","Men+","% distribution (2021)","Other religions and spiritual traditions","","0","units","0","","104.7.2.2.24","0.0","","","","1"
"2021","Manitoba","2021A000246","25 to 64 years","Men+","% distribution (2021)","No religion and secular perspectives","","0","units","0","","104.7.2.2.25","0.4","","","","1"
"2021","Manitoba","2021A000246","25 to 64 years","Women+","2021 Counts","Total - Religion","","0","units","0","","104.7.3.1.1","340535","","","","0"
"2021","Manitoba","2021A000246","25 to 64 years","Women+","2021 Counts","Buddhist","","0","units","0","","104.7.3.1.2","2600","","","","0"
"2021","Manitoba","2021A000246","25 to 64 years","Women+","2021 Counts","Christian","","0","units","0","","104.7.3.1.3","186665","","","","0"
"2021","Manitoba","2021A000246","25 to 64 years","Women+","2021 Counts","Hindu","","0","units","0","","104.7.3.1.19","4885","","","","0"
"2021","Manitoba","2021A000246","25 to 64 years","Women+","2021 Counts","Jewish","","0","units","0","","104.7.3.1.20","2760","","","","0"
"2021","Manitoba","2021A000246","25 to 64 years","Women+","2021 Counts","Muslim","","0","units","0","","104.7.3.1.21","6250","","","","0"
"2021","Manitoba","2021A000246","25 to 64 years","Women+","2021 Counts","Sikh","","0","units","0","","104.7.3.1.22","8815","","","","0"
"2021","Manitoba","2021A000246","25 to 64 years","Women+","2021 Counts","Traditional (North American Indigenous) spirituality","","0","units","0","","104.7.3.1.23","2695","","","","0"
"2021","Manitoba","2021A000246","25 to 64 years","Women+","2021 Counts","Other religions and spiritual traditions","","0","units","0","","104.7.3.1.24","3220","","","","0"
"2021","Manitoba","2021A000246","25 to 64 years","Women+","2021 Counts","No religion and secular perspectives","","0","units","0","","104.7.3.1.25","122645","","","","0"
"2021","Manitoba","2021A000246","25 to 64 years","Women+","% distribution (2021)","Total - Religion","","0","units","0","","104.7.3.2.1","0.9","","","","1"
"2021","Manitoba","2021A000246","25 to 64 years","Women+","% distribution (2021)","Buddhist","","0","units","0","","104.7.3.2.2","0.0","","","","1"
"2021","Manitoba","2021A000246","25 to 64 years","Women+","% distribution (2021)","Christian","","0","units","0","","104.7.3.2.3","0.5","","","","1"
"2021","Manitoba","2021A000246","25 to 64 years","Women+","% distribution (2021)","Hindu","","0","units","0","","104.7.3.2.19","0.0","","","","1"
"2021","Manitoba","2021A000246","25 to 64 years","Women+","% distribution (2021)","Jewish","","0","units","0","","104.7.3.2.20","0.0","","","","1"
"2021","Manitoba","2021A000246","25 to 64 years","Women+","% distribution (2021)","Muslim","","0","units","0","","104.7.3.2.21","0.0","","","","1"
"2021","Manitoba","2021A000246","25 to 64 years","Women+","% distribution (2021)","Sikh","","0","units","0","","104.7.3.2.22","0.0","","","","1"
"2021","Manitoba","2021A000246","25 to 64 years","Women+","% distribution (2021)","Traditional (North American Indigenous) spirituality","","0","units","0","","104.7.3.2.23","0.0","","","","1"
"2021","Manitoba","2021A000246","25 to 64 years","Women+","% distribution (2021)","Other religions and spiritual traditions","","0","units","0","","104.7.3.2.24","0.0","","","","1"
"2021","Manitoba","2021A000246","25 to 64 years","Women+","% distribution (2021)","No religion and secular perspectives","","0","units","0","","104.7.3.2.25","0.3","","","","1"
"2021","Manitoba","2021A000246","65 years and over","Total - Gender","2021 Counts","Total - Religion","","0","units","0","","104.13.1.1.1","213720","","","","0"
"2021","Manitoba","2021A000246","65 years and over","Total - Gender","2021 Counts","Buddhist","","0","units","0","","104.13.1.1.2","1170","","","","0"
"2021","Manitoba","2021A000246","65 years and over","Total - Gender","2021 Counts","Christian","","0","units","0","","104.13.1.1.3","160710","","","","0"
"2021","Manitoba","2021A000246","65 years and over","Total - Gender","2021 Counts","Hindu","","0","units","0","","104.13.1.1.19","1135","","","","0"
"2021","Manitoba","2021A000246","65 years and over","Total - Gender","2021 Counts","Jewish","","0","units","0","","104.13.1.1.20","3140","","","","0"
"2021","Manitoba","2021A000246","65 years and over","Total - Gender","2021 Counts","Muslim","","0","units","0","","104.13.1.1.21","910","","","","0"
"2021","Manitoba","2021A000246","65 years and over","Total - Gender","2021 Counts","Sikh","","0","units","0","","104.13.1.1.22","1535","","","","0"
"2021","Manitoba","2021A000246","65 years and over","Total - Gender","2021 Counts","Traditional (North American Indigenous) spirituality","","0","units","0","","104.13.1.1.23","520","","","","0"
"2021","Manitoba","2021A000246","65 years and over","Total - Gender","2021 Counts","Other religions and spiritual traditions","","0","units","0","","104.13.1.1.24","765","","","","0"
"2021","Manitoba","2021A000246","65 years and over","Total - Gender","2021 Counts","No religion and secular perspectives","","0","units","0","","104.13.1.1.25","43835","","","","0"
"2021","Manitoba","2021A000246","65 years and over","Total - Gender","% distribution (2021)","Total - Religion","","0","units","0","","104.13.1.2.1","0.6","","","","1"
"2021","Manitoba","2021A000246","65 years and over","Total - Gender","% distribution (2021)","Buddhist","","0","units","0","","104.13.1.2.2","0.0","","","","1"
"2021","Manitoba","2021A000246","65 years and over","Total - Gender","% distribution (2021)","Christian","","0","units","0","","104.13.1.2.3","0.4","","","","1"
"2021","Manitoba","2021A000246","65 years and over","Total - Gender","% distribution (2021)","Hindu","","0","units","0","","104.13.1.2.19","0.0","","","","1"
"2021","Manitoba","2021A000246","65 years and over","Total - Gender","% distribution (2021)","Jewish","","0","units","0","","104.13.1.2.20","0.0","","","","1"
"2021","Manitoba","2021A000246","65 years and over","Total - Gender","% distribution (2021)","Muslim","","0","units","0","","104.13.1.2.21","0.0","","","","1"
"2021","Manitoba","2021A000246","65 years and over","Total - Gender","% distribution (2021)","Sikh","","0","units","0","","104.13.1.2.22","0.0","","","","1"
"2021","Manitoba","2021A000246","65 years and over","Total - Gender","% distribution (2021)","Traditional (North American Indigenous) spirituality","","0","units","0","","104.13.1.2.23","0.0","","","","1"
"2021","Manitoba","2021A000246","65 years and over","Total - Gender","% distribution (2021)","Other religions and spiritual traditions","","0","units","0","","104.13.1.2.24","0.0","","","","1"
"2021","Manitoba","2021A000246","65 years and over","Total - Gender","% distribution (2021)","No religion and secular perspectives","","0","units","0","","104.13.1.2.25","0.1","","","","1"
"2021","Manitoba","2021A000246","65 years and over","Men+","2021 Counts","Total - Religion","","0","units","0","","104.13.2.1.1","99045","","","","0"
"2021","Manitoba","2021A000246","65 years and over","Men+","2021 Counts","Buddhist","","0","units","0","","104.13.2.1.2","560","","","","0"
"2021","Manitoba","2021A000246","65 years and over","Men+","2021 Counts","Christian","","0","units","0","","104.13.2.1.3","70290","","","","0"
"2021","Manitoba","2021A000246","65 years and over","Men+","2021 Counts","Hindu","","0","units","0","","104.13.2.1.19","635","","","","0"
"2021","Manitoba","2021A000246","65 years and over","Men+","2021 Counts","Jewish","","0","units","0","","104.13.2.1.20","1500","","","","0"
"2021","Manitoba","2021A000246","65 years and over","Men+","2021 Counts","Muslim","","0","units","0","","104.13.2.1.21","515","","","","0"
"2021","Manitoba","2021A000246","65 years and over","Men+","2021 Counts","Sikh","","0","units","0","","104.13.2.1.22","690","","","","0"
"2021","Manitoba","2021A000246","65 years and over","Men+","2021 Counts","Traditional (North American Indigenous) spirituality","","0","units","0","","104.13.2.1.23","245","","","","0"
"2021","Manitoba","2021A000246","65 years and over","Men+","2021 Counts","Other religions and spiritual traditions","","0","units","0","","104.13.2.1.24","325","","","","0"
"2021","Manitoba","2021A000246","65 years and over","Men+","2021 Counts","No religion and secular perspectives","","0","units","0","","104.13.2.1.25","24285","","","","0"
"2021","Manitoba","2021A000246","65 years and over","Men+","% distribution (2021)","Total - Religion","","0","units","0","","104.13.2.2.1","0.3","","","","1"
"2021","Manitoba","2021A000246","65 years and over","Men+","% distribution (2021)","Buddhist","","0","units","0","","104.13.2.2.2","0.0","","","","1"
"2021","Manitoba","2021A000246","65 years and over","Men+","% distribution (2021)","Christian","","0","units","0","","104.13.2.2.3","0.2","","","","1"
"2021","Manitoba","2021A000246","65 years and over","Men+","% distribution (2021)","Hindu","","0","units","0","","104.13.2.2.19","0.0","","","","1"
"2021","Manitoba","2021A000246","65 years and over","Men+","% distribution (2021)","Jewish","","0","units","0","","104.13.2.2.20","0.0","","","","1"
"2021","Manitoba","2021A000246","65 years and over","Men+","% distribution (2021)","Muslim","","0","units","0","","104.13.2.2.21","0.0","","","","1"
"2021","Manitoba","2021A000246","65 years and over","Men+","% distribution (2021)","Sikh","","0","units","0","","104.13.2.2.22","0.0","","","","1"
"2021","Manitoba","2021A000246","65 years and over","Men+","% distribution (2021)","Traditional (North American Indigenous) spirituality","","0","units","0","","104.13.2.2.23","0.0","","","","1"
"2021","Manitoba","2021A000246","65 years and over","Men+","% distribution (2021)","Other religions and spiritual traditions","","0","units","0","","104.13.2.2.24","0.0","","","","1"
"2021","Manitoba","2021A000246","65 years and over","Men+","% distribution (2021)","No religion and secular perspectives","","0","units","0","","104.13.2.2.25","0.1","","","","1"
"2021","Manitoba","2021A000246","65 years and over","Women+","2021 Counts","Total - Religion","","0","units","0","","104.13.3.1.1","114675","","","","0"
"2021","Manitoba","2021A000246","65 years and over","Women+","2021 Counts","Buddhist","","0","units","0","","104.13.3.1.2","610","","","","0"
"2021","Manitoba","2021A000246","65 years and over","Women+","2021 Counts","Christian","","0","units","0","","104.13.3.1.3","90420","","","","0"
"2021","Manitoba","2021A000246","65 years and over","Women+","2021 Counts","Hindu","","0","units","0","","104.13.3.1.19","500","","","","0"
"2021","Manitoba","2021A000246","65 years and over","Women+","2021 Counts","Jewish","","0","units","0","","104.13.3.1.20","1635","","","","0"
"2021","Manitoba","2021A000246","65 years and over","Women+","2021 Counts","Muslim","","0","units","0","","104.13.3.1.21","395","","","","0"
"2021","Manitoba","2021A000246","65 years and over","Women+","2021 Counts","Sikh","","0","units","0","","104.13.3.1.22","850","","","","0"
"2021","Manitoba","2021A000246","65 years and over","Women+","2021 Counts","Traditional (North American Indigenous) spirituality","","0","units","0","","104.13.3.1.23","275","","","","0"
"2021","Manitoba","2021A000246","65 years and over","Women+","2021 Counts","Other religions and spiritual traditions","","0","units","0","","104.13.3.1.24","440","","","","0"
"2021","Manitoba","2021A000246","65 years and over","Women+","2021 Counts","No religion and secular perspectives","","0","units","0","","104.13.3.1.25","19550","","","","0"
"2021","Manitoba","2021A000246","65 years and over","Women+","% distribution (2021)","Total - Religion","","0","units","0","","104.13.3.2.1","0.3","","","","1"
"2021","Manitoba","2021A000246","65 years and over","Women+","% distribution (2021)","Buddhist","","0","units","0","","104.13.3.2.2","0.0","","","","1"
"2021","Manitoba","2021A000246","65 years and over","Women+","% distribution (2021)","Christian","","0","units","0","","104.13.3.2.3","0.2","","","","1"
"2021","Manitoba","2021A000246","65 years and over","Women+","% distribution (2021)","Hindu","","0","units","0","","104.13.3.2.19","0.0","","","","1"
"2021","Manitoba","2021A000246","65 years and over","Women+","% distribution (2021)","Jewish","","0","units","0","","104.13.3.2.20","0.0","","","","1"
"2021","Manitoba","2021A000246","65 years and over","Women+","% distribution (2021)","Muslim","","0","units","0","","104.13.3.2.21","0.0","","","","1"
"2021","Manitoba","2021A000246","65 years and over","Women+","% distribution (2021)","Sikh","","0","units","0","","104.13.3.2.22","0.0","","","","1"
"2021","Manitoba","2021A000246","65 years and over","Women+","% distribution (2021)","Traditional (North American Indigenous) spirituality","","0","units","0","","104.13.3.2.23","0.0","","","","1"
"2021","Manitoba","2021A000246","65 years and over","Women+","% distribution (2021)","Other religions and spiritual traditions","","0","units","0","","104.13.3.2.24","0.0","","","","1"
"2021","Manitoba","2021A000246","65 years and over","Women+","% distribution (2021)","No religion and secular perspectives","","0","units","0","","104.13.3.2.25","0.1","","","","1"
"2021","Saskatchewan","2021A000247","Total - Age","Total - Gender","2021 Counts","Total - Religion","","0","units","0","","111.1.1.1.1","1103200","","","","0"
"2021","Saskatchewan","2021A000247","Total - Age","Total - Gender","2021 Counts","Buddhist","","0","units","0","","111.1.1.1.2","4415","","","","0"
"2021","Saskatchewan","2021A000247","Total - Age","Total - Gender","2021 Counts","Christian","","0","units","0","","111.1.1.1.3","621250","","","","0"
"2021","Saskatchewan","2021A000247","Total - Age","Total - Gender","2021 Counts","Hindu","","0","units","0","","111.1.1.1.19","14150","","","","0"
"2021","Saskatchewan","2021A000247","Total - Age","Total - Gender","2021 Counts","Jewish","","0","units","0","","111.1.1.1.20","1105","","","","0"
"2021","Saskatchewan","2021A000247","Total - Age","Total - Gender","2021 Counts","Muslim","","0","units","0","","111.1.1.1.21","25455","","","","0"
"2021","Saskatchewan","2021A000247","Total - Age","Total - Gender","2021 Counts","Sikh","","0","units","0","","111.1.1.1.22","9035","","","","0"
"2021","Saskatchewan","2021A000247","Total - Age","Total - Gender","2021 Counts","Traditional (North American Indigenous) spirituality","","0","units","0","","111.1.1.1.23","16295","","","","0"
"2021","Saskatchewan","2021A000247","Total - Age","Total - Gender","2021 Counts","Other religions and spiritual traditions","","0","units","0","","111.1.1.1.24","7540","","","","0"
"2021","Saskatchewan","2021A000247","Total - Age","Total - Gender","2021 Counts","No religion and secular perspectives","","0","units","0","","111.1.1.1.25","403955","","","","0"
"2021","Saskatchewan","2021A000247","Total - Age","Total - Gender","% distribution (2021)","Total - Religion","","0","units","0","","111.1.1.2.1","3.0","","","","1"
"2021","Saskatchewan","2021A000247","Total - Age","Total - Gender","% distribution (2021)","Buddhist","","0","units","0","","111.1.1.2.2","0.0","","","","1"
"2021","Saskatchewan","2021A000247","Total - Age","Total - Gender","% distribution (2021)","Christian","","0","units","0","","111.1.1.2.3","1.7","","","","1"
"2021","Saskatchewan","2021A000247","Total - Age","Total - Gender","% distribution (2021)","Hindu","","0","units","0","","111.1.1.2.19","0.0","","","","1"
"2021","Saskatchewan","2021A000247","Total - Age","Total - Gender","% distribution (2021)","Jewish","","0","units","0","","111.1.1.2.20","0.0","","","","1"
"2021","Saskatchewan","2021A000247","Total - Age","Total - Gender","% distribution (2021)","Muslim","","0","units","0","","111.1.1.2.21","0.1","","","","1"
"2021","Saskatchewan","2021A000247","Total - Age","Total - Gender","% distribution (2021)","Sikh","","0","units","0","","111.1.1.2.22","0.0","","","","1"
"2021","Saskatchewan","2021A000247","Total - Age","Total - Gender","% distribution (2021)","Traditional (North American Indigenous) spirituality","","0","units","0","","111.1.1.2.23","0.0","","","","1"
"2021","Saskatchewan","2021A000247","Total - Age","Total - Gender","% distribution (2021)","Other religions and spiritual traditions","","0","units","0","","111.1.1.2.24","0.0","","","","1"
"2021","Saskatchewan","2021A000247","Total - Age","Total - Gender","% distribution (2021)","No religion and secular perspectives","","0","units","0","","111.1.1.2.25","1.1","","","","1"
"2021","Saskatchewan","2021A000247","Total - Age","Men+","2021 Counts","Total - Religion","","0","units","0","","111.1.2.1.1","549495","","","","0"
"2021","Saskatchewan","2021A000247","Total - Age","Men+","2021 Counts","Buddhist","","0","units","0","","111.1.2.1.2","2080","","","","0"
"2021","Saskatchewan","2021A000247","Total - Age","Men+","2021 Counts","Christian","","0","units","0","","111.1.2.1.3","294000","","","","0"
"2021","Saskatchewan","2021A000247","Total - Age","Men+","2021 Counts","Hindu","","0","units","0","","111.1.2.1.19","7865","","","","0"
"2021","Saskatchewan","2021A000247","Total - Age","Men+","2021 Counts","Jewish","","0","units","0","","111.1.2.1.20","570","","","","0"
"2021","Saskatchewan","2021A000247","Total - Age","Men+","2021 Counts","Muslim","","0","units","0","","111.1.2.1.21","13290","","","","0"
"2021","Saskatchewan","2021A000247","Total - Age","Men+","2021 Counts","Sikh","","0","units","0","","111.1.2.1.22","4715","","","","0"
"2021","Saskatchewan","2021A000247","Total - Age","Men+","2021 Counts","Traditional (North American Indigenous) spirituality","","0","units","0","","111.1.2.1.23","7830","","","","0"
"2021","Saskatchewan","2021A000247","Total - Age","Men+","2021 Counts","Other religions and spiritual traditions","","0","units","0","","111.1.2.1.24","3245","","","","0"
"2021","Saskatchewan","2021A000247","Total - Age","Men+","2021 Counts","No religion and secular perspectives","","0","units","0","","111.1.2.1.25","215895","","","","0"
"2021","Saskatchewan","2021A000247","Total - Age","Men+","% distribution (2021)","Total - Religion","","0","units","0","","111.1.2.2.1","1.5","","","","1"
"2021","Saskatchewan","2021A000247","Total - Age","Men+","% distribution (2021)","Buddhist","","0","units","0","","111.1.2.2.2","0.0","","","","1"
"2021","Saskatchewan","2021A000247","Total - Age","Men+","% distribution (2021)","Christian","","0","units","0","","111.1.2.2.3","0.8","","","","1"
"2021","Saskatchewan","2021A000247","Total - Age","Men+","% distribution (2021)","Hindu","","0","units","0","","111.1.2.2.19","0.0","","","","1"
"2021","Saskatchewan","2021A000247","Total - Age","Men+","% distribution (2021)","Jewish","","0","units","0","","111.1.2.2.20","0.0","","","","1"
"2021","Saskatchewan","2021A000247","Total - Age","Men+","% distribution (2021)","Muslim","","0","units","0","","111.1.2.2.21","0.0","","","","1"
"2021","Saskatchewan","2021A000247","Total - Age","Men+","% distribution (2021)","Sikh","","0","units","0","","111.1.2.2.22","0.0","","","","1"
"2021","Saskatchewan","2021A000247","Total - Age","Men+","% distribution (2021)","Traditional (North American Indigenous) spirituality","","0","units","0","","111.1.2.2.23","0.0","","","","1"
"2021","Saskatchewan","2021A000247","Total - Age","Men+","% distribution (2021)","Other religions and spiritual traditions","","0","units","0","","111.1.2.2.24","0.0","","","","1"
"2021","Saskatchewan","2021A000247","Total - Age","Men+","% distribution (2021)","No religion and secular perspectives","","0","units","0","","111.1.2.2.25","0.6","","","","1"
"2021","Saskatchewan","2021A000247","Total - Age","Women+","2021 Counts","Total - Religion","","0","units","0","","111.1.3.1.1","553710","","","","0"
"2021","Saskatchewan","2021A000247","Total - Age","Women+","2021 Counts","Buddhist","","0","units","0","","111.1.3.1.2","2325","","","","0"
"2021","Saskatchewan","2021A000247","Total - Age","Women+","2021 Counts","Christian","","0","units","0","","111.1.3.1.3","327250","","","","0"
"2021","Saskatchewan","2021A000247","Total - Age","Women+","2021 Counts","Hindu","","0","units","0","","111.1.3.1.19","6285","","","","0"
"2021","Saskatchewan","2021A000247","Total - Age","Women+","2021 Counts","Jewish","","0","units","0","","111.1.3.1.20","535","","","","0"
"2021","Saskatchewan","2021A000247","Total - Age","Women+","2021 Counts","Muslim","","0","units","0","","111.1.3.1.21","12160","","","","0"
"2021","Saskatchewan","2021A000247","Total - Age","Women+","2021 Counts","Sikh","","0","units","0","","111.1.3.1.22","4320","","","","0"
"2021","Saskatchewan","2021A000247","Total - Age","Women+","2021 Counts","Traditional (North American Indigenous) spirituality","","0","units","0","","111.1.3.1.23","8465","","","","0"
"2021","Saskatchewan","2021A000247","Total - Age","Women+","2021 Counts","Other religions and spiritual traditions","","0","units","0","","111.1.3.1.24","4295","","","","0"
"2021","Saskatchewan","2021A000247","Total - Age","Women+","2021 Counts","No religion and secular perspectives","","0","units","0","","111.1.3.1.25","188060","","","","0"
"2021","Saskatchewan","2021A000247","Total - Age","Women+","% distribution (2021)","Total - Religion","","0","units","0","","111.1.3.2.1","1.5","","","","1"
"2021","Saskatchewan","2021A000247","Total - Age","Women+","% distribution (2021)","Buddhist","","0","units","0","","111.1.3.2.2","0.0","","","","1"
"2021","Saskatchewan","2021A000247","Total - Age","Women+","% distribution (2021)","Christian","","0","units","0","","111.1.3.2.3","0.9","","","","1"
"2021","Saskatchewan","2021A000247","Total - Age","Women+","% distribution (2021)","Hindu","","0","units","0","","111.1.3.2.19","0.0","","","","1"
"2021","Saskatchewan","2021A000247","Total - Age","Women+","% distribution (2021)","Jewish","","0","units","0","","111.1.3.2.20","0.0","","","","1"
"2021","Saskatchewan","2021A000247","Total - Age","Women+","% distribution (2021)","Muslim","","0","units","0","","111.1.3.2.21","0.0","","","","1"
"2021","Saskatchewan","2021A000247","Total - Age","Women+","% distribution (2021)","Sikh","","0","units","0","","111.1.3.2.22","0.0","","","","1"
"2021","Saskatchewan","2021A000247","Total - Age","Women+","% distribution (2021)","Traditional (North American Indigenous) spirituality","","0","units","0","","111.1.3.2.23","0.0","","","","1"
"2021","Saskatchewan","2021A000247","Total - Age","Women+","% distribution (2021)","Other religions and spiritual traditions","","0","units","0","","111.1.3.2.24","0.0","","","","1"
"2021","Saskatchewan","2021A000247","Total - Age","Women+","% distribution (2021)","No religion and secular perspectives","","0","units","0","","111.1.3.2.25","0.5","","","","1"
"2021","Saskatchewan","2021A000247","0 to 14 years","Total - Gender","2021 Counts","Total - Religion","","0","units","0","","111.2.1.1.1","220440","","","","0"
"2021","Saskatchewan","2021A000247","0 to 14 years","Total - Gender","2021 Counts","Buddhist","","0","units","0","","111.2.1.1.2","565","","","","0"
"2021","Saskatchewan","2021A000247","0 to 14 years","Total - Gender","2021 Counts","Christian","","0","units","0","","111.2.1.1.3","102650","","","","0"
"2021","Saskatchewan","2021A000247","0 to 14 years","Total - Gender","2021 Counts","Hindu","","0","units","0","","111.2.1.1.19","2970","","","","0"
"2021","Saskatchewan","2021A000247","0 to 14 years","Total - Gender","2021 Counts","Jewish","","0","units","0","","111.2.1.1.20","225","","","","0"
"2021","Saskatchewan","2021A000247","0 to 14 years","Total - Gender","2021 Counts","Muslim","","0","units","0","","111.2.1.1.21","8625","","","","0"
"2021","Saskatchewan","2021A000247","0 to 14 years","Total - Gender","2021 Counts","Sikh","","0","units","0","","111.2.1.1.22","1670","","","","0"
"2021","Saskatchewan","2021A000247","0 to 14 years","Total - Gender","2021 Counts","Traditional (North American Indigenous) spirituality","","0","units","0","","111.2.1.1.23","5260","","","","0"
"2021","Saskatchewan","2021A000247","0 to 14 years","Total - Gender","2021 Counts","Other religions and spiritual traditions","","0","units","0","","111.2.1.1.24","1165","","","","0"
"2021","Saskatchewan","2021A000247","0 to 14 years","Total - Gender","2021 Counts","No religion and secular perspectives","","0","units","0","","111.2.1.1.25","97305","","","","0"
"2021","Saskatchewan","2021A000247","0 to 14 years","Total - Gender","% distribution (2021)","Total - Religion","","0","units","0","","111.2.1.2.1","0.6","","","","1"
"2021","Saskatchewan","2021A000247","0 to 14 years","Total - Gender","% distribution (2021)","Buddhist","","0","units","0","","111.2.1.2.2","0.0","","","","1"
"2021","Saskatchewan","2021A000247","0 to 14 years","Total - Gender","% distribution (2021)","Christian","","0","units","0","","111.2.1.2.3","0.3","","","","1"
"2021","Saskatchewan","2021A000247","0 to 14 years","Total - Gender","% distribution (2021)","Hindu","","0","units","0","","111.2.1.2.19","0.0","","","","1"
"2021","Saskatchewan","2021A000247","0 to 14 years","Total - Gender","% distribution (2021)","Jewish","","0","units","0","","111.2.1.2.20","0.0","","","","1"
"2021","Saskatchewan","2021A000247","0 to 14 years","Total - Gender","% distribution (2021)","Muslim","","0","units","0","","111.2.1.2.21","0.0","","","","1"
"2021","Saskatchewan","2021A000247","0 to 14 years","Total - Gender","% distribution (2021)","Sikh","","0","units","0","","111.2.1.2.22","0.0","","","","1"
"2021","Saskatchewan","2021A000247","0 to 14 years","Total - Gender","% distribution (2021)","Traditional (North American Indigenous) spirituality","","0","units","0","","111.2.1.2.23","0.0","","","","1"
"2021","Saskatchewan","2021A000247","0 to 14 years","Total - Gender","% distribution (2021)","Other religions and spiritual traditions","","0","units","0","","111.2.1.2.24","0.0","","","","1"
"2021","Saskatchewan","2021A000247","0 to 14 years","Total - Gender","% distribution (2021)","No religion and secular perspectives","","0","units","0","","111.2.1.2.25","0.3","","","","1"
"2021","Saskatchewan","2021A000247","0 to 14 years","Men+","2021 Counts","Total - Religion","","0","units","0","","111.2.2.1.1","112980","","","","0"
"2021","Saskatchewan","2021A000247","0 to 14 years","Men+","2021 Counts","Buddhist","","0","units","0","","111.2.2.1.2","290","","","","0"
"2021","Saskatchewan","2021A000247","0 to 14 years","Men+","2021 Counts","Christian","","0","units","0","","111.2.2.1.3","52255","","","","0"
"2021","Saskatchewan","2021A000247","0 to 14 years","Men+","2021 Counts","Hindu","","0","units","0","","111.2.2.1.19","1590","","","","0"
"2021","Saskatchewan","2021A000247","0 to 14 years","Men+","2021 Counts","Jewish","","0","units","0","","111.2.2.1.20","90","","","","0"
"2021","Saskatchewan","2021A000247","0 to 14 years","Men+","2021 Counts","Muslim","","0","units","0","","111.2.2.1.21","4565","","","","0"
"2021","Saskatchewan","2021A000247","0 to 14 years","Men+","2021 Counts","Sikh","","0","units","0","","111.2.2.1.22","885","","","","0"
"2021","Saskatchewan","2021A000247","0 to 14 years","Men+","2021 Counts","Traditional (North American Indigenous) spirituality","","0","units","0","","111.2.2.1.23","2590","","","","0"
"2021","Saskatchewan","2021A000247","0 to 14 years","Men+","2021 Counts","Other religions and spiritual traditions","","0","units","0","","111.2.2.1.24","545","","","","0"
"2021","Saskatchewan","2021A000247","0 to 14 years","Men+","2021 Counts","No religion and secular perspectives","","0","units","0","","111.2.2.1.25","50170","","","","0"
"2021","Saskatchewan","2021A000247","0 to 14 years","Men+","% distribution (2021)","Total - Religion","","0","units","0","","111.2.2.2.1","0.3","","","","1"
"2021","Saskatchewan","2021A000247","0 to 14 years","Men+","% distribution (2021)","Buddhist","","0","units","0","","111.2.2.2.2","0.0","","","","1"
"2021","Saskatchewan","2021A000247","0 to 14 years","Men+","% distribution (2021)","Christian","","0","units","0","","111.2.2.2.3","0.1","","","","1"
"2021","Saskatchewan","2021A000247","0 to 14 years","Men+","% distribution (2021)","Hindu","","0","units","0","","111.2.2.2.19","0.0","","","","1"
"2021","Saskatchewan","2021A000247","0 to 14 years","Men+","% distribution (2021)","Jewish","","0","units","0","","111.2.2.2.20","0.0","","","","1"
"2021","Saskatchewan","2021A000247","0 to 14 years","Men+","% distribution (2021)","Muslim","","0","units","0","","111.2.2.2.21","0.0","","","","1"
"2021","Saskatchewan","2021A000247","0 to 14 years","Men+","% distribution (2021)","Sikh","","0","units","0","","111.2.2.2.22","0.0","","","","1"
"2021","Saskatchewan","2021A000247","0 to 14 years","Men+","% distribution (2021)","Traditional (North American Indigenous) spirituality","","0","units","0","","111.2.2.2.23","0.0","","","","1"
"2021","Saskatchewan","2021A000247","0 to 14 years","Men+","% distribution (2021)","Other religions and spiritual traditions","","0","units","0","","111.2.2.2.24","0.0","","","","1"
"2021","Saskatchewan","2021A000247","0 to 14 years","Men+","% distribution (2021)","No religion and secular perspectives","","0","units","0","","111.2.2.2.25","0.1","","","","1"
"2021","Saskatchewan","2021A000247","0 to 14 years","Women+","2021 Counts","Total - Religion","","0","units","0","","111.2.3.1.1","107460","","","","0"
"2021","Saskatchewan","2021A000247","0 to 14 years","Women+","2021 Counts","Buddhist","","0","units","0","","111.2.3.1.2","275","","","","0"
"2021","Saskatchewan","2021A000247","0 to 14 years","Women+","2021 Counts","Christian","","0","units","0","","111.2.3.1.3","50395","","","","0"
"2021","Saskatchewan","2021A000247","0 to 14 years","Women+","2021 Counts","Hindu","","0","units","0","","111.2.3.1.19","1390","","","","0"
"2021","Saskatchewan","2021A000247","0 to 14 years","Women+","2021 Counts","Jewish","","0","units","0","","111.2.3.1.20","135","","","","0"
"2021","Saskatchewan","2021A000247","0 to 14 years","Women+","2021 Counts","Muslim","","0","units","0","","111.2.3.1.21","4060","","","","0"
"2021","Saskatchewan","2021A000247","0 to 14 years","Women+","2021 Counts","Sikh","","0","units","0","","111.2.3.1.22","785","","","","0"
"2021","Saskatchewan","2021A000247","0 to 14 years","Women+","2021 Counts","Traditional (North American Indigenous) spirituality","","0","units","0","","111.2.3.1.23","2670","","","","0"
"2021","Saskatchewan","2021A000247","0 to 14 years","Women+","2021 Counts","Other religions and spiritual traditions","","0","units","0","","111.2.3.1.24","615","","","","0"
"2021","Saskatchewan","2021A000247","0 to 14 years","Women+","2021 Counts","No religion and secular perspectives","","0","units","0","","111.2.3.1.25","47145","","","","0"
"2021","Saskatchewan","2021A000247","0 to 14 years","Women+","% distribution (2021)","Total - Religion","","0","units","0","","111.2.3.2.1","0.3","","","","1"
"2021","Saskatchewan","2021A000247","0 to 14 years","Women+","% distribution (2021)","Buddhist","","0","units","0","","111.2.3.2.2","0.0","","","","1"
"2021","Saskatchewan","2021A000247","0 to 14 years","Women+","% distribution (2021)","Christian","","0","units","0","","111.2.3.2.3","0.1","","","","1"
"2021","Saskatchewan","2021A000247","0 to 14 years","Women+","% distribution (2021)","Hindu","","0","units","0","","111.2.3.2.19","0.0","","","","1"
"2021","Saskatchewan","2021A000247","0 to 14 years","Women+","% distribution (2021)","Jewish","","0","units","0","","111.2.3.2.20","0.0","","","","1"
"2021","Saskatchewan","2021A000247","0 to 14 years","Women+","% distribution (2021)","Muslim","","0","units","0","","111.2.3.2.21","0.0","","","","1"
"2021","Saskatchewan","2021A000247","0 to 14 years","Women+","% distribution (2021)","Sikh","","0","units","0","","111.2.3.2.22","0.0","","","","1"
"2021","Saskatchewan","2021A000247","0 to 14 years","Women+","% distribution (2021)","Traditional (North American Indigenous) spirituality","","0","units","0","","111.2.3.2.23","0.0","","","","1"
"2021","Saskatchewan","2021A000247","0 to 14 years","Women+","% distribution (2021)","Other religions and spiritual traditions","","0","units","0","","111.2.3.2.24","0.0","","","","1"
"2021","Saskatchewan","2021A000247","0 to 14 years","Women+","% distribution (2021)","No religion and secular perspectives","","0","units","0","","111.2.3.2.25","0.1","","","","1"
"2021","Saskatchewan","2021A000247","15 years and over","Total - Gender","2021 Counts","Total - Religion","","0","units","0","","111.3.1.1.1","882760","","","","0"
"2021","Saskatchewan","2021A000247","15 years and over","Total - Gender","2021 Counts","Buddhist","","0","units","0","","111.3.1.1.2","3845","","","","0"
"2021","Saskatchewan","2021A000247","15 years and over","Total - Gender","2021 Counts","Christian","","0","units","0","","111.3.1.1.3","518605","","","","0"
"2021","Saskatchewan","2021A000247","15 years and over","Total - Gender","2021 Counts","Hindu","","0","units","0","","111.3.1.1.19","11180","","","","0"
"2021","Saskatchewan","2021A000247","15 years and over","Total - Gender","2021 Counts","Jewish","","0","units","0","","111.3.1.1.20","880","","","","0"
"2021","Saskatchewan","2021A000247","15 years and over","Total - Gender","2021 Counts","Muslim","","0","units","0","","111.3.1.1.21","16830","","","","0"
"2021","Saskatchewan","2021A000247","15 years and over","Total - Gender","2021 Counts","Sikh","","0","units","0","","111.3.1.1.22","7360","","","","0"
"2021","Saskatchewan","2021A000247","15 years and over","Total - Gender","2021 Counts","Traditional (North American Indigenous) spirituality","","0","units","0","","111.3.1.1.23","11040","","","","0"
"2021","Saskatchewan","2021A000247","15 years and over","Total - Gender","2021 Counts","Other religions and spiritual traditions","","0","units","0","","111.3.1.1.24","6380","","","","0"
"2021","Saskatchewan","2021A000247","15 years and over","Total - Gender","2021 Counts","No religion and secular perspectives","","0","units","0","","111.3.1.1.25","306650","","","","0"
"2021","Saskatchewan","2021A000247","15 years and over","Total - Gender","% distribution (2021)","Total - Religion","","0","units","0","","111.3.1.2.1","2.4","","","","1"
"2021","Saskatchewan","2021A000247","15 years and over","Total - Gender","% distribution (2021)","Buddhist","","0","units","0","","111.3.1.2.2","0.0","","","","1"
"2021","Saskatchewan","2021A000247","15 years and over","Total - Gender","% distribution (2021)","Christian","","0","units","0","","111.3.1.2.3","1.4","","","","1"
"2021","Saskatchewan","2021A000247","15 years and over","Total - Gender","% distribution (2021)","Hindu","","0","units","0","","111.3.1.2.19","0.0","","","","1"
"2021","Saskatchewan","2021A000247","15 years and over","Total - Gender","% distribution (2021)","Jewish","","0","units","0","","111.3.1.2.20","0.0","","","","1"
"2021","Saskatchewan","2021A000247","15 years and over","Total - Gender","% distribution (2021)","Muslim","","0","units","0","","111.3.1.2.21","0.0","","","","1"
"2021","Saskatchewan","2021A000247","15 years and over","Total - Gender","% distribution (2021)","Sikh","","0","units","0","","111.3.1.2.22","0.0","","","","1"
"2021","Saskatchewan","2021A000247","15 years and over","Total - Gender","% distribution (2021)","Traditional (North American Indigenous) spirituality","","0","units","0","","111.3.1.2.23","0.0","","","","1"
"2021","Saskatchewan","2021A000247","15 years and over","Total - Gender","% distribution (2021)","Other religions and spiritual traditions","","0","units","0","","111.3.1.2.24","0.0","","","","1"
"2021","Saskatchewan","2021A000247","15 years and over","Total - Gender","% distribution (2021)","No religion and secular perspectives","","0","units","0","","111.3.1.2.25","0.8","","","","1"
"2021","Saskatchewan","2021A000247","15 years and over","Men+","2021 Counts","Total - Religion","","0","units","0","","111.3.2.1.1","436515","","","","0"
"2021","Saskatchewan","2021A000247","15 years and over","Men+","2021 Counts","Buddhist","","0","units","0","","111.3.2.1.2","1795","","","","0"
"2021","Saskatchewan","2021A000247","15 years and over","Men+","2021 Counts","Christian","","0","units","0","","111.3.2.1.3","241745","","","","0"
"2021","Saskatchewan","2021A000247","15 years and over","Men+","2021 Counts","Hindu","","0","units","0","","111.3.2.1.19","6285","","","","0"
"2021","Saskatchewan","2021A000247","15 years and over","Men+","2021 Counts","Jewish","","0","units","0","","111.3.2.1.20","480","","","","0"
"2021","Saskatchewan","2021A000247","15 years and over","Men+","2021 Counts","Muslim","","0","units","0","","111.3.2.1.21","8720","","","","0"
"2021","Saskatchewan","2021A000247","15 years and over","Men+","2021 Counts","Sikh","","0","units","0","","111.3.2.1.22","3830","","","","0"
"2021","Saskatchewan","2021A000247","15 years and over","Men+","2021 Counts","Traditional (North American Indigenous) spirituality","","0","units","0","","111.3.2.1.23","5240","","","","0"
"2021","Saskatchewan","2021A000247","15 years and over","Men+","2021 Counts","Other religions and spiritual traditions","","0","units","0","","111.3.2.1.24","2695","","","","0"
"2021","Saskatchewan","2021A000247","15 years and over","Men+","2021 Counts","No religion and secular perspectives","","0","units","0","","111.3.2.1.25","165730","","","","0"
"2021","Saskatchewan","2021A000247","15 years and over","Men+","% distribution (2021)","Total - Religion","","0","units","0","","111.3.2.2.1","1.2","","","","1"
"2021","Saskatchewan","2021A000247","15 years and over","Men+","% distribution (2021)","Buddhist","","0","units","0","","111.3.2.2.2","0.0","","","","1"
"2021","Saskatchewan","2021A000247","15 years and over","Men+","% distribution (2021)","Christian","","0","units","0","","111.3.2.2.3","0.7","","","","1"
"2021","Saskatchewan","2021A000247","15 years and over","Men+","% distribution (2021)","Hindu","","0","units","0","","111.3.2.2.19","0.0","","","","1"
"2021","Saskatchewan","2021A000247","15 years and over","Men+","% distribution (2021)","Jewish","","0","units","0","","111.3.2.2.20","0.0","","","","1"
"2021","Saskatchewan","2021A000247","15 years and over","Men+","% distribution (2021)","Muslim","","0","units","0","","111.3.2.2.21","0.0","","","","1"
"2021","Saskatchewan","2021A000247","15 years and over","Men+","% distribution (2021)","Sikh","","0","units","0","","111.3.2.2.22","0.0","","","","1"
"2021","Saskatchewan","2021A000247","15 years and over","Men+","% distribution (2021)","Traditional (North American Indigenous) spirituality","","0","units","0","","111.3.2.2.23","0.0","","","","1"
"2021","Saskatchewan","2021A000247","15 years and over","Men+","% distribution (2021)","Other religions and spiritual traditions","","0","units","0","","111.3.2.2.24","0.0","","","","1"
"2021","Saskatchewan","2021A000247","15 years and over","Men+","% distribution (2021)","No religion and secular perspectives","","0","units","0","","111.3.2.2.25","0.5","","","","1"
"2021","Saskatchewan","2021A000247","15 years and over","Women+","2021 Counts","Total - Religion","","0","units","0","","111.3.3.1.1","446245","","","","0"
"2021","Saskatchewan","2021A000247","15 years and over","Women+","2021 Counts","Buddhist","","0","units","0","","111.3.3.1.2","2050","","","","0"
"2021","Saskatchewan","2021A000247","15 years and over","Women+","2021 Counts","Christian","","0","units","0","","111.3.3.1.3","276860","","","","0"
"2021","Saskatchewan","2021A000247","15 years and over","Women+","2021 Counts","Hindu","","0","units","0","","111.3.3.1.19","4895","","","","0"
"2021","Saskatchewan","2021A000247","15 years and over","Women+","2021 Counts","Jewish","","0","units","0","","111.3.3.1.20","400","","","","0"
"2021","Saskatchewan","2021A000247","15 years and over","Women+","2021 Counts","Muslim","","0","units","0","","111.3.3.1.21","8110","","","","0"
"2021","Saskatchewan","2021A000247","15 years and over","Women+","2021 Counts","Sikh","","0","units","0","","111.3.3.1.22","3535","","","","0"
"2021","Saskatchewan","2021A000247","15 years and over","Women+","2021 Counts","Traditional (North American Indigenous) spirituality","","0","units","0","","111.3.3.1.23","5800","","","","0"
"2021","Saskatchewan","2021A000247","15 years and over","Women+","2021 Counts","Other religions and spiritual traditions","","0","units","0","","111.3.3.1.24","3680","","","","0"
"2021","Saskatchewan","2021A000247","15 years and over","Women+","2021 Counts","No religion and secular perspectives","","0","units","0","","111.3.3.1.25","140920","","","","0"
"2021","Saskatchewan","2021A000247","15 years and over","Women+","% distribution (2021)","Total - Religion","","0","units","0","","111.3.3.2.1","1.2","","","","1"
"2021","Saskatchewan","2021A000247","15 years and over","Women+","% distribution (2021)","Buddhist","","0","units","0","","111.3.3.2.2","0.0","","","","1"
"2021","Saskatchewan","2021A000247","15 years and over","Women+","% distribution (2021)","Christian","","0","units","0","","111.3.3.2.3","0.8","","","","1"
"2021","Saskatchewan","2021A000247","15 years and over","Women+","% distribution (2021)","Hindu","","0","units","0","","111.3.3.2.19","0.0","","","","1"
"2021","Saskatchewan","2021A000247","15 years and over","Women+","% distribution (2021)","Jewish","","0","units","0","","111.3.3.2.20","0.0","","","","1"
"2021","Saskatchewan","2021A000247","15 years and over","Women+","% distribution (2021)","Muslim","","0","units","0","","111.3.3.2.21","0.0","","","","1"
"2021","Saskatchewan","2021A000247","15 years and over","Women+","% distribution (2021)","Sikh","","0","units","0","","111.3.3.2.22","0.0","","","","1"
"2021","Saskatchewan","2021A000247","15 years and over","Women+","% distribution (2021)","Traditional (North American Indigenous) spirituality","","0","units","0","","111.3.3.2.23","0.0","","","","1"
"2021","Saskatchewan","2021A000247","15 years and over","Women+","% distribution (2021)","Other religions and spiritual traditions","","0","units","0","","111.3.3.2.24","0.0","","","","1"
"2021","Saskatchewan","2021A000247","15 years and over","Women+","% distribution (2021)","No religion and secular perspectives","","0","units","0","","111.3.3.2.25","0.4","","","","1"
"2021","Saskatchewan","2021A000247","15 to 24 years","Total - Gender","2021 Counts","Total - Religion","","0","units","0","","111.4.1.1.1","132685","","","","0"
"2021","Saskatchewan","2021A000247","15 to 24 years","Total - Gender","2021 Counts","Buddhist","","0","units","0","","111.4.1.1.2","465","","","","0"
"2021","Saskatchewan","2021A000247","15 to 24 years","Total - Gender","2021 Counts","Christian","","0","units","0","","111.4.1.1.3","65020","","","","0"
"2021","Saskatchewan","2021A000247","15 to 24 years","Total - Gender","2021 Counts","Hindu","","0","units","0","","111.4.1.1.19","2390","","","","0"
"2021","Saskatchewan","2021A000247","15 to 24 years","Total - Gender","2021 Counts","Jewish","","0","units","0","","111.4.1.1.20","90","","","","0"
"2021","Saskatchewan","2021A000247","15 to 24 years","Total - Gender","2021 Counts","Muslim","","0","units","0","","111.4.1.1.21","3765","","","","0"
"2021","Saskatchewan","2021A000247","15 to 24 years","Total - Gender","2021 Counts","Sikh","","0","units","0","","111.4.1.1.22","2200","","","","0"
"2021","Saskatchewan","2021A000247","15 to 24 years","Total - Gender","2021 Counts","Traditional (North American Indigenous) spirituality","","0","units","0","","111.4.1.1.23","2780","","","","0"
"2021","Saskatchewan","2021A000247","15 to 24 years","Total - Gender","2021 Counts","Other religions and spiritual traditions","","0","units","0","","111.4.1.1.24","1020","","","","0"
"2021","Saskatchewan","2021A000247","15 to 24 years","Total - Gender","2021 Counts","No religion and secular perspectives","","0","units","0","","111.4.1.1.25","54965","","","","0"
"2021","Saskatchewan","2021A000247","15 to 24 years","Total - Gender","% distribution (2021)","Total - Religion","","0","units","0","","111.4.1.2.1","0.4","","","","1"
"2021","Saskatchewan","2021A000247","15 to 24 years","Total - Gender","% distribution (2021)","Buddhist","","0","units","0","","111.4.1.2.2","0.0","","","","1"
"2021","Saskatchewan","2021A000247","15 to 24 years","Total - Gender","% distribution (2021)","Christian","","0","units","0","","111.4.1.2.3","0.2","","","","1"
"2021","Saskatchewan","2021A000247","15 to 24 years","Total - Gender","% distribution (2021)","Hindu","","0","units","0","","111.4.1.2.19","0.0","","","","1"
"2021","Saskatchewan","2021A000247","15 to 24 years","Total - Gender","% distribution (2021)","Jewish","","0","units","0","","111.4.1.2.20","0.0","","","","1"
"2021","Saskatchewan","2021A000247","15 to 24 years","Total - Gender","% distribution (2021)","Muslim","","0","units","0","","111.4.1.2.21","0.0","","","","1"
"2021","Saskatchewan","2021A000247","15 to 24 years","Total - Gender","% distribution (2021)","Sikh","","0","units","0","","111.4.1.2.22","0.0","","","","1"
"2021","Saskatchewan","2021A000247","15 to 24 years","Total - Gender","% distribution (2021)","Traditional (North American Indigenous) spirituality","","0","units","0","","111.4.1.2.23","0.0","","","","1"
"2021","Saskatchewan","2021A000247","15 to 24 years","Total - Gender","% distribution (2021)","Other religions and spiritual traditions","","0","units","0","","111.4.1.2.24","0.0","","","","1"
"2021","Saskatchewan","2021A000247","15 to 24 years","Total - Gender","% distribution (2021)","No religion and secular perspectives","","0","units","0","","111.4.1.2.25","0.2","","","","1"
"2021","Saskatchewan","2021A000247","15 to 24 years","Men+","2021 Counts","Total - Religion","","0","units","0","","111.4.2.1.1","68495","","","","0"
"2021","Saskatchewan","2021A000247","15 to 24 years","Men+","2021 Counts","Buddhist","","0","units","0","","111.4.2.1.2","225","","","","0"
"2021","Saskatchewan","2021A000247","15 to 24 years","Men+","2021 Counts","Christian","","0","units","0","","111.4.2.1.3","33190","","","","0"
"2021","Saskatchewan","2021A000247","15 to 24 years","Men+","2021 Counts","Hindu","","0","units","0","","111.4.2.1.19","1520","","","","0"
"2021","Saskatchewan","2021A000247","15 to 24 years","Men+","2021 Counts","Jewish","","0","units","0","","111.4.2.1.20","45","","","","0"
"2021","Saskatchewan","2021A000247","15 to 24 years","Men+","2021 Counts","Muslim","","0","units","0","","111.4.2.1.21","1965","","","","0"
"2021","Saskatchewan","2021A000247","15 to 24 years","Men+","2021 Counts","Sikh","","0","units","0","","111.4.2.1.22","1195","","","","0"
"2021","Saskatchewan","2021A000247","15 to 24 years","Men+","2021 Counts","Traditional (North American Indigenous) spirituality","","0","units","0","","111.4.2.1.23","1360","","","","0"
"2021","Saskatchewan","2021A000247","15 to 24 years","Men+","2021 Counts","Other religions and spiritual traditions","","0","units","0","","111.4.2.1.24","450","","","","0"
"2021","Saskatchewan","2021A000247","15 to 24 years","Men+","2021 Counts","No religion and secular perspectives","","0","units","0","","111.4.2.1.25","28545","","","","0"
"2021","Saskatchewan","2021A000247","15 to 24 years","Men+","% distribution (2021)","Total - Religion","","0","units","0","","111.4.2.2.1","0.2","","","","1"
"2021","Saskatchewan","2021A000247","15 to 24 years","Men+","% distribution (2021)","Buddhist","","0","units","0","","111.4.2.2.2","0.0","","","","1"
"2021","Saskatchewan","2021A000247","15 to 24 years","Men+","% distribution (2021)","Christian","","0","units","0","","111.4.2.2.3","0.1","","","","1"
"2021","Saskatchewan","2021A000247","15 to 24 years","Men+","% distribution (2021)","Hindu","","0","units","0","","111.4.2.2.19","0.0","","","","1"
"2021","Saskatchewan","2021A000247","15 to 24 years","Men+","% distribution (2021)","Jewish","","0","units","0","","111.4.2.2.20","0.0","","","","1"
"2021","Saskatchewan","2021A000247","15 to 24 years","Men+","% distribution (2021)","Muslim","","0","units","0","","111.4.2.2.21","0.0","","","","1"
"2021","Saskatchewan","2021A000247","15 to 24 years","Men+","% distribution (2021)","Sikh","","0","units","0","","111.4.2.2.22","0.0","","","","1"
"2021","Saskatchewan","2021A000247","15 to 24 years","Men+","% distribution (2021)","Traditional (North American Indigenous) spirituality","","0","units","0","","111.4.2.2.23","0.0","","","","1"
"2021","Saskatchewan","2021A000247","15 to 24 years","Men+","% distribution (2021)","Other religions and spiritual traditions","","0","units","0","","111.4.2.2.24","0.0","","","","1"
"2021","Saskatchewan","2021A000247","15 to 24 years","Men+","% distribution (2021)","No religion and secular perspectives","","0","units","0","","111.4.2.2.25","0.1","","","","1"
"2021","Saskatchewan","2021A000247","15 to 24 years","Women+","2021 Counts","Total - Religion","","0","units","0","","111.4.3.1.1","64190","","","","0"
"2021","Saskatchewan","2021A000247","15 to 24 years","Women+","2021 Counts","Buddhist","","0","units","0","","111.4.3.1.2","240","","","","0"
"2021","Saskatchewan","2021A000247","15 to 24 years","Women+","2021 Counts","Christian","","0","units","0","","111.4.3.1.3","31830","","","","0"
"2021","Saskatchewan","2021A000247","15 to 24 years","Women+","2021 Counts","Hindu","","0","units","0","","111.4.3.1.19","865","","","","0"
"2021","Saskatchewan","2021A000247","15 to 24 years","Women+","2021 Counts","Jewish","","0","units","0","","111.4.3.1.20","45","","","","0"
"2021","Saskatchewan","2021A000247","15 to 24 years","Women+","2021 Counts","Muslim","","0","units","0","","111.4.3.1.21","1800","","","","0"
"2021","Saskatchewan","2021A000247","15 to 24 years","Women+","2021 Counts","Sikh","","0","units","0","","111.4.3.1.22","1000","","","","0"
"2021","Saskatchewan","2021A000247","15 to 24 years","Women+","2021 Counts","Traditional (North American Indigenous) spirituality","","0","units","0","","111.4.3.1.23","1420","","","","0"
"2021","Saskatchewan","2021A000247","15 to 24 years","Women+","2021 Counts","Other religions and spiritual traditions","","0","units","0","","111.4.3.1.24","565","","","","0"
"2021","Saskatchewan","2021A000247","15 to 24 years","Women+","2021 Counts","No religion and secular perspectives","","0","units","0","","111.4.3.1.25","26420","","","","0"
"2021","Saskatchewan","2021A000247","15 to 24 years","Women+","% distribution (2021)","Total - Religion","","0","units","0","","111.4.3.2.1","0.2","","","","1"
"2021","Saskatchewan","2021A000247","15 to 24 years","Women+","% distribution (2021)","Buddhist","","0","units","0","","111.4.3.2.2","0.0","","","","1"
"2021","Saskatchewan","2021A000247","15 to 24 years","Women+","% distribution (2021)","Christian","","0","units","0","","111.4.3.2.3","0.1","","","","1"
"2021","Saskatchewan","2021A000247","15 to 24 years","Women+","% distribution (2021)","Hindu","","0","units","0","","111.4.3.2.19","0.0","","","","1"
"2021","Saskatchewan","2021A000247","15 to 24 years","Women+","% distribution (2021)","Jewish","","0","units","0","","111.4.3.2.20","0.0","","","","1"
"2021","Saskatchewan","2021A000247","15 to 24 years","Women+","% distribution (2021)","Muslim","","0","units","0","","111.4.3.2.21","0.0","","","","1"
"2021","Saskatchewan","2021A000247","15 to 24 years","Women+","% distribution (2021)","Sikh","","0","units","0","","111.4.3.2.22","0.0","","","","1"
"2021","Saskatchewan","2021A000247","15 to 24 years","Women+","% distribution (2021)","Traditional (North American Indigenous) spirituality","","0","units","0","","111.4.3.2.23","0.0","","","","1"
"2021","Saskatchewan","2021A000247","15 to 24 years","Women+","% distribution (2021)","Other religions and spiritual traditions","","0","units","0","","111.4.3.2.24","0.0","","","","1"
"2021","Saskatchewan","2021A000247","15 to 24 years","Women+","% distribution (2021)","No religion and secular perspectives","","0","units","0","","111.4.3.2.25","0.1","","","","1"
"2021","Saskatchewan","2021A000247","25 to 64 years","Total - Gender","2021 Counts","Total - Religion","","0","units","0","","111.7.1.1.1","566615","","","","0"
"2021","Saskatchewan","2021A000247","25 to 64 years","Total - Gender","2021 Counts","Buddhist","","0","units","0","","111.7.1.1.2","2775","","","","0"
"2021","Saskatchewan","2021A000247","25 to 64 years","Total - Gender","2021 Counts","Christian","","0","units","0","","111.7.1.1.3","308425","","","","0"
"2021","Saskatchewan","2021A000247","25 to 64 years","Total - Gender","2021 Counts","Hindu","","0","units","0","","111.7.1.1.19","8255","","","","0"
"2021","Saskatchewan","2021A000247","25 to 64 years","Total - Gender","2021 Counts","Jewish","","0","units","0","","111.7.1.1.20","605","","","","0"
"2021","Saskatchewan","2021A000247","25 to 64 years","Total - Gender","2021 Counts","Muslim","","0","units","0","","111.7.1.1.21","12505","","","","0"
"2021","Saskatchewan","2021A000247","25 to 64 years","Total - Gender","2021 Counts","Sikh","","0","units","0","","111.7.1.1.22","4800","","","","0"
"2021","Saskatchewan","2021A000247","25 to 64 years","Total - Gender","2021 Counts","Traditional (North American Indigenous) spirituality","","0","units","0","","111.7.1.1.23","7285","","","","0"
"2021","Saskatchewan","2021A000247","25 to 64 years","Total - Gender","2021 Counts","Other religions and spiritual traditions","","0","units","0","","111.7.1.1.24","4645","","","","0"
"2021","Saskatchewan","2021A000247","25 to 64 years","Total - Gender","2021 Counts","No religion and secular perspectives","","0","units","0","","111.7.1.1.25","217310","","","","0"
"2021","Saskatchewan","2021A000247","25 to 64 years","Total - Gender","% distribution (2021)","Total - Religion","","0","units","0","","111.7.1.2.1","1.6","","","","1"
"2021","Saskatchewan","2021A000247","25 to 64 years","Total - Gender","% distribution (2021)","Buddhist","","0","units","0","","111.7.1.2.2","0.0","","","","1"
"2021","Saskatchewan","2021A000247","25 to 64 years","Total - Gender","% distribution (2021)","Christian","","0","units","0","","111.7.1.2.3","0.8","","","","1"
"2021","Saskatchewan","2021A000247","25 to 64 years","Total - Gender","% distribution (2021)","Hindu","","0","units","0","","111.7.1.2.19","0.0","","","","1"
"2021","Saskatchewan","2021A000247","25 to 64 years","Total - Gender","% distribution (2021)","Jewish","","0","units","0","","111.7.1.2.20","0.0","","","","1"
"2021","Saskatchewan","2021A000247","25 to 64 years","Total - Gender","% distribution (2021)","Muslim","","0","units","0","","111.7.1.2.21","0.0","","","","1"
"2021","Saskatchewan","2021A000247","25 to 64 years","Total - Gender","% distribution (2021)","Sikh","","0","units","0","","111.7.1.2.22","0.0","","","","1"
"2021","Saskatchewan","2021A000247","25 to 64 years","Total - Gender","% distribution (2021)","Traditional (North American Indigenous) spirituality","","0","units","0","","111.7.1.2.23","0.0","","","","1"
"2021","Saskatchewan","2021A000247","25 to 64 years","Total - Gender","% distribution (2021)","Other religions and spiritual traditions","","0","units","0","","111.7.1.2.24","0.0","","","","1"
"2021","Saskatchewan","2021A000247","25 to 64 years","Total - Gender","% distribution (2021)","No religion and secular perspectives","","0","units","0","","111.7.1.2.25","0.6","","","","1"
"2021","Saskatchewan","2021A000247","25 to 64 years","Men+","2021 Counts","Total - Religion","","0","units","0","","111.7.2.1.1","281370","","","","0"
"2021","Saskatchewan","2021A000247","25 to 64 years","Men+","2021 Counts","Buddhist","","0","units","0","","111.7.2.1.2","1325","","","","0"
"2021","Saskatchewan","2021A000247","25 to 64 years","Men+","2021 Counts","Christian","","0","units","0","","111.7.2.1.3","143635","","","","0"
"2021","Saskatchewan","2021A000247","25 to 64 years","Men+","2021 Counts","Hindu","","0","units","0","","111.7.2.1.19","4460","","","","0"
"2021","Saskatchewan","2021A000247","25 to 64 years","Men+","2021 Counts","Jewish","","0","units","0","","111.7.2.1.20","315","","","","0"
"2021","Saskatchewan","2021A000247","25 to 64 years","Men+","2021 Counts","Muslim","","0","units","0","","111.7.2.1.21","6485","","","","0"
"2021","Saskatchewan","2021A000247","25 to 64 years","Men+","2021 Counts","Sikh","","0","units","0","","111.7.2.1.22","2475","","","","0"
"2021","Saskatchewan","2021A000247","25 to 64 years","Men+","2021 Counts","Traditional (North American Indigenous) spirituality","","0","units","0","","111.7.2.1.23","3405","","","","0"
"2021","Saskatchewan","2021A000247","25 to 64 years","Men+","2021 Counts","Other religions and spiritual traditions","","0","units","0","","111.7.2.1.24","1935","","","","0"
"2021","Saskatchewan","2021A000247","25 to 64 years","Men+","2021 Counts","No religion and secular perspectives","","0","units","0","","111.7.2.1.25","117340","","","","0"
"2021","Saskatchewan","2021A000247","25 to 64 years","Men+","% distribution (2021)","Total - Religion","","0","units","0","","111.7.2.2.1","0.8","","","","1"
"2021","Saskatchewan","2021A000247","25 to 64 years","Men+","% distribution (2021)","Buddhist","","0","units","0","","111.7.2.2.2","0.0","","","","1"
"2021","Saskatchewan","2021A000247","25 to 64 years","Men+","% distribution (2021)","Christian","","0","units","0","","111.7.2.2.3","0.4","","","","1"
"2021","Saskatchewan","2021A000247","25 to 64 years","Men+","% distribution (2021)","Hindu","","0","units","0","","111.7.2.2.19","0.0","","","","1"
"2021","Saskatchewan","2021A000247","25 to 64 years","Men+","% distribution (2021)","Jewish","","0","units","0","","111.7.2.2.20","0.0","","","","1"
"2021","Saskatchewan","2021A000247","25 to 64 years","Men+","% distribution (2021)","Muslim","","0","units","0","","111.7.2.2.21","0.0","","","","1"
"2021","Saskatchewan","2021A000247","25 to 64 years","Men+","% distribution (2021)","Sikh","","0","units","0","","111.7.2.2.22","0.0","","","","1"
"2021","Saskatchewan","2021A000247","25 to 64 years","Men+","% distribution (2021)","Traditional (North American Indigenous) spirituality","","0","units","0","","111.7.2.2.23","0.0","","","","1"
"2021","Saskatchewan","2021A000247","25 to 64 years","Men+","% distribution (2021)","Other religions and spiritual traditions","","0","units","0","","111.7.2.2.24","0.0","","","","1"
"2021","Saskatchewan","2021A000247","25 to 64 years","Men+","% distribution (2021)","No religion and secular perspectives","","0","units","0","","111.7.2.2.25","0.3","","","","1"
"2021","Saskatchewan","2021A000247","25 to 64 years","Women+","2021 Counts","Total - Religion","","0","units","0","","111.7.3.1.1","285245","","","","0"
"2021","Saskatchewan","2021A000247","25 to 64 years","Women+","2021 Counts","Buddhist","","0","units","0","","111.7.3.1.2","1450","","","","0"
"2021","Saskatchewan","2021A000247","25 to 64 years","Women+","2021 Counts","Christian","","0","units","0","","111.7.3.1.3","164790","","","","0"
"2021","Saskatchewan","2021A000247","25 to 64 years","Women+","2021 Counts","Hindu","","0","units","0","","111.7.3.1.19","3805","","","","0"
"2021","Saskatchewan","2021A000247","25 to 64 years","Women+","2021 Counts","Jewish","","0","units","0","","111.7.3.1.20","285","","","","0"
"2021","Saskatchewan","2021A000247","25 to 64 years","Women+","2021 Counts","Muslim","","0","units","0","","111.7.3.1.21","6020","","","","0"
"2021","Saskatchewan","2021A000247","25 to 64 years","Women+","2021 Counts","Sikh","","0","units","0","","111.7.3.1.22","2330","","","","0"
"2021","Saskatchewan","2021A000247","25 to 64 years","Women+","2021 Counts","Traditional (North American Indigenous) spirituality","","0","units","0","","111.7.3.1.23","3880","","","","0"
"2021","Saskatchewan","2021A000247","25 to 64 years","Women+","2021 Counts","Other religions and spiritual traditions","","0","units","0","","111.7.3.1.24","2710","","","","0"
"2021","Saskatchewan","2021A000247","25 to 64 years","Women+","2021 Counts","No religion and secular perspectives","","0","units","0","","111.7.3.1.25","99975","","","","0"
"2021","Saskatchewan","2021A000247","25 to 64 years","Women+","% distribution (2021)","Total - Religion","","0","units","0","","111.7.3.2.1","0.8","","","","1"
"2021","Saskatchewan","2021A000247","25 to 64 years","Women+","% distribution (2021)","Buddhist","","0","units","0","","111.7.3.2.2","0.0","","","","1"
"2021","Saskatchewan","2021A000247","25 to 64 years","Women+","% distribution (2021)","Christian","","0","units","0","","111.7.3.2.3","0.5","","","","1"
"2021","Saskatchewan","2021A000247","25 to 64 years","Women+","% distribution (2021)","Hindu","","0","units","0","","111.7.3.2.19","0.0","","","","1"
"2021","Saskatchewan","2021A000247","25 to 64 years","Women+","% distribution (2021)","Jewish","","0","units","0","","111.7.3.2.20","0.0","","","","1"
"2021","Saskatchewan","2021A000247","25 to 64 years","Women+","% distribution (2021)","Muslim","","0","units","0","","111.7.3.2.21","0.0","","","","1"
"2021","Saskatchewan","2021A000247","25 to 64 years","Women+","% distribution (2021)","Sikh","","0","units","0","","111.7.3.2.22","0.0","","","","1"
"2021","Saskatchewan","2021A000247","25 to 64 years","Women+","% distribution (2021)","Traditional (North American Indigenous) spirituality","","0","units","0","","111.7.3.2.23","0.0","","","","1"
"2021","Saskatchewan","2021A000247","25 to 64 years","Women+","% distribution (2021)","Other religions and spiritual traditions","","0","units","0","","111.7.3.2.24","0.0","","","","1"
"2021","Saskatchewan","2021A000247","25 to 64 years","Women+","% distribution (2021)","No religion and secular perspectives","","0","units","0","","111.7.3.2.25","0.3","","","","1"
"2021","Saskatchewan","2021A000247","65 years and over","Total - Gender","2021 Counts","Total - Religion","","0","units","0","","111.13.1.1.1","183455","","","","0"
"2021","Saskatchewan","2021A000247","65 years and over","Total - Gender","2021 Counts","Buddhist","","0","units","0","","111.13.1.1.2","605","","","","0"
"2021","Saskatchewan","2021A000247","65 years and over","Total - Gender","2021 Counts","Christian","","0","units","0","","111.13.1.1.3","145160","","","","0"
"2021","Saskatchewan","2021A000247","65 years and over","Total - Gender","2021 Counts","Hindu","","0","units","0","","111.13.1.1.19","530","","","","0"
"2021","Saskatchewan","2021A000247","65 years and over","Total - Gender","2021 Counts","Jewish","","0","units","0","","111.13.1.1.20","185","","","","0"
"2021","Saskatchewan","2021A000247","65 years and over","Total - Gender","2021 Counts","Muslim","","0","units","0","","111.13.1.1.21","550","","","","0"
"2021","Saskatchewan","2021A000247","65 years and over","Total - Gender","2021 Counts","Sikh","","0","units","0","","111.13.1.1.22","360","","","","0"
"2021","Saskatchewan","2021A000247","65 years and over","Total - Gender","2021 Counts","Traditional (North American Indigenous) spirituality","","0","units","0","","111.13.1.1.23","975","","","","0"
"2021","Saskatchewan","2021A000247","65 years and over","Total - Gender","2021 Counts","Other religions and spiritual traditions","","0","units","0","","111.13.1.1.24","710","","","","0"
"2021","Saskatchewan","2021A000247","65 years and over","Total - Gender","2021 Counts","No religion and secular perspectives","","0","units","0","","111.13.1.1.25","34375","","","","0"
"2021","Saskatchewan","2021A000247","65 years and over","Total - Gender","% distribution (2021)","Total - Religion","","0","units","0","","111.13.1.2.1","0.5","","","","1"
"2021","Saskatchewan","2021A000247","65 years and over","Total - Gender","% distribution (2021)","Buddhist","","0","units","0","","111.13.1.2.2","0.0","","","","1"
"2021","Saskatchewan","2021A000247","65 years and over","Total - Gender","% distribution (2021)","Christian","","0","units","0","","111.13.1.2.3","0.4","","","","1"
"2021","Saskatchewan","2021A000247","65 years and over","Total - Gender","% distribution (2021)","Hindu","","0","units","0","","111.13.1.2.19","0.0","","","","1"
"2021","Saskatchewan","2021A000247","65 years and over","Total - Gender","% distribution (2021)","Jewish","","0","units","0","","111.13.1.2.20","0.0","","","","1"
"2021","Saskatchewan","2021A000247","65 years and over","Total - Gender","% distribution (2021)","Muslim","","0","units","0","","111.13.1.2.21","0.0","","","","1"
"2021","Saskatchewan","2021A000247","65 years and over","Total - Gender","% distribution (2021)","Sikh","","0","units","0","","111.13.1.2.22","0.0","","","","1"
"2021","Saskatchewan","2021A000247","65 years and over","Total - Gender","% distribution (2021)","Traditional (North American Indigenous) spirituality","","0","units","0","","111.13.1.2.23","0.0","","","","1"
"2021","Saskatchewan","2021A000247","65 years and over","Total - Gender","% distribution (2021)","Other religions and spiritual traditions","","0","units","0","","111.13.1.2.24","0.0","","","","1"
"2021","Saskatchewan","2021A000247","65 years and over","Total - Gender","% distribution (2021)","No religion and secular perspectives","","0","units","0","","111.13.1.2.25","0.1","","","","1"
"2021","Saskatchewan","2021A000247","65 years and over","Men+","2021 Counts","Total - Religion","","0","units","0","","111.13.2.1.1","86645","","","","0"
"2021","Saskatchewan","2021A000247","65 years and over","Men+","2021 Counts","Buddhist","","0","units","0","","111.13.2.1.2","245","","","","0"
"2021","Saskatchewan","2021A000247","65 years and over","Men+","2021 Counts","Christian","","0","units","0","","111.13.2.1.3","64920","","","","0"
"2021","Saskatchewan","2021A000247","65 years and over","Men+","2021 Counts","Hindu","","0","units","0","","111.13.2.1.19","305","","","","0"
"2021","Saskatchewan","2021A000247","65 years and over","Men+","2021 Counts","Jewish","","0","units","0","","111.13.2.1.20","115","","","","0"
"2021","Saskatchewan","2021A000247","65 years and over","Men+","2021 Counts","Muslim","","0","units","0","","111.13.2.1.21","270","","","","0"
"2021","Saskatchewan","2021A000247","65 years and over","Men+","2021 Counts","Sikh","","0","units","0","","111.13.2.1.22","155","","","","0"
"2021","Saskatchewan","2021A000247","65 years and over","Men+","2021 Counts","Traditional (North American Indigenous) spirituality","","0","units","0","","111.13.2.1.23","475","","","","0"
"2021","Saskatchewan","2021A000247","65 years and over","Men+","2021 Counts","Other religions and spiritual traditions","","0","units","0","","111.13.2.1.24","310","","","","0"
"2021","Saskatchewan","2021A000247","65 years and over","Men+","2021 Counts","No religion and secular perspectives","","0","units","0","","111.13.2.1.25","19845","","","","0"
"2021","Saskatchewan","2021A000247","65 years and over","Men+","% distribution (2021)","Total - Religion","","0","units","0","","111.13.2.2.1","0.2","","","","1"
"2021","Saskatchewan","2021A000247","65 years and over","Men+","% distribution (2021)","Buddhist","","0","units","0","","111.13.2.2.2","0.0","","","","1"
"2021","Saskatchewan","2021A000247","65 years and over","Men+","% distribution (2021)","Christian","","0","units","0","","111.13.2.2.3","0.2","","","","1"
"2021","Saskatchewan","2021A000247","65 years and over","Men+","% distribution (2021)","Hindu","","0","units","0","","111.13.2.2.19","0.0","","","","1"
"2021","Saskatchewan","2021A000247","65 years and over","Men+","% distribution (2021)","Jewish","","0","units","0","","111.13.2.2.20","0.0","","","","1"
"2021","Saskatchewan","2021A000247","65 years and over","Men+","% distribution (2021)","Muslim","","0","units","0","","111.13.2.2.21","0.0","","","","1"
"2021","Saskatchewan","2021A000247","65 years and over","Men+","% distribution (2021)","Sikh","","0","units","0","","111.13.2.2.22","0.0","","","","1"
"2021","Saskatchewan","2021A000247","65 years and over","Men+","% distribution (2021)","Traditional (North American Indigenous) spirituality","","0","units","0","","111.13.2.2.23","0.0","","","","1"
"2021","Saskatchewan","2021A000247","65 years and over","Men+","% distribution (2021)","Other religions and spiritual traditions","","0","units","0","","111.13.2.2.24","0.0","","","","1"
"2021","Saskatchewan","2021A000247","65 years and over","Men+","% distribution (2021)","No religion and secular perspectives","","0","units","0","","111.13.2.2.25","0.1","","","","1"
"2021","Saskatchewan","2021A000247","65 years and over","Women+","2021 Counts","Total - Religion","","0","units","0","","111.13.3.1.1","96815","","","","0"
"2021","Saskatchewan","2021A000247","65 years and over","Women+","2021 Counts","Buddhist","","0","units","0","","111.13.3.1.2","360","","","","0"
"2021","Saskatchewan","2021A000247","65 years and over","Women+","2021 Counts","Christian","","0","units","0","","111.13.3.1.3","80240","","","","0"
"2021","Saskatchewan","2021A000247","65 years and over","Women+","2021 Counts","Hindu","","0","units","0","","111.13.3.1.19","225","","","","0"
"2021","Saskatchewan","2021A000247","65 years and over","Women+","2021 Counts","Jewish","","0","units","0","","111.13.3.1.20","75","","","","0"
"2021","Saskatchewan","2021A000247","65 years and over","Women+","2021 Counts","Muslim","","0","units","0","","111.13.3.1.21","280","","","","0"
"2021","Saskatchewan","2021A000247","65 years and over","Women+","2021 Counts","Sikh","","0","units","0","","111.13.3.1.22","205","","","","0"
"2021","Saskatchewan","2021A000247","65 years and over","Women+","2021 Counts","Traditional (North American Indigenous) spirituality","","0","units","0","","111.13.3.1.23","500","","","","0"
"2021","Saskatchewan","2021A000247","65 years and over","Women+","2021 Counts","Other religions and spiritual traditions","","0","units","0","","111.13.3.1.24","400","","","","0"
"2021","Saskatchewan","2021A000247","65 years and over","Women+","2021 Counts","No religion and secular perspectives","","0","units","0","","111.13.3.1.25","14525","","","","0"
"2021","Saskatchewan","2021A000247","65 years and over","Women+","% distribution (2021)","Total - Religion","","0","units","0","","111.13.3.2.1","0.3","","","","1"
"2021","Saskatchewan","2021A000247","65 years and over","Women+","% distribution (2021)","Buddhist","","0","units","0","","111.13.3.2.2","0.0","","","","1"
"2021","Saskatchewan","2021A000247","65 years and over","Women+","% distribution (2021)","Christian","","0","units","0","","111.13.3.2.3","0.2","","","","1"
"2021","Saskatchewan","2021A000247","65 years and over","Women+","% distribution (2021)","Hindu","","0","units","0","","111.13.3.2.19","0.0","","","","1"
"2021","Saskatchewan","2021A000247","65 years and over","Women+","% distribution (2021)","Jewish","","0","units","0","","111.13.3.2.20","0.0","","","","1"
"2021","Saskatchewan","2021A000247","65 years and over","Women+","% distribution (2021)","Muslim","","0","units","0","","111.13.3.2.21","0.0","","","","1"
"2021","Saskatchewan","2021A000247","65 years and over","Women+","% distribution (2021)","Sikh","","0","units","0","","111.13.3.2.22","0.0","","","","1"
"2021","Saskatchewan","2021A000247","65 years and over","Women+","% distribution (2021)","Traditional (North American Indigenous) spirituality","","0","units","0","","111.13.3.2.23","0.0","","","","1"
"2021","Saskatchewan","2021A000247","65 years and over","Women+","% distribution (2021)","Other religions and spiritual traditions","","0","units","0","","111.13.3.2.24","0.0","","","","1"
"2021","Saskatchewan","2021A000247","65 years and over","Women+","% distribution (2021)","No religion and secular perspectives","","0","units","0","","111.13.3.2.25","0.0","","","","1"
"2021","Alberta","2021A000248","Total - Age","Total - Gender","2021 Counts","Total - Religion","","0","units","0","","121.1.1.1.1","4177720","","","","0"
"2021","Alberta","2021A000248","Total - Age","Total - Gender","2021 Counts","Buddhist","","0","units","0","","121.1.1.1.2","42830","","","","0"
"2021","Alberta","2021A000248","Total - Age","Total - Gender","2021 Counts","Christian","","0","units","0","","121.1.1.1.3","2009820","","","","0"
"2021","Alberta","2021A000248","Total - Age","Total - Gender","2021 Counts","Hindu","","0","units","0","","121.1.1.1.19","78520","","","","0"
"2021","Alberta","2021A000248","Total - Age","Total - Gender","2021 Counts","Jewish","","0","units","0","","121.1.1.1.20","11390","","","","0"
"2021","Alberta","2021A000248","Total - Age","Total - Gender","2021 Counts","Muslim","","0","units","0","","121.1.1.1.21","202535","","","","0"
"2021","Alberta","2021A000248","Total - Age","Total - Gender","2021 Counts","Sikh","","0","units","0","","121.1.1.1.22","103600","","","","0"
"2021","Alberta","2021A000248","Total - Age","Total - Gender","2021 Counts","Traditional (North American Indigenous) spirituality","","0","units","0","","121.1.1.1.23","19755","","","","0"
"2021","Alberta","2021A000248","Total - Age","Total - Gender","2021 Counts","Other religions and spiritual traditions","","0","units","0","","121.1.1.1.24","33225","","","","0"
"2021","Alberta","2021A000248","Total - Age","Total - Gender","2021 Counts","No religion and secular perspectives","","0","units","0","","121.1.1.1.25","1676045","","","","0"
"2021","Alberta","2021A000248","Total - Age","Total - Gender","% distribution (2021)","Total - Religion","","0","units","0","","121.1.1.2.1","11.5","","","","1"
"2021","Alberta","2021A000248","Total - Age","Total - Gender","% distribution (2021)","Buddhist","","0","units","0","","121.1.1.2.2","0.1","","","","1"
"2021","Alberta","2021A000248","Total - Age","Total - Gender","% distribution (2021)","Christian","","0","units","0","","121.1.1.2.3","5.5","","","","1"
"2021","Alberta","2021A000248","Total - Age","Total - Gender","% distribution (2021)","Hindu","","0","units","0","","121.1.1.2.19","0.2","","","","1"
"2021","Alberta","2021A000248","Total - Age","Total - Gender","% distribution (2021)","Jewish","","0","units","0","","121.1.1.2.20","0.0","","","","1"
"2021","Alberta","2021A000248","Total - Age","Total - Gender","% distribution (2021)","Muslim","","0","units","0","","121.1.1.2.21","0.6","","","","1"
"2021","Alberta","2021A000248","Total - Age","Total - Gender","% distribution (2021)","Sikh","","0","units","0","","121.1.1.2.22","0.3","","","","1"
"2021","Alberta","2021A000248","Total - Age","Total - Gender","% distribution (2021)","Traditional (North American Indigenous) spirituality","","0","units","0","","121.1.1.2.23","0.1","","","","1"
"2021","Alberta","2021A000248","Total - Age","Total - Gender","% distribution (2021)","Other religions and spiritual traditions","","0","units","0","","121.1.1.2.24","0.1","","","","1"
"2021","Alberta","2021A000248","Total - Age","Total - Gender","% distribution (2021)","No religion and secular perspectives","","0","units","0","","121.1.1.2.25","4.6","","","","1"
"2021","Alberta","2021A000248","Total - Age","Men+","2021 Counts","Total - Religion","","0","units","0","","121.1.2.1.1","2088235","","","","0"
"2021","Alberta","2021A000248","Total - Age","Men+","2021 Counts","Buddhist","","0","units","0","","121.1.2.1.2","19140","","","","0"
"2021","Alberta","2021A000248","Total - Age","Men+","2021 Counts","Christian","","0","units","0","","121.1.2.1.3","952440","","","","0"
"2021","Alberta","2021A000248","Total - Age","Men+","2021 Counts","Hindu","","0","units","0","","121.1.2.1.19","40435","","","","0"
"2021","Alberta","2021A000248","Total - Age","Men+","2021 Counts","Jewish","","0","units","0","","121.1.2.1.20","5475","","","","0"
"2021","Alberta","2021A000248","Total - Age","Men+","2021 Counts","Muslim","","0","units","0","","121.1.2.1.21","103635","","","","0"
"2021","Alberta","2021A000248","Total - Age","Men+","2021 Counts","Sikh","","0","units","0","","121.1.2.1.22","52500","","","","0"
"2021","Alberta","2021A000248","Total - Age","Men+","2021 Counts","Traditional (North American Indigenous) spirituality","","0","units","0","","121.1.2.1.23","9640","","","","0"
"2021","Alberta","2021A000248","Total - Age","Men+","2021 Counts","Other religions and spiritual traditions","","0","units","0","","121.1.2.1.24","14320","","","","0"
"2021","Alberta","2021A000248","Total - Age","Men+","2021 Counts","No religion and secular perspectives","","0","units","0","","121.1.2.1.25","890650","","","","0"
"2021","Alberta","2021A000248","Total - Age","Men+","% distribution (2021)","Total - Religion","","0","units","0","","121.1.2.2.1","5.7","","","","1"
"2021","Alberta","2021A000248","Total - Age","Men+","% distribution (2021)","Buddhist","","0","units","0","","121.1.2.2.2","0.1","","","","1"
"2021","Alberta","2021A000248","Total - Age","Men+","% distribution (2021)","Christian","","0","units","0","","121.1.2.2.3","2.6","","","","1"
"2021","Alberta","2021A000248","Total - Age","Men+","% distribution (2021)","Hindu","","0","units","0","","121.1.2.2.19","0.1","","","","1"
"2021","Alberta","2021A000248","Total - Age","Men+","% distribution (2021)","Jewish","","0","units","0","","121.1.2.2.20","0.0","","","","1"
"2021","Alberta","2021A000248","Total - Age","Men+","% distribution (2021)","Muslim","","0","units","0","","121.1.2.2.21","0.3","","","","1"
"2021","Alberta","2021A000248","Total - Age","Men+","% distribution (2021)","Sikh","","0","units","0","","121.1.2.2.22","0.1","","","","1"
"2021","Alberta","2021A000248","Total - Age","Men+","% distribution (2021)","Traditional (North American Indigenous) spirituality","","0","units","0","","121.1.2.2.23","0.0","","","","1"
"2021","Alberta","2021A000248","Total - Age","Men+","% distribution (2021)","Other religions and spiritual traditions","","0","units","0","","121.1.2.2.24","0.0","","","","1"
"2021","Alberta","2021A000248","Total - Age","Men+","% distribution (2021)","No religion and secular perspectives","","0","units","0","","121.1.2.2.25","2.5","","","","1"
"2021","Alberta","2021A000248","Total - Age","Women+","2021 Counts","Total - Religion","","0","units","0","","121.1.3.1.1","2089485","","","","0"
"2021","Alberta","2021A000248","Total - Age","Women+","2021 Counts","Buddhist","","0","units","0","","121.1.3.1.2","23695","","","","0"
"2021","Alberta","2021A000248","Total - Age","Women+","2021 Counts","Christian","","0","units","0","","121.1.3.1.3","1057380","","","","0"
"2021","Alberta","2021A000248","Total - Age","Women+","2021 Counts","Hindu","","0","units","0","","121.1.3.1.19","38085","","","","0"
"2021","Alberta","2021A000248","Total - Age","Women+","2021 Counts","Jewish","","0","units","0","","121.1.3.1.20","5915","","","","0"
"2021","Alberta","2021A000248","Total - Age","Women+","2021 Counts","Muslim","","0","units","0","","121.1.3.1.21","98900","","","","0"
"2021","Alberta","2021A000248","Total - Age","Women+","2021 Counts","Sikh","","0","units","0","","121.1.3.1.22","51095","","","","0"
"2021","Alberta","2021A000248","Total - Age","Women+","2021 Counts","Traditional (North American Indigenous) spirituality","","0","units","0","","121.1.3.1.23","10120","","","","0"
"2021","Alberta","2021A000248","Total - Age","Women+","2021 Counts","Other religions and spiritual traditions","","0","units","0","","121.1.3.1.24","18900","","","","0"
"2021","Alberta","2021A000248","Total - Age","Women+","2021 Counts","No religion and secular perspectives","","0","units","0","","121.1.3.1.25","785400","","","","0"
"2021","Alberta","2021A000248","Total - Age","Women+","% distribution (2021)","Total - Religion","","0","units","0","","121.1.3.2.1","5.8","","","","1"
"2021","Alberta","2021A000248","Total - Age","Women+","% distribution (2021)","Buddhist","","0","units","0","","121.1.3.2.2","0.1","","","","1"
"2021","Alberta","2021A000248","Total - Age","Women+","% distribution (2021)","Christian","","0","units","0","","121.1.3.2.3","2.9","","","","1"
"2021","Alberta","2021A000248","Total - Age","Women+","% distribution (2021)","Hindu","","0","units","0","","121.1.3.2.19","0.1","","","","1"
"2021","Alberta","2021A000248","Total - Age","Women+","% distribution (2021)","Jewish","","0","units","0","","121.1.3.2.20","0.0","","","","1"
"2021","Alberta","2021A000248","Total - Age","Women+","% distribution (2021)","Muslim","","0","units","0","","121.1.3.2.21","0.3","","","","1"
"2021","Alberta","2021A000248","Total - Age","Women+","% distribution (2021)","Sikh","","0","units","0","","121.1.3.2.22","0.1","","","","1"
"2021","Alberta","2021A000248","Total - Age","Women+","% distribution (2021)","Traditional (North American Indigenous) spirituality","","0","units","0","","121.1.3.2.23","0.0","","","","1"
"2021","Alberta","2021A000248","Total - Age","Women+","% distribution (2021)","Other religions and spiritual traditions","","0","units","0","","121.1.3.2.24","0.1","","","","1"
"2021","Alberta","2021A000248","Total - Age","Women+","% distribution (2021)","No religion and secular perspectives","","0","units","0","","121.1.3.2.25","2.2","","","","1"
"2021","Alberta","2021A000248","0 to 14 years","Total - Gender","2021 Counts","Total - Religion","","0","units","0","","121.2.1.1.1","802585","","","","0"
"2021","Alberta","2021A000248","0 to 14 years","Total - Gender","2021 Counts","Buddhist","","0","units","0","","121.2.1.1.2","4300","","","","0"
"2021","Alberta","2021A000248","0 to 14 years","Total - Gender","2021 Counts","Christian","","0","units","0","","121.2.1.1.3","342160","","","","0"
"2021","Alberta","2021A000248","0 to 14 years","Total - Gender","2021 Counts","Hindu","","0","units","0","","121.2.1.1.19","16780","","","","0"
"2021","Alberta","2021A000248","0 to 14 years","Total - Gender","2021 Counts","Jewish","","0","units","0","","121.2.1.1.20","1820","","","","0"
"2021","Alberta","2021A000248","0 to 14 years","Total - Gender","2021 Counts","Muslim","","0","units","0","","121.2.1.1.21","60680","","","","0"
"2021","Alberta","2021A000248","0 to 14 years","Total - Gender","2021 Counts","Sikh","","0","units","0","","121.2.1.1.22","21470","","","","0"
"2021","Alberta","2021A000248","0 to 14 years","Total - Gender","2021 Counts","Traditional (North American Indigenous) spirituality","","0","units","0","","121.2.1.1.23","6310","","","","0"
"2021","Alberta","2021A000248","0 to 14 years","Total - Gender","2021 Counts","Other religions and spiritual traditions","","0","units","0","","121.2.1.1.24","4190","","","","0"
"2021","Alberta","2021A000248","0 to 14 years","Total - Gender","2021 Counts","No religion and secular perspectives","","0","units","0","","121.2.1.1.25","344880","","","","0"
"2021","Alberta","2021A000248","0 to 14 years","Total - Gender","% distribution (2021)","Total - Religion","","0","units","0","","121.2.1.2.1","2.2","","","","1"
"2021","Alberta","2021A000248","0 to 14 years","Total - Gender","% distribution (2021)","Buddhist","","0","units","0","","121.2.1.2.2","0.0","","","","1"
"2021","Alberta","2021A000248","0 to 14 years","Total - Gender","% distribution (2021)","Christian","","0","units","0","","121.2.1.2.3","0.9","","","","1"
"2021","Alberta","2021A000248","0 to 14 years","Total - Gender","% distribution (2021)","Hindu","","0","units","0","","121.2.1.2.19","0.0","","","","1"
"2021","Alberta","2021A000248","0 to 14 years","Total - Gender","% distribution (2021)","Jewish","","0","units","0","","121.2.1.2.20","0.0","","","","1"
"2021","Alberta","2021A000248","0 to 14 years","Total - Gender","% distribution (2021)","Muslim","","0","units","0","","121.2.1.2.21","0.2","","","","1"
"2021","Alberta","2021A000248","0 to 14 years","Total - Gender","% distribution (2021)","Sikh","","0","units","0","","121.2.1.2.22","0.1","","","","1"
"2021","Alberta","2021A000248","0 to 14 years","Total - Gender","% distribution (2021)","Traditional (North American Indigenous) spirituality","","0","units","0","","121.2.1.2.23","0.0","","","","1"
"2021","Alberta","2021A000248","0 to 14 years","Total - Gender","% distribution (2021)","Other religions and spiritual traditions","","0","units","0","","121.2.1.2.24","0.0","","","","1"
"2021","Alberta","2021A000248","0 to 14 years","Total - Gender","% distribution (2021)","No religion and secular perspectives","","0","units","0","","121.2.1.2.25","0.9","","","","1"
"2021","Alberta","2021A000248","0 to 14 years","Men+","2021 Counts","Total - Religion","","0","units","0","","121.2.2.1.1","412380","","","","0"
"2021","Alberta","2021A000248","0 to 14 years","Men+","2021 Counts","Buddhist","","0","units","0","","121.2.2.1.2","2160","","","","0"
"2021","Alberta","2021A000248","0 to 14 years","Men+","2021 Counts","Christian","","0","units","0","","121.2.2.1.3","174835","","","","0"
"2021","Alberta","2021A000248","0 to 14 years","Men+","2021 Counts","Hindu","","0","units","0","","121.2.2.1.19","8600","","","","0"
"2021","Alberta","2021A000248","0 to 14 years","Men+","2021 Counts","Jewish","","0","units","0","","121.2.2.1.20","940","","","","0"
"2021","Alberta","2021A000248","0 to 14 years","Men+","2021 Counts","Muslim","","0","units","0","","121.2.2.1.21","31355","","","","0"
"2021","Alberta","2021A000248","0 to 14 years","Men+","2021 Counts","Sikh","","0","units","0","","121.2.2.1.22","11115","","","","0"
"2021","Alberta","2021A000248","0 to 14 years","Men+","2021 Counts","Traditional (North American Indigenous) spirituality","","0","units","0","","121.2.2.1.23","3270","","","","0"
"2021","Alberta","2021A000248","0 to 14 years","Men+","2021 Counts","Other religions and spiritual traditions","","0","units","0","","121.2.2.1.24","2155","","","","0"
"2021","Alberta","2021A000248","0 to 14 years","Men+","2021 Counts","No religion and secular perspectives","","0","units","0","","121.2.2.1.25","177945","","","","0"
"2021","Alberta","2021A000248","0 to 14 years","Men+","% distribution (2021)","Total - Religion","","0","units","0","","121.2.2.2.1","1.1","","","","1"
"2021","Alberta","2021A000248","0 to 14 years","Men+","% distribution (2021)","Buddhist","","0","units","0","","121.2.2.2.2","0.0","","","","1"
"2021","Alberta","2021A000248","0 to 14 years","Men+","% distribution (2021)","Christian","","0","units","0","","121.2.2.2.3","0.5","","","","1"
"2021","Alberta","2021A000248","0 to 14 years","Men+","% distribution (2021)","Hindu","","0","units","0","","121.2.2.2.19","0.0","","","","1"
"2021","Alberta","2021A000248","0 to 14 years","Men+","% distribution (2021)","Jewish","","0","units","0","","121.2.2.2.20","0.0","","","","1"
"2021","Alberta","2021A000248","0 to 14 years","Men+","% distribution (2021)","Muslim","","0","units","0","","121.2.2.2.21","0.1","","","","1"
"2021","Alberta","2021A000248","0 to 14 years","Men+","% distribution (2021)","Sikh","","0","units","0","","121.2.2.2.22","0.0","","","","1"
"2021","Alberta","2021A000248","0 to 14 years","Men+","% distribution (2021)","Traditional (North American Indigenous) spirituality","","0","units","0","","121.2.2.2.23","0.0","","","","1"
"2021","Alberta","2021A000248","0 to 14 years","Men+","% distribution (2021)","Other religions and spiritual traditions","","0","units","0","","121.2.2.2.24","0.0","","","","1"
"2021","Alberta","2021A000248","0 to 14 years","Men+","% distribution (2021)","No religion and secular perspectives","","0","units","0","","121.2.2.2.25","0.5","","","","1"
"2021","Alberta","2021A000248","0 to 14 years","Women+","2021 Counts","Total - Religion","","0","units","0","","121.2.3.1.1","390205","","","","0"
"2021","Alberta","2021A000248","0 to 14 years","Women+","2021 Counts","Buddhist","","0","units","0","","121.2.3.1.2","2140","","","","0"
"2021","Alberta","2021A000248","0 to 14 years","Women+","2021 Counts","Christian","","0","units","0","","121.2.3.1.3","167330","","","","0"
"2021","Alberta","2021A000248","0 to 14 years","Women+","2021 Counts","Hindu","","0","units","0","","121.2.3.1.19","8180","","","","0"
"2021","Alberta","2021A000248","0 to 14 years","Women+","2021 Counts","Jewish","","0","units","0","","121.2.3.1.20","875","","","","0"
"2021","Alberta","2021A000248","0 to 14 years","Women+","2021 Counts","Muslim","","0","units","0","","121.2.3.1.21","29325","","","","0"
"2021","Alberta","2021A000248","0 to 14 years","Women+","2021 Counts","Sikh","","0","units","0","","121.2.3.1.22","10355","","","","0"
"2021","Alberta","2021A000248","0 to 14 years","Women+","2021 Counts","Traditional (North American Indigenous) spirituality","","0","units","0","","121.2.3.1.23","3030","","","","0"
"2021","Alberta","2021A000248","0 to 14 years","Women+","2021 Counts","Other religions and spiritual traditions","","0","units","0","","121.2.3.1.24","2035","","","","0"
"2021","Alberta","2021A000248","0 to 14 years","Women+","2021 Counts","No religion and secular perspectives","","0","units","0","","121.2.3.1.25","166930","","","","0"
"2021","Alberta","2021A000248","0 to 14 years","Women+","% distribution (2021)","Total - Religion","","0","units","0","","121.2.3.2.1","1.1","","","","1"
"2021","Alberta","2021A000248","0 to 14 years","Women+","% distribution (2021)","Buddhist","","0","units","0","","121.2.3.2.2","0.0","","","","1"
"2021","Alberta","2021A000248","0 to 14 years","Women+","% distribution (2021)","Christian","","0","units","0","","121.2.3.2.3","0.5","","","","1"
"2021","Alberta","2021A000248","0 to 14 years","Women+","% distribution (2021)","Hindu","","0","units","0","","121.2.3.2.19","0.0","","","","1"
"2021","Alberta","2021A000248","0 to 14 years","Women+","% distribution (2021)","Jewish","","0","units","0","","121.2.3.2.20","0.0","","","","1"
"2021","Alberta","2021A000248","0 to 14 years","Women+","% distribution (2021)","Muslim","","0","units","0","","121.2.3.2.21","0.1","","","","1"
"2021","Alberta","2021A000248","0 to 14 years","Women+","% distribution (2021)","Sikh","","0","units","0","","121.2.3.2.22","0.0","","","","1"
"2021","Alberta","2021A000248","0 to 14 years","Women+","% distribution (2021)","Traditional (North American Indigenous) spirituality","","0","units","0","","121.2.3.2.23","0.0","","","","1"
"2021","Alberta","2021A000248","0 to 14 years","Women+","% distribution (2021)","Other religions and spiritual traditions","","0","units","0","","121.2.3.2.24","0.0","","","","1"
"2021","Alberta","2021A000248","0 to 14 years","Women+","% distribution (2021)","No religion and secular perspectives","","0","units","0","","121.2.3.2.25","0.5","","","","1"
"2021","Alberta","2021A000248","15 years and over","Total - Gender","2021 Counts","Total - Religion","","0","units","0","","121.3.1.1.1","3375135","","","","0"
"2021","Alberta","2021A000248","15 years and over","Total - Gender","2021 Counts","Buddhist","","0","units","0","","121.3.1.1.2","38530","","","","0"
"2021","Alberta","2021A000248","15 years and over","Total - Gender","2021 Counts","Christian","","0","units","0","","121.3.1.1.3","1667665","","","","0"
"2021","Alberta","2021A000248","15 years and over","Total - Gender","2021 Counts","Hindu","","0","units","0","","121.3.1.1.19","61735","","","","0"
"2021","Alberta","2021A000248","15 years and over","Total - Gender","2021 Counts","Jewish","","0","units","0","","121.3.1.1.20","9570","","","","0"
"2021","Alberta","2021A000248","15 years and over","Total - Gender","2021 Counts","Muslim","","0","units","0","","121.3.1.1.21","141855","","","","0"
"2021","Alberta","2021A000248","15 years and over","Total - Gender","2021 Counts","Sikh","","0","units","0","","121.3.1.1.22","82130","","","","0"
"2021","Alberta","2021A000248","15 years and over","Total - Gender","2021 Counts","Traditional (North American Indigenous) spirituality","","0","units","0","","121.3.1.1.23","13445","","","","0"
"2021","Alberta","2021A000248","15 years and over","Total - Gender","2021 Counts","Other religions and spiritual traditions","","0","units","0","","121.3.1.1.24","29035","","","","0"
"2021","Alberta","2021A000248","15 years and over","Total - Gender","2021 Counts","No religion and secular perspectives","","0","units","0","","121.3.1.1.25","1331165","","","","0"
"2021","Alberta","2021A000248","15 years and over","Total - Gender","% distribution (2021)","Total - Religion","","0","units","0","","121.3.1.2.1","9.3","","","","1"
"2021","Alberta","2021A000248","15 years and over","Total - Gender","% distribution (2021)","Buddhist","","0","units","0","","121.3.1.2.2","0.1","","","","1"
"2021","Alberta","2021A000248","15 years and over","Total - Gender","% distribution (2021)","Christian","","0","units","0","","121.3.1.2.3","4.6","","","","1"
"2021","Alberta","2021A000248","15 years and over","Total - Gender","% distribution (2021)","Hindu","","0","units","0","","121.3.1.2.19","0.2","","","","1"
"2021","Alberta","2021A000248","15 years and over","Total - Gender","% distribution (2021)","Jewish","","0","units","0","","121.3.1.2.20","0.0","","","","1"
"2021","Alberta","2021A000248","15 years and over","Total - Gender","% distribution (2021)","Muslim","","0","units","0","","121.3.1.2.21","0.4","","","","1"
"2021","Alberta","2021A000248","15 years and over","Total - Gender","% distribution (2021)","Sikh","","0","units","0","","121.3.1.2.22","0.2","","","","1"
"2021","Alberta","2021A000248","15 years and over","Total - Gender","% distribution (2021)","Traditional (North American Indigenous) spirituality","","0","units","0","","121.3.1.2.23","0.0","","","","1"
"2021","Alberta","2021A000248","15 years and over","Total - Gender","% distribution (2021)","Other religions and spiritual traditions","","0","units","0","","121.3.1.2.24","0.1","","","","1"
"2021","Alberta","2021A000248","15 years and over","Total - Gender","% distribution (2021)","No religion and secular perspectives","","0","units","0","","121.3.1.2.25","3.7","","","","1"
"2021","Alberta","2021A000248","15 years and over","Men+","2021 Counts","Total - Religion","","0","units","0","","121.3.2.1.1","1675855","","","","0"
"2021","Alberta","2021A000248","15 years and over","Men+","2021 Counts","Buddhist","","0","units","0","","121.3.2.1.2","16980","","","","0"
"2021","Alberta","2021A000248","15 years and over","Men+","2021 Counts","Christian","","0","units","0","","121.3.2.1.3","777605","","","","0"
"2021","Alberta","2021A000248","15 years and over","Men+","2021 Counts","Hindu","","0","units","0","","121.3.2.1.19","31835","","","","0"
"2021","Alberta","2021A000248","15 years and over","Men+","2021 Counts","Jewish","","0","units","0","","121.3.2.1.20","4535","","","","0"
"2021","Alberta","2021A000248","15 years and over","Men+","2021 Counts","Muslim","","0","units","0","","121.3.2.1.21","72280","","","","0"
"2021","Alberta","2021A000248","15 years and over","Men+","2021 Counts","Sikh","","0","units","0","","121.3.2.1.22","41390","","","","0"
"2021","Alberta","2021A000248","15 years and over","Men+","2021 Counts","Traditional (North American Indigenous) spirituality","","0","units","0","","121.3.2.1.23","6365","","","","0"
"2021","Alberta","2021A000248","15 years and over","Men+","2021 Counts","Other religions and spiritual traditions","","0","units","0","","121.3.2.1.24","12165","","","","0"
"2021","Alberta","2021A000248","15 years and over","Men+","2021 Counts","No religion and secular perspectives","","0","units","0","","121.3.2.1.25","712695","","","","0"
"2021","Alberta","2021A000248","15 years and over","Men+","% distribution (2021)","Total - Religion","","0","units","0","","121.3.2.2.1","4.6","","","","1"
"2021","Alberta","2021A000248","15 years and over","Men+","% distribution (2021)","Buddhist","","0","units","0","","121.3.2.2.2","0.0","","","","1"
"2021","Alberta","2021A000248","15 years and over","Men+","% distribution (2021)","Christian","","0","units","0","","121.3.2.2.3","2.1","","","","1"
"2021","Alberta","2021A000248","15 years and over","Men+","% distribution (2021)","Hindu","","0","units","0","","121.3.2.2.19","0.1","","","","1"
"2021","Alberta","2021A000248","15 years and over","Men+","% distribution (2021)","Jewish","","0","units","0","","121.3.2.2.20","0.0","","","","1"
"2021","Alberta","2021A000248","15 years and over","Men+","% distribution (2021)","Muslim","","0","units","0","","121.3.2.2.21","0.2","","","","1"
"2021","Alberta","2021A000248","15 years and over","Men+","% distribution (2021)","Sikh","","0","units","0","","121.3.2.2.22","0.1","","","","1"
"2021","Alberta","2021A000248","15 years and over","Men+","% distribution (2021)","Traditional (North American Indigenous) spirituality","","0","units","0","","121.3.2.2.23","0.0","","","","1"
"2021","Alberta","2021A000248","15 years and over","Men+","% distribution (2021)","Other religions and spiritual traditions","","0","units","0","","121.3.2.2.24","0.0","","","","1"
"2021","Alberta","2021A000248","15 years and over","Men+","% distribution (2021)","No religion and secular perspectives","","0","units","0","","121.3.2.2.25","2.0","","","","1"
"2021","Alberta","2021A000248","15 years and over","Women+","2021 Counts","Total - Religion","","0","units","0","","121.3.3.1.1","1699275","","","","0"
"2021","Alberta","2021A000248","15 years and over","Women+","2021 Counts","Buddhist","","0","units","0","","121.3.3.1.2","21550","","","","0"
"2021","Alberta","2021A000248","15 years and over","Women+","2021 Counts","Christian","","0","units","0","","121.3.3.1.3","890055","","","","0"
"2021","Alberta","2021A000248","15 years and over","Women+","2021 Counts","Hindu","","0","units","0","","121.3.3.1.19","29905","","","","0"
"2021","Alberta","2021A000248","15 years and over","Women+","2021 Counts","Jewish","","0","units","0","","121.3.3.1.20","5035","","","","0"
"2021","Alberta","2021A000248","15 years and over","Women+","2021 Counts","Muslim","","0","units","0","","121.3.3.1.21","69570","","","","0"
"2021","Alberta","2021A000248","15 years and over","Women+","2021 Counts","Sikh","","0","units","0","","121.3.3.1.22","40740","","","","0"
"2021","Alberta","2021A000248","15 years and over","Women+","2021 Counts","Traditional (North American Indigenous) spirituality","","0","units","0","","121.3.3.1.23","7085","","","","0"
"2021","Alberta","2021A000248","15 years and over","Women+","2021 Counts","Other religions and spiritual traditions","","0","units","0","","121.3.3.1.24","16865","","","","0"
"2021","Alberta","2021A000248","15 years and over","Women+","2021 Counts","No religion and secular perspectives","","0","units","0","","121.3.3.1.25","618465","","","","0"
"2021","Alberta","2021A000248","15 years and over","Women+","% distribution (2021)","Total - Religion","","0","units","0","","121.3.3.2.1","4.7","","","","1"
"2021","Alberta","2021A000248","15 years and over","Women+","% distribution (2021)","Buddhist","","0","units","0","","121.3.3.2.2","0.1","","","","1"
"2021","Alberta","2021A000248","15 years and over","Women+","% distribution (2021)","Christian","","0","units","0","","121.3.3.2.3","2.5","","","","1"
"2021","Alberta","2021A000248","15 years and over","Women+","% distribution (2021)","Hindu","","0","units","0","","121.3.3.2.19","0.1","","","","1"
"2021","Alberta","2021A000248","15 years and over","Women+","% distribution (2021)","Jewish","","0","units","0","","121.3.3.2.20","0.0","","","","1"
"2021","Alberta","2021A000248","15 years and over","Women+","% distribution (2021)","Muslim","","0","units","0","","121.3.3.2.21","0.2","","","","1"
"2021","Alberta","2021A000248","15 years and over","Women+","% distribution (2021)","Sikh","","0","units","0","","121.3.3.2.22","0.1","","","","1"
"2021","Alberta","2021A000248","15 years and over","Women+","% distribution (2021)","Traditional (North American Indigenous) spirituality","","0","units","0","","121.3.3.2.23","0.0","","","","1"
"2021","Alberta","2021A000248","15 years and over","Women+","% distribution (2021)","Other religions and spiritual traditions","","0","units","0","","121.3.3.2.24","0.0","","","","1"
"2021","Alberta","2021A000248","15 years and over","Women+","% distribution (2021)","No religion and secular perspectives","","0","units","0","","121.3.3.2.25","1.7","","","","1"
"2021","Alberta","2021A000248","15 to 24 years","Total - Gender","2021 Counts","Total - Religion","","0","units","0","","121.4.1.1.1","492155","","","","0"
"2021","Alberta","2021A000248","15 to 24 years","Total - Gender","2021 Counts","Buddhist","","0","units","0","","121.4.1.1.2","4180","","","","0"
"2021","Alberta","2021A000248","15 to 24 years","Total - Gender","2021 Counts","Christian","","0","units","0","","121.4.1.1.3","215865","","","","0"
"2021","Alberta","2021A000248","15 to 24 years","Total - Gender","2021 Counts","Hindu","","0","units","0","","121.4.1.1.19","8985","","","","0"
"2021","Alberta","2021A000248","15 to 24 years","Total - Gender","2021 Counts","Jewish","","0","units","0","","121.4.1.1.20","1165","","","","0"
"2021","Alberta","2021A000248","15 to 24 years","Total - Gender","2021 Counts","Muslim","","0","units","0","","121.4.1.1.21","29875","","","","0"
"2021","Alberta","2021A000248","15 to 24 years","Total - Gender","2021 Counts","Sikh","","0","units","0","","121.4.1.1.22","14625","","","","0"
"2021","Alberta","2021A000248","15 to 24 years","Total - Gender","2021 Counts","Traditional (North American Indigenous) spirituality","","0","units","0","","121.4.1.1.23","3325","","","","0"
"2021","Alberta","2021A000248","15 to 24 years","Total - Gender","2021 Counts","Other religions and spiritual traditions","","0","units","0","","121.4.1.1.24","3970","","","","0"
"2021","Alberta","2021A000248","15 to 24 years","Total - Gender","2021 Counts","No religion and secular perspectives","","0","units","0","","121.4.1.1.25","210160","","","","0"
"2021","Alberta","2021A000248","15 to 24 years","Total - Gender","% distribution (2021)","Total - Religion","","0","units","0","","121.4.1.2.1","1.4","","","","1"
"2021","Alberta","2021A000248","15 to 24 years","Total - Gender","% distribution (2021)","Buddhist","","0","units","0","","121.4.1.2.2","0.0","","","","1"
"2021","Alberta","2021A000248","15 to 24 years","Total - Gender","% distribution (2021)","Christian","","0","units","0","","121.4.1.2.3","0.6","","","","1"
"2021","Alberta","2021A000248","15 to 24 years","Total - Gender","% distribution (2021)","Hindu","","0","units","0","","121.4.1.2.19","0.0","","","","1"
"2021","Alberta","2021A000248","15 to 24 years","Total - Gender","% distribution (2021)","Jewish","","0","units","0","","121.4.1.2.20","0.0","","","","1"
"2021","Alberta","2021A000248","15 to 24 years","Total - Gender","% distribution (2021)","Muslim","","0","units","0","","121.4.1.2.21","0.1","","","","1"
"2021","Alberta","2021A000248","15 to 24 years","Total - Gender","% distribution (2021)","Sikh","","0","units","0","","121.4.1.2.22","0.0","","","","1"
"2021","Alberta","2021A000248","15 to 24 years","Total - Gender","% distribution (2021)","Traditional (North American Indigenous) spirituality","","0","units","0","","121.4.1.2.23","0.0","","","","1"
"2021","Alberta","2021A000248","15 to 24 years","Total - Gender","% distribution (2021)","Other religions and spiritual traditions","","0","units","0","","121.4.1.2.24","0.0","","","","1"
"2021","Alberta","2021A000248","15 to 24 years","Total - Gender","% distribution (2021)","No religion and secular perspectives","","0","units","0","","121.4.1.2.25","0.6","","","","1"
"2021","Alberta","2021A000248","15 to 24 years","Men+","2021 Counts","Total - Religion","","0","units","0","","121.4.2.1.1","254795","","","","0"
"2021","Alberta","2021A000248","15 to 24 years","Men+","2021 Counts","Buddhist","","0","units","0","","121.4.2.1.2","2080","","","","0"
"2021","Alberta","2021A000248","15 to 24 years","Men+","2021 Counts","Christian","","0","units","0","","121.4.2.1.3","110820","","","","0"
"2021","Alberta","2021A000248","15 to 24 years","Men+","2021 Counts","Hindu","","0","units","0","","121.4.2.1.19","4935","","","","0"
"2021","Alberta","2021A000248","15 to 24 years","Men+","2021 Counts","Jewish","","0","units","0","","121.4.2.1.20","555","","","","0"
"2021","Alberta","2021A000248","15 to 24 years","Men+","2021 Counts","Muslim","","0","units","0","","121.4.2.1.21","15370","","","","0"
"2021","Alberta","2021A000248","15 to 24 years","Men+","2021 Counts","Sikh","","0","units","0","","121.4.2.1.22","7865","","","","0"
"2021","Alberta","2021A000248","15 to 24 years","Men+","2021 Counts","Traditional (North American Indigenous) spirituality","","0","units","0","","121.4.2.1.23","1645","","","","0"
"2021","Alberta","2021A000248","15 to 24 years","Men+","2021 Counts","Other religions and spiritual traditions","","0","units","0","","121.4.2.1.24","1715","","","","0"
"2021","Alberta","2021A000248","15 to 24 years","Men+","2021 Counts","No religion and secular perspectives","","0","units","0","","121.4.2.1.25","109815","","","","0"
"2021","Alberta","2021A000248","15 to 24 years","Men+","% distribution (2021)","Total - Religion","","0","units","0","","121.4.2.2.1","0.7","","","","1"
"2021","Alberta","2021A000248","15 to 24 years","Men+","% distribution (2021)","Buddhist","","0","units","0","","121.4.2.2.2","0.0","","","","1"
"2021","Alberta","2021A000248","15 to 24 years","Men+","% distribution (2021)","Christian","","0","units","0","","121.4.2.2.3","0.3","","","","1"
"2021","Alberta","2021A000248","15 to 24 years","Men+","% distribution (2021)","Hindu","","0","units","0","","121.4.2.2.19","0.0","","","","1"
"2021","Alberta","2021A000248","15 to 24 years","Men+","% distribution (2021)","Jewish","","0","units","0","","121.4.2.2.20","0.0","","","","1"
"2021","Alberta","2021A000248","15 to 24 years","Men+","% distribution (2021)","Muslim","","0","units","0","","121.4.2.2.21","0.0","","","","1"
"2021","Alberta","2021A000248","15 to 24 years","Men+","% distribution (2021)","Sikh","","0","units","0","","121.4.2.2.22","0.0","","","","1"
"2021","Alberta","2021A000248","15 to 24 years","Men+","% distribution (2021)","Traditional (North American Indigenous) spirituality","","0","units","0","","121.4.2.2.23","0.0","","","","1"
"2021","Alberta","2021A000248","15 to 24 years","Men+","% distribution (2021)","Other religions and spiritual traditions","","0","units","0","","121.4.2.2.24","0.0","","","","1"
"2021","Alberta","2021A000248","15 to 24 years","Men+","% distribution (2021)","No religion and secular perspectives","","0","units","0","","121.4.2.2.25","0.3","","","","1"
"2021","Alberta","2021A000248","15 to 24 years","Women+","2021 Counts","Total - Religion","","0","units","0","","121.4.3.1.1","237355","","","","0"
"2021","Alberta","2021A000248","15 to 24 years","Women+","2021 Counts","Buddhist","","0","units","0","","121.4.3.1.2","2110","","","","0"
"2021","Alberta","2021A000248","15 to 24 years","Women+","2021 Counts","Christian","","0","units","0","","121.4.3.1.3","105045","","","","0"
"2021","Alberta","2021A000248","15 to 24 years","Women+","2021 Counts","Hindu","","0","units","0","","121.4.3.1.19","4055","","","","0"
"2021","Alberta","2021A000248","15 to 24 years","Women+","2021 Counts","Jewish","","0","units","0","","121.4.3.1.20","610","","","","0"
"2021","Alberta","2021A000248","15 to 24 years","Women+","2021 Counts","Muslim","","0","units","0","","121.4.3.1.21","14505","","","","0"
"2021","Alberta","2021A000248","15 to 24 years","Women+","2021 Counts","Sikh","","0","units","0","","121.4.3.1.22","6760","","","","0"
"2021","Alberta","2021A000248","15 to 24 years","Women+","2021 Counts","Traditional (North American Indigenous) spirituality","","0","units","0","","121.4.3.1.23","1675","","","","0"
"2021","Alberta","2021A000248","15 to 24 years","Women+","2021 Counts","Other religions and spiritual traditions","","0","units","0","","121.4.3.1.24","2255","","","","0"
"2021","Alberta","2021A000248","15 to 24 years","Women+","2021 Counts","No religion and secular perspectives","","0","units","0","","121.4.3.1.25","100345","","","","0"
"2021","Alberta","2021A000248","15 to 24 years","Women+","% distribution (2021)","Total - Religion","","0","units","0","","121.4.3.2.1","0.7","","","","1"
"2021","Alberta","2021A000248","15 to 24 years","Women+","% distribution (2021)","Buddhist","","0","units","0","","121.4.3.2.2","0.0","","","","1"
"2021","Alberta","2021A000248","15 to 24 years","Women+","% distribution (2021)","Christian","","0","units","0","","121.4.3.2.3","0.3","","","","1"
"2021","Alberta","2021A000248","15 to 24 years","Women+","% distribution (2021)","Hindu","","0","units","0","","121.4.3.2.19","0.0","","","","1"
"2021","Alberta","2021A000248","15 to 24 years","Women+","% distribution (2021)","Jewish","","0","units","0","","121.4.3.2.20","0.0","","","","1"
"2021","Alberta","2021A000248","15 to 24 years","Women+","% distribution (2021)","Muslim","","0","units","0","","121.4.3.2.21","0.0","","","","1"
"2021","Alberta","2021A000248","15 to 24 years","Women+","% distribution (2021)","Sikh","","0","units","0","","121.4.3.2.22","0.0","","","","1"
"2021","Alberta","2021A000248","15 to 24 years","Women+","% distribution (2021)","Traditional (North American Indigenous) spirituality","","0","units","0","","121.4.3.2.23","0.0","","","","1"
"2021","Alberta","2021A000248","15 to 24 years","Women+","% distribution (2021)","Other religions and spiritual traditions","","0","units","0","","121.4.3.2.24","0.0","","","","1"
"2021","Alberta","2021A000248","15 to 24 years","Women+","% distribution (2021)","No religion and secular perspectives","","0","units","0","","121.4.3.2.25","0.3","","","","1"
"2021","Alberta","2021A000248","25 to 64 years","Total - Gender","2021 Counts","Total - Religion","","0","units","0","","121.7.1.1.1","2298165","","","","0"
"2021","Alberta","2021A000248","25 to 64 years","Total - Gender","2021 Counts","Buddhist","","0","units","0","","121.7.1.1.2","26610","","","","0"
"2021","Alberta","2021A000248","25 to 64 years","Total - Gender","2021 Counts","Christian","","0","units","0","","121.7.1.1.3","1056070","","","","0"
"2021","Alberta","2021A000248","25 to 64 years","Total - Gender","2021 Counts","Hindu","","0","units","0","","121.7.1.1.19","47095","","","","0"
"2021","Alberta","2021A000248","25 to 64 years","Total - Gender","2021 Counts","Jewish","","0","units","0","","121.7.1.1.20","5715","","","","0"
"2021","Alberta","2021A000248","25 to 64 years","Total - Gender","2021 Counts","Muslim","","0","units","0","","121.7.1.1.21","100710","","","","0"
"2021","Alberta","2021A000248","25 to 64 years","Total - Gender","2021 Counts","Sikh","","0","units","0","","121.7.1.1.22","56400","","","","0"
"2021","Alberta","2021A000248","25 to 64 years","Total - Gender","2021 Counts","Traditional (North American Indigenous) spirituality","","0","units","0","","121.7.1.1.23","8985","","","","0"
"2021","Alberta","2021A000248","25 to 64 years","Total - Gender","2021 Counts","Other religions and spiritual traditions","","0","units","0","","121.7.1.1.24","21835","","","","0"
"2021","Alberta","2021A000248","25 to 64 years","Total - Gender","2021 Counts","No religion and secular perspectives","","0","units","0","","121.7.1.1.25","974730","","","","0"
"2021","Alberta","2021A000248","25 to 64 years","Total - Gender","% distribution (2021)","Total - Religion","","0","units","0","","121.7.1.2.1","6.3","","","","1"
"2021","Alberta","2021A000248","25 to 64 years","Total - Gender","% distribution (2021)","Buddhist","","0","units","0","","121.7.1.2.2","0.1","","","","1"
"2021","Alberta","2021A000248","25 to 64 years","Total - Gender","% distribution (2021)","Christian","","0","units","0","","121.7.1.2.3","2.9","","","","1"
"2021","Alberta","2021A000248","25 to 64 years","Total - Gender","% distribution (2021)","Hindu","","0","units","0","","121.7.1.2.19","0.1","","","","1"
"2021","Alberta","2021A000248","25 to 64 years","Total - Gender","% distribution (2021)","Jewish","","0","units","0","","121.7.1.2.20","0.0","","","","1"
"2021","Alberta","2021A000248","25 to 64 years","Total - Gender","% distribution (2021)","Muslim","","0","units","0","","121.7.1.2.21","0.3","","","","1"
"2021","Alberta","2021A000248","25 to 64 years","Total - Gender","% distribution (2021)","Sikh","","0","units","0","","121.7.1.2.22","0.2","","","","1"
"2021","Alberta","2021A000248","25 to 64 years","Total - Gender","% distribution (2021)","Traditional (North American Indigenous) spirituality","","0","units","0","","121.7.1.2.23","0.0","","","","1"
"2021","Alberta","2021A000248","25 to 64 years","Total - Gender","% distribution (2021)","Other religions and spiritual traditions","","0","units","0","","121.7.1.2.24","0.1","","","","1"
"2021","Alberta","2021A000248","25 to 64 years","Total - Gender","% distribution (2021)","No religion and secular perspectives","","0","units","0","","121.7.1.2.25","2.7","","","","1"
"2021","Alberta","2021A000248","25 to 64 years","Men+","2021 Counts","Total - Religion","","0","units","0","","121.7.2.1.1","1141780","","","","0"
"2021","Alberta","2021A000248","25 to 64 years","Men+","2021 Counts","Buddhist","","0","units","0","","121.7.2.1.2","11570","","","","0"
"2021","Alberta","2021A000248","25 to 64 years","Men+","2021 Counts","Christian","","0","units","0","","121.7.2.1.3","489595","","","","0"
"2021","Alberta","2021A000248","25 to 64 years","Men+","2021 Counts","Hindu","","0","units","0","","121.7.2.1.19","24085","","","","0"
"2021","Alberta","2021A000248","25 to 64 years","Men+","2021 Counts","Jewish","","0","units","0","","121.7.2.1.20","2645","","","","0"
"2021","Alberta","2021A000248","25 to 64 years","Men+","2021 Counts","Muslim","","0","units","0","","121.7.2.1.21","51090","","","","0"
"2021","Alberta","2021A000248","25 to 64 years","Men+","2021 Counts","Sikh","","0","units","0","","121.7.2.1.22","28150","","","","0"
"2021","Alberta","2021A000248","25 to 64 years","Men+","2021 Counts","Traditional (North American Indigenous) spirituality","","0","units","0","","121.7.2.1.23","4175","","","","0"
"2021","Alberta","2021A000248","25 to 64 years","Men+","2021 Counts","Other religions and spiritual traditions","","0","units","0","","121.7.2.1.24","8935","","","","0"
"2021","Alberta","2021A000248","25 to 64 years","Men+","2021 Counts","No religion and secular perspectives","","0","units","0","","121.7.2.1.25","521535","","","","0"
"2021","Alberta","2021A000248","25 to 64 years","Men+","% distribution (2021)","Total - Religion","","0","units","0","","121.7.2.2.1","3.1","","","","1"
"2021","Alberta","2021A000248","25 to 64 years","Men+","% distribution (2021)","Buddhist","","0","units","0","","121.7.2.2.2","0.0","","","","1"
"2021","Alberta","2021A000248","25 to 64 years","Men+","% distribution (2021)","Christian","","0","units","0","","121.7.2.2.3","1.3","","","","1"
"2021","Alberta","2021A000248","25 to 64 years","Men+","% distribution (2021)","Hindu","","0","units","0","","121.7.2.2.19","0.1","","","","1"
"2021","Alberta","2021A000248","25 to 64 years","Men+","% distribution (2021)","Jewish","","0","units","0","","121.7.2.2.20","0.0","","","","1"
"2021","Alberta","2021A000248","25 to 64 years","Men+","% distribution (2021)","Muslim","","0","units","0","","121.7.2.2.21","0.1","","","","1"
"2021","Alberta","2021A000248","25 to 64 years","Men+","% distribution (2021)","Sikh","","0","units","0","","121.7.2.2.22","0.1","","","","1"
"2021","Alberta","2021A000248","25 to 64 years","Men+","% distribution (2021)","Traditional (North American Indigenous) spirituality","","0","units","0","","121.7.2.2.23","0.0","","","","1"
"2021","Alberta","2021A000248","25 to 64 years","Men+","% distribution (2021)","Other religions and spiritual traditions","","0","units","0","","121.7.2.2.24","0.0","","","","1"
"2021","Alberta","2021A000248","25 to 64 years","Men+","% distribution (2021)","No religion and secular perspectives","","0","units","0","","121.7.2.2.25","1.4","","","","1"
"2021","Alberta","2021A000248","25 to 64 years","Women+","2021 Counts","Total - Religion","","0","units","0","","121.7.3.1.1","1156380","","","","0"
"2021","Alberta","2021A000248","25 to 64 years","Women+","2021 Counts","Buddhist","","0","units","0","","121.7.3.1.2","15045","","","","0"
"2021","Alberta","2021A000248","25 to 64 years","Women+","2021 Counts","Christian","","0","units","0","","121.7.3.1.3","566480","","","","0"
"2021","Alberta","2021A000248","25 to 64 years","Women+","2021 Counts","Hindu","","0","units","0","","121.7.3.1.19","23010","","","","0"
"2021","Alberta","2021A000248","25 to 64 years","Women+","2021 Counts","Jewish","","0","units","0","","121.7.3.1.20","3065","","","","0"
"2021","Alberta","2021A000248","25 to 64 years","Women+","2021 Counts","Muslim","","0","units","0","","121.7.3.1.21","49625","","","","0"
"2021","Alberta","2021A000248","25 to 64 years","Women+","2021 Counts","Sikh","","0","units","0","","121.7.3.1.22","28250","","","","0"
"2021","Alberta","2021A000248","25 to 64 years","Women+","2021 Counts","Traditional (North American Indigenous) spirituality","","0","units","0","","121.7.3.1.23","4810","","","","0"
"2021","Alberta","2021A000248","25 to 64 years","Women+","2021 Counts","Other religions and spiritual traditions","","0","units","0","","121.7.3.1.24","12900","","","","0"
"2021","Alberta","2021A000248","25 to 64 years","Women+","2021 Counts","No religion and secular perspectives","","0","units","0","","121.7.3.1.25","453200","","","","0"
"2021","Alberta","2021A000248","25 to 64 years","Women+","% distribution (2021)","Total - Religion","","0","units","0","","121.7.3.2.1","3.2","","","","1"
"2021","Alberta","2021A000248","25 to 64 years","Women+","% distribution (2021)","Buddhist","","0","units","0","","121.7.3.2.2","0.0","","","","1"
"2021","Alberta","2021A000248","25 to 64 years","Women+","% distribution (2021)","Christian","","0","units","0","","121.7.3.2.3","1.6","","","","1"
"2021","Alberta","2021A000248","25 to 64 years","Women+","% distribution (2021)","Hindu","","0","units","0","","121.7.3.2.19","0.1","","","","1"
"2021","Alberta","2021A000248","25 to 64 years","Women+","% distribution (2021)","Jewish","","0","units","0","","121.7.3.2.20","0.0","","","","1"
"2021","Alberta","2021A000248","25 to 64 years","Women+","% distribution (2021)","Muslim","","0","units","0","","121.7.3.2.21","0.1","","","","1"
"2021","Alberta","2021A000248","25 to 64 years","Women+","% distribution (2021)","Sikh","","0","units","0","","121.7.3.2.22","0.1","","","","1"
"2021","Alberta","2021A000248","25 to 64 years","Women+","% distribution (2021)","Traditional (North American Indigenous) spirituality","","0","units","0","","121.7.3.2.23","0.0","","","","1"
"2021","Alberta","2021A000248","25 to 64 years","Women+","% distribution (2021)","Other religions and spiritual traditions","","0","units","0","","121.7.3.2.24","0.0","","","","1"
"2021","Alberta","2021A000248","25 to 64 years","Women+","% distribution (2021)","No religion and secular perspectives","","0","units","0","","121.7.3.2.25","1.2","","","","1"
"2021","Alberta","2021A000248","65 years and over","Total - Gender","2021 Counts","Total - Religion","","0","units","0","","121.13.1.1.1","584815","","","","0"
"2021","Alberta","2021A000248","65 years and over","Total - Gender","2021 Counts","Buddhist","","0","units","0","","121.13.1.1.2","7735","","","","0"
"2021","Alberta","2021A000248","65 years and over","Total - Gender","2021 Counts","Christian","","0","units","0","","121.13.1.1.3","395725","","","","0"
"2021","Alberta","2021A000248","65 years and over","Total - Gender","2021 Counts","Hindu","","0","units","0","","121.13.1.1.19","5655","","","","0"
"2021","Alberta","2021A000248","65 years and over","Total - Gender","2021 Counts","Jewish","","0","units","0","","121.13.1.1.20","2695","","","","0"
"2021","Alberta","2021A000248","65 years and over","Total - Gender","2021 Counts","Muslim","","0","units","0","","121.13.1.1.21","11270","","","","0"
"2021","Alberta","2021A000248","65 years and over","Total - Gender","2021 Counts","Sikh","","0","units","0","","121.13.1.1.22","11105","","","","0"
"2021","Alberta","2021A000248","65 years and over","Total - Gender","2021 Counts","Traditional (North American Indigenous) spirituality","","0","units","0","","121.13.1.1.23","1140","","","","0"
"2021","Alberta","2021A000248","65 years and over","Total - Gender","2021 Counts","Other religions and spiritual traditions","","0","units","0","","121.13.1.1.24","3220","","","","0"
"2021","Alberta","2021A000248","65 years and over","Total - Gender","2021 Counts","No religion and secular perspectives","","0","units","0","","121.13.1.1.25","146270","","","","0"
"2021","Alberta","2021A000248","65 years and over","Total - Gender","% distribution (2021)","Total - Religion","","0","units","0","","121.13.1.2.1","1.6","","","","1"
"2021","Alberta","2021A000248","65 years and over","Total - Gender","% distribution (2021)","Buddhist","","0","units","0","","121.13.1.2.2","0.0","","","","1"
"2021","Alberta","2021A000248","65 years and over","Total - Gender","% distribution (2021)","Christian","","0","units","0","","121.13.1.2.3","1.1","","","","1"
"2021","Alberta","2021A000248","65 years and over","Total - Gender","% distribution (2021)","Hindu","","0","units","0","","121.13.1.2.19","0.0","","","","1"
"2021","Alberta","2021A000248","65 years and over","Total - Gender","% distribution (2021)","Jewish","","0","units","0","","121.13.1.2.20","0.0","","","","1"
"2021","Alberta","2021A000248","65 years and over","Total - Gender","% distribution (2021)","Muslim","","0","units","0","","121.13.1.2.21","0.0","","","","1"
"2021","Alberta","2021A000248","65 years and over","Total - Gender","% distribution (2021)","Sikh","","0","units","0","","121.13.1.2.22","0.0","","","","1"
"2021","Alberta","2021A000248","65 years and over","Total - Gender","% distribution (2021)","Traditional (North American Indigenous) spirituality","","0","units","0","","121.13.1.2.23","0.0","","","","1"
"2021","Alberta","2021A000248","65 years and over","Total - Gender","% distribution (2021)","Other religions and spiritual traditions","","0","units","0","","121.13.1.2.24","0.0","","","","1"
"2021","Alberta","2021A000248","65 years and over","Total - Gender","% distribution (2021)","No religion and secular perspectives","","0","units","0","","121.13.1.2.25","0.4","","","","1"
"2021","Alberta","2021A000248","65 years and over","Men+","2021 Counts","Total - Religion","","0","units","0","","121.13.2.1.1","279280","","","","0"
"2021","Alberta","2021A000248","65 years and over","Men+","2021 Counts","Buddhist","","0","units","0","","121.13.2.1.2","3335","","","","0"
"2021","Alberta","2021A000248","65 years and over","Men+","2021 Counts","Christian","","0","units","0","","121.13.2.1.3","177195","","","","0"
"2021","Alberta","2021A000248","65 years and over","Men+","2021 Counts","Hindu","","0","units","0","","121.13.2.1.19","2815","","","","0"
"2021","Alberta","2021A000248","65 years and over","Men+","2021 Counts","Jewish","","0","units","0","","121.13.2.1.20","1330","","","","0"
"2021","Alberta","2021A000248","65 years and over","Men+","2021 Counts","Muslim","","0","units","0","","121.13.2.1.21","5825","","","","0"
"2021","Alberta","2021A000248","65 years and over","Men+","2021 Counts","Sikh","","0","units","0","","121.13.2.1.22","5375","","","","0"
"2021","Alberta","2021A000248","65 years and over","Men+","2021 Counts","Traditional (North American Indigenous) spirituality","","0","units","0","","121.13.2.1.23","540","","","","0"
"2021","Alberta","2021A000248","65 years and over","Men+","2021 Counts","Other religions and spiritual traditions","","0","units","0","","121.13.2.1.24","1520","","","","0"
"2021","Alberta","2021A000248","65 years and over","Men+","2021 Counts","No religion and secular perspectives","","0","units","0","","121.13.2.1.25","81345","","","","0"
"2021","Alberta","2021A000248","65 years and over","Men+","% distribution (2021)","Total - Religion","","0","units","0","","121.13.2.2.1","0.8","","","","1"
"2021","Alberta","2021A000248","65 years and over","Men+","% distribution (2021)","Buddhist","","0","units","0","","121.13.2.2.2","0.0","","","","1"
"2021","Alberta","2021A000248","65 years and over","Men+","% distribution (2021)","Christian","","0","units","0","","121.13.2.2.3","0.5","","","","1"
"2021","Alberta","2021A000248","65 years and over","Men+","% distribution (2021)","Hindu","","0","units","0","","121.13.2.2.19","0.0","","","","1"
"2021","Alberta","2021A000248","65 years and over","Men+","% distribution (2021)","Jewish","","0","units","0","","121.13.2.2.20","0.0","","","","1"
"2021","Alberta","2021A000248","65 years and over","Men+","% distribution (2021)","Muslim","","0","units","0","","121.13.2.2.21","0.0","","","","1"
"2021","Alberta","2021A000248","65 years and over","Men+","% distribution (2021)","Sikh","","0","units","0","","121.13.2.2.22","0.0","","","","1"
"2021","Alberta","2021A000248","65 years and over","Men+","% distribution (2021)","Traditional (North American Indigenous) spirituality","","0","units","0","","121.13.2.2.23","0.0","","","","1"
"2021","Alberta","2021A000248","65 years and over","Men+","% distribution (2021)","Other religions and spiritual traditions","","0","units","0","","121.13.2.2.24","0.0","","","","1"
"2021","Alberta","2021A000248","65 years and over","Men+","% distribution (2021)","No religion and secular perspectives","","0","units","0","","121.13.2.2.25","0.2","","","","1"
"2021","Alberta","2021A000248","65 years and over","Women+","2021 Counts","Total - Religion","","0","units","0","","121.13.3.1.1","305535","","","","0"
"2021","Alberta","2021A000248","65 years and over","Women+","2021 Counts","Buddhist","","0","units","0","","121.13.3.1.2","4400","","","","0"
"2021","Alberta","2021A000248","65 years and over","Women+","2021 Counts","Christian","","0","units","0","","121.13.3.1.3","218530","","","","0"
"2021","Alberta","2021A000248","65 years and over","Women+","2021 Counts","Hindu","","0","units","0","","121.13.3.1.19","2840","","","","0"
"2021","Alberta","2021A000248","65 years and over","Women+","2021 Counts","Jewish","","0","units","0","","121.13.3.1.20","1360","","","","0"
"2021","Alberta","2021A000248","65 years and over","Women+","2021 Counts","Muslim","","0","units","0","","121.13.3.1.21","5445","","","","0"
"2021","Alberta","2021A000248","65 years and over","Women+","2021 Counts","Sikh","","0","units","0","","121.13.3.1.22","5730","","","","0"
"2021","Alberta","2021A000248","65 years and over","Women+","2021 Counts","Traditional (North American Indigenous) spirituality","","0","units","0","","121.13.3.1.23","595","","","","0"
"2021","Alberta","2021A000248","65 years and over","Women+","2021 Counts","Other religions and spiritual traditions","","0","units","0","","121.13.3.1.24","1705","","","","0"
"2021","Alberta","2021A000248","65 years and over","Women+","2021 Counts","No religion and secular perspectives","","0","units","0","","121.13.3.1.25","64925","","","","0"
"2021","Alberta","2021A000248","65 years and over","Women+","% distribution (2021)","Total - Religion","","0","units","0","","121.13.3.2.1","0.8","","","","1"
"2021","Alberta","2021A000248","65 years and over","Women+","% distribution (2021)","Buddhist","","0","units","0","","121.13.3.2.2","0.0","","","","1"
"2021","Alberta","2021A000248","65 years and over","Women+","% distribution (2021)","Christian","","0","units","0","","121.13.3.2.3","0.6","","","","1"
"2021","Alberta","2021A000248","65 years and over","Women+","% distribution (2021)","Hindu","","0","units","0","","121.13.3.2.19","0.0","","","","1"
"2021","Alberta","2021A000248","65 years and over","Women+","% distribution (2021)","Jewish","","0","units","0","","121.13.3.2.20","0.0","","","","1"
"2021","Alberta","2021A000248","65 years and over","Women+","% distribution (2021)","Muslim","","0","units","0","","121.13.3.2.21","0.0","","","","1"
"2021","Alberta","2021A000248","65 years and over","Women+","% distribution (2021)","Sikh","","0","units","0","","121.13.3.2.22","0.0","","","","1"
"2021","Alberta","2021A000248","65 years and over","Women+","% distribution (2021)","Traditional (North American Indigenous) spirituality","","0","units","0","","121.13.3.2.23","0.0","","","","1"
"2021","Alberta","2021A000248","65 years and over","Women+","% distribution (2021)","Other religions and spiritual traditions","","0","units","0","","121.13.3.2.24","0.0","","","","1"
"2021","Alberta","2021A000248","65 years and over","Women+","% distribution (2021)","No religion and secular perspectives","","0","units","0","","121.13.3.2.25","0.2","","","","1"
"2021","British Columbia","2021A000259","Total - Age","Total - Gender","2021 Counts","Total - Religion","","0","units","0","","141.1.1.1.1","4915940","","","","0"
"2021","British Columbia","2021A000259","Total - Age","Total - Gender","2021 Counts","Buddhist","","0","units","0","","141.1.1.1.2","83860","","","","0"
"2021","British Columbia","2021A000259","Total - Age","Total - Gender","2021 Counts","Christian","","0","units","0","","141.1.1.1.3","1684870","","","","0"
"2021","British Columbia","2021A000259","Total - Age","Total - Gender","2021 Counts","Hindu","","0","units","0","","141.1.1.1.19","81320","","","","0"
"2021","British Columbia","2021A000259","Total - Age","Total - Gender","2021 Counts","Jewish","","0","units","0","","141.1.1.1.20","26845","","","","0"
"2021","British Columbia","2021A000259","Total - Age","Total - Gender","2021 Counts","Muslim","","0","units","0","","141.1.1.1.21","125910","","","","0"
"2021","British Columbia","2021A000259","Total - Age","Total - Gender","2021 Counts","Sikh","","0","units","0","","141.1.1.1.22","290870","","","","0"
"2021","British Columbia","2021A000259","Total - Age","Total - Gender","2021 Counts","Traditional (North American Indigenous) spirituality","","0","units","0","","141.1.1.1.23","11570","","","","0"
"2021","British Columbia","2021A000259","Total - Age","Total - Gender","2021 Counts","Other religions and spiritual traditions","","0","units","0","","141.1.1.1.24","51440","","","","0"
"2021","British Columbia","2021A000259","Total - Age","Total - Gender","2021 Counts","No religion and secular perspectives","","0","units","0","","141.1.1.1.25","2559250","","","","0"
"2021","British Columbia","2021A000259","Total - Age","Total - Gender","% distribution (2021)","Total - Religion","","0","units","0","","141.1.1.2.1","13.5","","","","1"
"2021","British Columbia","2021A000259","Total - Age","Total - Gender","% distribution (2021)","Buddhist","","0","units","0","","141.1.1.2.2","0.2","","","","1"
"2021","British Columbia","2021A000259","Total - Age","Total - Gender","% distribution (2021)","Christian","","0","units","0","","141.1.1.2.3","4.6","","","","1"
"2021","British Columbia","2021A000259","Total - Age","Total - Gender","% distribution (2021)","Hindu","","0","units","0","","141.1.1.2.19","0.2","","","","1"
"2021","British Columbia","2021A000259","Total - Age","Total - Gender","% distribution (2021)","Jewish","","0","units","0","","141.1.1.2.20","0.1","","","","1"
"2021","British Columbia","2021A000259","Total - Age","Total - Gender","% distribution (2021)","Muslim","","0","units","0","","141.1.1.2.21","0.3","","","","1"
"2021","British Columbia","2021A000259","Total - Age","Total - Gender","% distribution (2021)","Sikh","","0","units","0","","141.1.1.2.22","0.8","","","","1"
"2021","British Columbia","2021A000259","Total - Age","Total - Gender","% distribution (2021)","Traditional (North American Indigenous) spirituality","","0","units","0","","141.1.1.2.23","0.0","","","","1"
"2021","British Columbia","2021A000259","Total - Age","Total - Gender","% distribution (2021)","Other religions and spiritual traditions","","0","units","0","","141.1.1.2.24","0.1","","","","1"
"2021","British Columbia","2021A000259","Total - Age","Total - Gender","% distribution (2021)","No religion and secular perspectives","","0","units","0","","141.1.1.2.25","7.0","","","","1"
"2021","British Columbia","2021A000259","Total - Age","Men+","2021 Counts","Total - Religion","","0","units","0","","141.1.2.1.1","2416885","","","","0"
"2021","British Columbia","2021A000259","Total - Age","Men+","2021 Counts","Buddhist","","0","units","0","","141.1.2.1.2","35035","","","","0"
"2021","British Columbia","2021A000259","Total - Age","Men+","2021 Counts","Christian","","0","units","0","","141.1.2.1.3","766705","","","","0"
"2021","British Columbia","2021A000259","Total - Age","Men+","2021 Counts","Hindu","","0","units","0","","141.1.2.1.19","42075","","","","0"
"2021","British Columbia","2021A000259","Total - Age","Men+","2021 Counts","Jewish","","0","units","0","","141.1.2.1.20","12985","","","","0"
"2021","British Columbia","2021A000259","Total - Age","Men+","2021 Counts","Muslim","","0","units","0","","141.1.2.1.21","63380","","","","0"
"2021","British Columbia","2021A000259","Total - Age","Men+","2021 Counts","Sikh","","0","units","0","","141.1.2.1.22","145740","","","","0"
"2021","British Columbia","2021A000259","Total - Age","Men+","2021 Counts","Traditional (North American Indigenous) spirituality","","0","units","0","","141.1.2.1.23","5490","","","","0"
"2021","British Columbia","2021A000259","Total - Age","Men+","2021 Counts","Other religions and spiritual traditions","","0","units","0","","141.1.2.1.24","20895","","","","0"
"2021","British Columbia","2021A000259","Total - Age","Men+","2021 Counts","No religion and secular perspectives","","0","units","0","","141.1.2.1.25","1324590","","","","0"
"2021","British Columbia","2021A000259","Total - Age","Men+","% distribution (2021)","Total - Religion","","0","units","0","","141.1.2.2.1","6.7","","","","1"
"2021","British Columbia","2021A000259","Total - Age","Men+","% distribution (2021)","Buddhist","","0","units","0","","141.1.2.2.2","0.1","","","","1"
"2021","British Columbia","2021A000259","Total - Age","Men+","% distribution (2021)","Christian","","0","units","0","","141.1.2.2.3","2.1","","","","1"
"2021","British Columbia","2021A000259","Total - Age","Men+","% distribution (2021)","Hindu","","0","units","0","","141.1.2.2.19","0.1","","","","1"
"2021","British Columbia","2021A000259","Total - Age","Men+","% distribution (2021)","Jewish","","0","units","0","","141.1.2.2.20","0.0","","","","1"
"2021","British Columbia","2021A000259","Total - Age","Men+","% distribution (2021)","Muslim","","0","units","0","","141.1.2.2.21","0.2","","","","1"
"2021","British Columbia","2021A000259","Total - Age","Men+","% distribution (2021)","Sikh","","0","units","0","","141.1.2.2.22","0.4","","","","1"
"2021","British Columbia","2021A000259","Total - Age","Men+","% distribution (2021)","Traditional (North American Indigenous) spirituality","","0","units","0","","141.1.2.2.23","0.0","","","","1"
"2021","British Columbia","2021A000259","Total - Age","Men+","% distribution (2021)","Other religions and spiritual traditions","","0","units","0","","141.1.2.2.24","0.1","","","","1"
"2021","British Columbia","2021A000259","Total - Age","Men+","% distribution (2021)","No religion and secular perspectives","","0","units","0","","141.1.2.2.25","3.6","","","","1"
"2021","British Columbia","2021A000259","Total - Age","Women+","2021 Counts","Total - Religion","","0","units","0","","141.1.3.1.1","2499055","","","","0"
"2021","British Columbia","2021A000259","Total - Age","Women+","2021 Counts","Buddhist","","0","units","0","","141.1.3.1.2","48820","","","","0"
"2021","British Columbia","2021A000259","Total - Age","Women+","2021 Counts","Christian","","0","units","0","","141.1.3.1.3","918170","","","","0"
"2021","British Columbia","2021A000259","Total - Age","Women+","2021 Counts","Hindu","","0","units","0","","141.1.3.1.19","39245","","","","0"
"2021","British Columbia","2021A000259","Total - Age","Women+","2021 Counts","Jewish","","0","units","0","","141.1.3.1.20","13870","","","","0"
"2021","British Columbia","2021A000259","Total - Age","Women+","2021 Counts","Muslim","","0","units","0","","141.1.3.1.21","62530","","","","0"
"2021","British Columbia","2021A000259","Total - Age","Women+","2021 Counts","Sikh","","0","units","0","","141.1.3.1.22","145125","","","","0"
"2021","British Columbia","2021A000259","Total - Age","Women+","2021 Counts","Traditional (North American Indigenous) spirituality","","0","units","0","","141.1.3.1.23","6075","","","","0"
"2021","British Columbia","2021A000259","Total - Age","Women+","2021 Counts","Other religions and spiritual traditions","","0","units","0","","141.1.3.1.24","30550","","","","0"
"2021","British Columbia","2021A000259","Total - Age","Women+","2021 Counts","No religion and secular perspectives","","0","units","0","","141.1.3.1.25","1234665","","","","0"
"2021","British Columbia","2021A000259","Total - Age","Women+","% distribution (2021)","Total - Religion","","0","units","0","","141.1.3.2.1","6.9","","","","1"
"2021","British Columbia","2021A000259","Total - Age","Women+","% distribution (2021)","Buddhist","","0","units","0","","141.1.3.2.2","0.1","","","","1"
"2021","British Columbia","2021A000259","Total - Age","Women+","% distribution (2021)","Christian","","0","units","0","","141.1.3.2.3","2.5","","","","1"
"2021","British Columbia","2021A000259","Total - Age","Women+","% distribution (2021)","Hindu","","0","units","0","","141.1.3.2.19","0.1","","","","1"
"2021","British Columbia","2021A000259","Total - Age","Women+","% distribution (2021)","Jewish","","0","units","0","","141.1.3.2.20","0.0","","","","1"
"2021","British Columbia","2021A000259","Total - Age","Women+","% distribution (2021)","Muslim","","0","units","0","","141.1.3.2.21","0.2","","","","1"
"2021","British Columbia","2021A000259","Total - Age","Women+","% distribution (2021)","Sikh","","0","units","0","","141.1.3.2.22","0.4","","","","1"
"2021","British Columbia","2021A000259","Total - Age","Women+","% distribution (2021)","Traditional (North American Indigenous) spirituality","","0","units","0","","141.1.3.2.23","0.0","","","","1"
"2021","British Columbia","2021A000259","Total - Age","Women+","% distribution (2021)","Other religions and spiritual traditions","","0","units","0","","141.1.3.2.24","0.1","","","","1"
"2021","British Columbia","2021A000259","Total - Age","Women+","% distribution (2021)","No religion and secular perspectives","","0","units","0","","141.1.3.2.25","3.4","","","","1"
"2021","British Columbia","2021A000259","0 to 14 years","Total - Gender","2021 Counts","Total - Religion","","0","units","0","","141.2.1.1.1","715520","","","","0"
"2021","British Columbia","2021A000259","0 to 14 years","Total - Gender","2021 Counts","Buddhist","","0","units","0","","141.2.1.1.2","5755","","","","0"
"2021","British Columbia","2021A000259","0 to 14 years","Total - Gender","2021 Counts","Christian","","0","units","0","","141.2.1.1.3","189785","","","","0"
"2021","British Columbia","2021A000259","0 to 14 years","Total - Gender","2021 Counts","Hindu","","0","units","0","","141.2.1.1.19","12665","","","","0"
"2021","British Columbia","2021A000259","0 to 14 years","Total - Gender","2021 Counts","Jewish","","0","units","0","","141.2.1.1.20","3745","","","","0"
"2021","British Columbia","2021A000259","0 to 14 years","Total - Gender","2021 Counts","Muslim","","0","units","0","","141.2.1.1.21","26110","","","","0"
"2021","British Columbia","2021A000259","0 to 14 years","Total - Gender","2021 Counts","Sikh","","0","units","0","","141.2.1.1.22","47680","","","","0"
"2021","British Columbia","2021A000259","0 to 14 years","Total - Gender","2021 Counts","Traditional (North American Indigenous) spirituality","","0","units","0","","141.2.1.1.23","2530","","","","0"
"2021","British Columbia","2021A000259","0 to 14 years","Total - Gender","2021 Counts","Other religions and spiritual traditions","","0","units","0","","141.2.1.1.24","4585","","","","0"
"2021","British Columbia","2021A000259","0 to 14 years","Total - Gender","2021 Counts","No religion and secular perspectives","","0","units","0","","141.2.1.1.25","422660","","","","0"
"2021","British Columbia","2021A000259","0 to 14 years","Total - Gender","% distribution (2021)","Total - Religion","","0","units","0","","141.2.1.2.1","2.0","","","","1"
"2021","British Columbia","2021A000259","0 to 14 years","Total - Gender","% distribution (2021)","Buddhist","","0","units","0","","141.2.1.2.2","0.0","","","","1"
"2021","British Columbia","2021A000259","0 to 14 years","Total - Gender","% distribution (2021)","Christian","","0","units","0","","141.2.1.2.3","0.5","","","","1"
"2021","British Columbia","2021A000259","0 to 14 years","Total - Gender","% distribution (2021)","Hindu","","0","units","0","","141.2.1.2.19","0.0","","","","1"
"2021","British Columbia","2021A000259","0 to 14 years","Total - Gender","% distribution (2021)","Jewish","","0","units","0","","141.2.1.2.20","0.0","","","","1"
"2021","British Columbia","2021A000259","0 to 14 years","Total - Gender","% distribution (2021)","Muslim","","0","units","0","","141.2.1.2.21","0.1","","","","1"
"2021","British Columbia","2021A000259","0 to 14 years","Total - Gender","% distribution (2021)","Sikh","","0","units","0","","141.2.1.2.22","0.1","","","","1"
"2021","British Columbia","2021A000259","0 to 14 years","Total - Gender","% distribution (2021)","Traditional (North American Indigenous) spirituality","","0","units","0","","141.2.1.2.23","0.0","","","","1"
"2021","British Columbia","2021A000259","0 to 14 years","Total - Gender","% distribution (2021)","Other religions and spiritual traditions","","0","units","0","","141.2.1.2.24","0.0","","","","1"
"2021","British Columbia","2021A000259","0 to 14 years","Total - Gender","% distribution (2021)","No religion and secular perspectives","","0","units","0","","141.2.1.2.25","1.2","","","","1"
"2021","British Columbia","2021A000259","0 to 14 years","Men+","2021 Counts","Total - Religion","","0","units","0","","141.2.2.1.1","368495","","","","0"
"2021","British Columbia","2021A000259","0 to 14 years","Men+","2021 Counts","Buddhist","","0","units","0","","141.2.2.1.2","3200","","","","0"
"2021","British Columbia","2021A000259","0 to 14 years","Men+","2021 Counts","Christian","","0","units","0","","141.2.2.1.3","97220","","","","0"
"2021","British Columbia","2021A000259","0 to 14 years","Men+","2021 Counts","Hindu","","0","units","0","","141.2.2.1.19","6380","","","","0"
"2021","British Columbia","2021A000259","0 to 14 years","Men+","2021 Counts","Jewish","","0","units","0","","141.2.2.1.20","1930","","","","0"
"2021","British Columbia","2021A000259","0 to 14 years","Men+","2021 Counts","Muslim","","0","units","0","","141.2.2.1.21","13065","","","","0"
"2021","British Columbia","2021A000259","0 to 14 years","Men+","2021 Counts","Sikh","","0","units","0","","141.2.2.1.22","24900","","","","0"
"2021","British Columbia","2021A000259","0 to 14 years","Men+","2021 Counts","Traditional (North American Indigenous) spirituality","","0","units","0","","141.2.2.1.23","1335","","","","0"
"2021","British Columbia","2021A000259","0 to 14 years","Men+","2021 Counts","Other religions and spiritual traditions","","0","units","0","","141.2.2.1.24","2310","","","","0"
"2021","British Columbia","2021A000259","0 to 14 years","Men+","2021 Counts","No religion and secular perspectives","","0","units","0","","141.2.2.1.25","218165","","","","0"
"2021","British Columbia","2021A000259","0 to 14 years","Men+","% distribution (2021)","Total - Religion","","0","units","0","","141.2.2.2.1","1.0","","","","1"
"2021","British Columbia","2021A000259","0 to 14 years","Men+","% distribution (2021)","Buddhist","","0","units","0","","141.2.2.2.2","0.0","","","","1"
"2021","British Columbia","2021A000259","0 to 14 years","Men+","% distribution (2021)","Christian","","0","units","0","","141.2.2.2.3","0.3","","","","1"
"2021","British Columbia","2021A000259","0 to 14 years","Men+","% distribution (2021)","Hindu","","0","units","0","","141.2.2.2.19","0.0","","","","1"
"2021","British Columbia","2021A000259","0 to 14 years","Men+","% distribution (2021)","Jewish","","0","units","0","","141.2.2.2.20","0.0","","","","1"
"2021","British Columbia","2021A000259","0 to 14 years","Men+","% distribution (2021)","Muslim","","0","units","0","","141.2.2.2.21","0.0","","","","1"
"2021","British Columbia","2021A000259","0 to 14 years","Men+","% distribution (2021)","Sikh","","0","units","0","","141.2.2.2.22","0.1","","","","1"
"2021","British Columbia","2021A000259","0 to 14 years","Men+","% distribution (2021)","Traditional (North American Indigenous) spirituality","","0","units","0","","141.2.2.2.23","0.0","","","","1"
"2021","British Columbia","2021A000259","0 to 14 years","Men+","% distribution (2021)","Other religions and spiritual traditions","","0","units","0","","141.2.2.2.24","0.0","","","","1"
"2021","British Columbia","2021A000259","0 to 14 years","Men+","% distribution (2021)","No religion and secular perspectives","","0","units","0","","141.2.2.2.25","0.6","","","","1"
"2021","British Columbia","2021A000259","0 to 14 years","Women+","2021 Counts","Total - Religion","","0","units","0","","141.2.3.1.1","347025","","","","0"
"2021","British Columbia","2021A000259","0 to 14 years","Women+","2021 Counts","Buddhist","","0","units","0","","141.2.3.1.2","2555","","","","0"
"2021","British Columbia","2021A000259","0 to 14 years","Women+","2021 Counts","Christian","","0","units","0","","141.2.3.1.3","92565","","","","0"
"2021","British Columbia","2021A000259","0 to 14 years","Women+","2021 Counts","Hindu","","0","units","0","","141.2.3.1.19","6285","","","","0"
"2021","British Columbia","2021A000259","0 to 14 years","Women+","2021 Counts","Jewish","","0","units","0","","141.2.3.1.20","1815","","","","0"
"2021","British Columbia","2021A000259","0 to 14 years","Women+","2021 Counts","Muslim","","0","units","0","","141.2.3.1.21","13050","","","","0"
"2021","British Columbia","2021A000259","0 to 14 years","Women+","2021 Counts","Sikh","","0","units","0","","141.2.3.1.22","22780","","","","0"
"2021","British Columbia","2021A000259","0 to 14 years","Women+","2021 Counts","Traditional (North American Indigenous) spirituality","","0","units","0","","141.2.3.1.23","1195","","","","0"
"2021","British Columbia","2021A000259","0 to 14 years","Women+","2021 Counts","Other religions and spiritual traditions","","0","units","0","","141.2.3.1.24","2285","","","","0"
"2021","British Columbia","2021A000259","0 to 14 years","Women+","2021 Counts","No religion and secular perspectives","","0","units","0","","141.2.3.1.25","204495","","","","0"
"2021","British Columbia","2021A000259","0 to 14 years","Women+","% distribution (2021)","Total - Religion","","0","units","0","","141.2.3.2.1","1.0","","","","1"
"2021","British Columbia","2021A000259","0 to 14 years","Women+","% distribution (2021)","Buddhist","","0","units","0","","141.2.3.2.2","0.0","","","","1"
"2021","British Columbia","2021A000259","0 to 14 years","Women+","% distribution (2021)","Christian","","0","units","0","","141.2.3.2.3","0.3","","","","1"
"2021","British Columbia","2021A000259","0 to 14 years","Women+","% distribution (2021)","Hindu","","0","units","0","","141.2.3.2.19","0.0","","","","1"
"2021","British Columbia","2021A000259","0 to 14 years","Women+","% distribution (2021)","Jewish","","0","units","0","","141.2.3.2.20","0.0","","","","1"
"2021","British Columbia","2021A000259","0 to 14 years","Women+","% distribution (2021)","Muslim","","0","units","0","","141.2.3.2.21","0.0","","","","1"
"2021","British Columbia","2021A000259","0 to 14 years","Women+","% distribution (2021)","Sikh","","0","units","0","","141.2.3.2.22","0.1","","","","1"
"2021","British Columbia","2021A000259","0 to 14 years","Women+","% distribution (2021)","Traditional (North American Indigenous) spirituality","","0","units","0","","141.2.3.2.23","0.0","","","","1"
"2021","British Columbia","2021A000259","0 to 14 years","Women+","% distribution (2021)","Other religions and spiritual traditions","","0","units","0","","141.2.3.2.24","0.0","","","","1"
"2021","British Columbia","2021A000259","0 to 14 years","Women+","% distribution (2021)","No religion and secular perspectives","","0","units","0","","141.2.3.2.25","0.6","","","","1"
"2021","British Columbia","2021A000259","15 years and over","Total - Gender","2021 Counts","Total - Religion","","0","units","0","","141.3.1.1.1","4200425","","","","0"
"2021","British Columbia","2021A000259","15 years and over","Total - Gender","2021 Counts","Buddhist","","0","units","0","","141.3.1.1.2","78105","","","","0"
"2021","British Columbia","2021A000259","15 years and over","Total - Gender","2021 Counts","Christian","","0","units","0","","141.3.1.1.3","1495085","","","","0"
"2021","British Columbia","2021A000259","15 years and over","Total - Gender","2021 Counts","Hindu","","0","units","0","","141.3.1.1.19","68655","","","","0"
"2021","British Columbia","2021A000259","15 years and over","Total - Gender","2021 Counts","Jewish","","0","units","0","","141.3.1.1.20","23105","","","","0"
"2021","British Columbia","2021A000259","15 years and over","Total - Gender","2021 Counts","Muslim","","0","units","0","","141.3.1.1.21","99800","","","","0"
"2021","British Columbia","2021A000259","15 years and over","Total - Gender","2021 Counts","Sikh","","0","units","0","","141.3.1.1.22","243185","","","","0"
"2021","British Columbia","2021A000259","15 years and over","Total - Gender","2021 Counts","Traditional (North American Indigenous) spirituality","","0","units","0","","141.3.1.1.23","9035","","","","0"
"2021","British Columbia","2021A000259","15 years and over","Total - Gender","2021 Counts","Other religions and spiritual traditions","","0","units","0","","141.3.1.1.24","46855","","","","0"
"2021","British Columbia","2021A000259","15 years and over","Total - Gender","2021 Counts","No religion and secular perspectives","","0","units","0","","141.3.1.1.25","2136595","","","","0"
"2021","British Columbia","2021A000259","15 years and over","Total - Gender","% distribution (2021)","Total - Religion","","0","units","0","","141.3.1.2.1","11.6","","","","1"
"2021","British Columbia","2021A000259","15 years and over","Total - Gender","% distribution (2021)","Buddhist","","0","units","0","","141.3.1.2.2","0.2","","","","1"
"2021","British Columbia","2021A000259","15 years and over","Total - Gender","% distribution (2021)","Christian","","0","units","0","","141.3.1.2.3","4.1","","","","1"
"2021","British Columbia","2021A000259","15 years and over","Total - Gender","% distribution (2021)","Hindu","","0","units","0","","141.3.1.2.19","0.2","","","","1"
"2021","British Columbia","2021A000259","15 years and over","Total - Gender","% distribution (2021)","Jewish","","0","units","0","","141.3.1.2.20","0.1","","","","1"
"2021","British Columbia","2021A000259","15 years and over","Total - Gender","% distribution (2021)","Muslim","","0","units","0","","141.3.1.2.21","0.3","","","","1"
"2021","British Columbia","2021A000259","15 years and over","Total - Gender","% distribution (2021)","Sikh","","0","units","0","","141.3.1.2.22","0.7","","","","1"
"2021","British Columbia","2021A000259","15 years and over","Total - Gender","% distribution (2021)","Traditional (North American Indigenous) spirituality","","0","units","0","","141.3.1.2.23","0.0","","","","1"
"2021","British Columbia","2021A000259","15 years and over","Total - Gender","% distribution (2021)","Other religions and spiritual traditions","","0","units","0","","141.3.1.2.24","0.1","","","","1"
"2021","British Columbia","2021A000259","15 years and over","Total - Gender","% distribution (2021)","No religion and secular perspectives","","0","units","0","","141.3.1.2.25","5.9","","","","1"
"2021","British Columbia","2021A000259","15 years and over","Men+","2021 Counts","Total - Religion","","0","units","0","","141.3.2.1.1","2048395","","","","0"
"2021","British Columbia","2021A000259","15 years and over","Men+","2021 Counts","Buddhist","","0","units","0","","141.3.2.1.2","31845","","","","0"
"2021","British Columbia","2021A000259","15 years and over","Men+","2021 Counts","Christian","","0","units","0","","141.3.2.1.3","669485","","","","0"
"2021","British Columbia","2021A000259","15 years and over","Men+","2021 Counts","Hindu","","0","units","0","","141.3.2.1.19","35695","","","","0"
"2021","British Columbia","2021A000259","15 years and over","Men+","2021 Counts","Jewish","","0","units","0","","141.3.2.1.20","11050","","","","0"
"2021","British Columbia","2021A000259","15 years and over","Men+","2021 Counts","Muslim","","0","units","0","","141.3.2.1.21","50310","","","","0"
"2021","British Columbia","2021A000259","15 years and over","Men+","2021 Counts","Sikh","","0","units","0","","141.3.2.1.22","120840","","","","0"
"2021","British Columbia","2021A000259","15 years and over","Men+","2021 Counts","Traditional (North American Indigenous) spirituality","","0","units","0","","141.3.2.1.23","4155","","","","0"
"2021","British Columbia","2021A000259","15 years and over","Men+","2021 Counts","Other religions and spiritual traditions","","0","units","0","","141.3.2.1.24","18585","","","","0"
"2021","British Columbia","2021A000259","15 years and over","Men+","2021 Counts","No religion and secular perspectives","","0","units","0","","141.3.2.1.25","1106425","","","","0"
"2021","British Columbia","2021A000259","15 years and over","Men+","% distribution (2021)","Total - Religion","","0","units","0","","141.3.2.2.1","5.6","","","","1"
"2021","British Columbia","2021A000259","15 years and over","Men+","% distribution (2021)","Buddhist","","0","units","0","","141.3.2.2.2","0.1","","","","1"
"2021","British Columbia","2021A000259","15 years and over","Men+","% distribution (2021)","Christian","","0","units","0","","141.3.2.2.3","1.8","","","","1"
"2021","British Columbia","2021A000259","15 years and over","Men+","% distribution (2021)","Hindu","","0","units","0","","141.3.2.2.19","0.1","","","","1"
"2021","British Columbia","2021A000259","15 years and over","Men+","% distribution (2021)","Jewish","","0","units","0","","141.3.2.2.20","0.0","","","","1"
"2021","British Columbia","2021A000259","15 years and over","Men+","% distribution (2021)","Muslim","","0","units","0","","141.3.2.2.21","0.1","","","","1"
"2021","British Columbia","2021A000259","15 years and over","Men+","% distribution (2021)","Sikh","","0","units","0","","141.3.2.2.22","0.3","","","","1"
"2021","British Columbia","2021A000259","15 years and over","Men+","% distribution (2021)","Traditional (North American Indigenous) spirituality","","0","units","0","","141.3.2.2.23","0.0","","","","1"
"2021","British Columbia","2021A000259","15 years and over","Men+","% distribution (2021)","Other religions and spiritual traditions","","0","units","0","","141.3.2.2.24","0.1","","","","1"
"2021","British Columbia","2021A000259","15 years and over","Men+","% distribution (2021)","No religion and secular perspectives","","0","units","0","","141.3.2.2.25","3.0","","","","1"
"2021","British Columbia","2021A000259","15 years and over","Women+","2021 Counts","Total - Religion","","0","units","0","","141.3.3.1.1","2152030","","","","0"
"2021","British Columbia","2021A000259","15 years and over","Women+","2021 Counts","Buddhist","","0","units","0","","141.3.3.1.2","46265","","","","0"
"2021","British Columbia","2021A000259","15 years and over","Women+","2021 Counts","Christian","","0","units","0","","141.3.3.1.3","825600","","","","0"
"2021","British Columbia","2021A000259","15 years and over","Women+","2021 Counts","Hindu","","0","units","0","","141.3.3.1.19","32960","","","","0"
"2021","British Columbia","2021A000259","15 years and over","Women+","2021 Counts","Jewish","","0","units","0","","141.3.3.1.20","12050","","","","0"
"2021","British Columbia","2021A000259","15 years and over","Women+","2021 Counts","Muslim","","0","units","0","","141.3.3.1.21","49490","","","","0"
"2021","British Columbia","2021A000259","15 years and over","Women+","2021 Counts","Sikh","","0","units","0","","141.3.3.1.22","122345","","","","0"
"2021","British Columbia","2021A000259","15 years and over","Women+","2021 Counts","Traditional (North American Indigenous) spirituality","","0","units","0","","141.3.3.1.23","4880","","","","0"
"2021","British Columbia","2021A000259","15 years and over","Women+","2021 Counts","Other religions and spiritual traditions","","0","units","0","","141.3.3.1.24","28270","","","","0"
"2021","British Columbia","2021A000259","15 years and over","Women+","2021 Counts","No religion and secular perspectives","","0","units","0","","141.3.3.1.25","1030170","","","","0"
"2021","British Columbia","2021A000259","15 years and over","Women+","% distribution (2021)","Total - Religion","","0","units","0","","141.3.3.2.1","5.9","","","","1"
"2021","British Columbia","2021A000259","15 years and over","Women+","% distribution (2021)","Buddhist","","0","units","0","","141.3.3.2.2","0.1","","","","1"
"2021","British Columbia","2021A000259","15 years and over","Women+","% distribution (2021)","Christian","","0","units","0","","141.3.3.2.3","2.3","","","","1"
"2021","British Columbia","2021A000259","15 years and over","Women+","% distribution (2021)","Hindu","","0","units","0","","141.3.3.2.19","0.1","","","","1"
"2021","British Columbia","2021A000259","15 years and over","Women+","% distribution (2021)","Jewish","","0","units","0","","141.3.3.2.20","0.0","","","","1"
"2021","British Columbia","2021A000259","15 years and over","Women+","% distribution (2021)","Muslim","","0","units","0","","141.3.3.2.21","0.1","","","","1"
"2021","British Columbia","2021A000259","15 years and over","Women+","% distribution (2021)","Sikh","","0","units","0","","141.3.3.2.22","0.3","","","","1"
"2021","British Columbia","2021A000259","15 years and over","Women+","% distribution (2021)","Traditional (North American Indigenous) spirituality","","0","units","0","","141.3.3.2.23","0.0","","","","1"
"2021","British Columbia","2021A000259","15 years and over","Women+","% distribution (2021)","Other religions and spiritual traditions","","0","units","0","","141.3.3.2.24","0.1","","","","1"
"2021","British Columbia","2021A000259","15 years and over","Women+","% distribution (2021)","No religion and secular perspectives","","0","units","0","","141.3.3.2.25","2.8","","","","1"
"2021","British Columbia","2021A000259","15 to 24 years","Total - Gender","2021 Counts","Total - Religion","","0","units","0","","141.4.1.1.1","543915","","","","0"
"2021","British Columbia","2021A000259","15 to 24 years","Total - Gender","2021 Counts","Buddhist","","0","units","0","","141.4.1.1.2","7265","","","","0"
"2021","British Columbia","2021A000259","15 to 24 years","Total - Gender","2021 Counts","Christian","","0","units","0","","141.4.1.1.3","148805","","","","0"
"2021","British Columbia","2021A000259","15 to 24 years","Total - Gender","2021 Counts","Hindu","","0","units","0","","141.4.1.1.19","12490","","","","0"
"2021","British Columbia","2021A000259","15 to 24 years","Total - Gender","2021 Counts","Jewish","","0","units","0","","141.4.1.1.20","2565","","","","0"
"2021","British Columbia","2021A000259","15 to 24 years","Total - Gender","2021 Counts","Muslim","","0","units","0","","141.4.1.1.21","17585","","","","0"
"2021","British Columbia","2021A000259","15 to 24 years","Total - Gender","2021 Counts","Sikh","","0","units","0","","141.4.1.1.22","51415","","","","0"
"2021","British Columbia","2021A000259","15 to 24 years","Total - Gender","2021 Counts","Traditional (North American Indigenous) spirituality","","0","units","0","","141.4.1.1.23","1685","","","","0"
"2021","British Columbia","2021A000259","15 to 24 years","Total - Gender","2021 Counts","Other religions and spiritual traditions","","0","units","0","","141.4.1.1.24","4510","","","","0"
"2021","British Columbia","2021A000259","15 to 24 years","Total - Gender","2021 Counts","No religion and secular perspectives","","0","units","0","","141.4.1.1.25","297585","","","","0"
"2021","British Columbia","2021A000259","15 to 24 years","Total - Gender","% distribution (2021)","Total - Religion","","0","units","0","","141.4.1.2.1","1.5","","","","1"
"2021","British Columbia","2021A000259","15 to 24 years","Total - Gender","% distribution (2021)","Buddhist","","0","units","0","","141.4.1.2.2","0.0","","","","1"
"2021","British Columbia","2021A000259","15 to 24 years","Total - Gender","% distribution (2021)","Christian","","0","units","0","","141.4.1.2.3","0.4","","","","1"
"2021","British Columbia","2021A000259","15 to 24 years","Total - Gender","% distribution (2021)","Hindu","","0","units","0","","141.4.1.2.19","0.0","","","","1"
"2021","British Columbia","2021A000259","15 to 24 years","Total - Gender","% distribution (2021)","Jewish","","0","units","0","","141.4.1.2.20","0.0","","","","1"
"2021","British Columbia","2021A000259","15 to 24 years","Total - Gender","% distribution (2021)","Muslim","","0","units","0","","141.4.1.2.21","0.0","","","","1"
"2021","British Columbia","2021A000259","15 to 24 years","Total - Gender","% distribution (2021)","Sikh","","0","units","0","","141.4.1.2.22","0.1","","","","1"
"2021","British Columbia","2021A000259","15 to 24 years","Total - Gender","% distribution (2021)","Traditional (North American Indigenous) spirituality","","0","units","0","","141.4.1.2.23","0.0","","","","1"
"2021","British Columbia","2021A000259","15 to 24 years","Total - Gender","% distribution (2021)","Other religions and spiritual traditions","","0","units","0","","141.4.1.2.24","0.0","","","","1"
"2021","British Columbia","2021A000259","15 to 24 years","Total - Gender","% distribution (2021)","No religion and secular perspectives","","0","units","0","","141.4.1.2.25","0.8","","","","1"
"2021","British Columbia","2021A000259","15 to 24 years","Men+","2021 Counts","Total - Religion","","0","units","0","","141.4.2.1.1","282200","","","","0"
"2021","British Columbia","2021A000259","15 to 24 years","Men+","2021 Counts","Buddhist","","0","units","0","","141.4.2.1.2","3515","","","","0"
"2021","British Columbia","2021A000259","15 to 24 years","Men+","2021 Counts","Christian","","0","units","0","","141.4.2.1.3","75955","","","","0"
"2021","British Columbia","2021A000259","15 to 24 years","Men+","2021 Counts","Hindu","","0","units","0","","141.4.2.1.19","6990","","","","0"
"2021","British Columbia","2021A000259","15 to 24 years","Men+","2021 Counts","Jewish","","0","units","0","","141.4.2.1.20","1285","","","","0"
"2021","British Columbia","2021A000259","15 to 24 years","Men+","2021 Counts","Muslim","","0","units","0","","141.4.2.1.21","9510","","","","0"
"2021","British Columbia","2021A000259","15 to 24 years","Men+","2021 Counts","Sikh","","0","units","0","","141.4.2.1.22","26935","","","","0"
"2021","British Columbia","2021A000259","15 to 24 years","Men+","2021 Counts","Traditional (North American Indigenous) spirituality","","0","units","0","","141.4.2.1.23","865","","","","0"
"2021","British Columbia","2021A000259","15 to 24 years","Men+","2021 Counts","Other religions and spiritual traditions","","0","units","0","","141.4.2.1.24","1875","","","","0"
"2021","British Columbia","2021A000259","15 to 24 years","Men+","2021 Counts","No religion and secular perspectives","","0","units","0","","141.4.2.1.25","155275","","","","0"
"2021","British Columbia","2021A000259","15 to 24 years","Men+","% distribution (2021)","Total - Religion","","0","units","0","","141.4.2.2.1","0.8","","","","1"
"2021","British Columbia","2021A000259","15 to 24 years","Men+","% distribution (2021)","Buddhist","","0","units","0","","141.4.2.2.2","0.0","","","","1"
"2021","British Columbia","2021A000259","15 to 24 years","Men+","% distribution (2021)","Christian","","0","units","0","","141.4.2.2.3","0.2","","","","1"
"2021","British Columbia","2021A000259","15 to 24 years","Men+","% distribution (2021)","Hindu","","0","units","0","","141.4.2.2.19","0.0","","","","1"
"2021","British Columbia","2021A000259","15 to 24 years","Men+","% distribution (2021)","Jewish","","0","units","0","","141.4.2.2.20","0.0","","","","1"
"2021","British Columbia","2021A000259","15 to 24 years","Men+","% distribution (2021)","Muslim","","0","units","0","","141.4.2.2.21","0.0","","","","1"
"2021","British Columbia","2021A000259","15 to 24 years","Men+","% distribution (2021)","Sikh","","0","units","0","","141.4.2.2.22","0.1","","","","1"
"2021","British Columbia","2021A000259","15 to 24 years","Men+","% distribution (2021)","Traditional (North American Indigenous) spirituality","","0","units","0","","141.4.2.2.23","0.0","","","","1"
"2021","British Columbia","2021A000259","15 to 24 years","Men+","% distribution (2021)","Other religions and spiritual traditions","","0","units","0","","141.4.2.2.24","0.0","","","","1"
"2021","British Columbia","2021A000259","15 to 24 years","Men+","% distribution (2021)","No religion and secular perspectives","","0","units","0","","141.4.2.2.25","0.4","","","","1"
"2021","British Columbia","2021A000259","15 to 24 years","Women+","2021 Counts","Total - Religion","","0","units","0","","141.4.3.1.1","261710","","","","0"
"2021","British Columbia","2021A000259","15 to 24 years","Women+","2021 Counts","Buddhist","","0","units","0","","141.4.3.1.2","3750","","","","0"
"2021","British Columbia","2021A000259","15 to 24 years","Women+","2021 Counts","Christian","","0","units","0","","141.4.3.1.3","72850","","","","0"
"2021","British Columbia","2021A000259","15 to 24 years","Women+","2021 Counts","Hindu","","0","units","0","","141.4.3.1.19","5505","","","","0"
"2021","British Columbia","2021A000259","15 to 24 years","Women+","2021 Counts","Jewish","","0","units","0","","141.4.3.1.20","1280","","","","0"
"2021","British Columbia","2021A000259","15 to 24 years","Women+","2021 Counts","Muslim","","0","units","0","","141.4.3.1.21","8080","","","","0"
"2021","British Columbia","2021A000259","15 to 24 years","Women+","2021 Counts","Sikh","","0","units","0","","141.4.3.1.22","24475","","","","0"
"2021","British Columbia","2021A000259","15 to 24 years","Women+","2021 Counts","Traditional (North American Indigenous) spirituality","","0","units","0","","141.4.3.1.23","820","","","","0"
"2021","British Columbia","2021A000259","15 to 24 years","Women+","2021 Counts","Other religions and spiritual traditions","","0","units","0","","141.4.3.1.24","2630","","","","0"
"2021","British Columbia","2021A000259","15 to 24 years","Women+","2021 Counts","No religion and secular perspectives","","0","units","0","","141.4.3.1.25","142310","","","","0"
"2021","British Columbia","2021A000259","15 to 24 years","Women+","% distribution (2021)","Total - Religion","","0","units","0","","141.4.3.2.1","0.7","","","","1"
"2021","British Columbia","2021A000259","15 to 24 years","Women+","% distribution (2021)","Buddhist","","0","units","0","","141.4.3.2.2","0.0","","","","1"
"2021","British Columbia","2021A000259","15 to 24 years","Women+","% distribution (2021)","Christian","","0","units","0","","141.4.3.2.3","0.2","","","","1"
"2021","British Columbia","2021A000259","15 to 24 years","Women+","% distribution (2021)","Hindu","","0","units","0","","141.4.3.2.19","0.0","","","","1"
"2021","British Columbia","2021A000259","15 to 24 years","Women+","% distribution (2021)","Jewish","","0","units","0","","141.4.3.2.20","0.0","","","","1"
"2021","British Columbia","2021A000259","15 to 24 years","Women+","% distribution (2021)","Muslim","","0","units","0","","141.4.3.2.21","0.0","","","","1"
"2021","British Columbia","2021A000259","15 to 24 years","Women+","% distribution (2021)","Sikh","","0","units","0","","141.4.3.2.22","0.1","","","","1"
"2021","British Columbia","2021A000259","15 to 24 years","Women+","% distribution (2021)","Traditional (North American Indigenous) spirituality","","0","units","0","","141.4.3.2.23","0.0","","","","1"
"2021","British Columbia","2021A000259","15 to 24 years","Women+","% distribution (2021)","Other religions and spiritual traditions","","0","units","0","","141.4.3.2.24","0.0","","","","1"
"2021","British Columbia","2021A000259","15 to 24 years","Women+","% distribution (2021)","No religion and secular perspectives","","0","units","0","","141.4.3.2.25","0.4","","","","1"
"2021","British Columbia","2021A000259","25 to 64 years","Total - Gender","2021 Counts","Total - Religion","","0","units","0","","141.7.1.1.1","2691865","","","","0"
"2021","British Columbia","2021A000259","25 to 64 years","Total - Gender","2021 Counts","Buddhist","","0","units","0","","141.7.1.1.2","51205","","","","0"
"2021","British Columbia","2021A000259","25 to 64 years","Total - Gender","2021 Counts","Christian","","0","units","0","","141.7.1.1.3","841450","","","","0"
"2021","British Columbia","2021A000259","25 to 64 years","Total - Gender","2021 Counts","Hindu","","0","units","0","","141.7.1.1.19","47825","","","","0"
"2021","British Columbia","2021A000259","25 to 64 years","Total - Gender","2021 Counts","Jewish","","0","units","0","","141.7.1.1.20","13250","","","","0"
"2021","British Columbia","2021A000259","25 to 64 years","Total - Gender","2021 Counts","Muslim","","0","units","0","","141.7.1.1.21","68940","","","","0"
"2021","British Columbia","2021A000259","25 to 64 years","Total - Gender","2021 Counts","Sikh","","0","units","0","","141.7.1.1.22","151695","","","","0"
"2021","British Columbia","2021A000259","25 to 64 years","Total - Gender","2021 Counts","Traditional (North American Indigenous) spirituality","","0","units","0","","141.7.1.1.23","6230","","","","0"
"2021","British Columbia","2021A000259","25 to 64 years","Total - Gender","2021 Counts","Other religions and spiritual traditions","","0","units","0","","141.7.1.1.24","32835","","","","0"
"2021","British Columbia","2021A000259","25 to 64 years","Total - Gender","2021 Counts","No religion and secular perspectives","","0","units","0","","141.7.1.1.25","1478430","","","","0"
"2021","British Columbia","2021A000259","25 to 64 years","Total - Gender","% distribution (2021)","Total - Religion","","0","units","0","","141.7.1.2.1","7.4","","","","1"
"2021","British Columbia","2021A000259","25 to 64 years","Total - Gender","% distribution (2021)","Buddhist","","0","units","0","","141.7.1.2.2","0.1","","","","1"
"2021","British Columbia","2021A000259","25 to 64 years","Total - Gender","% distribution (2021)","Christian","","0","units","0","","141.7.1.2.3","2.3","","","","1"
"2021","British Columbia","2021A000259","25 to 64 years","Total - Gender","% distribution (2021)","Hindu","","0","units","0","","141.7.1.2.19","0.1","","","","1"
"2021","British Columbia","2021A000259","25 to 64 years","Total - Gender","% distribution (2021)","Jewish","","0","units","0","","141.7.1.2.20","0.0","","","","1"
"2021","British Columbia","2021A000259","25 to 64 years","Total - Gender","% distribution (2021)","Muslim","","0","units","0","","141.7.1.2.21","0.2","","","","1"
"2021","British Columbia","2021A000259","25 to 64 years","Total - Gender","% distribution (2021)","Sikh","","0","units","0","","141.7.1.2.22","0.4","","","","1"
"2021","British Columbia","2021A000259","25 to 64 years","Total - Gender","% distribution (2021)","Traditional (North American Indigenous) spirituality","","0","units","0","","141.7.1.2.23","0.0","","","","1"
"2021","British Columbia","2021A000259","25 to 64 years","Total - Gender","% distribution (2021)","Other religions and spiritual traditions","","0","units","0","","141.7.1.2.24","0.1","","","","1"
"2021","British Columbia","2021A000259","25 to 64 years","Total - Gender","% distribution (2021)","No religion and secular perspectives","","0","units","0","","141.7.1.2.25","4.1","","","","1"
"2021","British Columbia","2021A000259","25 to 64 years","Men+","2021 Counts","Total - Religion","","0","units","0","","141.7.2.1.1","1313265","","","","0"
"2021","British Columbia","2021A000259","25 to 64 years","Men+","2021 Counts","Buddhist","","0","units","0","","141.7.2.1.2","20445","","","","0"
"2021","British Columbia","2021A000259","25 to 64 years","Men+","2021 Counts","Christian","","0","units","0","","141.7.2.1.3","378195","","","","0"
"2021","British Columbia","2021A000259","25 to 64 years","Men+","2021 Counts","Hindu","","0","units","0","","141.7.2.1.19","24725","","","","0"
"2021","British Columbia","2021A000259","25 to 64 years","Men+","2021 Counts","Jewish","","0","units","0","","141.7.2.1.20","6315","","","","0"
"2021","British Columbia","2021A000259","25 to 64 years","Men+","2021 Counts","Muslim","","0","units","0","","141.7.2.1.21","34275","","","","0"
"2021","British Columbia","2021A000259","25 to 64 years","Men+","2021 Counts","Sikh","","0","units","0","","141.7.2.1.22","74895","","","","0"
"2021","British Columbia","2021A000259","25 to 64 years","Men+","2021 Counts","Traditional (North American Indigenous) spirituality","","0","units","0","","141.7.2.1.23","2750","","","","0"
"2021","British Columbia","2021A000259","25 to 64 years","Men+","2021 Counts","Other religions and spiritual traditions","","0","units","0","","141.7.2.1.24","12985","","","","0"
"2021","British Columbia","2021A000259","25 to 64 years","Men+","2021 Counts","No religion and secular perspectives","","0","units","0","","141.7.2.1.25","758665","","","","0"
"2021","British Columbia","2021A000259","25 to 64 years","Men+","% distribution (2021)","Total - Religion","","0","units","0","","141.7.2.2.1","3.6","","","","1"
"2021","British Columbia","2021A000259","25 to 64 years","Men+","% distribution (2021)","Buddhist","","0","units","0","","141.7.2.2.2","0.1","","","","1"
"2021","British Columbia","2021A000259","25 to 64 years","Men+","% distribution (2021)","Christian","","0","units","0","","141.7.2.2.3","1.0","","","","1"
"2021","British Columbia","2021A000259","25 to 64 years","Men+","% distribution (2021)","Hindu","","0","units","0","","141.7.2.2.19","0.1","","","","1"
"2021","British Columbia","2021A000259","25 to 64 years","Men+","% distribution (2021)","Jewish","","0","units","0","","141.7.2.2.20","0.0","","","","1"
"2021","British Columbia","2021A000259","25 to 64 years","Men+","% distribution (2021)","Muslim","","0","units","0","","141.7.2.2.21","0.1","","","","1"
"2021","British Columbia","2021A000259","25 to 64 years","Men+","% distribution (2021)","Sikh","","0","units","0","","141.7.2.2.22","0.2","","","","1"
"2021","British Columbia","2021A000259","25 to 64 years","Men+","% distribution (2021)","Traditional (North American Indigenous) spirituality","","0","units","0","","141.7.2.2.23","0.0","","","","1"
"2021","British Columbia","2021A000259","25 to 64 years","Men+","% distribution (2021)","Other religions and spiritual traditions","","0","units","0","","141.7.2.2.24","0.0","","","","1"
"2021","British Columbia","2021A000259","25 to 64 years","Men+","% distribution (2021)","No religion and secular perspectives","","0","units","0","","141.7.2.2.25","2.1","","","","1"
"2021","British Columbia","2021A000259","25 to 64 years","Women+","2021 Counts","Total - Religion","","0","units","0","","141.7.3.1.1","1378600","","","","0"
"2021","British Columbia","2021A000259","25 to 64 years","Women+","2021 Counts","Buddhist","","0","units","0","","141.7.3.1.2","30755","","","","0"
"2021","British Columbia","2021A000259","25 to 64 years","Women+","2021 Counts","Christian","","0","units","0","","141.7.3.1.3","463255","","","","0"
"2021","British Columbia","2021A000259","25 to 64 years","Women+","2021 Counts","Hindu","","0","units","0","","141.7.3.1.19","23100","","","","0"
"2021","British Columbia","2021A000259","25 to 64 years","Women+","2021 Counts","Jewish","","0","units","0","","141.7.3.1.20","6935","","","","0"
"2021","British Columbia","2021A000259","25 to 64 years","Women+","2021 Counts","Muslim","","0","units","0","","141.7.3.1.21","34665","","","","0"
"2021","British Columbia","2021A000259","25 to 64 years","Women+","2021 Counts","Sikh","","0","units","0","","141.7.3.1.22","76800","","","","0"
"2021","British Columbia","2021A000259","25 to 64 years","Women+","2021 Counts","Traditional (North American Indigenous) spirituality","","0","units","0","","141.7.3.1.23","3480","","","","0"
"2021","British Columbia","2021A000259","25 to 64 years","Women+","2021 Counts","Other religions and spiritual traditions","","0","units","0","","141.7.3.1.24","19850","","","","0"
"2021","British Columbia","2021A000259","25 to 64 years","Women+","2021 Counts","No religion and secular perspectives","","0","units","0","","141.7.3.1.25","719765","","","","0"
"2021","British Columbia","2021A000259","25 to 64 years","Women+","% distribution (2021)","Total - Religion","","0","units","0","","141.7.3.2.1","3.8","","","","1"
"2021","British Columbia","2021A000259","25 to 64 years","Women+","% distribution (2021)","Buddhist","","0","units","0","","141.7.3.2.2","0.1","","","","1"
"2021","British Columbia","2021A000259","25 to 64 years","Women+","% distribution (2021)","Christian","","0","units","0","","141.7.3.2.3","1.3","","","","1"
"2021","British Columbia","2021A000259","25 to 64 years","Women+","% distribution (2021)","Hindu","","0","units","0","","141.7.3.2.19","0.1","","","","1"
"2021","British Columbia","2021A000259","25 to 64 years","Women+","% distribution (2021)","Jewish","","0","units","0","","141.7.3.2.20","0.0","","","","1"
"2021","British Columbia","2021A000259","25 to 64 years","Women+","% distribution (2021)","Muslim","","0","units","0","","141.7.3.2.21","0.1","","","","1"
"2021","British Columbia","2021A000259","25 to 64 years","Women+","% distribution (2021)","Sikh","","0","units","0","","141.7.3.2.22","0.2","","","","1"
"2021","British Columbia","2021A000259","25 to 64 years","Women+","% distribution (2021)","Traditional (North American Indigenous) spirituality","","0","units","0","","141.7.3.2.23","0.0","","","","1"
"2021","British Columbia","2021A000259","25 to 64 years","Women+","% distribution (2021)","Other religions and spiritual traditions","","0","units","0","","141.7.3.2.24","0.1","","","","1"
"2021","British Columbia","2021A000259","25 to 64 years","Women+","% distribution (2021)","No religion and secular perspectives","","0","units","0","","141.7.3.2.25","2.0","","","","1"
"2021","British Columbia","2021A000259","65 years and over","Total - Gender","2021 Counts","Total - Religion","","0","units","0","","141.13.1.1.1","964645","","","","0"
"2021","British Columbia","2021A000259","65 years and over","Total - Gender","2021 Counts","Buddhist","","0","units","0","","141.13.1.1.2","19635","","","","0"
"2021","British Columbia","2021A000259","65 years and over","Total - Gender","2021 Counts","Christian","","0","units","0","","141.13.1.1.3","504830","","","","0"
"2021","British Columbia","2021A000259","65 years and over","Total - Gender","2021 Counts","Hindu","","0","units","0","","141.13.1.1.19","8335","","","","0"
"2021","British Columbia","2021A000259","65 years and over","Total - Gender","2021 Counts","Jewish","","0","units","0","","141.13.1.1.20","7290","","","","0"
"2021","British Columbia","2021A000259","65 years and over","Total - Gender","2021 Counts","Muslim","","0","units","0","","141.13.1.1.21","13275","","","","0"
"2021","British Columbia","2021A000259","65 years and over","Total - Gender","2021 Counts","Sikh","","0","units","0","","141.13.1.1.22","40080","","","","0"
"2021","British Columbia","2021A000259","65 years and over","Total - Gender","2021 Counts","Traditional (North American Indigenous) spirituality","","0","units","0","","141.13.1.1.23","1120","","","","0"
"2021","British Columbia","2021A000259","65 years and over","Total - Gender","2021 Counts","Other religions and spiritual traditions","","0","units","0","","141.13.1.1.24","9510","","","","0"
"2021","British Columbia","2021A000259","65 years and over","Total - Gender","2021 Counts","No religion and secular perspectives","","0","units","0","","141.13.1.1.25","360575","","","","0"
"2021","British Columbia","2021A000259","65 years and over","Total - Gender","% distribution (2021)","Total - Religion","","0","units","0","","141.13.1.2.1","2.7","","","","1"
"2021","British Columbia","2021A000259","65 years and over","Total - Gender","% distribution (2021)","Buddhist","","0","units","0","","141.13.1.2.2","0.1","","","","1"
"2021","British Columbia","2021A000259","65 years and over","Total - Gender","% distribution (2021)","Christian","","0","units","0","","141.13.1.2.3","1.4","","","","1"
"2021","British Columbia","2021A000259","65 years and over","Total - Gender","% distribution (2021)","Hindu","","0","units","0","","141.13.1.2.19","0.0","","","","1"
"2021","British Columbia","2021A000259","65 years and over","Total - Gender","% distribution (2021)","Jewish","","0","units","0","","141.13.1.2.20","0.0","","","","1"
"2021","British Columbia","2021A000259","65 years and over","Total - Gender","% distribution (2021)","Muslim","","0","units","0","","141.13.1.2.21","0.0","","","","1"
"2021","British Columbia","2021A000259","65 years and over","Total - Gender","% distribution (2021)","Sikh","","0","units","0","","141.13.1.2.22","0.1","","","","1"
"2021","British Columbia","2021A000259","65 years and over","Total - Gender","% distribution (2021)","Traditional (North American Indigenous) spirituality","","0","units","0","","141.13.1.2.23","0.0","","","","1"
"2021","British Columbia","2021A000259","65 years and over","Total - Gender","% distribution (2021)","Other religions and spiritual traditions","","0","units","0","","141.13.1.2.24","0.0","","","","1"
"2021","British Columbia","2021A000259","65 years and over","Total - Gender","% distribution (2021)","No religion and secular perspectives","","0","units","0","","141.13.1.2.25","1.0","","","","1"
"2021","British Columbia","2021A000259","65 years and over","Men+","2021 Counts","Total - Religion","","0","units","0","","141.13.2.1.1","452930","","","","0"
"2021","British Columbia","2021A000259","65 years and over","Men+","2021 Counts","Buddhist","","0","units","0","","141.13.2.1.2","7875","","","","0"
"2021","British Columbia","2021A000259","65 years and over","Men+","2021 Counts","Christian","","0","units","0","","141.13.2.1.3","215335","","","","0"
"2021","British Columbia","2021A000259","65 years and over","Men+","2021 Counts","Hindu","","0","units","0","","141.13.2.1.19","3980","","","","0"
"2021","British Columbia","2021A000259","65 years and over","Men+","2021 Counts","Jewish","","0","units","0","","141.13.2.1.20","3450","","","","0"
"2021","British Columbia","2021A000259","65 years and over","Men+","2021 Counts","Muslim","","0","units","0","","141.13.2.1.21","6535","","","","0"
"2021","British Columbia","2021A000259","65 years and over","Men+","2021 Counts","Sikh","","0","units","0","","141.13.2.1.22","19010","","","","0"
"2021","British Columbia","2021A000259","65 years and over","Men+","2021 Counts","Traditional (North American Indigenous) spirituality","","0","units","0","","141.13.2.1.23","540","","","","0"
"2021","British Columbia","2021A000259","65 years and over","Men+","2021 Counts","Other religions and spiritual traditions","","0","units","0","","141.13.2.1.24","3720","","","","0"
"2021","British Columbia","2021A000259","65 years and over","Men+","2021 Counts","No religion and secular perspectives","","0","units","0","","141.13.2.1.25","192480","","","","0"
"2021","British Columbia","2021A000259","65 years and over","Men+","% distribution (2021)","Total - Religion","","0","units","0","","141.13.2.2.1","1.2","","","","1"
"2021","British Columbia","2021A000259","65 years and over","Men+","% distribution (2021)","Buddhist","","0","units","0","","141.13.2.2.2","0.0","","","","1"
"2021","British Columbia","2021A000259","65 years and over","Men+","% distribution (2021)","Christian","","0","units","0","","141.13.2.2.3","0.6","","","","1"
"2021","British Columbia","2021A000259","65 years and over","Men+","% distribution (2021)","Hindu","","0","units","0","","141.13.2.2.19","0.0","","","","1"
"2021","British Columbia","2021A000259","65 years and over","Men+","% distribution (2021)","Jewish","","0","units","0","","141.13.2.2.20","0.0","","","","1"
"2021","British Columbia","2021A000259","65 years and over","Men+","% distribution (2021)","Muslim","","0","units","0","","141.13.2.2.21","0.0","","","","1"
"2021","British Columbia","2021A000259","65 years and over","Men+","% distribution (2021)","Sikh","","0","units","0","","141.13.2.2.22","0.1","","","","1"
"2021","British Columbia","2021A000259","65 years and over","Men+","% distribution (2021)","Traditional (North American Indigenous) spirituality","","0","units","0","","141.13.2.2.23","0.0","","","","1"
"2021","British Columbia","2021A000259","65 years and over","Men+","% distribution (2021)","Other religions and spiritual traditions","","0","units","0","","141.13.2.2.24","0.0","","","","1"
"2021","British Columbia","2021A000259","65 years and over","Men+","% distribution (2021)","No religion and secular perspectives","","0","units","0","","141.13.2.2.25","0.5","","","","1"
"2021","British Columbia","2021A000259","65 years and over","Women+","2021 Counts","Total - Religion","","0","units","0","","141.13.3.1.1","511720","","","","0"
"2021","British Columbia","2021A000259","65 years and over","Women+","2021 Counts","Buddhist","","0","units","0","","141.13.3.1.2","11755","","","","0"
"2021","British Columbia","2021A000259","65 years and over","Women+","2021 Counts","Christian","","0","units","0","","141.13.3.1.3","289495","","","","0"
"2021","British Columbia","2021A000259","65 years and over","Women+","2021 Counts","Hindu","","0","units","0","","141.13.3.1.19","4355","","","","0"
"2021","British Columbia","2021A000259","65 years and over","Women+","2021 Counts","Jewish","","0","units","0","","141.13.3.1.20","3835","","","","0"
"2021","British Columbia","2021A000259","65 years and over","Women+","2021 Counts","Muslim","","0","units","0","","141.13.3.1.21","6745","","","","0"
"2021","British Columbia","2021A000259","65 years and over","Women+","2021 Counts","Sikh","","0","units","0","","141.13.3.1.22","21065","","","","0"
"2021","British Columbia","2021A000259","65 years and over","Women+","2021 Counts","Traditional (North American Indigenous) spirituality","","0","units","0","","141.13.3.1.23","580","","","","0"
"2021","British Columbia","2021A000259","65 years and over","Women+","2021 Counts","Other religions and spiritual traditions","","0","units","0","","141.13.3.1.24","5785","","","","0"
"2021","British Columbia","2021A000259","65 years and over","Women+","2021 Counts","No religion and secular perspectives","","0","units","0","","141.13.3.1.25","168095","","","","0"
"2021","British Columbia","2021A000259","65 years and over","Women+","% distribution (2021)","Total - Religion","","0","units","0","","141.13.3.2.1","1.4","","","","1"
"2021","British Columbia","2021A000259","65 years and over","Women+","% distribution (2021)","Buddhist","","0","units","0","","141.13.3.2.2","0.0","","","","1"
"2021","British Columbia","2021A000259","65 years and over","Women+","% distribution (2021)","Christian","","0","units","0","","141.13.3.2.3","0.8","","","","1"
"2021","British Columbia","2021A000259","65 years and over","Women+","% distribution (2021)","Hindu","","0","units","0","","141.13.3.2.19","0.0","","","","1"
"2021","British Columbia","2021A000259","65 years and over","Women+","% distribution (2021)","Jewish","","0","units","0","","141.13.3.2.20","0.0","","","","1"
"2021","British Columbia","2021A000259","65 years and over","Women+","% distribution (2021)","Muslim","","0","units","0","","141.13.3.2.21","0.0","","","","1"
"2021","British Columbia","2021A000259","65 years and over","Women+","% distribution (2021)","Sikh","","0","units","0","","141.13.3.2.22","0.1","","","","1"
"2021","British Columbia","2021A000259","65 years and over","Women+","% distribution (2021)","Traditional (North American Indigenous) spirituality","","0","units","0","","141.13.3.2.23","0.0","","","","1"
"2021","British Columbia","2021A000259","65 years and over","Women+","% distribution (2021)","Other religions and spiritual traditions","","0","units","0","","141.13.3.2.24","0.0","","","","1"
"2021","British Columbia","2021A000259","65 years and over","Women+","% distribution (2021)","No religion and secular perspectives","","0","units","0","","141.13.3.2.25","0.5","","","","1"
"2021","Yukon","2021A000260","Total - Age","Total - Gender","2021 Counts","Total - Religion","","0","units","0","","170.1.1.1.1","39585","","","","0"
"2021","Yukon","2021A000260","Total - Age","Total - Gender","2021 Counts","Buddhist","","0","units","0","","170.1.1.1.2","260","","","","0"
"2021","Yukon","2021A000260","Total - Age","Total - Gender","2021 Counts","Christian","","0","units","0","","170.1.1.1.3","13860","","","","0"
"2021","Yukon","2021A000260","Total - Age","Total - Gender","2021 Counts","Hindu","","0","units","0","","170.1.1.1.19","260","","","","0"
"2021","Yukon","2021A000260","Total - Age","Total - Gender","2021 Counts","Jewish","","0","units","0","","170.1.1.1.20","65","","","","0"
"2021","Yukon","2021A000260","Total - Age","Total - Gender","2021 Counts","Muslim","","0","units","0","","170.1.1.1.21","185","","","","0"
"2021","Yukon","2021A000260","Total - Age","Total - Gender","2021 Counts","Sikh","","0","units","0","","170.1.1.1.22","385","","","","0"
"2021","Yukon","2021A000260","Total - Age","Total - Gender","2021 Counts","Traditional (North American Indigenous) spirituality","","0","units","0","","170.1.1.1.23","320","","","","0"
"2021","Yukon","2021A000260","Total - Age","Total - Gender","2021 Counts","Other religions and spiritual traditions","","0","units","0","","170.1.1.1.24","600","","","","0"
"2021","Yukon","2021A000260","Total - Age","Total - Gender","2021 Counts","No religion and secular perspectives","","0","units","0","","170.1.1.1.25","23645","","","","0"
"2021","Yukon","2021A000260","Total - Age","Total - Gender","% distribution (2021)","Total - Religion","","0","units","0","","170.1.1.2.1","0.1","","","","1"
"2021","Yukon","2021A000260","Total - Age","Total - Gender","% distribution (2021)","Buddhist","","0","units","0","","170.1.1.2.2","0.0","","","","1"
"2021","Yukon","2021A000260","Total - Age","Total - Gender","% distribution (2021)","Christian","","0","units","0","","170.1.1.2.3","0.0","","","","1"
"2021","Yukon","2021A000260","Total - Age","Total - Gender","% distribution (2021)","Hindu","","0","units","0","","170.1.1.2.19","0.0","","","","1"
"2021","Yukon","2021A000260","Total - Age","Total - Gender","% distribution (2021)","Jewish","","0","units","0","","170.1.1.2.20","0.0","","","","1"
"2021","Yukon","2021A000260","Total - Age","Total - Gender","% distribution (2021)","Muslim","","0","units","0","","170.1.1.2.21","0.0","","","","1"
"2021","Yukon","2021A000260","Total - Age","Total - Gender","% distribution (2021)","Sikh","","0","units","0","","170.1.1.2.22","0.0","","","","1"
"2021","Yukon","2021A000260","Total - Age","Total - Gender","% distribution (2021)","Traditional (North American Indigenous) spirituality","","0","units","0","","170.1.1.2.23","0.0","","","","1"
"2021","Yukon","2021A000260","Total - Age","Total - Gender","% distribution (2021)","Other religions and spiritual traditions","","0","units","0","","170.1.1.2.24","0.0","","","","1"
"2021","Yukon","2021A000260","Total - Age","Total - Gender","% distribution (2021)","No religion and secular perspectives","","0","units","0","","170.1.1.2.25","0.1","","","","1"
"2021","Yukon","2021A000260","Total - Age","Men+","2021 Counts","Total - Religion","","0","units","0","","170.1.2.1.1","19715","","","","0"
"2021","Yukon","2021A000260","Total - Age","Men+","2021 Counts","Buddhist","","0","units","0","","170.1.2.1.2","110","","","","0"
"2021","Yukon","2021A000260","Total - Age","Men+","2021 Counts","Christian","","0","units","0","","170.1.2.1.3","6425","","","","0"
"2021","Yukon","2021A000260","Total - Age","Men+","2021 Counts","Hindu","","0","units","0","","170.1.2.1.19","160","","","","0"
"2021","Yukon","2021A000260","Total - Age","Men+","2021 Counts","Jewish","","0","units","0","","170.1.2.1.20","45","","","","0"
"2021","Yukon","2021A000260","Total - Age","Men+","2021 Counts","Muslim","","0","units","0","","170.1.2.1.21","125","","","","0"
"2021","Yukon","2021A000260","Total - Age","Men+","2021 Counts","Sikh","","0","units","0","","170.1.2.1.22","180","","","","0"
"2021","Yukon","2021A000260","Total - Age","Men+","2021 Counts","Traditional (North American Indigenous) spirituality","","0","units","0","","170.1.2.1.23","165","","","","0"
"2021","Yukon","2021A000260","Total - Age","Men+","2021 Counts","Other religions and spiritual traditions","","0","units","0","","170.1.2.1.24","245","","","","0"
"2021","Yukon","2021A000260","Total - Age","Men+","2021 Counts","No religion and secular perspectives","","0","units","0","","170.1.2.1.25","12260","","","","0"
"2021","Yukon","2021A000260","Total - Age","Men+","% distribution (2021)","Total - Religion","","0","units","0","","170.1.2.2.1","0.1","","","","1"
"2021","Yukon","2021A000260","Total - Age","Men+","% distribution (2021)","Buddhist","","0","units","0","","170.1.2.2.2","0.0","","","","1"
"2021","Yukon","2021A000260","Total - Age","Men+","% distribution (2021)","Christian","","0","units","0","","170.1.2.2.3","0.0","","","","1"
"2021","Yukon","2021A000260","Total - Age","Men+","% distribution (2021)","Hindu","","0","units","0","","170.1.2.2.19","0.0","","","","1"
"2021","Yukon","2021A000260","Total - Age","Men+","% distribution (2021)","Jewish","","0","units","0","","170.1.2.2.20","0.0","","","","1"
"2021","Yukon","2021A000260","Total - Age","Men+","% distribution (2021)","Muslim","","0","units","0","","170.1.2.2.21","0.0","","","","1"
"2021","Yukon","2021A000260","Total - Age","Men+","% distribution (2021)","Sikh","","0","units","0","","170.1.2.2.22","0.0","","","","1"
"2021","Yukon","2021A000260","Total - Age","Men+","% distribution (2021)","Traditional (North American Indigenous) spirituality","","0","units","0","","170.1.2.2.23","0.0","","","","1"
"2021","Yukon","2021A000260","Total - Age","Men+","% distribution (2021)","Other religions and spiritual traditions","","0","units","0","","170.1.2.2.24","0.0","","","","1"
"2021","Yukon","2021A000260","Total - Age","Men+","% distribution (2021)","No religion and secular perspectives","","0","units","0","","170.1.2.2.25","0.0","","","","1"
"2021","Yukon","2021A000260","Total - Age","Women+","2021 Counts","Total - Religion","","0","units","0","","170.1.3.1.1","19875","","","","0"
"2021","Yukon","2021A000260","Total - Age","Women+","2021 Counts","Buddhist","","0","units","0","","170.1.3.1.2","150","","","","0"
"2021","Yukon","2021A000260","Total - Age","Women+","2021 Counts","Christian","","0","units","0","","170.1.3.1.3","7440","","","","0"
"2021","Yukon","2021A000260","Total - Age","Women+","2021 Counts","Hindu","","0","units","0","","170.1.3.1.19","105","","","","0"
"2021","Yukon","2021A000260","Total - Age","Women+","2021 Counts","Jewish","","0","units","0","","170.1.3.1.20","25","","","","0"
"2021","Yukon","2021A000260","Total - Age","Women+","2021 Counts","Muslim","","0","units","0","","170.1.3.1.21","60","","","","0"
"2021","Yukon","2021A000260","Total - Age","Women+","2021 Counts","Sikh","","0","units","0","","170.1.3.1.22","200","","","","0"
"2021","Yukon","2021A000260","Total - Age","Women+","2021 Counts","Traditional (North American Indigenous) spirituality","","0","units","0","","170.1.3.1.23","160","","","","0"
"2021","Yukon","2021A000260","Total - Age","Women+","2021 Counts","Other religions and spiritual traditions","","0","units","0","","170.1.3.1.24","360","","","","0"
"2021","Yukon","2021A000260","Total - Age","Women+","2021 Counts","No religion and secular perspectives","","0","units","0","","170.1.3.1.25","11385","","","","0"
"2021","Yukon","2021A000260","Total - Age","Women+","% distribution (2021)","Total - Religion","","0","units","0","","170.1.3.2.1","0.1","","","","1"
"2021","Yukon","2021A000260","Total - Age","Women+","% distribution (2021)","Buddhist","","0","units","0","","170.1.3.2.2","0.0","","","","1"
"2021","Yukon","2021A000260","Total - Age","Women+","% distribution (2021)","Christian","","0","units","0","","170.1.3.2.3","0.0","","","","1"
"2021","Yukon","2021A000260","Total - Age","Women+","% distribution (2021)","Hindu","","0","units","0","","170.1.3.2.19","0.0","","","","1"
"2021","Yukon","2021A000260","Total - Age","Women+","% distribution (2021)","Jewish","","0","units","0","","170.1.3.2.20","0.0","","","","1"
"2021","Yukon","2021A000260","Total - Age","Women+","% distribution (2021)","Muslim","","0","units","0","","170.1.3.2.21","0.0","","","","1"
"2021","Yukon","2021A000260","Total - Age","Women+","% distribution (2021)","Sikh","","0","units","0","","170.1.3.2.22","0.0","","","","1"
"2021","Yukon","2021A000260","Total - Age","Women+","% distribution (2021)","Traditional (North American Indigenous) spirituality","","0","units","0","","170.1.3.2.23","0.0","","","","1"
"2021","Yukon","2021A000260","Total - Age","Women+","% distribution (2021)","Other religions and spiritual traditions","","0","units","0","","170.1.3.2.24","0.0","","","","1"
"2021","Yukon","2021A000260","Total - Age","Women+","% distribution (2021)","No religion and secular perspectives","","0","units","0","","170.1.3.2.25","0.0","","","","1"
"2021","Yukon","2021A000260","0 to 14 years","Total - Gender","2021 Counts","Total - Religion","","0","units","0","","170.2.1.1.1","6810","","","","0"
"2021","Yukon","2021A000260","0 to 14 years","Total - Gender","2021 Counts","Christian","","0","units","0","","170.2.1.1.3","1915","","","","0"
"2021","Yukon","2021A000260","0 to 14 years","Total - Gender","2021 Counts","Hindu","","0","units","0","","170.2.1.1.19","20","","","","0"
"2021","Yukon","2021A000260","0 to 14 years","Total - Gender","2021 Counts","Muslim","","0","units","0","","170.2.1.1.21","15","","","","0"
"2021","Yukon","2021A000260","0 to 14 years","Total - Gender","2021 Counts","Sikh","","0","units","0","","170.2.1.1.22","35","","","","0"
"2021","Yukon","2021A000260","0 to 14 years","Total - Gender","2021 Counts","Traditional (North American Indigenous) spirituality","","0","units","0","","170.2.1.1.23","55","","","","0"
"2021","Yukon","2021A000260","0 to 14 years","Total - Gender","2021 Counts","Other religions and spiritual traditions","","0","units","0","","170.2.1.1.24","75","","","","0"
"2021","Yukon","2021A000260","0 to 14 years","Total - Gender","2021 Counts","No religion and secular perspectives","","0","units","0","","170.2.1.1.25","4680","","","","0"
"2021","Yukon","2021A000260","0 to 14 years","Total - Gender","% distribution (2021)","Total - Religion","","0","units","0","","170.2.1.2.1","0.0","","","","1"
"2021","Yukon","2021A000260","0 to 14 years","Total - Gender","% distribution (2021)","Buddhist","","0","units","0","","170.2.1.2.2","0.0","","","","1"
"2021","Yukon","2021A000260","0 to 14 years","Total - Gender","% distribution (2021)","Christian","","0","units","0","","170.2.1.2.3","0.0","","","","1"
"2021","Yukon","2021A000260","0 to 14 years","Total - Gender","% distribution (2021)","Hindu","","0","units","0","","170.2.1.2.19","0.0","","","","1"
"2021","Yukon","2021A000260","0 to 14 years","Total - Gender","% distribution (2021)","Jewish","","0","units","0","","170.2.1.2.20","0.0","","","","1"
"2021","Yukon","2021A000260","0 to 14 years","Total - Gender","% distribution (2021)","Muslim","","0","units","0","","170.2.1.2.21","0.0","","","","1"
"2021","Yukon","2021A000260","0 to 14 years","Total - Gender","% distribution (2021)","Sikh","","0","units","0","","170.2.1.2.22","0.0","","","","1"
"2021","Yukon","2021A000260","0 to 14 years","Total - Gender","% distribution (2021)","Traditional (North American Indigenous) spirituality","","0","units","0","","170.2.1.2.23","0.0","","","","1"
"2021","Yukon","2021A000260","0 to 14 years","Total - Gender","% distribution (2021)","Other religions and spiritual traditions","","0","units","0","","170.2.1.2.24","0.0","","","","1"
"2021","Yukon","2021A000260","0 to 14 years","Total - Gender","% distribution (2021)","No religion and secular perspectives","","0","units","0","","170.2.1.2.25","0.0","","","","1"
"2021","Yukon","2021A000260","0 to 14 years","Men+","2021 Counts","Total - Religion","","0","units","0","","170.2.2.1.1","3530","","","","0"
"2021","Yukon","2021A000260","0 to 14 years","Men+","2021 Counts","Christian","","0","units","0","","170.2.2.1.3","980","","","","0"
"2021","Yukon","2021A000260","0 to 14 years","Men+","2021 Counts","Muslim","","0","units","0","","170.2.2.1.21","10","","","","0"
"2021","Yukon","2021A000260","0 to 14 years","Men+","2021 Counts","Sikh","","0","units","0","","170.2.2.1.22","20","","","","0"
"2021","Yukon","2021A000260","0 to 14 years","Men+","2021 Counts","Traditional (North American Indigenous) spirituality","","0","units","0","","170.2.2.1.23","40","","","","0"
"2021","Yukon","2021A000260","0 to 14 years","Men+","2021 Counts","Other religions and spiritual traditions","","0","units","0","","170.2.2.1.24","45","","","","0"
"2021","Yukon","2021A000260","0 to 14 years","Men+","2021 Counts","No religion and secular perspectives","","0","units","0","","170.2.2.1.25","2425","","","","0"
"2021","Yukon","2021A000260","0 to 14 years","Men+","% distribution (2021)","Total - Religion","","0","units","0","","170.2.2.2.1","0.0","","","","1"
"2021","Yukon","2021A000260","0 to 14 years","Men+","% distribution (2021)","Buddhist","","0","units","0","","170.2.2.2.2","0.0","","","","1"
"2021","Yukon","2021A000260","0 to 14 years","Men+","% distribution (2021)","Christian","","0","units","0","","170.2.2.2.3","0.0","","","","1"
"2021","Yukon","2021A000260","0 to 14 years","Men+","% distribution (2021)","Hindu","","0","units","0","","170.2.2.2.19","0.0","","","","1"
"2021","Yukon","2021A000260","0 to 14 years","Men+","% distribution (2021)","Jewish","","0","units","0","","170.2.2.2.20","0.0","","","","1"
"2021","Yukon","2021A000260","0 to 14 years","Men+","% distribution (2021)","Muslim","","0","units","0","","170.2.2.2.21","0.0","","","","1"
"2021","Yukon","2021A000260","0 to 14 years","Men+","% distribution (2021)","Sikh","","0","units","0","","170.2.2.2.22","0.0","","","","1"
"2021","Yukon","2021A000260","0 to 14 years","Men+","% distribution (2021)","Traditional (North American Indigenous) spirituality","","0","units","0","","170.2.2.2.23","0.0","","","","1"
"2021","Yukon","2021A000260","0 to 14 years","Men+","% distribution (2021)","Other religions and spiritual traditions","","0","units","0","","170.2.2.2.24","0.0","","","","1"
"2021","Yukon","2021A000260","0 to 14 years","Men+","% distribution (2021)","No religion and secular perspectives","","0","units","0","","170.2.2.2.25","0.0","","","","1"
"2021","Yukon","2021A000260","0 to 14 years","Women+","2021 Counts","Total - Religion","","0","units","0","","170.2.3.1.1","3280","","","","0"
"2021","Yukon","2021A000260","0 to 14 years","Women+","2021 Counts","Christian","","0","units","0","","170.2.3.1.3","930","","","","0"
"2021","Yukon","2021A000260","0 to 14 years","Women+","2021 Counts","Hindu","","0","units","0","","170.2.3.1.19","15","","","","0"
"2021","Yukon","2021A000260","0 to 14 years","Women+","2021 Counts","Muslim","","0","units","0","","170.2.3.1.21","10","","","","0"
"2021","Yukon","2021A000260","0 to 14 years","Women+","2021 Counts","Sikh","","0","units","0","","170.2.3.1.22","20","","","","0"
"2021","Yukon","2021A000260","0 to 14 years","Women+","2021 Counts","Traditional (North American Indigenous) spirituality","","0","units","0","","170.2.3.1.23","15","","","","0"
"2021","Yukon","2021A000260","0 to 14 years","Women+","2021 Counts","Other religions and spiritual traditions","","0","units","0","","170.2.3.1.24","30","","","","0"
"2021","Yukon","2021A000260","0 to 14 years","Women+","2021 Counts","No religion and secular perspectives","","0","units","0","","170.2.3.1.25","2260","","","","0"
"2021","Yukon","2021A000260","0 to 14 years","Women+","% distribution (2021)","Total - Religion","","0","units","0","","170.2.3.2.1","0.0","","","","1"
"2021","Yukon","2021A000260","0 to 14 years","Women+","% distribution (2021)","Buddhist","","0","units","0","","170.2.3.2.2","0.0","","","","1"
"2021","Yukon","2021A000260","0 to 14 years","Women+","% distribution (2021)","Christian","","0","units","0","","170.2.3.2.3","0.0","","","","1"
"2021","Yukon","2021A000260","0 to 14 years","Women+","% distribution (2021)","Hindu","","0","units","0","","170.2.3.2.19","0.0","","","","1"
"2021","Yukon","2021A000260","0 to 14 years","Women+","% distribution (2021)","Jewish","","0","units","0","","170.2.3.2.20","0.0","","","","1"
"2021","Yukon","2021A000260","0 to 14 years","Women+","% distribution (2021)","Muslim","","0","units","0","","170.2.3.2.21","0.0","","","","1"
"2021","Yukon","2021A000260","0 to 14 years","Women+","% distribution (2021)","Sikh","","0","units","0","","170.2.3.2.22","0.0","","","","1"
"2021","Yukon","2021A000260","0 to 14 years","Women+","% distribution (2021)","Traditional (North American Indigenous) spirituality","","0","units","0","","170.2.3.2.23","0.0","","","","1"
"2021","Yukon","2021A000260","0 to 14 years","Women+","% distribution (2021)","Other religions and spiritual traditions","","0","units","0","","170.2.3.2.24","0.0","","","","1"
"2021","Yukon","2021A000260","0 to 14 years","Women+","% distribution (2021)","No religion and secular perspectives","","0","units","0","","170.2.3.2.25","0.0","","","","1"
"2021","Yukon","2021A000260","15 years and over","Total - Gender","2021 Counts","Total - Religion","","0","units","0","","170.3.1.1.1","32775","","","","0"
"2021","Yukon","2021A000260","15 years and over","Total - Gender","2021 Counts","Buddhist","","0","units","0","","170.3.1.1.2","250","","","","0"
"2021","Yukon","2021A000260","15 years and over","Total - Gender","2021 Counts","Christian","","0","units","0","","170.3.1.1.3","11950","","","","0"
"2021","Yukon","2021A000260","15 years and over","Total - Gender","2021 Counts","Hindu","","0","units","0","","170.3.1.1.19","245","","","","0"
"2021","Yukon","2021A000260","15 years and over","Total - Gender","2021 Counts","Jewish","","0","units","0","","170.3.1.1.20","65","","","","0"
"2021","Yukon","2021A000260","15 years and over","Total - Gender","2021 Counts","Muslim","","0","units","0","","170.3.1.1.21","170","","","","0"
"2021","Yukon","2021A000260","15 years and over","Total - Gender","2021 Counts","Sikh","","0","units","0","","170.3.1.1.22","345","","","","0"
"2021","Yukon","2021A000260","15 years and over","Total - Gender","2021 Counts","Traditional (North American Indigenous) spirituality","","0","units","0","","170.3.1.1.23","265","","","","0"
"2021","Yukon","2021A000260","15 years and over","Total - Gender","2021 Counts","Other religions and spiritual traditions","","0","units","0","","170.3.1.1.24","525","","","","0"
"2021","Yukon","2021A000260","15 years and over","Total - Gender","2021 Counts","No religion and secular perspectives","","0","units","0","","170.3.1.1.25","18965","","","","0"
"2021","Yukon","2021A000260","15 years and over","Total - Gender","% distribution (2021)","Total - Religion","","0","units","0","","170.3.1.2.1","0.1","","","","1"
"2021","Yukon","2021A000260","15 years and over","Total - Gender","% distribution (2021)","Buddhist","","0","units","0","","170.3.1.2.2","0.0","","","","1"
"2021","Yukon","2021A000260","15 years and over","Total - Gender","% distribution (2021)","Christian","","0","units","0","","170.3.1.2.3","0.0","","","","1"
"2021","Yukon","2021A000260","15 years and over","Total - Gender","% distribution (2021)","Hindu","","0","units","0","","170.3.1.2.19","0.0","","","","1"
"2021","Yukon","2021A000260","15 years and over","Total - Gender","% distribution (2021)","Jewish","","0","units","0","","170.3.1.2.20","0.0","","","","1"
"2021","Yukon","2021A000260","15 years and over","Total - Gender","% distribution (2021)","Muslim","","0","units","0","","170.3.1.2.21","0.0","","","","1"
"2021","Yukon","2021A000260","15 years and over","Total - Gender","% distribution (2021)","Sikh","","0","units","0","","170.3.1.2.22","0.0","","","","1"
"2021","Yukon","2021A000260","15 years and over","Total - Gender","% distribution (2021)","Traditional (North American Indigenous) spirituality","","0","units","0","","170.3.1.2.23","0.0","","","","1"
"2021","Yukon","2021A000260","15 years and over","Total - Gender","% distribution (2021)","Other religions and spiritual traditions","","0","units","0","","170.3.1.2.24","0.0","","","","1"
"2021","Yukon","2021A000260","15 years and over","Total - Gender","% distribution (2021)","No religion and secular perspectives","","0","units","0","","170.3.1.2.25","0.1","","","","1"
"2021","Yukon","2021A000260","15 years and over","Men+","2021 Counts","Total - Religion","","0","units","0","","170.3.2.1.1","16185","","","","0"
"2021","Yukon","2021A000260","15 years and over","Men+","2021 Counts","Buddhist","","0","units","0","","170.3.2.1.2","100","","","","0"
"2021","Yukon","2021A000260","15 years and over","Men+","2021 Counts","Christian","","0","units","0","","170.3.2.1.3","5445","","","","0"
"2021","Yukon","2021A000260","15 years and over","Men+","2021 Counts","Hindu","","0","units","0","","170.3.2.1.19","155","","","","0"
"2021","Yukon","2021A000260","15 years and over","Men+","2021 Counts","Jewish","","0","units","0","","170.3.2.1.20","40","","","","0"
"2021","Yukon","2021A000260","15 years and over","Men+","2021 Counts","Muslim","","0","units","0","","170.3.2.1.21","120","","","","0"
"2021","Yukon","2021A000260","15 years and over","Men+","2021 Counts","Sikh","","0","units","0","","170.3.2.1.22","165","","","","0"
"2021","Yukon","2021A000260","15 years and over","Men+","2021 Counts","Traditional (North American Indigenous) spirituality","","0","units","0","","170.3.2.1.23","125","","","","0"
"2021","Yukon","2021A000260","15 years and over","Men+","2021 Counts","Other religions and spiritual traditions","","0","units","0","","170.3.2.1.24","200","","","","0"
"2021","Yukon","2021A000260","15 years and over","Men+","2021 Counts","No religion and secular perspectives","","0","units","0","","170.3.2.1.25","9835","","","","0"
"2021","Yukon","2021A000260","15 years and over","Men+","% distribution (2021)","Total - Religion","","0","units","0","","170.3.2.2.1","0.0","","","","1"
"2021","Yukon","2021A000260","15 years and over","Men+","% distribution (2021)","Buddhist","","0","units","0","","170.3.2.2.2","0.0","","","","1"
"2021","Yukon","2021A000260","15 years and over","Men+","% distribution (2021)","Christian","","0","units","0","","170.3.2.2.3","0.0","","","","1"
"2021","Yukon","2021A000260","15 years and over","Men+","% distribution (2021)","Hindu","","0","units","0","","170.3.2.2.19","0.0","","","","1"
"2021","Yukon","2021A000260","15 years and over","Men+","% distribution (2021)","Jewish","","0","units","0","","170.3.2.2.20","0.0","","","","1"
"2021","Yukon","2021A000260","15 years and over","Men+","% distribution (2021)","Muslim","","0","units","0","","170.3.2.2.21","0.0","","","","1"
"2021","Yukon","2021A000260","15 years and over","Men+","% distribution (2021)","Sikh","","0","units","0","","170.3.2.2.22","0.0","","","","1"
"2021","Yukon","2021A000260","15 years and over","Men+","% distribution (2021)","Traditional (North American Indigenous) spirituality","","0","units","0","","170.3.2.2.23","0.0","","","","1"
"2021","Yukon","2021A000260","15 years and over","Men+","% distribution (2021)","Other religions and spiritual traditions","","0","units","0","","170.3.2.2.24","0.0","","","","1"
"2021","Yukon","2021A000260","15 years and over","Men+","% distribution (2021)","No religion and secular perspectives","","0","units","0","","170.3.2.2.25","0.0","","","","1"
"2021","Yukon","2021A000260","15 years and over","Women+","2021 Counts","Total - Religion","","0","units","0","","170.3.3.1.1","16595","","","","0"
"2021","Yukon","2021A000260","15 years and over","Women+","2021 Counts","Buddhist","","0","units","0","","170.3.3.1.2","150","","","","0"
"2021","Yukon","2021A000260","15 years and over","Women+","2021 Counts","Christian","","0","units","0","","170.3.3.1.3","6505","","","","0"
"2021","Yukon","2021A000260","15 years and over","Women+","2021 Counts","Hindu","","0","units","0","","170.3.3.1.19","85","","","","0"
"2021","Yukon","2021A000260","15 years and over","Women+","2021 Counts","Jewish","","0","units","0","","170.3.3.1.20","25","","","","0"
"2021","Yukon","2021A000260","15 years and over","Women+","2021 Counts","Muslim","","0","units","0","","170.3.3.1.21","50","","","","0"
"2021","Yukon","2021A000260","15 years and over","Women+","2021 Counts","Sikh","","0","units","0","","170.3.3.1.22","185","","","","0"
"2021","Yukon","2021A000260","15 years and over","Women+","2021 Counts","Traditional (North American Indigenous) spirituality","","0","units","0","","170.3.3.1.23","140","","","","0"
"2021","Yukon","2021A000260","15 years and over","Women+","2021 Counts","Other religions and spiritual traditions","","0","units","0","","170.3.3.1.24","325","","","","0"
"2021","Yukon","2021A000260","15 years and over","Women+","2021 Counts","No religion and secular perspectives","","0","units","0","","170.3.3.1.25","9125","","","","0"
"2021","Yukon","2021A000260","15 years and over","Women+","% distribution (2021)","Total - Religion","","0","units","0","","170.3.3.2.1","0.0","","","","1"
"2021","Yukon","2021A000260","15 years and over","Women+","% distribution (2021)","Buddhist","","0","units","0","","170.3.3.2.2","0.0","","","","1"
"2021","Yukon","2021A000260","15 years and over","Women+","% distribution (2021)","Christian","","0","units","0","","170.3.3.2.3","0.0","","","","1"
"2021","Yukon","2021A000260","15 years and over","Women+","% distribution (2021)","Hindu","","0","units","0","","170.3.3.2.19","0.0","","","","1"
"2021","Yukon","2021A000260","15 years and over","Women+","% distribution (2021)","Jewish","","0","units","0","","170.3.3.2.20","0.0","","","","1"
"2021","Yukon","2021A000260","15 years and over","Women+","% distribution (2021)","Muslim","","0","units","0","","170.3.3.2.21","0.0","","","","1"
"2021","Yukon","2021A000260","15 years and over","Women+","% distribution (2021)","Sikh","","0","units","0","","170.3.3.2.22","0.0","","","","1"
"2021","Yukon","2021A000260","15 years and over","Women+","% distribution (2021)","Traditional (North American Indigenous) spirituality","","0","units","0","","170.3.3.2.23","0.0","","","","1"
"2021","Yukon","2021A000260","15 years and over","Women+","% distribution (2021)","Other religions and spiritual traditions","","0","units","0","","170.3.3.2.24","0.0","","","","1"
"2021","Yukon","2021A000260","15 years and over","Women+","% distribution (2021)","No religion and secular perspectives","","0","units","0","","170.3.3.2.25","0.0","","","","1"
"2021","Yukon","2021A000260","15 to 24 years","Total - Gender","2021 Counts","Total - Religion","","0","units","0","","170.4.1.1.1","4130","","","","0"
"2021","Yukon","2021A000260","15 to 24 years","Total - Gender","2021 Counts","Buddhist","","0","units","0","","170.4.1.1.2","15","","","","0"
"2021","Yukon","2021A000260","15 to 24 years","Total - Gender","2021 Counts","Christian","","0","units","0","","170.4.1.1.3","1135","","","","0"
"2021","Yukon","2021A000260","15 to 24 years","Total - Gender","2021 Counts","Hindu","","0","units","0","","170.4.1.1.19","80","","","","0"
"2021","Yukon","2021A000260","15 to 24 years","Total - Gender","2021 Counts","Muslim","","0","units","0","","170.4.1.1.21","15","","","","0"
"2021","Yukon","2021A000260","15 to 24 years","Total - Gender","2021 Counts","Sikh","","0","units","0","","170.4.1.1.22","170","","","","0"
"2021","Yukon","2021A000260","15 to 24 years","Total - Gender","2021 Counts","Traditional (North American Indigenous) spirituality","","0","units","0","","170.4.1.1.23","30","","","","0"
"2021","Yukon","2021A000260","15 to 24 years","Total - Gender","2021 Counts","Other religions and spiritual traditions","","0","units","0","","170.4.1.1.24","65","","","","0"
"2021","Yukon","2021A000260","15 to 24 years","Total - Gender","2021 Counts","No religion and secular perspectives","","0","units","0","","170.4.1.1.25","2610","","","","0"
"2021","Yukon","2021A000260","15 to 24 years","Total - Gender","% distribution (2021)","Total - Religion","","0","units","0","","170.4.1.2.1","0.0","","","","1"
"2021","Yukon","2021A000260","15 to 24 years","Total - Gender","% distribution (2021)","Buddhist","","0","units","0","","170.4.1.2.2","0.0","","","","1"
"2021","Yukon","2021A000260","15 to 24 years","Total - Gender","% distribution (2021)","Christian","","0","units","0","","170.4.1.2.3","0.0","","","","1"
"2021","Yukon","2021A000260","15 to 24 years","Total - Gender","% distribution (2021)","Hindu","","0","units","0","","170.4.1.2.19","0.0","","","","1"
"2021","Yukon","2021A000260","15 to 24 years","Total - Gender","% distribution (2021)","Jewish","","0","units","0","","170.4.1.2.20","0.0","","","","1"
"2021","Yukon","2021A000260","15 to 24 years","Total - Gender","% distribution (2021)","Muslim","","0","units","0","","170.4.1.2.21","0.0","","","","1"
"2021","Yukon","2021A000260","15 to 24 years","Total - Gender","% distribution (2021)","Sikh","","0","units","0","","170.4.1.2.22","0.0","","","","1"
"2021","Yukon","2021A000260","15 to 24 years","Total - Gender","% distribution (2021)","Traditional (North American Indigenous) spirituality","","0","units","0","","170.4.1.2.23","0.0","","","","1"
"2021","Yukon","2021A000260","15 to 24 years","Total - Gender","% distribution (2021)","Other religions and spiritual traditions","","0","units","0","","170.4.1.2.24","0.0","","","","1"
"2021","Yukon","2021A000260","15 to 24 years","Total - Gender","% distribution (2021)","No religion and secular perspectives","","0","units","0","","170.4.1.2.25","0.0","","","","1"
"2021","Yukon","2021A000260","15 to 24 years","Men+","2021 Counts","Total - Religion","","0","units","0","","170.4.2.1.1","2160","","","","0"
"2021","Yukon","2021A000260","15 to 24 years","Men+","2021 Counts","Christian","","0","units","0","","170.4.2.1.3","575","","","","0"
"2021","Yukon","2021A000260","15 to 24 years","Men+","2021 Counts","Hindu","","0","units","0","","170.4.2.1.19","60","","","","0"
"2021","Yukon","2021A000260","15 to 24 years","Men+","2021 Counts","Muslim","","0","units","0","","170.4.2.1.21","10","","","","0"
"2021","Yukon","2021A000260","15 to 24 years","Men+","2021 Counts","Sikh","","0","units","0","","170.4.2.1.22","90","","","","0"
"2021","Yukon","2021A000260","15 to 24 years","Men+","2021 Counts","Traditional (North American Indigenous) spirituality","","0","units","0","","170.4.2.1.23","15","","","","0"
"2021","Yukon","2021A000260","15 to 24 years","Men+","2021 Counts","Other religions and spiritual traditions","","0","units","0","","170.4.2.1.24","25","","","","0"
"2021","Yukon","2021A000260","15 to 24 years","Men+","2021 Counts","No religion and secular perspectives","","0","units","0","","170.4.2.1.25","1370","","","","0"
"2021","Yukon","2021A000260","15 to 24 years","Men+","% distribution (2021)","Total - Religion","","0","units","0","","170.4.2.2.1","0.0","","","","1"
"2021","Yukon","2021A000260","15 to 24 years","Men+","% distribution (2021)","Buddhist","","0","units","0","","170.4.2.2.2","0.0","","","","1"
"2021","Yukon","2021A000260","15 to 24 years","Men+","% distribution (2021)","Christian","","0","units","0","","170.4.2.2.3","0.0","","","","1"
"2021","Yukon","2021A000260","15 to 24 years","Men+","% distribution (2021)","Hindu","","0","units","0","","170.4.2.2.19","0.0","","","","1"
"2021","Yukon","2021A000260","15 to 24 years","Men+","% distribution (2021)","Jewish","","0","units","0","","170.4.2.2.20","0.0","","","","1"
"2021","Yukon","2021A000260","15 to 24 years","Men+","% distribution (2021)","Muslim","","0","units","0","","170.4.2.2.21","0.0","","","","1"
"2021","Yukon","2021A000260","15 to 24 years","Men+","% distribution (2021)","Sikh","","0","units","0","","170.4.2.2.22","0.0","","","","1"
"2021","Yukon","2021A000260","15 to 24 years","Men+","% distribution (2021)","Traditional (North American Indigenous) spirituality","","0","units","0","","170.4.2.2.23","0.0","","","","1"
"2021","Yukon","2021A000260","15 to 24 years","Men+","% distribution (2021)","Other religions and spiritual traditions","","0","units","0","","170.4.2.2.24","0.0","","","","1"
"2021","Yukon","2021A000260","15 to 24 years","Men+","% distribution (2021)","No religion and secular perspectives","","0","units","0","","170.4.2.2.25","0.0","","","","1"
"2021","Yukon","2021A000260","15 to 24 years","Women+","2021 Counts","Total - Religion","","0","units","0","","170.4.3.1.1","1970","","","","0"
"2021","Yukon","2021A000260","15 to 24 years","Women+","2021 Counts","Buddhist","","0","units","0","","170.4.3.1.2","10","","","","0"
"2021","Yukon","2021A000260","15 to 24 years","Women+","2021 Counts","Christian","","0","units","0","","170.4.3.1.3","560","","","","0"
"2021","Yukon","2021A000260","15 to 24 years","Women+","2021 Counts","Hindu","","0","units","0","","170.4.3.1.19","20","","","","0"
"2021","Yukon","2021A000260","15 to 24 years","Women+","2021 Counts","Sikh","","0","units","0","","170.4.3.1.22","85","","","","0"
"2021","Yukon","2021A000260","15 to 24 years","Women+","2021 Counts","Traditional (North American Indigenous) spirituality","","0","units","0","","170.4.3.1.23","20","","","","0"
"2021","Yukon","2021A000260","15 to 24 years","Women+","2021 Counts","Other religions and spiritual traditions","","0","units","0","","170.4.3.1.24","40","","","","0"
"2021","Yukon","2021A000260","15 to 24 years","Women+","2021 Counts","No religion and secular perspectives","","0","units","0","","170.4.3.1.25","1240","","","","0"
"2021","Yukon","2021A000260","15 to 24 years","Women+","% distribution (2021)","Total - Religion","","0","units","0","","170.4.3.2.1","0.0","","","","1"
"2021","Yukon","2021A000260","15 to 24 years","Women+","% distribution (2021)","Buddhist","","0","units","0","","170.4.3.2.2","0.0","","","","1"
"2021","Yukon","2021A000260","15 to 24 years","Women+","% distribution (2021)","Christian","","0","units","0","","170.4.3.2.3","0.0","","","","1"
"2021","Yukon","2021A000260","15 to 24 years","Women+","% distribution (2021)","Hindu","","0","units","0","","170.4.3.2.19","0.0","","","","1"
"2021","Yukon","2021A000260","15 to 24 years","Women+","% distribution (2021)","Jewish","","0","units","0","","170.4.3.2.20","0.0","","","","1"
"2021","Yukon","2021A000260","15 to 24 years","Women+","% distribution (2021)","Muslim","","0","units","0","","170.4.3.2.21","0.0","","","","1"
"2021","Yukon","2021A000260","15 to 24 years","Women+","% distribution (2021)","Sikh","","0","units","0","","170.4.3.2.22","0.0","","","","1"
"2021","Yukon","2021A000260","15 to 24 years","Women+","% distribution (2021)","Traditional (North American Indigenous) spirituality","","0","units","0","","170.4.3.2.23","0.0","","","","1"
"2021","Yukon","2021A000260","15 to 24 years","Women+","% distribution (2021)","Other religions and spiritual traditions","","0","units","0","","170.4.3.2.24","0.0","","","","1"
"2021","Yukon","2021A000260","15 to 24 years","Women+","% distribution (2021)","No religion and secular perspectives","","0","units","0","","170.4.3.2.25","0.0","","","","1"
"2021","Yukon","2021A000260","25 to 64 years","Total - Gender","2021 Counts","Total - Religion","","0","units","0","","170.7.1.1.1","22895","","","","0"
"2021","Yukon","2021A000260","25 to 64 years","Total - Gender","2021 Counts","Buddhist","","0","units","0","","170.7.1.1.2","180","","","","0"
"2021","Yukon","2021A000260","25 to 64 years","Total - Gender","2021 Counts","Christian","","0","units","0","","170.7.1.1.3","7785","","","","0"
"2021","Yukon","2021A000260","25 to 64 years","Total - Gender","2021 Counts","Hindu","","0","units","0","","170.7.1.1.19","160","","","","0"
"2021","Yukon","2021A000260","25 to 64 years","Total - Gender","2021 Counts","Jewish","","0","units","0","","170.7.1.1.20","50","","","","0"
"2021","Yukon","2021A000260","25 to 64 years","Total - Gender","2021 Counts","Muslim","","0","units","0","","170.7.1.1.21","155","","","","0"
"2021","Yukon","2021A000260","25 to 64 years","Total - Gender","2021 Counts","Sikh","","0","units","0","","170.7.1.1.22","150","","","","0"
"2021","Yukon","2021A000260","25 to 64 years","Total - Gender","2021 Counts","Traditional (North American Indigenous) spirituality","","0","units","0","","170.7.1.1.23","190","","","","0"
"2021","Yukon","2021A000260","25 to 64 years","Total - Gender","2021 Counts","Other religions and spiritual traditions","","0","units","0","","170.7.1.1.24","365","","","","0"
"2021","Yukon","2021A000260","25 to 64 years","Total - Gender","2021 Counts","No religion and secular perspectives","","0","units","0","","170.7.1.1.25","13855","","","","0"
"2021","Yukon","2021A000260","25 to 64 years","Total - Gender","% distribution (2021)","Total - Religion","","0","units","0","","170.7.1.2.1","0.1","","","","1"
"2021","Yukon","2021A000260","25 to 64 years","Total - Gender","% distribution (2021)","Buddhist","","0","units","0","","170.7.1.2.2","0.0","","","","1"
"2021","Yukon","2021A000260","25 to 64 years","Total - Gender","% distribution (2021)","Christian","","0","units","0","","170.7.1.2.3","0.0","","","","1"
"2021","Yukon","2021A000260","25 to 64 years","Total - Gender","% distribution (2021)","Hindu","","0","units","0","","170.7.1.2.19","0.0","","","","1"
"2021","Yukon","2021A000260","25 to 64 years","Total - Gender","% distribution (2021)","Jewish","","0","units","0","","170.7.1.2.20","0.0","","","","1"
"2021","Yukon","2021A000260","25 to 64 years","Total - Gender","% distribution (2021)","Muslim","","0","units","0","","170.7.1.2.21","0.0","","","","1"
"2021","Yukon","2021A000260","25 to 64 years","Total - Gender","% distribution (2021)","Sikh","","0","units","0","","170.7.1.2.22","0.0","","","","1"
"2021","Yukon","2021A000260","25 to 64 years","Total - Gender","% distribution (2021)","Traditional (North American Indigenous) spirituality","","0","units","0","","170.7.1.2.23","0.0","","","","1"
"2021","Yukon","2021A000260","25 to 64 years","Total - Gender","% distribution (2021)","Other religions and spiritual traditions","","0","units","0","","170.7.1.2.24","0.0","","","","1"
"2021","Yukon","2021A000260","25 to 64 years","Total - Gender","% distribution (2021)","No religion and secular perspectives","","0","units","0","","170.7.1.2.25","0.0","","","","1"
"2021","Yukon","2021A000260","25 to 64 years","Men+","2021 Counts","Total - Religion","","0","units","0","","170.7.2.1.1","10955","","","","0"
"2021","Yukon","2021A000260","25 to 64 years","Men+","2021 Counts","Buddhist","","0","units","0","","170.7.2.1.2","70","","","","0"
"2021","Yukon","2021A000260","25 to 64 years","Men+","2021 Counts","Christian","","0","units","0","","170.7.2.1.3","3420","","","","0"
"2021","Yukon","2021A000260","25 to 64 years","Men+","2021 Counts","Hindu","","0","units","0","","170.7.2.1.19","95","","","","0"
"2021","Yukon","2021A000260","25 to 64 years","Men+","2021 Counts","Jewish","","0","units","0","","170.7.2.1.20","30","","","","0"
"2021","Yukon","2021A000260","25 to 64 years","Men+","2021 Counts","Muslim","","0","units","0","","170.7.2.1.21","105","","","","0"
"2021","Yukon","2021A000260","25 to 64 years","Men+","2021 Counts","Sikh","","0","units","0","","170.7.2.1.22","65","","","","0"
"2021","Yukon","2021A000260","25 to 64 years","Men+","2021 Counts","Traditional (North American Indigenous) spirituality","","0","units","0","","170.7.2.1.23","90","","","","0"
"2021","Yukon","2021A000260","25 to 64 years","Men+","2021 Counts","Other religions and spiritual traditions","","0","units","0","","170.7.2.1.24","130","","","","0"
"2021","Yukon","2021A000260","25 to 64 years","Men+","2021 Counts","No religion and secular perspectives","","0","units","0","","170.7.2.1.25","6945","","","","0"
"2021","Yukon","2021A000260","25 to 64 years","Men+","% distribution (2021)","Total - Religion","","0","units","0","","170.7.2.2.1","0.0","","","","1"
"2021","Yukon","2021A000260","25 to 64 years","Men+","% distribution (2021)","Buddhist","","0","units","0","","170.7.2.2.2","0.0","","","","1"
"2021","Yukon","2021A000260","25 to 64 years","Men+","% distribution (2021)","Christian","","0","units","0","","170.7.2.2.3","0.0","","","","1"
"2021","Yukon","2021A000260","25 to 64 years","Men+","% distribution (2021)","Hindu","","0","units","0","","170.7.2.2.19","0.0","","","","1"
"2021","Yukon","2021A000260","25 to 64 years","Men+","% distribution (2021)","Jewish","","0","units","0","","170.7.2.2.20","0.0","","","","1"
"2021","Yukon","2021A000260","25 to 64 years","Men+","% distribution (2021)","Muslim","","0","units","0","","170.7.2.2.21","0.0","","","","1"
"2021","Yukon","2021A000260","25 to 64 years","Men+","% distribution (2021)","Sikh","","0","units","0","","170.7.2.2.22","0.0","","","","1"
"2021","Yukon","2021A000260","25 to 64 years","Men+","% distribution (2021)","Traditional (North American Indigenous) spirituality","","0","units","0","","170.7.2.2.23","0.0","","","","1"
"2021","Yukon","2021A000260","25 to 64 years","Men+","% distribution (2021)","Other religions and spiritual traditions","","0","units","0","","170.7.2.2.24","0.0","","","","1"
"2021","Yukon","2021A000260","25 to 64 years","Men+","% distribution (2021)","No religion and secular perspectives","","0","units","0","","170.7.2.2.25","0.0","","","","1"
"2021","Yukon","2021A000260","25 to 64 years","Women+","2021 Counts","Total - Religion","","0","units","0","","170.7.3.1.1","11940","","","","0"
"2021","Yukon","2021A000260","25 to 64 years","Women+","2021 Counts","Buddhist","","0","units","0","","170.7.3.1.2","110","","","","0"
"2021","Yukon","2021A000260","25 to 64 years","Women+","2021 Counts","Christian","","0","units","0","","170.7.3.1.3","4370","","","","0"
"2021","Yukon","2021A000260","25 to 64 years","Women+","2021 Counts","Hindu","","0","units","0","","170.7.3.1.19","70","","","","0"
"2021","Yukon","2021A000260","25 to 64 years","Women+","2021 Counts","Jewish","","0","units","0","","170.7.3.1.20","15","","","","0"
"2021","Yukon","2021A000260","25 to 64 years","Women+","2021 Counts","Muslim","","0","units","0","","170.7.3.1.21","50","","","","0"
"2021","Yukon","2021A000260","25 to 64 years","Women+","2021 Counts","Sikh","","0","units","0","","170.7.3.1.22","80","","","","0"
"2021","Yukon","2021A000260","25 to 64 years","Women+","2021 Counts","Traditional (North American Indigenous) spirituality","","0","units","0","","170.7.3.1.23","100","","","","0"
"2021","Yukon","2021A000260","25 to 64 years","Women+","2021 Counts","Other religions and spiritual traditions","","0","units","0","","170.7.3.1.24","240","","","","0"
"2021","Yukon","2021A000260","25 to 64 years","Women+","2021 Counts","No religion and secular perspectives","","0","units","0","","170.7.3.1.25","6910","","","","0"
"2021","Yukon","2021A000260","25 to 64 years","Women+","% distribution (2021)","Total - Religion","","0","units","0","","170.7.3.2.1","0.0","","","","1"
"2021","Yukon","2021A000260","25 to 64 years","Women+","% distribution (2021)","Buddhist","","0","units","0","","170.7.3.2.2","0.0","","","","1"
"2021","Yukon","2021A000260","25 to 64 years","Women+","% distribution (2021)","Christian","","0","units","0","","170.7.3.2.3","0.0","","","","1"
"2021","Yukon","2021A000260","25 to 64 years","Women+","% distribution (2021)","Hindu","","0","units","0","","170.7.3.2.19","0.0","","","","1"
"2021","Yukon","2021A000260","25 to 64 years","Women+","% distribution (2021)","Jewish","","0","units","0","","170.7.3.2.20","0.0","","","","1"
"2021","Yukon","2021A000260","25 to 64 years","Women+","% distribution (2021)","Muslim","","0","units","0","","170.7.3.2.21","0.0","","","","1"
"2021","Yukon","2021A000260","25 to 64 years","Women+","% distribution (2021)","Sikh","","0","units","0","","170.7.3.2.22","0.0","","","","1"
"2021","Yukon","2021A000260","25 to 64 years","Women+","% distribution (2021)","Traditional (North American Indigenous) spirituality","","0","units","0","","170.7.3.2.23","0.0","","","","1"
"2021","Yukon","2021A000260","25 to 64 years","Women+","% distribution (2021)","Other religions and spiritual traditions","","0","units","0","","170.7.3.2.24","0.0","","","","1"
"2021","Yukon","2021A000260","25 to 64 years","Women+","% distribution (2021)","No religion and secular perspectives","","0","units","0","","170.7.3.2.25","0.0","","","","1"
"2021","Yukon","2021A000260","65 years and over","Total - Gender","2021 Counts","Total - Religion","","0","units","0","","170.13.1.1.1","5755","","","","0"
"2021","Yukon","2021A000260","65 years and over","Total - Gender","2021 Counts","Buddhist","","0","units","0","","170.13.1.1.2","50","","","","0"
"2021","Yukon","2021A000260","65 years and over","Total - Gender","2021 Counts","Christian","","0","units","0","","170.13.1.1.3","3035","","","","0"
"2021","Yukon","2021A000260","65 years and over","Total - Gender","2021 Counts","Jewish","","0","units","0","","170.13.1.1.20","10","","","","0"
"2021","Yukon","2021A000260","65 years and over","Total - Gender","2021 Counts","Sikh","","0","units","0","","170.13.1.1.22","25","","","","0"
"2021","Yukon","2021A000260","65 years and over","Total - Gender","2021 Counts","Traditional (North American Indigenous) spirituality","","0","units","0","","170.13.1.1.23","35","","","","0"
"2021","Yukon","2021A000260","65 years and over","Total - Gender","2021 Counts","Other religions and spiritual traditions","","0","units","0","","170.13.1.1.24","95","","","","0"
"2021","Yukon","2021A000260","65 years and over","Total - Gender","2021 Counts","No religion and secular perspectives","","0","units","0","","170.13.1.1.25","2495","","","","0"
"2021","Yukon","2021A000260","65 years and over","Total - Gender","% distribution (2021)","Total - Religion","","0","units","0","","170.13.1.2.1","0.0","","","","1"
"2021","Yukon","2021A000260","65 years and over","Total - Gender","% distribution (2021)","Buddhist","","0","units","0","","170.13.1.2.2","0.0","","","","1"
"2021","Yukon","2021A000260","65 years and over","Total - Gender","% distribution (2021)","Christian","","0","units","0","","170.13.1.2.3","0.0","","","","1"
"2021","Yukon","2021A000260","65 years and over","Total - Gender","% distribution (2021)","Hindu","","0","units","0","","170.13.1.2.19","0.0","","","","1"
"2021","Yukon","2021A000260","65 years and over","Total - Gender","% distribution (2021)","Jewish","","0","units","0","","170.13.1.2.20","0.0","","","","1"
"2021","Yukon","2021A000260","65 years and over","Total - Gender","% distribution (2021)","Muslim","","0","units","0","","170.13.1.2.21","0.0","","","","1"
"2021","Yukon","2021A000260","65 years and over","Total - Gender","% distribution (2021)","Sikh","","0","units","0","","170.13.1.2.22","0.0","","","","1"
"2021","Yukon","2021A000260","65 years and over","Total - Gender","% distribution (2021)","Traditional (North American Indigenous) spirituality","","0","units","0","","170.13.1.2.23","0.0","","","","1"
"2021","Yukon","2021A000260","65 years and over","Total - Gender","% distribution (2021)","Other religions and spiritual traditions","","0","units","0","","170.13.1.2.24","0.0","","","","1"
"2021","Yukon","2021A000260","65 years and over","Total - Gender","% distribution (2021)","No religion and secular perspectives","","0","units","0","","170.13.1.2.25","0.0","","","","1"
"2021","Yukon","2021A000260","65 years and over","Men+","2021 Counts","Total - Religion","","0","units","0","","170.13.2.1.1","3075","","","","0"
"2021","Yukon","2021A000260","65 years and over","Men+","2021 Counts","Buddhist","","0","units","0","","170.13.2.1.2","20","","","","0"
"2021","Yukon","2021A000260","65 years and over","Men+","2021 Counts","Christian","","0","units","0","","170.13.2.1.3","1450","","","","0"
"2021","Yukon","2021A000260","65 years and over","Men+","2021 Counts","Sikh","","0","units","0","","170.13.2.1.22","10","","","","0"
"2021","Yukon","2021A000260","65 years and over","Men+","2021 Counts","Traditional (North American Indigenous) spirituality","","0","units","0","","170.13.2.1.23","20","","","","0"
"2021","Yukon","2021A000260","65 years and over","Men+","2021 Counts","Other religions and spiritual traditions","","0","units","0","","170.13.2.1.24","45","","","","0"
"2021","Yukon","2021A000260","65 years and over","Men+","2021 Counts","No religion and secular perspectives","","0","units","0","","170.13.2.1.25","1520","","","","0"
"2021","Yukon","2021A000260","65 years and over","Men+","% distribution (2021)","Total - Religion","","0","units","0","","170.13.2.2.1","0.0","","","","1"
"2021","Yukon","2021A000260","65 years and over","Men+","% distribution (2021)","Buddhist","","0","units","0","","170.13.2.2.2","0.0","","","","1"
"2021","Yukon","2021A000260","65 years and over","Men+","% distribution (2021)","Christian","","0","units","0","","170.13.2.2.3","0.0","","","","1"
"2021","Yukon","2021A000260","65 years and over","Men+","% distribution (2021)","Hindu","","0","units","0","","170.13.2.2.19","0.0","","","","1"
"2021","Yukon","2021A000260","65 years and over","Men+","% distribution (2021)","Jewish","","0","units","0","","170.13.2.2.20","0.0","","","","1"
"2021","Yukon","2021A000260","65 years and over","Men+","% distribution (2021)","Muslim","","0","units","0","","170.13.2.2.21","0.0","","","","1"
"2021","Yukon","2021A000260","65 years and over","Men+","% distribution (2021)","Sikh","","0","units","0","","170.13.2.2.22","0.0","","","","1"
"2021","Yukon","2021A000260","65 years and over","Men+","% distribution (2021)","Traditional (North American Indigenous) spirituality","","0","units","0","","170.13.2.2.23","0.0","","","","1"
"2021","Yukon","2021A000260","65 years and over","Men+","% distribution (2021)","Other religions and spiritual traditions","","0","units","0","","170.13.2.2.24","0.0","","","","1"
"2021","Yukon","2021A000260","65 years and over","Men+","% distribution (2021)","No religion and secular perspectives","","0","units","0","","170.13.2.2.25","0.0","","","","1"
"2021","Yukon","2021A000260","65 years and over","Women+","2021 Counts","Total - Religion","","0","units","0","","170.13.3.1.1","2680","","","","0"
"2021","Yukon","2021A000260","65 years and over","Women+","2021 Counts","Buddhist","","0","units","0","","170.13.3.1.2","30","","","","0"
"2021","Yukon","2021A000260","65 years and over","Women+","2021 Counts","Christian","","0","units","0","","170.13.3.1.3","1585","","","","0"
"2021","Yukon","2021A000260","65 years and over","Women+","2021 Counts","Sikh","","0","units","0","","170.13.3.1.22","10","","","","0"
"2021","Yukon","2021A000260","65 years and over","Women+","2021 Counts","Traditional (North American Indigenous) spirituality","","0","units","0","","170.13.3.1.23","25","","","","0"
"2021","Yukon","2021A000260","65 years and over","Women+","2021 Counts","Other religions and spiritual traditions","","0","units","0","","170.13.3.1.24","50","","","","0"
"2021","Yukon","2021A000260","65 years and over","Women+","2021 Counts","No religion and secular perspectives","","0","units","0","","170.13.3.1.25","980","","","","0"
"2021","Yukon","2021A000260","65 years and over","Women+","% distribution (2021)","Total - Religion","","0","units","0","","170.13.3.2.1","0.0","","","","1"
"2021","Yukon","2021A000260","65 years and over","Women+","% distribution (2021)","Buddhist","","0","units","0","","170.13.3.2.2","0.0","","","","1"
"2021","Yukon","2021A000260","65 years and over","Women+","% distribution (2021)","Christian","","0","units","0","","170.13.3.2.3","0.0","","","","1"
"2021","Yukon","2021A000260","65 years and over","Women+","% distribution (2021)","Hindu","","0","units","0","","170.13.3.2.19","0.0","","","","1"
"2021","Yukon","2021A000260","65 years and over","Women+","% distribution (2021)","Jewish","","0","units","0","","170.13.3.2.20","0.0","","","","1"
"2021","Yukon","2021A000260","65 years and over","Women+","% distribution (2021)","Muslim","","0","units","0","","170.13.3.2.21","0.0","","","","1"
"2021","Yukon","2021A000260","65 years and over","Women+","% distribution (2021)","Sikh","","0","units","0","","170.13.3.2.22","0.0","","","","1"
"2021","Yukon","2021A000260","65 years and over","Women+","% distribution (2021)","Traditional (North American Indigenous) spirituality","","0","units","0","","170.13.3.2.23","0.0","","","","1"
"2021","Yukon","2021A000260","65 years and over","Women+","% distribution (2021)","Other religions and spiritual traditions","","0","units","0","","170.13.3.2.24","0.0","","","","1"
"2021","Yukon","2021A000260","65 years and over","Women+","% distribution (2021)","No religion and secular perspectives","","0","units","0","","170.13.3.2.25","0.0","","","","1"
"2021","Northwest Territories","2021A000261","Total - Age","Total - Gender","2021 Counts","Total - Religion","","0","units","0","","172.1.1.1.1","40380","","","","0"
"2021","Northwest Territories","2021A000261","Total - Age","Total - Gender","2021 Counts","Buddhist","","0","units","0","","172.1.1.1.2","250","","","","0"
"2021","Northwest Territories","2021A000261","Total - Age","Total - Gender","2021 Counts","Christian","","0","units","0","","172.1.1.1.3","22275","","","","0"
"2021","Northwest Territories","2021A000261","Total - Age","Total - Gender","2021 Counts","Hindu","","0","units","0","","172.1.1.1.19","200","","","","0"
"2021","Northwest Territories","2021A000261","Total - Age","Total - Gender","2021 Counts","Jewish","","0","units","0","","172.1.1.1.20","50","","","","0"
"2021","Northwest Territories","2021A000261","Total - Age","Total - Gender","2021 Counts","Muslim","","0","units","0","","172.1.1.1.21","725","","","","0"
"2021","Northwest Territories","2021A000261","Total - Age","Total - Gender","2021 Counts","Sikh","","0","units","0","","172.1.1.1.22","110","","","","0"
"2021","Northwest Territories","2021A000261","Total - Age","Total - Gender","2021 Counts","Traditional (North American Indigenous) spirituality","","0","units","0","","172.1.1.1.23","325","","","","0"
"2021","Northwest Territories","2021A000261","Total - Age","Total - Gender","2021 Counts","Other religions and spiritual traditions","","0","units","0","","172.1.1.1.24","370","","","","0"
"2021","Northwest Territories","2021A000261","Total - Age","Total - Gender","2021 Counts","No religion and secular perspectives","","0","units","0","","172.1.1.1.25","16065","","","","0"
"2021","Northwest Territories","2021A000261","Total - Age","Total - Gender","% distribution (2021)","Total - Religion","","0","units","0","","172.1.1.2.1","0.1","","","","1"
"2021","Northwest Territories","2021A000261","Total - Age","Total - Gender","% distribution (2021)","Buddhist","","0","units","0","","172.1.1.2.2","0.0","","","","1"
"2021","Northwest Territories","2021A000261","Total - Age","Total - Gender","% distribution (2021)","Christian","","0","units","0","","172.1.1.2.3","0.1","","","","1"
"2021","Northwest Territories","2021A000261","Total - Age","Total - Gender","% distribution (2021)","Hindu","","0","units","0","","172.1.1.2.19","0.0","","","","1"
"2021","Northwest Territories","2021A000261","Total - Age","Total - Gender","% distribution (2021)","Jewish","","0","units","0","","172.1.1.2.20","0.0","","","","1"
"2021","Northwest Territories","2021A000261","Total - Age","Total - Gender","% distribution (2021)","Muslim","","0","units","0","","172.1.1.2.21","0.0","","","","1"
"2021","Northwest Territories","2021A000261","Total - Age","Total - Gender","% distribution (2021)","Sikh","","0","units","0","","172.1.1.2.22","0.0","","","","1"
"2021","Northwest Territories","2021A000261","Total - Age","Total - Gender","% distribution (2021)","Traditional (North American Indigenous) spirituality","","0","units","0","","172.1.1.2.23","0.0","","","","1"
"2021","Northwest Territories","2021A000261","Total - Age","Total - Gender","% distribution (2021)","Other religions and spiritual traditions","","0","units","0","","172.1.1.2.24","0.0","","","","1"
"2021","Northwest Territories","2021A000261","Total - Age","Total - Gender","% distribution (2021)","No religion and secular perspectives","","0","units","0","","172.1.1.2.25","0.0","","","","1"
"2021","Northwest Territories","2021A000261","Total - Age","Men+","2021 Counts","Total - Religion","","0","units","0","","172.1.2.1.1","20435","","","","0"
"2021","Northwest Territories","2021A000261","Total - Age","Men+","2021 Counts","Buddhist","","0","units","0","","172.1.2.1.2","110","","","","0"
"2021","Northwest Territories","2021A000261","Total - Age","Men+","2021 Counts","Christian","","0","units","0","","172.1.2.1.3","10790","","","","0"
"2021","Northwest Territories","2021A000261","Total - Age","Men+","2021 Counts","Hindu","","0","units","0","","172.1.2.1.19","105","","","","0"
"2021","Northwest Territories","2021A000261","Total - Age","Men+","2021 Counts","Jewish","","0","units","0","","172.1.2.1.20","25","","","","0"
"2021","Northwest Territories","2021A000261","Total - Age","Men+","2021 Counts","Muslim","","0","units","0","","172.1.2.1.21","440","","","","0"
"2021","Northwest Territories","2021A000261","Total - Age","Men+","2021 Counts","Sikh","","0","units","0","","172.1.2.1.22","55","","","","0"
"2021","Northwest Territories","2021A000261","Total - Age","Men+","2021 Counts","Traditional (North American Indigenous) spirituality","","0","units","0","","172.1.2.1.23","160","","","","0"
"2021","Northwest Territories","2021A000261","Total - Age","Men+","2021 Counts","Other religions and spiritual traditions","","0","units","0","","172.1.2.1.24","180","","","","0"
"2021","Northwest Territories","2021A000261","Total - Age","Men+","2021 Counts","No religion and secular perspectives","","0","units","0","","172.1.2.1.25","8570","","","","0"
"2021","Northwest Territories","2021A000261","Total - Age","Men+","% distribution (2021)","Total - Religion","","0","units","0","","172.1.2.2.1","0.1","","","","1"
"2021","Northwest Territories","2021A000261","Total - Age","Men+","% distribution (2021)","Buddhist","","0","units","0","","172.1.2.2.2","0.0","","","","1"
"2021","Northwest Territories","2021A000261","Total - Age","Men+","% distribution (2021)","Christian","","0","units","0","","172.1.2.2.3","0.0","","","","1"
"2021","Northwest Territories","2021A000261","Total - Age","Men+","% distribution (2021)","Hindu","","0","units","0","","172.1.2.2.19","0.0","","","","1"
"2021","Northwest Territories","2021A000261","Total - Age","Men+","% distribution (2021)","Jewish","","0","units","0","","172.1.2.2.20","0.0","","","","1"
"2021","Northwest Territories","2021A000261","Total - Age","Men+","% distribution (2021)","Muslim","","0","units","0","","172.1.2.2.21","0.0","","","","1"
"2021","Northwest Territories","2021A000261","Total - Age","Men+","% distribution (2021)","Sikh","","0","units","0","","172.1.2.2.22","0.0","","","","1"
"2021","Northwest Territories","2021A000261","Total - Age","Men+","% distribution (2021)","Traditional (North American Indigenous) spirituality","","0","units","0","","172.1.2.2.23","0.0","","","","1"
"2021","Northwest Territories","2021A000261","Total - Age","Men+","% distribution (2021)","Other religions and spiritual traditions","","0","units","0","","172.1.2.2.24","0.0","","","","1"
"2021","Northwest Territories","2021A000261","Total - Age","Men+","% distribution (2021)","No religion and secular perspectives","","0","units","0","","172.1.2.2.25","0.0","","","","1"
"2021","Northwest Territories","2021A000261","Total - Age","Women+","2021 Counts","Total - Religion","","0","units","0","","172.1.3.1.1","19945","","","","0"
"2021","Northwest Territories","2021A000261","Total - Age","Women+","2021 Counts","Buddhist","","0","units","0","","172.1.3.1.2","140","","","","0"
"2021","Northwest Territories","2021A000261","Total - Age","Women+","2021 Counts","Christian","","0","units","0","","172.1.3.1.3","11490","","","","0"
"2021","Northwest Territories","2021A000261","Total - Age","Women+","2021 Counts","Hindu","","0","units","0","","172.1.3.1.19","95","","","","0"
"2021","Northwest Territories","2021A000261","Total - Age","Women+","2021 Counts","Jewish","","0","units","0","","172.1.3.1.20","20","","","","0"
"2021","Northwest Territories","2021A000261","Total - Age","Women+","2021 Counts","Muslim","","0","units","0","","172.1.3.1.21","290","","","","0"
"2021","Northwest Territories","2021A000261","Total - Age","Women+","2021 Counts","Sikh","","0","units","0","","172.1.3.1.22","55","","","","0"
"2021","Northwest Territories","2021A000261","Total - Age","Women+","2021 Counts","Traditional (North American Indigenous) spirituality","","0","units","0","","172.1.3.1.23","170","","","","0"
"2021","Northwest Territories","2021A000261","Total - Age","Women+","2021 Counts","Other religions and spiritual traditions","","0","units","0","","172.1.3.1.24","190","","","","0"
"2021","Northwest Territories","2021A000261","Total - Age","Women+","2021 Counts","No religion and secular perspectives","","0","units","0","","172.1.3.1.25","7495","","","","0"
"2021","Northwest Territories","2021A000261","Total - Age","Women+","% distribution (2021)","Total - Religion","","0","units","0","","172.1.3.2.1","0.1","","","","1"
"2021","Northwest Territories","2021A000261","Total - Age","Women+","% distribution (2021)","Buddhist","","0","units","0","","172.1.3.2.2","0.0","","","","1"
"2021","Northwest Territories","2021A000261","Total - Age","Women+","% distribution (2021)","Christian","","0","units","0","","172.1.3.2.3","0.0","","","","1"
"2021","Northwest Territories","2021A000261","Total - Age","Women+","% distribution (2021)","Hindu","","0","units","0","","172.1.3.2.19","0.0","","","","1"
"2021","Northwest Territories","2021A000261","Total - Age","Women+","% distribution (2021)","Jewish","","0","units","0","","172.1.3.2.20","0.0","","","","1"
"2021","Northwest Territories","2021A000261","Total - Age","Women+","% distribution (2021)","Muslim","","0","units","0","","172.1.3.2.21","0.0","","","","1"
"2021","Northwest Territories","2021A000261","Total - Age","Women+","% distribution (2021)","Sikh","","0","units","0","","172.1.3.2.22","0.0","","","","1"
"2021","Northwest Territories","2021A000261","Total - Age","Women+","% distribution (2021)","Traditional (North American Indigenous) spirituality","","0","units","0","","172.1.3.2.23","0.0","","","","1"
"2021","Northwest Territories","2021A000261","Total - Age","Women+","% distribution (2021)","Other religions and spiritual traditions","","0","units","0","","172.1.3.2.24","0.0","","","","1"
"2021","Northwest Territories","2021A000261","Total - Age","Women+","% distribution (2021)","No religion and secular perspectives","","0","units","0","","172.1.3.2.25","0.0","","","","1"
"2021","Northwest Territories","2021A000261","0 to 14 years","Total - Gender","2021 Counts","Total - Religion","","0","units","0","","172.2.1.1.1","8465","","","","0"
"2021","Northwest Territories","2021A000261","0 to 14 years","Total - Gender","2021 Counts","Buddhist","","0","units","0","","172.2.1.1.2","20","","","","0"
"2021","Northwest Territories","2021A000261","0 to 14 years","Total - Gender","2021 Counts","Christian","","0","units","0","","172.2.1.1.3","4125","","","","0"
"2021","Northwest Territories","2021A000261","0 to 14 years","Total - Gender","2021 Counts","Hindu","","0","units","0","","172.2.1.1.19","25","","","","0"
"2021","Northwest Territories","2021A000261","0 to 14 years","Total - Gender","2021 Counts","Jewish","","0","units","0","","172.2.1.1.20","10","","","","0"
"2021","Northwest Territories","2021A000261","0 to 14 years","Total - Gender","2021 Counts","Muslim","","0","units","0","","172.2.1.1.21","190","","","","0"
"2021","Northwest Territories","2021A000261","0 to 14 years","Total - Gender","2021 Counts","Traditional (North American Indigenous) spirituality","","0","units","0","","172.2.1.1.23","80","","","","0"
"2021","Northwest Territories","2021A000261","0 to 14 years","Total - Gender","2021 Counts","Other religions and spiritual traditions","","0","units","0","","172.2.1.1.24","30","","","","0"
"2021","Northwest Territories","2021A000261","0 to 14 years","Total - Gender","2021 Counts","No religion and secular perspectives","","0","units","0","","172.2.1.1.25","3990","","","","0"
"2021","Northwest Territories","2021A000261","0 to 14 years","Total - Gender","% distribution (2021)","Total - Religion","","0","units","0","","172.2.1.2.1","0.0","","","","1"
"2021","Northwest Territories","2021A000261","0 to 14 years","Total - Gender","% distribution (2021)","Buddhist","","0","units","0","","172.2.1.2.2","0.0","","","","1"
"2021","Northwest Territories","2021A000261","0 to 14 years","Total - Gender","% distribution (2021)","Christian","","0","units","0","","172.2.1.2.3","0.0","","","","1"
"2021","Northwest Territories","2021A000261","0 to 14 years","Total - Gender","% distribution (2021)","Hindu","","0","units","0","","172.2.1.2.19","0.0","","","","1"
"2021","Northwest Territories","2021A000261","0 to 14 years","Total - Gender","% distribution (2021)","Jewish","","0","units","0","","172.2.1.2.20","0.0","","","","1"
"2021","Northwest Territories","2021A000261","0 to 14 years","Total - Gender","% distribution (2021)","Muslim","","0","units","0","","172.2.1.2.21","0.0","","","","1"
"2021","Northwest Territories","2021A000261","0 to 14 years","Total - Gender","% distribution (2021)","Sikh","","0","units","0","","172.2.1.2.22","0.0","","","","1"
"2021","Northwest Territories","2021A000261","0 to 14 years","Total - Gender","% distribution (2021)","Traditional (North American Indigenous) spirituality","","0","units","0","","172.2.1.2.23","0.0","","","","1"
"2021","Northwest Territories","2021A000261","0 to 14 years","Total - Gender","% distribution (2021)","Other religions and spiritual traditions","","0","units","0","","172.2.1.2.24","0.0","","","","1"
"2021","Northwest Territories","2021A000261","0 to 14 years","Total - Gender","% distribution (2021)","No religion and secular perspectives","","0","units","0","","172.2.1.2.25","0.0","","","","1"
"2021","Northwest Territories","2021A000261","0 to 14 years","Men+","2021 Counts","Total - Religion","","0","units","0","","172.2.2.1.1","4310","","","","0"
"2021","Northwest Territories","2021A000261","0 to 14 years","Men+","2021 Counts","Buddhist","","0","units","0","","172.2.2.1.2","10","","","","0"
"2021","Northwest Territories","2021A000261","0 to 14 years","Men+","2021 Counts","Christian","","0","units","0","","172.2.2.1.3","2070","","","","0"
"2021","Northwest Territories","2021A000261","0 to 14 years","Men+","2021 Counts","Hindu","","0","units","0","","172.2.2.1.19","10","","","","0"
"2021","Northwest Territories","2021A000261","0 to 14 years","Men+","2021 Counts","Jewish","","0","units","0","","172.2.2.1.20","10","","","","0"
"2021","Northwest Territories","2021A000261","0 to 14 years","Men+","2021 Counts","Muslim","","0","units","0","","172.2.2.1.21","125","","","","0"
"2021","Northwest Territories","2021A000261","0 to 14 years","Men+","2021 Counts","Traditional (North American Indigenous) spirituality","","0","units","0","","172.2.2.1.23","45","","","","0"
"2021","Northwest Territories","2021A000261","0 to 14 years","Men+","2021 Counts","Other religions and spiritual traditions","","0","units","0","","172.2.2.1.24","15","","","","0"
"2021","Northwest Territories","2021A000261","0 to 14 years","Men+","2021 Counts","No religion and secular perspectives","","0","units","0","","172.2.2.1.25","2035","","","","0"
"2021","Northwest Territories","2021A000261","0 to 14 years","Men+","% distribution (2021)","Total - Religion","","0","units","0","","172.2.2.2.1","0.0","","","","1"
"2021","Northwest Territories","2021A000261","0 to 14 years","Men+","% distribution (2021)","Buddhist","","0","units","0","","172.2.2.2.2","0.0","","","","1"
"2021","Northwest Territories","2021A000261","0 to 14 years","Men+","% distribution (2021)","Christian","","0","units","0","","172.2.2.2.3","0.0","","","","1"
"2021","Northwest Territories","2021A000261","0 to 14 years","Men+","% distribution (2021)","Hindu","","0","units","0","","172.2.2.2.19","0.0","","","","1"
"2021","Northwest Territories","2021A000261","0 to 14 years","Men+","% distribution (2021)","Jewish","","0","units","0","","172.2.2.2.20","0.0","","","","1"
"2021","Northwest Territories","2021A000261","0 to 14 years","Men+","% distribution (2021)","Muslim","","0","units","0","","172.2.2.2.21","0.0","","","","1"
"2021","Northwest Territories","2021A000261","0 to 14 years","Men+","% distribution (2021)","Sikh","","0","units","0","","172.2.2.2.22","0.0","","","","1"
"2021","Northwest Territories","2021A000261","0 to 14 years","Men+","% distribution (2021)","Traditional (North American Indigenous) spirituality","","0","units","0","","172.2.2.2.23","0.0","","","","1"
"2021","Northwest Territories","2021A000261","0 to 14 years","Men+","% distribution (2021)","Other religions and spiritual traditions","","0","units","0","","172.2.2.2.24","0.0","","","","1"
"2021","Northwest Territories","2021A000261","0 to 14 years","Men+","% distribution (2021)","No religion and secular perspectives","","0","units","0","","172.2.2.2.25","0.0","","","","1"
"2021","Northwest Territories","2021A000261","0 to 14 years","Women+","2021 Counts","Total - Religion","","0","units","0","","172.2.3.1.1","4160","","","","0"
"2021","Northwest Territories","2021A000261","0 to 14 years","Women+","2021 Counts","Buddhist","","0","units","0","","172.2.3.1.2","10","","","","0"
"2021","Northwest Territories","2021A000261","0 to 14 years","Women+","2021 Counts","Christian","","0","units","0","","172.2.3.1.3","2055","","","","0"
"2021","Northwest Territories","2021A000261","0 to 14 years","Women+","2021 Counts","Hindu","","0","units","0","","172.2.3.1.19","10","","","","0"
"2021","Northwest Territories","2021A000261","0 to 14 years","Women+","2021 Counts","Muslim","","0","units","0","","172.2.3.1.21","65","","","","0"
"2021","Northwest Territories","2021A000261","0 to 14 years","Women+","2021 Counts","Traditional (North American Indigenous) spirituality","","0","units","0","","172.2.3.1.23","35","","","","0"
"2021","Northwest Territories","2021A000261","0 to 14 years","Women+","2021 Counts","Other religions and spiritual traditions","","0","units","0","","172.2.3.1.24","15","","","","0"
"2021","Northwest Territories","2021A000261","0 to 14 years","Women+","2021 Counts","No religion and secular perspectives","","0","units","0","","172.2.3.1.25","1960","","","","0"
"2021","Northwest Territories","2021A000261","0 to 14 years","Women+","% distribution (2021)","Total - Religion","","0","units","0","","172.2.3.2.1","0.0","","","","1"
"2021","Northwest Territories","2021A000261","0 to 14 years","Women+","% distribution (2021)","Buddhist","","0","units","0","","172.2.3.2.2","0.0","","","","1"
"2021","Northwest Territories","2021A000261","0 to 14 years","Women+","% distribution (2021)","Christian","","0","units","0","","172.2.3.2.3","0.0","","","","1"
"2021","Northwest Territories","2021A000261","0 to 14 years","Women+","% distribution (2021)","Hindu","","0","units","0","","172.2.3.2.19","0.0","","","","1"
"2021","Northwest Territories","2021A000261","0 to 14 years","Women+","% distribution (2021)","Jewish","","0","units","0","","172.2.3.2.20","0.0","","","","1"
"2021","Northwest Territories","2021A000261","0 to 14 years","Women+","% distribution (2021)","Muslim","","0","units","0","","172.2.3.2.21","0.0","","","","1"
"2021","Northwest Territories","2021A000261","0 to 14 years","Women+","% distribution (2021)","Sikh","","0","units","0","","172.2.3.2.22","0.0","","","","1"
"2021","Northwest Territories","2021A000261","0 to 14 years","Women+","% distribution (2021)","Traditional (North American Indigenous) spirituality","","0","units","0","","172.2.3.2.23","0.0","","","","1"
"2021","Northwest Territories","2021A000261","0 to 14 years","Women+","% distribution (2021)","Other religions and spiritual traditions","","0","units","0","","172.2.3.2.24","0.0","","","","1"
"2021","Northwest Territories","2021A000261","0 to 14 years","Women+","% distribution (2021)","No religion and secular perspectives","","0","units","0","","172.2.3.2.25","0.0","","","","1"
"2021","Northwest Territories","2021A000261","15 years and over","Total - Gender","2021 Counts","Total - Religion","","0","units","0","","172.3.1.1.1","31910","","","","0"
"2021","Northwest Territories","2021A000261","15 years and over","Total - Gender","2021 Counts","Buddhist","","0","units","0","","172.3.1.1.2","235","","","","0"
"2021","Northwest Territories","2021A000261","15 years and over","Total - Gender","2021 Counts","Christian","","0","units","0","","172.3.1.1.3","18150","","","","0"
"2021","Northwest Territories","2021A000261","15 years and over","Total - Gender","2021 Counts","Hindu","","0","units","0","","172.3.1.1.19","175","","","","0"
"2021","Northwest Territories","2021A000261","15 years and over","Total - Gender","2021 Counts","Jewish","","0","units","0","","172.3.1.1.20","35","","","","0"
"2021","Northwest Territories","2021A000261","15 years and over","Total - Gender","2021 Counts","Muslim","","0","units","0","","172.3.1.1.21","540","","","","0"
"2021","Northwest Territories","2021A000261","15 years and over","Total - Gender","2021 Counts","Sikh","","0","units","0","","172.3.1.1.22","110","","","","0"
"2021","Northwest Territories","2021A000261","15 years and over","Total - Gender","2021 Counts","Traditional (North American Indigenous) spirituality","","0","units","0","","172.3.1.1.23","250","","","","0"
"2021","Northwest Territories","2021A000261","15 years and over","Total - Gender","2021 Counts","Other religions and spiritual traditions","","0","units","0","","172.3.1.1.24","345","","","","0"
"2021","Northwest Territories","2021A000261","15 years and over","Total - Gender","2021 Counts","No religion and secular perspectives","","0","units","0","","172.3.1.1.25","12075","","","","0"
"2021","Northwest Territories","2021A000261","15 years and over","Total - Gender","% distribution (2021)","Total - Religion","","0","units","0","","172.3.1.2.1","0.1","","","","1"
"2021","Northwest Territories","2021A000261","15 years and over","Total - Gender","% distribution (2021)","Buddhist","","0","units","0","","172.3.1.2.2","0.0","","","","1"
"2021","Northwest Territories","2021A000261","15 years and over","Total - Gender","% distribution (2021)","Christian","","0","units","0","","172.3.1.2.3","0.0","","","","1"
"2021","Northwest Territories","2021A000261","15 years and over","Total - Gender","% distribution (2021)","Hindu","","0","units","0","","172.3.1.2.19","0.0","","","","1"
"2021","Northwest Territories","2021A000261","15 years and over","Total - Gender","% distribution (2021)","Jewish","","0","units","0","","172.3.1.2.20","0.0","","","","1"
"2021","Northwest Territories","2021A000261","15 years and over","Total - Gender","% distribution (2021)","Muslim","","0","units","0","","172.3.1.2.21","0.0","","","","1"
"2021","Northwest Territories","2021A000261","15 years and over","Total - Gender","% distribution (2021)","Sikh","","0","units","0","","172.3.1.2.22","0.0","","","","1"
"2021","Northwest Territories","2021A000261","15 years and over","Total - Gender","% distribution (2021)","Traditional (North American Indigenous) spirituality","","0","units","0","","172.3.1.2.23","0.0","","","","1"
"2021","Northwest Territories","2021A000261","15 years and over","Total - Gender","% distribution (2021)","Other religions and spiritual traditions","","0","units","0","","172.3.1.2.24","0.0","","","","1"
"2021","Northwest Territories","2021A000261","15 years and over","Total - Gender","% distribution (2021)","No religion and secular perspectives","","0","units","0","","172.3.1.2.25","0.0","","","","1"
"2021","Northwest Territories","2021A000261","15 years and over","Men+","2021 Counts","Total - Religion","","0","units","0","","172.3.2.1.1","16125","","","","0"
"2021","Northwest Territories","2021A000261","15 years and over","Men+","2021 Counts","Buddhist","","0","units","0","","172.3.2.1.2","100","","","","0"
"2021","Northwest Territories","2021A000261","15 years and over","Men+","2021 Counts","Christian","","0","units","0","","172.3.2.1.3","8720","","","","0"
"2021","Northwest Territories","2021A000261","15 years and over","Men+","2021 Counts","Hindu","","0","units","0","","172.3.2.1.19","90","","","","0"
"2021","Northwest Territories","2021A000261","15 years and over","Men+","2021 Counts","Jewish","","0","units","0","","172.3.2.1.20","20","","","","0"
"2021","Northwest Territories","2021A000261","15 years and over","Men+","2021 Counts","Muslim","","0","units","0","","172.3.2.1.21","315","","","","0"
"2021","Northwest Territories","2021A000261","15 years and over","Men+","2021 Counts","Sikh","","0","units","0","","172.3.2.1.22","55","","","","0"
"2021","Northwest Territories","2021A000261","15 years and over","Men+","2021 Counts","Traditional (North American Indigenous) spirituality","","0","units","0","","172.3.2.1.23","115","","","","0"
"2021","Northwest Territories","2021A000261","15 years and over","Men+","2021 Counts","Other religions and spiritual traditions","","0","units","0","","172.3.2.1.24","170","","","","0"
"2021","Northwest Territories","2021A000261","15 years and over","Men+","2021 Counts","No religion and secular perspectives","","0","units","0","","172.3.2.1.25","6540","","","","0"
"2021","Northwest Territories","2021A000261","15 years and over","Men+","% distribution (2021)","Total - Religion","","0","units","0","","172.3.2.2.1","0.0","","","","1"
"2021","Northwest Territories","2021A000261","15 years and over","Men+","% distribution (2021)","Buddhist","","0","units","0","","172.3.2.2.2","0.0","","","","1"
"2021","Northwest Territories","2021A000261","15 years and over","Men+","% distribution (2021)","Christian","","0","units","0","","172.3.2.2.3","0.0","","","","1"
"2021","Northwest Territories","2021A000261","15 years and over","Men+","% distribution (2021)","Hindu","","0","units","0","","172.3.2.2.19","0.0","","","","1"
"2021","Northwest Territories","2021A000261","15 years and over","Men+","% distribution (2021)","Jewish","","0","units","0","","172.3.2.2.20","0.0","","","","1"
"2021","Northwest Territories","2021A000261","15 years and over","Men+","% distribution (2021)","Muslim","","0","units","0","","172.3.2.2.21","0.0","","","","1"
"2021","Northwest Territories","2021A000261","15 years and over","Men+","% distribution (2021)","Sikh","","0","units","0","","172.3.2.2.22","0.0","","","","1"
"2021","Northwest Territories","2021A000261","15 years and over","Men+","% distribution (2021)","Traditional (North American Indigenous) spirituality","","0","units","0","","172.3.2.2.23","0.0","","","","1"
"2021","Northwest Territories","2021A000261","15 years and over","Men+","% distribution (2021)","Other religions and spiritual traditions","","0","units","0","","172.3.2.2.24","0.0","","","","1"
"2021","Northwest Territories","2021A000261","15 years and over","Men+","% distribution (2021)","No religion and secular perspectives","","0","units","0","","172.3.2.2.25","0.0","","","","1"
"2021","Northwest Territories","2021A000261","15 years and over","Women+","2021 Counts","Total - Religion","","0","units","0","","172.3.3.1.1","15785","","","","0"
"2021","Northwest Territories","2021A000261","15 years and over","Women+","2021 Counts","Buddhist","","0","units","0","","172.3.3.1.2","130","","","","0"
"2021","Northwest Territories","2021A000261","15 years and over","Women+","2021 Counts","Christian","","0","units","0","","172.3.3.1.3","9430","","","","0"
"2021","Northwest Territories","2021A000261","15 years and over","Women+","2021 Counts","Hindu","","0","units","0","","172.3.3.1.19","85","","","","0"
"2021","Northwest Territories","2021A000261","15 years and over","Women+","2021 Counts","Jewish","","0","units","0","","172.3.3.1.20","20","","","","0"
"2021","Northwest Territories","2021A000261","15 years and over","Women+","2021 Counts","Muslim","","0","units","0","","172.3.3.1.21","225","","","","0"
"2021","Northwest Territories","2021A000261","15 years and over","Women+","2021 Counts","Sikh","","0","units","0","","172.3.3.1.22","55","","","","0"
"2021","Northwest Territories","2021A000261","15 years and over","Women+","2021 Counts","Traditional (North American Indigenous) spirituality","","0","units","0","","172.3.3.1.23","135","","","","0"
"2021","Northwest Territories","2021A000261","15 years and over","Women+","2021 Counts","Other religions and spiritual traditions","","0","units","0","","172.3.3.1.24","175","","","","0"
"2021","Northwest Territories","2021A000261","15 years and over","Women+","2021 Counts","No religion and secular perspectives","","0","units","0","","172.3.3.1.25","5535","","","","0"
"2021","Northwest Territories","2021A000261","15 years and over","Women+","% distribution (2021)","Total - Religion","","0","units","0","","172.3.3.2.1","0.0","","","","1"
"2021","Northwest Territories","2021A000261","15 years and over","Women+","% distribution (2021)","Buddhist","","0","units","0","","172.3.3.2.2","0.0","","","","1"
"2021","Northwest Territories","2021A000261","15 years and over","Women+","% distribution (2021)","Christian","","0","units","0","","172.3.3.2.3","0.0","","","","1"
"2021","Northwest Territories","2021A000261","15 years and over","Women+","% distribution (2021)","Hindu","","0","units","0","","172.3.3.2.19","0.0","","","","1"
"2021","Northwest Territories","2021A000261","15 years and over","Women+","% distribution (2021)","Jewish","","0","units","0","","172.3.3.2.20","0.0","","","","1"
"2021","Northwest Territories","2021A000261","15 years and over","Women+","% distribution (2021)","Muslim","","0","units","0","","172.3.3.2.21","0.0","","","","1"
"2021","Northwest Territories","2021A000261","15 years and over","Women+","% distribution (2021)","Sikh","","0","units","0","","172.3.3.2.22","0.0","","","","1"
"2021","Northwest Territories","2021A000261","15 years and over","Women+","% distribution (2021)","Traditional (North American Indigenous) spirituality","","0","units","0","","172.3.3.2.23","0.0","","","","1"
"2021","Northwest Territories","2021A000261","15 years and over","Women+","% distribution (2021)","Other religions and spiritual traditions","","0","units","0","","172.3.3.2.24","0.0","","","","1"
"2021","Northwest Territories","2021A000261","15 years and over","Women+","% distribution (2021)","No religion and secular perspectives","","0","units","0","","172.3.3.2.25","0.0","","","","1"
"2021","Northwest Territories","2021A000261","15 to 24 years","Total - Gender","2021 Counts","Total - Religion","","0","units","0","","172.4.1.1.1","4980","","","","0"
"2021","Northwest Territories","2021A000261","15 to 24 years","Total - Gender","2021 Counts","Buddhist","","0","units","0","","172.4.1.1.2","30","","","","0"
"2021","Northwest Territories","2021A000261","15 to 24 years","Total - Gender","2021 Counts","Christian","","0","units","0","","172.4.1.1.3","2650","","","","0"
"2021","Northwest Territories","2021A000261","15 to 24 years","Total - Gender","2021 Counts","Hindu","","0","units","0","","172.4.1.1.19","25","","","","0"
"2021","Northwest Territories","2021A000261","15 to 24 years","Total - Gender","2021 Counts","Muslim","","0","units","0","","172.4.1.1.21","85","","","","0"
"2021","Northwest Territories","2021A000261","15 to 24 years","Total - Gender","2021 Counts","Sikh","","0","units","0","","172.4.1.1.22","70","","","","0"
"2021","Northwest Territories","2021A000261","15 to 24 years","Total - Gender","2021 Counts","Traditional (North American Indigenous) spirituality","","0","units","0","","172.4.1.1.23","45","","","","0"
"2021","Northwest Territories","2021A000261","15 to 24 years","Total - Gender","2021 Counts","Other religions and spiritual traditions","","0","units","0","","172.4.1.1.24","45","","","","0"
"2021","Northwest Territories","2021A000261","15 to 24 years","Total - Gender","2021 Counts","No religion and secular perspectives","","0","units","0","","172.4.1.1.25","2030","","","","0"
"2021","Northwest Territories","2021A000261","15 to 24 years","Total - Gender","% distribution (2021)","Total - Religion","","0","units","0","","172.4.1.2.1","0.0","","","","1"
"2021","Northwest Territories","2021A000261","15 to 24 years","Total - Gender","% distribution (2021)","Buddhist","","0","units","0","","172.4.1.2.2","0.0","","","","1"
"2021","Northwest Territories","2021A000261","15 to 24 years","Total - Gender","% distribution (2021)","Christian","","0","units","0","","172.4.1.2.3","0.0","","","","1"
"2021","Northwest Territories","2021A000261","15 to 24 years","Total - Gender","% distribution (2021)","Hindu","","0","units","0","","172.4.1.2.19","0.0","","","","1"
"2021","Northwest Territories","2021A000261","15 to 24 years","Total - Gender","% distribution (2021)","Jewish","","0","units","0","","172.4.1.2.20","0.0","","","","1"
"2021","Northwest Territories","2021A000261","15 to 24 years","Total - Gender","% distribution (2021)","Muslim","","0","units","0","","172.4.1.2.21","0.0","","","","1"
"2021","Northwest Territories","2021A000261","15 to 24 years","Total - Gender","% distribution (2021)","Sikh","","0","units","0","","172.4.1.2.22","0.0","","","","1"
"2021","Northwest Territories","2021A000261","15 to 24 years","Total - Gender","% distribution (2021)","Traditional (North American Indigenous) spirituality","","0","units","0","","172.4.1.2.23","0.0","","","","1"
"2021","Northwest Territories","2021A000261","15 to 24 years","Total - Gender","% distribution (2021)","Other religions and spiritual traditions","","0","units","0","","172.4.1.2.24","0.0","","","","1"
"2021","Northwest Territories","2021A000261","15 to 24 years","Total - Gender","% distribution (2021)","No religion and secular perspectives","","0","units","0","","172.4.1.2.25","0.0","","","","1"
"2021","Northwest Territories","2021A000261","15 to 24 years","Men+","2021 Counts","Total - Religion","","0","units","0","","172.4.2.1.1","2560","","","","0"
"2021","Northwest Territories","2021A000261","15 to 24 years","Men+","2021 Counts","Buddhist","","0","units","0","","172.4.2.1.2","15","","","","0"
"2021","Northwest Territories","2021A000261","15 to 24 years","Men+","2021 Counts","Christian","","0","units","0","","172.4.2.1.3","1320","","","","0"
"2021","Northwest Territories","2021A000261","15 to 24 years","Men+","2021 Counts","Hindu","","0","units","0","","172.4.2.1.19","10","","","","0"
"2021","Northwest Territories","2021A000261","15 to 24 years","Men+","2021 Counts","Muslim","","0","units","0","","172.4.2.1.21","50","","","","0"
"2021","Northwest Territories","2021A000261","15 to 24 years","Men+","2021 Counts","Sikh","","0","units","0","","172.4.2.1.22","30","","","","0"
"2021","Northwest Territories","2021A000261","15 to 24 years","Men+","2021 Counts","Traditional (North American Indigenous) spirituality","","0","units","0","","172.4.2.1.23","15","","","","0"
"2021","Northwest Territories","2021A000261","15 to 24 years","Men+","2021 Counts","Other religions and spiritual traditions","","0","units","0","","172.4.2.1.24","15","","","","0"
"2021","Northwest Territories","2021A000261","15 to 24 years","Men+","2021 Counts","No religion and secular perspectives","","0","units","0","","172.4.2.1.25","1100","","","","0"
"2021","Northwest Territories","2021A000261","15 to 24 years","Men+","% distribution (2021)","Total - Religion","","0","units","0","","172.4.2.2.1","0.0","","","","1"
"2021","Northwest Territories","2021A000261","15 to 24 years","Men+","% distribution (2021)","Buddhist","","0","units","0","","172.4.2.2.2","0.0","","","","1"
"2021","Northwest Territories","2021A000261","15 to 24 years","Men+","% distribution (2021)","Christian","","0","units","0","","172.4.2.2.3","0.0","","","","1"
"2021","Northwest Territories","2021A000261","15 to 24 years","Men+","% distribution (2021)","Hindu","","0","units","0","","172.4.2.2.19","0.0","","","","1"
"2021","Northwest Territories","2021A000261","15 to 24 years","Men+","% distribution (2021)","Jewish","","0","units","0","","172.4.2.2.20","0.0","","","","1"
"2021","Northwest Territories","2021A000261","15 to 24 years","Men+","% distribution (2021)","Muslim","","0","units","0","","172.4.2.2.21","0.0","","","","1"
"2021","Northwest Territories","2021A000261","15 to 24 years","Men+","% distribution (2021)","Sikh","","0","units","0","","172.4.2.2.22","0.0","","","","1"
"2021","Northwest Territories","2021A000261","15 to 24 years","Men+","% distribution (2021)","Traditional (North American Indigenous) spirituality","","0","units","0","","172.4.2.2.23","0.0","","","","1"
"2021","Northwest Territories","2021A000261","15 to 24 years","Men+","% distribution (2021)","Other religions and spiritual traditions","","0","units","0","","172.4.2.2.24","0.0","","","","1"
"2021","Northwest Territories","2021A000261","15 to 24 years","Men+","% distribution (2021)","No religion and secular perspectives","","0","units","0","","172.4.2.2.25","0.0","","","","1"
"2021","Northwest Territories","2021A000261","15 to 24 years","Women+","2021 Counts","Total - Religion","","0","units","0","","172.4.3.1.1","2425","","","","0"
"2021","Northwest Territories","2021A000261","15 to 24 years","Women+","2021 Counts","Buddhist","","0","units","0","","172.4.3.1.2","15","","","","0"
"2021","Northwest Territories","2021A000261","15 to 24 years","Women+","2021 Counts","Christian","","0","units","0","","172.4.3.1.3","1325","","","","0"
"2021","Northwest Territories","2021A000261","15 to 24 years","Women+","2021 Counts","Hindu","","0","units","0","","172.4.3.1.19","20","","","","0"
"2021","Northwest Territories","2021A000261","15 to 24 years","Women+","2021 Counts","Muslim","","0","units","0","","172.4.3.1.21","30","","","","0"
"2021","Northwest Territories","2021A000261","15 to 24 years","Women+","2021 Counts","Sikh","","0","units","0","","172.4.3.1.22","45","","","","0"
"2021","Northwest Territories","2021A000261","15 to 24 years","Women+","2021 Counts","Traditional (North American Indigenous) spirituality","","0","units","0","","172.4.3.1.23","30","","","","0"
"2021","Northwest Territories","2021A000261","15 to 24 years","Women+","2021 Counts","Other religions and spiritual traditions","","0","units","0","","172.4.3.1.24","30","","","","0"
"2021","Northwest Territories","2021A000261","15 to 24 years","Women+","2021 Counts","No religion and secular perspectives","","0","units","0","","172.4.3.1.25","930","","","","0"
"2021","Northwest Territories","2021A000261","15 to 24 years","Women+","% distribution (2021)","Total - Religion","","0","units","0","","172.4.3.2.1","0.0","","","","1"
"2021","Northwest Territories","2021A000261","15 to 24 years","Women+","% distribution (2021)","Buddhist","","0","units","0","","172.4.3.2.2","0.0","","","","1"
"2021","Northwest Territories","2021A000261","15 to 24 years","Women+","% distribution (2021)","Christian","","0","units","0","","172.4.3.2.3","0.0","","","","1"
"2021","Northwest Territories","2021A000261","15 to 24 years","Women+","% distribution (2021)","Hindu","","0","units","0","","172.4.3.2.19","0.0","","","","1"
"2021","Northwest Territories","2021A000261","15 to 24 years","Women+","% distribution (2021)","Jewish","","0","units","0","","172.4.3.2.20","0.0","","","","1"
"2021","Northwest Territories","2021A000261","15 to 24 years","Women+","% distribution (2021)","Muslim","","0","units","0","","172.4.3.2.21","0.0","","","","1"
"2021","Northwest Territories","2021A000261","15 to 24 years","Women+","% distribution (2021)","Sikh","","0","units","0","","172.4.3.2.22","0.0","","","","1"
"2021","Northwest Territories","2021A000261","15 to 24 years","Women+","% distribution (2021)","Traditional (North American Indigenous) spirituality","","0","units","0","","172.4.3.2.23","0.0","","","","1"
"2021","Northwest Territories","2021A000261","15 to 24 years","Women+","% distribution (2021)","Other religions and spiritual traditions","","0","units","0","","172.4.3.2.24","0.0","","","","1"
"2021","Northwest Territories","2021A000261","15 to 24 years","Women+","% distribution (2021)","No religion and secular perspectives","","0","units","0","","172.4.3.2.25","0.0","","","","1"
"2021","Northwest Territories","2021A000261","25 to 64 years","Total - Gender","2021 Counts","Total - Religion","","0","units","0","","172.7.1.1.1","23075","","","","0"
"2021","Northwest Territories","2021A000261","25 to 64 years","Total - Gender","2021 Counts","Buddhist","","0","units","0","","172.7.1.1.2","165","","","","0"
"2021","Northwest Territories","2021A000261","25 to 64 years","Total - Gender","2021 Counts","Christian","","0","units","0","","172.7.1.1.3","12590","","","","0"
"2021","Northwest Territories","2021A000261","25 to 64 years","Total - Gender","2021 Counts","Hindu","","0","units","0","","172.7.1.1.19","135","","","","0"
"2021","Northwest Territories","2021A000261","25 to 64 years","Total - Gender","2021 Counts","Jewish","","0","units","0","","172.7.1.1.20","35","","","","0"
"2021","Northwest Territories","2021A000261","25 to 64 years","Total - Gender","2021 Counts","Muslim","","0","units","0","","172.7.1.1.21","435","","","","0"
"2021","Northwest Territories","2021A000261","25 to 64 years","Total - Gender","2021 Counts","Sikh","","0","units","0","","172.7.1.1.22","40","","","","0"
"2021","Northwest Territories","2021A000261","25 to 64 years","Total - Gender","2021 Counts","Traditional (North American Indigenous) spirituality","","0","units","0","","172.7.1.1.23","180","","","","0"
"2021","Northwest Territories","2021A000261","25 to 64 years","Total - Gender","2021 Counts","Other religions and spiritual traditions","","0","units","0","","172.7.1.1.24","240","","","","0"
"2021","Northwest Territories","2021A000261","25 to 64 years","Total - Gender","2021 Counts","No religion and secular perspectives","","0","units","0","","172.7.1.1.25","9260","","","","0"
"2021","Northwest Territories","2021A000261","25 to 64 years","Total - Gender","% distribution (2021)","Total - Religion","","0","units","0","","172.7.1.2.1","0.1","","","","1"
"2021","Northwest Territories","2021A000261","25 to 64 years","Total - Gender","% distribution (2021)","Buddhist","","0","units","0","","172.7.1.2.2","0.0","","","","1"
"2021","Northwest Territories","2021A000261","25 to 64 years","Total - Gender","% distribution (2021)","Christian","","0","units","0","","172.7.1.2.3","0.0","","","","1"
"2021","Northwest Territories","2021A000261","25 to 64 years","Total - Gender","% distribution (2021)","Hindu","","0","units","0","","172.7.1.2.19","0.0","","","","1"
"2021","Northwest Territories","2021A000261","25 to 64 years","Total - Gender","% distribution (2021)","Jewish","","0","units","0","","172.7.1.2.20","0.0","","","","1"
"2021","Northwest Territories","2021A000261","25 to 64 years","Total - Gender","% distribution (2021)","Muslim","","0","units","0","","172.7.1.2.21","0.0","","","","1"
"2021","Northwest Territories","2021A000261","25 to 64 years","Total - Gender","% distribution (2021)","Sikh","","0","units","0","","172.7.1.2.22","0.0","","","","1"
"2021","Northwest Territories","2021A000261","25 to 64 years","Total - Gender","% distribution (2021)","Traditional (North American Indigenous) spirituality","","0","units","0","","172.7.1.2.23","0.0","","","","1"
"2021","Northwest Territories","2021A000261","25 to 64 years","Total - Gender","% distribution (2021)","Other religions and spiritual traditions","","0","units","0","","172.7.1.2.24","0.0","","","","1"
"2021","Northwest Territories","2021A000261","25 to 64 years","Total - Gender","% distribution (2021)","No religion and secular perspectives","","0","units","0","","172.7.1.2.25","0.0","","","","1"
"2021","Northwest Territories","2021A000261","25 to 64 years","Men+","2021 Counts","Total - Religion","","0","units","0","","172.7.2.1.1","11575","","","","0"
"2021","Northwest Territories","2021A000261","25 to 64 years","Men+","2021 Counts","Buddhist","","0","units","0","","172.7.2.1.2","70","","","","0"
"2021","Northwest Territories","2021A000261","25 to 64 years","Men+","2021 Counts","Christian","","0","units","0","","172.7.2.1.3","5975","","","","0"
"2021","Northwest Territories","2021A000261","25 to 64 years","Men+","2021 Counts","Hindu","","0","units","0","","172.7.2.1.19","80","","","","0"
"2021","Northwest Territories","2021A000261","25 to 64 years","Men+","2021 Counts","Jewish","","0","units","0","","172.7.2.1.20","15","","","","0"
"2021","Northwest Territories","2021A000261","25 to 64 years","Men+","2021 Counts","Muslim","","0","units","0","","172.7.2.1.21","255","","","","0"
"2021","Northwest Territories","2021A000261","25 to 64 years","Men+","2021 Counts","Sikh","","0","units","0","","172.7.2.1.22","30","","","","0"
"2021","Northwest Territories","2021A000261","25 to 64 years","Men+","2021 Counts","Traditional (North American Indigenous) spirituality","","0","units","0","","172.7.2.1.23","80","","","","0"
"2021","Northwest Territories","2021A000261","25 to 64 years","Men+","2021 Counts","Other religions and spiritual traditions","","0","units","0","","172.7.2.1.24","120","","","","0"
"2021","Northwest Territories","2021A000261","25 to 64 years","Men+","2021 Counts","No religion and secular perspectives","","0","units","0","","172.7.2.1.25","4945","","","","0"
"2021","Northwest Territories","2021A000261","25 to 64 years","Men+","% distribution (2021)","Total - Religion","","0","units","0","","172.7.2.2.1","0.0","","","","1"
"2021","Northwest Territories","2021A000261","25 to 64 years","Men+","% distribution (2021)","Buddhist","","0","units","0","","172.7.2.2.2","0.0","","","","1"
"2021","Northwest Territories","2021A000261","25 to 64 years","Men+","% distribution (2021)","Christian","","0","units","0","","172.7.2.2.3","0.0","","","","1"
"2021","Northwest Territories","2021A000261","25 to 64 years","Men+","% distribution (2021)","Hindu","","0","units","0","","172.7.2.2.19","0.0","","","","1"
"2021","Northwest Territories","2021A000261","25 to 64 years","Men+","% distribution (2021)","Jewish","","0","units","0","","172.7.2.2.20","0.0","","","","1"
"2021","Northwest Territories","2021A000261","25 to 64 years","Men+","% distribution (2021)","Muslim","","0","units","0","","172.7.2.2.21","0.0","","","","1"
"2021","Northwest Territories","2021A000261","25 to 64 years","Men+","% distribution (2021)","Sikh","","0","units","0","","172.7.2.2.22","0.0","","","","1"
"2021","Northwest Territories","2021A000261","25 to 64 years","Men+","% distribution (2021)","Traditional (North American Indigenous) spirituality","","0","units","0","","172.7.2.2.23","0.0","","","","1"
"2021","Northwest Territories","2021A000261","25 to 64 years","Men+","% distribution (2021)","Other religions and spiritual traditions","","0","units","0","","172.7.2.2.24","0.0","","","","1"
"2021","Northwest Territories","2021A000261","25 to 64 years","Men+","% distribution (2021)","No religion and secular perspectives","","0","units","0","","172.7.2.2.25","0.0","","","","1"
"2021","Northwest Territories","2021A000261","25 to 64 years","Women+","2021 Counts","Total - Religion","","0","units","0","","172.7.3.1.1","11505","","","","0"
"2021","Northwest Territories","2021A000261","25 to 64 years","Women+","2021 Counts","Buddhist","","0","units","0","","172.7.3.1.2","95","","","","0"
"2021","Northwest Territories","2021A000261","25 to 64 years","Women+","2021 Counts","Christian","","0","units","0","","172.7.3.1.3","6610","","","","0"
"2021","Northwest Territories","2021A000261","25 to 64 years","Women+","2021 Counts","Hindu","","0","units","0","","172.7.3.1.19","55","","","","0"
"2021","Northwest Territories","2021A000261","25 to 64 years","Women+","2021 Counts","Jewish","","0","units","0","","172.7.3.1.20","10","","","","0"
"2021","Northwest Territories","2021A000261","25 to 64 years","Women+","2021 Counts","Muslim","","0","units","0","","172.7.3.1.21","185","","","","0"
"2021","Northwest Territories","2021A000261","25 to 64 years","Women+","2021 Counts","Sikh","","0","units","0","","172.7.3.1.22","10","","","","0"
"2021","Northwest Territories","2021A000261","25 to 64 years","Women+","2021 Counts","Traditional (North American Indigenous) spirituality","","0","units","0","","172.7.3.1.23","95","","","","0"
"2021","Northwest Territories","2021A000261","25 to 64 years","Women+","2021 Counts","Other religions and spiritual traditions","","0","units","0","","172.7.3.1.24","120","","","","0"
"2021","Northwest Territories","2021A000261","25 to 64 years","Women+","2021 Counts","No religion and secular perspectives","","0","units","0","","172.7.3.1.25","4315","","","","0"
"2021","Northwest Territories","2021A000261","25 to 64 years","Women+","% distribution (2021)","Total - Religion","","0","units","0","","172.7.3.2.1","0.0","","","","1"
"2021","Northwest Territories","2021A000261","25 to 64 years","Women+","% distribution (2021)","Buddhist","","0","units","0","","172.7.3.2.2","0.0","","","","1"
"2021","Northwest Territories","2021A000261","25 to 64 years","Women+","% distribution (2021)","Christian","","0","units","0","","172.7.3.2.3","0.0","","","","1"
"2021","Northwest Territories","2021A000261","25 to 64 years","Women+","% distribution (2021)","Hindu","","0","units","0","","172.7.3.2.19","0.0","","","","1"
"2021","Northwest Territories","2021A000261","25 to 64 years","Women+","% distribution (2021)","Jewish","","0","units","0","","172.7.3.2.20","0.0","","","","1"
"2021","Northwest Territories","2021A000261","25 to 64 years","Women+","% distribution (2021)","Muslim","","0","units","0","","172.7.3.2.21","0.0","","","","1"
"2021","Northwest Territories","2021A000261","25 to 64 years","Women+","% distribution (2021)","Sikh","","0","units","0","","172.7.3.2.22","0.0","","","","1"
"2021","Northwest Territories","2021A000261","25 to 64 years","Women+","% distribution (2021)","Traditional (North American Indigenous) spirituality","","0","units","0","","172.7.3.2.23","0.0","","","","1"
"2021","Northwest Territories","2021A000261","25 to 64 years","Women+","% distribution (2021)","Other religions and spiritual traditions","","0","units","0","","172.7.3.2.24","0.0","","","","1"
"2021","Northwest Territories","2021A000261","25 to 64 years","Women+","% distribution (2021)","No religion and secular perspectives","","0","units","0","","172.7.3.2.25","0.0","","","","1"
"2021","Northwest Territories","2021A000261","65 years and over","Total - Gender","2021 Counts","Total - Religion","","0","units","0","","172.13.1.1.1","3855","","","","0"
"2021","Northwest Territories","2021A000261","65 years and over","Total - Gender","2021 Counts","Buddhist","","0","units","0","","172.13.1.1.2","40","","","","0"
"2021","Northwest Territories","2021A000261","65 years and over","Total - Gender","2021 Counts","Christian","","0","units","0","","172.13.1.1.3","2910","","","","0"
"2021","Northwest Territories","2021A000261","65 years and over","Total - Gender","2021 Counts","Hindu","","0","units","0","","172.13.1.1.19","10","","","","0"
"2021","Northwest Territories","2021A000261","65 years and over","Total - Gender","2021 Counts","Jewish","","0","units","0","","172.13.1.1.20","10","","","","0"
"2021","Northwest Territories","2021A000261","65 years and over","Total - Gender","2021 Counts","Muslim","","0","units","0","","172.13.1.1.21","20","","","","0"
"2021","Northwest Territories","2021A000261","65 years and over","Total - Gender","2021 Counts","Traditional (North American Indigenous) spirituality","","0","units","0","","172.13.1.1.23","25","","","","0"
"2021","Northwest Territories","2021A000261","65 years and over","Total - Gender","2021 Counts","Other religions and spiritual traditions","","0","units","0","","172.13.1.1.24","55","","","","0"
"2021","Northwest Territories","2021A000261","65 years and over","Total - Gender","2021 Counts","No religion and secular perspectives","","0","units","0","","172.13.1.1.25","780","","","","0"
"2021","Northwest Territories","2021A000261","65 years and over","Total - Gender","% distribution (2021)","Total - Religion","","0","units","0","","172.13.1.2.1","0.0","","","","1"
"2021","Northwest Territories","2021A000261","65 years and over","Total - Gender","% distribution (2021)","Buddhist","","0","units","0","","172.13.1.2.2","0.0","","","","1"
"2021","Northwest Territories","2021A000261","65 years and over","Total - Gender","% distribution (2021)","Christian","","0","units","0","","172.13.1.2.3","0.0","","","","1"
"2021","Northwest Territories","2021A000261","65 years and over","Total - Gender","% distribution (2021)","Hindu","","0","units","0","","172.13.1.2.19","0.0","","","","1"
"2021","Northwest Territories","2021A000261","65 years and over","Total - Gender","% distribution (2021)","Jewish","","0","units","0","","172.13.1.2.20","0.0","","","","1"
"2021","Northwest Territories","2021A000261","65 years and over","Total - Gender","% distribution (2021)","Muslim","","0","units","0","","172.13.1.2.21","0.0","","","","1"
"2021","Northwest Territories","2021A000261","65 years and over","Total - Gender","% distribution (2021)","Sikh","","0","units","0","","172.13.1.2.22","0.0","","","","1"
"2021","Northwest Territories","2021A000261","65 years and over","Total - Gender","% distribution (2021)","Traditional (North American Indigenous) spirituality","","0","units","0","","172.13.1.2.23","0.0","","","","1"
"2021","Northwest Territories","2021A000261","65 years and over","Total - Gender","% distribution (2021)","Other religions and spiritual traditions","","0","units","0","","172.13.1.2.24","0.0","","","","1"
"2021","Northwest Territories","2021A000261","65 years and over","Total - Gender","% distribution (2021)","No religion and secular perspectives","","0","units","0","","172.13.1.2.25","0.0","","","","1"
"2021","Northwest Territories","2021A000261","65 years and over","Men+","2021 Counts","Total - Religion","","0","units","0","","172.13.2.1.1","1990","","","","0"
"2021","Northwest Territories","2021A000261","65 years and over","Men+","2021 Counts","Buddhist","","0","units","0","","172.13.2.1.2","20","","","","0"
"2021","Northwest Territories","2021A000261","65 years and over","Men+","2021 Counts","Christian","","0","units","0","","172.13.2.1.3","1420","","","","0"
"2021","Northwest Territories","2021A000261","65 years and over","Men+","2021 Counts","Hindu","","0","units","0","","172.13.2.1.19","10","","","","0"
"2021","Northwest Territories","2021A000261","65 years and over","Men+","2021 Counts","Muslim","","0","units","0","","172.13.2.1.21","10","","","","0"
"2021","Northwest Territories","2021A000261","65 years and over","Men+","2021 Counts","Traditional (North American Indigenous) spirituality","","0","units","0","","172.13.2.1.23","10","","","","0"
"2021","Northwest Territories","2021A000261","65 years and over","Men+","2021 Counts","Other religions and spiritual traditions","","0","units","0","","172.13.2.1.24","30","","","","0"
"2021","Northwest Territories","2021A000261","65 years and over","Men+","2021 Counts","No religion and secular perspectives","","0","units","0","","172.13.2.1.25","495","","","","0"
"2021","Northwest Territories","2021A000261","65 years and over","Men+","% distribution (2021)","Total - Religion","","0","units","0","","172.13.2.2.1","0.0","","","","1"
"2021","Northwest Territories","2021A000261","65 years and over","Men+","% distribution (2021)","Buddhist","","0","units","0","","172.13.2.2.2","0.0","","","","1"
"2021","Northwest Territories","2021A000261","65 years and over","Men+","% distribution (2021)","Christian","","0","units","0","","172.13.2.2.3","0.0","","","","1"
"2021","Northwest Territories","2021A000261","65 years and over","Men+","% distribution (2021)","Hindu","","0","units","0","","172.13.2.2.19","0.0","","","","1"
"2021","Northwest Territories","2021A000261","65 years and over","Men+","% distribution (2021)","Jewish","","0","units","0","","172.13.2.2.20","0.0","","","","1"
"2021","Northwest Territories","2021A000261","65 years and over","Men+","% distribution (2021)","Muslim","","0","units","0","","172.13.2.2.21","0.0","","","","1"
"2021","Northwest Territories","2021A000261","65 years and over","Men+","% distribution (2021)","Sikh","","0","units","0","","172.13.2.2.22","0.0","","","","1"
"2021","Northwest Territories","2021A000261","65 years and over","Men+","% distribution (2021)","Traditional (North American Indigenous) spirituality","","0","units","0","","172.13.2.2.23","0.0","","","","1"
"2021","Northwest Territories","2021A000261","65 years and over","Men+","% distribution (2021)","Other religions and spiritual traditions","","0","units","0","","172.13.2.2.24","0.0","","","","1"
"2021","Northwest Territories","2021A000261","65 years and over","Men+","% distribution (2021)","No religion and secular perspectives","","0","units","0","","172.13.2.2.25","0.0","","","","1"
"2021","Northwest Territories","2021A000261","65 years and over","Women+","2021 Counts","Total - Religion","","0","units","0","","172.13.3.1.1","1865","","","","0"
"2021","Northwest Territories","2021A000261","65 years and over","Women+","2021 Counts","Buddhist","","0","units","0","","172.13.3.1.2","20","","","","0"
"2021","Northwest Territories","2021A000261","65 years and over","Women+","2021 Counts","Christian","","0","units","0","","172.13.3.1.3","1495","","","","0"
"2021","Northwest Territories","2021A000261","65 years and over","Women+","2021 Counts","Hindu","","0","units","0","","172.13.3.1.19","10","","","","0"
"2021","Northwest Territories","2021A000261","65 years and over","Women+","2021 Counts","Muslim","","0","units","0","","172.13.3.1.21","10","","","","0"
"2021","Northwest Territories","2021A000261","65 years and over","Women+","2021 Counts","Traditional (North American Indigenous) spirituality","","0","units","0","","172.13.3.1.23","15","","","","0"
"2021","Northwest Territories","2021A000261","65 years and over","Women+","2021 Counts","Other religions and spiritual traditions","","0","units","0","","172.13.3.1.24","30","","","","0"
"2021","Northwest Territories","2021A000261","65 years and over","Women+","2021 Counts","No religion and secular perspectives","","0","units","0","","172.13.3.1.25","290","","","","0"
"2021","Northwest Territories","2021A000261","65 years and over","Women+","% distribution (2021)","Total - Religion","","0","units","0","","172.13.3.2.1","0.0","","","","1"
"2021","Northwest Territories","2021A000261","65 years and over","Women+","% distribution (2021)","Buddhist","","0","units","0","","172.13.3.2.2","0.0","","","","1"
"2021","Northwest Territories","2021A000261","65 years and over","Women+","% distribution (2021)","Christian","","0","units","0","","172.13.3.2.3","0.0","","","","1"
"2021","Northwest Territories","2021A000261","65 years and over","Women+","% distribution (2021)","Hindu","","0","units","0","","172.13.3.2.19","0.0","","","","1"
"2021","Northwest Territories","2021A000261","65 years and over","Women+","% distribution (2021)","Jewish","","0","units","0","","172.13.3.2.20","0.0","","","","1"
"2021","Northwest Territories","2021A000261","65 years and over","Women+","% distribution (2021)","Muslim","","0","units","0","","172.13.3.2.21","0.0","","","","1"
"2021","Northwest Territories","2021A000261","65 years and over","Women+","% distribution (2021)","Sikh","","0","units","0","","172.13.3.2.22","0.0","","","","1"
"2021","Northwest Territories","2021A000261","65 years and over","Women+","% distribution (2021)","Traditional (North American Indigenous) spirituality","","0","units","0","","172.13.3.2.23","0.0","","","","1"
"2021","Northwest Territories","2021A000261","65 years and over","Women+","% distribution (2021)","Other religions and spiritual traditions","","0","units","0","","172.13.3.2.24","0.0","","","","1"
"2021","Northwest Territories","2021A000261","65 years and over","Women+","% distribution (2021)","No religion and secular perspectives","","0","units","0","","172.13.3.2.25","0.0","","","","1"
"2021","Nunavut","2021A000262","Total - Age","Total - Gender","2021 Counts","Total - Religion","","0","units","0","","174.1.1.1.1","36600","","","","0"
"2021","Nunavut","2021A000262","Total - Age","Total - Gender","2021 Counts","Buddhist","","0","units","0","","174.1.1.1.2","20","","","","0"
"2021","Nunavut","2021A000262","Total - Age","Total - Gender","2021 Counts","Christian","","0","units","0","","174.1.1.1.3","26915","","","","0"
"2021","Nunavut","2021A000262","Total - Age","Total - Gender","2021 Counts","Hindu","","0","units","0","","174.1.1.1.19","55","","","","0"
"2021","Nunavut","2021A000262","Total - Age","Total - Gender","2021 Counts","Jewish","","0","units","0","","174.1.1.1.20","35","","","","0"
"2021","Nunavut","2021A000262","Total - Age","Total - Gender","2021 Counts","Muslim","","0","units","0","","174.1.1.1.21","140","","","","0"
"2021","Nunavut","2021A000262","Total - Age","Total - Gender","2021 Counts","Sikh","","0","units","0","","174.1.1.1.22","10","","","","0"
"2021","Nunavut","2021A000262","Total - Age","Total - Gender","2021 Counts","Traditional (North American Indigenous) spirituality","","0","units","0","","174.1.1.1.23","180","","","","0"
"2021","Nunavut","2021A000262","Total - Age","Total - Gender","2021 Counts","Other religions and spiritual traditions","","0","units","0","","174.1.1.1.24","135","","","","0"
"2021","Nunavut","2021A000262","Total - Age","Total - Gender","2021 Counts","No religion and secular perspectives","","0","units","0","","174.1.1.1.25","9115","","","","0"
"2021","Nunavut","2021A000262","Total - Age","Total - Gender","% distribution (2021)","Total - Religion","","0","units","0","","174.1.1.2.1","0.1","","","","1"
"2021","Nunavut","2021A000262","Total - Age","Total - Gender","% distribution (2021)","Buddhist","","0","units","0","","174.1.1.2.2","0.0","","","","1"
"2021","Nunavut","2021A000262","Total - Age","Total - Gender","% distribution (2021)","Christian","","0","units","0","","174.1.1.2.3","0.1","","","","1"
"2021","Nunavut","2021A000262","Total - Age","Total - Gender","% distribution (2021)","Hindu","","0","units","0","","174.1.1.2.19","0.0","","","","1"
"2021","Nunavut","2021A000262","Total - Age","Total - Gender","% distribution (2021)","Jewish","","0","units","0","","174.1.1.2.20","0.0","","","","1"
"2021","Nunavut","2021A000262","Total - Age","Total - Gender","% distribution (2021)","Muslim","","0","units","0","","174.1.1.2.21","0.0","","","","1"
"2021","Nunavut","2021A000262","Total - Age","Total - Gender","% distribution (2021)","Sikh","","0","units","0","","174.1.1.2.22","0.0","","","","1"
"2021","Nunavut","2021A000262","Total - Age","Total - Gender","% distribution (2021)","Traditional (North American Indigenous) spirituality","","0","units","0","","174.1.1.2.23","0.0","","","","1"
"2021","Nunavut","2021A000262","Total - Age","Total - Gender","% distribution (2021)","Other religions and spiritual traditions","","0","units","0","","174.1.1.2.24","0.0","","","","1"
"2021","Nunavut","2021A000262","Total - Age","Total - Gender","% distribution (2021)","No religion and secular perspectives","","0","units","0","","174.1.1.2.25","0.0","","","","1"
"2021","Nunavut","2021A000262","Total - Age","Men+","2021 Counts","Total - Religion","","0","units","0","","174.1.2.1.1","18580","","","","0"
"2021","Nunavut","2021A000262","Total - Age","Men+","2021 Counts","Buddhist","","0","units","0","","174.1.2.1.2","10","","","","0"
"2021","Nunavut","2021A000262","Total - Age","Men+","2021 Counts","Christian","","0","units","0","","174.1.2.1.3","13510","","","","0"
"2021","Nunavut","2021A000262","Total - Age","Men+","2021 Counts","Hindu","","0","units","0","","174.1.2.1.19","30","","","","0"
"2021","Nunavut","2021A000262","Total - Age","Men+","2021 Counts","Jewish","","0","units","0","","174.1.2.1.20","20","","","","0"
"2021","Nunavut","2021A000262","Total - Age","Men+","2021 Counts","Muslim","","0","units","0","","174.1.2.1.21","80","","","","0"
"2021","Nunavut","2021A000262","Total - Age","Men+","2021 Counts","Sikh","","0","units","0","","174.1.2.1.22","10","","","","0"
"2021","Nunavut","2021A000262","Total - Age","Men+","2021 Counts","Traditional (North American Indigenous) spirituality","","0","units","0","","174.1.2.1.23","80","","","","0"
"2021","Nunavut","2021A000262","Total - Age","Men+","2021 Counts","Other religions and spiritual traditions","","0","units","0","","174.1.2.1.24","60","","","","0"
"2021","Nunavut","2021A000262","Total - Age","Men+","2021 Counts","No religion and secular perspectives","","0","units","0","","174.1.2.1.25","4785","","","","0"
"2021","Nunavut","2021A000262","Total - Age","Men+","% distribution (2021)","Total - Religion","","0","units","0","","174.1.2.2.1","0.1","","","","1"
"2021","Nunavut","2021A000262","Total - Age","Men+","% distribution (2021)","Buddhist","","0","units","0","","174.1.2.2.2","0.0","","","","1"
"2021","Nunavut","2021A000262","Total - Age","Men+","% distribution (2021)","Christian","","0","units","0","","174.1.2.2.3","0.0","","","","1"
"2021","Nunavut","2021A000262","Total - Age","Men+","% distribution (2021)","Hindu","","0","units","0","","174.1.2.2.19","0.0","","","","1"
"2021","Nunavut","2021A000262","Total - Age","Men+","% distribution (2021)","Jewish","","0","units","0","","174.1.2.2.20","0.0","","","","1"
"2021","Nunavut","2021A000262","Total - Age","Men+","% distribution (2021)","Muslim","","0","units","0","","174.1.2.2.21","0.0","","","","1"
"2021","Nunavut","2021A000262","Total - Age","Men+","% distribution (2021)","Sikh","","0","units","0","","174.1.2.2.22","0.0","","","","1"
"2021","Nunavut","2021A000262","Total - Age","Men+","% distribution (2021)","Traditional (North American Indigenous) spirituality","","0","units","0","","174.1.2.2.23","0.0","","","","1"
"2021","Nunavut","2021A000262","Total - Age","Men+","% distribution (2021)","Other religions and spiritual traditions","","0","units","0","","174.1.2.2.24","0.0","","","","1"
"2021","Nunavut","2021A000262","Total - Age","Men+","% distribution (2021)","No religion and secular perspectives","","0","units","0","","174.1.2.2.25","0.0","","","","1"
"2021","Nunavut","2021A000262","Total - Age","Women+","2021 Counts","Total - Religion","","0","units","0","","174.1.3.1.1","18020","","","","0"
"2021","Nunavut","2021A000262","Total - Age","Women+","2021 Counts","Buddhist","","0","units","0","","174.1.3.1.2","10","","","","0"
"2021","Nunavut","2021A000262","Total - Age","Women+","2021 Counts","Christian","","0","units","0","","174.1.3.1.3","13410","","","","0"
"2021","Nunavut","2021A000262","Total - Age","Women+","2021 Counts","Hindu","","0","units","0","","174.1.3.1.19","25","","","","0"
"2021","Nunavut","2021A000262","Total - Age","Women+","2021 Counts","Jewish","","0","units","0","","174.1.3.1.20","15","","","","0"
"2021","Nunavut","2021A000262","Total - Age","Women+","2021 Counts","Muslim","","0","units","0","","174.1.3.1.21","60","","","","0"
"2021","Nunavut","2021A000262","Total - Age","Women+","2021 Counts","Traditional (North American Indigenous) spirituality","","0","units","0","","174.1.3.1.23","100","","","","0"
"2021","Nunavut","2021A000262","Total - Age","Women+","2021 Counts","Other religions and spiritual traditions","","0","units","0","","174.1.3.1.24","75","","","","0"
"2021","Nunavut","2021A000262","Total - Age","Women+","2021 Counts","No religion and secular perspectives","","0","units","0","","174.1.3.1.25","4330","","","","0"
"2021","Nunavut","2021A000262","Total - Age","Women+","% distribution (2021)","Total - Religion","","0","units","0","","174.1.3.2.1","0.0","","","","1"
"2021","Nunavut","2021A000262","Total - Age","Women+","% distribution (2021)","Buddhist","","0","units","0","","174.1.3.2.2","0.0","","","","1"
"2021","Nunavut","2021A000262","Total - Age","Women+","% distribution (2021)","Christian","","0","units","0","","174.1.3.2.3","0.0","","","","1"
"2021","Nunavut","2021A000262","Total - Age","Women+","% distribution (2021)","Hindu","","0","units","0","","174.1.3.2.19","0.0","","","","1"
"2021","Nunavut","2021A000262","Total - Age","Women+","% distribution (2021)","Jewish","","0","units","0","","174.1.3.2.20","0.0","","","","1"
"2021","Nunavut","2021A000262","Total - Age","Women+","% distribution (2021)","Muslim","","0","units","0","","174.1.3.2.21","0.0","","","","1"
"2021","Nunavut","2021A000262","Total - Age","Women+","% distribution (2021)","Sikh","","0","units","0","","174.1.3.2.22","0.0","","","","1"
"2021","Nunavut","2021A000262","Total - Age","Women+","% distribution (2021)","Traditional (North American Indigenous) spirituality","","0","units","0","","174.1.3.2.23","0.0","","","","1"
"2021","Nunavut","2021A000262","Total - Age","Women+","% distribution (2021)","Other religions and spiritual traditions","","0","units","0","","174.1.3.2.24","0.0","","","","1"
"2021","Nunavut","2021A000262","Total - Age","Women+","% distribution (2021)","No religion and secular perspectives","","0","units","0","","174.1.3.2.25","0.0","","","","1"
"2021","Nunavut","2021A000262","0 to 14 years","Total - Gender","2021 Counts","Total - Religion","","0","units","0","","174.2.1.1.1","12065","","","","0"
"2021","Nunavut","2021A000262","0 to 14 years","Total - Gender","2021 Counts","Christian","","0","units","0","","174.2.1.1.3","8810","","","","0"
"2021","Nunavut","2021A000262","0 to 14 years","Total - Gender","2021 Counts","Hindu","","0","units","0","","174.2.1.1.19","10","","","","0"
"2021","Nunavut","2021A000262","0 to 14 years","Total - Gender","2021 Counts","Muslim","","0","units","0","","174.2.1.1.21","25","","","","0"
"2021","Nunavut","2021A000262","0 to 14 years","Total - Gender","2021 Counts","Traditional (North American Indigenous) spirituality","","0","units","0","","174.2.1.1.23","55","","","","0"
"2021","Nunavut","2021A000262","0 to 14 years","Total - Gender","2021 Counts","Other religions and spiritual traditions","","0","units","0","","174.2.1.1.24","30","","","","0"
"2021","Nunavut","2021A000262","0 to 14 years","Total - Gender","2021 Counts","No religion and secular perspectives","","0","units","0","","174.2.1.1.25","3125","","","","0"
"2021","Nunavut","2021A000262","0 to 14 years","Total - Gender","% distribution (2021)","Total - Religion","","0","units","0","","174.2.1.2.1","0.0","","","","1"
"2021","Nunavut","2021A000262","0 to 14 years","Total - Gender","% distribution (2021)","Buddhist","","0","units","0","","174.2.1.2.2","0.0","","","","1"
"2021","Nunavut","2021A000262","0 to 14 years","Total - Gender","% distribution (2021)","Christian","","0","units","0","","174.2.1.2.3","0.0","","","","1"
"2021","Nunavut","2021A000262","0 to 14 years","Total - Gender","% distribution (2021)","Hindu","","0","units","0","","174.2.1.2.19","0.0","","","","1"
"2021","Nunavut","2021A000262","0 to 14 years","Total - Gender","% distribution (2021)","Jewish","","0","units","0","","174.2.1.2.20","0.0","","","","1"
"2021","Nunavut","2021A000262","0 to 14 years","Total - Gender","% distribution (2021)","Muslim","","0","units","0","","174.2.1.2.21","0.0","","","","1"
"2021","Nunavut","2021A000262","0 to 14 years","Total - Gender","% distribution (2021)","Sikh","","0","units","0","","174.2.1.2.22","0.0","","","","1"
"2021","Nunavut","2021A000262","0 to 14 years","Total - Gender","% distribution (2021)","Traditional (North American Indigenous) spirituality","","0","units","0","","174.2.1.2.23","0.0","","","","1"
"2021","Nunavut","2021A000262","0 to 14 years","Total - Gender","% distribution (2021)","Other religions and spiritual traditions","","0","units","0","","174.2.1.2.24","0.0","","","","1"
"2021","Nunavut","2021A000262","0 to 14 years","Total - Gender","% distribution (2021)","No religion and secular perspectives","","0","units","0","","174.2.1.2.25","0.0","","","","1"
"2021","Nunavut","2021A000262","0 to 14 years","Men+","2021 Counts","Total - Religion","","0","units","0","","174.2.2.1.1","6170","","","","0"
"2021","Nunavut","2021A000262","0 to 14 years","Men+","2021 Counts","Christian","","0","units","0","","174.2.2.1.3","4475","","","","0"
"2021","Nunavut","2021A000262","0 to 14 years","Men+","2021 Counts","Hindu","","0","units","0","","174.2.2.1.19","10","","","","0"
"2021","Nunavut","2021A000262","0 to 14 years","Men+","2021 Counts","Muslim","","0","units","0","","174.2.2.1.21","10","","","","0"
"2021","Nunavut","2021A000262","0 to 14 years","Men+","2021 Counts","Traditional (North American Indigenous) spirituality","","0","units","0","","174.2.2.1.23","30","","","","0"
"2021","Nunavut","2021A000262","0 to 14 years","Men+","2021 Counts","Other religions and spiritual traditions","","0","units","0","","174.2.2.1.24","15","","","","0"
"2021","Nunavut","2021A000262","0 to 14 years","Men+","2021 Counts","No religion and secular perspectives","","0","units","0","","174.2.2.1.25","1620","","","","0"
"2021","Nunavut","2021A000262","0 to 14 years","Men+","% distribution (2021)","Total - Religion","","0","units","0","","174.2.2.2.1","0.0","","","","1"
"2021","Nunavut","2021A000262","0 to 14 years","Men+","% distribution (2021)","Buddhist","","0","units","0","","174.2.2.2.2","0.0","","","","1"
"2021","Nunavut","2021A000262","0 to 14 years","Men+","% distribution (2021)","Christian","","0","units","0","","174.2.2.2.3","0.0","","","","1"
"2021","Nunavut","2021A000262","0 to 14 years","Men+","% distribution (2021)","Hindu","","0","units","0","","174.2.2.2.19","0.0","","","","1"
"2021","Nunavut","2021A000262","0 to 14 years","Men+","% distribution (2021)","Jewish","","0","units","0","","174.2.2.2.20","0.0","","","","1"
"2021","Nunavut","2021A000262","0 to 14 years","Men+","% distribution (2021)","Muslim","","0","units","0","","174.2.2.2.21","0.0","","","","1"
"2021","Nunavut","2021A000262","0 to 14 years","Men+","% distribution (2021)","Sikh","","0","units","0","","174.2.2.2.22","0.0","","","","1"
"2021","Nunavut","2021A000262","0 to 14 years","Men+","% distribution (2021)","Traditional (North American Indigenous) spirituality","","0","units","0","","174.2.2.2.23","0.0","","","","1"
"2021","Nunavut","2021A000262","0 to 14 years","Men+","% distribution (2021)","Other religions and spiritual traditions","","0","units","0","","174.2.2.2.24","0.0","","","","1"
"2021","Nunavut","2021A000262","0 to 14 years","Men+","% distribution (2021)","No religion and secular perspectives","","0","units","0","","174.2.2.2.25","0.0","","","","1"
"2021","Nunavut","2021A000262","0 to 14 years","Women+","2021 Counts","Total - Religion","","0","units","0","","174.2.3.1.1","5890","","","","0"
"2021","Nunavut","2021A000262","0 to 14 years","Women+","2021 Counts","Christian","","0","units","0","","174.2.3.1.3","4330","","","","0"
"2021","Nunavut","2021A000262","0 to 14 years","Women+","2021 Counts","Muslim","","0","units","0","","174.2.3.1.21","15","","","","0"
"2021","Nunavut","2021A000262","0 to 14 years","Women+","2021 Counts","Traditional (North American Indigenous) spirituality","","0","units","0","","174.2.3.1.23","30","","","","0"
"2021","Nunavut","2021A000262","0 to 14 years","Women+","2021 Counts","Other religions and spiritual traditions","","0","units","0","","174.2.3.1.24","10","","","","0"
"2021","Nunavut","2021A000262","0 to 14 years","Women+","2021 Counts","No religion and secular perspectives","","0","units","0","","174.2.3.1.25","1505","","","","0"
"2021","Nunavut","2021A000262","0 to 14 years","Women+","% distribution (2021)","Total - Religion","","0","units","0","","174.2.3.2.1","0.0","","","","1"
"2021","Nunavut","2021A000262","0 to 14 years","Women+","% distribution (2021)","Buddhist","","0","units","0","","174.2.3.2.2","0.0","","","","1"
"2021","Nunavut","2021A000262","0 to 14 years","Women+","% distribution (2021)","Christian","","0","units","0","","174.2.3.2.3","0.0","","","","1"
"2021","Nunavut","2021A000262","0 to 14 years","Women+","% distribution (2021)","Hindu","","0","units","0","","174.2.3.2.19","0.0","","","","1"
"2021","Nunavut","2021A000262","0 to 14 years","Women+","% distribution (2021)","Jewish","","0","units","0","","174.2.3.2.20","0.0","","","","1"
"2021","Nunavut","2021A000262","0 to 14 years","Women+","% distribution (2021)","Muslim","","0","units","0","","174.2.3.2.21","0.0","","","","1"
"2021","Nunavut","2021A000262","0 to 14 years","Women+","% distribution (2021)","Sikh","","0","units","0","","174.2.3.2.22","0.0","","","","1"
"2021","Nunavut","2021A000262","0 to 14 years","Women+","% distribution (2021)","Traditional (North American Indigenous) spirituality","","0","units","0","","174.2.3.2.23","0.0","","","","1"
"2021","Nunavut","2021A000262","0 to 14 years","Women+","% distribution (2021)","Other religions and spiritual traditions","","0","units","0","","174.2.3.2.24","0.0","","","","1"
"2021","Nunavut","2021A000262","0 to 14 years","Women+","% distribution (2021)","No religion and secular perspectives","","0","units","0","","174.2.3.2.25","0.0","","","","1"
"2021","Nunavut","2021A000262","15 years and over","Total - Gender","2021 Counts","Total - Religion","","0","units","0","","174.3.1.1.1","24535","","","","0"
"2021","Nunavut","2021A000262","15 years and over","Total - Gender","2021 Counts","Buddhist","","0","units","0","","174.3.1.1.2","20","","","","0"
"2021","Nunavut","2021A000262","15 years and over","Total - Gender","2021 Counts","Christian","","0","units","0","","174.3.1.1.3","18115","","","","0"
"2021","Nunavut","2021A000262","15 years and over","Total - Gender","2021 Counts","Hindu","","0","units","0","","174.3.1.1.19","45","","","","0"
"2021","Nunavut","2021A000262","15 years and over","Total - Gender","2021 Counts","Jewish","","0","units","0","","174.3.1.1.20","25","","","","0"
"2021","Nunavut","2021A000262","15 years and over","Total - Gender","2021 Counts","Muslim","","0","units","0","","174.3.1.1.21","115","","","","0"
"2021","Nunavut","2021A000262","15 years and over","Total - Gender","2021 Counts","Sikh","","0","units","0","","174.3.1.1.22","10","","","","0"
"2021","Nunavut","2021A000262","15 years and over","Total - Gender","2021 Counts","Traditional (North American Indigenous) spirituality","","0","units","0","","174.3.1.1.23","120","","","","0"
"2021","Nunavut","2021A000262","15 years and over","Total - Gender","2021 Counts","Other religions and spiritual traditions","","0","units","0","","174.3.1.1.24","105","","","","0"
"2021","Nunavut","2021A000262","15 years and over","Total - Gender","2021 Counts","No religion and secular perspectives","","0","units","0","","174.3.1.1.25","5990","","","","0"
"2021","Nunavut","2021A000262","15 years and over","Total - Gender","% distribution (2021)","Total - Religion","","0","units","0","","174.3.1.2.1","0.1","","","","1"
"2021","Nunavut","2021A000262","15 years and over","Total - Gender","% distribution (2021)","Buddhist","","0","units","0","","174.3.1.2.2","0.0","","","","1"
"2021","Nunavut","2021A000262","15 years and over","Total - Gender","% distribution (2021)","Christian","","0","units","0","","174.3.1.2.3","0.0","","","","1"
"2021","Nunavut","2021A000262","15 years and over","Total - Gender","% distribution (2021)","Hindu","","0","units","0","","174.3.1.2.19","0.0","","","","1"
"2021","Nunavut","2021A000262","15 years and over","Total - Gender","% distribution (2021)","Jewish","","0","units","0","","174.3.1.2.20","0.0","","","","1"
"2021","Nunavut","2021A000262","15 years and over","Total - Gender","% distribution (2021)","Muslim","","0","units","0","","174.3.1.2.21","0.0","","","","1"
"2021","Nunavut","2021A000262","15 years and over","Total - Gender","% distribution (2021)","Sikh","","0","units","0","","174.3.1.2.22","0.0","","","","1"
"2021","Nunavut","2021A000262","15 years and over","Total - Gender","% distribution (2021)","Traditional (North American Indigenous) spirituality","","0","units","0","","174.3.1.2.23","0.0","","","","1"
"2021","Nunavut","2021A000262","15 years and over","Total - Gender","% distribution (2021)","Other religions and spiritual traditions","","0","units","0","","174.3.1.2.24","0.0","","","","1"
"2021","Nunavut","2021A000262","15 years and over","Total - Gender","% distribution (2021)","No religion and secular perspectives","","0","units","0","","174.3.1.2.25","0.0","","","","1"
"2021","Nunavut","2021A000262","15 years and over","Men+","2021 Counts","Total - Religion","","0","units","0","","174.3.2.1.1","12410","","","","0"
"2021","Nunavut","2021A000262","15 years and over","Men+","2021 Counts","Buddhist","","0","units","0","","174.3.2.1.2","10","","","","0"
"2021","Nunavut","2021A000262","15 years and over","Men+","2021 Counts","Christian","","0","units","0","","174.3.2.1.3","9030","","","","0"
"2021","Nunavut","2021A000262","15 years and over","Men+","2021 Counts","Hindu","","0","units","0","","174.3.2.1.19","25","","","","0"
"2021","Nunavut","2021A000262","15 years and over","Men+","2021 Counts","Jewish","","0","units","0","","174.3.2.1.20","15","","","","0"
"2021","Nunavut","2021A000262","15 years and over","Men+","2021 Counts","Muslim","","0","units","0","","174.3.2.1.21","65","","","","0"
"2021","Nunavut","2021A000262","15 years and over","Men+","2021 Counts","Sikh","","0","units","0","","174.3.2.1.22","10","","","","0"
"2021","Nunavut","2021A000262","15 years and over","Men+","2021 Counts","Traditional (North American Indigenous) spirituality","","0","units","0","","174.3.2.1.23","55","","","","0"
"2021","Nunavut","2021A000262","15 years and over","Men+","2021 Counts","Other religions and spiritual traditions","","0","units","0","","174.3.2.1.24","40","","","","0"
"2021","Nunavut","2021A000262","15 years and over","Men+","2021 Counts","No religion and secular perspectives","","0","units","0","","174.3.2.1.25","3165","","","","0"
"2021","Nunavut","2021A000262","15 years and over","Men+","% distribution (2021)","Total - Religion","","0","units","0","","174.3.2.2.1","0.0","","","","1"
"2021","Nunavut","2021A000262","15 years and over","Men+","% distribution (2021)","Buddhist","","0","units","0","","174.3.2.2.2","0.0","","","","1"
"2021","Nunavut","2021A000262","15 years and over","Men+","% distribution (2021)","Christian","","0","units","0","","174.3.2.2.3","0.0","","","","1"
"2021","Nunavut","2021A000262","15 years and over","Men+","% distribution (2021)","Hindu","","0","units","0","","174.3.2.2.19","0.0","","","","1"
"2021","Nunavut","2021A000262","15 years and over","Men+","% distribution (2021)","Jewish","","0","units","0","","174.3.2.2.20","0.0","","","","1"
"2021","Nunavut","2021A000262","15 years and over","Men+","% distribution (2021)","Muslim","","0","units","0","","174.3.2.2.21","0.0","","","","1"
"2021","Nunavut","2021A000262","15 years and over","Men+","% distribution (2021)","Sikh","","0","units","0","","174.3.2.2.22","0.0","","","","1"
"2021","Nunavut","2021A000262","15 years and over","Men+","% distribution (2021)","Traditional (North American Indigenous) spirituality","","0","units","0","","174.3.2.2.23","0.0","","","","1"
"2021","Nunavut","2021A000262","15 years and over","Men+","% distribution (2021)","Other religions and spiritual traditions","","0","units","0","","174.3.2.2.24","0.0","","","","1"
"2021","Nunavut","2021A000262","15 years and over","Men+","% distribution (2021)","No religion and secular perspectives","","0","units","0","","174.3.2.2.25","0.0","","","","1"
"2021","Nunavut","2021A000262","15 years and over","Women+","2021 Counts","Total - Religion","","0","units","0","","174.3.3.1.1","12125","","","","0"
"2021","Nunavut","2021A000262","15 years and over","Women+","2021 Counts","Buddhist","","0","units","0","","174.3.3.1.2","10","","","","0"
"2021","Nunavut","2021A000262","15 years and over","Women+","2021 Counts","Christian","","0","units","0","","174.3.3.1.3","9080","","","","0"
"2021","Nunavut","2021A000262","15 years and over","Women+","2021 Counts","Hindu","","0","units","0","","174.3.3.1.19","20","","","","0"
"2021","Nunavut","2021A000262","15 years and over","Women+","2021 Counts","Jewish","","0","units","0","","174.3.3.1.20","10","","","","0"
"2021","Nunavut","2021A000262","15 years and over","Women+","2021 Counts","Muslim","","0","units","0","","174.3.3.1.21","50","","","","0"
"2021","Nunavut","2021A000262","15 years and over","Women+","2021 Counts","Traditional (North American Indigenous) spirituality","","0","units","0","","174.3.3.1.23","65","","","","0"
"2021","Nunavut","2021A000262","15 years and over","Women+","2021 Counts","Other religions and spiritual traditions","","0","units","0","","174.3.3.1.24","65","","","","0"
"2021","Nunavut","2021A000262","15 years and over","Women+","2021 Counts","No religion and secular perspectives","","0","units","0","","174.3.3.1.25","2825","","","","0"
"2021","Nunavut","2021A000262","15 years and over","Women+","% distribution (2021)","Total - Religion","","0","units","0","","174.3.3.2.1","0.0","","","","1"
"2021","Nunavut","2021A000262","15 years and over","Women+","% distribution (2021)","Buddhist","","0","units","0","","174.3.3.2.2","0.0","","","","1"
"2021","Nunavut","2021A000262","15 years and over","Women+","% distribution (2021)","Christian","","0","units","0","","174.3.3.2.3","0.0","","","","1"
"2021","Nunavut","2021A000262","15 years and over","Women+","% distribution (2021)","Hindu","","0","units","0","","174.3.3.2.19","0.0","","","","1"
"2021","Nunavut","2021A000262","15 years and over","Women+","% distribution (2021)","Jewish","","0","units","0","","174.3.3.2.20","0.0","","","","1"
"2021","Nunavut","2021A000262","15 years and over","Women+","% distribution (2021)","Muslim","","0","units","0","","174.3.3.2.21","0.0","","","","1"
"2021","Nunavut","2021A000262","15 years and over","Women+","% distribution (2021)","Sikh","","0","units","0","","174.3.3.2.22","0.0","","","","1"
"2021","Nunavut","2021A000262","15 years and over","Women+","% distribution (2021)","Traditional (North American Indigenous) spirituality","","0","units","0","","174.3.3.2.23","0.0","","","","1"
"2021","Nunavut","2021A000262","15 years and over","Women+","% distribution (2021)","Other religions and spiritual traditions","","0","units","0","","174.3.3.2.24","0.0","","","","1"
"2021","Nunavut","2021A000262","15 years and over","Women+","% distribution (2021)","No religion and secular perspectives","","0","units","0","","174.3.3.2.25","0.0","","","","1"
"2021","Nunavut","2021A000262","15 to 24 years","Total - Gender","2021 Counts","Total - Religion","","0","units","0","","174.4.1.1.1","5905","","","","0"
"2021","Nunavut","2021A000262","15 to 24 years","Total - Gender","2021 Counts","Christian","","0","units","0","","174.4.1.1.3","4525","","","","0"
"2021","Nunavut","2021A000262","15 to 24 years","Total - Gender","2021 Counts","Muslim","","0","units","0","","174.4.1.1.21","10","","","","0"
"2021","Nunavut","2021A000262","15 to 24 years","Total - Gender","2021 Counts","Traditional (North American Indigenous) spirituality","","0","units","0","","174.4.1.1.23","30","","","","0"
"2021","Nunavut","2021A000262","15 to 24 years","Total - Gender","2021 Counts","Other religions and spiritual traditions","","0","units","0","","174.4.1.1.24","15","","","","0"
"2021","Nunavut","2021A000262","15 to 24 years","Total - Gender","2021 Counts","No religion and secular perspectives","","0","units","0","","174.4.1.1.25","1320","","","","0"
"2021","Nunavut","2021A000262","15 to 24 years","Total - Gender","% distribution (2021)","Total - Religion","","0","units","0","","174.4.1.2.1","0.0","","","","1"
"2021","Nunavut","2021A000262","15 to 24 years","Total - Gender","% distribution (2021)","Buddhist","","0","units","0","","174.4.1.2.2","0.0","","","","1"
"2021","Nunavut","2021A000262","15 to 24 years","Total - Gender","% distribution (2021)","Christian","","0","units","0","","174.4.1.2.3","0.0","","","","1"
"2021","Nunavut","2021A000262","15 to 24 years","Total - Gender","% distribution (2021)","Hindu","","0","units","0","","174.4.1.2.19","0.0","","","","1"
"2021","Nunavut","2021A000262","15 to 24 years","Total - Gender","% distribution (2021)","Jewish","","0","units","0","","174.4.1.2.20","0.0","","","","1"
"2021","Nunavut","2021A000262","15 to 24 years","Total - Gender","% distribution (2021)","Muslim","","0","units","0","","174.4.1.2.21","0.0","","","","1"
"2021","Nunavut","2021A000262","15 to 24 years","Total - Gender","% distribution (2021)","Sikh","","0","units","0","","174.4.1.2.22","0.0","","","","1"
"2021","Nunavut","2021A000262","15 to 24 years","Total - Gender","% distribution (2021)","Traditional (North American Indigenous) spirituality","","0","units","0","","174.4.1.2.23","0.0","","","","1"
"2021","Nunavut","2021A000262","15 to 24 years","Total - Gender","% distribution (2021)","Other religions and spiritual traditions","","0","units","0","","174.4.1.2.24","0.0","","","","1"
"2021","Nunavut","2021A000262","15 to 24 years","Total - Gender","% distribution (2021)","No religion and secular perspectives","","0","units","0","","174.4.1.2.25","0.0","","","","1"
"2021","Nunavut","2021A000262","15 to 24 years","Men+","2021 Counts","Total - Religion","","0","units","0","","174.4.2.1.1","2990","","","","0"
"2021","Nunavut","2021A000262","15 to 24 years","Men+","2021 Counts","Christian","","0","units","0","","174.4.2.1.3","2315","","","","0"
"2021","Nunavut","2021A000262","15 to 24 years","Men+","2021 Counts","Traditional (North American Indigenous) spirituality","","0","units","0","","174.4.2.1.23","10","","","","0"
"2021","Nunavut","2021A000262","15 to 24 years","Men+","2021 Counts","No religion and secular perspectives","","0","units","0","","174.4.2.1.25","645","","","","0"
"2021","Nunavut","2021A000262","15 to 24 years","Men+","% distribution (2021)","Total - Religion","","0","units","0","","174.4.2.2.1","0.0","","","","1"
"2021","Nunavut","2021A000262","15 to 24 years","Men+","% distribution (2021)","Buddhist","","0","units","0","","174.4.2.2.2","0.0","","","","1"
"2021","Nunavut","2021A000262","15 to 24 years","Men+","% distribution (2021)","Christian","","0","units","0","","174.4.2.2.3","0.0","","","","1"
"2021","Nunavut","2021A000262","15 to 24 years","Men+","% distribution (2021)","Hindu","","0","units","0","","174.4.2.2.19","0.0","","","","1"
"2021","Nunavut","2021A000262","15 to 24 years","Men+","% distribution (2021)","Jewish","","0","units","0","","174.4.2.2.20","0.0","","","","1"
"2021","Nunavut","2021A000262","15 to 24 years","Men+","% distribution (2021)","Muslim","","0","units","0","","174.4.2.2.21","0.0","","","","1"
"2021","Nunavut","2021A000262","15 to 24 years","Men+","% distribution (2021)","Sikh","","0","units","0","","174.4.2.2.22","0.0","","","","1"
"2021","Nunavut","2021A000262","15 to 24 years","Men+","% distribution (2021)","Traditional (North American Indigenous) spirituality","","0","units","0","","174.4.2.2.23","0.0","","","","1"
"2021","Nunavut","2021A000262","15 to 24 years","Men+","% distribution (2021)","Other religions and spiritual traditions","","0","units","0","","174.4.2.2.24","0.0","","","","1"
"2021","Nunavut","2021A000262","15 to 24 years","Men+","% distribution (2021)","No religion and secular perspectives","","0","units","0","","174.4.2.2.25","0.0","","","","1"
"2021","Nunavut","2021A000262","15 to 24 years","Women+","2021 Counts","Total - Religion","","0","units","0","","174.4.3.1.1","2915","","","","0"
"2021","Nunavut","2021A000262","15 to 24 years","Women+","2021 Counts","Christian","","0","units","0","","174.4.3.1.3","2210","","","","0"
"2021","Nunavut","2021A000262","15 to 24 years","Women+","2021 Counts","Muslim","","0","units","0","","174.4.3.1.21","10","","","","0"
"2021","Nunavut","2021A000262","15 to 24 years","Women+","2021 Counts","Traditional (North American Indigenous) spirituality","","0","units","0","","174.4.3.1.23","20","","","","0"
"2021","Nunavut","2021A000262","15 to 24 years","Women+","2021 Counts","Other religions and spiritual traditions","","0","units","0","","174.4.3.1.24","10","","","","0"
"2021","Nunavut","2021A000262","15 to 24 years","Women+","2021 Counts","No religion and secular perspectives","","0","units","0","","174.4.3.1.25","675","","","","0"
"2021","Nunavut","2021A000262","15 to 24 years","Women+","% distribution (2021)","Total - Religion","","0","units","0","","174.4.3.2.1","0.0","","","","1"
"2021","Nunavut","2021A000262","15 to 24 years","Women+","% distribution (2021)","Buddhist","","0","units","0","","174.4.3.2.2","0.0","","","","1"
"2021","Nunavut","2021A000262","15 to 24 years","Women+","% distribution (2021)","Christian","","0","units","0","","174.4.3.2.3","0.0","","","","1"
"2021","Nunavut","2021A000262","15 to 24 years","Women+","% distribution (2021)","Hindu","","0","units","0","","174.4.3.2.19","0.0","","","","1"
"2021","Nunavut","2021A000262","15 to 24 years","Women+","% distribution (2021)","Jewish","","0","units","0","","174.4.3.2.20","0.0","","","","1"
"2021","Nunavut","2021A000262","15 to 24 years","Women+","% distribution (2021)","Muslim","","0","units","0","","174.4.3.2.21","0.0","","","","1"
"2021","Nunavut","2021A000262","15 to 24 years","Women+","% distribution (2021)","Sikh","","0","units","0","","174.4.3.2.22","0.0","","","","1"
"2021","Nunavut","2021A000262","15 to 24 years","Women+","% distribution (2021)","Traditional (North American Indigenous) spirituality","","0","units","0","","174.4.3.2.23","0.0","","","","1"
"2021","Nunavut","2021A000262","15 to 24 years","Women+","% distribution (2021)","Other religions and spiritual traditions","","0","units","0","","174.4.3.2.24","0.0","","","","1"
"2021","Nunavut","2021A000262","15 to 24 years","Women+","% distribution (2021)","No religion and secular perspectives","","0","units","0","","174.4.3.2.25","0.0","","","","1"
"2021","Nunavut","2021A000262","25 to 64 years","Total - Gender","2021 Counts","Total - Religion","","0","units","0","","174.7.1.1.1","17060","","","","0"
"2021","Nunavut","2021A000262","25 to 64 years","Total - Gender","2021 Counts","Buddhist","","0","units","0","","174.7.1.1.2","15","","","","0"
"2021","Nunavut","2021A000262","25 to 64 years","Total - Gender","2021 Counts","Christian","","0","units","0","","174.7.1.1.3","12280","","","","0"
"2021","Nunavut","2021A000262","25 to 64 years","Total - Gender","2021 Counts","Hindu","","0","units","0","","174.7.1.1.19","35","","","","0"
"2021","Nunavut","2021A000262","25 to 64 years","Total - Gender","2021 Counts","Jewish","","0","units","0","","174.7.1.1.20","20","","","","0"
"2021","Nunavut","2021A000262","25 to 64 years","Total - Gender","2021 Counts","Muslim","","0","units","0","","174.7.1.1.21","100","","","","0"
"2021","Nunavut","2021A000262","25 to 64 years","Total - Gender","2021 Counts","Sikh","","0","units","0","","174.7.1.1.22","10","","","","0"
"2021","Nunavut","2021A000262","25 to 64 years","Total - Gender","2021 Counts","Traditional (North American Indigenous) spirituality","","0","units","0","","174.7.1.1.23","85","","","","0"
"2021","Nunavut","2021A000262","25 to 64 years","Total - Gender","2021 Counts","Other religions and spiritual traditions","","0","units","0","","174.7.1.1.24","70","","","","0"
"2021","Nunavut","2021A000262","25 to 64 years","Total - Gender","2021 Counts","No religion and secular perspectives","","0","units","0","","174.7.1.1.25","4440","","","","0"
"2021","Nunavut","2021A000262","25 to 64 years","Total - Gender","% distribution (2021)","Total - Religion","","0","units","0","","174.7.1.2.1","0.0","","","","1"
"2021","Nunavut","2021A000262","25 to 64 years","Total - Gender","% distribution (2021)","Buddhist","","0","units","0","","174.7.1.2.2","0.0","","","","1"
"2021","Nunavut","2021A000262","25 to 64 years","Total - Gender","% distribution (2021)","Christian","","0","units","0","","174.7.1.2.3","0.0","","","","1"
"2021","Nunavut","2021A000262","25 to 64 years","Total - Gender","% distribution (2021)","Hindu","","0","units","0","","174.7.1.2.19","0.0","","","","1"
"2021","Nunavut","2021A000262","25 to 64 years","Total - Gender","% distribution (2021)","Jewish","","0","units","0","","174.7.1.2.20","0.0","","","","1"
"2021","Nunavut","2021A000262","25 to 64 years","Total - Gender","% distribution (2021)","Muslim","","0","units","0","","174.7.1.2.21","0.0","","","","1"
"2021","Nunavut","2021A000262","25 to 64 years","Total - Gender","% distribution (2021)","Sikh","","0","units","0","","174.7.1.2.22","0.0","","","","1"
"2021","Nunavut","2021A000262","25 to 64 years","Total - Gender","% distribution (2021)","Traditional (North American Indigenous) spirituality","","0","units","0","","174.7.1.2.23","0.0","","","","1"
"2021","Nunavut","2021A000262","25 to 64 years","Total - Gender","% distribution (2021)","Other religions and spiritual traditions","","0","units","0","","174.7.1.2.24","0.0","","","","1"
"2021","Nunavut","2021A000262","25 to 64 years","Total - Gender","% distribution (2021)","No religion and secular perspectives","","0","units","0","","174.7.1.2.25","0.0","","","","1"
"2021","Nunavut","2021A000262","25 to 64 years","Men+","2021 Counts","Total - Religion","","0","units","0","","174.7.2.1.1","8585","","","","0"
"2021","Nunavut","2021A000262","25 to 64 years","Men+","2021 Counts","Buddhist","","0","units","0","","174.7.2.1.2","10","","","","0"
"2021","Nunavut","2021A000262","25 to 64 years","Men+","2021 Counts","Christian","","0","units","0","","174.7.2.1.3","6045","","","","0"
"2021","Nunavut","2021A000262","25 to 64 years","Men+","2021 Counts","Hindu","","0","units","0","","174.7.2.1.19","20","","","","0"
"2021","Nunavut","2021A000262","25 to 64 years","Men+","2021 Counts","Jewish","","0","units","0","","174.7.2.1.20","10","","","","0"
"2021","Nunavut","2021A000262","25 to 64 years","Men+","2021 Counts","Muslim","","0","units","0","","174.7.2.1.21","55","","","","0"
"2021","Nunavut","2021A000262","25 to 64 years","Men+","2021 Counts","Sikh","","0","units","0","","174.7.2.1.22","10","","","","0"
"2021","Nunavut","2021A000262","25 to 64 years","Men+","2021 Counts","Traditional (North American Indigenous) spirituality","","0","units","0","","174.7.2.1.23","40","","","","0"
"2021","Nunavut","2021A000262","25 to 64 years","Men+","2021 Counts","Other religions and spiritual traditions","","0","units","0","","174.7.2.1.24","25","","","","0"
"2021","Nunavut","2021A000262","25 to 64 years","Men+","2021 Counts","No religion and secular perspectives","","0","units","0","","174.7.2.1.25","2370","","","","0"
"2021","Nunavut","2021A000262","25 to 64 years","Men+","% distribution (2021)","Total - Religion","","0","units","0","","174.7.2.2.1","0.0","","","","1"
"2021","Nunavut","2021A000262","25 to 64 years","Men+","% distribution (2021)","Buddhist","","0","units","0","","174.7.2.2.2","0.0","","","","1"
"2021","Nunavut","2021A000262","25 to 64 years","Men+","% distribution (2021)","Christian","","0","units","0","","174.7.2.2.3","0.0","","","","1"
"2021","Nunavut","2021A000262","25 to 64 years","Men+","% distribution (2021)","Hindu","","0","units","0","","174.7.2.2.19","0.0","","","","1"
"2021","Nunavut","2021A000262","25 to 64 years","Men+","% distribution (2021)","Jewish","","0","units","0","","174.7.2.2.20","0.0","","","","1"
"2021","Nunavut","2021A000262","25 to 64 years","Men+","% distribution (2021)","Muslim","","0","units","0","","174.7.2.2.21","0.0","","","","1"
"2021","Nunavut","2021A000262","25 to 64 years","Men+","% distribution (2021)","Sikh","","0","units","0","","174.7.2.2.22","0.0","","","","1"
"2021","Nunavut","2021A000262","25 to 64 years","Men+","% distribution (2021)","Traditional (North American Indigenous) spirituality","","0","units","0","","174.7.2.2.23","0.0","","","","1"
"2021","Nunavut","2021A000262","25 to 64 years","Men+","% distribution (2021)","Other religions and spiritual traditions","","0","units","0","","174.7.2.2.24","0.0","","","","1"
"2021","Nunavut","2021A000262","25 to 64 years","Men+","% distribution (2021)","No religion and secular perspectives","","0","units","0","","174.7.2.2.25","0.0","","","","1"
"2021","Nunavut","2021A000262","25 to 64 years","Women+","2021 Counts","Total - Religion","","0","units","0","","174.7.3.1.1","8470","","","","0"
"2021","Nunavut","2021A000262","25 to 64 years","Women+","2021 Counts","Christian","","0","units","0","","174.7.3.1.3","6235","","","","0"
"2021","Nunavut","2021A000262","25 to 64 years","Women+","2021 Counts","Hindu","","0","units","0","","174.7.3.1.19","20","","","","0"
"2021","Nunavut","2021A000262","25 to 64 years","Women+","2021 Counts","Jewish","","0","units","0","","174.7.3.1.20","10","","","","0"
"2021","Nunavut","2021A000262","25 to 64 years","Women+","2021 Counts","Muslim","","0","units","0","","174.7.3.1.21","45","","","","0"
"2021","Nunavut","2021A000262","25 to 64 years","Women+","2021 Counts","Traditional (North American Indigenous) spirituality","","0","units","0","","174.7.3.1.23","45","","","","0"
"2021","Nunavut","2021A000262","25 to 64 years","Women+","2021 Counts","Other religions and spiritual traditions","","0","units","0","","174.7.3.1.24","45","","","","0"
"2021","Nunavut","2021A000262","25 to 64 years","Women+","2021 Counts","No religion and secular perspectives","","0","units","0","","174.7.3.1.25","2065","","","","0"
"2021","Nunavut","2021A000262","25 to 64 years","Women+","% distribution (2021)","Total - Religion","","0","units","0","","174.7.3.2.1","0.0","","","","1"
"2021","Nunavut","2021A000262","25 to 64 years","Women+","% distribution (2021)","Buddhist","","0","units","0","","174.7.3.2.2","0.0","","","","1"
"2021","Nunavut","2021A000262","25 to 64 years","Women+","% distribution (2021)","Christian","","0","units","0","","174.7.3.2.3","0.0","","","","1"
"2021","Nunavut","2021A000262","25 to 64 years","Women+","% distribution (2021)","Hindu","","0","units","0","","174.7.3.2.19","0.0","","","","1"
"2021","Nunavut","2021A000262","25 to 64 years","Women+","% distribution (2021)","Jewish","","0","units","0","","174.7.3.2.20","0.0","","","","1"
"2021","Nunavut","2021A000262","25 to 64 years","Women+","% distribution (2021)","Muslim","","0","units","0","","174.7.3.2.21","0.0","","","","1"
"2021","Nunavut","2021A000262","25 to 64 years","Women+","% distribution (2021)","Sikh","","0","units","0","","174.7.3.2.22","0.0","","","","1"
"2021","Nunavut","2021A000262","25 to 64 years","Women+","% distribution (2021)","Traditional (North American Indigenous) spirituality","","0","units","0","","174.7.3.2.23","0.0","","","","1"
"2021","Nunavut","2021A000262","25 to 64 years","Women+","% distribution (2021)","Other religions and spiritual traditions","","0","units","0","","174.7.3.2.24","0.0","","","","1"
"2021","Nunavut","2021A000262","25 to 64 years","Women+","% distribution (2021)","No religion and secular perspectives","","0","units","0","","174.7.3.2.25","0.0","","","","1"
"2021","Nunavut","2021A000262","65 years and over","Total - Gender","2021 Counts","Total - Religion","","0","units","0","","174.13.1.1.1","1570","","","","0"
"2021","Nunavut","2021A000262","65 years and over","Total - Gender","2021 Counts","Christian","","0","units","0","","174.13.1.1.3","1305","","","","0"
"2021","Nunavut","2021A000262","65 years and over","Total - Gender","2021 Counts","Jewish","","0","units","0","","174.13.1.1.20","10","","","","0"
"2021","Nunavut","2021A000262","65 years and over","Total - Gender","2021 Counts","Other religions and spiritual traditions","","0","units","0","","174.13.1.1.24","20","","","","0"
"2021","Nunavut","2021A000262","65 years and over","Total - Gender","2021 Counts","No religion and secular perspectives","","0","units","0","","174.13.1.1.25","230","","","","0"
"2021","Nunavut","2021A000262","65 years and over","Total - Gender","% distribution (2021)","Total - Religion","","0","units","0","","174.13.1.2.1","0.0","","","","1"
"2021","Nunavut","2021A000262","65 years and over","Total - Gender","% distribution (2021)","Buddhist","","0","units","0","","174.13.1.2.2","0.0","","","","1"
"2021","Nunavut","2021A000262","65 years and over","Total - Gender","% distribution (2021)","Christian","","0","units","0","","174.13.1.2.3","0.0","","","","1"
"2021","Nunavut","2021A000262","65 years and over","Total - Gender","% distribution (2021)","Hindu","","0","units","0","","174.13.1.2.19","0.0","","","","1"
"2021","Nunavut","2021A000262","65 years and over","Total - Gender","% distribution (2021)","Jewish","","0","units","0","","174.13.1.2.20","0.0","","","","1"
"2021","Nunavut","2021A000262","65 years and over","Total - Gender","% distribution (2021)","Muslim","","0","units","0","","174.13.1.2.21","0.0","","","","1"
"2021","Nunavut","2021A000262","65 years and over","Total - Gender","% distribution (2021)","Sikh","","0","units","0","","174.13.1.2.22","0.0","","","","1"
"2021","Nunavut","2021A000262","65 years and over","Total - Gender","% distribution (2021)","Traditional (North American Indigenous) spirituality","","0","units","0","","174.13.1.2.23","0.0","","","","1"
"2021","Nunavut","2021A000262","65 years and over","Total - Gender","% distribution (2021)","Other religions and spiritual traditions","","0","units","0","","174.13.1.2.24","0.0","","","","1"
"2021","Nunavut","2021A000262","65 years and over","Total - Gender","% distribution (2021)","No religion and secular perspectives","","0","units","0","","174.13.1.2.25","0.0","","","","1"
"2021","Nunavut","2021A000262","65 years and over","Men+","2021 Counts","Total - Religion","","0","units","0","","174.13.2.1.1","830","","","","0"
"2021","Nunavut","2021A000262","65 years and over","Men+","2021 Counts","Christian","","0","units","0","","174.13.2.1.3","670","","","","0"
"2021","Nunavut","2021A000262","65 years and over","Men+","2021 Counts","Traditional (North American Indigenous) spirituality","","0","units","0","","174.13.2.1.23","10","","","","0"
"2021","Nunavut","2021A000262","65 years and over","Men+","2021 Counts","Other religions and spiritual traditions","","0","units","0","","174.13.2.1.24","10","","","","0"
"2021","Nunavut","2021A000262","65 years and over","Men+","2021 Counts","No religion and secular perspectives","","0","units","0","","174.13.2.1.25","140","","","","0"
"2021","Nunavut","2021A000262","65 years and over","Men+","% distribution (2021)","Total - Religion","","0","units","0","","174.13.2.2.1","0.0","","","","1"
"2021","Nunavut","2021A000262","65 years and over","Men+","% distribution (2021)","Buddhist","","0","units","0","","174.13.2.2.2","0.0","","","","1"
"2021","Nunavut","2021A000262","65 years and over","Men+","% distribution (2021)","Christian","","0","units","0","","174.13.2.2.3","0.0","","","","1"
"2021","Nunavut","2021A000262","65 years and over","Men+","% distribution (2021)","Hindu","","0","units","0","","174.13.2.2.19","0.0","","","","1"
"2021","Nunavut","2021A000262","65 years and over","Men+","% distribution (2021)","Jewish","","0","units","0","","174.13.2.2.20","0.0","","","","1"
"2021","Nunavut","2021A000262","65 years and over","Men+","% distribution (2021)","Muslim","","0","units","0","","174.13.2.2.21","0.0","","","","1"
"2021","Nunavut","2021A000262","65 years and over","Men+","% distribution (2021)","Sikh","","0","units","0","","174.13.2.2.22","0.0","","","","1"
"2021","Nunavut","2021A000262","65 years and over","Men+","% distribution (2021)","Traditional (North American Indigenous) spirituality","","0","units","0","","174.13.2.2.23","0.0","","","","1"
"2021","Nunavut","2021A000262","65 years and over","Men+","% distribution (2021)","Other religions and spiritual traditions","","0","units","0","","174.13.2.2.24","0.0","","","","1"
"2021","Nunavut","2021A000262","65 years and over","Men+","% distribution (2021)","No religion and secular perspectives","","0","units","0","","174.13.2.2.25","0.0","","","","1"
"2021","Nunavut","2021A000262","65 years and over","Women+","2021 Counts","Total - Religion","","0","units","0","","174.13.3.1.1","740","","","","0"
"2021","Nunavut","2021A000262","65 years and over","Women+","2021 Counts","Christian","","0","units","0","","174.13.3.1.3","635","","","","0"
"2021","Nunavut","2021A000262","65 years and over","Women+","2021 Counts","Traditional (North American Indigenous) spirituality","","0","units","0","","174.13.3.1.23","10","","","","0"
"2021","Nunavut","2021A000262","65 years and over","Women+","2021 Counts","Other religions and spiritual traditions","","0","units","0","","174.13.3.1.24","10","","","","0"
"2021","Nunavut","2021A000262","65 years and over","Women+","2021 Counts","No religion and secular perspectives","","0","units","0","","174.13.3.1.25","90","","","","0"
"2021","Nunavut","2021A000262","65 years and over","Women+","% distribution (2021)","Total - Religion","","0","units","0","","174.13.3.2.1","0.0","","","","1"
"2021","Nunavut","2021A000262","65 years and over","Women+","% distribution (2021)","Buddhist","","0","units","0","","174.13.3.2.2","0.0","","","","1"
"2021","Nunavut","2021A000262","65 years and over","Women+","% distribution (2021)","Christian","","0","units","0","","174.13.3.2.3","0.0","","","","1"
"2021","Nunavut","2021A000262","65 years and over","Women+","% distribution (2021)","Hindu","","0","units","0","","174.13.3.2.19","0.0","","","","1"
"2021","Nunavut","2021A000262","65 years and over","Women+","% distribution (2021)","Jewish","","0","units","0","","174.13.3.2.20","0.0","","","","1"
"2021","Nunavut","2021A000262","65 years and over","Women+","% distribution (2021)","Muslim","","0","units","0","","174.13.3.2.21","0.0","","","","1"
"2021","Nunavut","2021A000262","65 years and over","Women+","% distribution (2021)","Sikh","","0","units","0","","174.13.3.2.22","0.0","","","","1"
"2021","Nunavut","2021A000262","65 years and over","Women+","% distribution (2021)","Traditional (North American Indigenous) spirituality","","0","units","0","","174.13.3.2.23","0.0","","","","1"
"2021","Nunavut","2021A000262","65 years and over","Women+","% distribution (2021)","Other religions and spiritual traditions","","0","units","0","","174.13.3.2.24","0.0","","","","1"
"2021","Nunavut","2021A000262","65 years and over","Women+","% distribution (2021)","No religion and secular perspectives","","0","units","0","","174.13.3.2.25","0.0","","","","1"


